transaction_id,transaction_date,type,item_id,qty,uom,from_location,to_location,reference,lot_number,user_id,unit_cost
IT-001724,2025-04-02,Scrap,A-20078,-12,EA,A-35-1,F-08-2,Count,,E081,704.75
IT-001748,2025-04-04,Transfer,P-20067,12,EA,A-34-5,B-15-2,Count,,E081,20.51
IT-001418,2025-04-07,SO Issue,A-20020,-1,EA,F-24-3,SHIPPING,SO-26301,,E101,316.62
IT-000744,2025-04-09,SO Issue,A-20053,-3,EA,B-35-3,SHIPPING,SO-26062,,E082,695.65
IT-000954,2025-04-10,SO Issue,A-20013,-3,EA,C-33-3,SHIPPING,SO-26138,,E078,162.20000000000002
IT-001105,2025-04-10,SO Issue,A-20034,-1,EA,E-04-4,SHIPPING,SO-26190,,E103,111.33
IT-001056,2025-04-11,SO Issue,A-20073,-1,EA,D-14-3,SHIPPING,SO-26174,,E099,496.53000000000003
IT-001104,2025-04-11,SO Issue,A-20002,-1,EA,A-40-3,SHIPPING,SO-26190,,E079,1931.15
IT-001107,2025-04-11,SO Issue,A-20036,-3,EA,E-04-2,SHIPPING,SO-26190,,E106,2945.65
IT-001108,2025-04-12,SO Issue,A-20030,-1,EA,E-04-4,SHIPPING,SO-26190,,E079,176.98
IT-001560,2025-04-13,SO Issue,A-20053,-3,EA,D-06-5,SHIPPING,SO-26359,,E102,695.65
IT-000879,2025-04-14,SO Issue,A-20002,-1,EA,D-32-3,SHIPPING,SO-26111,,E076,1931.15
IT-001294,2025-04-14,SO Issue,A-20092,-5,EA,C-10-2,SHIPPING,SO-26254,,E105,1915.78
IT-000541,2025-04-15,PO Receipt,P-20032,189,EA,RECEIVING,A-38-4,PO-31249,L250415-624,E105,48.19
IT-000542,2025-04-15,PO Receipt,P-20032,189,EA,RECEIVING,F-06-2,PO-31249,L250415-446,E106,48.19
IT-000878,2025-04-15,SO Issue,A-20043,-2,EA,D-12-5,SHIPPING,SO-26111,,E079,1336.88
IT-001106,2025-04-16,SO Issue,A-20077,-2,EA,C-37-4,SHIPPING,SO-26190,,E082,869.98
IT-001465,2025-04-16,SO Issue,A-20036,-3,EA,C-37-5,SHIPPING,SO-26318,,E077,2945.65
IT-001733,2025-04-16,Adjustment,A-20082,-3,EA,F-35-3,B-29-1,,,E077,841.44
IT-001333,2025-04-17,SO Issue,A-20002,-1,EA,B-18-5,SHIPPING,SO-26271,,E082,1931.15
IT-000860,2025-04-18,SO Issue,A-20082,-5,EA,F-34-5,SHIPPING,SO-26104,,E083,841.44
IT-000859,2025-04-19,SO Issue,A-20087,-1,EA,C-28-4,SHIPPING,SO-26103,,E082,333.06
IT-000861,2025-04-19,SO Issue,A-20043,-5,EA,A-03-3,SHIPPING,SO-26104,,E105,1336.88
IT-000864,2025-04-19,SO Issue,A-20030,-1,EA,D-06-4,SHIPPING,SO-26104,,E079,176.98
IT-000877,2025-04-19,SO Issue,A-20078,-1,EA,A-14-1,SHIPPING,SO-26111,,E106,704.75
IT-001400,2025-04-19,SO Issue,A-20082,-1,EA,A-08-1,SHIPPING,SO-26293,,E083,841.44
IT-000221,2025-04-20,PO Receipt,P-10035,100,EA,RECEIVING,B-12-1,PO-31100,L250420-196,E106,21.4
IT-000222,2025-04-20,PO Receipt,P-10035,25,EA,RECEIVING,F-13-1,PO-31100,L250420-985,E102,21.4
IT-000223,2025-04-20,PO Receipt,P-10035,193,EA,RECEIVING,B-07-1,PO-31100,L250420-886,E078,21.4
IT-001419,2025-04-20,SO Issue,A-20087,-2,EA,C-02-5,SHIPPING,SO-26301,,E080,333.06
IT-001569,2025-04-20,SO Issue,A-20038,-3,EA,E-17-5,SHIPPING,SO-26362,,E080,1997.97
IT-001746,2025-04-20,Transfer,A-20034,-1,EA,F-33-3,F-29-3,Count,,E106,111.33
IT-001549,2025-04-21,SO Issue,A-20065,-1,EA,B-18-5,SHIPPING,SO-26355,,E081,798.0
IT-001559,2025-04-21,SO Issue,A-20093,-3,EA,B-32-5,SHIPPING,SO-26359,,E100,2017.22
IT-000953,2025-04-22,SO Issue,A-20087,-3,EA,A-14-1,SHIPPING,SO-26138,,E099,333.06
IT-001002,2025-04-22,SO Issue,A-20002,-1,EA,E-29-1,SHIPPING,SO-26156,,E099,1931.15
IT-001082,2025-04-22,SO Issue,A-20061,-2,EA,C-40-2,SHIPPING,SO-26182,,E076,175.52
IT-001625,2025-04-22,SO Issue,A-20072,-1,EA,A-36-2,SHIPPING,SO-26388,,E105,402.48
IT-000312,2025-04-23,PO Receipt,P-10105,80,LB,RECEIVING,D-11-4,PO-31141,L250423-298,E104,0.94
IT-000313,2025-04-23,PO Receipt,P-10098,50,LB,RECEIVING,A-26-2,PO-31141,L250423-900,E100,0.68
IT-000866,2025-04-23,SO Issue,A-20093,-3,EA,E-33-4,SHIPPING,SO-26105,,E077,2017.22
IT-000258,2025-04-24,PO Receipt,P-10077,281,GA,RECEIVING,D-13-4,PO-31120,L250424-181,E105,27.8
IT-000259,2025-04-24,PO Receipt,P-10035,193,EA,RECEIVING,C-28-5,PO-31120,L250424-562,E076,21.4
IT-000260,2025-04-24,PO Receipt,P-10077,250,GA,RECEIVING,E-40-5,PO-31120,L250424-366,E101,27.8
IT-000781,2025-04-24,SO Issue,A-20020,-1,EA,B-02-5,SHIPPING,SO-26075,,E082,316.62
IT-001334,2025-04-24,SO Issue,A-20002,-1,EA,E-31-2,SHIPPING,SO-26271,,E077,1931.15
IT-001381,2025-04-24,SO Issue,A-20013,-1,EA,D-22-2,SHIPPING,SO-26287,,E078,162.20000000000002
IT-001568,2025-04-24,SO Issue,A-20036,-5,EA,B-07-4,SHIPPING,SO-26362,,E077,2945.65
IT-000745,2025-04-25,SO Issue,A-20063,-2,EA,C-37-4,SHIPPING,SO-26062,,E104,1372.91
IT-001293,2025-04-25,SO Issue,A-20013,-1,EA,A-25-4,SHIPPING,SO-26254,,E080,162.20000000000002
IT-001382,2025-04-25,SO Issue,A-20058,-1,EA,D-38-1,SHIPPING,SO-26287,,E078,254.75
IT-001467,2025-04-25,SO Issue,A-20040,-1,EA,E-04-4,SHIPPING,SO-26318,,E103,210.93
IT-000255,2025-04-26,PO Receipt,P-10049,168,BX,RECEIVING,C-31-5,PO-31119,L250426-336,E080,9.85
IT-000256,2025-04-26,PO Receipt,P-10049,168,BX,RECEIVING,E-37-1,PO-31119,L250426-532,E099,9.85
IT-000257,2025-04-26,PO Receipt,P-10049,168,BX,RECEIVING,A-35-5,PO-31119,L250426-428,E105,9.85
IT-000747,2025-04-26,SO Issue,A-20107,-3,EA,F-39-5,SHIPPING,SO-26062,,E079,2631.9500000000003
IT-000880,2025-04-26,SO Issue,A-20063,-5,EA,D-20-3,SHIPPING,SO-26111,,E083,1372.91
IT-001083,2025-04-26,SO Issue,A-20053,-2,EA,C-12-4,SHIPPING,SO-26182,,E101,695.65
IT-000183,2025-04-27,PO Receipt,P-10098,292,LB,RECEIVING,B-02-3,PO-31079,L250427-108,E082,0.68
IT-000184,2025-04-27,PO Receipt,P-10098,500,LB,RECEIVING,C-36-2,PO-31079,L250427-587,E080,0.68
IT-000185,2025-04-27,PO Receipt,P-10105,25,LB,RECEIVING,D-22-2,PO-31079,L250427-573,E105,0.94
IT-000876,2025-04-27,SO Issue,A-20002,-2,EA,B-07-4,SHIPPING,SO-26111,,E083,1931.15
IT-000719,2025-04-28,SO Issue,A-20114,-2,EA,D-19-4,SHIPPING,SO-26052,,E106,244.69
IT-000720,2025-04-28,SO Issue,A-20022,-2,EA,D-34-4,SHIPPING,SO-26052,,E077,155.41
IT-000743,2025-04-28,SO Issue,A-20002,-1,EA,C-37-5,SHIPPING,SO-26062,,E103,1931.15
IT-000746,2025-04-28,SO Issue,A-20072,-5,EA,A-36-2,SHIPPING,SO-26062,,E081,402.48
IT-000816,2025-04-28,SO Issue,A-20087,-2,EA,D-23-2,SHIPPING,SO-26087,,E080,333.06
IT-001684,2025-04-28,SO Issue,A-20090,-1,EA,C-33-3,SHIPPING,SO-26410,,E081,821.3000000000001
IT-000782,2025-04-29,SO Issue,A-20110,-3,EA,A-03-3,SHIPPING,SO-26075,,E078,2979.18
IT-001399,2025-04-29,SO Issue,A-20070,-1,EA,A-24-3,SHIPPING,SO-26293,,E080,1739.22
IT-001466,2025-04-29,SO Issue,A-20030,-5,EA,D-28-1,SHIPPING,SO-26318,,E104,176.98
IT-001686,2025-04-29,SO Issue,A-20110,-5,EA,B-32-5,SHIPPING,SO-26410,,E083,2979.18
IT-000308,2025-04-30,PO Receipt,P-20049,25,EA,RECEIVING,A-21-1,PO-31139,L250430-770,E076,6.0200000000000005
IT-000309,2025-04-30,PO Receipt,P-20084,164,EA,RECEIVING,E-19-4,PO-31139,L250430-412,E076,14.89
IT-000783,2025-04-30,SO Issue,A-20031,-5,EA,A-16-5,SHIPPING,SO-26075,,E081,128.84
IT-000784,2025-04-30,SO Issue,A-20114,-1,EA,D-16-3,SHIPPING,SO-26075,,E082,244.69
IT-001331,2025-04-30,SO Issue,A-20033,-1,EA,B-35-4,SHIPPING,SO-26271,,E082,328.62
IT-000035,2025-05-01,PO Receipt,P-10063,10,BD,RECEIVING,B-04-4,PO-31017,L250501-245,E081,31.0
IT-000036,2025-05-01,PO Receipt,P-20099,250,EA,RECEIVING,A-22-5,PO-31017,L250501-809,E104,0.77
IT-000055,2025-05-01,PO Receipt,P-10049,10,BX,RECEIVING,E-35-1,PO-31025,L250501-250,E076,9.85
IT-000056,2025-05-01,PO Receipt,P-10070,165,EA,RECEIVING,E-38-3,PO-31025,L250501-845,E104,3.15
IT-000057,2025-05-01,PO Receipt,P-10049,250,BX,RECEIVING,F-39-5,PO-31025,L250501-381,E078,9.85
IT-001141,2025-05-01,SO Issue,A-20043,-1,EA,C-40-3,SHIPPING,SO-26202,,E076,1336.88
IT-001332,2025-05-01,SO Issue,A-20043,-1,EA,E-04-4,SHIPPING,SO-26271,,E081,1336.88
IT-001550,2025-05-01,SO Issue,A-20072,-3,EA,B-15-5,SHIPPING,SO-26355,,E082,402.48
IT-000150,2025-05-02,PO Receipt,P-10035,193,EA,RECEIVING,E-10-2,PO-31065,L250502-948,E083,21.4
IT-000151,2025-05-02,PO Receipt,P-10035,193,EA,RECEIVING,A-17-5,PO-31065,L250502-794,E103,21.4
IT-000152,2025-05-02,PO Receipt,P-10035,193,EA,RECEIVING,A-26-5,PO-31065,L250502-312,E078,21.4
IT-000153,2025-05-02,PO Receipt,P-10035,250,EA,RECEIVING,F-32-4,PO-31065,L250502-353,E100,21.4
IT-000862,2025-05-02,SO Issue,A-20036,-1,EA,B-22-3,SHIPPING,SO-26104,,E104,2945.65
IT-001464,2025-05-02,SO Issue,A-20110,-1,EA,F-18-5,SHIPPING,SO-26318,,E100,2979.18
IT-000729,2025-05-03,SO Issue,A-20097,-3,EA,C-07-5,SHIPPING,SO-26057,,E083,246.81
IT-000832,2025-05-03,SO Issue,A-20077,-3,EA,E-34-5,SHIPPING,SO-26091,,E099,869.98
IT-000552,2025-05-04,PO Receipt,P-20059,197,EA,RECEIVING,B-09-2,PO-31253,L250504-350,E101,9.370000000000001
IT-000553,2025-05-04,PO Receipt,P-10091,50,BX,RECEIVING,E-09-1,PO-31253,L250504-618,E105,19.2
IT-000554,2025-05-04,PO Receipt,P-20008,28,EA,RECEIVING,A-21-3,PO-31253,L250504-546,E079,1.71
IT-000555,2025-05-04,PO Receipt,P-20008,25,EA,RECEIVING,F-35-1,PO-31253,L250504-425,E099,1.71
IT-001295,2025-05-04,SO Issue,A-20107,-5,EA,B-07-4,SHIPPING,SO-26255,,E104,2631.9500000000003
IT-001384,2025-05-04,SO Issue,A-20110,-2,EA,E-17-5,SHIPPING,SO-26287,,E079,2979.18
IT-001577,2025-05-04,SO Issue,A-20061,-1,EA,D-14-3,SHIPPING,SO-26368,,E104,175.52
IT-000189,2025-05-05,PO Receipt,P-20060,10,EA,RECEIVING,B-07-5,PO-31083,L250505-209,E104,26.88
IT-000190,2025-05-05,PO Receipt,P-20118,25,EA,RECEIVING,D-39-1,PO-31083,L250505-991,E082,13.91
IT-000717,2025-05-05,SO Issue,A-20076,-3,EA,F-25-5,SHIPPING,SO-26052,,E083,721.1800000000001
IT-000794,2025-05-05,SO Issue,A-20058,-1,EA,B-35-3,SHIPPING,SO-26079,,E083,254.75
IT-000817,2025-05-05,SO Issue,A-20053,-1,EA,E-03-4,SHIPPING,SO-26087,,E104,695.65
IT-001003,2025-05-05,SO Issue,A-20058,-3,EA,C-12-4,SHIPPING,SO-26156,,E099,254.75
IT-001383,2025-05-05,SO Issue,A-20022,-1,EA,C-01-2,SHIPPING,SO-26287,,E079,155.41
IT-000170,2025-05-06,PO Receipt,P-20068,250,EA,RECEIVING,A-10-2,PO-31072,L250506-343,E077,11.97
IT-000171,2025-05-06,PO Receipt,P-20068,111,EA,RECEIVING,E-27-2,PO-31072,L250506-125,E079,11.97
IT-001142,2025-05-06,SO Issue,A-20101,-1,EA,F-34-5,SHIPPING,SO-26202,,E102,2382.4
IT-001284,2025-05-06,SO Issue,A-20040,-2,EA,A-02-4,SHIPPING,SO-26250,,E100,210.93
IT-001566,2025-05-06,SO Issue,A-20107,-3,EA,B-32-5,SHIPPING,SO-26362,,E102,2631.9500000000003
IT-001567,2025-05-06,SO Issue,A-20038,-2,EA,C-13-5,SHIPPING,SO-26362,,E101,1997.97
IT-001595,2025-05-06,SO Issue,A-20097,-5,EA,D-09-2,SHIPPING,SO-26377,,E078,246.81
IT-001685,2025-05-06,SO Issue,A-20053,-5,EA,C-17-5,SHIPPING,SO-26410,,E099,695.65
IT-000831,2025-05-08,SO Issue,A-20073,-2,EA,E-39-3,SHIPPING,SO-26091,,E080,496.53000000000003
IT-000858,2025-05-08,SO Issue,A-20039,-1,EA,E-39-3,SHIPPING,SO-26103,,E078,415.87
IT-000863,2025-05-08,SO Issue,A-20087,-1,EA,D-32-1,SHIPPING,SO-26104,,E081,333.06
IT-000176,2025-05-09,PO Receipt,P-20028,26,EA,RECEIVING,C-39-4,PO-31074,L250509-976,E080,39.64
IT-000793,2025-05-09,SO Issue,A-20039,-3,EA,B-12-1,SHIPPING,SO-26079,,E099,415.87
IT-000837,2025-05-09,SO Issue,A-20065,-5,EA,E-22-5,SHIPPING,SO-26094,,E077,798.0
IT-001138,2025-05-09,SO Issue,A-20058,-2,EA,A-02-4,SHIPPING,SO-26202,,E106,254.75
IT-001140,2025-05-09,SO Issue,A-20065,-1,EA,B-06-4,SHIPPING,SO-26202,,E076,798.0
IT-001282,2025-05-09,SO Issue,A-20087,-5,EA,D-18-2,SHIPPING,SO-26250,,E081,333.06
IT-000446,2025-05-10,PO Receipt,P-20062,100,EA,RECEIVING,D-01-4,PO-31205,L250510-161,E102,18.77
IT-000447,2025-05-10,PO Receipt,P-20062,10,EA,RECEIVING,C-22-4,PO-31205,L250510-165,E102,18.77
IT-000448,2025-05-10,PO Receipt,P-20109,149,EA,RECEIVING,C-23-4,PO-31205,L250510-144,E081,9.8
IT-000449,2025-05-10,PO Receipt,P-20109,149,EA,RECEIVING,E-11-1,PO-31205,L250510-848,E076,9.8
IT-000671,2025-05-10,SO Issue,A-20034,-1,EA,D-21-3,SHIPPING,SO-26036,,E101,111.33
IT-000818,2025-05-10,SO Issue,A-20077,-5,EA,C-05-2,SHIPPING,SO-26087,,E106,869.98
IT-000718,2025-05-12,SO Issue,A-20072,-2,EA,B-07-4,SHIPPING,SO-26052,,E104,402.48
IT-001001,2025-05-12,SO Issue,A-20107,-1,EA,D-23-2,SHIPPING,SO-26156,,E076,2631.9500000000003
IT-001281,2025-05-12,SO Issue,A-20090,-2,EA,F-16-1,SHIPPING,SO-26250,,E083,821.3000000000001
IT-001717,2025-05-12,Transfer,P-20051,-11,EA,D-35-2,D-14-2,Count,,E080,11.200000000000001
IT-000672,2025-05-13,SO Issue,A-20073,-5,EA,B-35-3,SHIPPING,SO-26036,,E105,496.53000000000003
IT-000983,2025-05-13,SO Issue,A-20038,-1,EA,E-17-4,SHIPPING,SO-26149,,E106,1997.97
IT-001494,2025-05-13,SO Issue,A-20097,-5,EA,B-07-2,SHIPPING,SO-26333,,E083,246.81
IT-001576,2025-05-13,SO Issue,A-20063,-1,EA,D-40-4,SHIPPING,SO-26368,,E082,1372.91
IT-000712,2025-05-14,SO Issue,A-20038,-1,EA,D-23-3,SHIPPING,SO-26051,,E080,1997.97
IT-000714,2025-05-14,SO Issue,A-20036,-1,EA,D-16-3,SHIPPING,SO-26051,,E100,2945.65
IT-001139,2025-05-14,SO Issue,A-20107,-1,EA,D-31-2,SHIPPING,SO-26202,,E077,2631.9500000000003
IT-000532,2025-05-15,PO Receipt,P-20017,100,EA,RECEIVING,D-14-1,PO-31245,L250515-757,E079,84.28
IT-001206,2025-05-15,SO Issue,A-20082,-2,EA,D-16-3,SHIPPING,SO-26223,,E101,841.44
IT-001280,2025-05-15,SO Issue,A-20058,-1,EA,D-31-2,SHIPPING,SO-26250,,E083,254.75
IT-001674,2025-05-15,SO Issue,A-20031,-5,EA,E-04-4,SHIPPING,SO-26405,,E104,128.84
IT-001723,2025-05-15,Cycle Count Adj,P-20111,3,EA,E-37-5,B-09-3,Count,,E103,23.71
IT-000710,2025-05-16,SO Issue,A-20061,-1,EA,E-04-4,SHIPPING,SO-26050,,E079,175.52
IT-000865,2025-05-16,SO Issue,A-20038,-3,EA,E-31-2,SHIPPING,SO-26105,,E104,1997.97
IT-001285,2025-05-16,SO Issue,A-20070,-1,EA,C-40-2,SHIPPING,SO-26251,,E103,1739.22
IT-000226,2025-05-17,PO Receipt,P-20041,11,EA,RECEIVING,C-07-1,PO-31102,L250517-480,E103,13.870000000000001
IT-000227,2025-05-17,PO Receipt,P-20041,11,EA,RECEIVING,C-38-4,PO-31102,L250517-237,E077,13.870000000000001
IT-000830,2025-05-17,SO Issue,A-20040,-5,EA,A-19-3,SHIPPING,SO-26091,,E106,210.93
IT-001205,2025-05-17,SO Issue,A-20070,-5,EA,D-19-4,SHIPPING,SO-26223,,E078,1739.22
IT-001283,2025-05-17,SO Issue,A-20034,-1,EA,C-12-4,SHIPPING,SO-26250,,E103,111.33
IT-000472,2025-05-18,PO Receipt,P-20088,250,EA,RECEIVING,E-39-1,PO-31214,L250518-251,E104,12.5
IT-001286,2025-05-18,SO Issue,A-20110,-2,EA,F-25-5,SHIPPING,SO-26251,,E104,2979.18
IT-001354,2025-05-18,SO Issue,A-20070,-1,EA,E-34-5,SHIPPING,SO-26277,,E078,1739.22
IT-001544,2025-05-18,SO Issue,A-20039,-1,EA,D-18-2,SHIPPING,SO-26353,,E099,415.87
IT-001287,2025-05-20,SO Issue,A-20002,-1,EA,D-27-4,SHIPPING,SO-26251,,E078,1931.15
IT-000610,2025-05-21,SO Issue,A-20065,-2,EA,D-22-1,SHIPPING,SO-26014,,E083,798.0
IT-000791,2025-05-21,SO Issue,A-20077,-3,EA,E-02-5,SHIPPING,SO-26079,,E106,869.98
IT-001353,2025-05-21,SO Issue,A-20039,-1,EA,B-22-4,SHIPPING,SO-26277,,E081,415.87
IT-001562,2025-05-21,SO Issue,A-20077,-1,EA,D-32-3,SHIPPING,SO-26361,,E080,869.98
IT-000024,2025-05-22,PO Receipt,P-20103,116,EA,RECEIVING,B-26-3,PO-31013,L250522-898,E079,17.330000000000002
IT-000025,2025-05-22,PO Receipt,P-20015,97,EA,RECEIVING,B-07-1,PO-31013,L250522-916,E106,5.42
IT-000026,2025-05-22,PO Receipt,P-20047,175,EA,RECEIVING,B-40-4,PO-31013,L250522-600,E103,15.41
IT-000027,2025-05-22,PO Receipt,P-20041,11,EA,RECEIVING,C-30-4,PO-31013,L250522-896,E082,13.870000000000001
IT-000838,2025-05-22,SO Issue,A-20040,-3,EA,A-21-2,SHIPPING,SO-26094,,E104,210.93
IT-001415,2025-05-22,SO Issue,A-20013,-3,EA,D-19-4,SHIPPING,SO-26299,,E105,162.20000000000002
IT-000504,2025-05-23,PO Receipt,P-20088,25,EA,RECEIVING,A-12-4,PO-31230,L250523-838,E076,12.5
IT-000505,2025-05-23,PO Receipt,P-20088,46,EA,RECEIVING,D-30-2,PO-31230,L250523-338,E081,12.5
IT-000523,2025-05-23,PO Receipt,P-20108,74,EA,RECEIVING,F-09-2,PO-31240,L250523-116,E106,68.82000000000001
IT-000524,2025-05-23,PO Receipt,P-20100,157,EA,RECEIVING,A-10-5,PO-31240,L250523-505,E103,36.730000000000004
IT-001089,2025-05-23,SO Issue,A-20090,-5,EA,D-23-3,SHIPPING,SO-26185,,E079,821.3000000000001
IT-001565,2025-05-23,SO Issue,A-20043,-2,EA,B-22-3,SHIPPING,SO-26361,,E101,1336.88
IT-000192,2025-05-24,PO Receipt,P-20109,50,EA,RECEIVING,A-14-3,PO-31086,L250524-252,E099,9.8
IT-000193,2025-05-24,PO Receipt,P-20062,100,EA,RECEIVING,B-40-3,PO-31086,L250524-719,E082,18.77
IT-000194,2025-05-24,PO Receipt,P-20109,149,EA,RECEIVING,F-27-2,PO-31086,L250524-790,E103,9.8
IT-000609,2025-05-24,SO Issue,A-20030,-1,EA,A-26-1,SHIPPING,SO-26014,,E106,176.98
IT-000708,2025-05-24,SO Issue,A-20090,-1,EA,F-01-5,SHIPPING,SO-26049,,E104,821.3000000000001
IT-000969,2025-05-24,SO Issue,A-20058,-5,EA,B-12-1,SHIPPING,SO-26143,,E077,254.75
IT-001310,2025-05-24,SO Issue,A-20076,-1,EA,D-16-3,SHIPPING,SO-26261,,E102,721.1800000000001
IT-001414,2025-05-24,SO Issue,A-20087,-5,EA,C-01-2,SHIPPING,SO-26299,,E105,333.06
IT-001594,2025-05-24,SO Issue,A-20082,-1,EA,A-25-1,SHIPPING,SO-26377,,E101,841.44
IT-000006,2025-05-25,PO Receipt,P-20064,42,EA,RECEIVING,D-34-5,PO-31005,L250525-767,E104,0.7000000000000001
IT-000007,2025-05-25,PO Receipt,P-20051,129,EA,RECEIVING,D-12-5,PO-31005,L250525-845,E083,11.200000000000001
IT-000008,2025-05-25,PO Receipt,P-20045,82,EA,RECEIVING,A-03-3,PO-31005,L250525-912,E101,0.18
IT-000009,2025-05-25,PO Receipt,P-20045,50,EA,RECEIVING,C-25-5,PO-31005,L250525-875,E102,0.18
IT-000682,2025-05-25,SO Issue,A-20087,-1,EA,A-05-3,SHIPPING,SO-26040,,E105,333.06
IT-000968,2025-05-25,SO Issue,A-20058,-3,EA,C-13-5,SHIPPING,SO-26143,,E080,254.75
IT-001578,2025-05-25,SO Issue,A-20101,-1,EA,C-30-1,SHIPPING,SO-26368,,E081,2382.4
IT-000608,2025-05-26,SO Issue,A-20090,-1,EA,E-22-5,SHIPPING,SO-26014,,E078,821.3000000000001
IT-000792,2025-05-26,SO Issue,A-20022,-1,EA,E-03-3,SHIPPING,SO-26079,,E078,155.41
IT-001169,2025-05-26,SO Issue,A-20092,-5,EA,E-31-2,SHIPPING,SO-26213,,E101,1915.78
IT-001204,2025-05-26,SO Issue,A-20097,-1,EA,E-22-5,SHIPPING,SO-26223,,E080,246.81
IT-001270,2025-05-26,SO Issue,A-20110,-1,EA,B-32-5,SHIPPING,SO-26247,,E076,2979.18
IT-001317,2025-05-26,SO Issue,A-20022,-1,EA,E-11-4,SHIPPING,SO-26263,,E078,155.41
IT-001355,2025-05-26,SO Issue,A-20090,-1,EA,E-17-4,SHIPPING,SO-26277,,E083,821.3000000000001
IT-001608,2025-05-26,SO Issue,A-20072,-5,EA,B-35-3,SHIPPING,SO-26380,,E081,402.48
IT-000716,2025-05-27,SO Issue,A-20070,-2,EA,B-35-3,SHIPPING,SO-26051,,E076,1739.22
IT-000836,2025-05-27,SO Issue,A-20072,-3,EA,E-04-2,SHIPPING,SO-26094,,E105,402.48
IT-000220,2025-05-28,PO Receipt,P-20029,10,EA,RECEIVING,C-37-4,PO-31099,L250528-442,E105,0.71
IT-000399,2025-05-28,PO Receipt,P-20032,50,EA,RECEIVING,E-39-3,PO-31183,L250528-132,E081,48.19
IT-000400,2025-05-28,PO Receipt,P-20018,250,EA,RECEIVING,A-10-4,PO-31183,L250528-328,E104,25.87
IT-000711,2025-05-28,SO Issue,A-20031,-5,EA,A-15-3,SHIPPING,SO-26050,,E083,128.84
IT-000713,2025-05-28,SO Issue,A-20003,-1,EA,E-04-2,SHIPPING,SO-26051,,E100,2450.66
IT-000715,2025-05-28,SO Issue,A-20061,-2,EA,B-35-4,SHIPPING,SO-26051,,E083,175.52
IT-001004,2025-05-28,SO Issue,A-20030,-1,EA,C-25-2,SHIPPING,SO-26158,,E100,176.98
IT-001311,2025-05-28,SO Issue,A-20114,-2,EA,D-06-4,SHIPPING,SO-26261,,E078,244.69
IT-001312,2025-05-28,SO Issue,A-20058,-1,EA,B-32-5,SHIPPING,SO-26261,,E077,254.75
IT-001207,2025-05-29,SO Issue,A-20022,-1,EA,B-18-5,SHIPPING,SO-26223,,E099,155.41
IT-001273,2025-05-29,SO Issue,A-20063,-3,EA,B-12-1,SHIPPING,SO-26247,,E099,1372.91
IT-000288,2025-05-30,PO Receipt,P-20046,109,EA,RECEIVING,C-30-3,PO-31131,L250530-889,E076,13.76
IT-000289,2025-05-30,PO Receipt,P-20046,109,EA,RECEIVING,C-35-5,PO-31131,L250530-636,E080,13.76
IT-001605,2025-05-30,SO Issue,A-20030,-5,EA,E-29-1,SHIPPING,SO-26380,,E099,176.98
IT-000481,2025-05-31,PO Receipt,P-20056,112,EA,RECEIVING,E-37-4,PO-31218,L250531-794,E078,0.35000000000000003
IT-000482,2025-05-31,PO Receipt,P-20079,66,EA,RECEIVING,C-08-1,PO-31218,L250531-590,E082,0.38
IT-001501,2025-05-31,SO Issue,A-20076,-1,EA,E-03-4,SHIPPING,SO-26335,,E103,721.1800000000001
IT-001515,2025-05-31,SO Issue,A-20039,-3,EA,D-23-2,SHIPPING,SO-26341,,E103,415.87
IT-000967,2025-06-01,SO Issue,A-20022,-1,EA,F-39-5,SHIPPING,SO-26143,,E078,155.41
IT-001271,2025-06-01,SO Issue,A-20101,-1,EA,B-13-3,SHIPPING,SO-26247,,E077,2382.4
IT-001356,2025-06-01,SO Issue,A-20078,-1,EA,F-03-4,SHIPPING,SO-26277,,E100,704.75
IT-001542,2025-06-01,SO Issue,A-20093,-1,EA,A-04-3,SHIPPING,SO-26353,,E078,2017.22
IT-001596,2025-06-01,SO Issue,A-20090,-5,EA,C-28-4,SHIPPING,SO-26377,,E100,821.3000000000001
IT-000899,2025-06-02,SO Issue,A-20022,-2,EA,D-32-1,SHIPPING,SO-26116,,E083,155.41
IT-001040,2025-06-02,SO Issue,A-20033,-2,EA,B-07-4,SHIPPING,SO-26169,,E083,328.62
IT-001606,2025-06-02,SO Issue,A-20107,-3,EA,D-28-1,SHIPPING,SO-26380,,E078,2631.9500000000003
IT-000058,2025-06-03,PO Receipt,P-20044,97,EA,RECEIVING,A-34-3,PO-31026,L250603-881,E082,25.1
IT-000059,2025-06-03,PO Receipt,P-20035,79,EA,RECEIVING,F-19-3,PO-31026,L250603-861,E079,12.200000000000001
IT-000060,2025-06-03,PO Receipt,P-20085,100,EA,RECEIVING,F-39-4,PO-31026,L250603-960,E102,1.16
IT-000584,2025-06-03,SO Issue,A-20097,-3,EA,C-36-2,SHIPPING,SO-26005,,E080,246.81
IT-001272,2025-06-03,SO Issue,A-20090,-1,EA,D-12-2,SHIPPING,SO-26247,,E077,821.3000000000001
IT-001564,2025-06-03,SO Issue,A-20038,-5,EA,E-31-2,SHIPPING,SO-26361,,E102,1997.97
IT-001711,2025-06-03,SO Issue,A-20022,-5,EA,E-28-3,SHIPPING,SO-26418,,E082,155.41
IT-000061,2025-06-04,PO Receipt,P-20096,171,EA,RECEIVING,F-16-3,PO-31027,L250604-210,E082,14.700000000000001
IT-000062,2025-06-04,PO Receipt,P-20096,171,EA,RECEIVING,F-34-5,PO-31027,L250604-395,E079,14.700000000000001
IT-000063,2025-06-04,PO Receipt,P-20060,123,EA,RECEIVING,D-26-5,PO-31027,L250604-296,E076,26.88
IT-000798,2025-06-04,SO Issue,A-20082,-2,EA,D-18-2,SHIPPING,SO-26082,,E100,841.44
IT-001541,2025-06-04,SO Issue,A-20022,-1,EA,D-37-4,SHIPPING,SO-26353,,E106,155.41
IT-000266,2025-06-05,PO Receipt,P-20084,164,EA,RECEIVING,F-38-2,PO-31123,L250605-629,E082,14.89
IT-000267,2025-06-05,PO Receipt,P-20049,97,EA,RECEIVING,D-07-2,PO-31123,L250605-366,E104,6.0200000000000005
IT-000268,2025-06-05,PO Receipt,P-20012,125,EA,RECEIVING,E-15-5,PO-31123,L250605-851,E099,29.94
IT-000704,2025-06-05,SO Issue,A-20030,-2,EA,C-10-2,SHIPPING,SO-26047,,E105,176.98
IT-001168,2025-06-05,SO Issue,A-20107,-3,EA,D-31-2,SHIPPING,SO-26213,,E104,2631.9500000000003
IT-001172,2025-06-05,SO Issue,A-20036,-1,EA,D-31-5,SHIPPING,SO-26213,,E102,2945.65
IT-001489,2025-06-05,SO Issue,A-20040,-3,EA,F-08-5,SHIPPING,SO-26329,,E077,210.93
IT-001490,2025-06-05,SO Issue,A-20110,-2,EA,B-22-4,SHIPPING,SO-26329,,E103,2979.18
IT-001516,2025-06-05,SO Issue,A-20038,-5,EA,F-08-5,SHIPPING,SO-26341,,E105,1997.97
IT-001543,2025-06-05,SO Issue,A-20034,-1,EA,D-37-4,SHIPPING,SO-26353,,E103,111.33
IT-000612,2025-06-06,SO Issue,A-20061,-1,EA,B-35-3,SHIPPING,SO-26016,,E099,175.52
IT-000820,2025-06-06,SO Issue,A-20092,-2,EA,D-16-3,SHIPPING,SO-26088,,E076,1915.78
IT-001719,2025-06-06,Transfer,A-20034,-4,EA,A-13-5,B-21-2,Damage,,E100,111.33
IT-001491,2025-06-07,SO Issue,A-20061,-3,EA,A-13-3,SHIPPING,SO-26329,,E104,175.52
IT-001498,2025-06-07,SO Issue,A-20073,-3,EA,A-25-4,SHIPPING,SO-26335,,E082,496.53000000000003
IT-001563,2025-06-07,SO Issue,A-20002,-1,EA,C-13-5,SHIPPING,SO-26361,,E083,1931.15
IT-001413,2025-06-08,SO Issue,A-20022,-3,EA,D-19-4,SHIPPING,SO-26298,,E103,155.41
IT-001492,2025-06-08,SO Issue,A-20031,-2,EA,C-25-2,SHIPPING,SO-26329,,E100,128.84
IT-000670,2025-06-09,SO Issue,A-20073,-2,EA,E-31-2,SHIPPING,SO-26035,,E105,496.53000000000003
IT-001007,2025-06-09,SO Issue,A-20073,-1,EA,D-22-1,SHIPPING,SO-26158,,E100,496.53000000000003
IT-001430,2025-06-09,SO Issue,A-20073,-3,EA,E-02-5,SHIPPING,SO-26305,,E079,496.53000000000003
IT-001754,2025-06-09,Cycle Count Adj,A-20003,2,EA,D-23-3,E-25-3,Damage,,E077,2450.66
IT-000044,2025-06-10,PO Receipt,P-20064,42,EA,RECEIVING,F-15-2,PO-31020,L250610-838,E083,0.7000000000000001
IT-000045,2025-06-10,PO Receipt,P-20045,250,EA,RECEIVING,D-02-4,PO-31020,L250610-780,E077,0.18
IT-000046,2025-06-10,PO Receipt,P-20045,82,EA,RECEIVING,E-10-1,PO-31020,L250610-671,E082,0.18
IT-000047,2025-06-10,PO Receipt,P-20064,50,EA,RECEIVING,F-37-3,PO-31020,L250610-852,E101,0.7000000000000001
IT-000614,2025-06-10,SO Issue,A-20082,-3,EA,E-03-3,SHIPPING,SO-26016,,E078,841.44
IT-000668,2025-06-10,SO Issue,A-20040,-5,EA,C-13-5,SHIPPING,SO-26035,,E082,210.93
IT-000669,2025-06-10,SO Issue,A-20036,-5,EA,D-19-4,SHIPPING,SO-26035,,E076,2945.65
IT-001006,2025-06-10,SO Issue,A-20031,-5,EA,E-39-3,SHIPPING,SO-26158,,E101,128.84
IT-001427,2025-06-10,SO Issue,A-20039,-2,EA,A-05-3,SHIPPING,SO-26305,,E105,415.87
IT-001607,2025-06-11,SO Issue,A-20092,-1,EA,D-37-4,SHIPPING,SO-26380,,E081,1915.78
IT-000898,2025-06-12,SO Issue,A-20053,-3,EA,B-12-1,SHIPPING,SO-26116,,E104,695.65
IT-001210,2025-06-12,SO Issue,A-20092,-1,EA,B-02-5,SHIPPING,SO-26224,,E099,1915.78
IT-001517,2025-06-12,SO Issue,A-20097,-5,EA,D-40-4,SHIPPING,SO-26342,,E105,246.81
IT-001714,2025-06-12,SO Issue,A-20073,-5,EA,A-15-3,SHIPPING,SO-26419,,E079,496.53000000000003
IT-000388,2025-06-13,PO Receipt,P-10042,84,BX,RECEIVING,D-25-1,PO-31179,L250613-773,E104,28.5
IT-000389,2025-06-13,PO Receipt,P-20035,25,EA,RECEIVING,A-02-5,PO-31179,L250613-103,E102,12.200000000000001
IT-000390,2025-06-13,PO Receipt,P-10042,84,BX,RECEIVING,F-07-5,PO-31179,L250613-671,E083,28.5
IT-000391,2025-06-13,PO Receipt,P-20081,126,EA,RECEIVING,D-26-2,PO-31179,L250613-938,E099,19.19
IT-000432,2025-06-13,PO Receipt,P-10098,292,LB,RECEIVING,B-15-4,PO-31198,L250613-780,E099,0.68
IT-000433,2025-06-13,PO Receipt,P-10105,80,LB,RECEIVING,E-34-4,PO-31198,L250613-423,E105,0.94
IT-000458,2025-06-13,PO Receipt,P-10056,50,RL,RECEIVING,B-25-3,PO-31209,L250613-917,E105,24.6
IT-000459,2025-06-13,PO Receipt,P-10056,313,RL,RECEIVING,D-38-3,PO-31209,L250613-518,E079,24.6
IT-000638,2025-06-13,SO Issue,A-20033,-3,EA,F-16-1,SHIPPING,SO-26024,,E078,328.62
IT-000639,2025-06-13,SO Issue,A-20077,-2,EA,D-12-2,SHIPPING,SO-26024,,E099,869.98
IT-000797,2025-06-13,SO Issue,A-20076,-1,EA,C-36-2,SHIPPING,SO-26082,,E077,721.1800000000001
IT-001005,2025-06-13,SO Issue,A-20039,-2,EA,D-06-4,SHIPPING,SO-26158,,E078,415.87
IT-001158,2025-06-13,SO Issue,A-20013,-1,EA,C-10-2,SHIPPING,SO-26208,,E104,162.20000000000002
IT-001458,2025-06-13,SO Issue,A-20043,-2,EA,D-21-5,SHIPPING,SO-26315,,E104,1336.88
IT-001742,2025-06-13,Scrap,P-20115,8,EA,D-01-3,E-14-2,Bin move,,E103,16.67
IT-000489,2025-06-14,PO Receipt,P-20050,250,EA,RECEIVING,D-21-2,PO-31222,L250614-949,E102,12.84
IT-000799,2025-06-14,SO Issue,A-20039,-1,EA,A-25-1,SHIPPING,SO-26082,,E102,415.87
IT-000889,2025-06-14,SO Issue,A-20072,-5,EA,D-13-4,SHIPPING,SO-26113,,E099,402.48
IT-001260,2025-06-14,SO Issue,A-20061,-3,EA,A-21-2,SHIPPING,SO-26242,,E106,175.52
IT-001710,2025-06-14,SO Issue,A-20002,-1,EA,E-04-2,SHIPPING,SO-26418,,E083,1931.15
IT-000314,2025-06-15,PO Receipt,P-20088,10,EA,RECEIVING,A-40-2,PO-31142,L250615-382,E081,12.5
IT-000315,2025-06-15,PO Receipt,P-20088,10,EA,RECEIVING,C-36-4,PO-31142,L250615-392,E102,12.5
IT-000887,2025-06-15,SO Issue,A-20076,-2,EA,A-24-3,SHIPPING,SO-26113,,E099,721.1800000000001
IT-000960,2025-06-15,SO Issue,A-20061,-1,EA,D-23-3,SHIPPING,SO-26141,,E101,175.52
IT-001500,2025-06-15,SO Issue,A-20061,-1,EA,C-01-4,SHIPPING,SO-26335,,E083,175.52
IT-000404,2025-06-16,PO Receipt,P-20048,500,EA,RECEIVING,C-22-5,PO-31186,L250616-123,E079,55.620000000000005
IT-000405,2025-06-16,PO Receipt,P-20048,88,EA,RECEIVING,D-15-3,PO-31186,L250616-968,E106,55.620000000000005
IT-000637,2025-06-16,SO Issue,A-20073,-3,EA,E-33-4,SHIPPING,SO-26024,,E101,496.53000000000003
IT-001159,2025-06-16,SO Issue,A-20087,-5,EA,A-37-5,SHIPPING,SO-26208,,E101,333.06
IT-001391,2025-06-16,SO Issue,A-20022,-1,EA,A-37-5,SHIPPING,SO-26289,,E079,155.41
IT-001502,2025-06-16,SO Issue,A-20087,-5,EA,B-32-5,SHIPPING,SO-26335,,E079,333.06
IT-000012,2025-06-17,PO Receipt,P-20054,191,EA,RECEIVING,D-38-4,PO-31007,L250617-677,E105,0.48
IT-000013,2025-06-17,PO Receipt,P-20021,57,EA,RECEIVING,A-39-5,PO-31007,L250617-700,E106,23.78
IT-000707,2025-06-17,SO Issue,A-20093,-5,EA,E-04-2,SHIPPING,SO-26047,,E103,2017.22
IT-000827,2025-06-17,SO Issue,A-20077,-5,EA,C-40-3,SHIPPING,SO-26090,,E078,869.98
IT-000900,2025-06-17,SO Issue,A-20072,-2,EA,C-30-1,SHIPPING,SO-26116,,E078,402.48
IT-001428,2025-06-17,SO Issue,A-20036,-5,EA,D-16-3,SHIPPING,SO-26305,,E079,2945.65
IT-001455,2025-06-17,SO Issue,A-20110,-2,EA,A-15-3,SHIPPING,SO-26315,,E102,2979.18
IT-000324,2025-06-18,PO Receipt,P-10049,168,BX,RECEIVING,D-18-5,PO-31146,L250618-572,E104,9.85
IT-000325,2025-06-18,PO Receipt,P-10049,168,BX,RECEIVING,F-01-5,PO-31146,L250618-341,E106,9.85
IT-000326,2025-06-18,PO Receipt,P-10070,100,EA,RECEIVING,D-27-2,PO-31146,L250618-599,E077,3.15
IT-000706,2025-06-18,SO Issue,A-20063,-1,EA,A-23-2,SHIPPING,SO-26047,,E100,1372.91
IT-000709,2025-06-18,SO Issue,A-20034,-1,EA,B-02-5,SHIPPING,SO-26049,,E102,111.33
IT-000821,2025-06-18,SO Issue,A-20092,-3,EA,D-12-2,SHIPPING,SO-26088,,E083,1915.78
IT-000961,2025-06-18,SO Issue,A-20039,-1,EA,B-02-5,SHIPPING,SO-26141,,E082,415.87
IT-001263,2025-06-18,SO Issue,A-20070,-5,EA,A-14-1,SHIPPING,SO-26242,,E079,1739.22
IT-000253,2025-06-19,PO Receipt,P-20119,13,EA,RECEIVING,C-25-3,PO-31117,L250619-747,E076,8.11
IT-000640,2025-06-19,SO Issue,A-20053,-2,EA,D-21-3,SHIPPING,SO-26024,,E100,695.65
IT-000700,2025-06-19,SO Issue,A-20093,-5,EA,A-05-2,SHIPPING,SO-26046,,E077,2017.22
IT-001171,2025-06-19,SO Issue,A-20090,-3,EA,E-34-5,SHIPPING,SO-26213,,E080,821.3000000000001
IT-001429,2025-06-19,SO Issue,A-20078,-1,EA,D-09-2,SHIPPING,SO-26305,,E102,704.75
IT-001446,2025-06-19,SO Issue,A-20093,-3,EA,D-13-4,SHIPPING,SO-26312,,E100,2017.22
IT-001499,2025-06-19,SO Issue,A-20065,-3,EA,B-35-4,SHIPPING,SO-26335,,E103,798.0
IT-000705,2025-06-20,SO Issue,A-20114,-1,EA,B-22-4,SHIPPING,SO-26047,,E100,244.69
IT-001170,2025-06-20,SO Issue,A-20043,-1,EA,D-12-2,SHIPPING,SO-26213,,E100,1336.88
IT-001208,2025-06-20,SO Issue,A-20022,-5,EA,B-07-2,SHIPPING,SO-26224,,E104,155.41
IT-001712,2025-06-20,SO Issue,A-20030,-3,EA,E-39-3,SHIPPING,SO-26419,,E081,176.98
IT-000247,2025-06-21,PO Receipt,P-20064,42,EA,RECEIVING,A-35-4,PO-31115,L250621-227,E099,0.7000000000000001
IT-000248,2025-06-21,PO Receipt,P-20064,42,EA,RECEIVING,F-32-4,PO-31115,L250621-412,E106,0.7000000000000001
IT-000249,2025-06-21,PO Receipt,P-20045,250,EA,RECEIVING,E-27-2,PO-31115,L250621-529,E083,0.18
IT-001392,2025-06-21,SO Issue,A-20030,-1,EA,A-36-2,SHIPPING,SO-26289,,E081,176.98
IT-001518,2025-06-21,SO Issue,A-20053,-5,EA,D-13-4,SHIPPING,SO-26342,,E099,695.65
IT-000796,2025-06-22,SO Issue,A-20020,-1,EA,F-24-3,SHIPPING,SO-26082,,E083,316.62
IT-000828,2025-06-22,SO Issue,A-20013,-2,EA,A-22-4,SHIPPING,SO-26090,,E077,162.20000000000002
IT-001420,2025-06-22,SO Issue,A-20053,-1,EA,A-14-1,SHIPPING,SO-26302,,E080,695.65
IT-001422,2025-06-22,SO Issue,A-20003,-2,EA,F-05-3,SHIPPING,SO-26302,,E080,2450.66
IT-000118,2025-06-23,PO Receipt,P-20041,11,EA,RECEIVING,B-22-4,PO-31049,L250623-293,E099,13.870000000000001
IT-000119,2025-06-23,PO Receipt,P-20089,10,EA,RECEIVING,A-16-1,PO-31049,L250623-261,E099,14.19
IT-000120,2025-06-23,PO Receipt,P-20106,500,EA,RECEIVING,D-04-5,PO-31049,L250623-913,E082,63.36
IT-000392,2025-06-23,PO Receipt,P-10077,281,GA,RECEIVING,A-02-5,PO-31180,L250623-667,E082,27.8
IT-000393,2025-06-23,PO Receipt,P-10077,25,GA,RECEIVING,E-23-2,PO-31180,L250623-105,E102,27.8
IT-000394,2025-06-23,PO Receipt,P-10035,193,EA,RECEIVING,F-16-3,PO-31180,L250623-840,E081,21.4
IT-000395,2025-06-23,PO Receipt,P-10035,193,EA,RECEIVING,B-34-3,PO-31180,L250623-705,E105,21.4
IT-000825,2025-06-23,SO Issue,A-20061,-3,EA,C-12-4,SHIPPING,SO-26090,,E083,175.52
IT-001389,2025-06-23,SO Issue,A-20058,-5,EA,C-28-4,SHIPPING,SO-26289,,E099,254.75
IT-001496,2025-06-23,SO Issue,A-20038,-1,EA,E-28-3,SHIPPING,SO-26334,,E081,1997.97
IT-000613,2025-06-24,SO Issue,A-20020,-1,EA,B-34-1,SHIPPING,SO-26016,,E101,316.62
IT-000959,2025-06-24,SO Issue,A-20092,-2,EA,D-19-4,SHIPPING,SO-26141,,E099,1915.78
IT-001211,2025-06-24,SO Issue,A-20002,-5,EA,B-22-4,SHIPPING,SO-26224,,E082,1931.15
IT-001261,2025-06-24,SO Issue,A-20043,-2,EA,F-34-5,SHIPPING,SO-26242,,E106,1336.88
IT-001403,2025-06-24,SO Issue,A-20033,-5,EA,D-37-2,SHIPPING,SO-26294,,E101,328.62
IT-001426,2025-06-24,SO Issue,A-20093,-3,EA,C-17-5,SHIPPING,SO-26305,,E082,2017.22
IT-000819,2025-06-25,SO Issue,A-20101,-1,EA,B-02-5,SHIPPING,SO-26088,,E077,2382.4
IT-000886,2025-06-25,SO Issue,A-20097,-1,EA,C-01-4,SHIPPING,SO-26113,,E104,246.81
IT-001497,2025-06-25,SO Issue,A-20043,-1,EA,F-07-2,SHIPPING,SO-26334,,E078,1336.88
IT-000486,2025-06-26,PO Receipt,P-20088,46,EA,RECEIVING,E-39-2,PO-31221,L250626-307,E076,12.5
IT-000487,2025-06-26,PO Receipt,P-20088,46,EA,RECEIVING,E-33-3,PO-31221,L250626-146,E099,12.5
IT-000488,2025-06-26,PO Receipt,P-20088,100,EA,RECEIVING,B-25-5,PO-31221,L250626-842,E106,12.5
IT-001654,2025-06-26,SO Issue,A-20082,-5,EA,A-04-3,SHIPPING,SO-26399,,E104,841.44
IT-000079,2025-06-27,PO Receipt,P-20052,62,EA,RECEIVING,D-39-2,PO-31034,L250627-722,E105,10.49
IT-000080,2025-06-27,PO Receipt,P-20046,25,EA,RECEIVING,D-20-5,PO-31034,L250627-680,E105,13.76
IT-000081,2025-06-27,PO Receipt,P-20052,250,EA,RECEIVING,C-12-2,PO-31034,L250627-909,E100,10.49
IT-000082,2025-06-27,PO Receipt,P-20048,250,EA,RECEIVING,E-08-5,PO-31034,L250627-592,E102,55.620000000000005
IT-000667,2025-06-27,SO Issue,A-20092,-1,EA,A-25-4,SHIPPING,SO-26035,,E103,1915.78
IT-001042,2025-06-27,SO Issue,A-20033,-1,EA,E-03-4,SHIPPING,SO-26169,,E076,328.62
IT-001129,2025-06-27,SO Issue,A-20013,-1,EA,E-33-4,SHIPPING,SO-26199,,E102,162.20000000000002
IT-000128,2025-06-28,PO Receipt,P-10049,25,BX,RECEIVING,B-30-4,PO-31052,L250628-945,E099,9.85
IT-000129,2025-06-28,PO Receipt,P-10070,165,EA,RECEIVING,E-37-2,PO-31052,L250628-480,E081,3.15
IT-000130,2025-06-28,PO Receipt,P-10049,250,BX,RECEIVING,A-13-3,PO-31052,L250628-238,E099,9.85
IT-000213,2025-06-28,PO Receipt,P-10063,243,BD,RECEIVING,A-33-4,PO-31096,L250628-233,E099,31.0
IT-000214,2025-06-28,PO Receipt,P-20099,19,EA,RECEIVING,B-27-1,PO-31096,L250628-764,E105,0.77
IT-000376,2025-06-28,PO Receipt,P-10049,168,BX,RECEIVING,F-34-5,PO-31173,L250628-450,E077,9.85
IT-000377,2025-06-28,PO Receipt,P-10049,100,BX,RECEIVING,B-33-1,PO-31173,L250628-476,E101,9.85
IT-000701,2025-06-28,SO Issue,A-20072,-1,EA,E-03-3,SHIPPING,SO-26046,,E105,402.48
IT-000829,2025-06-28,SO Issue,A-20036,-5,EA,A-04-3,SHIPPING,SO-26090,,E077,2945.65
IT-000958,2025-06-28,SO Issue,A-20065,-3,EA,A-19-3,SHIPPING,SO-26141,,E076,798.0
IT-001242,2025-06-28,SO Issue,A-20092,-5,EA,E-31-2,SHIPPING,SO-26233,,E106,1915.78
IT-001495,2025-06-28,SO Issue,A-20090,-3,EA,D-06-4,SHIPPING,SO-26334,,E103,821.3000000000001
IT-000703,2025-06-29,SO Issue,A-20101,-1,EA,D-27-4,SHIPPING,SO-26046,,E102,2382.4
IT-000856,2025-06-29,SO Issue,A-20092,-5,EA,F-03-4,SHIPPING,SO-26102,,E105,1915.78
IT-001039,2025-06-30,SO Issue,A-20073,-5,EA,F-21-1,SHIPPING,SO-26169,,E102,496.53000000000003
IT-001209,2025-06-30,SO Issue,A-20107,-3,EA,E-28-3,SHIPPING,SO-26224,,E101,2631.9500000000003
IT-001447,2025-06-30,SO Issue,A-20034,-1,EA,A-05-3,SHIPPING,SO-26312,,E077,111.33
IT-000702,2025-07-01,SO Issue,A-20065,-5,EA,B-02-5,SHIPPING,SO-26046,,E081,798.0
IT-001402,2025-07-01,SO Issue,A-20020,-1,EA,D-20-3,SHIPPING,SO-26294,,E079,316.62
IT-000068,2025-07-02,PO Receipt,P-10070,165,EA,RECEIVING,B-13-5,PO-31029,L250702-789,E105,3.15
IT-000069,2025-07-02,PO Receipt,P-10049,10,BX,RECEIVING,D-29-5,PO-31029,L250702-428,E100,9.85
IT-000070,2025-07-02,PO Receipt,P-10049,168,BX,RECEIVING,C-04-4,PO-31029,L250702-824,E104,9.85
IT-000101,2025-07-02,PO Receipt,P-10035,193,EA,RECEIVING,A-37-1,PO-31042,L250702-447,E083,21.4
IT-000102,2025-07-02,PO Receipt,P-10035,250,EA,RECEIVING,B-35-2,PO-31042,L250702-391,E076,21.4
IT-000666,2025-07-02,SO Issue,A-20097,-5,EA,E-31-2,SHIPPING,SO-26035,,E106,246.81
IT-001713,2025-07-02,SO Issue,A-20101,-2,EA,D-38-1,SHIPPING,SO-26419,,E079,2382.4
IT-000424,2025-07-03,PO Receipt,P-20023,25,EA,RECEIVING,B-03-1,PO-31194,L250703-916,E081,28.060000000000002
IT-000425,2025-07-03,PO Receipt,P-20084,164,EA,RECEIVING,E-14-5,PO-31194,L250703-654,E080,14.89
IT-000426,2025-07-03,PO Receipt,P-20059,197,EA,RECEIVING,C-27-4,PO-31194,L250703-896,E100,9.370000000000001
IT-000857,2025-07-03,SO Issue,A-20078,-3,EA,E-17-5,SHIPPING,SO-26102,,E099,704.75
IT-000577,2025-07-04,SO Issue,A-20002,-2,EA,A-13-3,SHIPPING,SO-26002,,E082,1931.15
IT-000826,2025-07-04,SO Issue,A-20002,-1,EA,B-02-5,SHIPPING,SO-26090,,E106,1931.15
IT-001041,2025-07-04,SO Issue,A-20070,-1,EA,B-26-2,SHIPPING,SO-26169,,E104,1739.22
IT-001212,2025-07-04,SO Issue,A-20003,-1,EA,A-05-2,SHIPPING,SO-26224,,E082,2450.66
IT-001243,2025-07-04,SO Issue,A-20034,-1,EA,A-22-4,SHIPPING,SO-26233,,E105,111.33
IT-001583,2025-07-04,SO Issue,A-20002,-2,EA,D-19-4,SHIPPING,SO-26371,,E103,1931.15
IT-001022,2025-07-05,SO Issue,A-20070,-2,EA,A-14-1,SHIPPING,SO-26165,,E106,1739.22
IT-001258,2025-07-05,SO Issue,A-20065,-2,EA,F-21-1,SHIPPING,SO-26241,,E082,798.0
IT-001457,2025-07-05,SO Issue,A-20058,-1,EA,F-26-1,SHIPPING,SO-26315,,E100,254.75
IT-001582,2025-07-05,SO Issue,A-20058,-1,EA,D-12-5,SHIPPING,SO-26371,,E103,254.75
IT-001240,2025-07-06,SO Issue,A-20072,-2,EA,D-06-5,SHIPPING,SO-26233,,E080,402.48
IT-001259,2025-07-06,SO Issue,A-20082,-3,EA,B-06-4,SHIPPING,SO-26242,,E106,841.44
IT-000166,2025-07-07,PO Receipt,P-20086,100,EA,RECEIVING,E-22-2,PO-31071,L250707-886,E106,0.51
IT-000167,2025-07-07,PO Receipt,P-20050,177,EA,RECEIVING,C-38-4,PO-31071,L250707-434,E081,12.84
IT-000168,2025-07-07,PO Receipt,P-20050,177,EA,RECEIVING,A-07-5,PO-31071,L250707-252,E083,12.84
IT-000169,2025-07-07,PO Receipt,P-20042,97,EA,RECEIVING,E-39-5,PO-31071,L250707-317,E078,49.72
IT-001195,2025-07-07,SO Issue,A-20020,-3,EA,E-34-5,SHIPPING,SO-26220,,E103,316.62
IT-001390,2025-07-07,SO Issue,A-20053,-3,EA,C-25-2,SHIPPING,SO-26289,,E079,695.65
IT-001756,2025-07-07,Transfer,P-20074,11,EA,B-21-2,A-37-1,,,E100,19.76
IT-000014,2025-07-08,PO Receipt,P-10077,281,GA,RECEIVING,E-28-5,PO-31008,L250708-726,E101,27.8
IT-000015,2025-07-08,PO Receipt,P-10035,193,EA,RECEIVING,E-30-1,PO-31008,L250708-507,E081,21.4
IT-001401,2025-07-08,SO Issue,A-20076,-1,EA,F-21-1,SHIPPING,SO-26294,,E102,721.1800000000001
IT-000633,2025-07-09,SO Issue,A-20039,-2,EA,A-04-3,SHIPPING,SO-26023,,E083,415.87
IT-000733,2025-07-09,SO Issue,A-20043,-2,EA,B-06-4,SHIPPING,SO-26059,,E104,1336.88
IT-001036,2025-07-09,SO Issue,A-20038,-3,EA,D-23-2,SHIPPING,SO-26168,,E100,1997.97
IT-001194,2025-07-09,SO Issue,A-20097,-3,EA,B-22-4,SHIPPING,SO-26220,,E104,246.81
IT-001262,2025-07-09,SO Issue,A-20072,-1,EA,A-19-3,SHIPPING,SO-26242,,E079,402.48
IT-001421,2025-07-09,SO Issue,A-20022,-1,EA,F-05-3,SHIPPING,SO-26302,,E077,155.41
IT-001448,2025-07-09,SO Issue,A-20022,-3,EA,D-06-5,SHIPPING,SO-26312,,E104,155.41
IT-001636,2025-07-09,SO Issue,A-20022,-3,EA,B-07-2,SHIPPING,SO-26393,,E081,155.41
IT-000310,2025-07-10,PO Receipt,P-20035,25,EA,RECEIVING,D-08-2,PO-31140,L250710-176,E101,12.200000000000001
IT-000311,2025-07-10,PO Receipt,P-20081,126,EA,RECEIVING,E-36-4,PO-31140,L250710-845,E079,19.19
IT-001035,2025-07-10,SO Issue,A-20076,-2,EA,E-39-3,SHIPPING,SO-26168,,E103,721.1800000000001
IT-000049,2025-07-11,PO Receipt,P-20015,500,EA,RECEIVING,D-18-4,PO-31022,L250711-858,E104,5.42
IT-000600,2025-07-11,SO Issue,A-20077,-5,EA,A-37-5,SHIPPING,SO-26011,,E103,869.98
IT-001037,2025-07-11,SO Issue,A-20013,-5,EA,A-14-1,SHIPPING,SO-26168,,E080,162.20000000000002
IT-000520,2025-07-12,PO Receipt,P-20113,500,EA,RECEIVING,D-06-1,PO-31239,L250712-196,E078,35.81
IT-000521,2025-07-12,PO Receipt,P-20109,10,EA,RECEIVING,A-31-1,PO-31239,L250712-824,E082,9.8
IT-000522,2025-07-12,PO Receipt,P-20062,197,EA,RECEIVING,D-12-4,PO-31239,L250712-258,E103,18.77
IT-000734,2025-07-12,SO Issue,A-20058,-1,EA,A-02-4,SHIPPING,SO-26059,,E104,254.75
IT-001157,2025-07-12,SO Issue,A-20020,-2,EA,A-22-4,SHIPPING,SO-26207,,E103,316.62
IT-001587,2025-07-12,SO Issue,A-20070,-2,EA,A-25-4,SHIPPING,SO-26374,,E104,1739.22
IT-000624,2025-07-13,SO Issue,A-20110,-1,EA,E-29-1,SHIPPING,SO-26019,,E099,2979.18
IT-000888,2025-07-13,SO Issue,A-20053,-3,EA,F-21-1,SHIPPING,SO-26113,,E078,695.65
IT-000951,2025-07-13,SO Issue,A-20097,-5,EA,E-17-5,SHIPPING,SO-26137,,E102,246.81
IT-001077,2025-07-13,SO Issue,A-20077,-5,EA,C-36-5,SHIPPING,SO-26180,,E077,869.98
IT-001197,2025-07-13,SO Issue,A-20090,-1,EA,D-34-4,SHIPPING,SO-26220,,E105,821.3000000000001
IT-001244,2025-07-13,SO Issue,A-20090,-5,EA,E-33-4,SHIPPING,SO-26233,,E100,821.3000000000001
IT-000516,2025-07-14,PO Receipt,P-10056,10,RL,RECEIVING,D-30-3,PO-31236,L250714-354,E099,24.6
IT-000635,2025-07-15,SO Issue,A-20031,-5,EA,D-13-4,SHIPPING,SO-26023,,E078,128.84
IT-001154,2025-07-15,SO Issue,A-20058,-3,EA,D-09-2,SHIPPING,SO-26207,,E079,254.75
IT-001155,2025-07-15,SO Issue,A-20053,-1,EA,A-25-4,SHIPPING,SO-26207,,E102,695.65
IT-001156,2025-07-15,SO Issue,A-20033,-1,EA,D-21-5,SHIPPING,SO-26207,,E080,328.62
IT-001456,2025-07-15,SO Issue,A-20110,-3,EA,B-15-5,SHIPPING,SO-26315,,E076,2979.18
IT-001588,2025-07-15,SO Issue,A-20092,-3,EA,A-08-1,SHIPPING,SO-26374,,E105,1915.78
IT-001639,2025-07-15,SO Issue,A-20097,-5,EA,F-07-2,SHIPPING,SO-26393,,E106,246.81
IT-001653,2025-07-15,SO Issue,A-20110,-5,EA,F-18-5,SHIPPING,SO-26399,,E105,2979.18
IT-000605,2025-07-16,SO Issue,A-20030,-5,EA,C-11-2,SHIPPING,SO-26012,,E083,176.98
IT-000735,2025-07-16,SO Issue,A-20034,-5,EA,A-13-3,SHIPPING,SO-26059,,E101,111.33
IT-001241,2025-07-16,SO Issue,A-20073,-2,EA,D-22-1,SHIPPING,SO-26233,,E101,496.53000000000003
IT-001747,2025-07-16,Cycle Count Adj,A-20092,-8,EA,A-12-1,A-21-1,Damage,,E105,1915.78
IT-001075,2025-07-17,SO Issue,A-20063,-5,EA,A-36-2,SHIPPING,SO-26180,,E101,1372.91
IT-001078,2025-07-17,SO Issue,A-20039,-3,EA,B-02-5,SHIPPING,SO-26180,,E078,415.87
IT-001404,2025-07-17,SO Issue,A-20093,-1,EA,E-04-4,SHIPPING,SO-26294,,E082,2017.22
IT-001586,2025-07-17,SO Issue,A-20073,-1,EA,E-34-5,SHIPPING,SO-26374,,E106,496.53000000000003
IT-001637,2025-07-17,SO Issue,A-20101,-5,EA,B-35-4,SHIPPING,SO-26393,,E076,2382.4
IT-000606,2025-07-18,SO Issue,A-20003,-1,EA,D-34-4,SHIPPING,SO-26012,,E101,2450.66
IT-000636,2025-07-18,SO Issue,A-20076,-2,EA,A-22-4,SHIPPING,SO-26023,,E100,721.1800000000001
IT-000755,2025-07-18,SO Issue,A-20020,-3,EA,E-04-2,SHIPPING,SO-26066,,E077,316.62
IT-000919,2025-07-18,SO Issue,A-20030,-5,EA,D-37-2,SHIPPING,SO-26125,,E082,176.98
IT-000950,2025-07-18,SO Issue,A-20003,-2,EA,C-33-3,SHIPPING,SO-26137,,E082,2450.66
IT-000985,2025-07-18,SO Issue,A-20072,-1,EA,B-02-5,SHIPPING,SO-26150,,E104,402.48
IT-000601,2025-07-19,SO Issue,A-20034,-2,EA,E-02-5,SHIPPING,SO-26011,,E101,111.33
IT-000942,2025-07-19,SO Issue,A-20087,-1,EA,C-33-3,SHIPPING,SO-26134,,E080,333.06
IT-000984,2025-07-19,SO Issue,A-20072,-1,EA,B-22-4,SHIPPING,SO-26150,,E103,402.48
IT-001092,2025-07-19,SO Issue,A-20065,-1,EA,E-29-1,SHIPPING,SO-26186,,E102,798.0
IT-001440,2025-07-19,SO Issue,A-20110,-1,EA,D-34-4,SHIPPING,SO-26310,,E103,2979.18
IT-001443,2025-07-19,SO Issue,A-20072,-1,EA,E-22-5,SHIPPING,SO-26310,,E101,402.48
IT-000316,2025-07-20,PO Receipt,P-10049,168,BX,RECEIVING,B-40-5,PO-31143,L250720-947,E104,9.85
IT-000317,2025-07-20,PO Receipt,P-10070,165,EA,RECEIVING,C-11-4,PO-31143,L250720-331,E099,3.15
IT-000318,2025-07-20,PO Receipt,P-10049,168,BX,RECEIVING,F-39-3,PO-31143,L250720-583,E080,9.85
IT-000893,2025-07-20,SO Issue,A-20063,-1,EA,D-20-3,SHIPPING,SO-26115,,E103,1372.91
IT-001023,2025-07-20,SO Issue,A-20020,-3,EA,B-12-1,SHIPPING,SO-26165,,E101,316.62
IT-001025,2025-07-20,SO Issue,A-20087,-5,EA,F-16-1,SHIPPING,SO-26165,,E100,333.06
IT-001090,2025-07-20,SO Issue,A-20031,-1,EA,A-08-1,SHIPPING,SO-26186,,E079,128.84
IT-000604,2025-07-21,SO Issue,A-20002,-2,EA,D-12-5,SHIPPING,SO-26012,,E083,1931.15
IT-000757,2025-07-21,SO Issue,A-20076,-3,EA,A-04-3,SHIPPING,SO-26066,,E101,721.1800000000001
IT-000943,2025-07-21,SO Issue,A-20087,-1,EA,C-28-4,SHIPPING,SO-26134,,E082,333.06
IT-001216,2025-07-21,SO Issue,A-20034,-1,EA,C-40-3,SHIPPING,SO-26226,,E077,111.33
IT-000754,2025-07-22,SO Issue,A-20053,-1,EA,A-05-2,SHIPPING,SO-26066,,E104,695.65
IT-001727,2025-07-22,Scrap,P-20066,6,EA,E-38-4,A-28-1,Bin move,,E076,21.400000000000002
IT-000001,2025-07-23,PO Receipt,P-10035,50,EA,RECEIVING,E-18-5,PO-31001,L250723-614,E076,21.4
IT-000002,2025-07-23,PO Receipt,P-10035,193,EA,RECEIVING,A-04-3,PO-31001,L250723-175,E102,21.4
IT-000200,2025-07-23,PO Receipt,P-20055,93,EA,RECEIVING,E-14-2,PO-31090,L250723-150,E106,35.27
IT-000201,2025-07-23,PO Receipt,P-20056,112,EA,RECEIVING,E-26-2,PO-31090,L250723-657,E081,0.35000000000000003
IT-000603,2025-07-23,SO Issue,A-20063,-1,EA,E-22-5,SHIPPING,SO-26012,,E076,1372.91
IT-000945,2025-07-23,SO Issue,A-20076,-1,EA,D-34-4,SHIPPING,SO-26135,,E104,721.1800000000001
IT-001480,2025-07-23,SO Issue,A-20107,-1,EA,E-39-3,SHIPPING,SO-26323,,E081,2631.9500000000003
IT-000897,2025-07-24,SO Issue,A-20043,-5,EA,B-32-5,SHIPPING,SO-26115,,E083,1336.88
IT-000986,2025-07-24,SO Issue,A-20040,-2,EA,E-31-2,SHIPPING,SO-26150,,E081,210.93
IT-001196,2025-07-24,SO Issue,A-20076,-2,EA,C-40-2,SHIPPING,SO-26220,,E102,721.1800000000001
IT-000732,2025-07-25,SO Issue,A-20092,-1,EA,E-22-5,SHIPPING,SO-26059,,E101,1915.78
IT-000839,2025-07-25,SO Issue,A-20107,-1,EA,A-37-5,SHIPPING,SO-26095,,E103,2631.9500000000003
IT-000946,2025-07-25,SO Issue,A-20013,-3,EA,C-40-2,SHIPPING,SO-26135,,E103,162.20000000000002
IT-000952,2025-07-25,SO Issue,A-20097,-5,EA,D-22-1,SHIPPING,SO-26137,,E101,246.81
IT-001076,2025-07-25,SO Issue,A-20082,-1,EA,E-04-4,SHIPPING,SO-26180,,E083,841.44
IT-001478,2025-07-25,SO Issue,A-20031,-3,EA,E-29-1,SHIPPING,SO-26323,,E099,128.84
IT-000172,2025-07-26,PO Receipt,P-20096,171,EA,RECEIVING,B-11-2,PO-31073,L250726-389,E077,14.700000000000001
IT-000173,2025-07-26,PO Receipt,P-20032,189,EA,RECEIVING,A-14-4,PO-31073,L250726-262,E101,48.19
IT-000174,2025-07-26,PO Receipt,P-20018,27,EA,RECEIVING,D-25-4,PO-31073,L250726-601,E083,25.87
IT-000175,2025-07-26,PO Receipt,P-20096,25,EA,RECEIVING,A-06-4,PO-31073,L250726-652,E106,14.700000000000001
IT-000599,2025-07-26,SO Issue,A-20110,-5,EA,B-07-2,SHIPPING,SO-26011,,E083,2979.18
IT-000941,2025-07-26,SO Issue,A-20078,-3,EA,B-26-2,SHIPPING,SO-26134,,E106,704.75
IT-001024,2025-07-26,SO Issue,A-20053,-1,EA,A-21-2,SHIPPING,SO-26165,,E082,695.65
IT-001217,2025-07-26,SO Issue,A-20073,-1,EA,A-40-3,SHIPPING,SO-26226,,E100,496.53000000000003
IT-000753,2025-07-28,SO Issue,A-20078,-2,EA,B-18-5,SHIPPING,SO-26065,,E080,704.75
IT-001079,2025-07-28,SO Issue,A-20070,-3,EA,B-20-3,SHIPPING,SO-26180,,E099,1739.22
IT-001441,2025-07-28,SO Issue,A-20076,-5,EA,E-29-1,SHIPPING,SO-26310,,E103,721.1800000000001
IT-001442,2025-07-28,SO Issue,A-20003,-5,EA,F-08-5,SHIPPING,SO-26310,,E100,2450.66
IT-001609,2025-07-28,SO Issue,A-20039,-1,EA,C-01-4,SHIPPING,SO-26381,,E078,415.87
IT-000178,2025-07-29,PO Receipt,P-20026,79,EA,RECEIVING,B-01-4,PO-31077,L250729-860,E080,0.63
IT-000179,2025-07-29,PO Receipt,P-20026,500,EA,RECEIVING,C-22-2,PO-31077,L250729-339,E105,0.63
IT-000180,2025-07-29,PO Receipt,P-20119,100,EA,RECEIVING,C-10-5,PO-31077,L250729-257,E106,8.11
IT-000181,2025-07-29,PO Receipt,P-20067,146,EA,RECEIVING,A-09-3,PO-31077,L250729-303,E106,20.51
IT-000237,2025-07-29,PO Receipt,P-10098,250,LB,RECEIVING,E-04-4,PO-31110,L250729-499,E076,0.68
IT-000349,2025-07-29,PO Receipt,P-20103,50,EA,RECEIVING,E-12-4,PO-31159,L250729-314,E099,17.330000000000002
IT-001134,2025-07-29,SO Issue,A-20072,-1,EA,E-29-1,SHIPPING,SO-26201,,E105,402.48
IT-001349,2025-07-29,SO Issue,A-20058,-1,EA,A-02-2,SHIPPING,SO-26276,,E101,254.75
IT-000756,2025-07-30,SO Issue,A-20082,-3,EA,E-28-3,SHIPPING,SO-26066,,E103,841.44
IT-000853,2025-07-30,SO Issue,A-20040,-1,EA,B-13-3,SHIPPING,SO-26101,,E103,210.93
IT-000855,2025-07-30,SO Issue,A-20114,-3,EA,B-18-5,SHIPPING,SO-26101,,E100,244.69
IT-000944,2025-07-30,SO Issue,A-20002,-3,EA,B-32-5,SHIPPING,SO-26134,,E077,1931.15
IT-001034,2025-07-30,SO Issue,A-20034,-3,EA,B-22-4,SHIPPING,SO-26168,,E079,111.33
IT-000625,2025-07-31,SO Issue,A-20061,-2,EA,E-02-5,SHIPPING,SO-26020,,E077,175.52
IT-000634,2025-07-31,SO Issue,A-20020,-5,EA,F-06-1,SHIPPING,SO-26023,,E076,316.62
IT-000808,2025-07-31,SO Issue,A-20038,-3,EA,C-40-3,SHIPPING,SO-26085,,E102,1997.97
IT-000947,2025-07-31,SO Issue,A-20061,-5,EA,F-24-3,SHIPPING,SO-26135,,E080,175.52
IT-000989,2025-07-31,SO Issue,A-20070,-3,EA,B-20-3,SHIPPING,SO-26152,,E079,1739.22
IT-001160,2025-07-31,SO Issue,A-20020,-1,EA,A-13-3,SHIPPING,SO-26209,,E079,316.62
IT-000965,2025-08-01,SO Issue,A-20110,-5,EA,A-13-3,SHIPPING,SO-26142,,E081,2979.18
IT-001038,2025-08-01,SO Issue,A-20076,-2,EA,C-30-1,SHIPPING,SO-26168,,E082,721.1800000000001
IT-001091,2025-08-01,SO Issue,A-20063,-1,EA,E-39-3,SHIPPING,SO-26186,,E079,1372.91
IT-001617,2025-08-01,SO Issue,A-20065,-5,EA,D-04-1,SHIPPING,SO-26384,,E102,798.0
IT-000758,2025-08-02,SO Issue,A-20076,-1,EA,A-16-5,SHIPPING,SO-26066,,E099,721.1800000000001
IT-000872,2025-08-02,SO Issue,A-20077,-1,EA,B-20-3,SHIPPING,SO-26108,,E080,869.98
IT-000920,2025-08-02,SO Issue,A-20090,-2,EA,B-11-3,SHIPPING,SO-26125,,E099,821.3000000000001
IT-001351,2025-08-02,SO Issue,A-20058,-1,EA,D-27-4,SHIPPING,SO-26276,,E080,254.75
IT-000840,2025-08-03,SO Issue,A-20078,-1,EA,A-25-1,SHIPPING,SO-26095,,E079,704.75
IT-000841,2025-08-03,SO Issue,A-20077,-1,EA,E-30-3,SHIPPING,SO-26095,,E106,869.98
IT-000894,2025-08-03,SO Issue,A-20013,-3,EA,B-32-5,SHIPPING,SO-26115,,E100,162.20000000000002
IT-000895,2025-08-03,SO Issue,A-20039,-1,EA,E-11-4,SHIPPING,SO-26115,,E077,415.87
IT-000949,2025-08-03,SO Issue,A-20039,-1,EA,F-07-2,SHIPPING,SO-26137,,E083,415.87
IT-001479,2025-08-03,SO Issue,A-20077,-5,EA,E-17-4,SHIPPING,SO-26323,,E082,869.98
IT-000327,2025-08-04,PO Receipt,P-20067,146,EA,RECEIVING,D-15-2,PO-31148,L250804-524,E104,20.51
IT-000363,2025-08-04,PO Receipt,P-10077,281,GA,RECEIVING,F-13-1,PO-31167,L250804-910,E106,27.8
IT-000364,2025-08-04,PO Receipt,P-10035,100,EA,RECEIVING,C-36-3,PO-31167,L250804-898,E079,21.4
IT-000365,2025-08-04,PO Receipt,P-10035,10,EA,RECEIVING,D-13-4,PO-31167,L250804-529,E101,21.4
IT-000366,2025-08-04,PO Receipt,P-10077,281,GA,RECEIVING,B-18-2,PO-31167,L250804-589,E082,27.8
IT-000809,2025-08-04,SO Issue,A-20013,-1,EA,B-06-4,SHIPPING,SO-26085,,E100,162.20000000000002
IT-000940,2025-08-04,SO Issue,A-20020,-2,EA,B-29-5,SHIPPING,SO-26134,,E079,316.62
IT-000963,2025-08-04,SO Issue,A-20073,-1,EA,A-02-2,SHIPPING,SO-26142,,E105,496.53000000000003
IT-000987,2025-08-04,SO Issue,A-20090,-5,EA,D-40-4,SHIPPING,SO-26150,,E105,821.3000000000001
IT-001610,2025-08-04,SO Issue,A-20107,-2,EA,F-08-5,SHIPPING,SO-26381,,E076,2631.9500000000003
IT-001611,2025-08-04,SO Issue,A-20013,-1,EA,C-05-2,SHIPPING,SO-26381,,E101,162.20000000000002
IT-000580,2025-08-05,SO Issue,A-20040,-3,EA,E-04-2,SHIPPING,SO-26003,,E099,210.93
IT-000896,2025-08-05,SO Issue,A-20093,-5,EA,A-25-1,SHIPPING,SO-26115,,E079,2017.22
IT-000934,2025-08-05,SO Issue,A-20003,-5,EA,D-37-4,SHIPPING,SO-26131,,E100,2450.66
IT-000990,2025-08-05,SO Issue,A-20031,-1,EA,E-22-5,SHIPPING,SO-26152,,E080,128.84
IT-001638,2025-08-05,SO Issue,A-20107,-2,EA,F-21-1,SHIPPING,SO-26393,,E104,2631.9500000000003
IT-000350,2025-08-06,PO Receipt,P-20032,100,EA,RECEIVING,D-25-1,PO-31160,L250806-386,E079,48.19
IT-000351,2025-08-06,PO Receipt,P-20118,16,EA,RECEIVING,F-34-5,PO-31160,L250806-921,E106,13.91
IT-000810,2025-08-06,SO Issue,A-20077,-2,EA,C-17-5,SHIPPING,SO-26085,,E100,869.98
IT-001249,2025-08-06,SO Issue,A-20114,-1,EA,E-22-5,SHIPPING,SO-26237,,E106,244.69
IT-001289,2025-08-06,SO Issue,A-20033,-1,EA,B-32-5,SHIPPING,SO-26252,,E102,328.62
IT-000572,2025-08-07,SO Issue,A-20031,-3,EA,F-25-5,SHIPPING,SO-26001,,E079,128.84
IT-000932,2025-08-07,SO Issue,A-20053,-2,EA,E-03-3,SHIPPING,SO-26131,,E081,695.65
IT-001137,2025-08-07,SO Issue,A-20072,-1,EA,E-02-5,SHIPPING,SO-26201,,E082,402.48
IT-000353,2025-08-08,PO Receipt,P-20000,42,EA,RECEIVING,C-18-3,PO-31162,L250808-488,E100,55.43
IT-000602,2025-08-08,SO Issue,A-20092,-2,EA,D-31-2,SHIPPING,SO-26011,,E077,1915.78
IT-000623,2025-08-08,SO Issue,A-20038,-1,EA,B-06-4,SHIPPING,SO-26018,,E100,1997.97
IT-001149,2025-08-08,SO Issue,A-20077,-1,EA,A-36-2,SHIPPING,SO-26205,,E099,869.98
IT-001477,2025-08-08,SO Issue,A-20087,-3,EA,E-03-4,SHIPPING,SO-26323,,E077,333.06
IT-000936,2025-08-09,SO Issue,A-20082,-3,EA,B-22-4,SHIPPING,SO-26131,,E099,841.44
IT-001405,2025-08-09,SO Issue,A-20107,-1,EA,D-28-1,SHIPPING,SO-26295,,E104,2631.9500000000003
IT-001445,2025-08-09,SO Issue,A-20101,-3,EA,C-12-4,SHIPPING,SO-26311,,E106,2382.4
IT-000611,2025-08-10,SO Issue,A-20087,-1,EA,E-31-2,SHIPPING,SO-26015,,E076,333.06
IT-000090,2025-08-11,PO Receipt,P-10042,84,BX,RECEIVING,B-36-4,PO-31038,L250811-309,E101,28.5
IT-000133,2025-08-11,PO Receipt,P-20095,250,EA,RECEIVING,C-07-2,PO-31055,L250811-680,E082,24.28
IT-000134,2025-08-11,PO Receipt,P-20064,50,EA,RECEIVING,B-35-1,PO-31055,L250811-512,E100,0.7000000000000001
IT-000935,2025-08-11,SO Issue,A-20072,-5,EA,F-03-4,SHIPPING,SO-26131,,E079,402.48
IT-000539,2025-08-12,PO Receipt,P-20079,66,EA,RECEIVING,C-05-1,PO-31248,L250812-831,E100,0.38
IT-000540,2025-08-12,PO Receipt,P-20056,112,EA,RECEIVING,B-27-5,PO-31248,L250812-599,E078,0.35000000000000003
IT-001059,2025-08-12,SO Issue,A-20107,-1,EA,F-16-1,SHIPPING,SO-26175,,E099,2631.9500000000003
IT-001377,2025-08-12,SO Issue,A-20013,-3,EA,D-32-3,SHIPPING,SO-26285,,E105,162.20000000000002
IT-000091,2025-08-13,PO Receipt,P-20109,149,EA,RECEIVING,F-39-5,PO-31039,L250813-168,E104,9.8
IT-000092,2025-08-13,PO Receipt,P-20062,197,EA,RECEIVING,A-18-5,PO-31039,L250813-661,E076,18.77
IT-000093,2025-08-13,PO Receipt,P-20113,10,EA,RECEIVING,D-38-3,PO-31039,L250813-467,E076,35.81
IT-000368,2025-08-13,PO Receipt,P-10070,25,EA,RECEIVING,C-02-5,PO-31169,L250813-159,E099,3.15
IT-000369,2025-08-13,PO Receipt,P-10049,25,BX,RECEIVING,A-37-4,PO-31169,L250813-324,E101,9.85
IT-001251,2025-08-13,SO Issue,A-20070,-3,EA,E-04-2,SHIPPING,SO-26237,,E083,1739.22
IT-001268,2025-08-13,SO Issue,A-20101,-1,EA,B-15-5,SHIPPING,SO-26245,,E101,2382.4
IT-001350,2025-08-13,SO Issue,A-20101,-5,EA,B-06-4,SHIPPING,SO-26276,,E078,2382.4
IT-001508,2025-08-13,SO Issue,A-20110,-5,EA,F-21-1,SHIPPING,SO-26338,,E101,2979.18
IT-000620,2025-08-14,SO Issue,A-20003,-1,EA,A-02-2,SHIPPING,SO-26018,,E103,2450.66
IT-000964,2025-08-14,SO Issue,A-20033,-3,EA,E-05-4,SHIPPING,SO-26142,,E081,328.62
IT-001376,2025-08-14,SO Issue,A-20092,-5,EA,E-02-5,SHIPPING,SO-26285,,E106,1915.78
IT-000357,2025-08-15,PO Receipt,P-20099,250,EA,RECEIVING,F-33-5,PO-31164,L250815-922,E101,0.77
IT-000358,2025-08-15,PO Receipt,P-20099,19,EA,RECEIVING,E-40-1,PO-31164,L250815-109,E078,0.77
IT-000575,2025-08-15,SO Issue,A-20039,-1,EA,E-22-5,SHIPPING,SO-26001,,E079,415.87
IT-000677,2025-08-15,SO Issue,A-20022,-2,EA,C-13-5,SHIPPING,SO-26038,,E076,155.41
IT-000991,2025-08-15,SO Issue,A-20114,-1,EA,F-07-2,SHIPPING,SO-26152,,E104,244.69
IT-001250,2025-08-15,SO Issue,A-20038,-1,EA,D-21-3,SHIPPING,SO-26237,,E103,1997.97
IT-001288,2025-08-15,SO Issue,A-20034,-3,EA,A-40-3,SHIPPING,SO-26252,,E080,111.33
IT-001352,2025-08-15,SO Issue,A-20101,-3,EA,E-04-4,SHIPPING,SO-26276,,E099,2382.4
IT-000578,2025-08-16,SO Issue,A-20034,-1,EA,D-19-4,SHIPPING,SO-26003,,E106,111.33
IT-000852,2025-08-16,SO Issue,A-20092,-1,EA,C-01-4,SHIPPING,SO-26100,,E105,1915.78
IT-000966,2025-08-16,SO Issue,A-20061,-2,EA,A-25-4,SHIPPING,SO-26142,,E106,175.52
IT-000933,2025-08-17,SO Issue,A-20020,-5,EA,D-04-1,SHIPPING,SO-26131,,E077,316.62
IT-000962,2025-08-17,SO Issue,A-20073,-2,EA,C-17-5,SHIPPING,SO-26142,,E101,496.53000000000003
IT-000992,2025-08-17,SO Issue,A-20065,-1,EA,D-31-2,SHIPPING,SO-26152,,E082,798.0
IT-000028,2025-08-18,PO Receipt,P-20106,250,EA,RECEIVING,C-31-5,PO-31014,L250818-230,E100,63.36
IT-000029,2025-08-18,PO Receipt,P-20041,11,EA,RECEIVING,B-19-3,PO-31014,L250818-521,E080,13.870000000000001
IT-000450,2025-08-18,PO Receipt,P-20011,128,EA,RECEIVING,B-06-3,PO-31206,L250818-687,E103,5.14
IT-000451,2025-08-18,PO Receipt,P-10028,203,EA,RECEIVING,E-35-4,PO-31206,L250818-606,E081,1265.0
IT-000452,2025-08-18,PO Receipt,P-10028,500,EA,RECEIVING,B-28-1,PO-31206,L250818-678,E103,1265.0
IT-000453,2025-08-18,PO Receipt,P-20104,157,EA,RECEIVING,E-18-5,PO-31206,L250818-574,E102,29.28
IT-001135,2025-08-18,SO Issue,A-20087,-3,EA,D-40-4,SHIPPING,SO-26201,,E082,333.06
IT-001136,2025-08-19,SO Issue,A-20097,-5,EA,B-22-3,SHIPPING,SO-26201,,E076,246.81
IT-001509,2025-08-19,SO Issue,A-20038,-1,EA,D-23-2,SHIPPING,SO-26338,,E079,1997.97
IT-000206,2025-08-20,PO Receipt,P-20046,109,EA,RECEIVING,D-08-3,PO-31093,L250820-937,E102,13.76
IT-000207,2025-08-20,PO Receipt,P-20080,20,EA,RECEIVING,F-28-3,PO-31093,L250820-421,E081,11.25
IT-000208,2025-08-20,PO Receipt,P-20000,50,EA,RECEIVING,B-12-3,PO-31093,L250820-981,E078,55.43
IT-000576,2025-08-20,SO Issue,A-20097,-5,EA,D-20-3,SHIPPING,SO-26001,,E080,246.81
IT-000579,2025-08-20,SO Issue,A-20110,-1,EA,C-07-5,SHIPPING,SO-26003,,E103,2979.18
IT-000622,2025-08-20,SO Issue,A-20093,-5,EA,C-07-5,SHIPPING,SO-26018,,E103,2017.22
IT-001378,2025-08-20,SO Issue,A-20030,-1,EA,B-35-4,SHIPPING,SO-26285,,E103,176.98
IT-000157,2025-08-21,PO Receipt,P-10105,80,LB,RECEIVING,A-27-5,PO-31067,L250821-597,E104,0.94
IT-000158,2025-08-21,PO Receipt,P-10105,50,LB,RECEIVING,E-37-3,PO-31067,L250821-834,E105,0.94
IT-000159,2025-08-21,PO Receipt,P-10098,10,LB,RECEIVING,E-20-1,PO-31067,L250821-313,E100,0.68
IT-000269,2025-08-21,PO Receipt,P-20083,137,EA,RECEIVING,A-29-4,PO-31124,L250821-488,E081,1.02
IT-000270,2025-08-21,PO Receipt,P-20011,128,EA,RECEIVING,C-15-3,PO-31124,L250821-335,E076,5.14
IT-000271,2025-08-21,PO Receipt,P-20009,127,EA,RECEIVING,C-32-3,PO-31124,L250821-893,E082,0.88
IT-000272,2025-08-21,PO Receipt,P-20083,137,EA,RECEIVING,F-02-4,PO-31124,L250821-277,E106,1.02
IT-001133,2025-08-21,SO Issue,A-20087,-5,EA,E-22-5,SHIPPING,SO-26201,,E104,333.06
IT-001143,2025-08-21,SO Issue,A-20073,-3,EA,B-32-5,SHIPPING,SO-26203,,E077,496.53000000000003
IT-001728,2025-08-21,Transfer,A-20010,-11,EA,A-25-4,E-28-2,Damage,,E102,383.63
IT-000970,2025-08-22,SO Issue,A-20020,-1,EA,D-34-4,SHIPPING,SO-26144,,E076,316.62
IT-001048,2025-08-22,SO Issue,A-20077,-1,EA,C-36-5,SHIPPING,SO-26171,,E082,869.98
IT-000087,2025-08-23,PO Receipt,P-20091,250,EA,RECEIVING,D-36-4,PO-31037,L250823-637,E078,12.05
IT-000088,2025-08-23,PO Receipt,P-20100,50,EA,RECEIVING,E-14-3,PO-31037,L250823-365,E082,36.730000000000004
IT-000089,2025-08-23,PO Receipt,P-20091,112,EA,RECEIVING,C-02-1,PO-31037,L250823-479,E103,12.05
IT-000108,2025-08-23,PO Receipt,P-20089,143,EA,RECEIVING,E-35-3,PO-31045,L250823-651,E077,14.19
IT-000582,2025-08-23,SO Issue,A-20034,-2,EA,C-33-3,SHIPPING,SO-26004,,E080,111.33
IT-001175,2025-08-23,SO Issue,A-20034,-3,EA,D-22-1,SHIPPING,SO-26215,,E082,111.33
IT-001483,2025-08-23,SO Issue,A-20003,-1,EA,F-26-1,SHIPPING,SO-26327,,E099,2450.66
IT-000420,2025-08-24,PO Receipt,P-20089,10,EA,RECEIVING,A-03-5,PO-31193,L250824-723,E100,14.19
IT-000421,2025-08-24,PO Receipt,P-20103,10,EA,RECEIVING,F-06-2,PO-31193,L250824-958,E077,17.330000000000002
IT-000422,2025-08-24,PO Receipt,P-20015,25,EA,RECEIVING,A-18-2,PO-31193,L250824-669,E078,5.42
IT-000423,2025-08-24,PO Receipt,P-20041,50,EA,RECEIVING,A-18-3,PO-31193,L250824-322,E083,13.870000000000001
IT-001150,2025-08-24,SO Issue,A-20097,-1,EA,C-01-4,SHIPPING,SO-26205,,E101,246.81
IT-001290,2025-08-24,SO Issue,A-20070,-1,EA,F-07-2,SHIPPING,SO-26252,,E100,1739.22
IT-000037,2025-08-25,PO Receipt,P-20067,100,EA,RECEIVING,C-19-2,PO-31018,L250825-481,E101,20.51
IT-000038,2025-08-25,PO Receipt,P-20026,79,EA,RECEIVING,C-05-2,PO-31018,L250825-557,E102,0.63
IT-000039,2025-08-25,PO Receipt,P-20017,11,EA,RECEIVING,A-16-1,PO-31018,L250825-524,E106,84.28
IT-000040,2025-08-25,PO Receipt,P-20119,13,EA,RECEIVING,F-07-4,PO-31018,L250825-143,E106,8.11
IT-000094,2025-08-25,PO Receipt,P-20054,191,EA,RECEIVING,D-40-4,PO-31040,L250825-335,E104,0.48
IT-000095,2025-08-25,PO Receipt,P-20069,73,EA,RECEIVING,C-04-2,PO-31040,L250825-463,E101,4.72
IT-000096,2025-08-25,PO Receipt,P-20069,100,EA,RECEIVING,B-15-1,PO-31040,L250825-852,E080,4.72
IT-000097,2025-08-25,PO Receipt,P-20021,57,EA,RECEIVING,B-28-3,PO-31040,L250825-563,E083,23.78
IT-001453,2025-08-25,SO Issue,A-20082,-3,EA,E-30-3,SHIPPING,SO-26314,,E102,841.44
IT-001510,2025-08-25,SO Issue,A-20030,-2,EA,C-36-2,SHIPPING,SO-26338,,E076,176.98
IT-000278,2025-08-26,PO Receipt,P-20046,109,EA,RECEIVING,D-01-1,PO-31127,L250826-438,E104,13.76
IT-000279,2025-08-26,PO Receipt,P-20052,62,EA,RECEIVING,F-06-1,PO-31127,L250826-294,E077,10.49
IT-000280,2025-08-26,PO Receipt,P-20048,100,EA,RECEIVING,C-30-1,PO-31127,L250826-906,E079,55.620000000000005
IT-000583,2025-08-26,SO Issue,A-20077,-5,EA,C-36-5,SHIPPING,SO-26004,,E079,869.98
IT-000854,2025-08-26,SO Issue,A-20022,-3,EA,C-10-2,SHIPPING,SO-26101,,E078,155.41
IT-001444,2025-08-26,SO Issue,A-20072,-1,EA,E-05-4,SHIPPING,SO-26311,,E076,402.48
IT-001144,2025-08-27,SO Issue,A-20058,-1,EA,D-06-5,SHIPPING,SO-26203,,E106,254.75
IT-001512,2025-08-27,SO Issue,A-20033,-5,EA,D-09-2,SHIPPING,SO-26338,,E082,328.62
IT-000018,2025-08-28,PO Receipt,P-20041,250,EA,RECEIVING,A-31-4,PO-31010,L250828-683,E078,13.870000000000001
IT-000019,2025-08-28,PO Receipt,P-20103,50,EA,RECEIVING,A-21-2,PO-31010,L250828-596,E105,17.330000000000002
IT-000581,2025-08-28,SO Issue,A-20013,-2,EA,E-31-2,SHIPPING,SO-26004,,E100,162.20000000000002
IT-000621,2025-08-28,SO Issue,A-20110,-5,EA,B-22-4,SHIPPING,SO-26018,,E076,2979.18
IT-000573,2025-08-29,SO Issue,A-20078,-5,EA,B-35-3,SHIPPING,SO-26001,,E099,704.75
IT-000619,2025-08-29,SO Issue,A-20114,-1,EA,D-21-5,SHIPPING,SO-26018,,E077,244.69
IT-000902,2025-08-29,SO Issue,A-20065,-5,EA,B-35-4,SHIPPING,SO-26118,,E079,798.0
IT-001369,2025-08-29,SO Issue,A-20077,-2,EA,D-27-4,SHIPPING,SO-26282,,E102,869.98
IT-001454,2025-08-29,SO Issue,A-20082,-5,EA,B-26-2,SHIPPING,SO-26314,,E083,841.44
IT-001484,2025-08-29,SO Issue,A-20031,-2,EA,B-37-2,SHIPPING,SO-26327,,E079,128.84
IT-000281,2025-08-30,PO Receipt,P-20088,46,EA,RECEIVING,C-33-2,PO-31128,L250830-886,E079,12.5
IT-000282,2025-08-30,PO Receipt,P-20088,46,EA,RECEIVING,E-31-5,PO-31128,L250830-716,E082,12.5
IT-000283,2025-08-30,PO Receipt,P-20088,10,EA,RECEIVING,A-20-4,PO-31128,L250830-865,E083,12.5
IT-000284,2025-08-30,PO Receipt,P-20088,50,EA,RECEIVING,D-34-2,PO-31128,L250830-173,E101,12.5
IT-001058,2025-08-30,SO Issue,A-20040,-1,EA,C-07-5,SHIPPING,SO-26175,,E105,210.93
IT-001416,2025-08-30,SO Issue,A-20082,-1,EA,B-22-3,SHIPPING,SO-26300,,E080,841.44
IT-001511,2025-08-30,SO Issue,A-20087,-3,EA,D-40-4,SHIPPING,SO-26338,,E101,333.06
IT-001739,2025-08-30,Scrap,P-20049,-1,EA,B-05-1,A-19-1,Bin move,,E080,6.0200000000000005
IT-000352,2025-08-31,PO Receipt,P-20075,72,EA,RECEIVING,E-15-5,PO-31161,L250831-897,E100,14.48
IT-001057,2025-08-31,SO Issue,A-20097,-5,EA,E-04-2,SHIPPING,SO-26175,,E100,246.81
IT-001049,2025-09-01,SO Issue,A-20090,-5,EA,A-15-3,SHIPPING,SO-26171,,E099,821.3000000000001
IT-001060,2025-09-01,SO Issue,A-20097,-1,EA,A-02-2,SHIPPING,SO-26175,,E104,246.81
IT-001716,2025-09-01,SO Issue,A-20002,-1,EA,E-31-2,SHIPPING,SO-26420,,E102,1931.15
IT-000032,2025-09-02,PO Receipt,P-20051,500,EA,RECEIVING,C-03-2,PO-31016,L250902-639,E102,11.200000000000001
IT-000033,2025-09-02,PO Receipt,P-20045,82,EA,RECEIVING,F-28-1,PO-31016,L250902-190,E106,0.18
IT-000034,2025-09-02,PO Receipt,P-20027,32,EA,RECEIVING,D-12-2,PO-31016,L250902-517,E077,8.42
IT-000085,2025-09-03,PO Receipt,P-20026,25,EA,RECEIVING,B-20-5,PO-31036,L250903-687,E106,0.63
IT-000086,2025-09-03,PO Receipt,P-20017,11,EA,RECEIVING,E-37-2,PO-31036,L250903-729,E081,84.28
IT-000570,2025-09-03,PO Receipt,P-20045,82,EA,RECEIVING,E-22-2,PO-31260,L250903-121,E083,0.18
IT-000571,2025-09-03,PO Receipt,P-20064,42,EA,RECEIVING,F-01-4,PO-31260,L250903-496,E080,0.7000000000000001
IT-000574,2025-09-03,SO Issue,A-20003,-5,EA,B-22-3,SHIPPING,SO-26001,,E106,2450.66
IT-000909,2025-09-03,SO Issue,A-20031,-1,EA,B-06-4,SHIPPING,SO-26121,,E101,128.84
IT-001279,2025-09-03,SO Issue,A-20110,-2,EA,A-25-4,SHIPPING,SO-26249,,E078,2979.18
IT-001473,2025-09-03,SO Issue,A-20020,-3,EA,A-14-1,SHIPPING,SO-26320,,E082,316.62
IT-000549,2025-09-04,PO Receipt,P-20015,10,EA,RECEIVING,F-16-2,PO-31252,L250904-823,E077,5.42
IT-000550,2025-09-04,PO Receipt,P-20089,500,EA,RECEIVING,B-31-5,PO-31252,L250904-929,E102,14.19
IT-000551,2025-09-04,PO Receipt,P-20103,100,EA,RECEIVING,C-16-4,PO-31252,L250904-503,E083,17.330000000000002
IT-000767,2025-09-04,SO Issue,A-20022,-1,EA,D-27-4,SHIPPING,SO-26069,,E106,155.41
IT-000903,2025-09-04,SO Issue,A-20092,-1,EA,A-25-4,SHIPPING,SO-26118,,E099,1915.78
IT-000905,2025-09-04,SO Issue,A-20022,-1,EA,D-16-3,SHIPPING,SO-26118,,E104,155.41
IT-001417,2025-09-04,SO Issue,A-20022,-1,EA,E-34-5,SHIPPING,SO-26300,,E105,155.41
IT-001452,2025-09-04,SO Issue,A-20093,-3,EA,A-03-3,SHIPPING,SO-26314,,E099,2017.22
IT-000527,2025-09-05,PO Receipt,P-20080,20,EA,RECEIVING,C-25-1,PO-31242,L250905-829,E082,11.25
IT-000528,2025-09-05,PO Receipt,P-20000,42,EA,RECEIVING,E-11-5,PO-31242,L250905-915,E105,55.43
IT-000678,2025-09-05,SO Issue,A-20097,-2,EA,F-16-1,SHIPPING,SO-26038,,E076,246.81
IT-001050,2025-09-05,SO Issue,A-20002,-1,EA,D-04-1,SHIPPING,SO-26171,,E100,1931.15
IT-001267,2025-09-05,SO Issue,A-20101,-3,EA,A-21-2,SHIPPING,SO-26245,,E103,2382.4
IT-001472,2025-09-05,SO Issue,A-20061,-1,EA,D-27-4,SHIPPING,SO-26320,,E076,175.52
IT-001514,2025-09-05,SO Issue,A-20110,-5,EA,F-39-5,SHIPPING,SO-26340,,E103,2979.18
IT-001471,2025-09-06,SO Issue,A-20087,-1,EA,D-06-5,SHIPPING,SO-26320,,E102,333.06
IT-001513,2025-09-07,SO Issue,A-20065,-1,EA,A-26-1,SHIPPING,SO-26340,,E080,798.0
IT-001715,2025-09-07,SO Issue,A-20114,-3,EA,C-02-5,SHIPPING,SO-26420,,E083,244.69
IT-000979,2025-09-08,SO Issue,A-20101,-5,EA,A-25-4,SHIPPING,SO-26147,,E079,2382.4
IT-001065,2025-09-08,SO Issue,A-20101,-5,EA,D-31-5,SHIPPING,SO-26177,,E101,2382.4
IT-001066,2025-09-08,SO Issue,A-20038,-3,EA,D-06-5,SHIPPING,SO-26177,,E105,1997.97
IT-001722,2025-09-08,Cycle Count Adj,P-20068,1,EA,E-12-1,C-10-1,Damage,,E102,11.97
IT-000496,2025-09-09,PO Receipt,P-20049,100,EA,RECEIVING,D-05-2,PO-31226,L250909-862,E081,6.0200000000000005
IT-001370,2025-09-10,SO Issue,A-20020,-2,EA,F-06-1,SHIPPING,SO-26282,,E082,316.62
IT-000020,2025-09-11,PO Receipt,P-20062,10,EA,RECEIVING,B-14-1,PO-31011,L250911-889,E106,18.77
IT-000021,2025-09-11,PO Receipt,P-20062,10,EA,RECEIVING,A-08-2,PO-31011,L250911-218,E102,18.77
IT-000022,2025-09-11,PO Receipt,P-20062,10,EA,RECEIVING,E-31-5,PO-31011,L250911-140,E105,18.77
IT-000215,2025-09-11,PO Receipt,P-20091,100,EA,RECEIVING,A-08-3,PO-31097,L250911-877,E104,12.05
IT-000216,2025-09-11,PO Receipt,P-20006,112,EA,RECEIVING,C-11-4,PO-31097,L250911-524,E100,0.2
IT-000910,2025-09-11,SO Issue,A-20058,-1,EA,F-39-5,SHIPPING,SO-26121,,E081,254.75
IT-001308,2025-09-11,SO Issue,A-20072,-1,EA,C-10-2,SHIPPING,SO-26259,,E081,402.48
IT-001132,2025-09-12,SO Issue,A-20033,-1,EA,B-34-1,SHIPPING,SO-26200,,E080,328.62
IT-001751,2025-09-12,Cycle Count Adj,P-10105,-3,LB,F-29-5,B-18-5,Damage,,E102,0.94
IT-001067,2025-09-13,SO Issue,A-20090,-2,EA,C-10-2,SHIPPING,SO-26177,,E100,821.3000000000001
IT-001307,2025-09-13,SO Issue,A-20034,-2,EA,B-34-1,SHIPPING,SO-26259,,E099,111.33
IT-000041,2025-09-14,PO Receipt,P-20088,46,EA,RECEIVING,D-24-5,PO-31019,L250914-235,E081,12.5
IT-000042,2025-09-14,PO Receipt,P-20088,46,EA,RECEIVING,D-04-5,PO-31019,L250914-937,E076,12.5
IT-000043,2025-09-14,PO Receipt,P-20088,46,EA,RECEIVING,F-37-4,PO-31019,L250914-729,E099,12.5
IT-000437,2025-09-14,PO Receipt,P-20088,46,EA,RECEIVING,C-38-3,PO-31201,L250914-638,E103,12.5
IT-000593,2025-09-14,SO Issue,A-20107,-1,EA,D-09-2,SHIPPING,SO-26009,,E106,2631.9500000000003
IT-001177,2025-09-14,SO Issue,A-20022,-5,EA,D-14-3,SHIPPING,SO-26215,,E077,155.41
IT-000662,2025-09-15,SO Issue,A-20093,-2,EA,F-34-5,SHIPPING,SO-26033,,E079,2017.22
IT-000679,2025-09-15,SO Issue,A-20034,-5,EA,A-05-2,SHIPPING,SO-26038,,E083,111.33
IT-000730,2025-09-15,SO Issue,A-20033,-1,EA,D-31-2,SHIPPING,SO-26058,,E077,328.62
IT-000980,2025-09-15,SO Issue,A-20020,-1,EA,D-40-4,SHIPPING,SO-26147,,E080,316.62
IT-001080,2025-09-15,SO Issue,A-20063,-1,EA,A-14-1,SHIPPING,SO-26181,,E105,1372.91
IT-001176,2025-09-15,SO Issue,A-20087,-3,EA,A-40-3,SHIPPING,SO-26215,,E082,333.06
IT-001253,2025-09-15,SO Issue,A-20043,-5,EA,C-25-2,SHIPPING,SO-26239,,E080,1336.88
IT-000762,2025-09-16,SO Issue,A-20063,-1,EA,B-32-5,SHIPPING,SO-26067,,E103,1372.91
IT-000768,2025-09-16,SO Issue,A-20063,-1,EA,C-30-1,SHIPPING,SO-26069,,E080,1372.91
IT-000908,2025-09-16,SO Issue,A-20034,-1,EA,C-12-4,SHIPPING,SO-26121,,E106,111.33
IT-000978,2025-09-16,SO Issue,A-20107,-1,EA,E-17-5,SHIPPING,SO-26146,,E099,2631.9500000000003
IT-000455,2025-09-17,PO Receipt,P-20054,191,EA,RECEIVING,E-32-4,PO-31208,L250917-955,E080,0.48
IT-000456,2025-09-17,PO Receipt,P-20054,500,EA,RECEIVING,F-30-4,PO-31208,L250917-807,E102,0.48
IT-000457,2025-09-17,PO Receipt,P-20069,73,EA,RECEIVING,B-12-1,PO-31208,L250917-215,E101,4.72
IT-000904,2025-09-17,SO Issue,A-20077,-1,EA,E-04-4,SHIPPING,SO-26118,,E080,869.98
IT-001306,2025-09-17,SO Issue,A-20061,-5,EA,F-34-5,SHIPPING,SO-26259,,E078,175.52
IT-000186,2025-09-18,PO Receipt,P-20080,25,EA,RECEIVING,E-01-3,PO-31080,L250918-145,E105,11.25
IT-000187,2025-09-18,PO Receipt,P-20000,500,EA,RECEIVING,C-05-5,PO-31080,L250918-611,E103,55.43
IT-000261,2025-09-18,PO Receipt,P-20113,162,EA,RECEIVING,E-25-2,PO-31121,L250918-828,E081,35.81
IT-000262,2025-09-18,PO Receipt,P-20062,197,EA,RECEIVING,A-38-4,PO-31121,L250918-765,E105,18.77
IT-000263,2025-09-18,PO Receipt,P-20062,197,EA,RECEIVING,B-28-2,PO-31121,L250918-514,E099,18.77
IT-000383,2025-09-18,PO Receipt,P-10035,250,EA,RECEIVING,B-13-2,PO-31176,L250918-290,E078,21.4
IT-000596,2025-09-18,SO Issue,A-20034,-1,EA,D-09-2,SHIPPING,SO-26009,,E099,111.33
IT-000795,2025-09-18,SO Issue,A-20003,-1,EA,A-21-2,SHIPPING,SO-26080,,E078,2450.66
IT-000875,2025-09-18,SO Issue,A-20043,-1,EA,E-30-3,SHIPPING,SO-26109,,E080,1336.88
IT-001269,2025-09-18,SO Issue,A-20114,-3,EA,F-39-5,SHIPPING,SO-26246,,E078,244.69
IT-000595,2025-09-19,SO Issue,A-20030,-1,EA,D-16-3,SHIPPING,SO-26009,,E078,176.98
IT-001130,2025-09-19,SO Issue,A-20092,-2,EA,D-34-4,SHIPPING,SO-26200,,E101,1915.78
IT-001725,2025-09-19,Scrap,A-20034,8,EA,D-16-3,C-27-3,Bin move,,E082,111.33
IT-001738,2025-09-19,Cycle Count Adj,P-20051,-10,EA,A-26-4,C-22-5,,,E104,11.200000000000001
IT-000238,2025-09-20,PO Receipt,P-20091,50,EA,RECEIVING,A-24-4,PO-31111,L250920-903,E078,12.05
IT-000239,2025-09-20,PO Receipt,P-20091,112,EA,RECEIVING,E-36-2,PO-31111,L250920-346,E106,12.05
IT-000240,2025-09-20,PO Receipt,P-20091,10,EA,RECEIVING,D-24-3,PO-31111,L250920-791,E079,12.05
IT-000384,2025-09-20,PO Receipt,P-10035,193,EA,RECEIVING,B-10-3,PO-31177,L250920-317,E103,21.4
IT-000385,2025-09-20,PO Receipt,P-10077,281,GA,RECEIVING,D-28-3,PO-31177,L250920-851,E081,27.8
IT-000873,2025-09-20,SO Issue,A-20039,-5,EA,E-31-2,SHIPPING,SO-26109,,E101,415.87
IT-000177,2025-09-21,PO Receipt,P-20104,100,EA,RECEIVING,F-12-1,PO-31075,L250921-898,E076,29.28
IT-000535,2025-09-21,PO Receipt,P-10014,216,EA,RECEIVING,A-06-2,PO-31247,L250921-801,E079,8.95
IT-000536,2025-09-21,PO Receipt,P-20011,128,EA,RECEIVING,C-12-4,PO-31247,L250921-797,E080,5.14
IT-000537,2025-09-21,PO Receipt,P-20074,10,EA,RECEIVING,A-13-3,PO-31247,L250921-936,E101,19.76
IT-000538,2025-09-21,PO Receipt,P-10007,328,EA,RECEIVING,B-36-4,PO-31247,L250921-436,E106,11.8
IT-000663,2025-09-21,SO Issue,A-20097,-3,EA,A-13-3,SHIPPING,SO-26033,,E105,246.81
IT-000759,2025-09-21,SO Issue,A-20076,-1,EA,F-08-5,SHIPPING,SO-26067,,E103,721.1800000000001
IT-001278,2025-09-21,SO Issue,A-20040,-3,EA,B-02-5,SHIPPING,SO-26249,,E103,210.93
IT-001558,2025-09-21,SO Issue,A-20082,-5,EA,C-36-2,SHIPPING,SO-26358,,E081,841.44
IT-000373,2025-09-22,PO Receipt,P-20056,112,EA,RECEIVING,B-07-4,PO-31172,L250922-156,E083,0.35000000000000003
IT-000374,2025-09-22,PO Receipt,P-20079,66,EA,RECEIVING,E-23-2,PO-31172,L250922-743,E101,0.38
IT-000375,2025-09-22,PO Receipt,P-20056,100,EA,RECEIVING,E-02-4,PO-31172,L250922-459,E100,0.35000000000000003
IT-000607,2025-09-22,SO Issue,A-20114,-2,EA,B-34-1,SHIPPING,SO-26013,,E081,244.69
IT-000823,2025-09-22,SO Issue,A-20040,-1,EA,B-22-4,SHIPPING,SO-26089,,E082,210.93
IT-001068,2025-09-22,SO Issue,A-20039,-1,EA,C-30-1,SHIPPING,SO-26177,,E077,415.87
IT-001476,2025-09-22,SO Issue,A-20031,-3,EA,B-07-4,SHIPPING,SO-26322,,E100,128.84
IT-000204,2025-09-23,PO Receipt,P-20024,25,EA,RECEIVING,D-23-4,PO-31092,L250923-677,E083,0.38
IT-000205,2025-09-23,PO Receipt,P-10063,250,BD,RECEIVING,D-20-2,PO-31092,L250923-928,E083,31.0
IT-000760,2025-09-23,SO Issue,A-20036,-1,EA,D-18-2,SHIPPING,SO-26067,,E106,2945.65
IT-000822,2025-09-24,SO Issue,A-20030,-2,EA,A-40-3,SHIPPING,SO-26089,,E099,176.98
IT-000976,2025-09-24,SO Issue,A-20065,-1,EA,F-25-5,SHIPPING,SO-26146,,E104,798.0
IT-001652,2025-09-24,SO Issue,A-20070,-1,EA,E-02-5,SHIPPING,SO-26398,,E083,1739.22
IT-000182,2025-09-25,PO Receipt,P-20099,100,EA,RECEIVING,E-40-3,PO-31078,L250925-402,E104,0.77
IT-000770,2025-09-25,SO Issue,A-20061,-3,EA,E-39-3,SHIPPING,SO-26069,,E078,175.52
IT-001131,2025-09-25,SO Issue,A-20076,-5,EA,D-22-1,SHIPPING,SO-26200,,E076,721.1800000000001
IT-001675,2025-09-25,SO Issue,A-20020,-5,EA,E-02-5,SHIPPING,SO-26406,,E101,316.62
IT-000915,2025-09-26,SO Issue,A-20087,-2,EA,A-19-3,SHIPPING,SO-26123,,E101,333.06
IT-001387,2025-09-26,SO Issue,A-20114,-1,EA,D-23-2,SHIPPING,SO-26288,,E102,244.69
IT-001650,2025-09-26,SO Issue,A-20013,-1,EA,A-25-4,SHIPPING,SO-26398,,E081,162.20000000000002
IT-000359,2025-09-27,PO Receipt,P-10105,50,LB,RECEIVING,A-10-5,PO-31165,L250927-535,E101,0.94
IT-000360,2025-09-27,PO Receipt,P-10105,10,LB,RECEIVING,B-17-2,PO-31165,L250927-234,E104,0.94
IT-000592,2025-09-27,SO Issue,A-20090,-5,EA,B-02-5,SHIPPING,SO-26009,,E081,821.3000000000001
IT-000824,2025-09-27,SO Issue,A-20034,-2,EA,F-07-2,SHIPPING,SO-26089,,E104,111.33
IT-001219,2025-09-27,SO Issue,A-20003,-1,EA,D-20-3,SHIPPING,SO-26227,,E083,2450.66
IT-000769,2025-09-28,SO Issue,A-20101,-1,EA,F-16-1,SHIPPING,SO-26069,,E079,2382.4
IT-001055,2025-09-28,SO Issue,A-20003,-5,EA,F-01-5,SHIPPING,SO-26173,,E101,2450.66
IT-001475,2025-09-28,SO Issue,A-20038,-2,EA,D-28-1,SHIPPING,SO-26322,,E081,1997.97
IT-000874,2025-09-29,SO Issue,A-20110,-1,EA,B-07-4,SHIPPING,SO-26109,,E100,2979.18
IT-000974,2025-09-29,SO Issue,A-20022,-5,EA,D-06-5,SHIPPING,SO-26146,,E083,155.41
IT-001432,2025-09-29,SO Issue,A-20003,-2,EA,C-02-5,SHIPPING,SO-26306,,E081,2450.66
IT-001575,2025-09-29,SO Issue,A-20034,-1,EA,D-28-1,SHIPPING,SO-26367,,E103,111.33
IT-000106,2025-09-30,PO Receipt,P-20027,10,EA,RECEIVING,D-08-3,PO-31044,L250930-852,E102,8.42
IT-000107,2025-09-30,PO Receipt,P-20095,160,EA,RECEIVING,B-24-4,PO-31044,L250930-866,E104,24.28
IT-000131,2025-09-30,PO Receipt,P-20052,62,EA,RECEIVING,A-31-5,PO-31053,L250930-273,E078,10.49
IT-000132,2025-09-30,PO Receipt,P-20048,250,EA,RECEIVING,D-19-4,PO-31053,L250930-112,E083,55.620000000000005
IT-000731,2025-09-30,SO Issue,A-20093,-5,EA,E-03-3,SHIPPING,SO-26058,,E076,2017.22
IT-000975,2025-09-30,SO Issue,A-20020,-3,EA,D-31-5,SHIPPING,SO-26146,,E101,316.62
IT-001081,2025-09-30,SO Issue,A-20033,-5,EA,C-02-5,SHIPPING,SO-26181,,E106,328.62
IT-001386,2025-09-30,SO Issue,A-20053,-5,EA,C-37-4,SHIPPING,SO-26288,,E082,695.65
IT-001553,2025-09-30,SO Issue,A-20036,-1,EA,C-28-4,SHIPPING,SO-26356,,E099,2945.65
IT-001651,2025-09-30,SO Issue,A-20020,-5,EA,F-34-5,SHIPPING,SO-26398,,E083,316.62
IT-001708,2025-09-30,SO Issue,A-20092,-2,EA,A-19-3,SHIPPING,SO-26417,,E104,1915.78
IT-000245,2025-10-01,PO Receipt,P-20075,72,EA,RECEIVING,E-04-3,PO-31113,L251001-396,E081,14.48
IT-000246,2025-10-01,PO Receipt,P-20079,66,EA,RECEIVING,C-29-3,PO-31113,L251001-423,E081,0.38
IT-000479,2025-10-01,PO Receipt,P-20023,50,EA,RECEIVING,A-24-4,PO-31217,L251001-827,E101,28.060000000000002
IT-000480,2025-10-01,PO Receipt,P-20012,57,EA,RECEIVING,C-40-2,PO-31217,L251001-786,E103,29.94
IT-000761,2025-10-01,SO Issue,A-20101,-1,EA,D-22-1,SHIPPING,SO-26067,,E083,2382.4
IT-001388,2025-10-01,SO Issue,A-20092,-3,EA,C-10-2,SHIPPING,SO-26288,,E103,1915.78
IT-000191,2025-10-02,PO Receipt,P-10035,193,EA,RECEIVING,B-37-2,PO-31085,L251002-275,E080,21.4
IT-000977,2025-10-02,SO Issue,A-20022,-3,EA,D-22-2,SHIPPING,SO-26146,,E102,155.41
IT-001460,2025-10-03,SO Issue,A-20034,-3,EA,D-23-3,SHIPPING,SO-26317,,E099,111.33
IT-001545,2025-10-03,SO Issue,A-20107,-5,EA,E-28-3,SHIPPING,SO-26354,,E077,2631.9500000000003
IT-000188,2025-10-04,PO Receipt,P-20083,137,EA,RECEIVING,D-33-1,PO-31082,L251004-461,E079,1.02
IT-000277,2025-10-04,PO Receipt,P-20044,500,EA,RECEIVING,C-07-4,PO-31126,L251004-581,E081,25.1
IT-000626,2025-10-04,SO Issue,A-20110,-3,EA,F-07-2,SHIPPING,SO-26021,,E076,2979.18
IT-000807,2025-10-04,SO Issue,A-20087,-3,EA,B-02-5,SHIPPING,SO-26084,,E103,333.06
IT-000435,2025-10-05,PO Receipt,P-20018,27,EA,RECEIVING,E-27-5,PO-31200,L251005-636,E082,25.87
IT-000436,2025-10-05,PO Receipt,P-20060,123,EA,RECEIVING,E-39-3,PO-31200,L251005-814,E077,26.88
IT-000594,2025-10-05,SO Issue,A-20033,-3,EA,A-40-3,SHIPPING,SO-26009,,E099,328.62
IT-000916,2025-10-05,SO Issue,A-20043,-1,EA,D-12-5,SHIPPING,SO-26123,,E076,1336.88
IT-001218,2025-10-05,SO Issue,A-20097,-3,EA,A-36-2,SHIPPING,SO-26227,,E102,246.81
IT-001431,2025-10-05,SO Issue,A-20003,-1,EA,B-22-4,SHIPPING,SO-26306,,E081,2450.66
IT-000627,2025-10-06,SO Issue,A-20093,-2,EA,D-16-3,SHIPPING,SO-26021,,E106,2017.22
IT-001180,2025-10-06,SO Issue,A-20070,-1,EA,D-23-3,SHIPPING,SO-26217,,E105,1739.22
IT-001330,2025-10-06,SO Issue,A-20058,-1,EA,B-18-5,SHIPPING,SO-26269,,E081,254.75
IT-001463,2025-10-06,SO Issue,A-20107,-3,EA,B-07-2,SHIPPING,SO-26317,,E102,2631.9500000000003
IT-000665,2025-10-07,SO Issue,A-20090,-3,EA,A-24-3,SHIPPING,SO-26034,,E076,821.3000000000001
IT-001088,2025-10-07,SO Issue,A-20020,-2,EA,C-40-3,SHIPPING,SO-26184,,E102,316.62
IT-001493,2025-10-07,SO Issue,A-20065,-3,EA,C-11-2,SHIPPING,SO-26332,,E104,798.0
IT-001548,2025-10-07,SO Issue,A-20003,-3,EA,D-31-5,SHIPPING,SO-26354,,E103,2450.66
IT-000664,2025-10-08,SO Issue,A-20058,-1,EA,A-22-4,SHIPPING,SO-26034,,E104,254.75
IT-001087,2025-10-08,SO Issue,A-20110,-2,EA,B-13-3,SHIPPING,SO-26184,,E079,2979.18
IT-001552,2025-10-08,SO Issue,A-20013,-1,EA,B-22-3,SHIPPING,SO-26356,,E077,162.20000000000002
IT-001555,2025-10-08,SO Issue,A-20040,-3,EA,D-06-4,SHIPPING,SO-26356,,E102,210.93
IT-001642,2025-10-08,SO Issue,A-20053,-1,EA,A-37-5,SHIPPING,SO-26395,,E101,695.65
IT-001645,2025-10-08,SO Issue,A-20053,-1,EA,B-35-3,SHIPPING,SO-26396,,E079,695.65
IT-001179,2025-10-09,SO Issue,A-20013,-3,EA,E-33-4,SHIPPING,SO-26217,,E079,162.20000000000002
IT-001301,2025-10-09,SO Issue,A-20101,-1,EA,A-08-1,SHIPPING,SO-26257,,E100,2382.4
IT-001709,2025-10-09,SO Issue,A-20097,-5,EA,E-02-5,SHIPPING,SO-26417,,E076,246.81
IT-000103,2025-10-10,PO Receipt,P-20113,50,EA,RECEIVING,A-02-1,PO-31043,L251010-845,E077,35.81
IT-000104,2025-10-10,PO Receipt,P-20113,162,EA,RECEIVING,C-14-5,PO-31043,L251010-668,E081,35.81
IT-000105,2025-10-10,PO Receipt,P-20113,500,EA,RECEIVING,A-23-2,PO-31043,L251010-412,E081,35.81
IT-000386,2025-10-10,PO Receipt,P-20083,137,EA,RECEIVING,E-06-5,PO-31178,L251010-609,E103,1.02
IT-000387,2025-10-10,PO Receipt,P-20083,137,EA,RECEIVING,E-30-1,PO-31178,L251010-515,E101,1.02
IT-000848,2025-10-10,SO Issue,A-20087,-1,EA,F-16-1,SHIPPING,SO-26098,,E081,333.06
IT-001226,2025-10-10,SO Issue,A-20065,-1,EA,B-22-4,SHIPPING,SO-26230,,E102,798.0
IT-000016,2025-10-11,PO Receipt,P-20032,189,EA,RECEIVING,D-08-3,PO-31009,L251011-112,E080,48.19
IT-000017,2025-10-11,PO Receipt,P-20111,250,EA,RECEIVING,B-40-4,PO-31009,L251011-555,E100,23.71
IT-000264,2025-10-11,PO Receipt,P-20017,11,EA,RECEIVING,F-26-5,PO-31122,L251011-880,E077,84.28
IT-000265,2025-10-11,PO Receipt,P-20119,13,EA,RECEIVING,F-36-5,PO-31122,L251011-936,E099,8.11
IT-001222,2025-10-11,SO Issue,A-20076,-1,EA,D-21-5,SHIPPING,SO-26228,,E076,721.1800000000001
IT-001554,2025-10-11,SO Issue,A-20031,-1,EA,E-22-5,SHIPPING,SO-26356,,E100,128.84
IT-001571,2025-10-11,SO Issue,A-20110,-2,EA,F-21-1,SHIPPING,SO-26363,,E101,2979.18
IT-000529,2025-10-12,PO Receipt,P-10105,80,LB,RECEIVING,E-22-2,PO-31243,L251012-833,E103,0.94
IT-000530,2025-10-12,PO Receipt,P-10098,292,LB,RECEIVING,B-19-1,PO-31243,L251012-132,E100,0.68
IT-000531,2025-10-12,PO Receipt,P-10105,80,LB,RECEIVING,C-26-1,PO-31243,L251012-499,E082,0.94
IT-000628,2025-10-12,SO Issue,A-20033,-1,EA,A-05-2,SHIPPING,SO-26021,,E082,328.62
IT-001086,2025-10-12,SO Issue,A-20082,-1,EA,F-39-5,SHIPPING,SO-26184,,E080,841.44
IT-001676,2025-10-12,SO Issue,A-20034,-1,EA,B-34-1,SHIPPING,SO-26407,,E105,111.33
IT-000075,2025-10-13,PO Receipt,P-20015,97,EA,RECEIVING,E-03-5,PO-31032,L251013-606,E104,5.42
IT-000076,2025-10-13,PO Receipt,P-20089,143,EA,RECEIVING,C-29-5,PO-31032,L251013-404,E105,14.19
IT-000077,2025-10-13,PO Receipt,P-20106,84,EA,RECEIVING,A-06-4,PO-31032,L251013-940,E099,63.36
IT-000565,2025-10-13,PO Receipt,P-20088,250,EA,RECEIVING,B-20-3,PO-31258,L251013-688,E106,12.5
IT-000566,2025-10-13,PO Receipt,P-20088,46,EA,RECEIVING,E-33-2,PO-31258,L251013-558,E080,12.5
IT-000567,2025-10-13,PO Receipt,P-20088,50,EA,RECEIVING,D-24-1,PO-31258,L251013-808,E079,12.5
IT-000806,2025-10-13,SO Issue,A-20058,-1,EA,F-06-1,SHIPPING,SO-26084,,E079,254.75
IT-001343,2025-10-13,SO Issue,A-20031,-1,EA,B-32-5,SHIPPING,SO-26274,,E105,128.84
IT-001345,2025-10-13,SO Issue,A-20034,-1,EA,D-14-3,SHIPPING,SO-26274,,E099,111.33
IT-001557,2025-10-13,SO Issue,A-20038,-1,EA,B-13-3,SHIPPING,SO-26358,,E099,1997.97
IT-000956,2025-10-14,SO Issue,A-20101,-2,EA,B-06-4,SHIPPING,SO-26140,,E106,2382.4
IT-001085,2025-10-14,SO Issue,A-20036,-3,EA,C-28-4,SHIPPING,SO-26184,,E081,2945.65
IT-001385,2025-10-14,SO Issue,A-20013,-1,EA,C-33-3,SHIPPING,SO-26288,,E078,162.20000000000002
IT-001462,2025-10-14,SO Issue,A-20101,-1,EA,D-04-1,SHIPPING,SO-26317,,E081,2382.4
IT-000402,2025-10-15,PO Receipt,P-10077,281,GA,RECEIVING,A-11-3,PO-31185,L251015-758,E105,27.8
IT-000403,2025-10-15,PO Receipt,P-10035,193,EA,RECEIVING,F-40-1,PO-31185,L251015-593,E080,21.4
IT-000998,2025-10-16,SO Issue,A-20038,-1,EA,B-35-3,SHIPPING,SO-26154,,E099,1997.97
IT-001227,2025-10-16,SO Issue,A-20097,-3,EA,A-40-3,SHIPPING,SO-26230,,E105,246.81
IT-001300,2025-10-16,SO Issue,A-20107,-1,EA,E-02-5,SHIPPING,SO-26257,,E103,2631.9500000000003
IT-001546,2025-10-16,SO Issue,A-20092,-1,EA,C-07-5,SHIPPING,SO-26354,,E078,1915.78
IT-001551,2025-10-16,SO Issue,A-20022,-1,EA,E-30-3,SHIPPING,SO-26356,,E104,155.41
IT-000333,2025-10-17,PO Receipt,P-20067,146,EA,RECEIVING,D-06-3,PO-31152,L251017-412,E102,20.51
IT-000334,2025-10-17,PO Receipt,P-20116,115,EA,RECEIVING,B-19-5,PO-31152,L251017-904,E101,0.1
IT-000335,2025-10-17,PO Receipt,P-20116,115,EA,RECEIVING,E-30-4,PO-31152,L251017-792,E099,0.1
IT-000336,2025-10-17,PO Receipt,P-20067,146,EA,RECEIVING,C-38-2,PO-31152,L251017-108,E082,20.51
IT-000591,2025-10-17,SO Issue,A-20022,-5,EA,C-37-5,SHIPPING,SO-26008,,E077,155.41
IT-000629,2025-10-17,SO Issue,A-20072,-1,EA,E-04-2,SHIPPING,SO-26021,,E081,402.48
IT-000957,2025-10-17,SO Issue,A-20092,-5,EA,F-25-5,SHIPPING,SO-26140,,E100,1915.78
IT-001008,2025-10-17,SO Issue,A-20065,-1,EA,E-05-4,SHIPPING,SO-26159,,E083,798.0
IT-001255,2025-10-17,SO Issue,A-20034,-1,EA,B-07-2,SHIPPING,SO-26240,,E102,111.33
IT-001299,2025-10-17,SO Issue,A-20065,-1,EA,F-39-5,SHIPPING,SO-26257,,E082,798.0
IT-001532,2025-10-17,SO Issue,A-20061,-1,EA,A-25-4,SHIPPING,SO-26348,,E099,175.52
IT-001672,2025-10-17,SO Issue,A-20077,-1,EA,B-26-2,SHIPPING,SO-26404,,E083,869.98
IT-000590,2025-10-18,SO Issue,A-20072,-2,EA,A-19-3,SHIPPING,SO-26008,,E099,402.48
IT-001677,2025-10-18,SO Issue,A-20072,-3,EA,B-34-1,SHIPPING,SO-26407,,E106,402.48
IT-001181,2025-10-19,SO Issue,A-20078,-1,EA,E-03-3,SHIPPING,SO-26217,,E106,704.75
IT-001641,2025-10-20,SO Issue,A-20076,-1,EA,A-02-4,SHIPPING,SO-26395,,E083,721.1800000000001
IT-001013,2025-10-21,SO Issue,A-20090,-5,EA,F-05-3,SHIPPING,SO-26162,,E081,821.3000000000001
IT-001073,2025-10-21,SO Issue,A-20043,-3,EA,C-28-4,SHIPPING,SO-26179,,E081,1336.88
IT-001547,2025-10-21,SO Issue,A-20065,-2,EA,F-25-5,SHIPPING,SO-26354,,E104,798.0
IT-000430,2025-10-22,PO Receipt,P-20112,250,EA,RECEIVING,D-17-5,PO-31196,L251022-543,E105,26.88
IT-000431,2025-10-22,PO Receipt,P-20050,177,EA,RECEIVING,A-18-2,PO-31196,L251022-894,E100,12.84
IT-000997,2025-10-22,SO Issue,A-20076,-2,EA,D-18-2,SHIPPING,SO-26154,,E077,721.1800000000001
IT-001009,2025-10-22,SO Issue,A-20063,-1,EA,B-18-5,SHIPPING,SO-26159,,E076,1372.91
IT-000298,2025-10-23,PO Receipt,P-10091,139,BX,RECEIVING,D-24-5,PO-31136,L251023-159,E104,19.2
IT-000299,2025-10-23,PO Receipt,P-20007,156,EA,RECEIVING,B-22-2,PO-31136,L251023-122,E083,25.82
IT-000406,2025-10-23,PO Receipt,P-10049,168,BX,RECEIVING,D-16-5,PO-31187,L251023-102,E105,9.85
IT-000407,2025-10-23,PO Receipt,P-10070,500,EA,RECEIVING,B-29-2,PO-31187,L251023-786,E077,3.15
IT-000805,2025-10-23,SO Issue,A-20063,-2,EA,D-32-1,SHIPPING,SO-26084,,E104,1372.91
IT-001112,2025-10-23,SO Issue,A-20033,-3,EA,D-12-5,SHIPPING,SO-26194,,E103,328.62
IT-001113,2025-10-23,SO Issue,A-20053,-1,EA,C-17-5,SHIPPING,SO-26194,,E102,695.65
IT-001118,2025-10-23,SO Issue,A-20090,-5,EA,A-03-3,SHIPPING,SO-26196,,E105,821.3000000000001
IT-001254,2025-10-23,SO Issue,A-20022,-5,EA,A-25-1,SHIPPING,SO-26240,,E102,155.41
IT-001257,2025-10-23,SO Issue,A-20061,-2,EA,E-03-1,SHIPPING,SO-26240,,E106,175.52
IT-001589,2025-10-23,SO Issue,A-20031,-2,EA,C-37-5,SHIPPING,SO-26375,,E078,128.84
IT-001591,2025-10-23,SO Issue,A-20022,-5,EA,A-25-1,SHIPPING,SO-26375,,E079,155.41
IT-001644,2025-10-23,SO Issue,A-20030,-2,EA,E-29-1,SHIPPING,SO-26396,,E078,176.98
IT-001673,2025-10-23,SO Issue,A-20077,-3,EA,E-22-5,SHIPPING,SO-26404,,E103,869.98
IT-001224,2025-10-24,SO Issue,A-20043,-1,EA,B-18-5,SHIPPING,SO-26228,,E103,1336.88
IT-001230,2025-10-24,SO Issue,A-20033,-2,EA,C-33-3,SHIPPING,SO-26230,,E102,328.62
IT-001256,2025-10-24,SO Issue,A-20034,-5,EA,D-31-2,SHIPPING,SO-26240,,E080,111.33
IT-001670,2025-10-24,SO Issue,A-20043,-3,EA,D-23-3,SHIPPING,SO-26404,,E078,1336.88
IT-000695,2025-10-25,SO Issue,A-20043,-1,EA,E-03-3,SHIPPING,SO-26044,,E082,1336.88
IT-001016,2025-10-25,SO Issue,A-20070,-2,EA,E-02-5,SHIPPING,SO-26162,,E077,1739.22
IT-001570,2025-10-25,SO Issue,A-20090,-1,EA,A-37-5,SHIPPING,SO-26363,,E106,821.3000000000001
IT-001572,2025-10-25,SO Issue,A-20061,-1,EA,D-28-1,SHIPPING,SO-26363,,E083,175.52
IT-001689,2025-10-25,SO Issue,A-20114,-1,EA,B-07-2,SHIPPING,SO-26411,,E079,244.69
IT-000050,2025-10-26,PO Receipt,P-20028,10,EA,RECEIVING,F-10-4,PO-31023,L251026-912,E103,39.64
IT-000051,2025-10-26,PO Receipt,P-20085,198,EA,RECEIVING,E-07-5,PO-31023,L251026-234,E105,1.16
IT-001015,2025-10-26,SO Issue,A-20110,-5,EA,A-26-1,SHIPPING,SO-26162,,E079,2979.18
IT-001182,2025-10-26,SO Issue,A-20090,-5,EA,E-34-5,SHIPPING,SO-26217,,E083,821.3000000000001
IT-001220,2025-10-26,SO Issue,A-20110,-2,EA,F-08-5,SHIPPING,SO-26228,,E102,2979.18
IT-001309,2025-10-26,SO Issue,A-20087,-5,EA,A-37-5,SHIPPING,SO-26260,,E079,333.06
IT-001482,2025-10-26,SO Issue,A-20031,-3,EA,B-37-2,SHIPPING,SO-26326,,E100,128.84
IT-000290,2025-10-27,PO Receipt,P-20080,25,EA,RECEIVING,F-25-5,PO-31132,L251027-416,E079,11.25
IT-000291,2025-10-27,PO Receipt,P-20046,250,EA,RECEIVING,F-28-3,PO-31132,L251027-641,E103,13.76
IT-000292,2025-10-27,PO Receipt,P-20000,10,EA,RECEIVING,B-19-1,PO-31132,L251027-998,E105,55.43
IT-000293,2025-10-27,PO Receipt,P-20080,20,EA,RECEIVING,E-16-1,PO-31132,L251027-338,E104,11.25
IT-000344,2025-10-27,PO Receipt,P-20059,250,EA,RECEIVING,B-35-4,PO-31156,L251027-414,E081,9.370000000000001
IT-000345,2025-10-27,PO Receipt,P-20059,25,EA,RECEIVING,B-03-2,PO-31156,L251027-340,E080,9.370000000000001
IT-000999,2025-10-27,SO Issue,A-20022,-5,EA,D-19-4,SHIPPING,SO-26154,,E080,155.41
IT-000083,2025-10-28,PO Receipt,P-20091,112,EA,RECEIVING,B-36-3,PO-31035,L251028-989,E077,12.05
IT-000084,2025-10-28,PO Receipt,P-20006,112,EA,RECEIVING,B-33-5,PO-31035,L251028-621,E082,0.2
IT-000144,2025-10-28,PO Receipt,P-20081,126,EA,RECEIVING,C-26-4,PO-31060,L251028-452,E100,19.19
IT-000354,2025-10-28,PO Receipt,P-10077,281,GA,RECEIVING,C-24-1,PO-31163,L251028-821,E099,27.8
IT-000355,2025-10-28,PO Receipt,P-10077,281,GA,RECEIVING,D-18-5,PO-31163,L251028-470,E076,27.8
IT-000356,2025-10-28,PO Receipt,P-10035,250,EA,RECEIVING,A-17-4,PO-31163,L251028-692,E105,21.4
IT-001014,2025-10-28,SO Issue,A-20040,-2,EA,B-07-2,SHIPPING,SO-26162,,E103,210.93
IT-001114,2025-10-28,SO Issue,A-20043,-1,EA,C-37-4,SHIPPING,SO-26194,,E081,1336.88
IT-001183,2025-10-28,SO Issue,A-20107,-2,EA,E-34-5,SHIPPING,SO-26217,,E104,2631.9500000000003
IT-001643,2025-10-28,SO Issue,A-20070,-5,EA,E-30-3,SHIPPING,SO-26395,,E081,1739.22
IT-000847,2025-10-29,SO Issue,A-20038,-5,EA,A-15-3,SHIPPING,SO-26098,,E080,1997.97
IT-000850,2025-10-29,SO Issue,A-20036,-1,EA,D-23-2,SHIPPING,SO-26098,,E079,2945.65
IT-001678,2025-10-29,SO Issue,A-20073,-1,EA,D-21-5,SHIPPING,SO-26407,,E103,496.53000000000003
IT-001359,2025-10-30,SO Issue,A-20093,-2,EA,C-36-5,SHIPPING,SO-26278,,E080,2017.22
IT-001612,2025-10-30,SO Issue,A-20092,-1,EA,C-02-5,SHIPPING,SO-26382,,E077,1915.78
IT-000300,2025-10-31,PO Receipt,P-20099,10,EA,RECEIVING,E-29-5,PO-31137,L251031-941,E079,0.77
IT-000301,2025-10-31,PO Receipt,P-20024,103,EA,RECEIVING,F-09-2,PO-31137,L251031-385,E083,0.38
IT-000302,2025-10-31,PO Receipt,P-10063,100,BD,RECEIVING,B-35-3,PO-31137,L251031-663,E078,31.0
IT-000303,2025-10-31,PO Receipt,P-20029,250,EA,RECEIVING,A-38-3,PO-31137,L251031-674,E102,0.71
IT-000849,2025-10-31,SO Issue,A-20020,-3,EA,C-02-5,SHIPPING,SO-26098,,E077,316.62
IT-001119,2025-10-31,SO Issue,A-20020,-1,EA,B-12-1,SHIPPING,SO-26196,,E099,316.62
IT-001229,2025-10-31,SO Issue,A-20072,-3,EA,D-31-5,SHIPPING,SO-26230,,E103,402.48
IT-001538,2025-10-31,SO Issue,A-20013,-3,EA,A-05-2,SHIPPING,SO-26351,,E103,162.20000000000002
IT-001590,2025-10-31,SO Issue,A-20092,-3,EA,D-38-1,SHIPPING,SO-26375,,E102,1915.78
IT-001669,2025-10-31,SO Issue,A-20107,-3,EA,E-03-3,SHIPPING,SO-26404,,E081,2631.9500000000003
IT-001671,2025-10-31,SO Issue,A-20063,-3,EA,C-11-2,SHIPPING,SO-26404,,E104,1372.91
IT-001681,2025-10-31,SO Issue,A-20043,-1,EA,B-12-1,SHIPPING,SO-26409,,E080,1336.88
IT-000506,2025-11-01,PO Receipt,P-20052,50,EA,RECEIVING,F-31-2,PO-31231,L251101-105,E105,10.49
IT-000507,2025-11-01,PO Receipt,P-20048,25,EA,RECEIVING,C-05-4,PO-31231,L251101-293,E080,55.620000000000005
IT-000508,2025-11-01,PO Receipt,P-20000,50,EA,RECEIVING,C-10-4,PO-31231,L251101-658,E083,55.43
IT-000631,2025-11-01,SO Issue,A-20063,-3,EA,B-29-5,SHIPPING,SO-26022,,E078,1372.91
IT-000632,2025-11-01,SO Issue,A-20087,-5,EA,D-22-2,SHIPPING,SO-26022,,E099,333.06
IT-001221,2025-11-01,SO Issue,A-20078,-3,EA,D-23-2,SHIPPING,SO-26228,,E077,704.75
IT-001228,2025-11-01,SO Issue,A-20114,-3,EA,A-36-2,SHIPPING,SO-26230,,E106,244.69
IT-001461,2025-11-01,SO Issue,A-20078,-1,EA,A-14-1,SHIPPING,SO-26317,,E101,704.75
IT-001573,2025-11-01,SO Issue,A-20034,-5,EA,D-28-1,SHIPPING,SO-26363,,E083,111.33
IT-000937,2025-11-02,SO Issue,A-20097,-2,EA,B-34-1,SHIPPING,SO-26132,,E104,246.81
IT-001072,2025-11-02,SO Issue,A-20090,-1,EA,D-31-5,SHIPPING,SO-26179,,E103,821.3000000000001
IT-001223,2025-11-02,SO Issue,A-20039,-1,EA,C-36-5,SHIPPING,SO-26228,,E082,415.87
IT-000696,2025-11-03,SO Issue,A-20013,-5,EA,D-23-2,SHIPPING,SO-26044,,E104,162.20000000000002
IT-000901,2025-11-03,SO Issue,A-20043,-1,EA,E-17-5,SHIPPING,SO-26117,,E080,1336.88
IT-001539,2025-11-03,SO Issue,A-20073,-3,EA,E-04-2,SHIPPING,SO-26351,,E081,496.53000000000003
IT-000938,2025-11-04,SO Issue,A-20020,-5,EA,C-02-5,SHIPPING,SO-26132,,E105,316.62
IT-001592,2025-11-04,SO Issue,A-20073,-5,EA,D-28-1,SHIPPING,SO-26375,,E105,496.53000000000003
IT-001734,2025-11-04,Cycle Count Adj,A-20107,0,EA,A-36-3,E-20-3,,,E081,2631.9500000000003
IT-000912,2025-11-05,SO Issue,A-20114,-3,EA,C-28-4,SHIPPING,SO-26122,,E105,244.69
IT-000254,2025-11-06,PO Receipt,P-20017,11,EA,RECEIVING,A-30-3,PO-31118,L251106-457,E099,84.28
IT-001344,2025-11-06,SO Issue,A-20031,-1,EA,A-14-1,SHIPPING,SO-26274,,E079,128.84
IT-001437,2025-11-06,SO Issue,A-20092,-1,EA,E-28-3,SHIPPING,SO-26309,,E100,1915.78
IT-001520,2025-11-06,SO Issue,A-20078,-1,EA,D-04-1,SHIPPING,SO-26344,,E104,704.75
IT-001682,2025-11-06,SO Issue,A-20040,-5,EA,E-02-5,SHIPPING,SO-26409,,E103,210.93
IT-000911,2025-11-07,SO Issue,A-20022,-2,EA,F-26-1,SHIPPING,SO-26122,,E079,155.41
IT-001364,2025-11-07,SO Issue,A-20040,-5,EA,B-07-4,SHIPPING,SO-26280,,E080,210.93
IT-001683,2025-11-07,SO Issue,A-20038,-3,EA,C-36-5,SHIPPING,SO-26409,,E102,1997.97
IT-000444,2025-11-08,PO Receipt,P-20044,25,EA,RECEIVING,D-24-5,PO-31204,L251108-958,E105,25.1
IT-000445,2025-11-08,PO Receipt,P-10042,50,BX,RECEIVING,B-27-2,PO-31204,L251108-883,E081,28.5
IT-001161,2025-11-08,SO Issue,A-20097,-1,EA,A-19-3,SHIPPING,SO-26210,,E081,246.81
IT-001297,2025-11-08,SO Issue,A-20043,-2,EA,C-25-2,SHIPPING,SO-26256,,E077,1336.88
IT-001360,2025-11-08,SO Issue,A-20078,-1,EA,A-14-1,SHIPPING,SO-26278,,E078,704.75
IT-001537,2025-11-08,SO Issue,A-20076,-1,EA,E-34-5,SHIPPING,SO-26351,,E101,721.1800000000001
IT-001665,2025-11-08,SO Issue,A-20002,-1,EA,D-12-2,SHIPPING,SO-26403,,E102,1931.15
IT-001690,2025-11-08,SO Issue,A-20053,-2,EA,D-40-4,SHIPPING,SO-26411,,E102,695.65
IT-000030,2025-11-09,PO Receipt,P-20088,46,EA,RECEIVING,C-03-3,PO-31015,L251109-282,E077,12.5
IT-000031,2025-11-09,PO Receipt,P-20088,46,EA,RECEIVING,B-26-2,PO-31015,L251109-995,E103,12.5
IT-000694,2025-11-09,SO Issue,A-20092,-3,EA,C-13-5,SHIPPING,SO-26044,,E106,1915.78
IT-001687,2025-11-09,SO Issue,A-20036,-5,EA,A-36-2,SHIPPING,SO-26411,,E079,2945.65
IT-001688,2025-11-09,SO Issue,A-20097,-1,EA,B-35-4,SHIPPING,SO-26411,,E101,246.81
IT-001740,2025-11-09,Transfer,A-20070,-3,EA,B-22-3,E-31-4,Damage,,E099,1739.22
IT-000913,2025-11-10,SO Issue,A-20092,-1,EA,E-02-5,SHIPPING,SO-26122,,E080,1915.78
IT-001680,2025-11-10,SO Issue,A-20092,-2,EA,A-26-1,SHIPPING,SO-26409,,E103,1915.78
IT-001438,2025-11-11,SO Issue,A-20097,-5,EA,D-34-4,SHIPPING,SO-26309,,E099,246.81
IT-001695,2025-11-11,SO Issue,A-20020,-3,EA,B-34-1,SHIPPING,SO-26413,,E099,316.62
IT-000328,2025-11-12,PO Receipt,P-10049,168,BX,RECEIVING,B-17-3,PO-31149,L251112-638,E105,9.85
IT-000329,2025-11-12,PO Receipt,P-10049,168,BX,RECEIVING,B-11-2,PO-31149,L251112-863,E103,9.85
IT-000367,2025-11-12,PO Receipt,P-20088,46,EA,RECEIVING,C-29-2,PO-31168,L251112-688,E106,12.5
IT-000416,2025-11-12,PO Receipt,P-20083,137,EA,RECEIVING,C-03-4,PO-31192,L251112-515,E080,1.02
IT-000417,2025-11-12,PO Receipt,P-10007,10,EA,RECEIVING,B-13-5,PO-31192,L251112-697,E104,11.8
IT-000418,2025-11-12,PO Receipt,P-10028,250,EA,RECEIVING,C-14-4,PO-31192,L251112-364,E076,1265.0
IT-000419,2025-11-12,PO Receipt,P-10007,328,EA,RECEIVING,F-22-4,PO-31192,L251112-542,E101,11.8
IT-001074,2025-11-12,SO Issue,A-20092,-2,EA,B-37-2,SHIPPING,SO-26179,,E080,1915.78
IT-001296,2025-11-12,SO Issue,A-20013,-2,EA,E-17-5,SHIPPING,SO-26256,,E076,162.20000000000002
IT-001523,2025-11-12,SO Issue,A-20039,-2,EA,A-05-3,SHIPPING,SO-26344,,E099,415.87
IT-001597,2025-11-12,SO Issue,A-20013,-3,EA,A-04-3,SHIPPING,SO-26378,,E103,162.20000000000002
IT-001599,2025-11-12,SO Issue,A-20036,-1,EA,B-32-5,SHIPPING,SO-26378,,E080,2945.65
IT-000772,2025-11-13,SO Issue,A-20022,-3,EA,A-36-2,SHIPPING,SO-26072,,E080,155.41
IT-001375,2025-11-13,SO Issue,A-20087,-5,EA,C-12-4,SHIPPING,SO-26284,,E079,333.06
IT-001600,2025-11-13,SO Issue,A-20002,-3,EA,E-17-4,SHIPPING,SO-26378,,E080,1931.15
IT-001120,2025-11-14,SO Issue,A-20036,-1,EA,A-26-1,SHIPPING,SO-26196,,E076,2945.65
IT-001174,2025-11-14,SO Issue,A-20114,-3,EA,B-11-3,SHIPPING,SO-26214,,E080,244.69
IT-001252,2025-11-14,SO Issue,A-20038,-1,EA,B-29-5,SHIPPING,SO-26238,,E081,1997.97
IT-001357,2025-11-14,SO Issue,A-20065,-5,EA,D-23-3,SHIPPING,SO-26278,,E101,798.0
IT-001752,2025-11-14,Cycle Count Adj,P-20103,-4,EA,A-37-2,A-27-2,Damage,,E105,17.330000000000002
IT-000779,2025-11-15,SO Issue,A-20070,-2,EA,F-08-5,SHIPPING,SO-26074,,E099,1739.22
IT-000939,2025-11-15,SO Issue,A-20097,-1,EA,B-12-1,SHIPPING,SO-26133,,E083,246.81
IT-001225,2025-11-15,SO Issue,A-20036,-3,EA,D-13-4,SHIPPING,SO-26229,,E106,2945.65
IT-001697,2025-11-15,SO Issue,A-20043,-2,EA,A-14-1,SHIPPING,SO-26413,,E105,1336.88
IT-000771,2025-11-17,SO Issue,A-20065,-5,EA,B-06-4,SHIPPING,SO-26071,,E100,798.0
IT-000780,2025-11-18,SO Issue,A-20039,-1,EA,D-18-2,SHIPPING,SO-26074,,E106,415.87
IT-000917,2025-11-18,SO Issue,A-20034,-5,EA,F-34-5,SHIPPING,SO-26124,,E076,111.33
IT-001574,2025-11-18,SO Issue,A-20036,-1,EA,D-06-5,SHIPPING,SO-26365,,E081,2945.65
IT-001667,2025-11-18,SO Issue,A-20107,-1,EA,E-04-4,SHIPPING,SO-26403,,E076,2631.9500000000003
IT-001358,2025-11-19,SO Issue,A-20114,-5,EA,D-23-2,SHIPPING,SO-26278,,E078,244.69
IT-001598,2025-11-19,SO Issue,A-20114,-2,EA,A-25-1,SHIPPING,SO-26378,,E099,244.69
IT-001726,2025-11-19,Cycle Count Adj,A-20092,11,EA,C-12-1,F-21-4,Damage,,E102,1915.78
IT-000321,2025-11-20,PO Receipt,P-20088,46,EA,RECEIVING,C-31-1,PO-31145,L251120-658,E103,12.5
IT-000322,2025-11-20,PO Receipt,P-20088,50,EA,RECEIVING,E-38-3,PO-31145,L251120-504,E080,12.5
IT-000323,2025-11-20,PO Receipt,P-20088,100,EA,RECEIVING,D-25-3,PO-31145,L251120-217,E103,12.5
IT-000914,2025-11-20,SO Issue,A-20082,-1,EA,F-16-1,SHIPPING,SO-26122,,E104,841.44
IT-001173,2025-11-20,SO Issue,A-20073,-3,EA,B-13-3,SHIPPING,SO-26214,,E083,496.53000000000003
IT-001664,2025-11-20,SO Issue,A-20107,-1,EA,E-22-5,SHIPPING,SO-26403,,E102,2631.9500000000003
IT-000484,2025-11-21,PO Receipt,P-20035,79,EA,RECEIVING,C-15-1,PO-31220,L251121-888,E103,12.200000000000001
IT-000485,2025-11-21,PO Receipt,P-20085,198,EA,RECEIVING,E-11-5,PO-31220,L251121-278,E082,1.16
IT-000804,2025-11-21,SO Issue,A-20038,-2,EA,B-22-3,SHIPPING,SO-26083,,E100,1997.97
IT-001368,2025-11-21,SO Issue,A-20043,-1,EA,A-25-4,SHIPPING,SO-26281,,E104,1336.88
IT-001439,2025-11-21,SO Issue,A-20087,-2,EA,A-13-3,SHIPPING,SO-26309,,E079,333.06
IT-000654,2025-11-22,SO Issue,A-20013,-2,EA,B-29-5,SHIPPING,SO-26031,,E080,162.20000000000002
IT-000870,2025-11-22,SO Issue,A-20110,-2,EA,B-12-1,SHIPPING,SO-26107,,E104,2979.18
IT-001627,2025-11-22,SO Issue,A-20058,-1,EA,D-31-5,SHIPPING,SO-26389,,E099,254.75
IT-001666,2025-11-22,SO Issue,A-20002,-3,EA,B-12-1,SHIPPING,SO-26403,,E103,1931.15
IT-001121,2025-11-23,SO Issue,A-20076,-5,EA,A-26-1,SHIPPING,SO-26197,,E104,721.1800000000001
IT-001125,2025-11-23,SO Issue,A-20107,-1,EA,E-34-5,SHIPPING,SO-26197,,E100,2631.9500000000003
IT-001298,2025-11-23,SO Issue,A-20076,-1,EA,D-31-2,SHIPPING,SO-26256,,E082,721.1800000000001
IT-001481,2025-11-23,SO Issue,A-20063,-2,EA,B-34-1,SHIPPING,SO-26324,,E106,1372.91
IT-000228,2025-11-24,PO Receipt,P-20117,500,EA,RECEIVING,E-13-2,PO-31103,L251124-762,E079,27.150000000000002
IT-000229,2025-11-24,PO Receipt,P-20055,100,EA,RECEIVING,F-12-5,PO-31103,L251124-160,E080,35.27
IT-000230,2025-11-24,PO Receipt,P-20075,50,EA,RECEIVING,F-07-4,PO-31103,L251124-652,E100,14.48
IT-000630,2025-11-24,SO Issue,A-20078,-2,EA,C-37-4,SHIPPING,SO-26022,,E106,704.75
IT-001319,2025-11-24,SO Issue,A-20031,-2,EA,F-06-1,SHIPPING,SO-26266,,E104,128.84
IT-001632,2025-11-24,SO Issue,A-20036,-3,EA,B-06-4,SHIPPING,SO-26391,,E076,2945.65
IT-000052,2025-11-25,PO Receipt,P-20091,112,EA,RECEIVING,F-08-5,PO-31024,L251125-946,E104,12.05
IT-000053,2025-11-25,PO Receipt,P-20014,100,EA,RECEIVING,D-03-4,PO-31024,L251125-181,E105,20.71
IT-000054,2025-11-25,PO Receipt,P-20019,250,EA,RECEIVING,D-05-5,PO-31024,L251125-647,E104,12.65
IT-001010,2025-11-25,SO Issue,A-20078,-2,EA,C-10-2,SHIPPING,SO-26160,,E106,704.75
IT-001152,2025-11-25,SO Issue,A-20073,-1,EA,E-04-4,SHIPPING,SO-26206,,E099,496.53000000000003
IT-001247,2025-11-25,SO Issue,A-20107,-1,EA,C-17-5,SHIPPING,SO-26236,,E081,2631.9500000000003
IT-001335,2025-11-26,SO Issue,A-20020,-3,EA,E-22-5,SHIPPING,SO-26272,,E077,316.62
IT-001374,2025-11-26,SO Issue,A-20078,-3,EA,D-04-1,SHIPPING,SO-26284,,E102,704.75
IT-001668,2025-11-26,SO Issue,A-20038,-2,EA,E-33-4,SHIPPING,SO-26403,,E100,1997.97
IT-001202,2025-11-27,SO Issue,A-20063,-3,EA,E-02-5,SHIPPING,SO-26222,,E105,1372.91
IT-001320,2025-11-27,SO Issue,A-20033,-1,EA,E-17-5,SHIPPING,SO-26266,,E106,328.62
IT-001321,2025-11-27,SO Issue,A-20036,-1,EA,F-03-4,SHIPPING,SO-26266,,E105,2945.65
IT-001693,2025-11-27,SO Issue,A-20003,-1,EA,A-03-3,SHIPPING,SO-26413,,E105,2450.66
IT-001696,2025-11-27,SO Issue,A-20107,-5,EA,A-05-2,SHIPPING,SO-26413,,E083,2631.9500000000003
IT-000224,2025-11-28,PO Receipt,P-20064,10,EA,RECEIVING,F-35-1,PO-31101,L251128-947,E079,0.7000000000000001
IT-000225,2025-11-28,PO Receipt,P-20051,250,EA,RECEIVING,B-13-5,PO-31101,L251128-518,E106,11.200000000000001
IT-000241,2025-11-28,PO Receipt,P-20049,50,EA,RECEIVING,B-10-1,PO-31112,L251128-627,E080,6.0200000000000005
IT-000242,2025-11-28,PO Receipt,P-10091,139,BX,RECEIVING,A-39-4,PO-31112,L251128-784,E078,19.2
IT-000243,2025-11-28,PO Receipt,P-20059,5,EA,RECEIVING,A-10-3,PO-31112,L251128-895,E077,9.370000000000001
IT-000244,2025-11-28,PO Receipt,P-10084,10,BX,RECEIVING,B-33-2,PO-31112,L251128-693,E106,38.4
IT-000737,2025-11-28,SO Issue,A-20033,-2,EA,C-02-5,SHIPPING,SO-26060,,E103,328.62
IT-000802,2025-11-28,SO Issue,A-20031,-1,EA,E-04-4,SHIPPING,SO-26083,,E076,128.84
IT-000803,2025-11-28,SO Issue,A-20063,-5,EA,F-07-2,SHIPPING,SO-26083,,E077,1372.91
IT-001325,2025-11-28,SO Issue,A-20030,-1,EA,B-37-2,SHIPPING,SO-26267,,E083,176.98
IT-000656,2025-11-29,SO Issue,A-20036,-3,EA,B-29-5,SHIPPING,SO-26031,,E101,2945.65
IT-001264,2025-11-29,SO Issue,A-20076,-3,EA,C-01-2,SHIPPING,SO-26243,,E077,721.1800000000001
IT-001631,2025-11-29,SO Issue,A-20043,-5,EA,A-19-3,SHIPPING,SO-26391,,E078,1336.88
IT-000371,2025-11-30,PO Receipt,P-20046,250,EA,RECEIVING,C-11-4,PO-31171,L251130-764,E106,13.76
IT-000372,2025-11-30,PO Receipt,P-20046,109,EA,RECEIVING,F-23-5,PO-31171,L251130-539,E079,13.76
IT-000442,2025-11-30,PO Receipt,P-10049,250,BX,RECEIVING,A-03-5,PO-31203,L251130-971,E103,9.85
IT-000443,2025-11-30,PO Receipt,P-10049,10,BX,RECEIVING,B-31-3,PO-31203,L251130-305,E083,9.85
IT-001123,2025-11-30,SO Issue,A-20070,-1,EA,B-12-1,SHIPPING,SO-26197,,E083,1739.22
IT-001323,2025-11-30,SO Issue,A-20065,-3,EA,F-03-4,SHIPPING,SO-26267,,E105,798.0
IT-001361,2025-11-30,SO Issue,A-20097,-3,EA,F-39-5,SHIPPING,SO-26278,,E083,246.81
IT-001519,2025-11-30,SO Issue,A-20033,-1,EA,C-10-2,SHIPPING,SO-26343,,E081,328.62
IT-001521,2025-11-30,SO Issue,A-20114,-1,EA,F-24-3,SHIPPING,SO-26344,,E099,244.69
IT-001522,2025-11-30,SO Issue,A-20087,-5,EA,D-04-1,SHIPPING,SO-26344,,E080,333.06
IT-001626,2025-11-30,SO Issue,A-20022,-5,EA,C-07-5,SHIPPING,SO-26389,,E100,155.41
IT-000658,2025-12-01,SO Issue,A-20114,-2,EA,B-15-5,SHIPPING,SO-26031,,E077,244.69
IT-000800,2025-12-01,SO Issue,A-20053,-5,EA,C-02-5,SHIPPING,SO-26083,,E082,695.65
IT-001032,2025-12-01,SO Issue,A-20063,-5,EA,E-22-5,SHIPPING,SO-26167,,E106,1372.91
IT-001033,2025-12-01,SO Issue,A-20078,-3,EA,D-23-3,SHIPPING,SO-26167,,E105,704.75
IT-000164,2025-12-02,PO Receipt,P-20112,161,EA,RECEIVING,E-39-3,PO-31069,L251202-651,E080,26.88
IT-001127,2025-12-02,SO Issue,A-20031,-1,EA,E-03-3,SHIPPING,SO-26198,,E100,128.84
IT-001365,2025-12-02,SO Issue,A-20065,-3,EA,A-14-1,SHIPPING,SO-26281,,E101,798.0
IT-000655,2025-12-03,SO Issue,A-20070,-1,EA,E-39-3,SHIPPING,SO-26031,,E101,1739.22
IT-001124,2025-12-03,SO Issue,A-20082,-1,EA,C-36-2,SHIPPING,SO-26197,,E106,841.44
IT-000330,2025-12-04,PO Receipt,P-10035,193,EA,RECEIVING,A-17-4,PO-31150,L251204-661,E083,21.4
IT-000556,2025-12-04,PO Receipt,P-20064,10,EA,RECEIVING,C-08-2,PO-31254,L251204-479,E099,0.7000000000000001
IT-000557,2025-12-04,PO Receipt,P-20045,82,EA,RECEIVING,D-30-3,PO-31254,L251204-619,E078,0.18
IT-000558,2025-12-04,PO Receipt,P-20005,10,EA,RECEIVING,F-17-1,PO-31254,L251204-657,E083,9.43
IT-000727,2025-12-04,SO Issue,A-20003,-5,EA,B-13-3,SHIPPING,SO-26056,,E103,2450.66
IT-000778,2025-12-04,SO Issue,A-20030,-2,EA,D-32-1,SHIPPING,SO-26074,,E106,176.98
IT-000801,2025-12-04,SO Issue,A-20070,-3,EA,E-11-4,SHIPPING,SO-26083,,E106,1739.22
IT-000869,2025-12-04,SO Issue,A-20043,-1,EA,D-34-4,SHIPPING,SO-26107,,E079,1336.88
IT-001012,2025-12-04,SO Issue,A-20092,-1,EA,D-32-3,SHIPPING,SO-26161,,E100,1915.78
IT-001031,2025-12-04,SO Issue,A-20073,-2,EA,A-37-5,SHIPPING,SO-26167,,E106,496.53000000000003
IT-000160,2025-12-05,PO Receipt,P-20024,103,EA,RECEIVING,D-30-4,PO-31068,L251205-793,E102,0.38
IT-000161,2025-12-05,PO Receipt,P-20099,19,EA,RECEIVING,C-27-3,PO-31068,L251205-434,E099,0.77
IT-000162,2025-12-05,PO Receipt,P-10056,313,RL,RECEIVING,F-07-4,PO-31068,L251205-552,E100,24.6
IT-000163,2025-12-05,PO Receipt,P-10056,313,RL,RECEIVING,C-35-5,PO-31068,L251205-953,E080,24.6
IT-000845,2025-12-05,SO Issue,A-20003,-1,EA,D-27-4,SHIPPING,SO-26097,,E104,2450.66
IT-000995,2025-12-05,SO Issue,A-20114,-1,EA,D-37-4,SHIPPING,SO-26153,,E105,244.69
IT-001694,2025-12-05,SO Issue,A-20036,-5,EA,B-35-4,SHIPPING,SO-26413,,E103,2945.65
IT-000149,2025-12-06,PO Receipt,P-20085,198,EA,RECEIVING,A-24-4,PO-31064,L251206-474,E083,1.16
IT-001366,2025-12-06,SO Issue,A-20073,-5,EA,C-37-5,SHIPPING,SO-26281,,E103,496.53000000000003
IT-001367,2025-12-06,SO Issue,A-20073,-5,EA,D-27-4,SHIPPING,SO-26281,,E080,496.53000000000003
IT-001313,2025-12-07,SO Issue,A-20070,-1,EA,F-25-5,SHIPPING,SO-26262,,E082,1739.22
IT-001633,2025-12-07,SO Issue,A-20101,-3,EA,F-24-3,SHIPPING,SO-26392,,E103,2382.4
IT-001634,2025-12-07,SO Issue,A-20082,-3,EA,E-17-4,SHIPPING,SO-26392,,E082,841.44
IT-000587,2025-12-08,SO Issue,A-20013,-1,EA,A-23-2,SHIPPING,SO-26006,,E083,162.20000000000002
IT-000736,2025-12-08,SO Issue,A-20063,-2,EA,A-03-3,SHIPPING,SO-26060,,E077,1372.91
IT-000918,2025-12-08,SO Issue,A-20072,-1,EA,F-01-5,SHIPPING,SO-26124,,E076,402.48
IT-001011,2025-12-08,SO Issue,A-20101,-2,EA,A-13-3,SHIPPING,SO-26160,,E105,2382.4
IT-001029,2025-12-08,SO Issue,A-20107,-2,EA,E-17-4,SHIPPING,SO-26167,,E106,2631.9500000000003
IT-001100,2025-12-08,SO Issue,A-20030,-5,EA,D-28-1,SHIPPING,SO-26188,,E105,176.98
IT-000381,2025-12-09,PO Receipt,P-20111,500,EA,RECEIVING,F-28-5,PO-31175,L251209-461,E099,23.71
IT-000382,2025-12-09,PO Receipt,P-20060,123,EA,RECEIVING,D-28-3,PO-31175,L251209-898,E083,26.88
IT-000846,2025-12-09,SO Issue,A-20087,-1,EA,C-11-2,SHIPPING,SO-26097,,E077,333.06
IT-001099,2025-12-09,SO Issue,A-20053,-5,EA,A-25-4,SHIPPING,SO-26188,,E080,695.65
IT-001201,2025-12-09,SO Issue,A-20033,-2,EA,C-30-1,SHIPPING,SO-26222,,E083,328.62
IT-001248,2025-12-09,SO Issue,A-20077,-3,EA,C-40-2,SHIPPING,SO-26236,,E104,869.98
IT-001322,2025-12-09,SO Issue,A-20058,-5,EA,E-02-5,SHIPPING,SO-26267,,E080,254.75
IT-000657,2025-12-10,SO Issue,A-20058,-1,EA,C-37-5,SHIPPING,SO-26031,,E101,254.75
IT-001729,2025-12-10,Scrap,A-20070,-8,EA,B-19-4,E-03-3,Bin move,,E099,1739.22
IT-000615,2025-12-11,SO Issue,A-20097,-1,EA,B-22-4,SHIPPING,SO-26017,,E077,246.81
IT-000843,2025-12-11,SO Issue,A-20082,-3,EA,B-11-3,SHIPPING,SO-26097,,E082,841.44
IT-001128,2025-12-11,SO Issue,A-20101,-2,EA,C-28-4,SHIPPING,SO-26198,,E102,2382.4
IT-001231,2025-12-11,SO Issue,A-20077,-1,EA,E-11-4,SHIPPING,SO-26231,,E078,869.98
IT-001316,2025-12-11,SO Issue,A-20076,-1,EA,E-03-1,SHIPPING,SO-26262,,E079,721.1800000000001
IT-000048,2025-12-12,PO Receipt,P-10035,193,EA,RECEIVING,A-07-1,PO-31021,L251212-162,E099,21.4
IT-001336,2025-12-12,SO Issue,A-20101,-1,EA,B-12-1,SHIPPING,SO-26272,,E102,2382.4
IT-001635,2025-12-12,SO Issue,A-20078,-1,EA,E-28-3,SHIPPING,SO-26392,,E105,704.75
IT-000617,2025-12-13,SO Issue,A-20043,-1,EA,A-04-3,SHIPPING,SO-26017,,E076,1336.88
IT-001122,2025-12-13,SO Issue,A-20090,-5,EA,D-32-3,SHIPPING,SO-26197,,E102,821.3000000000001
IT-001151,2025-12-13,SO Issue,A-20002,-1,EA,D-06-5,SHIPPING,SO-26206,,E104,1931.15
IT-001165,2025-12-13,SO Issue,A-20061,-1,EA,F-18-5,SHIPPING,SO-26212,,E080,175.52
IT-001213,2025-12-13,SO Issue,A-20036,-1,EA,F-08-5,SHIPPING,SO-26225,,E077,2945.65
IT-000586,2025-12-14,SO Issue,A-20072,-3,EA,C-33-3,SHIPPING,SO-26006,,E100,402.48
IT-001315,2025-12-14,SO Issue,A-20053,-2,EA,D-28-1,SHIPPING,SO-26262,,E081,695.65
IT-001109,2025-12-15,SO Issue,A-20040,-5,EA,E-22-5,SHIPPING,SO-26192,,E100,210.93
IT-001153,2025-12-15,SO Issue,A-20034,-1,EA,F-07-2,SHIPPING,SO-26206,,E083,111.33
IT-001234,2025-12-15,SO Issue,A-20065,-3,EA,B-12-1,SHIPPING,SO-26231,,E103,798.0
IT-000589,2025-12-16,SO Issue,A-20002,-1,EA,E-31-2,SHIPPING,SO-26006,,E078,1931.15
IT-000842,2025-12-16,SO Issue,A-20022,-1,EA,A-23-2,SHIPPING,SO-26097,,E101,155.41
IT-001203,2025-12-16,SO Issue,A-20065,-1,EA,E-28-3,SHIPPING,SO-26222,,E101,798.0
IT-001245,2025-12-16,SO Issue,A-20031,-1,EA,C-25-2,SHIPPING,SO-26235,,E100,128.84
IT-001326,2025-12-16,SO Issue,A-20090,-2,EA,C-36-5,SHIPPING,SO-26267,,E099,821.3000000000001
IT-001338,2025-12-16,SO Issue,A-20022,-3,EA,B-07-2,SHIPPING,SO-26272,,E103,155.41
IT-000477,2025-12-17,PO Receipt,P-10021,250,EA,RECEIVING,D-03-1,PO-31216,L251217-757,E082,14.2
IT-000478,2025-12-17,PO Receipt,P-20074,163,EA,RECEIVING,A-22-5,PO-31216,L251217-877,E106,19.76
IT-000511,2025-12-17,PO Receipt,P-20024,103,EA,RECEIVING,E-38-2,PO-31234,L251217-891,E104,0.38
IT-000728,2025-12-17,SO Issue,A-20020,-5,EA,F-08-5,SHIPPING,SO-26056,,E081,316.62
IT-000871,2025-12-17,SO Issue,A-20090,-5,EA,B-29-5,SHIPPING,SO-26107,,E101,821.3000000000001
IT-001126,2025-12-17,SO Issue,A-20002,-1,EA,A-02-4,SHIPPING,SO-26198,,E076,1931.15
IT-000235,2025-12-18,PO Receipt,P-20067,146,EA,RECEIVING,E-20-2,PO-31106,L251218-579,E083,20.51
IT-001115,2025-12-18,SO Issue,A-20040,-1,EA,E-02-5,SHIPPING,SO-26195,,E106,210.93
IT-001166,2025-12-18,SO Issue,A-20082,-5,EA,A-05-2,SHIPPING,SO-26212,,E102,841.44
IT-001238,2025-12-18,SO Issue,A-20034,-1,EA,A-04-3,SHIPPING,SO-26232,,E083,111.33
IT-001246,2025-12-18,SO Issue,A-20061,-3,EA,D-23-3,SHIPPING,SO-26236,,E081,175.52
IT-000585,2025-12-19,SO Issue,A-20063,-3,EA,C-01-4,SHIPPING,SO-26006,,E081,1372.91
IT-001459,2025-12-19,SO Issue,A-20078,-5,EA,B-15-5,SHIPPING,SO-26316,,E080,704.75
IT-000346,2025-12-20,PO Receipt,P-20035,500,EA,RECEIVING,F-09-5,PO-31157,L251220-508,E106,12.200000000000001
IT-000774,2025-12-20,SO Issue,A-20040,-1,EA,E-03-1,SHIPPING,SO-26073,,E104,210.93
IT-001337,2025-12-20,SO Issue,A-20092,-1,EA,B-22-3,SHIPPING,SO-26272,,E102,1915.78
IT-000588,2025-12-21,SO Issue,A-20033,-3,EA,D-32-1,SHIPPING,SO-26006,,E102,328.62
IT-000616,2025-12-21,SO Issue,A-20022,-1,EA,F-08-5,SHIPPING,SO-26017,,E104,155.41
IT-000931,2025-12-21,SO Issue,A-20034,-2,EA,A-13-3,SHIPPING,SO-26130,,E077,111.33
IT-001324,2025-12-21,SO Issue,A-20053,-1,EA,F-06-1,SHIPPING,SO-26267,,E082,695.65
IT-001341,2025-12-21,SO Issue,A-20043,-5,EA,C-40-3,SHIPPING,SO-26273,,E101,1336.88
IT-001737,2025-12-21,Transfer,P-10084,9,BX,E-40-4,C-28-4,Damage,,E106,38.4
IT-000996,2025-12-22,SO Issue,A-20002,-3,EA,C-36-5,SHIPPING,SO-26153,,E101,1931.15
IT-001291,2025-12-22,SO Issue,A-20070,-2,EA,A-02-4,SHIPPING,SO-26253,,E099,1739.22
IT-001314,2025-12-22,SO Issue,A-20101,-5,EA,E-31-2,SHIPPING,SO-26262,,E105,2382.4
IT-000517,2025-12-23,PO Receipt,P-20099,250,EA,RECEIVING,F-05-3,PO-31237,L251223-638,E077,0.77
IT-000518,2025-12-23,PO Receipt,P-20099,19,EA,RECEIVING,D-01-3,PO-31237,L251223-216,E080,0.77
IT-000786,2025-12-23,SO Issue,A-20114,-1,EA,A-25-4,SHIPPING,SO-26077,,E102,244.69
IT-000891,2025-12-23,SO Issue,A-20039,-3,EA,D-22-2,SHIPPING,SO-26114,,E103,415.87
IT-001232,2025-12-23,SO Issue,A-20077,-1,EA,B-35-4,SHIPPING,SO-26231,,E082,869.98
IT-001292,2025-12-23,SO Issue,A-20090,-1,EA,A-24-3,SHIPPING,SO-26253,,E079,821.3000000000001
IT-000598,2025-12-24,SO Issue,A-20114,-2,EA,D-14-3,SHIPPING,SO-26010,,E079,244.69
IT-000661,2025-12-24,SO Issue,A-20114,-5,EA,D-20-3,SHIPPING,SO-26032,,E079,244.69
IT-000994,2025-12-24,SO Issue,A-20076,-1,EA,C-40-3,SHIPPING,SO-26153,,E078,721.1800000000001
IT-001215,2025-12-24,SO Issue,A-20101,-2,EA,D-23-3,SHIPPING,SO-26225,,E101,2382.4
IT-000844,2025-12-25,SO Issue,A-20114,-5,EA,A-08-1,SHIPPING,SO-26097,,E078,244.69
IT-001030,2025-12-25,SO Issue,A-20039,-2,EA,A-21-2,SHIPPING,SO-26167,,E081,415.87
IT-001098,2025-12-25,SO Issue,A-20038,-1,EA,D-12-2,SHIPPING,SO-26188,,E082,1997.97
IT-001235,2025-12-25,SO Issue,A-20114,-5,EA,C-40-2,SHIPPING,SO-26231,,E081,244.69
IT-001528,2025-12-25,SO Issue,A-20076,-2,EA,D-14-3,SHIPPING,SO-26345,,E105,721.1800000000001
IT-000124,2025-12-26,PO Receipt,P-10049,168,BX,RECEIVING,B-05-1,PO-31051,L251226-707,E078,9.85
IT-000125,2025-12-26,PO Receipt,P-10070,165,EA,RECEIVING,A-13-5,PO-31051,L251226-789,E105,3.15
IT-000126,2025-12-26,PO Receipt,P-10049,168,BX,RECEIVING,D-05-4,PO-31051,L251226-139,E101,9.85
IT-000127,2025-12-26,PO Receipt,P-10049,168,BX,RECEIVING,D-36-4,PO-31051,L251226-269,E078,9.85
IT-000490,2025-12-26,PO Receipt,P-10063,243,BD,RECEIVING,B-25-4,PO-31224,L251226-476,E101,31.0
IT-000491,2025-12-26,PO Receipt,P-20029,25,EA,RECEIVING,D-40-5,PO-31224,L251226-646,E083,0.71
IT-000492,2025-12-26,PO Receipt,P-20099,500,EA,RECEIVING,D-17-3,PO-31224,L251226-343,E106,0.77
IT-000493,2025-12-26,PO Receipt,P-20024,25,EA,RECEIVING,C-39-2,PO-31224,L251226-908,E104,0.38
IT-000685,2025-12-26,SO Issue,A-20078,-5,EA,D-06-5,SHIPPING,SO-26041,,E106,704.75
IT-000973,2025-12-26,SO Issue,A-20040,-1,EA,A-15-3,SHIPPING,SO-26145,,E104,210.93
IT-000993,2025-12-26,SO Issue,A-20031,-2,EA,C-17-5,SHIPPING,SO-26153,,E106,128.84
IT-001424,2025-12-26,SO Issue,A-20003,-2,EA,D-13-4,SHIPPING,SO-26304,,E104,2450.66
IT-000683,2025-12-27,SO Issue,A-20020,-2,EA,B-22-4,SHIPPING,SO-26041,,E079,316.62
IT-000686,2025-12-27,SO Issue,A-20073,-3,EA,E-39-3,SHIPPING,SO-26041,,E102,496.53000000000003
IT-000971,2025-12-27,SO Issue,A-20110,-2,EA,D-32-1,SHIPPING,SO-26145,,E102,2979.18
IT-000138,2025-12-28,PO Receipt,P-20014,52,EA,RECEIVING,D-17-4,PO-31057,L251228-381,E076,20.71
IT-000659,2025-12-28,SO Issue,A-20038,-5,EA,B-35-3,SHIPPING,SO-26032,,E083,1997.97
IT-000684,2025-12-28,SO Issue,A-20063,-2,EA,C-05-2,SHIPPING,SO-26041,,E081,1372.91
IT-000687,2025-12-28,SO Issue,A-20039,-2,EA,B-06-4,SHIPPING,SO-26042,,E100,415.87
IT-000773,2025-12-28,SO Issue,A-20013,-1,EA,A-25-1,SHIPPING,SO-26073,,E104,162.20000000000002
IT-001274,2025-12-28,SO Issue,A-20020,-1,EA,A-22-4,SHIPPING,SO-26248,,E076,316.62
IT-000681,2025-12-29,SO Issue,A-20002,-2,EA,D-22-2,SHIPPING,SO-26039,,E100,1931.15
IT-000892,2025-12-29,SO Issue,A-20033,-1,EA,D-23-2,SHIPPING,SO-26114,,E079,328.62
IT-000972,2025-12-29,SO Issue,A-20073,-3,EA,C-11-2,SHIPPING,SO-26145,,E106,496.53000000000003
IT-001275,2025-12-29,SO Issue,A-20061,-1,EA,B-13-3,SHIPPING,SO-26248,,E101,175.52
IT-001525,2025-12-29,SO Issue,A-20076,-5,EA,B-34-1,SHIPPING,SO-26345,,E102,721.1800000000001
IT-001622,2025-12-29,SO Issue,A-20101,-1,EA,F-01-5,SHIPPING,SO-26386,,E076,2382.4
IT-000064,2025-12-30,PO Receipt,P-20091,10,EA,RECEIVING,A-19-3,PO-31028,L251230-226,E081,12.05
IT-000065,2025-12-30,PO Receipt,P-20014,52,EA,RECEIVING,D-12-4,PO-31028,L251230-645,E080,20.71
IT-000066,2025-12-30,PO Receipt,P-20006,112,EA,RECEIVING,E-02-2,PO-31028,L251230-899,E105,0.2
IT-000067,2025-12-30,PO Receipt,P-20006,50,EA,RECEIVING,A-31-3,PO-31028,L251230-266,E099,0.2
IT-000597,2025-12-30,SO Issue,A-20073,-5,EA,F-06-1,SHIPPING,SO-26010,,E081,496.53000000000003
IT-000618,2025-12-30,SO Issue,A-20114,-3,EA,B-22-4,SHIPPING,SO-26017,,E077,244.69
IT-000689,2025-12-30,SO Issue,A-20040,-2,EA,D-23-3,SHIPPING,SO-26042,,E080,210.93
IT-000690,2025-12-30,SO Issue,A-20058,-1,EA,D-31-2,SHIPPING,SO-26042,,E103,254.75
IT-000785,2025-12-30,SO Issue,A-20038,-1,EA,D-19-4,SHIPPING,SO-26077,,E106,1997.97
IT-001239,2025-12-30,SO Issue,A-20092,-3,EA,E-17-4,SHIPPING,SO-26232,,E083,1915.78
IT-001277,2025-12-30,SO Issue,A-20043,-1,EA,A-02-2,SHIPPING,SO-26248,,E100,1336.88
IT-001524,2025-12-30,SO Issue,A-20002,-5,EA,C-11-2,SHIPPING,SO-26345,,E082,1931.15
IT-001736,2025-12-30,Transfer,A-20063,0,EA,A-31-3,F-35-5,Bin move,,E106,1372.91
IT-000680,2025-12-31,SO Issue,A-20038,-3,EA,F-07-2,SHIPPING,SO-26039,,E104,1997.97
IT-000413,2026-01-01,PO Receipt,P-20088,46,EA,RECEIVING,C-16-1,PO-31191,L260101-553,E079,12.5
IT-000414,2026-01-01,PO Receipt,P-20088,46,EA,RECEIVING,B-27-1,PO-31191,L260101-306,E083,12.5
IT-000415,2026-01-01,PO Receipt,P-20088,10,EA,RECEIVING,D-26-1,PO-31191,L260101-131,E103,12.5
IT-000500,2026-01-01,PO Receipt,P-20032,500,EA,RECEIVING,F-11-2,PO-31229,L260101-202,E079,48.19
IT-000501,2026-01-01,PO Receipt,P-20018,25,EA,RECEIVING,A-29-1,PO-31229,L260101-483,E076,25.87
IT-000502,2026-01-01,PO Receipt,P-20018,27,EA,RECEIVING,F-27-2,PO-31229,L260101-886,E080,25.87
IT-000503,2026-01-01,PO Receipt,P-20032,189,EA,RECEIVING,A-13-5,PO-31229,L260101-631,E102,48.19
IT-000775,2026-01-01,SO Issue,A-20002,-3,EA,F-25-5,SHIPPING,SO-26073,,E104,1931.15
IT-001167,2026-01-01,SO Issue,A-20063,-5,EA,F-26-1,SHIPPING,SO-26212,,E101,1372.91
IT-000777,2026-01-02,SO Issue,A-20040,-2,EA,D-21-5,SHIPPING,SO-26073,,E081,210.93
IT-001116,2026-01-02,SO Issue,A-20076,-1,EA,F-06-1,SHIPPING,SO-26195,,E079,721.1800000000001
IT-001178,2026-01-02,SO Issue,A-20039,-5,EA,A-19-3,SHIPPING,SO-26216,,E103,415.87
IT-001214,2026-01-02,SO Issue,A-20022,-3,EA,B-18-5,SHIPPING,SO-26225,,E101,155.41
IT-001526,2026-01-02,SO Issue,A-20065,-1,EA,C-12-4,SHIPPING,SO-26345,,E078,798.0
IT-001718,2026-01-02,Transfer,P-20081,-11,EA,F-21-3,E-15-5,Bin move,,E102,19.19
IT-001755,2026-01-02,Scrap,P-20057,9,EA,B-20-2,B-03-4,,,E100,9.35
IT-000691,2026-01-03,SO Issue,A-20072,-5,EA,C-02-5,SHIPPING,SO-26042,,E076,402.48
IT-000763,2026-01-03,SO Issue,A-20013,-3,EA,C-30-1,SHIPPING,SO-26068,,E100,162.20000000000002
IT-001117,2026-01-03,SO Issue,A-20034,-1,EA,C-05-2,SHIPPING,SO-26195,,E103,111.33
IT-001276,2026-01-03,SO Issue,A-20076,-1,EA,C-33-3,SHIPPING,SO-26248,,E076,721.1800000000001
IT-001340,2026-01-03,SO Issue,A-20053,-2,EA,E-04-4,SHIPPING,SO-26273,,E103,695.65
IT-000563,2026-01-04,PO Receipt,P-20111,197,EA,RECEIVING,C-40-2,PO-31257,L260104-169,E083,23.71
IT-000564,2026-01-04,PO Receipt,P-20032,50,EA,RECEIVING,D-01-3,PO-31257,L260104-842,E103,48.19
IT-000660,2026-01-04,SO Issue,A-20063,-1,EA,C-36-5,SHIPPING,SO-26032,,E078,1372.91
IT-000776,2026-01-04,SO Issue,A-20092,-2,EA,F-25-5,SHIPPING,SO-26073,,E079,1915.78
IT-001233,2026-01-04,SO Issue,A-20034,-1,EA,E-11-4,SHIPPING,SO-26231,,E104,111.33
IT-001425,2026-01-04,SO Issue,A-20073,-2,EA,A-13-3,SHIPPING,SO-26304,,E076,496.53000000000003
IT-000147,2026-01-05,PO Receipt,P-10077,250,GA,RECEIVING,C-03-2,PO-31063,L260105-250,E104,27.8
IT-000148,2026-01-05,PO Receipt,P-10035,100,EA,RECEIVING,B-06-2,PO-31063,L260105-704,E076,21.4
IT-000466,2026-01-05,PO Receipt,P-20067,146,EA,RECEIVING,D-30-2,PO-31212,L260105-610,E082,20.51
IT-000467,2026-01-05,PO Receipt,P-20017,11,EA,RECEIVING,D-09-3,PO-31212,L260105-961,E082,84.28
IT-000468,2026-01-05,PO Receipt,P-20067,146,EA,RECEIVING,B-18-1,PO-31212,L260105-919,E083,20.51
IT-000469,2026-01-05,PO Receipt,P-20067,250,EA,RECEIVING,B-12-4,PO-31212,L260105-762,E100,20.51
IT-000483,2026-01-05,PO Receipt,P-20106,50,EA,RECEIVING,F-16-1,PO-31219,L260105-444,E102,63.36
IT-000543,2026-01-05,PO Receipt,P-20037,5,EA,RECEIVING,D-12-4,PO-31250,L260105-246,E106,12.19
IT-000544,2026-01-05,PO Receipt,P-20095,25,EA,RECEIVING,F-38-5,PO-31250,L260105-476,E080,24.28
IT-000688,2026-01-06,SO Issue,A-20013,-1,EA,D-40-4,SHIPPING,SO-26042,,E103,162.20000000000002
IT-001396,2026-01-06,SO Issue,A-20107,-1,EA,B-13-3,SHIPPING,SO-26291,,E103,2631.9500000000003
IT-001620,2026-01-06,SO Issue,A-20043,-1,EA,E-03-4,SHIPPING,SO-26386,,E104,1336.88
IT-001744,2026-01-06,Adjustment,P-20047,2,EA,B-12-5,E-19-4,Bin move,,E080,15.41
IT-001339,2026-01-07,SO Issue,A-20034,-2,EA,E-28-3,SHIPPING,SO-26273,,E099,111.33
IT-001527,2026-01-07,SO Issue,A-20114,-5,EA,C-01-2,SHIPPING,SO-26345,,E100,244.69
IT-001655,2026-01-07,SO Issue,A-20033,-1,EA,C-13-5,SHIPPING,SO-26400,,E101,328.62
IT-000722,2026-01-08,SO Issue,A-20090,-1,EA,D-31-5,SHIPPING,SO-26054,,E099,821.3000000000001
IT-001328,2026-01-08,SO Issue,A-20013,-1,EA,C-30-1,SHIPPING,SO-26268,,E099,162.20000000000002
IT-001342,2026-01-08,SO Issue,A-20022,-1,EA,F-18-5,SHIPPING,SO-26273,,E105,155.41
IT-001585,2026-01-08,SO Issue,A-20077,-3,EA,A-19-3,SHIPPING,SO-26373,,E104,869.98
IT-001720,2026-01-08,Transfer,P-10070,-3,EA,D-08-5,E-27-4,Bin move,,E078,3.15
IT-000004,2026-01-09,PO Receipt,P-20014,52,EA,RECEIVING,C-01-2,PO-31003,L260109-112,E078,20.71
IT-000764,2026-01-09,SO Issue,A-20107,-1,EA,D-40-4,SHIPPING,SO-26068,,E101,2631.9500000000003
IT-001236,2026-01-09,SO Issue,A-20082,-1,EA,D-27-4,SHIPPING,SO-26232,,E101,841.44
IT-000473,2026-01-10,PO Receipt,P-20117,79,EA,RECEIVING,A-15-1,PO-31215,L260110-330,E076,27.150000000000002
IT-000474,2026-01-10,PO Receipt,P-20117,79,EA,RECEIVING,D-30-4,PO-31215,L260110-472,E081,27.150000000000002
IT-000475,2026-01-10,PO Receipt,P-20055,93,EA,RECEIVING,B-11-1,PO-31215,L260110-184,E101,35.27
IT-000476,2026-01-10,PO Receipt,P-20056,10,EA,RECEIVING,B-17-2,PO-31215,L260110-647,E105,0.35000000000000003
IT-000787,2026-01-10,SO Issue,A-20082,-5,EA,E-02-5,SHIPPING,SO-26077,,E081,841.44
IT-001423,2026-01-10,SO Issue,A-20002,-2,EA,B-22-3,SHIPPING,SO-26304,,E103,1931.15
IT-001658,2026-01-10,SO Issue,A-20078,-2,EA,D-22-1,SHIPPING,SO-26400,,E082,704.75
IT-000723,2026-01-11,SO Issue,A-20061,-1,EA,D-23-3,SHIPPING,SO-26054,,E079,175.52
IT-001692,2026-01-11,SO Issue,A-20090,-1,EA,D-21-3,SHIPPING,SO-26412,,E106,821.3000000000001
IT-000509,2026-01-12,PO Receipt,P-20067,146,EA,RECEIVING,F-37-4,PO-31232,L260112-142,E079,20.51
IT-000643,2026-01-12,SO Issue,A-20013,-1,EA,E-31-2,SHIPPING,SO-26025,,E101,162.20000000000002
IT-001698,2026-01-12,SO Issue,A-20038,-5,EA,D-28-1,SHIPPING,SO-26414,,E104,1997.97
IT-000928,2026-01-13,SO Issue,A-20020,-1,EA,D-18-2,SHIPPING,SO-26129,,E078,316.62
IT-001318,2026-01-13,SO Issue,A-20038,-2,EA,B-35-4,SHIPPING,SO-26264,,E080,1997.97
IT-000231,2026-01-14,PO Receipt,P-20041,11,EA,RECEIVING,E-06-5,PO-31104,L260114-644,E102,13.870000000000001
IT-000890,2026-01-14,SO Issue,A-20063,-2,EA,C-02-5,SHIPPING,SO-26114,,E099,1372.91
IT-000342,2026-01-15,PO Receipt,P-20055,93,EA,RECEIVING,A-13-1,PO-31155,L260115-933,E102,35.27
IT-000343,2026-01-15,PO Receipt,P-20079,66,EA,RECEIVING,B-04-2,PO-31155,L260115-976,E077,0.38
IT-000955,2026-01-15,SO Issue,A-20053,-3,EA,A-24-3,SHIPPING,SO-26139,,E105,695.65
IT-001198,2026-01-15,SO Issue,A-20078,-2,EA,D-12-2,SHIPPING,SO-26221,,E082,704.75
IT-001505,2026-01-15,SO Issue,A-20034,-5,EA,B-37-2,SHIPPING,SO-26337,,E077,111.33
IT-001579,2026-01-15,SO Issue,A-20114,-5,EA,B-35-4,SHIPPING,SO-26369,,E105,244.69
IT-001657,2026-01-15,SO Issue,A-20087,-3,EA,D-27-4,SHIPPING,SO-26400,,E080,333.06
IT-001700,2026-01-15,SO Issue,A-20077,-1,EA,C-33-3,SHIPPING,SO-26414,,E079,869.98
IT-000202,2026-01-16,PO Receipt,P-10098,500,LB,RECEIVING,D-02-2,PO-31091,L260116-921,E105,0.68
IT-000203,2026-01-16,PO Receipt,P-10098,250,LB,RECEIVING,F-35-4,PO-31091,L260116-637,E080,0.68
IT-000867,2026-01-16,SO Issue,A-20038,-1,EA,A-15-3,SHIPPING,SO-26106,,E106,1997.97
IT-001043,2026-01-16,SO Issue,A-20033,-1,EA,C-37-5,SHIPPING,SO-26170,,E076,328.62
IT-001237,2026-01-16,SO Issue,A-20053,-2,EA,D-06-5,SHIPPING,SO-26232,,E076,695.65
IT-001701,2026-01-16,SO Issue,A-20058,-5,EA,A-37-5,SHIPPING,SO-26414,,E105,254.75
IT-000642,2026-01-17,SO Issue,A-20107,-3,EA,E-17-4,SHIPPING,SO-26025,,E099,2631.9500000000003
IT-000645,2026-01-17,SO Issue,A-20031,-1,EA,D-20-3,SHIPPING,SO-26025,,E099,128.84
IT-001371,2026-01-17,SO Issue,A-20114,-5,EA,D-13-4,SHIPPING,SO-26283,,E100,244.69
IT-000676,2026-01-18,SO Issue,A-20061,-1,EA,E-31-2,SHIPPING,SO-26037,,E078,175.52
IT-000930,2026-01-18,SO Issue,A-20070,-2,EA,E-39-3,SHIPPING,SO-26129,,E077,1739.22
IT-001019,2026-01-18,SO Issue,A-20092,-1,EA,D-16-3,SHIPPING,SO-26163,,E078,1915.78
IT-001348,2026-01-18,SO Issue,A-20076,-2,EA,A-14-1,SHIPPING,SO-26275,,E081,721.1800000000001
IT-001379,2026-01-18,SO Issue,A-20070,-1,EA,A-25-1,SHIPPING,SO-26286,,E082,1739.22
IT-001661,2026-01-18,SO Issue,A-20077,-2,EA,F-39-5,SHIPPING,SO-26401,,E078,869.98
IT-001021,2026-01-19,SO Issue,A-20110,-3,EA,D-34-4,SHIPPING,SO-26163,,E106,2979.18
IT-001044,2026-01-19,SO Issue,A-20090,-3,EA,C-25-2,SHIPPING,SO-26170,,E079,821.3000000000001
IT-001163,2026-01-19,SO Issue,A-20101,-3,EA,A-02-2,SHIPPING,SO-26211,,E076,2382.4
IT-001621,2026-01-19,SO Issue,A-20065,-2,EA,E-39-3,SHIPPING,SO-26386,,E104,798.0
IT-001699,2026-01-19,SO Issue,A-20003,-3,EA,E-28-3,SHIPPING,SO-26414,,E082,2450.66
IT-001753,2026-01-19,Transfer,P-10021,1,EA,B-21-3,F-36-3,,,E104,14.2
IT-001164,2026-01-21,SO Issue,A-20073,-1,EA,D-09-2,SHIPPING,SO-26211,,E106,496.53000000000003
IT-001584,2026-01-21,SO Issue,A-20039,-1,EA,E-33-4,SHIPPING,SO-26373,,E083,415.87
IT-001656,2026-01-21,SO Issue,A-20043,-5,EA,F-21-1,SHIPPING,SO-26400,,E076,1336.88
IT-001702,2026-01-21,SO Issue,A-20070,-1,EA,A-24-3,SHIPPING,SO-26414,,E104,1739.22
IT-001743,2026-01-21,Cycle Count Adj,P-20026,9,EA,B-17-4,E-03-5,Count,,E102,0.63
IT-000410,2026-01-22,PO Receipt,P-10049,168,BX,RECEIVING,B-34-3,PO-31189,L260122-824,E081,9.85
IT-000411,2026-01-22,PO Receipt,P-10049,168,BX,RECEIVING,F-24-3,PO-31189,L260122-281,E080,9.85
IT-000981,2026-01-22,SO Issue,A-20034,-5,EA,D-13-4,SHIPPING,SO-26148,,E100,111.33
IT-001046,2026-01-22,SO Issue,A-20073,-1,EA,B-11-3,SHIPPING,SO-26170,,E076,496.53000000000003
IT-001084,2026-01-22,SO Issue,A-20114,-1,EA,B-37-2,SHIPPING,SO-26183,,E082,244.69
IT-001199,2026-01-22,SO Issue,A-20039,-1,EA,B-12-1,SHIPPING,SO-26221,,E080,415.87
IT-001200,2026-01-22,SO Issue,A-20022,-1,EA,B-22-3,SHIPPING,SO-26221,,E105,155.41
IT-001581,2026-01-22,SO Issue,A-20097,-2,EA,B-07-2,SHIPPING,SO-26369,,E078,246.81
IT-001741,2026-01-22,Scrap,P-20006,-6,EA,D-14-5,E-31-5,Damage,,E104,0.2
IT-001047,2026-01-23,SO Issue,A-20002,-1,EA,A-37-5,SHIPPING,SO-26170,,E106,1931.15
IT-000401,2026-01-24,PO Receipt,P-20079,66,EA,RECEIVING,C-14-1,PO-31184,L260124-906,E106,0.38
IT-001095,2026-01-24,SO Issue,A-20073,-1,EA,F-06-1,SHIPPING,SO-26187,,E103,496.53000000000003
IT-001395,2026-01-24,SO Issue,A-20058,-1,EA,B-11-3,SHIPPING,SO-26291,,E079,254.75
IT-001648,2026-01-24,SO Issue,A-20003,-1,EA,B-20-3,SHIPPING,SO-26397,,E105,2450.66
IT-000295,2026-01-25,PO Receipt,P-20095,250,EA,RECEIVING,E-07-5,PO-31134,L260125-244,E103,24.28
IT-000296,2026-01-25,PO Receipt,P-20045,82,EA,RECEIVING,D-39-3,PO-31134,L260125-998,E081,0.18
IT-000525,2026-01-25,PO Receipt,P-10098,500,LB,RECEIVING,E-20-2,PO-31241,L260125-890,E103,0.68
IT-000526,2026-01-25,PO Receipt,P-10098,25,LB,RECEIVING,A-22-2,PO-31241,L260125-689,E082,0.68
IT-001346,2026-01-25,SO Issue,A-20078,-3,EA,D-19-4,SHIPPING,SO-26275,,E080,704.75
IT-000641,2026-01-26,SO Issue,A-20034,-5,EA,A-19-3,SHIPPING,SO-26025,,E078,111.33
IT-000739,2026-01-26,SO Issue,A-20092,-2,EA,D-38-1,SHIPPING,SO-26061,,E105,1915.78
IT-000929,2026-01-26,SO Issue,A-20043,-3,EA,A-03-3,SHIPPING,SO-26129,,E078,1336.88
IT-001017,2026-01-26,SO Issue,A-20107,-1,EA,E-34-5,SHIPPING,SO-26163,,E100,2631.9500000000003
IT-001372,2026-01-26,SO Issue,A-20065,-3,EA,D-28-1,SHIPPING,SO-26283,,E102,798.0
IT-001380,2026-01-26,SO Issue,A-20033,-5,EA,C-25-2,SHIPPING,SO-26286,,E106,328.62
IT-001398,2026-01-26,SO Issue,A-20077,-2,EA,C-01-2,SHIPPING,SO-26291,,E101,869.98
IT-001580,2026-01-26,SO Issue,A-20078,-2,EA,F-16-1,SHIPPING,SO-26369,,E080,704.75
IT-001162,2026-01-27,SO Issue,A-20038,-1,EA,C-05-2,SHIPPING,SO-26211,,E106,1997.97
IT-001329,2026-01-27,SO Issue,A-20107,-3,EA,B-06-4,SHIPPING,SO-26268,,E106,2631.9500000000003
IT-001347,2026-01-27,SO Issue,A-20107,-2,EA,D-04-1,SHIPPING,SO-26275,,E078,2631.9500000000003
IT-001616,2026-01-27,SO Issue,A-20070,-1,EA,B-26-2,SHIPPING,SO-26383,,E076,1739.22
IT-001619,2026-01-27,SO Issue,A-20110,-1,EA,E-11-4,SHIPPING,SO-26385,,E101,2979.18
IT-001630,2026-01-27,SO Issue,A-20043,-3,EA,C-13-5,SHIPPING,SO-26390,,E103,1336.88
IT-001730,2026-01-27,Adjustment,P-20049,8,EA,A-34-2,A-40-5,Count,,E078,6.0200000000000005
IT-000003,2026-01-28,PO Receipt,P-20029,22,EA,RECEIVING,E-03-5,PO-31002,L260128-875,E076,0.71
IT-000765,2026-01-28,SO Issue,A-20003,-1,EA,D-04-1,SHIPPING,SO-26068,,E082,2450.66
IT-001020,2026-01-28,SO Issue,A-20107,-1,EA,E-03-1,SHIPPING,SO-26163,,E077,2631.9500000000003
IT-001618,2026-01-28,SO Issue,A-20002,-2,EA,A-02-2,SHIPPING,SO-26385,,E079,1931.15
IT-001663,2026-01-28,SO Issue,A-20107,-5,EA,B-37-2,SHIPPING,SO-26401,,E078,2631.9500000000003
IT-000139,2026-01-29,PO Receipt,P-20055,500,EA,RECEIVING,C-10-5,PO-31058,L260129-987,E105,35.27
IT-000140,2026-01-29,PO Receipt,P-20117,79,EA,RECEIVING,C-21-5,PO-31058,L260129-312,E103,27.150000000000002
IT-000141,2026-01-29,PO Receipt,P-20056,10,EA,RECEIVING,E-04-4,PO-31058,L260129-797,E105,0.35000000000000003
IT-000195,2026-01-29,PO Receipt,P-20044,25,EA,RECEIVING,F-32-5,PO-31087,L260129-533,E101,25.1
IT-000644,2026-01-29,SO Issue,A-20076,-2,EA,A-24-3,SHIPPING,SO-26025,,E076,721.1800000000001
IT-000766,2026-01-29,SO Issue,A-20087,-3,EA,A-25-1,SHIPPING,SO-26068,,E101,333.06
IT-000884,2026-01-29,SO Issue,A-20034,-1,EA,D-04-1,SHIPPING,SO-26112,,E100,111.33
IT-000982,2026-01-29,SO Issue,A-20033,-5,EA,D-21-5,SHIPPING,SO-26148,,E078,328.62
IT-001302,2026-01-29,SO Issue,A-20043,-2,EA,E-02-5,SHIPPING,SO-26258,,E082,1336.88
IT-001373,2026-01-29,SO Issue,A-20003,-1,EA,E-17-4,SHIPPING,SO-26283,,E105,2450.66
IT-001647,2026-01-29,SO Issue,A-20063,-2,EA,F-16-1,SHIPPING,SO-26397,,E083,1372.91
IT-001394,2026-01-30,SO Issue,A-20097,-1,EA,A-25-1,SHIPPING,SO-26291,,E077,246.81
IT-001397,2026-01-30,SO Issue,A-20040,-1,EA,E-17-5,SHIPPING,SO-26291,,E103,210.93
IT-000217,2026-01-31,PO Receipt,P-20105,25,EA,RECEIVING,C-26-1,PO-31098,L260131-221,E083,81.05
IT-000218,2026-01-31,PO Receipt,P-20086,25,EA,RECEIVING,D-17-4,PO-31098,L260131-489,E103,0.51
IT-000219,2026-01-31,PO Receipt,P-20042,97,EA,RECEIVING,D-35-2,PO-31098,L260131-448,E081,49.72
IT-000250,2026-01-31,PO Receipt,P-20015,97,EA,RECEIVING,A-12-4,PO-31116,L260131-403,E080,5.42
IT-000251,2026-01-31,PO Receipt,P-20047,175,EA,RECEIVING,F-36-5,PO-31116,L260131-363,E101,15.41
IT-000252,2026-01-31,PO Receipt,P-20089,143,EA,RECEIVING,F-36-1,PO-31116,L260131-984,E077,14.19
IT-000378,2026-01-31,PO Receipt,P-20088,46,EA,RECEIVING,C-16-2,PO-31174,L260131-938,E082,12.5
IT-000379,2026-01-31,PO Receipt,P-20088,46,EA,RECEIVING,D-32-3,PO-31174,L260131-335,E080,12.5
IT-000380,2026-01-31,PO Receipt,P-20088,46,EA,RECEIVING,E-12-5,PO-31174,L260131-900,E100,12.5
IT-001507,2026-01-31,SO Issue,A-20058,-2,EA,E-34-5,SHIPPING,SO-26337,,E082,254.75
IT-001691,2026-01-31,SO Issue,A-20061,-2,EA,F-05-3,SHIPPING,SO-26412,,E079,175.52
IT-000023,2026-02-01,PO Receipt,P-20079,66,EA,RECEIVING,B-25-2,PO-31012,L260201-663,E077,0.38
IT-000497,2026-02-01,PO Receipt,P-20108,25,EA,RECEIVING,C-21-2,PO-31227,L260201-854,E103,68.82000000000001
IT-000498,2026-02-01,PO Receipt,P-20108,250,EA,RECEIVING,A-17-1,PO-31227,L260201-490,E099,68.82000000000001
IT-000499,2026-02-01,PO Receipt,P-20014,52,EA,RECEIVING,F-39-2,PO-31227,L260201-854,E078,20.71
IT-000738,2026-02-01,SO Issue,A-20077,-5,EA,F-21-1,SHIPPING,SO-26061,,E078,869.98
IT-000868,2026-02-01,SO Issue,A-20039,-1,EA,C-28-4,SHIPPING,SO-26106,,E103,415.87
IT-000883,2026-02-01,SO Issue,A-20107,-5,EA,F-18-5,SHIPPING,SO-26112,,E079,2631.9500000000003
IT-001018,2026-02-01,SO Issue,A-20073,-1,EA,C-36-5,SHIPPING,SO-26163,,E082,496.53000000000003
IT-001601,2026-02-01,SO Issue,A-20076,-5,EA,D-38-1,SHIPPING,SO-26379,,E077,721.1800000000001
IT-001649,2026-02-01,SO Issue,A-20036,-1,EA,E-02-5,SHIPPING,SO-26397,,E078,2945.65
IT-000740,2026-02-02,SO Issue,A-20020,-1,EA,D-23-2,SHIPPING,SO-26061,,E078,316.62
IT-000927,2026-02-02,SO Issue,A-20101,-1,EA,D-22-2,SHIPPING,SO-26128,,E083,2382.4
IT-001628,2026-02-02,SO Issue,A-20020,-3,EA,F-06-1,SHIPPING,SO-26390,,E100,316.62
IT-001662,2026-02-02,SO Issue,A-20092,-2,EA,B-15-5,SHIPPING,SO-26401,,E082,1915.78
IT-001749,2026-02-02,Adjustment,P-20085,11,EA,A-28-2,A-19-2,Bin move,,E102,1.16
IT-000297,2026-02-03,PO Receipt,P-20048,25,EA,RECEIVING,E-33-4,PO-31135,L260203-122,E078,55.620000000000005
IT-000361,2026-02-03,PO Receipt,P-20080,20,EA,RECEIVING,A-06-1,PO-31166,L260203-429,E100,11.25
IT-000362,2026-02-03,PO Receipt,P-20052,31,EA,RECEIVING,F-34-4,PO-31166,L260203-522,E102,10.49
IT-000545,2026-02-03,PO Receipt,P-10035,100,EA,RECEIVING,D-17-3,PO-31251,L260203-736,E101,21.4
IT-000546,2026-02-03,PO Receipt,P-10077,281,GA,RECEIVING,D-35-4,PO-31251,L260203-808,E077,27.8
IT-000547,2026-02-03,PO Receipt,P-10077,25,GA,RECEIVING,D-14-4,PO-31251,L260203-199,E100,27.8
IT-000548,2026-02-03,PO Receipt,P-10077,281,GA,RECEIVING,D-24-5,PO-31251,L260203-290,E104,27.8
IT-000674,2026-02-03,SO Issue,A-20077,-5,EA,E-04-2,SHIPPING,SO-26037,,E103,869.98
IT-001094,2026-02-03,SO Issue,A-20072,-1,EA,A-37-5,SHIPPING,SO-26187,,E104,402.48
IT-001304,2026-02-03,SO Issue,A-20053,-5,EA,C-01-4,SHIPPING,SO-26258,,E076,695.65
IT-000885,2026-02-04,SO Issue,A-20043,-3,EA,B-12-1,SHIPPING,SO-26112,,E104,1336.88
IT-001093,2026-02-04,SO Issue,A-20036,-2,EA,E-02-5,SHIPPING,SO-26187,,E104,2945.65
IT-001265,2026-02-04,SO Issue,A-20077,-1,EA,D-23-3,SHIPPING,SO-26244,,E103,869.98
IT-000519,2026-02-05,PO Receipt,P-10070,165,EA,RECEIVING,D-40-1,PO-31238,L260205-695,E082,3.15
IT-001327,2026-02-05,SO Issue,A-20110,-1,EA,D-14-3,SHIPPING,SO-26268,,E079,2979.18
IT-001615,2026-02-05,SO Issue,A-20053,-1,EA,C-30-1,SHIPPING,SO-26383,,E105,695.65
IT-000646,2026-02-06,SO Issue,A-20097,-5,EA,D-31-5,SHIPPING,SO-26027,,E076,246.81
IT-000673,2026-02-06,SO Issue,A-20033,-1,EA,B-35-4,SHIPPING,SO-26037,,E078,328.62
IT-000675,2026-02-06,SO Issue,A-20090,-1,EA,D-19-4,SHIPPING,SO-26037,,E079,821.3000000000001
IT-000923,2026-02-06,SO Issue,A-20110,-3,EA,D-12-5,SHIPPING,SO-26126,,E077,2979.18
IT-000924,2026-02-06,SO Issue,A-20033,-3,EA,E-28-3,SHIPPING,SO-26127,,E099,328.62
IT-000926,2026-02-06,SO Issue,A-20022,-2,EA,D-37-4,SHIPPING,SO-26128,,E076,155.41
IT-001407,2026-02-06,SO Issue,A-20076,-1,EA,A-37-5,SHIPPING,SO-26296,,E104,721.1800000000001
IT-000273,2026-02-07,PO Receipt,P-20104,157,EA,RECEIVING,E-26-1,PO-31125,L260207-764,E078,29.28
IT-000274,2026-02-07,PO Receipt,P-20104,157,EA,RECEIVING,D-16-3,PO-31125,L260207-964,E099,29.28
IT-000275,2026-02-07,PO Receipt,P-10014,216,EA,RECEIVING,D-07-2,PO-31125,L260207-789,E099,8.95
IT-000276,2026-02-07,PO Receipt,P-20104,250,EA,RECEIVING,D-24-3,PO-31125,L260207-376,E083,29.28
IT-000921,2026-02-07,SO Issue,A-20107,-5,EA,B-22-4,SHIPPING,SO-26126,,E101,2631.9500000000003
IT-000922,2026-02-07,SO Issue,A-20110,-1,EA,B-37-2,SHIPPING,SO-26126,,E101,2979.18
IT-001266,2026-02-07,SO Issue,A-20110,-1,EA,B-07-2,SHIPPING,SO-26244,,E079,2979.18
IT-001506,2026-02-07,SO Issue,A-20073,-1,EA,B-02-5,SHIPPING,SO-26337,,E105,496.53000000000003
IT-001602,2026-02-07,SO Issue,A-20033,-3,EA,D-37-4,SHIPPING,SO-26379,,E076,328.62
IT-001604,2026-02-07,SO Issue,A-20040,-2,EA,D-14-3,SHIPPING,SO-26379,,E079,210.93
IT-000434,2026-02-08,PO Receipt,P-20103,116,EA,RECEIVING,B-26-2,PO-31199,L260208-752,E082,17.330000000000002
IT-000882,2026-02-08,SO Issue,A-20093,-3,EA,A-24-3,SHIPPING,SO-26112,,E078,2017.22
IT-001721,2026-02-08,Scrap,P-20006,1,EA,F-12-4,B-29-2,Count,,E080,0.2
IT-000078,2026-02-09,PO Receipt,P-20050,177,EA,RECEIVING,C-36-2,PO-31033,L260209-995,E083,12.84
IT-000647,2026-02-09,SO Issue,A-20087,-2,EA,B-32-5,SHIPPING,SO-26027,,E104,333.06
IT-000742,2026-02-09,SO Issue,A-20020,-3,EA,A-40-3,SHIPPING,SO-26061,,E082,316.62
IT-001613,2026-02-09,SO Issue,A-20031,-1,EA,C-12-4,SHIPPING,SO-26383,,E076,128.84
IT-000121,2026-02-10,PO Receipt,P-20095,100,EA,RECEIVING,E-39-1,PO-31050,L260210-626,E079,24.28
IT-000122,2026-02-10,PO Receipt,P-20037,189,EA,RECEIVING,D-25-4,PO-31050,L260210-486,E078,12.19
IT-000123,2026-02-10,PO Receipt,P-20051,500,EA,RECEIVING,E-05-3,PO-31050,L260210-426,E080,11.200000000000001
IT-000396,2026-02-10,PO Receipt,P-20105,25,EA,RECEIVING,E-35-3,PO-31181,L260210-592,E099,81.05
IT-000397,2026-02-10,PO Receipt,P-20105,185,EA,RECEIVING,C-10-5,PO-31181,L260210-943,E102,81.05
IT-000460,2026-02-10,PO Receipt,P-10084,25,BX,RECEIVING,C-10-5,PO-31210,L260210-165,E081,38.4
IT-000461,2026-02-10,PO Receipt,P-10084,500,BX,RECEIVING,B-40-5,PO-31210,L260210-495,E076,38.4
IT-000462,2026-02-10,PO Receipt,P-10091,250,BX,RECEIVING,E-11-2,PO-31210,L260210-657,E106,19.2
IT-000463,2026-02-10,PO Receipt,P-20084,164,EA,RECEIVING,D-32-3,PO-31210,L260210-611,E102,14.89
IT-001433,2026-02-10,SO Issue,A-20077,-1,EA,A-13-3,SHIPPING,SO-26307,,E100,869.98
IT-000741,2026-02-11,SO Issue,A-20036,-1,EA,B-20-3,SHIPPING,SO-26061,,E104,2945.65
IT-001045,2026-02-11,SO Issue,A-20082,-1,EA,E-11-4,SHIPPING,SO-26170,,E081,841.44
IT-001305,2026-02-11,SO Issue,A-20038,-5,EA,D-06-5,SHIPPING,SO-26258,,E082,1997.97
IT-001474,2026-02-11,SO Issue,A-20077,-2,EA,C-36-2,SHIPPING,SO-26321,,E076,869.98
IT-001603,2026-02-11,SO Issue,A-20030,-1,EA,E-17-5,SHIPPING,SO-26379,,E077,176.98
IT-001660,2026-02-11,SO Issue,A-20072,-1,EA,E-03-1,SHIPPING,SO-26401,,E099,402.48
IT-000925,2026-02-12,SO Issue,A-20107,-2,EA,C-01-4,SHIPPING,SO-26128,,E078,2631.9500000000003
IT-001070,2026-02-12,SO Issue,A-20107,-1,EA,A-23-2,SHIPPING,SO-26178,,E105,2631.9500000000003
IT-001096,2026-02-12,SO Issue,A-20076,-5,EA,C-28-4,SHIPPING,SO-26187,,E104,721.1800000000001
IT-001097,2026-02-12,SO Issue,A-20078,-3,EA,C-30-1,SHIPPING,SO-26187,,E104,704.75
IT-000331,2026-02-13,PO Receipt,P-20117,79,EA,RECEIVING,E-25-1,PO-31151,L260213-989,E100,27.150000000000002
IT-000332,2026-02-13,PO Receipt,P-20075,100,EA,RECEIVING,C-12-1,PO-31151,L260213-276,E077,14.48
IT-001659,2026-02-13,SO Issue,A-20082,-1,EA,C-30-1,SHIPPING,SO-26401,,E082,841.44
IT-001679,2026-02-13,SO Issue,A-20020,-3,EA,F-18-5,SHIPPING,SO-26408,,E082,316.62
IT-001731,2026-02-14,Cycle Count Adj,P-20054,-12,EA,F-32-1,F-38-3,Count,,E079,0.48
IT-001069,2026-02-15,SO Issue,A-20070,-1,EA,D-31-5,SHIPPING,SO-26178,,E078,1739.22
IT-001750,2026-02-15,Scrap,P-20017,-10,EA,B-39-3,B-39-1,,,E077,84.28
IT-000811,2026-02-16,SO Issue,A-20072,-5,EA,C-12-4,SHIPPING,SO-26086,,E080,402.48
IT-000881,2026-02-16,SO Issue,A-20040,-1,EA,F-39-5,SHIPPING,SO-26112,,E079,210.93
IT-001147,2026-02-16,SO Issue,A-20003,-1,EA,D-16-3,SHIPPING,SO-26204,,E083,2450.66
IT-000199,2026-02-17,PO Receipt,P-20119,13,EA,RECEIVING,F-29-3,PO-31089,L260217-244,E082,8.11
IT-001071,2026-02-17,SO Issue,A-20110,-1,EA,E-39-3,SHIPPING,SO-26178,,E078,2979.18
IT-001536,2026-02-17,SO Issue,A-20090,-2,EA,B-15-5,SHIPPING,SO-26350,,E079,821.3000000000001
IT-000071,2026-02-18,PO Receipt,P-20117,100,EA,RECEIVING,B-22-3,PO-31030,L260218-408,E080,27.150000000000002
IT-000072,2026-02-18,PO Receipt,P-20056,50,EA,RECEIVING,A-16-3,PO-31030,L260218-330,E081,0.35000000000000003
IT-000073,2026-02-18,PO Receipt,P-20055,100,EA,RECEIVING,F-24-3,PO-31030,L260218-222,E076,35.27
IT-000135,2026-02-18,PO Receipt,P-20056,112,EA,RECEIVING,B-14-3,PO-31056,L260218-157,E101,0.35000000000000003
IT-000136,2026-02-18,PO Receipt,P-20075,72,EA,RECEIVING,C-34-5,PO-31056,L260218-952,E104,14.48
IT-000137,2026-02-18,PO Receipt,P-20056,112,EA,RECEIVING,A-38-4,PO-31056,L260218-469,E102,0.35000000000000003
IT-000196,2026-02-18,PO Receipt,P-20018,27,EA,RECEIVING,C-40-3,PO-31088,L260218-525,E076,25.87
IT-000197,2026-02-18,PO Receipt,P-20060,123,EA,RECEIVING,D-35-4,PO-31088,L260218-668,E104,26.88
IT-000198,2026-02-18,PO Receipt,P-20111,500,EA,RECEIVING,A-18-5,PO-31088,L260218-362,E077,23.71
IT-000304,2026-02-18,PO Receipt,P-20088,100,EA,RECEIVING,D-02-3,PO-31138,L260218-805,E106,12.5
IT-000305,2026-02-18,PO Receipt,P-20088,46,EA,RECEIVING,A-17-2,PO-31138,L260218-523,E077,12.5
IT-000306,2026-02-18,PO Receipt,P-20088,46,EA,RECEIVING,A-01-1,PO-31138,L260218-415,E105,12.5
IT-000307,2026-02-18,PO Receipt,P-20088,250,EA,RECEIVING,B-19-5,PO-31138,L260218-340,E083,12.5
IT-000697,2026-02-18,SO Issue,A-20073,-1,EA,A-02-4,SHIPPING,SO-26045,,E099,496.53000000000003
IT-000098,2026-02-19,PO Receipt,P-20066,500,EA,RECEIVING,C-38-5,PO-31041,L260219-605,E103,21.400000000000002
IT-000099,2026-02-19,PO Receipt,P-20066,167,EA,RECEIVING,B-09-5,PO-31041,L260219-858,E077,21.400000000000002
IT-000100,2026-02-19,PO Receipt,P-20050,177,EA,RECEIVING,F-22-4,PO-31041,L260219-920,E083,12.84
IT-000562,2026-02-19,PO Receipt,P-10028,203,EA,RECEIVING,A-37-1,PO-31256,L260219-378,E106,1265.0
IT-001629,2026-02-19,SO Issue,A-20065,-2,EA,D-23-3,SHIPPING,SO-26390,,E101,798.0
IT-001646,2026-02-19,SO Issue,A-20078,-3,EA,A-03-3,SHIPPING,SO-26397,,E078,704.75
IT-000294,2026-02-20,PO Receipt,P-20044,194,EA,RECEIVING,D-19-5,PO-31133,L260220-448,E102,25.1
IT-000698,2026-02-20,SO Issue,A-20076,-1,EA,C-13-5,SHIPPING,SO-26045,,E077,721.1800000000001
IT-000699,2026-02-20,SO Issue,A-20053,-5,EA,D-31-2,SHIPPING,SO-26045,,E080,695.65
IT-000813,2026-02-20,SO Issue,A-20077,-2,EA,A-23-2,SHIPPING,SO-26086,,E080,869.98
IT-000209,2026-02-21,PO Receipt,P-20021,57,EA,RECEIVING,B-40-3,PO-31094,L260221-514,E081,23.78
IT-000210,2026-02-21,PO Receipt,P-20054,191,EA,RECEIVING,C-28-5,PO-31094,L260221-940,E100,0.48
IT-000438,2026-02-21,PO Receipt,P-20014,52,EA,RECEIVING,A-17-1,PO-31202,L260221-731,E101,20.71
IT-000439,2026-02-21,PO Receipt,P-20014,52,EA,RECEIVING,E-35-5,PO-31202,L260221-188,E080,20.71
IT-000440,2026-02-21,PO Receipt,P-20019,50,EA,RECEIVING,D-26-4,PO-31202,L260221-647,E100,12.65
IT-000441,2026-02-21,PO Receipt,P-20100,157,EA,RECEIVING,F-14-1,PO-31202,L260221-248,E079,36.730000000000004
IT-001406,2026-02-21,SO Issue,A-20039,-1,EA,A-24-3,SHIPPING,SO-26296,,E099,415.87
IT-001189,2026-02-22,SO Issue,A-20033,-5,EA,F-34-5,SHIPPING,SO-26219,,E081,328.62
IT-001303,2026-02-23,SO Issue,A-20110,-1,EA,A-26-1,SHIPPING,SO-26258,,E081,2979.18
IT-000814,2026-02-24,SO Issue,A-20072,-1,EA,E-39-3,SHIPPING,SO-26086,,E105,402.48
IT-001412,2026-02-24,SO Issue,A-20063,-1,EA,C-40-3,SHIPPING,SO-26297,,E106,1372.91
IT-000559,2026-02-25,PO Receipt,P-20119,13,EA,RECEIVING,A-19-4,PO-31255,L260225-715,E105,8.11
IT-000560,2026-02-25,PO Receipt,P-20119,500,EA,RECEIVING,C-36-5,PO-31255,L260225-976,E102,8.11
IT-000561,2026-02-25,PO Receipt,P-20026,79,EA,RECEIVING,F-15-2,PO-31255,L260225-799,E100,0.63
IT-001535,2026-02-25,SO Issue,A-20110,-5,EA,E-29-1,SHIPPING,SO-26349,,E101,2979.18
IT-001614,2026-02-25,SO Issue,A-20038,-2,EA,D-12-2,SHIPPING,SO-26383,,E104,1997.97
IT-001184,2026-02-26,SO Issue,A-20058,-3,EA,A-15-3,SHIPPING,SO-26218,,E081,254.75
IT-001145,2026-02-27,SO Issue,A-20036,-3,EA,F-39-5,SHIPPING,SO-26204,,E078,2945.65
IT-001408,2026-02-27,SO Issue,A-20093,-2,EA,C-10-2,SHIPPING,SO-26297,,E081,2017.22
IT-000851,2026-02-28,SO Issue,A-20097,-2,EA,B-26-2,SHIPPING,SO-26099,,E081,246.81
IT-001409,2026-02-28,SO Issue,A-20072,-5,EA,C-37-4,SHIPPING,SO-26297,,E083,402.48
IT-000834,2026-03-01,SO Issue,A-20072,-1,EA,C-40-3,SHIPPING,SO-26093,,E077,402.48
IT-001192,2026-03-01,SO Issue,A-20092,-1,EA,E-04-4,SHIPPING,SO-26219,,E079,1915.78
IT-001450,2026-03-01,SO Issue,A-20093,-1,EA,A-15-3,SHIPPING,SO-26313,,E078,2017.22
IT-001148,2026-03-02,SO Issue,A-20053,-1,EA,B-22-4,SHIPPING,SO-26204,,E106,695.65
IT-001193,2026-03-02,SO Issue,A-20070,-1,EA,B-06-4,SHIPPING,SO-26219,,E076,1739.22
IT-001363,2026-03-03,SO Issue,A-20092,-2,EA,C-11-2,SHIPPING,SO-26279,,E104,1915.78
IT-001732,2026-03-03,Scrap,A-20053,7,EA,B-16-1,D-32-1,Damage,,E104,695.65
IT-001186,2026-03-04,SO Issue,A-20077,-1,EA,D-06-4,SHIPPING,SO-26218,,E077,869.98
IT-001411,2026-03-04,SO Issue,A-20073,-1,EA,A-04-3,SHIPPING,SO-26297,,E077,496.53000000000003
IT-001451,2026-03-04,SO Issue,A-20073,-1,EA,F-07-2,SHIPPING,SO-26313,,E080,496.53000000000003
IT-001706,2026-03-04,SO Issue,A-20058,-3,EA,C-01-2,SHIPPING,SO-26416,,E081,254.75
IT-000142,2026-03-05,PO Receipt,P-10105,80,LB,RECEIVING,F-40-4,PO-31059,L260305-262,E101,0.94
IT-000143,2026-03-05,PO Receipt,P-10098,292,LB,RECEIVING,B-09-5,PO-31059,L260305-760,E083,0.68
IT-000232,2026-03-05,PO Receipt,P-20000,42,EA,RECEIVING,C-19-3,PO-31105,L260305-340,E106,55.43
IT-000233,2026-03-05,PO Receipt,P-20052,62,EA,RECEIVING,F-37-4,PO-31105,L260305-409,E104,10.49
IT-000234,2026-03-05,PO Receipt,P-20052,62,EA,RECEIVING,D-30-2,PO-31105,L260305-777,E105,10.49
IT-000412,2026-03-05,PO Receipt,P-10070,165,EA,RECEIVING,F-17-4,PO-31190,L260305-729,E099,3.15
IT-000464,2026-03-05,PO Receipt,P-20064,42,EA,RECEIVING,B-24-1,PO-31211,L260305-447,E083,0.7000000000000001
IT-000465,2026-03-05,PO Receipt,P-20037,189,EA,RECEIVING,E-15-2,PO-31211,L260305-265,E079,12.19
IT-001533,2026-03-05,SO Issue,A-20002,-2,EA,F-08-5,SHIPPING,SO-26349,,E101,1931.15
IT-000721,2026-03-06,SO Issue,A-20114,-3,EA,A-25-4,SHIPPING,SO-26053,,E082,244.69
IT-001745,2026-03-06,Scrap,P-20104,-3,EA,D-01-1,C-07-2,,,E079,29.28
IT-001027,2026-03-07,SO Issue,A-20097,-2,EA,D-31-2,SHIPPING,SO-26166,,E105,246.81
IT-001187,2026-03-07,SO Issue,A-20013,-3,EA,D-18-2,SHIPPING,SO-26218,,E076,162.20000000000002
IT-001410,2026-03-07,SO Issue,A-20077,-3,EA,D-37-4,SHIPPING,SO-26297,,E099,869.98
IT-001504,2026-03-07,SO Issue,A-20058,-5,EA,E-05-4,SHIPPING,SO-26336,,E078,254.75
IT-001487,2026-03-08,SO Issue,A-20114,-2,EA,A-40-3,SHIPPING,SO-26328,,E076,244.69
IT-000005,2026-03-09,PO Receipt,P-10049,168,BX,RECEIVING,B-34-4,PO-31004,L260309-286,E079,9.85
IT-000651,2026-03-09,SO Issue,A-20073,-1,EA,C-05-2,SHIPPING,SO-26029,,E100,496.53000000000003
IT-000812,2026-03-09,SO Issue,A-20038,-2,EA,C-12-4,SHIPPING,SO-26086,,E078,1997.97
IT-000815,2026-03-09,SO Issue,A-20110,-1,EA,D-23-3,SHIPPING,SO-26086,,E079,2979.18
IT-001707,2026-03-09,SO Issue,A-20072,-1,EA,A-22-4,SHIPPING,SO-26416,,E079,402.48
IT-000427,2026-03-10,PO Receipt,P-10105,80,LB,RECEIVING,C-07-4,PO-31195,L260310-225,E082,0.94
IT-000428,2026-03-10,PO Receipt,P-10098,292,LB,RECEIVING,E-34-1,PO-31195,L260310-126,E099,0.68
IT-000429,2026-03-10,PO Receipt,P-10098,25,LB,RECEIVING,D-21-5,PO-31195,L260310-312,E079,0.68
IT-000833,2026-03-10,SO Issue,A-20036,-5,EA,C-25-2,SHIPPING,SO-26093,,E076,2945.65
IT-001102,2026-03-10,SO Issue,A-20061,-3,EA,C-01-4,SHIPPING,SO-26189,,E080,175.52
IT-001146,2026-03-10,SO Issue,A-20090,-1,EA,D-27-4,SHIPPING,SO-26204,,E105,821.3000000000001
IT-001190,2026-03-10,SO Issue,A-20039,-3,EA,A-08-1,SHIPPING,SO-26219,,E080,415.87
IT-001362,2026-03-10,SO Issue,A-20063,-1,EA,B-35-3,SHIPPING,SO-26279,,E101,1372.91
IT-001436,2026-03-10,SO Issue,A-20090,-2,EA,D-23-2,SHIPPING,SO-26308,,E102,821.3000000000001
IT-000319,2026-03-11,PO Receipt,P-20026,10,EA,RECEIVING,A-18-5,PO-31144,L260311-464,E105,0.63
IT-000320,2026-03-11,PO Receipt,P-20119,13,EA,RECEIVING,A-17-2,PO-31144,L260311-443,E077,8.11
IT-000370,2026-03-11,PO Receipt,P-20062,197,EA,RECEIVING,A-31-2,PO-31170,L260311-395,E106,18.77
IT-000835,2026-03-11,SO Issue,A-20077,-1,EA,E-31-2,SHIPPING,SO-26093,,E105,869.98
IT-001188,2026-03-11,SO Issue,A-20013,-5,EA,A-03-3,SHIPPING,SO-26218,,E083,162.20000000000002
IT-001434,2026-03-11,SO Issue,A-20065,-5,EA,B-26-2,SHIPPING,SO-26308,,E082,798.0
IT-000408,2026-03-12,PO Receipt,P-20054,191,EA,RECEIVING,C-01-5,PO-31188,L260312-257,E081,0.48
IT-000409,2026-03-12,PO Receipt,P-20069,73,EA,RECEIVING,D-35-5,PO-31188,L260312-198,E077,4.72
IT-001063,2026-03-12,SO Issue,A-20097,-2,EA,F-21-1,SHIPPING,SO-26176,,E082,246.81
IT-001468,2026-03-12,SO Issue,A-20087,-3,EA,D-32-3,SHIPPING,SO-26319,,E102,333.06
IT-001531,2026-03-12,SO Issue,A-20058,-1,EA,E-29-1,SHIPPING,SO-26346,,E079,254.75
IT-001703,2026-03-12,SO Issue,A-20065,-3,EA,B-35-3,SHIPPING,SO-26415,,E078,798.0
IT-000693,2026-03-13,SO Issue,A-20063,-1,EA,C-40-3,SHIPPING,SO-26043,,E104,1372.91
IT-000726,2026-03-13,SO Issue,A-20101,-2,EA,A-16-5,SHIPPING,SO-26055,,E101,2382.4
IT-000749,2026-03-13,SO Issue,A-20092,-1,EA,B-06-4,SHIPPING,SO-26063,,E099,1915.78
IT-001064,2026-03-13,SO Issue,A-20093,-1,EA,F-08-5,SHIPPING,SO-26176,,E104,2017.22
IT-001191,2026-03-13,SO Issue,A-20072,-2,EA,F-03-4,SHIPPING,SO-26219,,E106,402.48
IT-001449,2026-03-13,SO Issue,A-20082,-3,EA,C-37-4,SHIPPING,SO-26313,,E104,841.44
IT-001540,2026-03-13,SO Issue,A-20053,-2,EA,D-31-5,SHIPPING,SO-26352,,E083,695.65
IT-000470,2026-03-14,PO Receipt,P-20083,500,EA,RECEIVING,B-39-1,PO-31213,L260314-325,E102,1.02
IT-000471,2026-03-14,PO Receipt,P-20083,250,EA,RECEIVING,F-38-3,PO-31213,L260314-460,E104,1.02
IT-001026,2026-03-14,SO Issue,A-20022,-1,EA,A-24-3,SHIPPING,SO-26166,,E104,155.41
IT-001110,2026-03-14,SO Issue,A-20087,-2,EA,D-31-5,SHIPPING,SO-26193,,E102,333.06
IT-001435,2026-03-14,SO Issue,A-20040,-2,EA,E-11-4,SHIPPING,SO-26308,,E080,210.93
IT-000115,2026-03-15,PO Receipt,P-20000,250,EA,RECEIVING,D-23-2,PO-31048,L260315-513,E104,55.43
IT-000116,2026-03-15,PO Receipt,P-20000,42,EA,RECEIVING,E-31-3,PO-31048,L260315-633,E104,55.43
IT-000117,2026-03-15,PO Receipt,P-20052,62,EA,RECEIVING,F-08-4,PO-31048,L260315-351,E099,10.49
IT-000724,2026-03-15,SO Issue,A-20065,-1,EA,E-02-5,SHIPPING,SO-26055,,E077,798.0
IT-000790,2026-03-15,SO Issue,A-20065,-1,EA,D-13-4,SHIPPING,SO-26078,,E078,798.0
IT-001052,2026-03-15,SO Issue,A-20058,-1,EA,A-14-1,SHIPPING,SO-26172,,E105,254.75
IT-001103,2026-03-15,SO Issue,A-20022,-3,EA,F-18-5,SHIPPING,SO-26189,,E104,155.41
IT-001111,2026-03-15,SO Issue,A-20003,-5,EA,C-37-5,SHIPPING,SO-26193,,E099,2450.66
IT-001393,2026-03-15,SO Issue,A-20070,-1,EA,B-22-3,SHIPPING,SO-26290,,E080,1739.22
IT-001469,2026-03-15,SO Issue,A-20036,-1,EA,B-13-3,SHIPPING,SO-26319,,E083,2945.65
IT-001704,2026-03-15,SO Issue,A-20065,-5,EA,B-35-4,SHIPPING,SO-26416,,E101,798.0
IT-000285,2026-03-16,PO Receipt,P-20028,26,EA,RECEIVING,A-37-1,PO-31129,L260316-852,E102,39.64
IT-001486,2026-03-16,SO Issue,A-20110,-1,EA,A-21-2,SHIPPING,SO-26328,,E103,2979.18
IT-001503,2026-03-16,SO Issue,A-20114,-1,EA,A-02-2,SHIPPING,SO-26336,,E100,244.69
IT-000649,2026-03-17,SO Issue,A-20020,-5,EA,B-13-3,SHIPPING,SO-26029,,E105,316.62
IT-000725,2026-03-17,SO Issue,A-20090,-2,EA,E-30-3,SHIPPING,SO-26055,,E106,821.3000000000001
IT-000789,2026-03-17,SO Issue,A-20110,-3,EA,B-07-2,SHIPPING,SO-26078,,E082,2979.18
IT-001534,2026-03-17,SO Issue,A-20002,-1,EA,E-17-4,SHIPPING,SO-26349,,E083,1931.15
IT-000113,2026-03-18,PO Receipt,P-20021,25,EA,RECEIVING,D-33-3,PO-31047,L260318-719,E102,23.78
IT-000114,2026-03-18,PO Receipt,P-20069,73,EA,RECEIVING,E-09-2,PO-31047,L260318-655,E076,4.72
IT-000341,2026-03-18,PO Receipt,P-10105,80,LB,RECEIVING,B-07-1,PO-31154,L260318-792,E079,0.94
IT-000748,2026-03-19,SO Issue,A-20082,-2,EA,B-22-3,SHIPPING,SO-26063,,E079,841.44
IT-001054,2026-03-19,SO Issue,A-20077,-3,EA,B-15-5,SHIPPING,SO-26172,,E105,869.98
IT-001530,2026-03-19,SO Issue,A-20039,-5,EA,C-33-3,SHIPPING,SO-26346,,E102,415.87
IT-001735,2026-03-19,Scrap,A-20031,5,EA,C-05-5,E-12-1,Damage,,E106,128.84
IT-000109,2026-03-20,PO Receipt,P-20041,11,EA,RECEIVING,F-33-1,PO-31046,L260320-278,E077,13.870000000000001
IT-000110,2026-03-20,PO Receipt,P-20089,500,EA,RECEIVING,C-20-3,PO-31046,L260320-313,E106,14.19
IT-000111,2026-03-20,PO Receipt,P-20001,198,EA,RECEIVING,E-38-2,PO-31046,L260320-130,E100,9.55
IT-000112,2026-03-20,PO Receipt,P-20015,97,EA,RECEIVING,A-35-3,PO-31046,L260320-807,E100,5.42
IT-000337,2026-03-20,PO Receipt,P-20056,112,EA,RECEIVING,A-04-3,PO-31153,L260320-567,E102,0.35000000000000003
IT-000338,2026-03-20,PO Receipt,P-20117,79,EA,RECEIVING,A-20-3,PO-31153,L260320-508,E077,27.150000000000002
IT-000339,2026-03-20,PO Receipt,P-20079,66,EA,RECEIVING,D-07-1,PO-31153,L260320-409,E101,0.38
IT-000340,2026-03-20,PO Receipt,P-20079,66,EA,RECEIVING,E-37-1,PO-31153,L260320-418,E104,0.38
IT-000454,2026-03-20,PO Receipt,P-20042,10,EA,RECEIVING,A-01-4,PO-31207,L260320-249,E100,49.72
IT-000512,2026-03-20,PO Receipt,P-20037,250,EA,RECEIVING,C-12-1,PO-31235,L260320-130,E081,12.19
IT-000513,2026-03-20,PO Receipt,P-20037,189,EA,RECEIVING,D-14-1,PO-31235,L260320-505,E101,12.19
IT-000514,2026-03-20,PO Receipt,P-20037,189,EA,RECEIVING,A-11-2,PO-31235,L260320-211,E101,12.19
IT-000515,2026-03-20,PO Receipt,P-20064,25,EA,RECEIVING,C-13-3,PO-31235,L260320-970,E082,0.7000000000000001
IT-000650,2026-03-20,SO Issue,A-20053,-2,EA,C-40-2,SHIPPING,SO-26029,,E101,695.65
IT-000751,2026-03-20,SO Issue,A-20065,-1,EA,B-15-5,SHIPPING,SO-26063,,E081,798.0
IT-000752,2026-03-20,SO Issue,A-20038,-2,EA,B-18-5,SHIPPING,SO-26064,,E081,1997.97
IT-001053,2026-03-20,SO Issue,A-20039,-3,EA,F-21-1,SHIPPING,SO-26172,,E083,415.87
IT-001101,2026-03-20,SO Issue,A-20022,-1,EA,B-13-3,SHIPPING,SO-26189,,E081,155.41
IT-001488,2026-03-20,SO Issue,A-20040,-1,EA,E-03-1,SHIPPING,SO-26328,,E077,210.93
IT-001529,2026-03-20,SO Issue,A-20090,-3,EA,B-35-3,SHIPPING,SO-26346,,E083,821.3000000000001
IT-000652,2026-03-21,SO Issue,A-20033,-3,EA,D-16-3,SHIPPING,SO-26030,,E105,328.62
IT-000906,2026-03-21,SO Issue,A-20034,-1,EA,C-01-2,SHIPPING,SO-26120,,E103,111.33
IT-001556,2026-03-21,SO Issue,A-20082,-1,EA,E-04-2,SHIPPING,SO-26357,,E080,841.44
IT-001561,2026-03-21,SO Issue,A-20087,-3,EA,C-33-3,SHIPPING,SO-26360,,E078,333.06
IT-000074,2026-03-22,PO Receipt,P-20049,97,EA,RECEIVING,E-33-5,PO-31031,L260322-322,E081,6.0200000000000005
IT-000988,2026-03-22,SO Issue,A-20013,-3,EA,C-11-2,SHIPPING,SO-26151,,E080,162.20000000000002
IT-001000,2026-03-22,SO Issue,A-20073,-1,EA,A-15-3,SHIPPING,SO-26155,,E078,496.53000000000003
IT-001185,2026-03-22,SO Issue,A-20073,-1,EA,B-26-2,SHIPPING,SO-26218,,E082,496.53000000000003
IT-001485,2026-03-22,SO Issue,A-20039,-1,EA,A-05-2,SHIPPING,SO-26328,,E077,415.87
IT-001705,2026-03-22,SO Issue,A-20058,-1,EA,D-22-2,SHIPPING,SO-26416,,E100,254.75
IT-000533,2026-03-23,PO Receipt,P-20079,66,EA,RECEIVING,C-33-3,PO-31246,L260323-712,E103,0.38
IT-000534,2026-03-23,PO Receipt,P-20056,25,EA,RECEIVING,F-21-5,PO-31246,L260323-354,E100,0.35000000000000003
IT-000788,2026-03-23,SO Issue,A-20082,-1,EA,F-39-5,SHIPPING,SO-26078,,E078,841.44
IT-001061,2026-03-23,SO Issue,A-20013,-3,EA,C-33-3,SHIPPING,SO-26176,,E100,162.20000000000002
IT-001593,2026-03-23,SO Issue,A-20022,-2,EA,B-22-4,SHIPPING,SO-26376,,E080,155.41
IT-000907,2026-03-24,SO Issue,A-20013,-1,EA,D-06-4,SHIPPING,SO-26120,,E105,162.20000000000002
IT-001623,2026-03-24,SO Issue,A-20033,-5,EA,A-40-3,SHIPPING,SO-26387,,E080,328.62
IT-001624,2026-03-24,SO Issue,A-20022,-1,EA,D-31-5,SHIPPING,SO-26387,,E104,155.41
IT-001640,2026-03-24,SO Issue,A-20030,-1,EA,D-21-3,SHIPPING,SO-26394,,E081,176.98
IT-000165,2026-03-25,PO Receipt,P-10042,100,BX,RECEIVING,B-38-2,PO-31070,L260325-749,E076,28.5
IT-000648,2026-03-25,SO Issue,A-20043,-1,EA,A-23-2,SHIPPING,SO-26029,,E076,1336.88
IT-000692,2026-03-25,SO Issue,A-20072,-3,EA,C-01-4,SHIPPING,SO-26043,,E083,402.48
IT-000750,2026-03-25,SO Issue,A-20030,-1,EA,C-25-2,SHIPPING,SO-26063,,E099,176.98
IT-001028,2026-03-25,SO Issue,A-20002,-1,EA,E-17-5,SHIPPING,SO-26166,,E104,1931.15
IT-001062,2026-03-25,SO Issue,A-20093,-1,EA,E-31-2,SHIPPING,SO-26176,,E100,2017.22
IT-000653,2026-03-26,SO Issue,A-20110,-2,EA,D-20-3,SHIPPING,SO-26030,,E100,2979.18
IT-000948,2026-03-27,SO Issue,A-20013,-1,EA,B-20-3,SHIPPING,SO-26136,,E106,162.20000000000002
IT-001051,2026-03-27,SO Issue,A-20093,-5,EA,F-21-1,SHIPPING,SO-26172,,E099,2017.22
IT-001470,2026-03-27,SO Issue,A-20036,-1,EA,A-16-5,SHIPPING,SO-26319,,E106,2945.65
IT-000211,2026-03-28,PO Receipt,P-10042,84,BX,RECEIVING,B-24-3,PO-31095,L260328-541,E082,28.5
IT-000212,2026-03-28,PO Receipt,P-10042,84,BX,RECEIVING,F-20-2,PO-31095,L260328-690,E082,28.5
IT-000568,2026-03-29,PO Receipt,P-20048,100,EA,RECEIVING,D-30-3,PO-31259,L260329-592,E100,55.620000000000005
IT-000569,2026-03-29,PO Receipt,P-20052,10,EA,RECEIVING,B-12-1,PO-31259,L260329-169,E077,10.49
IT-000010,2026-03-31,PO Receipt,P-20021,57,EA,RECEIVING,A-14-2,PO-31006,L260331-588,E079,23.78
IT-000011,2026-03-31,PO Receipt,P-20069,50,EA,RECEIVING,D-39-2,PO-31006,L260331-786,E103,4.72
IT-000145,2026-03-31,PO Receipt,P-20088,12,EA,RECEIVING,D-01-1,PO-31061,L260331-485,E078,12.5
IT-000146,2026-03-31,PO Receipt,P-20088,50,EA,RECEIVING,D-38-3,PO-31061,L260331-242,E099,12.5
IT-000154,2026-03-31,PO Receipt,P-20060,61,EA,RECEIVING,F-32-4,PO-31066,L260331-793,E083,26.88
IT-000155,2026-03-31,PO Receipt,P-20118,16,EA,RECEIVING,C-01-2,PO-31066,L260331-857,E079,13.91
IT-000156,2026-03-31,PO Receipt,P-20060,250,EA,RECEIVING,C-20-2,PO-31066,L260331-960,E080,26.88
IT-000236,2026-03-31,PO Receipt,P-20026,5,EA,RECEIVING,A-40-2,PO-31107,L260331-523,E079,0.63
IT-000286,2026-03-31,PO Receipt,P-20021,250,EA,RECEIVING,B-36-2,PO-31130,L260331-154,E076,23.78
IT-000287,2026-03-31,PO Receipt,P-20021,28,EA,RECEIVING,B-06-5,PO-31130,L260331-827,E076,23.78
IT-000347,2026-03-31,PO Receipt,P-10049,10,BX,RECEIVING,E-26-2,PO-31158,L260331-667,E077,9.85
IT-000348,2026-03-31,PO Receipt,P-10049,250,BX,RECEIVING,D-08-4,PO-31158,L260331-665,E078,9.85
IT-000398,2026-03-31,PO Receipt,P-20027,5,EA,RECEIVING,F-20-2,PO-31182,L260331-361,E080,8.42
IT-000494,2026-03-31,PO Receipt,P-20096,125,EA,RECEIVING,E-09-4,PO-31225,L260331-956,E080,14.700000000000001
IT-000495,2026-03-31,PO Receipt,P-20111,98,EA,RECEIVING,E-06-4,PO-31225,L260331-538,E081,23.71
IT-000510,2026-03-31,PO Receipt,P-20032,94,EA,RECEIVING,C-30-2,PO-31233,L260331-590,E105,48.19
