Transaction Id,Transaction Date,Type,Item Id,Qty,Uom,From Location,To Location,Reference,Lot Number,User Id,Unit Cost
IT-001196,2025-04-06,SO Issue ,CONV-1022,-3,EA,E-37-4,SHIPPING,SO-26192,,E038,2154.05
IT-001194,2025-04-08,SO Issue,ROLL-1053,-4,EA,F-06-1,SHIPPING,SO-26192,,E039,86.10000000000001
IT-001286,2025-04-09,SO Issue,CONV-1046,-1,EA,F-08-1,SHIPPING,SO-26231,,E038,7311.89
IT-002079,2025-04-10,Scrap,ROLL-1053,-3,EA,A-21-5,A-21-3,,,E034,86.10000000000001
IT-001805,2025-04-12,SO Issue,SPRO-1078,-2,EA,F-36-1,SHIPPING,SO-26431,,E036,69.25
IT-001005,2025-04-13,SO Issue ,AC-1040,-3,EA,B-31-3,SHIPPING,SO-26115,,E033,609.44
IT-001195,2025-04-13,SO Issue,AC-1006,-5,EA,A-12-2,SHIPPING,SO-26192,,E033,2130.52
IT-001074,2025-04-15,SO Issue,SPRO-1041,-25,EA,F-36-1,SHIPPING,SO-26142,,E038,35.35
IT-001156,2025-04-15,SO Issue,MOUN-1034,-200,EA,A-37-2,SHIPPING,SO-26178,,E035,23.82
IT-000835,2025-04-16,SO Issue,MOUN-1083,-50,EA,A-36-4,SHIPPING,SO-26051,,E035,87.77
IT-000939,2025-04-16,SO Issue,MOUN-1062,-1,EA,C-11-3,SHIPPING,SO-26088,,E029,135.75
IT-001802,2025-04-16,SO Issue,MOUN-1018,-5,EA,E-36-5,SHIPPING,SO-26431,,E036,109.13
IT-000922,2025-04-17,SO Issue,ROLL-1053,-4,EA,E-37-4,SHIPPING,SO-26082,,E038,86.10000000000001
IT-000924,04/17/2025,SO Issue,SHEA-1045,-200,EA,E-15-1,SHIPPING,SO-26082,,E037,47.68
IT-000832,2025-04-19,SO Issue,SPRO-1002,-1,EA,E-05-1,SHIPPING,SO-26050,,E034,65.84
IT-000833,"Apr 19, 2025",SO Issue,MOUN-1081,-50,EA,A-14-1,SHIPPING,SO-26051,,E037,61.24
IT-000616,2025-04-20,PO Receipt,SHEA-1072 ,11,EA,RECEIVING,E-28-2,PO-31267,,E036,101.96000000000001
IT-000617,2025-04-20,PO Receipt,MOUN-1008,52,EA,RECEIVING,D-37-2,PO-31267,,E027,71.79
IT-000830,04/21/2025,SO Issue,TIMI-1030,-12,EA,C-10-4,SHIPPING,SO-26050,,E035,66.14
IT-001003,2025-04-21,SO Issue,SPRO-1009,-10,EA,C-28-3,SHIPPING,SO-26115,,E035,24.54
IT-001285,2025-04-21,SO Issue,SHEA-1088,-5,EA ,B-20-3,SHIPPING,SO-26231,,E027,189.79
IT-001868,04/21/25,SO Issue,SKF-6205-2RS1,-1,EA,E-34-4,SHIPPING,SO-26454,,E037,3.55
IT-002033,2025-04-21,SO Issue,AC-1063,-5,EA,C-40-1,SHIPPING,SO-26515,,E026,1677.24
IT-000855,2025-04-22,SO Issue,GEAR-1084,-3,EA,D-17-2,SHIPPING,SO-26059,,E028,3456.0
IT-001002,2025-04-22,SO Issue,SPRO-1002,-1,EA,C-38-3,SHIPPING,SO-26115,,E027,65.84
IT-001614,2025-04-22,SO Issue,AC-1057,-1,EA,D-08-4,SHIPPING,SO-26356,,E031,687.08
IT-002063,2025-04-22,Cycle Count Adj,AC-1063,-5,EA,A-13-5,B-15-1,,,E034,1677.24
IT-000938,2025-04-23,SO Issue,MOUN-1034,-4,EA,C-10-4,SHIPPING,SO-26088,,E028,23.82
IT-001004,2025-04-23,SO Issue,SHEA-1068,-1,EA,F-08-1,SHIPPING,SO-26115,,E034,180.78
IT-001193,2025-04-23,SO Issue,MOUN-1081,-6,EA,B-34-5,SHIPPING,SO-26192,,E038,61.24
IT-001334,2025-04-23,SO Issue,TIMI-1056,-100,EA,B-14-3,SHIPPING,SO-26253,,E032,17.21
IT-000858,04/24/2025,SO Issue,MOUN-1081,-2,EA,C-09-4,SHIPPING,SO-26059,,E026,61.24
IT-000237,2025-04-25,PO Receipt,SHEA-1049,191,EA,RECEIVING,B-02-5,PO-31099,,E037,153.4
IT-000923,2025-04-25,SO Issue,SPRO-1009,-1,EA,E-22-4,SHIPPING,SO-26082,,E039,24.54
IT-001141,2025-04-25,SO Issue,ROLL-1012,-4,EA,E-08-5,SHIPPING,SO-26171,,E034,47.52
IT-001283,2025-04-25,SO Issue,CONV-1065,-1,EA,F-09-3,SHIPPING,SO-26231,,E031,2903.56
IT-001646,2025-04-25,SO Issue,MOUN-1062,-1,EA,B-21-3,SHIPPING,SO-26369,,E036,135.75
IT-001781,2025-04-25,SO Issue,GEAR-1084,-1,EA,C-38-3,SHIPPING,SO-26423,,E034,3456.0
IT-000027,2025-04-26,PO Receipt,SPRO-1050,500,EA,RECEIVING,A-15-1,PO-31013,,E028,12.85
IT-000028,2025-04-26,PO Receipt,AC-1033,142,EA,RECEIVING,D-33-4,PO-31013,,E039,1093.27
IT-000834,2025-04-26,SO Issue,SPRO-1069,-1,EA,E-22-1,SHIPPING,SO-26051,,E032,115.11
IT-001782,2025-04-26,SO Issue,ROLL-1053,-50,EA,C-06-1,SHIPPING,SO-26423,,E031,86.10000000000001
IT-001948,2025-04-26,SO Issue,BRI-HHCS-0500-13-200-G8,-12,BX,B-14-4 ,SHIPPING,SO-26482,,E026,44.75
IT-000626,2025-04-28,PO Receipt,KIM-G10,100,BX,RECEIVING,A-40-4,PO-31274,,E028,11.4
IT-000627,2025-04-28,PO Receipt,HEN-243,240,EA,RECEIVING,A-10-4,PO-31274,,E036,22.1
IT-000856,2025-04-28,SO Issue,MOUN-1008,-10,EA,B-20-3,SHIPPING,SO-26059,,E029,71.79
IT-001576,2025-04-28,SO Issue,AC-1085,-5,EA,B-20-3,SHIPPING,SO-26342,,E031,365.76
IT-000258,2025-04-29,PO Receipt,SHEA-1037,130,EA,RECEIVING,B-29-3,PO-31107,,E034,99.06
IT-001247,2025-04-29,SO Issue,GEAR-1066,-3,EA,F-23-3,SHIPPING,SO-26212,,E026,1270.02
IT-001897,2025-04-29,SO Issue,MOUN-1031,-12,EA,C-28-3,SHIPPING,SO-26464 ,,E028,38.78
IT-001899,2025-04-29,SO Issue,SHEA-1028,-5,EA,F-36-1,SHIPPING,SO-26464,,E030,284.6
IT-000491,2025-04-30,PO Receipt,GEAR-1080,179,EA,RECEIVING,E-33-2,PO-31211,,E032,1484.33
IT-000492,2025-04-30,PO Receipt,GEAR-1080,500,EA,RECEIVING,D-35-3,PO-31211,,E036,1484.33
IT-000493,2025-04-30,PO Receipt,GEAR-1080,179,EA,RECEIVING,D-19-2,PO-31211,,E031,1484.33
IT-000494,2025-04-30,PO Receipt,TIMI-1030,500,EA,RECEIVING,F-04-2,PO-31211,,E038,66.14
IT-001222,2025-04-30,SO Issue,MOUN-1081,-1,EA,E-31-4,SHIPPING,SO-26202,,E029,61.24
IT-001282,2025-04-30,SO Issue,SHEA-1049,-1,EA,E-08-5,SHIPPING,SO-26231,,E038,153.4
IT-001505,2025-04-30,SO Issue,TIMI-1017,-1,EA,C-11-2,SHIPPING,SO-26311,,E034,50.69
IT-001826,2025-04-30,SO Issue,SPRO-1050,-10,EA,F-24-2,SHIPPING,SO-26439,,E035,12.85
IT-001766,2025-05-01,SO Issue,SPRO-1004,-4,EA,A-12-2 ,SHIPPING,SO-26417,,E026,42.84
IT-000831,2025-05-02 ,SO Issue,SPRO-1015,-200,EA,B-14-4,SHIPPING,SO-26050,,E031,74.58
IT-001248,2025-05-02,SO Issue,DOD-TXT315,-3,EA,E-22-1,SHIPPING,SO-26212,,E038 ,1180.0
IT-001337,05/02/2025,SO Issue,SPRO-1076,-4,EA,B-34-4,SHIPPING,SO-26253,,E036,13.24
IT-000828,2025-05-03,SO Issue,CONV-1052,-2,EA,E-23-5,SHIPPING,SO-26050,,E033,2311.6
IT-001575,2025-05-03,SO Issue,SPRO-1061,-50,EA,F-04-4,SHIPPING,SO-26342,,E028,87.28
IT-001703,2025-05-03,SO Issue,TIM-LM11949-LM11910,-2,EA,E-34-4 ,SHIPPING,SO-26391,,E039,7.6
IT-001744,"May 03, 2025",SO Issue,TIMI-1000,-50,EA,E-31-4,SHIPPING,SO-26408,,E031,43.53
IT-001768,2025-05-03,SO Issue,SPRO-1015,-2,EA,E-15-1,SHIPPING,SO-26417,,E032,74.58
IT-001073,2025-05-04,SO Issue,GAT-B62,-2,EA,F-12-4,SHIPPING,SO-26142,,E037,12.7
IT-001142,2025-05-04,SO Issue,SPRO-1002,-10,EA,D-23-5,SHIPPING,SO-26171,,E033,65.84
IT-001803,05/04/2025,SO Issue,GEAR-1060,-2,EA,E-03-1,SHIPPING,SO-26431,,E038,3102.4300000000003
IT-001804,2025-05-04,SO Issue,SHEA-1025,-1,EA,C-17-4 ,SHIPPING,SO-26431,,E035,153.95000000000002
IT-000821,2025-05-05,SO Issue,GEAR-1084,-5,EA,B-20-2,SHIPPING,SO-26047,,E032,3456.0
IT-000857,2025-05-05,SO Issue,SHEA-1028,-1,EA,A-36-4,SHIPPING,SO-26059,,E030,284.6
IT-001704,2025-05-05,SO Issue,ROLL-1026,-1,EA,E-05-1,SHIPPING,SO-26391,,E029,129.92000000000002
IT-000543,2025-05-06,PO Receipt,GEAR-1010,85,EA,RECEIVING,B-03-1,PO-31234,,E032,2784.15
IT-000544,2025-05-06,PO Receipt,TIMI-1017,173,EA,RECEIVING,B-07-4,PO-31234,,E028,50.69
IT-000545,"May 06, 2025",PO Receipt,MOUN-1029,103,EA,RECEIVING,B-16-3,PO-31234,,E032,86.28
IT-000829,2025-05-06,SO Issue,CONV-1052,-1,EA,F-09-3,SHIPPING,SO-26050,,E029,2311.6
IT-001240,2025-05-06,SO Issue,SPRO-1069,-1,EA,C-11-2,SHIPPING,SO-26210,,E038,115.11
IT-001577,2025-05-06,SO Issue,AC-1054 ,-5,EA,B-34-4,SHIPPING,SO-26342,,E035,1828.58
IT-000042,2025-05-07,PO Receipt,SHEA-1037,130,EA,RECEIVING,F-21-5,PO-31018,,E036,99.06
IT-001143,05/07/2025,SO Issue,CONV-1065,-5,EA,D-27-4,SHIPPING,SO-26171,,E034,2903.56
IT-001295,2025-05-07,SO Issue,GEAR-1067,-1,EA,B-08-3,SHIPPING,SO-26236,,E034,498.09000000000003
IT-001384,2025-05-07,SO Issue,CONV-1022,-5,EA,A-36-4,SHIPPING,SO-26271,,E034,2154.05
IT-001504,2025-05-07,SO Issue,TIM-LM11949-LM11910,-50,EA,B-20-3,SHIPPING,SO-26311,,E039,7.6
IT-001613,2025-05-07,SO Issue,MOUN-1062,-3,EA,C-03-2,SHIPPING,SO-26356,,E029,135.75
IT-001778,2025-05-07,SO Issue,GEAR-1010,-1,EA ,A-36-4,SHIPPING,SO-26422,,E029,2784.15
IT-002080,2025-05-07,Scrap,SPRO-1002,1,EA,F-37-1,D-16-4,Bin move,,E028,65.84
IT-000025,2025-05-08,PO Receipt,AC-1040,25,EA,RECEIVING,F-19-4,PO-31011,,E028,609.44
IT-001092,"May 08, 2025",SO Issue,TIMI-1017,-10,EA,B-04-5,SHIPPING,SO-26148,,E034,50.69
IT-001468,2025-05-08,SO Issue,GEAR-1084,-1,EA,C-10-5,SHIPPING,SO-26299,,E028,3456.0
IT-001501,2025-05-08,SO Issue,CONV-1052,-3,EA,A-36-4,SHIPPING,SO-26311,,E036,2311.6
IT-000039,2025-05-09,PO Receipt,SPRO-1011,148,EA,RECEIVING,F-13-4,PO-31017,,E026,118.48
IT-000040,2025-05-09,PO Receipt,BRI-HHCS-0500-13-200-G8,79,BX,RECEIVING,C-10-1,PO-31017,,E026,44.75
IT-000041,2025-05-09,PO Receipt,SPRO-1069,70,EA,RECEIVING,A-40-2,PO-31017,,E028,115.11
IT-000822,2025-05-09,SO Issue ,SPRO-1009,-12,EA,B-14-4,SHIPPING,SO-26047,,E039,24.54
IT-001188 ,2025-05-09,SO Issue,SPRO-1047,-100,EA,B-26-2,SHIPPING,SO-26190,,E026 ,13.77
IT-001336,2025-05-09,SO Issue,ROLL-1021,-6,EA,A-14-1,SHIPPING,SO-26253,,E026,81.74
IT-001745,2025-05-09,SO Issue,GAT-B62,-4,EA,F-01-5,SHIPPING,SO-26408,,E032,12.7
IT-001767,2025-05-09,SO Issue,MOUN-1062,-2,EA,F-04-4,SHIPPING,SO-26417,,E027,135.75
IT-001900,2025-05-09,SO Issue,ROLL-1026,-1,EA,F-34-2,SHIPPING,SO-26464,,E027,129.92000000000002
IT-000373,2025-05-10,PO Receipt,SHEA-1077,14,EA,RECEIVING,F-09-4,PO-31159,,E033,67.98
IT-000374,2025-05-10,PO Receipt,TIMI-1017,173,EA,RECEIVING,C-21-1,PO-31159,,E035,50.69
IT-001284,2025-05-10,SO Issue,TIMI-1071,-25,EA,E-06-5,SHIPPING,SO-26231,,E036,74.85000000000001
IT-001297,2025-05-10,SO Issue,ROLL-1021,-1,EA,A-21-2,SHIPPING,SO-26237,,E036,81.74
IT-001742,2025-05-10 ,SO Issue,DOD-TXT315,-3,EA,D-17-2,SHIPPING,SO-26408,,E039,1180.0
IT-001746,2025-05-10,SO Issue,SPRO-1061,-6,EA,A-36-4,SHIPPING,SO-26408,,E037,87.28
IT-001779,2025-05-10,SO Issue,SPRO-1047,-6,EA,E-36-5,SHIPPING,SO-26422,,E027,13.77
IT-000072,2025-05-11,PO Receipt,SHEA-1088,100,EA,RECEIVING,D-07-5,PO-31030,,E036,189.79
IT-000073,2025-05-11,PO Receipt,SPRO-1027,100,EA,RECEIVING,A-26-1,PO-31030,,E028,77.98
IT-000074,2025-05-11,PO Receipt,SHEA-1088,91,EA,RECEIVING,A-27-5,PO-31030,,E038,189.79
IT-000075,2025-05-11,PO Receipt,SHEA-1088,45,EA,RECEIVING,A-07-5,PO-31030,,E038 ,189.79
IT-001178,2025-05-12,SO Issue,SHEA-1003,-5,EA,F-12-3,SHIPPING,SO-26187,,E031,235.72
IT-001335,2025-05-12,SO Issue,ROLL-1021,-10,EA,A-18-1,SHIPPING,SO-26253,,E029,81.74
IT-001469,2025-05-12,SO Issue,SPRO-1004,-10,EA,F-06-1,SHIPPING,SO-26300,,E037,42.84
IT-001470,2025-05-12,SO Issue,CONV-1042,-5,EA,E-36-5,SHIPPING,SO-26300,,E030,5159.58
IT-001780,2025-05-12,SO Issue,ROLL-1053,-50,EA,E-26-3,SHIPPING,SO-26422,,E026,86.10000000000001
IT-001223,2025-05-13,SO Issue,GEAR-1066,-1,EA,B-08-3,SHIPPING,SO-26202,,E029,1270.02
IT-001294,2025-05-13,SO Issue,SPRO-1055,-50,EA,E-15-1,SHIPPING,SO-26236,,E029,26.94
IT-001637,2025-05-13,SO Issue,ROLL-1012,-25,EA,C-03-2,SHIPPING,SO-26364,,E032,47.52
IT-001761,2025-05-13,SO Issue,SPRO-1050,-100,EA,E-34-4,SHIPPING,SO-26414,,E038,12.85
IT-001776,2025-05-13,SO Issue,CONV-1051,-5,EA,F-06-1,SHIPPING,SO-26421,,E026,4147.58
IT-001825,2025-05-13,SO Issue,SKF-6308-2Z,-12,EA,E-22-1,SHIPPING,SO-26439,,E039,10.25
IT-001039,2025-05-14,SO Issue,SPRO-1011 ,-3,EA,C-17-4,SHIPPING,SO-26131,,E035,118.48
IT-001296 ,2025-05-14,SO Issue,AC-1057,-5,EA,E-05-1,SHIPPING,SO-26236,,E039,687.08
IT-001827,2025-05-14,SO Issue,SPRO-1004,-10,EA,B-21-3,SHIPPING,SO-26439,,E031,42.84
IT-001090,2025-05-15,SO Issue,SHEA-1064,-1,EA,F-12-3,SHIPPING,SO-26148,,E031,139.88
IT-001503,2025-05-15,SO Issue,GEAR-1060,-3,EA,A-24-3,SHIPPING,SO-26311,,E034,3102.4300000000003
IT-001635,2025-05-15 ,SO Issue,GAT-B62,-50,EA,F-01-5,SHIPPING,SO-26364,,E039,12.7
IT-000220,2025-05-16,PO Receipt,TIMI-1058,166,EA,RECEIVING,A-32-4,PO-31093,,E034,84.45
IT-000221,2025-05-16,PO Receipt,TIMI-1058,166,EA,RECEIVING,E-11-4,PO-31093,,E027,84.45
IT-000222,2025-05-16,PO Receipt,TIMI-1014,250,EA,RECEIVING,E-37-2,PO-31093,,E026,49.480000000000004
IT-001757,2025-05-16,SO Issue,GEAR-1016,-3,EA,D-28-2,SHIPPING,SO-26414,,E033,2265.26
IT-001038,2025-05-17,SO Issue,SPRO-1055,-12,EA,C-19-1,SHIPPING,SO-26131,,E037,26.94
IT-001175,2025-05-17,SO Issue,SHEA-1072,-1,EA,A-23-4,SHIPPING,SO-26187,,E036,101.96000000000001
IT-001187,2025-05-17,SO Issue,SHEA-1003,-1,EA,B-31-3,SHIPPING,SO-26190,,E029,235.72
IT-001898,17-May-2025,SO Issue,SPRO-1061,-50,EA,C-19-1,SHIPPING,SO-26464,,E039,87.28
IT-000763 ,2025-05-18,SO Issue,CONV-1043,-2,EA,B-08-3,SHIPPING,SO-26024,,E032,1971.53
IT-000764,2025-05-18,SO Issue,SHEA-1049,-3,EA,A-31-5,SHIPPING,SO-26024,,E038,153.4
IT-001224,2025-05-18,SO Issue,SHEA-1003,-1,EA,C-28-3,SHIPPING,SO-26202,,E030,235.72
IT-001241 ,2025-05-18,SO Issue,GEAR-1066,-2,EA,D-17-4,SHIPPING,SO-26210,,E034,1270.02
IT-001634,2025-05-18,SO Issue,ROLL-1053,-1,EA,E-34-4,SHIPPING,SO-26364,,E039,86.10000000000001
IT-001502,2025-05-19,SO Issue,TIMI-1071,-2,EA,C-11-2,SHIPPING,SO-26311,,E032,74.85000000000001
IT-001578,2025-05-19,SO Issue ,SHEA-1007,-2,EA,F-34-2,SHIPPING,SO-26342,,E038,129.94
IT-001759,2025-05-19,SO Issue,GEAR-1066,-1,EA,C-10-4,SHIPPING,SO-26414,,E038,1270.02
IT-001949,2025-05-19,SO Issue,SPRO-1069,-2,EA,B-20-3,SHIPPING,SO-26482,,E029,115.11
IT-000155,2025-05-20,PO Receipt,SPRO-1050,53,EA,RECEIVING,D-07-5,PO-31065,,E029,12.85
IT-000156,2025-05-20,PO Receipt,AC-1033,142,EA,RECEIVING,E-12-5,PO-31065,,E027,1093.27
IT-000157,2025-05-20,PO Receipt,AC-1033,142,EA,RECEIVING,B-10-1,PO-31065,,E027,1093.27
IT-001089,2025-05-20,SO Issue,CONV-1043,-1,EA,F-12-3,SHIPPING,SO-26148,,E034,1971.53
IT-001144,2025-05-20,SO Issue,TIMI-1071,-100,EA,B-04-5,SHIPPING,SO-26171,,E033,74.85000000000001
IT-001177,2025-05-20,SO Issue,AC-1063,-3,EA,F-02-3,SHIPPING,SO-26187,,E027,1677.24
IT-001743,2025-05-20,SO Issue,TIMI-1075,-25,EA,A-22-3,SHIPPING,SO-26408,,E038,72.76
IT-002041,2025-05-20,SO Issue,CONV-1039,-2,EA,D-17-2,SHIPPING,SO-26518,,E027,7046.72
IT-001242,2025-05-21,SO Issue,TIMI-1075,-50,EA,C-11-2,SHIPPING,SO-26210,,E034,72.76
IT-001828,2025-05-21,SO Issue,GEAR-1010,-5,EA,D-17-2,SHIPPING,SO-26439,,E032,2784.15
IT-001044,2025-05-22,SO Issue,DOD-TXT315 ,-2,EA,A-14-1,SHIPPING,SO-26134,,E036,1180.0
IT-001186,2025-05-22,SO Issue,AC-1063,-1,EA,C-38-3,SHIPPING,SO-26190,,E034,1677.24
IT-001777,2025-05-22,SO Issue,CONV-1022,-2,EA,A-10-1,SHIPPING,SO-26422,,E039,2154.05
IT-001947,2025-05-22,SO Issue,GEAR-1067,-5,EA,F-04-4,SHIPPING,SO-26482,,E032,498.09000000000003
IT-000883,2025-05-23,SO Issue,ROLL-1021,-4,EA,D-17-2,SHIPPING,SO-26067,,E035,81.74
IT-001043,2025-05-23,SO Issue,TIM-LM11949-LM11910,-4,EA,E-23-5,SHIPPING,SO-26134,,E036,7.6
IT-001185,05/23/25,SO Issue,SKF-6308-2Z,-50,EA,D-14-3,SHIPPING,SO-26190,,E038,10.25
IT-001197,2025-05-23,SO Issue,SHEA-1007,-1,EA,E-06-5,SHIPPING,SO-26193,,E033,129.94
IT-001929,2025-05-23,SO Issue,AC-1085,-1,EA,B-34-4,SHIPPING,SO-26473,,E039,365.76
IT-000314,2025-05-24,PO Receipt,AC-1054,50,EA,RECEIVING,C-22-2,PO-31133,,E039,1828.58
IT-001093,2025-05-24,SO Issue,MOUN-1034,-25,EA,C-10-4,SHIPPING,SO-26148,,E035,23.82
IT-001930,2025-05-24,SO Issue,SHEA-1007,-3,EA,A-14-1,SHIPPING,SO-26473,,E031,129.94
IT-001176,2025-05-25,SO Issue,SHEA-1068,-1,EA,F-09-3,SHIPPING,SO-26187,,E036,180.78
IT-001691,2025-05-25,SO Issue,TIMI-1000,-6,EA,C-10-4,SHIPPING,SO-26388,,E036,43.53
IT-001904,2025-05-25,SO Issue,SKF-6308-2Z,-6,EA,A-21-2,SHIPPING,SO-26466,,E036,10.25
IT-002040,2025-05-25,SO Issue,SPRO-1076,-100,EA,B-26-4,SHIPPING,SO-26518,,E034,13.24
IT-000303,2025-05-26,PO Receipt,GEAR-1080,179,EA,RECEIVING,A-33-5,PO-31127,,E029,1484.33
IT-000304,2025-05-26,PO Receipt,TIMI-1030,137,EA,RECEIVING,B-03-1,PO-31127,,E036,66.14
IT-000827,2025-05-26,SO Issue,CONV-1043,-1,EA,C-09-4,SHIPPING,SO-26049,,E031,1971.53
IT-001765,2025-05-26,SO Issue,GEAR-1060,-1,EA,A-22-3,SHIPPING,SO-26417,,E031,3102.4300000000003
IT-001928,2025-05-26,SO Issue,SPRO-1047,-100,EA,A-10-1,SHIPPING,SO-26473,,E038,13.77
IT-001933,2025-05-26,SO Issue,MOUN-1029,-6,EA,F-12-4,SHIPPING,SO-26474,,E028,86.28
IT-000882,2025-05-27,SO Issue,GEAR-1073,-2,EA,F-34-2,SHIPPING,SO-26067 ,,E031,1938.75
IT-001246,2025-05-27,SO Issue,SHEA-1003,-1,EA,D-28-2,SHIPPING,SO-26212,,E029,235.72
IT-001692,2025-05-27,SO Issue,TIMI-1075,-50,EA,F-23-3,SHIPPING,SO-26388,,E037,72.76
IT-001758,2025-05-27,SO Issue,SHEA-1064,-2,EA,C-11-3,SHIPPING,SO-26414,,E031,139.88
IT-001907,2025-05-27,SO Issue,TIMI-1030,-4,EA,D-08-4,SHIPPING ,SO-26466,,E037,66.14
IT-001932,2025-05-27,SO Issue,GEAR-1010,-1,EA,F-12-3 ,SHIPPING,SO-26474,,E030,2784.15
IT-000012,2025-05-28,PO Receipt,SHEA-1037,50,EA,RECEIVING ,E-24-3,PO-31006,,E027,99.06
IT-000013,2025-05-28,PO Receipt,SPRO-1027,500,EA,RECEIVING,D-11-4,PO-31006,,E029,77.98
IT-001099,2025-05-28,SO Issue,MOUN-1034,-10,EA,F-12-4,SHIPPING,SO-26151,,E034,23.82
IT-001325,2025-05-28,SO Issue,TIMI-1056,-12,EA,C-30-4,SHIPPING,SO-26248,,E027,17.21
IT-001399,2025-05-28,SO Issue,MOUN-1083,-200,EA,E-23-5,SHIPPING,SO-26277,,E038,87.77
IT-001690,2025-05-28,SO Issue,GAT-B62,-6,EA,A-14-1,SHIPPING,SO-26388,,E035,12.7
IT-001760,05/28/25,SO Issue,GEAR-1073,-1,EA,B-24-5,SHIPPING,SO-26414,,E038,1938.75
IT-001927,2025-05-28,SO Issue,SPRO-1050,-10,EA,A-10-3,SHIPPING,SO-26473,,E030,12.85
IT-001632,2025-05-29,SO Issue,SPRO-1009,-6,EA,F-36-1,SHIPPING,SO-26363,,E032,24.54
IT-000361,2025-05-30,PO Receipt,SHEA-1035,50,EA,RECEIVING,D-27-3,PO-31153,,E027,148.52
IT-000362,2025-05-30,PO Receipt,GEAR-1016,122,EA,RECEIVING,C-02-4,PO-31153,,E032,2265.26
IT-000363,"May 30, 2025",PO Receipt,GEAR-1016,122,EA,RECEIVING,D-19-1,PO-31153,,E030,2265.26
IT-000364,2025-05-30,PO Receipt,ROLL-1021,50,EA,RECEIVING,D-08-5,PO-31153,,E030,81.74
IT-001591,2025-05-30,SO Issue,SHEA-1072,-2,EA,F-12-4,SHIPPING,SO-26345,,E037,101.96000000000001
IT-001977,2025-05-30,SO Issue,CONV-1023,-5,EA,F-09-3,SHIPPING,SO-26495,,E034 ,3652.15
IT-000424,05/31/25,PO Receipt,SPRO-1050,25,EA,RECEIVING,F-36-5,PO-31180,,E034,12.85
IT-000425,2025-05-31,PO Receipt,AC-1033,142,EA,RECEIVING,A-19-1,PO-31180,,E035,1093.27
IT-000339,06/01/25,PO Receipt,GEAR-1066,100,EA,RECEIVING,D-06-2 ,PO-31143 ,,E029,1270.02
IT-000340,2025-06-01,PO Receipt,SPRO-1011,500,EA,RECEIVING,F-23-4,PO-31143,,E030,118.48
IT-000341,2025-06-01,PO Receipt,SPRO-1011,148,EA,RECEIVING,D-18-3,PO-31143,,E031,118.48
IT-000342,2025-06-01,PO Receipt,TIMI-1075,50,EA,RECEIVING,B-22-1,PO-31143,,E034,72.76
IT-001091,2025-06-01,SO Issue,TIMI-1075,-25,EA,A-24-3,SHIPPING,SO-26148,,E033,72.76
IT-001392,06/01/2025,SO Issue ,CONV-1042,-1,EA,F-08-1,SHIPPING,SO-26274,,E035,5159.58
IT-001636,06/01/2025,SO Issue,SKF-6205-2RS1,-6,EA,C-06-1,SHIPPING,SO-26364,,E026,3.55
IT-001905,2025-06-01,SO Issue,CONV-1051,-1,EA,C-38-3,SHIPPING,SO-26466,,E029,4147.58
IT-001105,2025-06-02,SO Issue,CONV-1023,-3,EA,C-19-1,SHIPPING,SO-26152,,E028,3652.15
IT-001352,06/02/2025,SO Issue,GEAR-1084,-1,EA,F-34-2,SHIPPING,SO-26260,,E031,3456.0
IT-001717,2025-06-02,SO Issue ,TIM-LM11949-LM11910,-100,EA,B-11-2,SHIPPING,SO-26396,,E031,7.6
IT-000095,2025-06-03,PO Receipt,SKF-6205-2RS1,88,EA,RECEIVING,F-04-1,PO-31041,,E038,3.55
IT-000096,2025-06-03,PO Receipt,SPRO-1076,141,EA,RECEIVING,D-15-1,PO-31041,,E034,13.24
IT-000097,2025-06-03,PO Receipt,SKF-6308-2Z,192,EA,RECEIVING,E-13-4,PO-31041,,E034,10.25
IT-000242,2025-06-03,PO Receipt,SHEA-1088,100,EA,RECEIVING,B-08-1,PO-31102,,E039,189.79
IT-000243,2025-06-03,PO Receipt,SHEA-1037,130,EA,RECEIVING,B-31-4,PO-31102,,E038,99.06
IT-001588,2025-06-03,SO Issue,CONV-1065,-1,EA,B-35-2,SHIPPING,SO-26345,,E032,2903.56
IT-001104,2025-06-04,SO Issue,TIMI-1058,-100,EA,F-12-4,SHIPPING,SO-26152,,E027,84.45
IT-001535,2025-06-04,SO Issue,TIMI-1071,-50,EA,C-30-4,SHIPPING,SO-26322,,E034,74.85000000000001
IT-000168,2025-06-05,PO Receipt,SPRO-1002,132,EA,RECEIVING,A-30-4,PO-31070,,E038,65.84
IT-000169,2025-06-05,PO Receipt,SPRO-1078,13,EA,RECEIVING,C-06-2,PO-31070,,E033,69.25
IT-000170,2025-06-05,PO Receipt,SPRO-1078 ,500,EA,RECEIVING,A-22-3 ,PO-31070,,E034,69.25
IT-000881,2025-06-05,SO Issue,AC-1074,-1,EA,C-09-4,SHIPPING,SO-26067,,E035,1663.14
IT-001351 ,2025-06-05,SO Issue,GEAR-1084,-2,EA,C-10-4,SHIPPING,SO-26260,,E031,3456.0
IT-001718,2025-06-05,SO Issue,TIMI-1032,-12,EA,E-15-1,SHIPPING,SO-26396,,E033,32.99
IT-001959,2025-06-05,SO Issue,SHEA-1068,-1,EA,D-28-2,SHIPPING,SO-26490,,E032,180.78
IT-000723,2025-06-06,SO Issue ,SHEA-1064,-5,EA,B-26-4,SHIPPING,SO-26008,,E028,139.88
IT-000880,2025-06-06,SO Issue,ROLL-1044,-5,EA,F-12-4,SHIPPING,SO-26067,,E031,140.68
IT-000942,06/06/25,SO Issue,GEAR-1067,-1,EA,A-10-3,SHIPPING,SO-26089,,E026,498.09000000000003
IT-000143,2025-06-07,PO Receipt,GEAR-1080,179,EA,RECEIVING,D-20-2,PO-31060,,E028,1484.33
IT-000144,2025-06-07,PO Receipt,GEAR-1080,250,EA,RECEIVING,C-08-2,PO-31060,,E036,1484.33
IT-000145,2025-06-07,PO Receipt,TIMI-1030,137,EA,RECEIVING,B-18-1,PO-31060,,E035,66.14
IT-000378,2025-06-07,PO Receipt ,SKF-6308-2Z,192,EA,RECEIVING,C-30-1,PO-31161,,E029,10.25
IT-000762,2025-06-07,SO Issue,AC-1057,-1,EA,D-17-4,SHIPPING,SO-26024,,E031,687.08
IT-001590,"Jun 07, 2025",SO Issue,SPRO-1061,-25,EA,F-23-3,SHIPPING,SO-26345,,E033,87.28
IT-001890,07-Jun-2025,SO Issue,CONV-1065,-1,EA,F-24-2,SHIPPING,SO-26461,,E027,2903.56
IT-001892,2025-06-07,SO Issue,SPRO-1004,-2,EA ,A-23-4,SHIPPING,SO-26461,,E026,42.84
IT-000141,2025-06-08,PO Receipt,SPRO-1041,135,EA,RECEIVING,C-12-4,PO-31059,,E027,35.35
IT-000142,2025-06-08,PO Receipt,SPRO-1078,13,EA,RECEIVING,A-14-2,PO-31059,,E034,69.25
IT-000955,2025-06-08,SO Issue,SKF-6205-2RS1,-100,EA,A-36-3,SHIPPING,SO-26095,,E033,3.55
IT-001301,2025-06-08,SO Issue,SHEA-1045,-10,EA,F-23-3,SHIPPING,SO-26239,,E032,47.68
IT-001633,2025-06-08,SO Issue,MOUN-1029,-2,EA,B-20-3,SHIPPING,SO-26363,,E039,86.28
IT-001893,2025-06-08,SO Issue,AC-1054,-1,EA,F-01-5,SHIPPING,SO-26461,,E031,1828.58
IT-001896,2025-06-08,SO Issue,SHEA-1038,-2,EA ,B-14-4,SHIPPING,SO-26462,,E038,295.28000000000003
IT-000223,2025-06-09,PO Receipt,HEN-243,100,EA,RECEIVING,E-09-2,PO-31094,,E029,22.1
IT-000224,2025-06-09,PO Receipt,3M-SF401AF,84,EA,RECEIVING,C-16-2,PO-31094,,E034,4.05
IT-000225,2025-06-09,PO Receipt,KIM-G10,25,BX,RECEIVING,E-17-4,PO-31094,,E035,11.4
IT-001103,2025-06-09,SO Issue,GEAR-1010,-1,EA,E-31-4,SHIPPING,SO-26152,,E035,2784.15
IT-001906,2025-06-09,SO Issue,SPRO-1004,-12,EA,A-14-1,SHIPPING,SO-26466,,E037,42.84
IT-002039,2025-06-09,SO Issue,SPRO-1055,-6,EA,B-21-3,SHIPPING,SO-26518,,E031,26.94
IT-001655,2025-06-10,SO Issue,TIMI-1056,-50,EA,A-02-1,SHIPPING,SO-26373,,E032,17.21
IT-000469,2025-06-11,PO Receipt,AC-1033,142,EA,RECEIVING,A-27-3,PO-31200,,E031,1093.27
IT-000826,2025-06-11,SO Issue,CONV-1039,-2,EA,A-37-2,SHIPPING,SO-26049 ,,E026,7046.72
IT-001130,2025-06-11,SO Issue,TIMI-1014,-10,EA,B-36-4,SHIPPING,SO-26164,,E030,49.480000000000004
IT-001300,2025-06-11 ,SO Issue,TIMI-1058,-10,EA,E-29-1,SHIPPING,SO-26239,,E038,84.45
IT-001589,2025-06-11,SO Issue,CONV-1023,-5,EA,C-28-3,SHIPPING,SO-26345,,E036,3652.15
IT-001894,2025-06-11,SO Issue,SPRO-1050,-100,EA,C-10-4,SHIPPING,SO-26462,,E029,12.85
IT-000347,2025-06-12,PO Receipt,TIMI-1075,50,EA,RECEIVING,A-40-1,PO-31146,,E032,72.76
IT-000348,2025-06-12,PO Receipt,BRI-HHCS-0500-13-200-G8,79,BX,RECEIVING,A-26-4,PO-31146,,E037,44.75
IT-000759 ,2025-06-12,SO Issue,SHEA-1037,-100,EA,E-26-3,SHIPPING,SO-26023,,E037,99.06
IT-000761,2025-06-12,SO Issue,GEAR-1010,-1,EA,A-29-1,SHIPPING,SO-26023,,E026,2784.15
IT-000879,2025-06-12,SO Issue,SPRO-1050,-1,EA,E-31-4,SHIPPING,SO-26067,,E032,12.85
IT-001467,2025-06-12,SO Issue,AC-1006,-3,EA,F-09-3,SHIPPING,SO-26298,,E028,2130.52
IT-001656,2025-06-12,SO Issue,GEAR-1010 ,-1,EA,E-22-1,SHIPPING,SO-26373,,E026,2784.15
IT-001950,2025-06-12,SO Issue,SHEA-1028,-1,EA,B-29-2,SHIPPING,SO-26483,,E038,284.6
IT-000568,2025-06-13,PO Receipt,SPRO-1009,172,EA,RECEIVING,D-12-5,PO-31245,,E027,24.54
IT-000628,2025-06-13 ,PO Receipt,TIMI-1030,137,EA,RECEIVING,E-24-5,PO-31275,,E030,66.14
IT-000629,2025-06-13,PO Receipt,GEAR-1080,50,EA,RECEIVING,B-12-1,PO-31275,,E033,1484.33
IT-000630,2025-06-13,PO Receipt,GEAR-1080,179,EA,RECEIVING,E-26-4,PO-31275,,E035,1484.33
IT-000823,2025-06-13,SO Issue,CONV-1051,-1,EA,F-12-3,SHIPPING,SO-26048,,E034,4147.58
IT-001536,2025-06-13,SO Issue,SPRO-1004,-10,EA,B-36-4,SHIPPING,SO-26322,,E026,42.84
IT-001579,13-Jun-2025,SO Issue,SPRO-1047,-1,EA,A-02-1,SHIPPING,SO-26343,,E033,13.77
IT-000986,14-Jun-2025,SO Issue,SPRO-1015,-200,EA,B-04-5,SHIPPING,SO-26108,,E035,74.58
IT-001398,2025-06-14,SO Issue,SPRO-1078,-12,EA,A-37-2,SHIPPING,SO-26277,,E036,69.25
IT-001931,2025-06-14,SO Issue,SPRO-1041,-2,EA,E-08-5 ,SHIPPING,SO-26474,,E036,35.35
IT-001960,2025-06-14,SO Issue,MOUN-1008,-200,EA,F-04-4,SHIPPING,SO-26490,,E031,71.79
IT-000943,2025-06-15,SO Issue,AC-1054,-3,EA,B-21-3,SHIPPING,SO-26089,,E035 ,1828.58
IT-001565,2025-06-15,SO Issue,SPRO-1078,-12,EA,E-16-5,SHIPPING ,SO-26336,,E027,69.25
IT-001584,2025-06-15 ,SO Issue,CONV-1023,-3,EA,F-08-1,SHIPPING,SO-26344,,E031,3652.15
IT-001604,2025-06-15,SO Issue,SHEA-1019,-50,EA,A-24-3,SHIPPING,SO-26352,,E038,94.5
IT-000941,2025-06-16,SO Issue,AC-1086,-5,EA,C-25-5,SHIPPING,SO-26089,,E039,2390.86
IT-001001,2025-06-16,SO Issue,DOD-TXT315,-5,EA,D-23-5,SHIPPING,SO-26114,,E034,1180.0
IT-001102,2025-06-16,SO Issue,TIMI-1030,-12,EA,C-17-4,SHIPPING,SO-26152,,E036,66.14
IT-001233,2025-06-16,SO Issue,CONV-1042,-3,EA,F-17-1,SHIPPING,SO-26207,,E037,5159.58
IT-000825,2025-06-17,SO Issue,TIMI-1032,-25,EA,F-04-4,SHIPPING,SO-26048,,E036,32.99
IT-000944,2025-06-17,SO Issue,CONV-1051,-3,EA,F-08-1,SHIPPING,SO-26090,,E039,4147.58
IT-001232,2025-06-17,SO Issue,MOUN-1062,-2,EA,D-17-2,SHIPPING,SO-26207,,E026,135.75
IT-001339,2025-06-17,SO Issue,CONV-1089,-5,EA,A-23-4,SHIPPING,SO-26254,,E034,5864.59
IT-001401,2025-06-17,SO Issue,SKF-6308-2Z,-25,EA,E-03-1 ,SHIPPING,SO-26277,,E027,10.25
IT-001581,2025-06-17,SO Issue,TIMI-1030,-6,EA,B-11-2,SHIPPING,SO-26343,,E032,66.14
IT-001587,06/17/25,SO Issue,SPRO-1009,-4,EA,C-10-4,SHIPPING,SO-26344,,E027,24.54
IT-000195,2025-06-18,PO Receipt,SPRO-1050,53,EA,RECEIVING,C-36-1,PO-31080,,E038,12.85
IT-000668,2025-06-18,PO Receipt,AC-1033,142,EA,RECEIVING,B-40-5,PO-31289,,E031,1093.27
IT-000669,2025-06-18,PO Receipt,SPRO-1050,25,EA,RECEIVING,C-29-4 ,PO-31289,,E033,12.85
IT-000670,2025-06-18,PO Receipt,AC-1033,50,EA,RECEIVING,B-32-1,PO-31289,,E029,1093.27
IT-000671,2025-06-18,PO Receipt ,AC-1033,142,EA,RECEIVING,E-40-5,PO-31289,,E027,1093.27
IT-000733,06/18/2025,SO Issue,AC-1040,-3,EA,C-17-4,SHIPPING,SO-26013,,E034,609.44
IT-000847,2025-06-18,SO Issue,TIMI-1071,-12,EA,E-16-5,SHIPPING,SO-26055,,E035,74.85000000000001
IT-000985,2025-06-18,SO Issue,SPRO-1002,-1,EA,B-26-2,SHIPPING,SO-26108,,E034,65.84
IT-000987,2025-06-18,SO Issue,AC-1086,-1,EA,B-08-3,SHIPPING,SO-26108,,E027,2390.86
IT-001000,2025-06-18,SO Issue,CONV-1013,-1,EA,A-36-3,SHIPPING,SO-26114,,E028,2336.18
IT-001338,2025-06-18,SO Issue,SHEA-1035,-3,EA,C-17-4,SHIPPING,SO-26254,,E037,148.52
IT-001507,2025-06-18,SO Issue,SPRO-1011,-1,EA,E-23-5,SHIPPING,SO-26312,,E035,118.48
IT-001586,2025-06-18,SO Issue,TIMI-1056,-2,EA,A-14-1,SHIPPING,SO-26344,,E039,17.21
IT-000984,06/19/2025,SO Issue,CONV-1013,-3,EA ,B-21-3,SHIPPING,SO-26108,,E037,2336.18
IT-001566,2025-06-19,SO Issue,CONV-1013,-2,EA,A-02-1,SHIPPING,SO-26336,,E039,2336.18
IT-001891,2025-06-19,SO Issue,CONV-1046,-1,EA,B-14-4,SHIPPING,SO-26461 ,,E028,7311.89
IT-001895,"Jun 19, 2025",SO Issue,SHEA-1049,-2,EA,C-25-5,SHIPPING,SO-26462,,E027,153.4
IT-000307,2025-06-20,PO Receipt,SPRO-1009,125,EA,RECEIVING,E-21-5,PO-31130,,E038,24.54
IT-000308,2025-06-20,PO Receipt,SPRO-1009,172,EA,RECEIVING,E-07-1,PO-31130,,E036,24.54
IT-000309,06/20/25,PO Receipt,MOUN-1008,52,EA,RECEIVING,D-25-4,PO-31130,,E039,71.79
IT-000350,2025-06-20,PO Receipt,AC-1074,130,EA,RECEIVING ,E-10-4,PO-31148,,E033,1663.14
IT-000498,2025-06-20,PO Receipt,SPRO-1050,50,EA,RECEIVING,D-38-3,PO-31213,,E029,12.85
IT-000499,2025-06-20,PO Receipt,AC-1033,142,EA,RECEIVING ,E-33-2,PO-31213,,E036,1093.27
IT-000824,2025-06-20,SO Issue,SHEA-1019,-6,EA,A-14-1,SHIPPING,SO-26048,,E026,94.5
IT-001582,2025-06-20,SO Issue,SPRO-1055,-6,EA,B-24-5,SHIPPING,SO-26343,,E034,26.94
IT-001603,2025-06-20,SO Issue ,SPRO-1078,-25,EA,F-18-5,SHIPPING,SO-26352,,E030,69.25
IT-001934,06/20/2025,SO Issue,DOD-TXT315,-3,EA,A-14-1,SHIPPING,SO-26474,,E039,1180.0
IT-000983,2025-06-21,SO Issue ,SKF-6308-2Z,-25,EA,E-34-4,SHIPPING,SO-26108,,E034,10.25
IT-001100,2025-06-21,SO Issue,SHEA-1088,-5,EA,C-11-3,SHIPPING,SO-26151,,E031,189.79
IT-001174,2025-06-21,SO Issue,GEAR-1016,-1,EA,B-35-2,SHIPPING,SO-26186,,E026,2265.26
IT-001471,2025-06-21,SO Issue,MOUN-1008,-12,EA,A-18-1,SHIPPING,SO-26301,,E034,71.79
IT-001605,2025-06-21,SO Issue,ROLL-1079,-3,EA,A-31-5,SHIPPING,SO-26352,,E034,102.65
IT-001693,2025-06-21,SO Issue,SHEA-1088,-3,EA,A-36-4,SHIPPING,SO-26388,,E030,189.79
IT-000846,2025-06-22,SO Issue,SHEA-1038,-1,EA,C-17-4,SHIPPING,SO-26055,,E037,295.28000000000003
IT-001150,2025-06-22,SO Issue,GEAR-1067,-1,EA,E-08-5,SHIPPING,SO-26175,,E032,498.09000000000003
IT-001250,2025-06-22,SO Issue,MOUN-1062,-1,EA,F-02-3,SHIPPING,SO-26214,,E027,135.75
IT-001951,2025-06-22,SO Issue,SHEA-1064,-1,EA,B-29-2,SHIPPING,SO-26483,,E032,139.88
IT-000978,2025-06-23,SO Issue,CONV-1013,-1,EA,F-24-2,SHIPPING,SO-26103,,E030,2336.18
IT-001251,2025-06-23,SO Issue,AC-1048,-1,EA,E-36-5,SHIPPING,SO-26214,,E036,1745.47
IT-001259,2025-06-23,SO Issue,SPRO-1027,-100,EA,B-14-4,SHIPPING,SO-26216,,E032,77.98
IT-001466,2025-06-23,SO Issue,TIMI-1000,-100,EA,B-20-3,SHIPPING,SO-26298,,E035,43.53
IT-001472,2025-06-23,SO Issue,TIMI-1017,-200,EA,B-24-5,SHIPPING,SO-26301,,E038,50.69
IT-000929,2025-06-24,SO Issue,GAT-B62,-10,EA,A-14-1,SHIPPING,SO-26083,,E039,12.7
IT-001400,06/24/25,SO Issue,MOUN-1031,-2,EA,B-34-5,SHIPPING,SO-26277,,E032,38.78
IT-001685,2025-06-24,SO Issue,ROLL-1044,-2,EA,C-11-2,SHIPPING,SO-26386,,E033,140.68
IT-001853,2025-06-24,SO Issue,TIMI-1020,-6,EA,A-14-1,SHIPPING,SO-26448,,E036,52.03
IT-001920,2025-06-24,SO Issue,TIMI-1000,-50,EA,E-22-1,SHIPPING,SO-26471,,E038,43.53
IT-002062,2025-06-24,Cycle Count Adj,AC-1054,-3,EA,D-16-4,F-01-4,Damage,,E033,1828.58
IT-000343,"Jun 25, 2025 ",PO Receipt,SHEA-1037,65,EA,RECEIVING,A-32-3,PO-31144,,E038,99.06
IT-000344,2025-06-25,PO Receipt,SHEA-1037,130,EA,RECEIVING,A-18-3,PO-31144,,E034,99.06
IT-000345,2025-06-25,PO Receipt,SHEA-1037,130,EA,RECEIVING,E-18-4,PO-31144,,E039,99.06
IT-001152,2025-06-25,SO Issue,CONV-1042,-1,EA,A-31-5,SHIPPING,SO-26175,,E038,5159.58
IT-001506,2025-06-25,SO Issue,SPRO-1009,-4,EA,C-03-4,SHIPPING,SO-26312,,E026,24.54
IT-001558,2025-06-25,SO Issue,TIMI-1075,-10,EA,C-06-3,SHIPPING,SO-26334,,E032,72.76
IT-001567,2025-06-25,SO Issue,SPRO-1087,-100,EA,A-18-1,SHIPPING,SO-26337,,E032,44.550000000000004
IT-001836,2025-06-25,SO Issue,SHEA-1038,-3,EA,F-04-4,SHIPPING,SO-26443,,E028,295.28000000000003
IT-000125,2025-06-26,PO Receipt,KIM-G10,281,BX,RECEIVING,D-32-3,PO-31052,,E030,11.4
IT-000393,"Jun 26, 2025",PO Receipt,SPRO-1011,148,EA,RECEIVING,E-38-3,PO-31168,,E029,118.48
IT-000587 ,2025-06-26,PO Receipt,SPRO-1087,167,EA,RECEIVING,F-06-3,PO-31254,,E028,44.550000000000004
IT-000588,2025-06-26,PO Receipt,SPRO-1087,167,EA,RECEIVING,D-26-1,PO-31254,,E030,44.550000000000004
IT-000927,2025-06-26,SO Issue,SPRO-1069,-1,EA,E-03-1,SHIPPING,SO-26083,,E026,115.11
IT-001167,2025-06-26,SO Issue,CONV-1051,-1,EA,F-08-1,SHIPPING,SO-26183,,E035,4147.58
IT-001580,2025-06-26,SO Issue,ROLL-1021,-10,EA,A-24-3,SHIPPING,SO-26343,,E027,81.74
IT-002058,2025-06-26,Transfer,MOUN-1029,3,EA,B-16-1,F-33-1,,,E031,86.28
IT-000699,2025-06-27,SO Issue,GEAR-1016,-1,EA,E-03-1,SHIPPING,SO-26001,,E035,2265.26
IT-001583,2025-06-27,SO Issue,GEAR-1016,-1,EA,B-34-4,SHIPPING,SO-26344,,E026,2265.26
IT-000078,28-Jun-2025,PO Receipt,GEAR-1073,77,EA,RECEIVING,A-01-3,PO-31032,,E029,1938.75
IT-000079,2025-06-28,PO Receipt,SHEA-1038,50,EA,RECEIVING,A-08-5,PO-31032,,E036,295.28000000000003
IT-000080,2025-06-28,PO Receipt,GEAR-1073,77,EA,RECEIVING,D-17-1,PO-31032,,E032,1938.75
IT-000546,2025-06-28,PO Receipt,AC-1040,250,EA,RECEIVING,E-17-2,PO-31235,,E035,609.44
IT-000547,28-Jun-2025,PO Receipt,AC-1040,171,EA,RECEIVING,D-19-4,PO-31235,,E026,609.44
IT-000548,2025-06-28,PO Receipt,TIMI-1071,500,EA,RECEIVING,E-07-1,PO-31235,,E035,74.85000000000001
IT-000926,2025-06-28,SO Issue,TIMI-1000,-2,EA,C-10-4,SHIPPING,SO-26083,,E038,43.53
IT-000940,2025-06-28,SO Issue,MOUN-1029,-4,EA,B-29-2,SHIPPING,SO-26089,,E034,86.28
IT-001129,2025-06-28,SO Issue,MOUN-1029,-100,EA,E-34-4,SHIPPING,SO-26164,,E026,86.28
IT-001728,2025-06-28,SO Issue,SPRO-1070,-25,EA,E-08-5,SHIPPING,SO-26401,,E030,22.96
IT-001256,2025-06-29,SO Issue,GEAR-1080,-1,EA,A-12-2,SHIPPING,SO-26216,,E032,1484.33
IT-001516,2025-06-29,SO Issue,SPRO-1061,-100,EA,A-36-3,SHIPPING,SO-26316,,E034,87.28
IT-001660,29-Jun-2025,SO Issue,AC-1063,-3,EA,A-23-4,SHIPPING,SO-26377,,E039,1677.24
IT-002071,"Jun 29, 2025",Transfer,GEAR-1073,2,EA,A-25-4,B-18-1,Count,,E030,1938.75
IT-000689,2025-06-30,PO Receipt,GEAR-1080,179,EA,RECEIVING,D-26-1,PO-31297,,E035,1484.33
IT-000690,2025-06-30,PO Receipt ,GEAR-1080,179,EA,RECEIVING,F-03-3,PO-31297,,E038,1484.33
IT-000691 ,2025-06-30,PO Receipt,GEAR-1080,179,EA,RECEIVING,B-28-3,PO-31297,,E037,1484.33
IT-000760,2025-06-30,SO Issue,TIMI-1056,-100,EA,E-22-1,SHIPPING,SO-26023,,E027,17.21
IT-001101,2025-06-30,SO Issue,TIM-LM11949-LM11910,-1,EA,B-29-2,SHIPPING,SO-26152,,E026,7.6
IT-001230,2025-06-30,SO Issue,TIMI-1075,-100,EA,F-12-3,SHIPPING,SO-26207,,E029,72.76
IT-001564,"Jun 30, 2025",SO Issue,SPRO-1070,-1,EA,E-22-4,SHIPPING,SO-26336,,E036,22.96
IT-001585,2025-06-30 ,SO Issue,CONV-1022,-1,EA,C-11-2,SHIPPING,SO-26344,,E035,2154.05
IT-000462,2025-07-01,PO Receipt,TIMI-1058,500,EA,RECEIVING,D-17-4,PO-31198,,E033,84.45
IT-000463,2025-07-01,PO Receipt,TIMI-1058,25,EA,RECEIVING,B-06-1,PO-31198,,E031,84.45
IT-000464,2025-07-01,PO Receipt,TIMI-1014,50,EA,RECEIVING,D-37-3,PO-31198,,E033,49.480000000000004
IT-000465,2025-07-01,PO Receipt,TIMI-1058,166,EA,RECEIVING,F-25-1,PO-31198,,E026,84.45
IT-000698,2025-07-01,SO Issue,GAT-B62,-12,EA,D-23-5,SHIPPING,SO-26001,,E034,12.7
IT-001151 ,07/01/25,SO Issue,CONV-1065,-1,EA,B-26-4,SHIPPING,SO-26175,,E035,2903.56
IT-001257,2025-07-01,SO Issue,GEAR-1010 ,-3,EA,F-36-1 ,SHIPPING,SO-26216,,E039,2784.15
IT-000048,2025-07-02,PO Receipt,SHEA-1038,10,EA,RECEIVING,F-10-2,PO-31021,,E028,295.28000000000003
IT-000049,2025-07-02,PO Receipt,AC-1048,100,EA,RECEIVING,C-19-1,PO-31021,,E033,1745.47
IT-000050,2025-07-02,PO Receipt,GEAR-1073,500,EA,RECEIVING,E-23-2,PO-31021,,E038,1938.75
IT-000051,2025-07-02,PO Receipt,AC-1063,25,EA,RECEIVING,F-03-1,PO-31021,,E037,1677.24
IT-000248,2025-07-02,PO Receipt,GAT-B62,289,EA,RECEIVING,B-06-4,PO-31104,,E033,12.7
IT-000249,2025-07-02,PO Receipt,GEAR-1016,122,EA ,RECEIVING,A-18-2,PO-31104,,E037,2265.26
IT-000250,2025-07-02,PO Receipt,ROLL-1021,25,EA,RECEIVING,E-36-5,PO-31104,,E032,81.74
IT-000251,2025-07-02,PO Receipt,ROLL-1021,10,EA,RECEIVING,F-38-3,PO-31104,,E037,81.74
IT-000900,2025-07-02,SO Issue,SHEA-1035,-1,EA,B-34-4 ,SHIPPING,SO-26073,,E039,148.52
IT-001118,2025-07-02,SO Issue,MOUN-1008,-200,EA,A-18-1,SHIPPING,SO-26159,,E032,71.79
IT-001231,2025-07-02,SO Issue,AC-1086,-3,EA,E-29-1,SHIPPING,SO-26207,,E030,2390.86
IT-001830,2025-07-02,SO Issue,GAT-B62,-25,EA,C-19-1,SHIPPING,SO-26440,,E028,12.7
IT-000697,2025-07-03 ,SO Issue,AC-1033,-2,EA,E-22-4,SHIPPING,SO-26001,,E035,1093.27
IT-000742,2025-07-03,SO Issue,ROLL-1012,-200,EA,C-03-4,SHIPPING,SO-26017,,E026,47.52
IT-000976,2025-07-03,SO Issue,SPRO-1078,-12,EA,C-17-3,SHIPPING,SO-26103,,E029,69.25
IT-001121,2025-07-03,SO Issue ,GAT-B62,-6,EA,A-12-2,SHIPPING,SO-26159,,E035,12.7
IT-001663,2025-07-03,SO Issue,TIMI-1058,-25,EA,C-11-3,SHIPPING,SO-26377,,E039,84.45
IT-001726,2025-07-03,SO Issue,TIMI-1020,-100,EA,B-36-4,SHIPPING,SO-26401,,E036,52.03
IT-000365,2025-07-04 ,PO Receipt,KIM-G10 ,281,BX,RECEIVING,E-14-1,PO-31155,,E034,11.4
IT-000366,2025-07-04,PO Receipt ,3M-SF401AF,84,EA,RECEIVING,B-04-4,PO-31155,,E030,4.05
IT-000738,2025-07-04,SO Issue,TIMI-1014,-10,EA,E-36-5,SHIPPING,SO-26017,,E033,49.480000000000004
IT-000739,2025-07-04,SO Issue,CONV-1013,-3,EA,B-20-3,SHIPPING,SO-26017,,E036,2336.18
IT-000925,2025-07-04,SO Issue,CONV-1042,-3,EA,A-14-1,SHIPPING,SO-26083,,E032,5159.58
IT-001096,04-Jul-2025,SO Issue,CONV-1052,-2,EA,F-06-1,SHIPPING,SO-26149,,E036,2311.6
IT-001602,2025-07-04,SO Issue,SPRO-1011,-1,EA,B-20-3,SHIPPING,SO-26352,,E037,118.48
IT-001674,2025-07-04,SO Issue,ROLL-1044,-3,EA,D-17-4,SHIPPING,SO-26382,,E031,140.68
IT-000530,2025-07-05,PO Receipt,MOUN-1008,52,EA,RECEIVING,E-15-3,PO-31230,,E028,71.79
IT-000531,2025-07-05,PO Receipt,SHEA-1072,11,EA,RECEIVING,A-06-3,PO-31230,,E035,101.96000000000001
IT-000532,2025-07-05,PO Receipt,SPRO-1009,172,EA,RECEIVING,D-12-3,PO-31230,,E028,24.54
IT-000740,2025-07-05,SO Issue,CONV-1023,-5,EA,C-17-4,SHIPPING,SO-26017,,E036,3652.15
IT-001482,2025-07-05,SO Issue,TIMI-1075,-10,EA,B-31-3,SHIPPING,SO-26305,,E029,72.76
IT-001729,05-Jul-2025,SO Issue,SHEA-1082,-2,EA,E-26-3,SHIPPING,SO-26401,,E029 ,186.61
IT-001730,2025-07-05,SO Issue,CONV-1023,-5,EA,A-31-5,SHIPPING,SO-26401,,E036,3652.15
IT-000190,2025-07-06,PO Receipt,GEAR-1080,179,EA,RECEIVING,C-38-1,PO-31078,,E028,1484.33
IT-000324,"Jul 06, 2025",PO Receipt,GEAR-1016,250,EA,RECEIVING,B-01-3,PO-31138,,E029,2265.26
IT-000325,06-Jul-2025,PO Receipt,GEAR-1016,122,EA,RECEIVING,E-02-3,PO-31138,,E039,2265.26
IT-000326,2025-07-06,PO Receipt,GEAR-1016,50,EA,RECEIVING,A-33-4,PO-31138,,E034,2265.26
IT-000327,2025-07-06,PO Receipt,GAT-B62,289,EA,RECEIVING,E-40-3,PO-31138 ,,E039,12.7
IT-001258,2025-07-06,SO Issue,SHEA-1082,-1,EA,C-03-4,SHIPPING,SO-26216,,E039,186.61
IT-001727,2025-07-06,SO Issue,MOUN-1062,-5,EA,B-31-3,SHIPPING,SO-26401,,E029,135.75
IT-001829,2025-07-06,SO Issue,SKF-6205-2RS1,-10,EA,F-12-4,SHIPPING,SO-26440,,E031 ,3.55
IT-001963,2025-07-06,SO Issue,MOUN-1034,-10,EA,E-08-5,SHIPPING,SO-26491,,E031,23.82
IT-000977,2025-07-07,SO Issue,CONV-1042,-5,EA,C-28-3,SHIPPING,SO-26103,,E035,5159.58
IT-001234,07-Jul-2025,SO Issue,MOUN-1081,-10,EA,B-26-4,SHIPPING,SO-26207,,E033,61.24
IT-001675,2025-07-07,SO Issue,TIMI-1030,-100,EA,C-17-4,SHIPPING,SO-26382,,E032,66.14
IT-001921,2025-07-07,SO Issue,TIMI-1058,-10,EA,E-15-1,SHIPPING,SO-26471,,E030,84.45
IT-002064,2025-07-07,Transfer,SHEA-1068,10,EA,A-08-1,D-31-4,Count,,E037,180.78
IT-000089,2025-07-08,PO Receipt,SPRO-1004,177,EA,RECEIVING,C-02-5,PO-31037,,E033,42.84
IT-000426,"Jul 08, 2025",PO Receipt,GEAR-1066,157,EA,RECEIVING,F-21-3,PO-31181,,E038,1270.02
IT-000427,2025-07-08,PO Receipt,TIMI-1075,41,EA,RECEIVING,F-11-5,PO-31181 ,,E039,72.76
IT-000995,2025-07-08,SO Issue,MOUN-1008,-25,EA,C-03-4,SHIPPING,SO-26111,,E029,71.79
IT-001016,2025-07-08,SO Issue,SPRO-1041,-2,EA,C-17-4,SHIPPING,SO-26122,,E039,35.35
IT-001136,2025-07-08,SO Issue,CONV-1022,-1,EA,A-12-2,SHIPPING,SO-26168,,E035,2154.05
IT-001260,2025-07-08,SO Issue,GEAR-1010,-5,EA,C-17-4,SHIPPING,SO-26216 ,,E034,2784.15
IT-001838,2025-07-08,SO Issue,MOUN-1034,-6,EA,C-40-1,SHIPPING,SO-26443,,E027,23.82
IT-002052,2025-07-08,Adjustment,SPRO-1087,-12,EA,E-04-5,F-21-3,Count,,E036,44.550000000000004
IT-001019,2025-07-09,SO Issue,GEAR-1084,-2,EA,B-14-3,SHIPPING,SO-26122,,E033,3456.0
IT-001378,2025-07-09,SO Issue,SPRO-1027,-1,EA,A-14-1,SHIPPING,SO-26269,,E030,77.98
IT-001483,2025-07-09,SO Issue,SPRO-1076,-12,EA,A-10-1,SHIPPING,SO-26305,,E028,13.24
IT-001487,2025-07-09,SO Issue,ROLL-1012,-4,EA,E-31-4,SHIPPING ,SO-26306,,E033,47.52
IT-001488,2025-07-09,SO Issue,SHEA-1028,-3,EA,C-11-3,SHIPPING,SO-26306,,E035,284.6
IT-001835,2025-07-09,SO Issue,MOUN-1034,-200,EA,E-05-1,SHIPPING,SO-26443,,E035,23.82
IT-000466,2025-07-10 ,PO Receipt,BRI-HHCS-0500-13-200-G8 ,10,BX,RECEIVING,F-32-4,PO-31199,,E026,44.75
IT-000467,2025-07-10,PO Receipt,AC-1054,10,EA,RECEIVING,D-39-4,PO-31199,,E027,1828.58
IT-000468,2025-07-10,PO Receipt,BRI-HHCS-0500-13-200-G8,79,BX,RECEIVING,F-28-5,PO-31199,,E039,44.75
IT-000928,2025-07-10,SO Issue,AC-1063,-1,EA,E-34-4,SHIPPING,SO-26083,,E032,1677.24
IT-001094,2025-07-10,SO Issue ,CONV-1022,-2,EA,C-06-3,SHIPPING,SO-26149,,E035,2154.05
IT-001095,2025-07-10,SO Issue,CONV-1043,-2,EA,B-14-4,SHIPPING,SO-26149,,E027,1971.53
IT-001871,2025-07-10,SO Issue,SPRO-1041,-10,EA,A-23-4,SHIPPING,SO-26455,,E030,35.35
IT-001485,2025-07-11,SO Issue,SHEA-1064,-2,EA,E-15-1,SHIPPING,SO-26305,,E029,139.88
IT-001606,2025-07-11,SO Issue,TIMI-1017,-2,EA,B-08-5,SHIPPING,SO-26352,,E035,50.69
IT-001817,2025-07-11,SO Issue,SHEA-1064,-3,EA,F-06-1,SHIPPING,SO-26436,,E036,139.88
IT-000060,2025-07-12,PO Receipt,SHEA-1049,100,EA,RECEIVING,C-13-5,PO-31025,,E028,153.4
IT-000061,2025-07-12,PO Receipt,SHEA-1049,191,EA,RECEIVING,F-14-4,PO-31025,,E039,153.4
IT-000062,2025-07-12,PO Receipt,SHEA-1068,105,EA ,RECEIVING,E-39-1,PO-31025,,E037,180.78
IT-000063,2025-07-12,PO Receipt,MOUN-1081,500,EA,RECEIVING,B-07-4,PO-31025,,E029,61.24
IT-000092,12-Jul-2025,PO Receipt,SHEA-1064,500,EA,RECEIVING,E-02-4,PO-31040,,E037,139.88
IT-000093,2025-07-12,PO Receipt,SHEA-1064,23,EA,RECEIVING,E-12-1,PO-31040,,E033,139.88
IT-000094,12-Jul-2025,PO Receipt,SHEA-1072,11,EA,RECEIVING,D-35-1,PO-31040,,E038,101.96000000000001
IT-000161,2025-07-12,PO Receipt,AC-1057,10,EA,RECEIVING,E-19-4,PO-31067,,E039,687.08
IT-000162,2025-07-12,PO Receipt,MOUN-1034,500,EA,RECEIVING,C-28-3,PO-31067,,E036,23.82
IT-000163,2025-07-12,PO Receipt,TIMI-1056,100,EA,RECEIVING,E-22-1,PO-31067,,E035,17.21
IT-001481,2025-07-12,SO Issue,ROLL-1026,-3,EA,D-27-4,SHIPPING,SO-26305,,E037,129.92000000000002
IT-001484 ,2025-07-12,SO Issue,SPRO-1047,-2,EA,A-13-1,SHIPPING,SO-26305,,E033,13.77
IT-001486,2025-07-12,SO Issue,TIMI-1058,-6,EA ,A-10-3,SHIPPING,SO-26306,,E034,84.45
IT-001815,2025-07-12,SO Issue,ROLL-1044,-2,EA,A-18-1,SHIPPING,SO-26436,,E028,140.68
IT-000500,2025-07-13,PO Receipt,AC-1048,500,EA,RECEIVING,D-25-2,PO-31214,,E026 ,1745.47
IT-000501,2025-07-13,PO Receipt,SHEA-1045,169,EA,RECEIVING,F-06-3,PO-31214,,E035,47.68
IT-000975,2025-07-13,SO Issue,GAT-B62,-4,EA,F-08-1,SHIPPING,SO-26102,,E034,12.7
IT-001018,2025-07-13,SO Issue,AC-1074,-1,EA,D-17-4,SHIPPING,SO-26122,,E035,1663.14
IT-001515,2025-07-13,SO Issue,TIMI-1020,-100,EA,F-17-1,SHIPPING,SO-26316,,E029,52.03
IT-000728,2025-07-14,SO Issue,CONV-1023,-5,EA,A-02-1,SHIPPING,SO-26011,,E030,3652.15
IT-000973,2025-07-14,SO Issue,CONV-1059,-3,EA,D-17-2,SHIPPING,SO-26102,,E038,3693.63
IT-000992,2025-07-14 ,SO Issue,SHEA-1049,-1,EA,A-02-1,SHIPPING,SO-26111,,E028,153.4
IT-000994,"Jul 14, 2025",SO Issue,SPRO-1055,-200,EA,A-10-1,SHIPPING,SO-26111,,E033,26.94
IT-001324,2025-07-14,SO Issue,SPRO-1069,-5,EA,F-23-3,SHIPPING,SO-26247,,E031,115.11
IT-001858,2025-07-14,SO Issue,MOUN-1008,-4,EA ,A-23-4,SHIPPING,SO-26449,,E037,71.79
IT-001249,2025-07-15,SO Issue,CONV-1059,-3,EA,B-29-2,SHIPPING,SO-26213,,E026,3693.63
IT-001418,2025-07-15,SO Issue,SHEA-1038,-5,EA,B-26-2,SHIPPING,SO-26282,,E034,295.28000000000003
IT-001787,2025-07-15,SO Issue,TIMI-1056,-4,EA,C-19-1,SHIPPING,SO-26425,,E036,17.21
IT-001837,2025-07-15,SO Issue,SHEA-1072,-1,EA,A-22-3,SHIPPING,SO-26443,,E028,101.96000000000001
IT-001855,2025-07-15,SO Issue,GAT-B62,-1,EA,B-36-4,SHIPPING,SO-26449,,E028,12.7
IT-001869,2025-07-15,SO Issue,GEAR-1080,-3,EA,D-17-4,SHIPPING,SO-26455,,E030,1484.33
IT-000727,16-Jul-2025,SO Issue,CONV-1043,-3,EA,E-23-5,SHIPPING,SO-26011,,E027,1971.53
IT-001120,2025-07-16,SO Issue,SHEA-1072,-2,EA,A-10-1,SHIPPING,SO-26159,,E033,101.96000000000001
IT-001661,2025-07-16,SO Issue,GEAR-1080,-2,EA,E-22-1,SHIPPING,SO-26377,,E032,1484.33
IT-001517,2025-07-17,SO Issue,CONV-1039,-1,EA,F-02-3,SHIPPING,SO-26316,,E029,7046.72
IT-000186,2025-07-18,PO Receipt,GEAR-1080,179,EA,RECEIVING,F-24-2,PO-31077,,E031,1484.33
IT-000187,2025-07-18,PO Receipt,TIMI-1030,137,EA,RECEIVING,A-05-4,PO-31077,,E034,66.14
IT-000188,2025-07-18,PO Receipt,TIMI-1030,137,EA,RECEIVING,D-29-5,PO-31077,,E032,66.14
IT-000189,2025-07-18,PO Receipt,GEAR-1080,179,EA,RECEIVING,B-21-4,PO-31077,,E028,1484.33
IT-000615,2025-07-18,PO Receipt,KIM-G10 ,281,BX ,RECEIVING,E-10-4,PO-31266,,E038,11.4
IT-000677,2025-07-18,PO Receipt,GAT-B62,289,EA,RECEIVING,E-17-1,PO-31293,,E034,12.7
IT-000678 ,2025-07-18,PO Receipt,GAT-B62,289,EA,RECEIVING,D-39-3,PO-31293,,E032,12.7
IT-000891,18-Jul-2025,SO Issue,SHEA-1019,-12,EA,F-09-3,SHIPPING,SO-26070,,E039,94.5
IT-000948,2025-07-18,SO Issue,TIMI-1000,-10,EA,A-02-1,SHIPPING,SO-26091,,E038,43.53
IT-000993,2025-07-18,SO Issue,CONV-1022,-3,EA,E-08-5,SHIPPING,SO-26111,,E026,2154.05
IT-001119,2025-07-18,SO Issue,SPRO-1011,-5,EA,D-23-5,SHIPPING,SO-26159,,E028,118.48
IT-001922,2025-07-18,SO Issue,SHEA-1068,-1,EA,D-23-5,SHIPPING,SO-26471,,E030,180.78
IT-002014,07/18/2025,SO Issue,CONV-1023,-2,EA,C-17-4,SHIPPING,SO-26509,,E027,3652.15
IT-000382,2025-07-19,PO Receipt,AC-1048,24,EA,RECEIVING ,C-06-4,PO-31163,,E027,1745.47
IT-000383,2025-07-19,PO Receipt,SHEA-1003,133,EA,RECEIVING,E-08-3,PO-31163,,E039,235.72
IT-000396,2025-07-19,PO Receipt,TIMI-1058,166,EA,RECEIVING,E-12-3,PO-31170,,E026,84.45
IT-000397,2025-07-19,PO Receipt,TIMI-1058,50,EA,RECEIVING,A-16-4,PO-31170,,E030,84.45
IT-000398,2025-07-19,PO Receipt,TIMI-1014,189,EA,RECEIVING,E-06-5,PO-31170,,E029,49.480000000000004
IT-000505,2025-07-19,PO Receipt,GEAR-1066,157,EA,RECEIVING,D-26-5,PO-31217,,E027,1270.02
IT-000506,2025-07-19,PO Receipt,AC-1054,84,EA,RECEIVING,A-29-5,PO-31217,,E033,1828.58
IT-000507,2025-07-19,PO Receipt,BRI-HHCS-0500-13-200-G8,79,BX,RECEIVING,F-23-3,PO-31217,,E026,44.75
IT-001379,2025-07-19,SO Issue,SHEA-1045,-2,EA,F-02-3,SHIPPING,SO-26269,,E038,47.68
IT-001676,2025-07-19,SO Issue,CONV-1052,-1,EA,D-14-3,SHIPPING,SO-26383,,E030,2311.6
IT-001964,2025-07-19,SO Issue,SPRO-1078,-100,EA,F-09-3,SHIPPING,SO-26491,,E032,69.25
IT-000212,2025-07-20,PO Receipt,TIMI-1058,166,EA,RECEIVING,E-30-5,PO-31090 ,,E026,84.45
IT-001623,2025-07-20,SO Issue,CONV-1043,-1,EA,A-31-5,SHIPPING,SO-26359,,E039,1971.53
IT-001662,07/20/2025 ,SO Issue,AC-1085,-1,EA,A-24-3,SHIPPING,SO-26377,,E029,365.76
IT-001677,2025-07-20,SO Issue,MOUN-1081,-50,EA,F-17-1,SHIPPING,SO-26383,,E038,61.24
IT-002013,07/20/25,SO Issue,SHEA-1025,-5,EA,B-20-3,SHIPPING,SO-26509,,E038,153.95000000000002
IT-000298,2025-07-21,PO Receipt,MOUN-1083,138,EA,RECEIVING,A-10-4,PO-31124,,E039,87.77
IT-001489,2025-07-21,SO Issue,GEAR-1073,-1,EA,D-08-4,SHIPPING,SO-26306,,E030,1938.75
IT-001639,2025-07-21,SO Issue,ROLL-1021,-25,EA,A-02-1,SHIPPING,SO-26366,,E030,81.74
IT-001669,2025-07-21,SO Issue,TIMI-1032,-25,EA,E-05-1,SHIPPING,SO-26379,,E028,32.99
IT-001788,2025-07-21,SO Issue,SHEA-1007,-1,EA,A-02-1,SHIPPING,SO-26425,,E037,129.94
IT-000209,2025-07-22,PO Receipt,SHEA-1072,100,EA,RECEIVING,E-35-4,PO-31087,,E034,101.96000000000001
IT-000301,2025-07-22,PO Receipt,SPRO-1050,53,EA,RECEIVING,A-03-5,PO-31126,,E029,12.85
IT-000302,2025-07-22,PO Receipt,AC-1033,100,EA,RECEIVING,B-13-1,PO-31126,,E038,1093.27
IT-000899,2025-07-22,SO Issue,MOUN-1083,-12,EA,B-14-3,SHIPPING,SO-26073,,E027,87.77
IT-000969,2025-07-22,SO Issue,SHEA-1035,-1,EA,A-29-1,SHIPPING,SO-26100,,E032,148.52
IT-001079,22-Jul-2025,SO Issue,CONV-1052,-1,EA,A-36-3,SHIPPING,SO-26145,,E028,2311.6
IT-001545,2025-07-22,SO Issue ,TIMI-1020,-50,EA,E-03-1,SHIPPING,SO-26326,,E026,52.03
IT-001640,2025-07-22,SO Issue,GEAR-1080,-3,EA,B-34-5,SHIPPING,SO-26366,,E036,1484.33
IT-001671,2025-07-22,SO Issue,ROLL-1053,-50,EA,C-28-3,SHIPPING,SO-26379,,E038,86.10000000000001
IT-001622,2025-07-23,SO Issue,SPRO-1041,-50,EA,F-12-3,SHIPPING,SO-26359,,E038,35.35
IT-001816,2025-07-23,SO Issue,MOUN-1031,-12,EA,B-35-2,SHIPPING,SO-26436,,E028,38.78
IT-000633,2025-07-24,PO Receipt,SPRO-1002,250,EA,RECEIVING,D-26-1,PO-31277,,E034,65.84
IT-000634,2025-07-24,PO Receipt,ULI-S-4123,170,BD,RECEIVING,A-36-4,PO-31277,,E039,31.0
IT-000635,2025-07-24,PO Receipt,SPRO-1078,50,EA,RECEIVING,A-36-3,PO-31277,,E036,69.25
IT-000636,2025-07-24,PO Receipt,SIG-SF18-80,131,RL,RECEIVING,D-22-1,PO-31277,,E038,24.6
IT-001417 ,2025-07-24,SO Issue,ROLL-1021,-10,EA,B-31-3,SHIPPING,SO-26282,,E038,81.74
IT-001872,2025-07-24,SO Issue,SPRO-1076,-10,EA,C-11-2,SHIPPING,SO-26455,,E036,13.24
IT-001110,2025-07-25,SO Issue,SPRO-1070,-6,EA,B-20-2,SHIPPING,SO-26155,,E033,22.96
IT-001277,2025-07-25,SO Issue ,AC-1086,-3,EA,F-01-5,SHIPPING,SO-26226,,E036,2390.86
IT-000996,2025-07-26,SO Issue,GEAR-1060,-1,EA,D-08-4,SHIPPING,SO-26111,,E031,3102.4300000000003
IT-001555,2025-07-26,SO Issue,SPRO-1078,-4,EA,F-12-4,SHIPPING,SO-26330,,E039,69.25
IT-001857,2025-07-26,SO Issue,GEAR-1060,-1,EA,D-14-3,SHIPPING,SO-26449,,E028,3102.4300000000003
IT-000233,2025-07-27,PO Receipt,AC-1054,168,EA,RECEIVING,D-30-4,PO-31098,,E038,1828.58
IT-000234,2025-07-27,PO Receipt,AC-1054,168,EA,RECEIVING,A-04-1,PO-31098,,E031,1828.58
IT-000235,2025-07-27,PO Receipt,BRI-HHCS-0500-13-200-G8,79,BX,RECEIVING,F-26-5,PO-31098,,E028,44.75
IT-000236,2025-07-27,PO Receipt,BRI-HHCS-0500-13-200-G8,79,BX,RECEIVING,D-03-1,PO-31098,,E027,44.75
IT-000741,2025-07-27 ,SO Issue,CONV-1051,-1,EA,A-13-5,SHIPPING,SO-26017,,E030,4147.58
IT-001082,2025-07-27,SO Issue,MOUN-1083,-200,EA,F-08-1,SHIPPING,SO-26145,,E035,87.77
IT-001116,27-Jul-2025,SO Issue,BRI-HHCS-0500-13-200-G8,-1,BX,E-16-5,SHIPPING,SO-26158,,E028,44.75
IT-001672,2025-07-27,SO Issue,SHEA-1049,-5,EA,B-14-3,SHIPPING,SO-26379,,E026,153.4
IT-001961,2025-07-27,SO Issue,MOUN-1031,-6,EA,C-30-4,SHIPPING,SO-26491,,E037,38.78
IT-000968,2025-07-28,SO Issue,ROLL-1012,-200,EA,C-28-3,SHIPPING,SO-26100,,E037,47.52
IT-000974,2025-07-28,SO Issue,SHEA-1038,-3,EA,E-36-5,SHIPPING,SO-26102,,E039,295.28000000000003
IT-001017,2025-07-28,SO Issue,SPRO-1070,-25,EA,C-19-1,SHIPPING ,SO-26122,,E027,22.96
IT-001624,2025-07-28,SO Issue,SPRO-1087,-1,EA,C-03-4,SHIPPING,SO-26359,,E037,44.550000000000004
IT-001870 ,2025-07-28,SO Issue,AC-1048,-1,EA,D-17-4,SHIPPING,SO-26455,,E026,1745.47
IT-000890,2025-07-29,SO Issue,GEAR-1016,-3,EA,F-04-4,SHIPPING,SO-26070,,E031,2265.26
IT-001112,2025-07-29,SO Issue,CONV-1059,-1,EA,A-21-2,SHIPPING,SO-26155,,E034,3693.63
IT-001791,2025-07-29,SO Issue,MOUN-1034,-25,EA,E-36-5,SHIPPING,SO-26427,,E027,23.82
IT-000130,2025-07-30,PO Receipt,AC-1054,168,EA,RECEIVING,D-12-3,PO-31054,,E032,1828.58
IT-000967,2025-07-30,SO Issue,ROLL-1012,-10,EA,F-08-1,SHIPPING,SO-26100,,E031,47.52
IT-001083,2025-07-30,SO Issue,TIMI-1075,-200,EA,B-26-2,SHIPPING,SO-26145,,E028,72.76
IT-000946,2025-07-31,SO Issue,AC-1006,-3,EA,D-08-4,SHIPPING,SO-26091,,E037,2130.52
IT-001544,2025-07-31,SO Issue,SPRO-1009,-25,EA,D-17-4,SHIPPING,SO-26325,,E035,24.54
IT-001856,07/31/25,SO Issue,GEAR-1016,-1,EA,B-20-2,SHIPPING,SO-26449,,E039,2265.26
IT-001962,2025-07-31,SO Issue,ROLL-1079,-3,EA,C-25-5,SHIPPING,SO-26491,,E027,102.65
IT-000183,2025-08-01,PO Receipt,BRI-HHCS-0500-13-200-G8,79,BX,RECEIVING,A-27-5,PO-31076,,E026,44.75
IT-000184,2025-08-01,PO Receipt,AC-1054,168,EA,RECEIVING,E-13-2,PO-31076,,E030 ,1828.58
IT-000185,2025-08-01,PO Receipt,BRI-HHCS-0500-13-200-G8,79,BX,RECEIVING,E-39-2,PO-31076,,E036,44.75
IT-001323,08/01/2025,SO Issue,CONV-1013,-1,EA,E-23-5,SHIPPING,SO-26247,,E029,2336.18
IT-000438,2025-08-02,PO Receipt,AC-1057,10,EA,RECEIVING,F-30-1,PO-31186,,E030,687.08
IT-001276,2025-08-02,SO Issue,CONV-1065,-1,EA,F-06-1,SHIPPING,SO-26226,,E032,2903.56
IT-001386,2025-08-02,SO Issue,SPRO-1009,-10,EA,D-27-4,SHIPPING,SO-26272,,E030,24.54
IT-000889,2025-08-03,SO Issue,SHEA-1082,-1,EA,D-27-4,SHIPPING,SO-26069,,E028,186.61
IT-000970,"Aug 03, 2025",SO Issue,SHEA-1077,-100,EA,A-14-1,SHIPPING ,SO-26100,,E026,67.98
IT-001377,2025-08-03,SO Issue,SKF-6205-2RS1,-1,EA,E-05-1,SHIPPING,SO-26269,,E035,3.55
IT-001554,"Aug 03, 2025",SO Issue,ROLL-1053,-6,EA,A-36-4,SHIPPING,SO-26330,,E029,86.10000000000001
IT-001670,2025-08-03,SO Issue,CONV-1042,-1,EA,C-03-2,SHIPPING,SO-26379,,E034,5159.58
IT-002055,2025-08-03,Adjustment,AC-1006,-5,EA,B-28-1,C-15-5,Damage,,E037,2130.52
IT-000585,2025-08-04,PO Receipt,SPRO-1011,74,EA,RECEIVING,C-18-1,PO-31253,,E026,118.48
IT-000586,2025-08-04,PO Receipt,BRI-HHCS-0500-13-200-G8,79,BX,RECEIVING,C-26-5,PO-31253,,E032,44.75
IT-000535,2025-08-05,PO Receipt,SHEA-1025,10,EA,RECEIVING,A-13-2,PO-31232,,E028,153.95000000000002
IT-000536,2025-08-05,PO Receipt,TIMI-1000,84,EA,RECEIVING,C-29-5,PO-31232,,E033,43.53
IT-000537,2025-08-05,PO Receipt,SHEA-1025,500,EA,RECEIVING,B-31-3,PO-31232,,E032,153.95000000000002
IT-000538,2025-08-05,PO Receipt,TIMI-1000,84,EA,RECEIVING,E-02-5,PO-31232,,E032,43.53
IT-000693,2025-08-05,PO Receipt,SHEA-1072,11,EA,RECEIVING,F-19-2,PO-31299,,E027,101.96000000000001
IT-000694,2025-08-05,PO Receipt,SHEA-1064,23,EA,RECEIVING,A-12-4,PO-31299,,E031,139.88
IT-000695,2025-08-05,PO Receipt,MOUN-1008,25,EA,RECEIVING,B-38-3,PO-31299,,E026,71.79
IT-000971,2025-08-05,SO Issue,GEAR-1073,-1,EA,F-17-1,SHIPPING,SO-26100,,E031,1938.75
IT-001292,2025-08-05,SO Issue,SHEA-1019,-10,EA,D-27-4,SHIPPING,SO-26235,,E026,94.5
IT-001419,2025-08-05,SO Issue,DOD-TXT315,-3,EA,E-31-4,SHIPPING,SO-26283,,E034,1180.0
IT-001748,2025-08-05,SO Issue,MOUN-1018,-1,EA,E-36-5,SHIPPING,SO-26409,,E035,109.13
IT-000945,2025-08-06,SO Issue,SPRO-1087,-2,EA,C-17-3,SHIPPING,SO-26091,,E026,44.550000000000004
IT-001081,2025-08-06,SO Issue,ROLL-1053,-4,EA,F-18-5 ,SHIPPING,SO-26145,,E026,86.10000000000001
IT-001854,08/06/25,SO Issue,TIMI-1014,-2,EA,A-29-1,SHIPPING,SO-26449,,E028,49.480000000000004
IT-001935,2025-08-06,SO Issue,AC-1063,-5,EA,C-03-4,SHIPPING,SO-26476,,E034,1677.24
IT-000947,2025-08-07,SO Issue,CONV-1042,-2,EA,D-23-5,SHIPPING,SO-26091,,E030,5159.58
IT-000999,2025-08-07,SO Issue,TIM-LM11949-LM11910,-2,EA,D-14-3,SHIPPING,SO-26113,,E030,7.6
IT-001117,2025-08-07,SO Issue ,CONV-1023,-3,EA,D-17-2,SHIPPING,SO-26158,,E037,3652.15
IT-001387,2025-08-07,SO Issue,SHEA-1082,-2,EA,A-13-1,SHIPPING,SO-26272,,E030,186.61
IT-001814,2025-08-07,SO Issue,ROLL-1012,-50,EA,B-29-2,SHIPPING,SO-26436,,E034,47.52
IT-001109,2025-08-08,SO Issue,TIMI-1030,-12,EA,C-03-4,SHIPPING,SO-26155,,E027,66.14
IT-001542,2025-08-08,SO Issue,AC-1057,-5,EA,C-19-1,SHIPPING ,SO-26325,,E029,687.08
IT-000204,2025-08-09,PO Receipt,GEAR-1080,179,EA,RECEIVING,A-06-5,PO-31084,,E028,1484.33
IT-000293,2025-08-09,PO Receipt,SHEA-1007,100,EA,RECEIVING,F-40-1,PO-31121,,E028,129.94
IT-000892,2025-08-09,SO Issue,SHEA-1088,-5,EA,B-08-5,SHIPPING,SO-26071,,E030,189.79
IT-001306,2025-08-09,SO Issue,AC-1086,-1,EA,E-26-3,SHIPPING,SO-26241,,E030,2390.86
IT-001965,2025-08-09,SO Issue ,MOUN-1029,-100,EA,A-02-1,SHIPPING,SO-26492,,E031,86.28
IT-002047,2025-08-09,Scrap,GEAR-1010,-8,EA ,F-18-3,B-39-1,Damage,,E034,2784.15
IT-001291,2025-08-10,SO Issue,AC-1054,-2,EA,C-11-2,SHIPPING,SO-26235,,E032,1828.58
IT-001630,2025-08-10,SO Issue,SPRO-1047,-200,EA,C-10-5,SHIPPING,SO-26362,,E033,13.77
IT-002051,08/10/2025,Scrap,SPRO-1004,8,EA,A-01-5,F-12-3,Bin move,,E039,42.84
IT-000539,2025-08-11,PO Receipt,GAT-B62,289,EA,RECEIVING,B-02-2,PO-31233,,E027,12.7
IT-000540,2025-08-11,PO Receipt,GEAR-1016,122,EA,RECEIVING,E-36-3,PO-31233,,E026,2265.26
IT-000541,2025-08-11,PO Receipt,ROLL-1021,101,EA,RECEIVING,F-07-5,PO-31233,,E034,81.74
IT-000542,2025-08-11,PO Receipt,SHEA-1035,10,EA,RECEIVING,B-38-4,PO-31233,,E036,148.52
IT-001080,2025-08-11,SO Issue,MOUN-1081,-10,EA,C-03-4,SHIPPING,SO-26145,,E030,61.24
IT-001509,2025-08-11,SO Issue,CONV-1023,-5,EA,F-34-2,SHIPPING,SO-26314,,E034,3652.15
IT-001966 ,08/11/2025,SO Issue,SPRO-1027,-100,EA,C-17-4,SHIPPING,SO-26492,,E032,77.98
IT-000255,2025-08-12,PO Receipt,TIMI-1014,189,EA,RECEIVING,D-18-1,PO-31106,,E028,49.480000000000004
IT-000256,2025-08-12,PO Receipt,TIMI-1014,189,EA,RECEIVING,A-22-4,PO-31106,,E033,49.480000000000004
IT-000257,08/12/25,PO Receipt,TIMI-1058,166,EA,RECEIVING,F-06-1,PO-31106,,E034,84.45
IT-000844,2025-08-12,SO Issue ,TIMI-1020,-6,EA,F-02-3,SHIPPING,SO-26054,,E026,52.03
IT-001476,2025-08-12,SO Issue,GEAR-1010,-5,EA,C-03-4,SHIPPING,SO-26303,,E032,2784.15
IT-001508,2025-08-12,SO Issue,SPRO-1087,-12,EA,C-11-2,SHIPPING,SO-26314,,E038,44.550000000000004
IT-001543,2025-08-12,SO Issue,SHEA-1003,-5,EA,A-12-2,SHIPPING,SO-26325,,E033,235.72
IT-000239,2025-08-13,PO Receipt,MOUN-1083,138,EA,RECEIVING,C-20-3,PO-31101,,E028,87.77
IT-000240,2025-08-13,PO Receipt,SHEA-1025,10,EA,RECEIVING,C-26-5,PO-31101,,E026,153.95000000000002
IT-000241,2025-08-13,PO Receipt,MOUN-1083,50,EA,RECEIVING,C-03-1,PO-31101,,E034,87.77
IT-000673,2025-08-13,PO Receipt,AC-1057,81,EA,RECEIVING,B-17-1,PO-31291,,E035,687.08
IT-000674,2025-08-13,PO Receipt,SPRO-1061 ,163,EA,RECEIVING,E-03-1,PO-31291,,E038,87.28
IT-002043,13-Aug-2025,SO Issue,MOUN-1062,-1,EA,C-06-3,SHIPPING,SO-26519,,E033,135.75
IT-000311,2025-08-14,PO Receipt,SPRO-1050,53,EA,RECEIVING,F-37-1,PO-31132,,E030,12.85
IT-000312,2025-08-14,PO Receipt,AC-1033,142,EA,RECEIVING,B-01-4,PO-31132,,E030,1093.27
IT-000313,2025-08-14,PO Receipt,SPRO-1050,250,EA ,RECEIVING,D-19-1,PO-31132,,E035,12.85
IT-000553,2025-08-14,PO Receipt,SKF-6205-2RS1,100,EA,RECEIVING,B-04-2,PO-31239,,E026,3.55
IT-000554,2025-08-14,PO Receipt,TIMI-1032,500,EA,RECEIVING,A-30-3,PO-31239,,E027,32.99
IT-000612,2025-08-14,PO Receipt,AC-1033,142,EA,RECEIVING,B-40-1,PO-31265,,E027,1093.27
IT-000613,2025-08-14 ,PO Receipt,SPRO-1050,500,EA,RECEIVING,D-17-3,PO-31265,,E032 ,12.85
IT-000614,2025-08-14,PO Receipt,SPRO-1050,500,EA,RECEIVING,B-23-4,PO-31265,,E030,12.85
IT-000679,2025-08-14 ,PO Receipt,GEAR-1016,122,EA,RECEIVING,C-20-5,PO-31294,,E039,2265.26
IT-000680,2025-08-14,PO Receipt,ROLL-1021,101,EA,RECEIVING,E-04-2,PO-31294,,E032,81.74
IT-000753,2025-08-14,SO Issue,SPRO-1070,-4,EA,B-24-5,SHIPPING,SO-26021,,E029,22.96
IT-000981,2025-08-14,SO Issue,SPRO-1055,-12,EA,A-31-5,SHIPPING,SO-26106,,E030 ,26.94
IT-001795,2025-08-14,SO Issue,TIMI-1032,-6,EA,A-22-3,SHIPPING,SO-26428,,E026,32.99
IT-000022,15-Aug-2025,PO Receipt,GAT-B62,289,EA,RECEIVING,D-37-2,PO-31010 ,,E037,12.7
IT-000023 ,2025-08-15,PO Receipt,GEAR-1016,122,EA,RECEIVING,D-29-2,PO-31010,,E028,2265.26
IT-000024,2025-08-15,PO Receipt,ROLL-1021,100,EA,RECEIVING,E-18-4,PO-31010,,E028,81.74
IT-000217,2025-08-15,PO Receipt,3M-SF401AF,25,EA,RECEIVING ,C-06-2,PO-31092,,E026,4.05
IT-000218,2025-08-15,PO Receipt,KIM-G10,10,BX,RECEIVING,C-34-3,PO-31092,,E037,11.4
IT-000219,2025-08-15,PO Receipt,3M-SF401AF,250,EA,RECEIVING,F-02-4,PO-31092,,E031,4.05
IT-000574,2025-08-15 ,PO Receipt,SPRO-1004,10,EA,RECEIVING,A-35-4,PO-31249,,E031,42.84
IT-000575,"Aug 15, 2025",PO Receipt,SHEA-1068,25,EA,RECEIVING,A-25-4,PO-31249,,E038,180.78
IT-000576,"Aug 15, 2025",PO Receipt,SHEA-1049,250,EA,RECEIVING,F-36-2,PO-31249,,E038,153.4
IT-000577,2025-08-15,PO Receipt,MOUN-1081,130,EA,RECEIVING,F-07-3,PO-31249,,E026,61.24
IT-001106,2025-08-15,SO Issue,CONV-1023,-5,EA,D-08-4,SHIPPING,SO-26153,,E030,3652.15
IT-001293,2025-08-15,SO Issue,MOUN-1062,-1,EA,E-03-1,SHIPPING,SO-26235,,E035,135.75
IT-001478,2025-08-15,SO Issue,AC-1040,-3,EA,E-31-4,SHIPPING,SO-26303,,E033,609.44
IT-001631,2025-08-15,SO Issue,CONV-1042,-1,EA,D-17-2,SHIPPING,SO-26362,,E034,5159.58
IT-001968,2025-08-15,SO Issue ,AC-1006,-1,EA,A-37-2,SHIPPING,SO-26492,,E029,2130.52
IT-001980,2025-08-15,SO Issue,CONV-1065,-1,EA,B-08-5,SHIPPING,SO-26496,,E037,2903.56
IT-001307,2025-08-16,SO Issue,MOUN-1083,-10,EA,A-29-1,SHIPPING,SO-26241,,E027,87.77
IT-002042,2025-08-16,SO Issue,CONV-1039,-2,EA,E-08-5,SHIPPING,SO-26519,,E034,7046.72
IT-000726 ,2025-08-17,SO Issue,BRI-HHCS-0500-13-200-G8,-2,BX,E-05-1,SHIPPING ,SO-26010,,E033,44.75
IT-000845,2025-08-17,SO Issue,ROLL-1012,-100,EA,B-14-3,SHIPPING,SO-26054,,E029,47.52
IT-001385,2025-08-17,SO Issue,SPRO-1041,-1,EA,B-24-5,SHIPPING,SO-26272,,E039,35.35
IT-001402,2025-08-17,SO Issue,ROLL-1053,-200,EA,E-33-2 ,SHIPPING,SO-26278,,E032,86.10000000000001
IT-001796 ,2025-08-17,SO Issue,MOUN-1029,-200,EA,A-14-1,SHIPPING,SO-26428,,E030,86.28
IT-000885,2025-08-18,SO Issue,TIMI-1056,-10,EA,F-04-4,SHIPPING,SO-26068,,E031,17.21
IT-000893,2025-08-18,SO Issue,SHEA-1007,-3,EA,F-24-2,SHIPPING,SO-26071,,E032,129.94
IT-000980,2025-08-18,SO Issue,MOUN-1062,-3,EA,E-16-5,SHIPPING,SO-26105,,E028,135.75
IT-001111,2025-08-18,SO Issue,TIMI-1058,-2,EA,F-34-2,SHIPPING,SO-26155,,E030,84.45
IT-001477,2025-08-18,SO Issue,CONV-1046,-2,EA,E-36-5,SHIPPING,SO-26303,,E026,7311.89
IT-001792,2025-08-18,SO Issue,MOUN-1018,-2,EA,E-03-1,SHIPPING,SO-26428,,E035,109.13
IT-000884,2025-08-19,SO Issue,SHEA-1045,-50,EA,A-10-3,SHIPPING,SO-26068,,E033,47.68
IT-001969,"Aug 19, 2025",SO Issue,ROLL-1079,-1,EA,C-30-4,SHIPPING,SO-26492,,E037,102.65
IT-002044,2025-08-19,SO Issue,CONV-1051,-3,EA,A-18-1,SHIPPING ,SO-26519,,E039,4147.58
IT-000675,2025-08-20,PO Receipt,HEN-243,240,EA,RECEIVING,F-02-1,PO-31292,,E028,22.1
IT-000676,2025-08-20,PO Receipt,3M-SF401AF,50,EA,RECEIVING,E-01-1,PO-31292,,E032,4.05
IT-000783,2025-08-20,SO Issue,AC-1040,-5,EA,E-31-4,SHIPPING,SO-26032,,E027,609.44
IT-001321,2025-08-20,SO Issue,SHEA-1037,-10,EA,B-34-5,SHIPPING,SO-26246,,E031,99.06
IT-000700,2025-08-21,SO Issue,AC-1040,-3,EA,D-17-4,SHIPPING,SO-26002,,E030,609.44
IT-000888,2025-08-21,SO Issue,AC-1074,-1,EA,C-09-4,SHIPPING,SO-26068,,E032,1663.14
IT-000898,2025-08-21,SO Issue,SPRO-1069,-2,EA,C-03-2,SHIPPING,SO-26072,,E036,115.11
IT-000998,2025-08-21,SO Issue,GEAR-1080,-1,EA,F-18-5,SHIPPING,SO-26112,,E036,1484.33
IT-001403,2025-08-21,SO Issue,MOUN-1083,-200,EA,F-12-4,SHIPPING,SO-26278,,E027,87.77
IT-001793,2025-08-21,SO Issue,AC-1040,-5,EA,A-13-1,SHIPPING,SO-26428,,E028,609.44
IT-001967,08/21/25,SO Issue,AC-1040,-1,EA,E-22-1,SHIPPING,SO-26492,,E028,609.44
IT-000106,2025-08-22,PO Receipt,SHEA-1072,11,EA,RECEIVING,B-38-4,PO-31045,,E031,101.96000000000001
IT-000107,2025-08-22,PO Receipt,SHEA-1072,250,EA,RECEIVING,C-34-3,PO-31045,,E030,101.96000000000001
IT-000108,2025-08-22,PO Receipt,MOUN-1008,52,EA,RECEIVING,D-09-5,PO-31045,,E037,71.79
IT-001236,2025-08-22,SO Issue,CONV-1059,-1,EA,C-25-5,SHIPPING,SO-26209,,E033,3693.63
IT-001237,2025-08-22,SO Issue,SHEA-1019,-4,EA,C-03-4,SHIPPING,SO-26209,,E036,94.5
IT-001789,2025-08-22,SO Issue,SPRO-1027,-25,EA,B-36-4,SHIPPING,SO-26426,,E034,77.98
IT-000367,2025-08-23,PO Receipt,SPRO-1050,53,EA,RECEIVING,A-33-3,PO-31156,,E038,12.85
IT-000368,2025-08-23,PO Receipt,AC-1033,250,EA,RECEIVING,E-11-3,PO-31156,,E031,1093.27
IT-000369,2025-08-23 ,PO Receipt,SPRO-1050,53,EA,RECEIVING,B-14-1,PO-31156,,E035,12.85
IT-000370,2025-08-23,PO Receipt,SPRO-1050,25,EA,RECEIVING,D-18-4,PO-31156,,E026,12.85
IT-000982,2025-08-23,SO Issue,MOUN-1029,-50,EA,B-31-3,SHIPPING,SO-26106,,E036,86.28
IT-001239,2025-08-23,SO Issue,CONV-1059,-5,EA,E-05-1,SHIPPING,SO-26209,,E029,3693.63
IT-001794,2025-08-23,SO Issue,AC-1063,-1,EA,E-03-1,SHIPPING,SO-26428,,E037,1677.24
IT-001807,08/23/2025,SO Issue,TIMI-1020,-2,EA,B-14-3,SHIPPING,SO-26432,,E039,52.03
IT-000528,2025-08-24,PO Receipt,SHEA-1088,91,EA,RECEIVING,D-37-2,PO-31229,,E029,189.79
IT-000529,2025-08-24,PO Receipt,SPRO-1027,183,EA,RECEIVING,C-16-1,PO-31229,,E028,77.98
IT-000662,2025-08-24,PO Receipt,SPRO-1050,500,EA,RECEIVING,D-37-3,PO-31286,,E039,12.85
IT-000663,2025-08-24,PO Receipt,SPRO-1050,53,EA,RECEIVING,D-38-1,PO-31286,,E031,12.85
IT-000664,2025-08-24,PO Receipt,AC-1033,25,EA,RECEIVING,B-32-4,PO-31286,,E037,1093.27
IT-000843,2025-08-25,SO Issue ,CONV-1059,-1,EA,C-03-4,SHIPPING,SO-26054,,E037,3693.63
IT-001790,2025-08-25,SO Issue,CONV-1065,-3,EA,C-03-2,SHIPPING,SO-26426,,E030,2903.56
IT-000471,2025-08-26,PO Receipt,ROLL-1079,24,EA,RECEIVING,B-13-1,PO-31202,,E030,102.65
IT-000472,08/26/25,PO Receipt,MOUN-1062,97,EA,RECEIVING,E-04-3,PO-31202,,E039,135.75
IT-000897,2025-08-26,SO Issue,SPRO-1087,-25,EA,B-14-4,SHIPPING,SO-26072,,E029,44.550000000000004
IT-001020,2025-08-26,SO Issue,SPRO-1041,-50,EA,A-23-4,SHIPPING,SO-26123,,E035,35.35
IT-001226,2025-08-26,SO Issue,GAT-B62,-200,EA,F-36-1,SHIPPING,SO-26203,,E027,12.7
IT-001305,2025-08-26,SO Issue,SHEA-1035,-2,EA,F-12-3,SHIPPING,SO-26241,,E026,148.52
IT-001479,2025-08-26,SO Issue,SHEA-1025,-3,EA,E-23-5,SHIPPING,SO-26303,,E038,153.95000000000002
IT-001749,2025-08-26,SO Issue,TIMI-1030,-50,EA,A-23-4,SHIPPING,SO-26409,,E030,66.14
IT-001774,2025-08-26,SO Issue,DOD-TXT315,-1,EA,C-03-4 ,SHIPPING,SO-26419,,E034,1180.0
IT-001806,2025-08-26,SO Issue,GEAR-1060,-3,EA,B-08-5,SHIPPING,SO-26432,,E030,3102.4300000000003
IT-001978,2025-08-26,SO Issue,TIMI-1075,-25,EA,F-12-3,SHIPPING,SO-26496,,E032,72.76
IT-000754,"Aug 27, 2025 ",SO Issue,GAT-B62,-200,EA,E-16-5,SHIPPING,SO-26021,,E032,12.7
IT-000842,2025-08-27,SO Issue,TIM-LM11949-LM11910,-10,EA,B-29-2,SHIPPING,SO-26054,,E031,7.6
IT-000917,2025-08-27,SO Issue,SPRO-1015,-100,EA,E-23-5,SHIPPING,SO-26079,,E031 ,74.58
IT-001022,2025-08-27,SO Issue,GEAR-1080,-3,EA,C-03-4,SHIPPING,SO-26123,,E038,1484.33
IT-001225,2025-08-27,SO Issue,SPRO-1027,-4,EA,C-06-3,SHIPPING,SO-26203,,E038,77.98
IT-001457,2025-08-27,SO Issue,CONV-1089,-1,EA,E-22-4,SHIPPING,SO-26296,,E029,5864.59
IT-002049,2025-08-27,Transfer,SPRO-1070,3,EA,A-25-4,E-06-1,Bin move,,E032,22.96
IT-000711,2025-08-28,SO Issue,GEAR-1073,-1,EA,A-21-2,SHIPPING,SO-26005,,E034,1938.75
IT-000713,2025-08-28,SO Issue,DOD-TXT315,-1,EA,E-05-1,SHIPPING,SO-26005,,E032,1180.0
IT-000916,2025-08-28,SO Issue ,SPRO-1076,-50,EA,E-23-5,SHIPPING,SO-26079,,E036,13.24
IT-001238,2025-08-28,SO Issue,MOUN-1008,-200,EA,E-36-5,SHIPPING,SO-26209,,E032,71.79
IT-001461,08/28/25,SO Issue,SPRO-1041,-10,EA,A-13-5,SHIPPING,SO-26297,,E036,35.35
IT-000262,2025-08-29,PO Receipt,TIMI-1058,50,EA,RECEIVING,C-10-3,PO-31109,,E030,84.45
IT-000997,2025-08-29,SO Issue,SPRO-1061,-1,EA,B-08-5,SHIPPING,SO-26112,,E039,87.28
IT-001350,2025-08-29,SO Issue,CONV-1051,-2,EA,E-16-5 ,SHIPPING,SO-26259,,E030,4147.58
IT-002066,2025-08-29,Adjustment,GEAR-1001,-4,EA,E-25-4,D-18-5,Bin move,,E033,974.16
IT-000196,2025-08-30,PO Receipt,MOUN-1018,95,EA,RECEIVING,A-03-3,PO-31081,,E026,109.13
IT-000197,2025-08-30,PO Receipt,TIMI-1056,15,EA,RECEIVING,E-14-3 ,PO-31081,,E033,17.21
IT-000198,2025-08-30,PO Receipt,MOUN-1034,35,EA,RECEIVING,A-33-1,PO-31081,,E037,23.82
IT-000315,2025-08-30,PO Receipt,MOUN-1083,25,EA,RECEIVING,B-40-5,PO-31134,,E029,87.77
IT-000316,2025-08-30,PO Receipt,TIMI-1000,84,EA,RECEIVING,A-27-4,PO-31134,,E038,43.53
IT-000317,2025-08-30,PO Receipt,MOUN-1083,138,EA,RECEIVING,D-36-3,PO-31134,,E035,87.77
IT-000318,2025-08-30,PO Receipt,MOUN-1083,138,EA,RECEIVING,C-29-1,PO-31134,,E034,87.77
IT-000782,2025-08-30,SO Issue ,GEAR-1084,-1,EA,E-08-5,SHIPPING,SO-26031,,E032,3456.0
IT-001349,2025-08-30,SO Issue,SPRO-1078,-25,EA,F-24-2,SHIPPING,SO-26259,,E035,69.25
IT-000886,2025-08-31,SO Issue,TIM-LM11949-LM11910,-4,EA,C-40-1,SHIPPING,SO-26068,,E031,7.6
IT-000914,2025-08-31,SO Issue,SPRO-1041,-1,EA,A-22-3,SHIPPING,SO-26079,,E030,35.35
IT-001459,2025-08-31,SO Issue,SPRO-1027,-1,EA,E-31-4,SHIPPING,SO-26296,,E026,77.98
IT-001464,2025-08-31,SO Issue,AC-1085,-5,EA,C-40-1,SHIPPING,SO-26297,,E037,365.76
IT-001772,2025-08-31,SO Issue,ROLL-1012,-1,EA,B-24-5,SHIPPING,SO-26419,,E031,47.52
IT-001773,2025-08-31,SO Issue,SHEA-1025,-5,EA,B-26-4,SHIPPING,SO-26419,,E034,153.95000000000002
IT-000712,2025-09-01,SO Issue,CONV-1023,-1,EA,E-06-5,SHIPPING,SO-26005,,E039,3652.15
IT-001085,2025-09-01,SO Issue,TIMI-1032,-10,EA,C-11-3,SHIPPING,SO-26147,,E032,32.99
IT-001783,2025-09-01,SO Issue,AC-1040,-1,EA,C-10-5,SHIPPING,SO-26424,,E033,609.44
IT-001784,2025-09-01,SO Issue,SHEA-1019,-4,EA,A-13-1,SHIPPING,SO-26424,,E033,94.5
IT-002034,2025-09-01,SO Issue,MOUN-1018,-3,EA,C-06-1 ,SHIPPING,SO-26516,,E027,109.13
IT-000200,02-Sep-2025,PO Receipt,SPRO-1041,250,EA,RECEIVING,E-22-3,PO-31083,,E034,35.35
IT-000201,2025-09-02,PO Receipt,AC-1086,147,EA,RECEIVING,F-32-2,PO-31083,,E031,2390.86
IT-000202,02-Sep-2025,PO Receipt,SPRO-1078,250,EA,RECEIVING,A-03-1,PO-31083,,E035,69.25
IT-000203,2025-09-02,PO Receipt,AC-1085,100,EA,RECEIVING,D-21-2,PO-31083,,E026,365.76
IT-000453,2025-09-02,PO Receipt,TIMI-1056,15,EA,RECEIVING,A-04-2,PO-31194,,E035,17.21
IT-000454,2025-09-02,PO Receipt,AC-1057,500,EA,RECEIVING,C-21-2,PO-31194,,E028,687.08
IT-000455,09/02/2025,PO Receipt,MOUN-1034,35,EA,RECEIVING,E-22-2,PO-31194,,E028,23.82
IT-000580,2025-09-02,PO Receipt,SPRO-1050,53,EA,RECEIVING,A-12-3,PO-31251,,E028,12.85
IT-000581,2025-09-02,PO Receipt,SPRO-1050 ,26,EA,RECEIVING,F-40-4,PO-31251,,E039,12.85
IT-000582,2025-09-02,PO Receipt,AC-1033,142,EA,RECEIVING,D-31-4,PO-31251,,E039,1093.27
IT-000618,09/02/2025,PO Receipt,ROLL-1079,24,EA,RECEIVING,A-36-1,PO-31268,,E035,102.65
IT-000717,2025-09-02,SO Issue,ROLL-1053,-4,EA,E-23-5,SHIPPING,SO-26006,,E030,86.10000000000001
IT-000913,2025-09-02,SO Issue,SPRO-1076,-25,EA,B-31-3,SHIPPING,SO-26079,,E026,13.24
IT-001458,2025-09-02,SO Issue,SPRO-1087,-200,EA,F-23-3,SHIPPING,SO-26296,,E029,44.550000000000004
IT-000710,09/04/25,SO Issue,SHEA-1019,-6,EA,C-10-5,SHIPPING,SO-26005,,E033,94.5
IT-001475,09/04/2025,SO Issue,SHEA-1077,-25,EA,A-37-2,SHIPPING,SO-26303,,E034,67.98
IT-001747,2025-09-04,SO Issue,SHEA-1038,-5,EA,C-40-1,SHIPPING,SO-26409,,E027,295.28000000000003
IT-001979,2025-09-04,SO Issue,AC-1048,-2,EA,E-36-5,SHIPPING,SO-26496,,E032,1745.47
IT-000131,2025-09-05,PO Receipt,3M-SF401AF,25,EA,RECEIVING,A-16-3,PO-31055,,E032,4.05
IT-000132,2025-09-05,PO Receipt,3M-SF401AF,84,EA,RECEIVING,A-14-1,PO-31055,,E034,4.05
IT-000213,05-Sep-2025,PO Receipt,SPRO-1050,10,EA,RECEIVING,B-08-3,PO-31091,,E039,12.85
IT-000214,2025-09-05,PO Receipt ,AC-1033,50,EA,RECEIVING,A-20-3,PO-31091 ,,E028,1093.27
IT-000215,09/05/2025,PO Receipt,AC-1033,142,EA,RECEIVING,E-39-1,PO-31091,,E029,1093.27
IT-000216,2025-09-05 ,PO Receipt,AC-1033,142,EA,RECEIVING,E-40-4,PO-31091,,E034,1093.27
IT-000549,2025-09-05,PO Receipt,ROLL-1079,50,EA ,RECEIVING,F-02-4,PO-31236,,E033,102.65
IT-000716,2025-09-05,SO Issue,MOUN-1018 ,-2,EA,A-36-4,SHIPPING,SO-26006,,E032,109.13
IT-000894,2025-09-05,SO Issue,AC-1057,-3,EA ,C-17-4,SHIPPING,SO-26072,,E036,687.08
IT-001348,2025-09-05,SO Issue,TIMI-1020,-6,EA,F-18-5,SHIPPING,SO-26259,,E028,52.03
IT-001462 ,2025-09-05,SO Issue,AC-1054,-2,EA,A-22-3,SHIPPING,SO-26297,,E032,1828.58
IT-002008,2025-09-05,SO Issue,TIMI-1056,-25,EA,A-22-3,SHIPPING,SO-26507,,E033,17.21
IT-000319,2025-09-06,PO Receipt,SHEA-1045,169,EA,RECEIVING,E-38-1 ,PO-31135,,E038,47.68
IT-000320,2025-09-06,PO Receipt,AC-1048,24,EA,RECEIVING,D-19-1,PO-31135,,E036,1745.47
IT-001021,2025-09-06,SO Issue,SHEA-1045,-200,EA,A-37-2,SHIPPING,SO-26123,,E029,47.68
IT-001431,06-Sep-2025,SO Issue,CONV-1051,-5,EA,A-23-4,SHIPPING,SO-26287,,E035,4147.58
IT-002074,2025-09-06,Transfer,SHEA-1025,8,EA,B-03-5,C-10-5,,,E030,153.95000000000002
IT-000244,2025-09-07,PO Receipt,SHEA-1068 ,105,EA,RECEIVING,B-26-5,PO-31103,,E029,180.78
IT-000245,2025-09-07,PO Receipt,SHEA-1049 ,25,EA,RECEIVING,E-05-4,PO-31103,,E035,153.4
IT-000246,2025-09-07,PO Receipt,SHEA-1049,25,EA,RECEIVING,C-26-1,PO-31103,,E031,153.4
IT-000247,2025-09-07,PO Receipt,SHEA-1049,191,EA,RECEIVING,F-14-2,PO-31103 ,,E031,153.4
IT-001088,09/07/2025,SO Issue,SHEA-1064,-1,EA,A-22-3,SHIPPING,SO-26147,,E039,139.88
IT-001460,2025-09-07,SO Issue,GEAR-1084,-3,EA,C-17-4,SHIPPING,SO-26296,,E037,3456.0
IT-001770,2025-09-07,SO Issue,MOUN-1018,-1,EA,C-17-4,SHIPPING,SO-26419,,E031,109.13
IT-001916,2025-09-07,SO Issue,SHEA-1088,-3,EA,E-22-4,SHIPPING,SO-26469,,E037,189.79
IT-002009,2025-09-07,SO Issue,AC-1057,-3,EA,A-23-4,SHIPPING,SO-26507,,E037,687.08
IT-000896,2025-09-08,SO Issue,TIMI-1032,-6,EA,B-08-5,SHIPPING,SO-26072,,E037,32.99
IT-001332,2025-09-08,SO Issue,SPRO-1055,-12,EA,E-26-3,SHIPPING,SO-26252,,E032,26.94
IT-001420,2025-09-08,SO Issue,AC-1006,-2,EA ,C-40-1,SHIPPING,SO-26284,,E029,2130.52
IT-001430,2025-09-08,SO Issue,AC-1057,-1,EA,F-08-1,SHIPPING,SO-26287 ,,E026,687.08
IT-001568,2025-09-08,SO Issue,SKF-6308-2Z,-12,EA,E-31-4 ,SHIPPING,SO-26338,,E034,10.25
IT-000306,2025-09-09,PO Receipt,AC-1054,168,EA,RECEIVING,D-40-3,PO-31129,,E028,1828.58
IT-000714,2025-09-09 ,SO Issue,SHEA-1035,-1,EA,B-11-2,SHIPPING,SO-26006,,E037,148.52
IT-001421,09/09/25,SO Issue,MOUN-1034,-2,EA,B-26-4,SHIPPING,SO-26284,,E038,23.82
IT-001786,2025-09-09,SO Issue,SHEA-1072,-5,EA,E-08-5,SHIPPING,SO-26424,,E035,101.96000000000001
IT-001996,09/09/2025,SO Issue,SHEA-1049,-1,EA,B-31-3,SHIPPING,SO-26502,,E032,153.4
IT-000565,2025-09-10,PO Receipt,SPRO-1004,177,EA,RECEIVING,D-16-4,PO-31244,,E031,42.84
IT-000566,2025-09-10,PO Receipt,SPRO-1004,177,EA,RECEIVING,D-10-2,PO-31244,,E028,42.84
IT-000567,2025-09-10,PO Receipt,SHEA-1068,105,EA,RECEIVING,F-09-2,PO-31244,,E026,180.78
IT-000887,2025-09-10,SO Issue,CONV-1043,-2,EA,D-17-2,SHIPPING,SO-26068,,E028,1971.53
IT-001023,2025-09-11,SO Issue,SHEA-1035,-5,EA,F-04-4,SHIPPING,SO-26123,,E037,148.52
IT-001087,2025-09-11,SO Issue,SHEA-1038,-3,EA,C-03-2,SHIPPING,SO-26147,,E033,295.28000000000003
IT-002059,2025-09-11,Scrap,MOUN-1029,1,EA ,C-37-5,B-39-1,Count,,E034,86.28
IT-000715,2025-09-12,SO Issue,BRI-HHCS-0500-13-200-G8,-6,BX,C-38-3,SHIPPING,SO-26006,,E029,44.75
IT-000895,2025-09-12,SO Issue,ROLL-1012,-10,EA,C-19-1,SHIPPING,SO-26072,,E039,47.52
IT-001086,2025-09-12,SO Issue,SHEA-1088,-1,EA,B-26-2,SHIPPING,SO-26147,,E026,189.79
IT-001463,2025-09-12,SO Issue,SPRO-1069,-3,EA,C-11-3,SHIPPING,SO-26297,,E030,115.11
IT-000211,2025-09-13,PO Receipt,MOUN-1083,250,EA,RECEIVING,C-32-5,PO-31089,,E036,87.77
IT-000637,2025-09-13,PO Receipt,AC-1033,250,EA,RECEIVING,D-13-1,PO-31278,,E030,1093.27
IT-000638,2025-09-13 ,PO Receipt,SPRO-1050,53,EA,RECEIVING,A-06-3,PO-31278,,E039,12.85
IT-000639,09/13/25,PO Receipt,AC-1033,142,EA,RECEIVING,A-09-1 ,PO-31278,,E039,1093.27
IT-000778,2025-09-13,SO Issue,SPRO-1015,-6,EA,C-10-5,SHIPPING,SO-26029,,E031,74.58
IT-000801,2025-09-13 ,SO Issue,AC-1048,-5,EA,E-31-4,SHIPPING,SO-26041,,E029,1745.47
IT-001954,2025-09-13,SO Issue,AC-1085,-1,EA,F-09-3,SHIPPING,SO-26487,,E037,365.76
IT-000594,2025-09-14,PO Receipt,AC-1074,130,EA,RECEIVING,C-02-2,PO-31257,,E039,1663.14
IT-000595,2025-09-14,PO Receipt,MOUN-1031,153,EA,RECEIVING,B-29-2,PO-31257,,E036,38.78
IT-000596,2025-09-14,PO Receipt,TIM-LM11949-LM11910,338,EA,RECEIVING,D-10-4,PO-31257,,E037,7.6
IT-000597,2025-09-14,PO Receipt,GEAR-1084,50,EA,RECEIVING,A-02-5,PO-31257,,E039,3456.0
IT-000619,2025-09-14,PO Receipt,ROLL-1044,136,EA,RECEIVING,B-02-3,PO-31269,,E032,140.68
IT-000620,2025-09-14,PO Receipt,SHEA-1077,50,EA,RECEIVING,B-23-3,PO-31269,,E038,67.98
IT-000658,2025-09-14,PO Receipt,AC-1040,171,EA,RECEIVING,A-32-2,PO-31284,,E039,609.44
IT-000800,09/14/25,SO Issue,BRI-HHCS-0500-13-200-G8,-12,BX,E-15-1,SHIPPING,SO-26041,,E034,44.75
IT-000502,2025-09-15,PO Receipt,TIMI-1058,25,EA,RECEIVING,A-06-4,PO-31215,,E032,84.45
IT-000503,2025-09-15,PO Receipt,TIMI-1014,189,EA,RECEIVING,B-40-3,PO-31215,,E039,49.480000000000004
IT-001322,2025-09-15,SO Issue,SKF-6205-2RS1,-50,EA,E-05-1,SHIPPING,SO-26246,,E030,3.55
IT-001771,2025-09-15,SO Issue,SHEA-1082,-5,EA,A-10-3,SHIPPING,SO-26419,,E033,186.61
IT-001852,2025-09-15,SO Issue,GEAR-1084,-1,EA,C-40-1,SHIPPING,SO-26447,,E036,3456.0
IT-001903,2025-09-15,SO Issue,CONV-1022,-5,EA,B-34-4,SHIPPING,SO-26465,,E028,2154.05
IT-001917,2025-09-15,SO Issue,ROLL-1079,-2,EA,F-24-2,SHIPPING,SO-26469,,E030 ,102.65
IT-000133,2025-09-16,PO Receipt,SHEA-1088,91,EA,RECEIVING,A-28-5,PO-31056,,E029,189.79
IT-000134,09/16/2025,PO Receipt,SHEA-1088,91,EA,RECEIVING,C-35-5,PO-31056,,E035,189.79
IT-000135,2025-09-16,PO Receipt,SHEA-1088,91,EA,RECEIVING,A-28-2,PO-31056,,E031,189.79
IT-000136,2025-09-16 ,PO Receipt,SHEA-1088,91,EA,RECEIVING,A-40-4,PO-31056,,E032,189.79
IT-000915,2025-09-16,SO Issue,MOUN-1062,-1,EA,D-28-2 ,SHIPPING,SO-26079 ,,E039,135.75
IT-001456,2025-09-16,SO Issue,CONV-1059,-2,EA,E-23-5 ,SHIPPING,SO-26296,,E039,3693.63
IT-002030,2025-09-16,SO Issue,SPRO-1078,-100,EA,E-15-1,SHIPPING,SO-26514,,E038,69.25
IT-000808,2025-09-17,SO Issue,CONV-1022,-1,EA,F-01-5,SHIPPING,SO-26043,,E029,2154.05
IT-001422,2025-09-17,SO Issue,CONV-1013,-5,EA,C-40-1,SHIPPING,SO-26284,,E032,2336.18
IT-001432,2025-09-17,SO Issue,TIMI-1075,-12,EA,F-34-2,SHIPPING,SO-26287,,E035,72.76
IT-001859,2025-09-17,SO Issue,SHEA-1049,-3,EA,E-26-3,SHIPPING,SO-26450,,E039,153.4
IT-001465,2025-09-18,SO Issue,SHEA-1045,-50,EA,A-23-4,SHIPPING,SO-26297,,E035,47.68
IT-001495,2025-09-18,SO Issue,AC-1074,-2,EA,A-14-1,SHIPPING,SO-26309,,E028,1663.14
IT-001819,2025-09-18,SO Issue,ROLL-1012,-200,EA,C-10-4,SHIPPING,SO-26437,,E037,47.52
IT-001821,2025-09-18,SO Issue,MOUN-1018,-1,EA,C-11-3,SHIPPING,SO-26437,,E026,109.13
IT-002031,2025-09-18,SO Issue,ROLL-1012,-1,EA ,D-28-2,SHIPPING,SO-26514 ,,E039,47.52
IT-000811,2025-09-19,SO Issue,DOD-TXT315,-1,EA,F-04-4,SHIPPING,SO-26043,,E026,1180.0
IT-001333,2025-09-19,SO Issue,DOD-TXT315,-5,EA,A-21-2 ,SHIPPING,SO-26252,,E032,1180.0
IT-001444,2025-09-19,SO Issue,SPRO-1041,-6,EA,A-31-5,SHIPPING,SO-26291,,E035,35.35
IT-002076,2025-09-19,Scrap,SPRO-1069,-5,EA,E-20-4,D-15-3,Damage,,E029,115.11
IT-000006,2025-09-20,PO Receipt,SHEA-1088,500,EA,RECEIVING,C-19-2,PO-31004,,E026,189.79
IT-000007,2025-09-20,PO Receipt,SHEA-1037,130,EA,RECEIVING,C-30-1,PO-31004,,E026,99.06
IT-000008,2025-09-20,PO Receipt,SPRO-1027,500,EA,RECEIVING,E-28-2,PO-31004,,E032,77.98
IT-000624,2025-09-20,PO Receipt,SPRO-1055,500,EA,RECEIVING,B-27-2,PO-31271,,E026,26.94
IT-000803,09/21/2025,SO Issue,ROLL-1044,-1,EA,A-14-1,SHIPPING,SO-26041,,E032,140.68
IT-001496,2025-09-21,SO Issue,TIMI-1017,-10,EA,C-10-4 ,SHIPPING,SO-26309,,E039,50.69
IT-001785,2025-09-21,SO Issue,SHEA-1072,-1,EA,E-05-1 ,SHIPPING,SO-26424,,E034,101.96000000000001
IT-001901,2025-09-21,SO Issue,CONV-1065,-1,EA,B-20-2,SHIPPING ,SO-26465,,E034,2903.56
IT-002068,2025-09-21,Cycle Count Adj,MOUN-1083,3,EA,B-10-2,E-34-4,Bin move,,E033,87.77
IT-000731,2025-09-22,SO Issue,SKF-6308-2Z,-12,EA,C-40-1,SHIPPING,SO-26012,,E030,10.25
IT-001220,2025-09-22,SO Issue,TIM-LM11949-LM11910,-4,EA,B-26-4,SHIPPING,SO-26201,,E027,7.6
IT-001221,2025-09-22,SO Issue,GEAR-1066,-1,EA,C-38-3,SHIPPING,SO-26201,,E035,1270.02
IT-000810,2025-09-23,SO Issue,SKF-6308-2Z,-6,EA,F-02-3,SHIPPING,SO-26043,,E029,10.25
IT-001219,2025-09-23,SO Issue,SPRO-1055,-10,EA,C-03-4,SHIPPING,SO-26201,,E028,26.94
IT-001429,2025-09-23,SO Issue,SPRO-1061,-25,EA,F-12-4,SHIPPING,SO-26287,,E038,87.28
IT-000177,2025-09-24,PO Receipt,SPRO-1041,135,EA,RECEIVING,D-01-4,PO-31074,,E028,35.35
IT-000178,2025-09-24,PO Receipt,ULI-S-4123,170,BD,RECEIVING,A-32-3,PO-31074 ,,E035,31.0
IT-000179,2025-09-24,PO Receipt,SIG-SF18-80,131,RL,RECEIVING,E-37-3,PO-31074,,E039,24.6
IT-000180,2025-09-24,PO Receipt,AC-1085,61,EA,RECEIVING,C-38-3,PO-31074,,E035,365.76
IT-001050,2025-09-24,SO Issue,MOUN-1029,-12,EA,F-01-5,SHIPPING,SO-26136,,E035,86.28
IT-001423,2025-09-24,SO Issue,AC-1085,-2,EA,A-12-2,SHIPPING,SO-26284,,E028,365.76
IT-001497,2025-09-24,SO Issue,MOUN-1062,-3,EA,C-03-4,SHIPPING,SO-26309,,E026,135.75
IT-002029,2025-09-24,SO Issue,TIMI-1030,-6,EA,C-10-5,SHIPPING,SO-26514,,E036,66.14
IT-002032,2025-09-24,SO Issue,AC-1054,-1,EA,A-31-5,SHIPPING ,SO-26514,,E030,1828.58
IT-002073,2025-09-24,Cycle Count Adj,SHEA-1072,-10,EA,B-14-3,A-26-4,,,E029,101.96000000000001
IT-000349,2025-09-25,PO Receipt,SHEA-1077,50,EA,RECEIVING,F-32-4,PO-31147,,E027,67.98
IT-001084,2025-09-25,SO Issue,SHEA-1038,-1,EA,C-10-4,SHIPPING,SO-26147,,E038,295.28000000000003
IT-001985,2025-09-25,SO Issue,MOUN-1034,-12,EA,E-05-1,SHIPPING,SO-26498,,E036,23.82
IT-002026 ,2025-09-25,SO Issue,TIMI-1017,-10,EA,B-36-4,SHIPPING,SO-26513,,E039,50.69
IT-000804,2025-09-26,SO Issue,MOUN-1029,-50,EA ,E-15-1,SHIPPING,SO-26041,,E033,86.28
IT-001049,2025-09-26,SO Issue,AC-1074,-2,EA,A-12-2,SHIPPING,SO-26136,,E034,1663.14
IT-001769,2025-09-26,SO Issue,MOUN-1008,-6,EA,A-21-2,SHIPPING,SO-26418,,E028,71.79
IT-001818,2025-09-26,SO Issue,SHEA-1028,-5,EA,A-12-2,SHIPPING,SO-26437,,E026,284.6
IT-000589,"Sep 27, 2025",PO Receipt,TIMI-1020,250,EA,RECEIVING,A-13-2,PO-31255,,E034,52.03
IT-000590,2025-09-27,PO Receipt,SHEA-1019,52,EA,RECEIVING,B-03-3,PO-31255,,E029,94.5
IT-000591,09/27/25,PO Receipt,MOUN-1062,250,EA,RECEIVING,B-31-1,PO-31255,,E027,135.75
IT-001051,2025-09-27,SO Issue,SHEA-1035,-3,EA,C-38-3,SHIPPING ,SO-26136,,E031,148.52
IT-001346 ,2025-09-27,SO Issue,SPRO-1078,-200,EA,F-08-1,SHIPPING,SO-26258,,E030,69.25
IT-001982,2025-09-27,SO Issue,AC-1057,-3,EA,C-06-3,SHIPPING,SO-26498,,E026,687.08
IT-001902,2025-09-28,SO Issue,SHEA-1037,-2,EA,C-03-4,SHIPPING,SO-26465,,E028,99.06
IT-002027,2025-09-28,SO Issue,CONV-1043,-3,EA,A-18-1,SHIPPING,SO-26513,,E029,1971.53
IT-000444,2025-09-29,PO Receipt,ROLL-1021,101,EA,RECEIVING,A-27-3,PO-31191,,E038 ,81.74
IT-000445,2025-09-29,PO Receipt,GEAR-1016,25,EA,RECEIVING,E-21-3,PO-31191,,E033,2265.26
IT-000446,2025-09-29,PO Receipt,SHEA-1035,193,EA,RECEIVING,F-37-5,PO-31191,,E033,148.52
IT-000729,2025-09-29,SO Issue,TIMI-1032,-6,EA,A-13-5,SHIPPING,SO-26012,,E037,32.99
IT-000732,2025-09-29,SO Issue,SHEA-1045,-4,EA,A-24-3,SHIPPING,SO-26012,,E037,47.68
IT-000820,2025-09-29,SO Issue,SHEA-1082,-2,EA,B-20-2,SHIPPING,SO-26046,,E027,186.61
IT-001168,2025-09-29,SO Issue ,SPRO-1069,-1,EA,D-23-5,SHIPPING,SO-26184,,E029 ,115.11
IT-000058,2025-09-30,PO Receipt,SHEA-1064,23,EA,RECEIVING,D-14-2,PO-31024,,E028,139.88
IT-000059,2025-09-30,PO Receipt,MOUN-1008,52,EA,RECEIVING,B-25-5,PO-31024,,E030,71.79
IT-000757,2025-09-30,SO Issue,SHEA-1007,-3,EA,E-33-2,SHIPPING,SO-26022,,E037,129.94
IT-000758,2025-09-30,SO Issue,SHEA-1003,-1,EA,B-14-2,SHIPPING,SO-26022,,E035,235.72
IT-001370 ,30-Sep-2025,SO Issue,AC-1074 ,-2,EA,A-23-4,SHIPPING,SO-26267,,E032,1663.14
IT-001832,2025-09-30,SO Issue,AC-1054,-2,EA,C-06-3,SHIPPING,SO-26441,,E028,1828.58
IT-000321,2025-10-01,PO Receipt,AC-1048,250,EA,RECEIVING,F-17-2,PO-31136,,E039,1745.47
IT-000433,2025-10-01,PO Receipt,GEAR-1080,179,EA,RECEIVING,D-22-3,PO-31184,,E028 ,1484.33
IT-000434,2025-10-01,PO Receipt,TIMI-1030,10,EA,RECEIVING,C-03-3,PO-31184,,E035,66.14
IT-000459,2025-10-01,PO Receipt,SHEA-1025,500,EA ,RECEIVING ,D-14-3,PO-31197,,E030,153.95000000000002
IT-000460,2025-10-01,PO Receipt,SPRO-1087,25,EA,RECEIVING,D-02-5,PO-31197,,E036,44.550000000000004
IT-000461,2025-10-01,PO Receipt,SPRO-1087,167,EA,RECEIVING,B-26-3,PO-31197,,E034,44.550000000000004
IT-000819,2025-10-01,SO Issue,SHEA-1007 ,-1,EA,A-18-1,SHIPPING,SO-26046 ,,E032,129.94
IT-000817,2025-10-02,SO Issue,SHEA-1038,-5,EA,A-31-5,SHIPPING,SO-26046 ,,E036,295.28000000000003
IT-000954,2025-10-02,SO Issue,ROLL-1079,-2,EA,C-25-5,SHIPPING,SO-26094,,E038,102.65
IT-001048,2025-10-02,SO Issue,SHEA-1028,-1,EA,C-11-3,SHIPPING,SO-26136,,E037,284.6
IT-001172,2025-10-02,SO Issue,SHEA-1064,-2,EA,B-34-4,SHIPPING,SO-26185,,E026,139.88
IT-001621,2025-10-02,SO Issue,SPRO-1061,-2,EA,A-13-5,SHIPPING,SO-26358,,E026,87.28
IT-001991,2025-10-02,SO Issue,TIMI-1000,-200,EA,D-17-4,SHIPPING,SO-26500,,E027,43.53
IT-002025,2025-10-02,SO Issue,SPRO-1004,-25,EA,F-02-3,SHIPPING,SO-26513,,E031,42.84
IT-002070,2025-10-02,Transfer,ROLL-1021,2,EA,A-08-3,B-31-2,Count,,E033,81.74
IT-000818,2025-10-03,SO Issue,CONV-1022,-5,EA,E-22-4,SHIPPING,SO-26046,,E038,2154.05
IT-001372,2025-10-03,SO Issue,TIMI-1000,-12,EA,B-31-3,SHIPPING,SO-26268,,E028,43.53
IT-001376,2025-10-03,SO Issue,GEAR-1073,-2,EA,C-25-5,SHIPPING,SO-26268,,E026,1938.75
IT-001433,2025-10-03,SO Issue,SHEA-1035,-5,EA,B-14-4,SHIPPING,SO-26287,,E030,148.52
IT-001498,10/03/25,SO Issue,MOUN-1031,-200,EA,E-33-2 ,SHIPPING,SO-26309,,E033,38.78
IT-001834,2025-10-03,SO Issue,GEAR-1016,-2,EA,A-36-3,SHIPPING,SO-26441,,E029,2265.26
IT-002028,2025-10-03,SO Issue,SPRO-1070,-100,EA,C-17-4,SHIPPING,SO-26513,,E033,22.96
IT-000787,2025-10-04,SO Issue,TIMI-1058,-6,EA,C-30-4,SHIPPING,SO-26035,,E026 ,84.45
IT-001844,2025-10-04,SO Issue,SHEA-1077,-50,EA,D-17-2,SHIPPING,SO-26445,,E029,67.98
IT-001867,2025-10-04,SO Issue,AC-1006,-1,EA,B-21-3,SHIPPING,SO-26453,,E037,2130.52
IT-001992,2025-10-04,SO Issue,CONV-1089,-1,EA,C-17-4,SHIPPING,SO-26500,,E036,5864.59
IT-000907,2025-10-05,SO Issue,SPRO-1055,-200,EA,C-17-4,SHIPPING,SO-26076,,E029,26.94
IT-001820,2025-10-05,SO Issue,GEAR-1066,-5,EA,E-06-5,SHIPPING,SO-26437,,E036,1270.02
IT-001866,2025-10-05,SO Issue,ROLL-1021,-25,EA,F-12-4,SHIPPING,SO-26453,,E031,81.74
IT-001986,2025-10-05,SO Issue,GEAR-1016,-3,EA,C-03-2,SHIPPING,SO-26498,,E026,2265.26
IT-001062,2025-10-06,SO Issue,GEAR-1080,-5,EA,F-08-1,SHIPPING,SO-26139,,E039,1484.33
IT-001539,2025-10-06,SO Issue,TIMI-1014,-1,EA,A-12-2,SHIPPING,SO-26323,,E028,49.480000000000004
IT-000158,2025-10-07,PO Receipt,3M-SF401AF,84,EA,RECEIVING,D-34-4,PO-31066,,E030,4.05
IT-000159,2025-10-07,PO Receipt,3M-SF401AF,84,EA,RECEIVING,D-17-3,PO-31066,,E036,4.05
IT-000160,2025-10-07,PO Receipt,HEN-243,240,EA,RECEIVING,B-27-3,PO-31066,,E039,22.1
IT-000164,2025-10-07,PO Receipt,SHEA-1038,101,EA,RECEIVING,E-07-5,PO-31068,,E039,295.28000000000003
IT-000165,2025-10-07,PO Receipt,SHEA-1003,25,EA,RECEIVING,B-01-4,PO-31068,,E032,235.72
IT-000166,"Oct 07, 2025",PO Receipt,GEAR-1073,77,EA,RECEIVING,B-23-1,PO-31068,,E038,1938.75
IT-000441,07-Oct-2025,PO Receipt,SHEA-1035,100,EA,RECEIVING,D-05-3,PO-31189,,E035,148.52
IT-000730,2025-10-07,SO Issue,MOUN-1062,-1,EA,E-22-4,SHIPPING,SO-26012,,E027,135.75
IT-000809,2025-10-07,SO Issue,SHEA-1082,-1,EA,C-25-5,SHIPPING,SO-26043,,E034,186.61
IT-001169,2025-10-07,SO Issue,CONV-1046,-2,EA,A-21-2,SHIPPING,SO-26185,,E032,7311.89
IT-001206,2025-10-07,SO Issue,SHEA-1072,-1,EA,E-29-1,SHIPPING,SO-26196,,E028,101.96000000000001
IT-001397,2025-10-07,SO Issue,DOD-TXT315,-1,EA,A-36-4,SHIPPING,SO-26276,,E031,1180.0
IT-001833,2025-10-07,SO Issue,SPRO-1055,-2,EA,E-37-4,SHIPPING,SO-26441,,E032,26.94
IT-001984,"Oct 07, 2025",SO Issue,SHEA-1037,-50,EA,A-18-1,SHIPPING,SO-26498,,E039,99.06
IT-000322,2025-10-08,PO Receipt,TIMI-1000,10,EA,RECEIVING,B-09-5,PO-31137,,E027,43.53
IT-000323,2025-10-08,PO Receipt,SPRO-1087,167,EA,RECEIVING,F-34-5,PO-31137,,E039,44.550000000000004
IT-000508,2025-10-08,PO Receipt,SHEA-1072,100,EA,RECEIVING,E-01-2,PO-31218 ,,E039 ,101.96000000000001
IT-001648,08-Oct-2025,SO Issue,SPRO-1027,-200,EA,E-37-4,SHIPPING,SO-26370,,E031,77.98
IT-001740,2025-10-08,SO Issue ,SPRO-1004,-25,EA,A-13-5,SHIPPING,SO-26405,,E036,42.84
IT-001842,2025-10-08,SO Issue,AC-1048,-1,EA,D-27-4,SHIPPING,SO-26445,,E033,1745.47
IT-001974,2025-10-08,SO Issue,BRI-HHCS-0500-13-200-G8,-10,BX,D-28-2,SHIPPING,SO-26494,,E037,44.75
IT-000412,2025-10-09,PO Receipt,GAT-B62,25,EA,RECEIVING,E-07-4,PO-31176,,E027,12.7
IT-000413,10/09/25,PO Receipt,GEAR-1016,50,EA,RECEIVING,F-26-4,PO-31176,,E029,2265.26
IT-000414,2025-10-09,PO Receipt,GEAR-1016,122,EA,RECEIVING,F-30-2,PO-31176,,E029,2265.26
IT-000415,2025-10-09,PO Receipt,GAT-B62,289,EA,RECEIVING,A-31-3,PO-31176,,E027,12.7
IT-000802,2025-10-09,SO Issue,SHEA-1064,-3,EA,B-11-2,SHIPPING,SO-26041,,E030,139.88
IT-000909,2025-10-09,SO Issue,CONV-1046,-2,EA,C-03-4,SHIPPING,SO-26076,,E029,7311.89
IT-001113,"Oct 09, 2025",SO Issue,SPRO-1027,-200,EA,E-31-4,SHIPPING,SO-26156,,E030,77.98
IT-001373,2025-10-09,SO Issue,SPRO-1061 ,-200,EA,C-11-3,SHIPPING,SO-26268,,E026,87.28
IT-001865,2025-10-09,SO Issue,MOUN-1081,-50,EA,F-23-3,SHIPPING,SO-26453,,E026,61.24
IT-000868,2025-10-10,SO Issue,SPRO-1047,-50,EA,C-40-1,SHIPPING,SO-26064,,E035,13.77
IT-001077,2025-10-10,SO Issue ,SHEA-1049,-3,EA,B-24-5,SHIPPING,SO-26144 ,,E038,153.4
IT-001171 ,2025-10-10,SO Issue,ROLL-1012,-25,EA,B-21-3,SHIPPING,SO-26185,,E034,47.52
IT-001347,2025-10-10,SO Issue,MOUN-1018,-2,EA,A-13-5,SHIPPING,SO-26258,,E028,109.13
IT-001721,2025-10-10,SO Issue,AC-1074,-1,EA,B-26-4,SHIPPING,SO-26399,,E026,1663.14
IT-002011,2025-10-10,SO Issue,GEAR-1073,-2,EA,A-02-1,SHIPPING,SO-26508,,E029,1938.75
IT-002046,2025-10-10,SO Issue,SPRO-1055,-1,EA,F-08-1,SHIPPING,SO-26520,,E032,26.94
IT-002061,2025-10-10,Cycle Count Adj,CONV-1042,10,EA,C-13-5,A-04-4,Bin move,,E028,5159.58
IT-000124,2025-10-11,PO Receipt,TIMI-1017,500,EA,RECEIVING,D-14-3,PO-31051,,E027,50.69
IT-000167,2025-10-11,PO Receipt,ROLL-1053,109,EA ,RECEIVING,A-40-4,PO-31069,,E027,86.10000000000001
IT-000756,11-Oct-2025,SO Issue,SPRO-1041,-100,EA,C-28-3,SHIPPING ,SO-26022,,E036,35.35
IT-001394,2025-10-11,SO Issue,SHEA-1019,-100,EA,D-17-4,SHIPPING,SO-26275,,E027 ,94.5
IT-001395,2025-10-11,SO Issue,CONV-1022,-5,EA,C-28-3,SHIPPING,SO-26276,,E031,2154.05
IT-000175,2025-10-12,PO Receipt,SHEA-1072,11,EA,RECEIVING,E-21-3,PO-31073,,E031,101.96000000000001
IT-000176,2025-10-12,PO Receipt,MOUN-1008,52,EA,RECEIVING,A-06-4,PO-31073,,E029,71.79
IT-000229,2025-10-12,PO Receipt,TIMI-1032,10,EA,RECEIVING,F-20-3,PO-31096,,E031,32.99
IT-000230,2025-10-12,PO Receipt,AC-1074,130,EA,RECEIVING,E-36-1,PO-31096,,E027,1663.14
IT-000231,10/12/25,PO Receipt,SPRO-1015,500,EA,RECEIVING,C-18-2,PO-31096,,E031,74.58
IT-000310,2025-10-12,PO Receipt,AC-1006,169,EA,RECEIVING,B-04-4,PO-31131,,E039,2130.52
IT-001006,2025-10-12,SO Issue,AC-1074,-3,EA,E-06-5,SHIPPING,SO-26116,,E026,1663.14
IT-001374,2025-10-12,SO Issue,AC-1048,-5,EA,A-36-4,SHIPPING,SO-26268,,E038,1745.47
IT-001541,2025-10-12,SO Issue,CONV-1023,-3,EA,A-37-2,SHIPPING,SO-26324,,E027,3652.15
IT-002045,2025-10-12,SO Issue,SHEA-1068,-3,EA,A-23-4,SHIPPING,SO-26520,,E038,180.78
IT-000400,2025-10-13,PO Receipt,AC-1057,81,EA,RECEIVING,E-13-4,PO-31172,,E031,687.08
IT-000401,2025-10-13,PO Receipt,AC-1057,25,EA,RECEIVING,B-34-5,PO-31172,,E029,687.08
IT-000402,2025-10-13,PO Receipt,SPRO-1061,10,EA,RECEIVING,A-20-2,PO-31172,,E030,87.28
IT-000403,2025-10-13,PO Receipt,MOUN-1034,35,EA,RECEIVING,A-26-1,PO-31172,,E039,23.82
IT-000692,2025-10-13,PO Receipt,MOUN-1029,103,EA,RECEIVING,D-31-4,PO-31298,,E039,86.28
IT-000854,2025-10-13,SO Issue,SHEA-1077,-2,EA,A-31-5,SHIPPING,SO-26058,,E030,67.98
IT-000755,2025-10-14,SO Issue,SHEA-1003,-3,EA,B-26-4,SHIPPING,SO-26022,,E036,235.72
IT-001173,2025-10-14,SO Issue,SHEA-1077,-12,EA,F-18-5,SHIPPING,SO-26185,,E034,67.98
IT-001983,2025-10-14,SO Issue,GEAR-1084,-1,EA,A-29-1,SHIPPING,SO-26498,,E039,3456.0
IT-000390,10/15/2025,PO Receipt,SHEA-1064,23,EA,RECEIVING,F-04-4,PO-31167,,E033,139.88
IT-000391,2025-10-15,PO Receipt,MOUN-1008,25,EA,RECEIVING,C-30-1,PO-31167,,E029,71.79
IT-000392,2025-10-15,PO Receipt,SHEA-1072,11,EA,RECEIVING,B-05-3,PO-31167,,E027,101.96000000000001
IT-000949,10/15/2025,SO Issue,CONV-1046,-3,EA,E-37-4,SHIPPING,SO-26092,,E026,7311.89
IT-000950,2025-10-15,SO Issue,TIMI-1056,-12,EA,F-02-3,SHIPPING,SO-26092,,E028,17.21
IT-000979,2025-10-15,SO Issue,SHEA-1025,-5,EA,A-14-1,SHIPPING,SO-26104,,E027,153.95000000000002
IT-001843,2025-10-15,SO Issue,GEAR-1066,-3,EA,A-13-5,SHIPPING,SO-26445,,E033,1270.02
IT-002010,2025-10-15 ,SO Issue,GEAR-1073,-1,EA,A-31-5,SHIPPING,SO-26508,,E028,1938.75
IT-000906,2025-10-16,SO Issue,CONV-1051,-5,EA,C-03-4,SHIPPING,SO-26075,,E037 ,4147.58
IT-000908,2025-10-16,SO Issue,CONV-1023,-3,EA,D-17-2,SHIPPING,SO-26076,,E032,3652.15
IT-001032,2025-10-16,SO Issue,TIMI-1071,-12,EA,F-02-3,SHIPPING,SO-26128,,E034,74.85000000000001
IT-001170,2025-10-16,SO Issue,AC-1057,-2,EA,C-11-3,SHIPPING,SO-26185,,E033,687.08
IT-001369,2025-10-16,SO Issue,MOUN-1031,-12,EA,B-11-2,SHIPPING,SO-26267,,E031,38.78
IT-001537,2025-10-16,SO Issue,SPRO-1078,-100,EA,C-19-1,SHIPPING,SO-26323,,E027,69.25
IT-002003,2025-10-16,SO Issue,CONV-1022,-5,EA,C-28-3,SHIPPING,SO-26505,,E026,2154.05
IT-000290,10/17/2025,PO Receipt,SPRO-1015,160,EA,RECEIVING,A-08-3,PO-31120,,E037,74.58
IT-000291,2025-10-17,PO Receipt,SKF-6308-2Z,192,EA,RECEIVING,A-36-3,PO-31120,,E032,10.25
IT-000292,2025-10-17,PO Receipt,MOUN-1031,100,EA,RECEIVING,D-30-1,PO-31120,,E030,38.78
IT-001831,2025-10-17,SO Issue,AC-1054,-3,EA,A-22-3,SHIPPING,SO-26441,,E033,1828.58
IT-001846,2025-10-17,SO Issue,SHEA-1019,-6,EA,E-03-1,SHIPPING,SO-26445,,E035,94.5
IT-001975,2025-10-17,SO Issue,GAT-B62,-4,EA,A-36-4,SHIPPING,SO-26494,,E030,12.7
IT-001030,2025-10-18,SO Issue,CONV-1051,-5,EA,B-14-4,SHIPPING,SO-26128,,E039,4147.58
IT-001343,"Oct 18, 2025",SO Issue,ROLL-1053,-1,EA,B-31-3,SHIPPING,SO-26256,,E026,86.10000000000001
IT-001371 ,2025-10-18,SO Issue,CONV-1023,-2,EA,A-18-1,SHIPPING,SO-26267,,E034,3652.15
IT-001530,18-Oct-2025,SO Issue,SPRO-1002,-1,EA,E-29-1 ,SHIPPING,SO-26320,,E037,65.84
IT-000354,2025-10-19,PO Receipt,TIMI-1030,137,EA,RECEIVING,A-40-1,PO-31150,,E033,66.14
IT-000355,2025-10-19,PO Receipt,GEAR-1080,179,EA,RECEIVING,D-13-5,PO-31150,,E039,1484.33
IT-001368,2025-10-19,SO Issue,MOUN-1018,-3,EA,D-28-2,SHIPPING,SO-26267,,E031,109.13
IT-001531,"Oct 19, 2025",SO Issue,SPRO-1011,-5,EA,C-40-1,SHIPPING,SO-26320,,E032 ,118.48
IT-001540,2025-10-19,SO Issue,SHEA-1035,-3,EA,A-13-5,SHIPPING,SO-26323,,E035,148.52
IT-000570,2025-10-20,PO Receipt,SPRO-1047,162,EA,RECEIVING,C-07-5,PO-31247,,E038,13.77
IT-000609,10/20/25,PO Receipt,SPRO-1015,160,EA,RECEIVING,B-15-4,PO-31262,,E034,74.58
IT-000903,2025-10-20,SO Issue,ROLL-1012 ,-25,EA,F-04-4,SHIPPING,SO-26075,,E028,47.52
IT-001031,2025-10-20,SO Issue,ROLL-1079,-1,EA,C-11-3,SHIPPING,SO-26128,,E027,102.65
IT-001213,2025-10-20,SO Issue,GEAR-1016,-5,EA,A-29-1,SHIPPING,SO-26199,,E035,2265.26
IT-001344,2025-10-20,SO Issue,GEAR-1080,-5,EA,C-03-4,SHIPPING,SO-26256,,E031,1484.33
IT-001375,2025-10-20,SO Issue,AC-1085,-1,EA,C-11-3,SHIPPING,SO-26268,,E030,365.76
IT-001538,2025-10-20,SO Issue,SPRO-1041 ,-200,EA,C-25-5,SHIPPING,SO-26323,,E036,35.35
IT-001061,2025-10-21,SO Issue,SPRO-1002,-10,EA,B-21-3,SHIPPING,SO-26139,,E036,65.84
IT-001723,2025-10-21,SO Issue,AC-1085,-1,EA,F-23-3,SHIPPING,SO-26400,,E037,365.76
IT-001724,2025-10-21,SO Issue,MOUN-1034,-12,EA,E-29-1,SHIPPING,SO-26400,,E026,23.82
IT-000018,2025-10-22,PO Receipt,HEN-243,240,EA,RECEIVING,F-14-5,PO-31009,,E031,22.1
IT-000019,2025-10-22,PO Receipt,KIM-G10,281,BX,RECEIVING,C-36-2,PO-31009,,E029,11.4
IT-000020,2025-10-22,PO Receipt,3M-SF401AF,84,EA,RECEIVING ,F-20-2,PO-31009,,E028,4.05
IT-000021,2025-10-22,PO Receipt,3M-SF401AF,84,EA,RECEIVING,A-37-2,PO-31009,,E037,4.05
IT-001114,2025-10-22,SO Issue,ROLL-1079,-1,EA,F-08-1,SHIPPING,SO-26156,,E038,102.65
IT-001953,2025-10-22,SO Issue,SHEA-1077,-25,EA,B-36-4,SHIPPING ,SO-26486,,E033,67.98
IT-001972,2025-10-22,SO Issue,SHEA-1072,-5,EA,B-35-2,SHIPPING ,SO-26494,,E031,101.96000000000001
IT-000610,2025-10-23,PO Receipt,GEAR-1010,50,EA,RECEIVING,C-06-1,PO-31264,,E033,2784.15
IT-000611 ,"Oct 23, 2025",PO Receipt,GEAR-1010,100,EA,RECEIVING,F-15-2,PO-31264,,E034,2784.15
IT-001528,2025-10-23,SO Issue,SHEA-1082,-1,EA,B-14-4,SHIPPING,SO-26320,,E031,186.61
IT-001647,2025-10-23,SO Issue,TIMI-1020,-6,EA,C-03-2,SHIPPING,SO-26370,,E032,52.03
IT-001845,2025-10-23,SO Issue,SPRO-1061,-1,EA,E-22-1,SHIPPING,SO-26445,,E033,87.28
IT-000734,2025-10-24,SO Issue,SHEA-1049,-1,EA,F-17-1,SHIPPING,SO-26015,,E039,153.4
IT-000867,2025-10-24,SO Issue,ROLL-1026,-3,EA,F-23-3,SHIPPING,SO-26064,,E034,129.92000000000002
IT-001075,2025-10-24,SO Issue,GEAR-1060,-1,EA,A-14-1,SHIPPING,SO-26144,,E028,3102.4300000000003
IT-001125,2025-10-24,SO Issue,ROLL-1044,-1,EA,C-28-3,SHIPPING,SO-26162,,E031,140.68
IT-001976,2025-10-24,SO Issue,GEAR-1010,-5,EA,F-02-3,SHIPPING,SO-26494,,E029,2784.15
IT-000681,2025-10-25,PO Receipt,SHEA-1088,91,EA,RECEIVING,A-34-2,PO-31295,,E039,189.79
IT-000682,2025-10-25,PO Receipt,SHEA-1088,91,EA,RECEIVING,E-16-5,PO-31295,,E038,189.79
IT-000683,10/25/25,PO Receipt,SHEA-1088,10,EA,RECEIVING,F-23-3,PO-31295,,E039,189.79
IT-000684,2025-10-25,PO Receipt,SHEA-1088,91,EA,RECEIVING,A-09-2,PO-31295,,E037,189.79
IT-000035,26-Oct-2025,PO Receipt,ROLL-1026,50,EA,RECEIVING,F-32-1,PO-31016,,E038,129.92000000000002
IT-000036,2025-10-26,PO Receipt,TIMI-1000,10,EA,RECEIVING,C-22-5,PO-31016,,E037,43.53
IT-000037,2025-10-26,PO Receipt,MOUN-1083,138,EA,RECEIVING,B-39-2,PO-31016,,E037,87.77
IT-000038,2025-10-26,PO Receipt,SPRO-1087,167,EA,RECEIVING,C-11-1,PO-31016,,E034,44.550000000000004
IT-000735,2025-10-26,SO Issue,SPRO-1055,-10,EA,A-36-4,SHIPPING,SO-26015,,E034,26.94
IT-000905,2025-10-26,SO Issue,TIMI-1058,-10,EA,A-13-1,SHIPPING,SO-26075,,E030,84.45
IT-001058,2025-10-26,SO Issue,SKF-6205-2RS1,-4,EA,F-23-3,SHIPPING,SO-26139,,E027,3.55
IT-001216,26-Oct-2025,SO Issue,SPRO-1047,-25,EA,C-17-3,SHIPPING,SO-26199,,E029,13.77
IT-001319,2025-10-26,SO Issue,SPRO-1004,-6,EA,F-12-4,SHIPPING,SO-26245,,E032,42.84
IT-001396,2025-10-26,SO Issue,SPRO-1055,-200,EA,B-34-4,SHIPPING,SO-26276,,E030,26.94
IT-001620,"Oct 26, 2025",SO Issue,CONV-1039,-1,EA,B-20-2,SHIPPING,SO-26358,,E039,7046.72
IT-001739,2025-10-26,SO Issue,AC-1057,-3,EA,F-06-1,SHIPPING,SO-26405,,E032,687.08
IT-002005,2025-10-26,SO Issue,AC-1006,-1,EA,E-36-5,SHIPPING,SO-26505,,E029,2130.52
IT-001190,2025-10-27,SO Issue,SHEA-1045,-200,EA,F-12-3,SHIPPING,SO-26191,,E038,47.68
IT-001215 ,2025-10-27,SO Issue,SHEA-1082,-5,EA,A-14-1,SHIPPING ,SO-26199,,E028,186.61
IT-001267,2025-10-27 ,SO Issue,SPRO-1047 ,-100,EA,A-36-4,SHIPPING,SO-26219,,E038,13.77
IT-001725,2025-10-27,SO Issue,MOUN-1083,-1,EA,E-23-5,SHIPPING ,SO-26400,,E027,87.77
IT-001738,2025-10-27,SO Issue,SHEA-1003,-1,EA,D-28-2,SHIPPING,SO-26405,,E032,235.72
IT-002002,10/27/25,SO Issue,GEAR-1016,-5,EA,B-14-4,SHIPPING,SO-26505,,E027,2265.26
IT-000404,2025-10-28,PO Receipt,SHEA-1077,10,EA,RECEIVING,D-02-5,PO-31173,,E031,67.98
IT-000652,2025-10-28,PO Receipt,AC-1057,81,EA,RECEIVING,E-36-3,PO-31282,,E038,687.08
IT-000653,10/28/2025,PO Receipt,TIMI-1056,500,EA,RECEIVING,D-23-4,PO-31282,,E038,17.21
IT-000654,2025-10-28,PO Receipt,MOUN-1018,95,EA,RECEIVING,A-06-1,PO-31282,,E028,109.13
IT-000655,2025-10-28,PO Receipt,AC-1057,81,EA,RECEIVING,D-34-5,PO-31282,,E036,687.08
IT-000750,2025-10-28,SO Issue,ROLL-1053,-2,EA,F-02-3,SHIPPING,SO-26020,,E034,86.10000000000001
IT-000751,2025-10-28,SO Issue,MOUN-1008,-2,EA,B-34-5,SHIPPING,SO-26020,,E030,71.79
IT-001059,28-Oct-2025,SO Issue,SPRO-1050,-10,EA,E-33-2,SHIPPING,SO-26139,,E032,12.85
IT-001076,10/28/25,SO Issue,SHEA-1049,-1,EA,B-24-5,SHIPPING,SO-26144,,E033,153.4
IT-001139,2025-10-28,SO Issue,SPRO-1050,-100,EA,B-24-5,SHIPPING,SO-26169,,E028,12.85
IT-001342,2025-10-28,SO Issue,SHEA-1025,-1,EA,B-26-4,SHIPPING,SO-26256,,E029,153.95000000000002
IT-001525,2025-10-28,SO Issue,SHEA-1082,-1,EA,C-38-3,SHIPPING,SO-26319,,E033,186.61
IT-002004,2025-10-28,SO Issue,GEAR-1060,-1,EA,A-36-4,SHIPPING,SO-26505,,E030,3102.4300000000003
IT-000859,2025-10-29 ,SO Issue,CONV-1023,-2,EA,B-20-3,SHIPPING,SO-26060,,E031,3652.15
IT-000904,2025-10-29,SO Issue,GEAR-1066,-3,EA,E-16-5 ,SHIPPING,SO-26075,,E034,1270.02
IT-001060,10/29/25,SO Issue,MOUN-1083,-200,EA,D-27-4,SHIPPING,SO-26139,,E034,87.77
IT-001191,2025-10-29,SO Issue,CONV-1052,-1,EA,B-04-5,SHIPPING,SO-26191,,E032,2311.6
IT-001214,2025-10-29,SO Issue,TIMI-1017,-10,EA,B-26-4,SHIPPING,SO-26199,,E035,50.69
IT-001532,2025-10-29,SO Issue,SHEA-1007,-1,EA,F-04-4,SHIPPING,SO-26320,,E036,129.94
IT-001750,2025-10-29,SO Issue,GEAR-1016,-1,EA,C-03-2,SHIPPING,SO-26411,,E030,2265.26
IT-001973,2025-10-29,SO Issue,SHEA-1035,-1,EA,C-10-5,SHIPPING,SO-26494,,E034,148.52
IT-000569,2025-10-30,PO Receipt,SPRO-1061,100,EA,RECEIVING ,C-16-1,PO-31246,,E038,87.28
IT-001358,2025-10-30,SO Issue,CONV-1065,-2,EA,D-08-4,SHIPPING,SO-26262,,E033,2903.56
IT-001722,30-Oct-2025,SO Issue,AC-1085,-2,EA,C-11-2,SHIPPING,SO-26399,,E033,365.76
IT-001945,2025-10-30,SO Issue,MOUN-1029,-100,EA,A-37-2,SHIPPING,SO-26481,,E028,86.28
IT-000356,10/31/25,PO Receipt ,SHEA-1025,186,EA,RECEIVING,B-40-3,PO-31151,,E036,153.95000000000002
IT-000357,31-Oct-2025,PO Receipt,MOUN-1083,138,EA,RECEIVING,D-26-3,PO-31151,,E031,87.77
IT-000358,2025-10-31,PO Receipt,SPRO-1087,167,EA,RECEIVING,C-02-5,PO-31151,,E031,44.550000000000004
IT-001393,2025-10-31,SO Issue,GEAR-1060,-3,EA,F-18-5,SHIPPING,SO-26275,,E032,3102.4300000000003
IT-001625,2025-10-31,SO Issue,GEAR-1066,-3,EA,C-17-3,SHIPPING,SO-26360,,E027,1270.02
IT-000840,2025-11-01,SO Issue,CONV-1089,-2,EA,F-23-3,SHIPPING,SO-26053,,E039,5864.59
IT-001011,2025-11-01,SO Issue,SPRO-1004,-2,EA,B-11-2,SHIPPING,SO-26118,,E027,42.84
IT-001526,2025-11-01,SO Issue,MOUN-1018,-1,EA,C-17-4,SHIPPING,SO-26319,,E026,109.13
IT-001910,2025-11-01,SO Issue,GEAR-1084,-1,EA,A-36-4,SHIPPING,SO-26467,,E030,3456.0
IT-000749,2025-11-02,SO Issue,SHEA-1049,-1,EA,F-09-3,SHIPPING,SO-26020,,E030,153.4
IT-000951,2025-11-02,SO Issue,CONV-1013,-1,EA,B-29-2,SHIPPING,SO-26092,,E033,2336.18
IT-001619,2025-11-02,SO Issue,AC-1074,-5,EA,C-40-1,SHIPPING,SO-26358,,E028,1663.14
IT-002012,2025-11-02,SO Issue,DOD-TXT315,-3,EA,C-06-1,SHIPPING,SO-26508,,E027,1180.0
IT-001078,2025-11-03,SO Issue,MOUN-1018,-3,EA,F-01-5,SHIPPING,SO-26144,,E039,109.13
IT-001244,2025-11-03,SO Issue,AC-1033,-2,EA,B-08-3,SHIPPING,SO-26211,,E027,1093.27
IT-001657,"Nov 03, 2025",SO Issue,SPRO-1015,-1,EA,C-40-1,SHIPPING,SO-26375,,E032,74.58
IT-002078,2025-11-03,Adjustment,TIMI-1020,11,EA,C-01-5,E-26-2,,,E032,52.03
IT-000458,2025-11-04,PO Receipt,TIMI-1014,189,EA,RECEIVING,F-37-4,PO-31196,,E030,49.480000000000004
IT-001731,2025-11-04,SO Issue,TIMI-1014,-50,EA,C-03-2,SHIPPING,SO-26402,,E030,49.480000000000004
IT-000604,2025-11-05,PO Receipt,TIMI-1014,10,EA,RECEIVING,C-29-2 ,PO-31260,,E030,49.480000000000004
IT-000605,2025-11-05,PO Receipt,TIMI-1014,189,EA,RECEIVING,E-11-4,PO-31260,,E029,49.480000000000004
IT-000606,2025-11-05,PO Receipt,TIMI-1058,166,EA,RECEIVING,C-12-2,PO-31260,,E034,84.45
IT-000607,2025-11-05,PO Receipt,TIMI-1058,166,EA,RECEIVING,C-17-2,PO-31260,,E028,84.45
IT-001529,2025-11-05,SO Issue,SPRO-1011,-2,EA,C-06-1,SHIPPING,SO-26320,,E038,118.48
IT-002085,2025-11-05,Scrap,GEAR-1067,11,EA,C-24-5,D-34-4,Count,,E034,498.09000000000003
IT-000336,2025-11-06,PO Receipt,SHEA-1025,186,EA,RECEIVING,B-02-2,PO-31142,,E028,153.95000000000002
IT-000337,2025-11-06,PO Receipt ,SHEA-1025,186,EA,RECEIVING,B-27-4,PO-31142,,E026,153.95000000000002
IT-000338,2025-11-06,PO Receipt,TIMI-1000 ,84,EA,RECEIVING,B-40-1,PO-31142,,E039,43.53
IT-001192,"Nov 06, 2025",SO Issue,AC-1074,-2,EA,E-29-1,SHIPPING,SO-26191,,E035,1663.14
IT-001681,2025-11-06,SO Issue,CONV-1022,-1,EA,E-06-5,SHIPPING,SO-26384,,E033,2154.05
IT-000399,2025-11-07,PO Receipt,SPRO-1070,50,EA,RECEIVING,E-31-3 ,PO-31171,,E034,22.96
IT-000748,2025-11-07,SO Issue,CONV-1043,-3,EA,B-21-3,SHIPPING,SO-26020,,E028,1971.53
IT-000752,2025-11-07,SO Issue,SPRO-1076,-1,EA,A-13-1,SHIPPING,SO-26020,,E039,13.24
IT-001253,2025-11-07,SO Issue,GEAR-1016,-1,EA,B-35-2,SHIPPING,SO-26215,,E029,2265.26
IT-000456,2025-11-08,PO Receipt,SPRO-1011,500,EA,RECEIVING,D-07-5,PO-31195,,E027,118.48
IT-000457,2025-11-08,PO Receipt,TIMI-1075,25,EA,RECEIVING,D-25-5,PO-31195,,E028,72.76
IT-000475,2025-11-08,PO Receipt,AC-1074,130,EA,RECEIVING,A-07-5,PO-31204,,E030,1663.14
IT-000476,2025-11-08,PO Receipt,SKF-6205-2RS1,100,EA,RECEIVING,F-32-5,PO-31204,,E035,3.55
IT-000769,2025-11-08,SO Issue,DOD-TXT315,-2,EA,F-17-1,SHIPPING,SO-26026,,E028,1180.0
IT-001254,2025-11-08,SO Issue,GEAR-1060,-1,EA,E-33-2,SHIPPING,SO-26215,,E036,3102.4300000000003
IT-001626 ,2025-11-09,SO Issue,SHEA-1019,-12,EA,B-11-2,SHIPPING,SO-26360,,E034,94.5
IT-000296,2025-11-11,PO Receipt,TIMI-1071,136,EA,RECEIVING,D-09-4,PO-31123,,E027,74.85000000000001
IT-000297,11-Nov-2025,PO Receipt,SHEA-1028,25,EA,RECEIVING,E-08-5,PO-31123,,E034,284.6
IT-000583,2025-11-11,PO Receipt,ROLL-1026,250,EA,RECEIVING,D-05-3,PO-31252,,E038,129.92000000000002
IT-000584,2025-11-11,PO Receipt ,SHEA-1025,186,EA,RECEIVING,E-34-5,PO-31252,,E037,153.95000000000002
IT-000685,2025-11-11,PO Receipt,MOUN-1083,138,EA,RECEIVING,D-38-1,PO-31296,,E027,87.77
IT-000686 ,2025-11-11,PO Receipt,TIMI-1000,84,EA,RECEIVING,B-11-4,PO-31296,,E034,43.53
IT-000687,2025-11-11,PO Receipt,TIMI-1000,25,EA,RECEIVING,B-08-1,PO-31296,,E028,43.53
IT-000688,11/11/25,PO Receipt ,ROLL-1026,39,EA,RECEIVING,F-16-1,PO-31296,,E035,129.92000000000002
IT-000841,2025-11-11,SO Issue,CONV-1023,-1,EA,E-36-5,SHIPPING,SO-26053,,E032,3652.15
IT-001363,2025-11-11,SO Issue,AC-1033,-1,EA,A-36-4,SHIPPING,SO-26266,,E036,1093.27
IT-000815,2025-11-12,SO Issue,SHEA-1088,-5,EA,E-05-1,SHIPPING,SO-26045,,E039,189.79
IT-001527,"Nov 12, 2025",SO Issue,SPRO-1027,-1,EA,C-11-2,SHIPPING,SO-26319,,E028,77.98
IT-001627,2025-11-12,SO Issue,TIMI-1014 ,-100,EA,F-18-5,SHIPPING,SO-26360,,E026,49.480000000000004
IT-001944,2025-11-12,SO Issue,TIMI-1071,-100,EA,D-23-5,SHIPPING,SO-26481,,E028 ,74.85000000000001
IT-001952,2025-11-12,SO Issue,GEAR-1010,-5,EA,B-20-2,SHIPPING,SO-26485,,E038,2784.15
IT-000294,2025-11-13,PO Receipt,SHEA-1038,101,EA,RECEIVING,D-30-2,PO-31122,,E035,295.28000000000003
IT-000295,2025-11-13,PO Receipt,AC-1063,199,EA,RECEIVING,B-07-2,PO-31122,,E034,1677.24
IT-001164,2025-11-13,SO Issue,SHEA-1037,-6,EA,B-36-4,SHIPPING,SO-26182,,E032,99.06
IT-001524,11/14/25,SO Issue,DOD-TXT315,-1,EA,A-29-1,SHIPPING,SO-26319,,E038,1180.0
IT-001680,2025-11-14,SO Issue,GEAR-1067,-3,EA,B-34-5,SHIPPING,SO-26384,,E036,498.09000000000003
IT-000797,2025-11-15,SO Issue,CONV-1046,-3,EA,E-36-5,SHIPPING,SO-26040,,E033,7311.89
IT-001148,2025-11-15,SO Issue,MOUN-1029 ,-200,EA,F-24-2,SHIPPING ,SO-26173,,E031,86.28
IT-001189,2025-11-15,SO Issue,BRI-HHCS-0500-13-200-G8,-1,BX,A-29-1,SHIPPING,SO-26191,,E029,44.75
IT-001281,2025-11-15 ,SO Issue,AC-1086,-1,EA,C-19-1,SHIPPING,SO-26230,,E030,2390.86
IT-001862,2025-11-15,SO Issue,SHEA-1025,-3,EA,F-06-1,SHIPPING,SO-26452,,E031,153.95000000000002
IT-001863,2025-11-15,SO Issue,SHEA-1019 ,-12,EA,B-14-4,SHIPPING ,SO-26452,,E038,94.5
IT-001946,2025-11-15,SO Issue,SHEA-1068,-2,EA,B-24-5,SHIPPING,SO-26481,,E026,180.78
IT-000052,2025-11-16,PO Receipt,AC-1033,250,EA,RECEIVING ,E-22-1,PO-31022,,E036,1093.27
IT-000053,2025-11-16,PO Receipt,AC-1033,71,EA,RECEIVING,B-39-4,PO-31022 ,,E034,1093.27
IT-000054,2025-11-16,PO Receipt,AC-1033 ,142,EA,RECEIVING,C-10-5,PO-31022,,E029,1093.27
IT-000055,2025-11-16,PO Receipt,SPRO-1050,53,EA ,RECEIVING,C-13-3,PO-31022,,E037,12.85
IT-000781,2025-11-16,SO Issue,MOUN-1083,-200,EA,C-10-4,SHIPPING,SO-26030,,E026,87.77
IT-001365,2025-11-16,SO Issue,SPRO-1061,-4,EA,C-06-1,SHIPPING,SO-26266,,E034,87.28
IT-001732,11/16/2025,SO Issue,SHEA-1088,-2,EA,B-20-2,SHIPPING,SO-26402,,E033,189.79
IT-001737,2025-11-16,SO Issue,CONV-1051,-3,EA,A-13-5,SHIPPING,SO-26404,,E034,4147.58
IT-000009,2025-11-17,PO Receipt,HEN-243,100,EA,RECEIVING,B-34-2,PO-31005,,E031,22.1
IT-000010,2025-11-17,PO Receipt,3M-SF401AF,84,EA,RECEIVING,B-12-5,PO-31005,,E030,4.05
IT-000011,17-Nov-2025,PO Receipt,HEN-243,500,EA,RECEIVING,E-15-3,PO-31005,,E030,22.1
IT-001010,2025-11-17,SO Issue,GEAR-1080,-3,EA,F-24-2,SHIPPING,SO-26118,,E032,1484.33
IT-001137,2025-11-17,SO Issue,SHEA-1028,-3,EA,F-09-3,SHIPPING,SO-26169,,E027,284.6
IT-000064,2025-11-18,PO Receipt,SPRO-1015,160,EA,RECEIVING,D-28-3,PO-31026,,E034,74.58
IT-001320,2025-11-18,SO Issue,TIMI-1020,-6,EA,D-17-4,SHIPPING,SO-26245,,E038,52.03
IT-001736,2025-11-18,SO Issue,SPRO-1011,-5,EA,A-18-1,SHIPPING,SO-26404,,E031,118.48
IT-001811,2025-11-18,SO Issue,ROLL-1053,-25,EA,A-36-3,SHIPPING,SO-26434,,E037,86.10000000000001
IT-001812,2025-11-18,SO Issue,MOUN-1008,-10,EA,E-37-4,SHIPPING,SO-26434,,E038,71.79
IT-001909,2025-11-18,SO Issue,CONV-1039,-5,EA,A-10-3,SHIPPING,SO-26467,,E028,7046.72
IT-001990,2025-11-18,SO Issue,SPRO-1041,-6,EA ,C-17-4,SHIPPING,SO-26499,,E032,35.35
IT-000126,19-Nov-2025,PO Receipt,TIMI-1058,166,EA,RECEIVING,E-30-5,PO-31053,,E039,84.45
IT-000127,2025-11-19,PO Receipt,TIMI-1058 ,166,EA,RECEIVING,B-23-4,PO-31053,,E032,84.45
IT-000128,11/19/2025,PO Receipt,TIMI-1014,500,EA,RECEIVING,C-35-5,PO-31053,,E028,49.480000000000004
IT-000129,2025-11-19,PO Receipt ,TIMI-1058,166,EA,RECEIVING,A-08-5,PO-31053,,E029,84.45
IT-000480,2025-11-19,PO Receipt,TIMI-1058,166,EA,RECEIVING,B-32-3,PO-31206,,E027,84.45
IT-000481,2025-11-19,PO Receipt,TIMI-1014,250,EA,RECEIVING,F-31-5,PO-31206,,E026,49.480000000000004
IT-000837,2025-11-19,SO Issue,AC-1086,-3,EA,A-29-1,SHIPPING,SO-26052,,E028,2390.86
IT-001255,2025-11-19,SO Issue,AC-1048,-5,EA,C-10-5,SHIPPING,SO-26215,,E037,1745.47
IT-000814,2025-11-20,SO Issue,CONV-1051 ,-2,EA,E-34-4,SHIPPING,SO-26045,,E031,4147.58
IT-000875,2025-11-20,SO Issue,SHEA-1028,-1,EA,A-31-5,SHIPPING,SO-26066,,E036,284.6
IT-001157,21-Nov-2025,SO Issue,CONV-1052,-5,EA,E-03-1,SHIPPING,SO-26179,,E029,2311.6
IT-001988,2025-11-21,SO Issue,SPRO-1078,-2,EA,C-17-3,SHIPPING,SO-26499,,E033,69.25
IT-000839,2025-11-22,SO Issue,CONV-1022,-1,EA,B-14-4,SHIPPING,SO-26052,,E036,2154.05
IT-001140,22-Nov-2025,SO Issue,AC-1074,-5,EA,F-06-1,SHIPPING,SO-26170,,E028,1663.14
IT-001345,2025-11-22,SO Issue,AC-1048,-5,EA,C-09-4,SHIPPING,SO-26257,,E038,1745.47
IT-000114,2025-11-23,PO Receipt,SPRO-1009,25,EA,RECEIVING,F-22-5,PO-31048,,E037,24.54
IT-000115,2025-11-23,PO Receipt,MOUN-1008,250,EA,RECEIVING,E-21-3,PO-31048,,E033,71.79
IT-000116,2025-11-23,PO Receipt,SHEA-1072,11,EA,RECEIVING,A-30-2,PO-31048,,E029,101.96000000000001
IT-000117,2025-11-23,PO Receipt,SHEA-1064 ,100,EA,RECEIVING,A-12-2,PO-31048,,E037,139.88
IT-000836,2025-11-23,SO Issue,CONV-1013,-1,EA,E-36-5,SHIPPING,SO-26052,,E028,2336.18
IT-001245,2025-11-23,SO Issue,SHEA-1049,-5,EA,A-10-3,SHIPPING,SO-26211,,E030,153.4
IT-001908,2025-11-23,SO Issue,SKF-6308-2Z,-10,EA ,C-10-5,SHIPPING,SO-26467,,E029,10.25
IT-000780,2025-11-24,SO Issue,CONV-1052,-2,EA,E-15-1,SHIPPING,SO-26030,,E028,2311.6
IT-000933,2025-11-24,SO Issue,TIMI-1014,-6,EA,A-18-1,SHIPPING,SO-26084,,E032,49.480000000000004
IT-001864,2025-11-24,SO Issue,AC-1040,-5,EA,E-31-4,SHIPPING,SO-26452,,E031,609.44
IT-001987,2025-11-24,SO Issue,CONV-1065,-3,EA,A-37-2 ,SHIPPING,SO-26499,,E029,2903.56
IT-000796,2025-11-25,SO Issue,ROLL-1021,-4,EA,C-17-4,SHIPPING,SO-26040,,E034,81.74
IT-000813,11/25/25,SO Issue,CONV-1046,-1,EA,F-01-5,SHIPPING,SO-26045,,E033,7311.89
IT-001252,2025-11-25,SO Issue,SHEA-1088,-1,EA,E-26-3,SHIPPING,SO-26215,,E035,189.79
IT-001813,11/25/2025,SO Issue,CONV-1089,-3,EA,B-29-2,SHIPPING,SO-26435,,E030,5864.59
IT-001823,2025-11-25,SO Issue,SHEA-1019,-100,EA,A-22-3,SHIPPING,SO-26438,,E028,94.5
IT-000033,2025-11-26,PO Receipt,MOUN-1018,95,EA,RECEIVING,E-29-1,PO-31015,,E028,109.13
IT-000034,2025-11-26,PO Receipt,MOUN-1018,95,EA,RECEIVING,B-07-5,PO-31015,,E034,109.13
IT-000470,2025-11-26,PO Receipt,AC-1057,81,EA,RECEIVING,E-38-2,PO-31201,,E039,687.08
IT-001123,2025-11-26,SO Issue,TIMI-1058,-12,EA,A-31-5 ,SHIPPING,SO-26161,,E038,84.45
IT-001138,2025-11-26,SO Issue,GEAR-1010,-1,EA,C-11-2,SHIPPING,SO-26169,,E031,2784.15
IT-001163,2025-11-26,SO Issue,TIMI-1056,-10,EA,E-03-1,SHIPPING,SO-26182,,E027,17.21
IT-001594,2025-11-26,SO Issue,SPRO-1011,-2,EA,E-34-4 ,SHIPPING,SO-26349,,E033,118.48
IT-001638,2025-11-26,SO Issue,CONV-1051,-1,EA,F-23-3,SHIPPING,SO-26365,,E034,4147.58
IT-000171,2025-11-27,PO Receipt,SPRO-1061,163,EA,RECEIVING,E-15-4,PO-31071,,E038 ,87.28
IT-000172,2025-11-27,PO Receipt,MOUN-1034,50,EA,RECEIVING,A-36-1,PO-31071,,E039,23.82
IT-000173,2025-11-27,PO Receipt,SPRO-1061,500,EA,RECEIVING,B-33-3,PO-31071,,E030,87.28
IT-000672,2025-11-27,PO Receipt,SHEA-1007,250,EA,RECEIVING,D-05-2,PO-31290,,E029,129.94
IT-000725,2025-11-27,SO Issue,TIMI-1020,-100,EA,E-36-5,SHIPPING,SO-26009,,E034,52.03
IT-000799,2025-11-27,SO Issue,AC-1033,-1,EA,E-06-5,SHIPPING,SO-26040,,E030,1093.27
IT-000852,2025-11-27,SO Issue,MOUN-1062,-3,EA,F-08-1,SHIPPING,SO-26056,,E035,135.75
IT-000920,2025-11-27,SO Issue,ROLL-1053,-100,EA,C-11-3,SHIPPING,SO-26081,,E033,86.10000000000001
IT-000931,2025-11-27,SO Issue,SHEA-1068,-1,EA,E-22-4,SHIPPING,SO-26084,,E039,180.78
IT-001165,2025-11-27,SO Issue,SHEA-1049,-5,EA,C-03-4,SHIPPING,SO-26182,,E039,153.4
IT-001243,2025-11-27,SO Issue,SPRO-1061,-200,EA,A-18-1,SHIPPING,SO-26211,,E038,87.28
IT-001361,2025-11-27 ,SO Issue,CONV-1039,-3,EA,B-14-3,SHIPPING,SO-26265,,E035,7046.72
IT-002037,27-Nov-2025,SO Issue,ROLL-1079,-2,EA,F-08-1,SHIPPING,SO-26517,,E039,102.65
IT-000121,2025-11-28,PO Receipt,SHEA-1088,91,EA,RECEIVING,D-03-3,PO-31050,,E033,189.79
IT-000122,2025-11-28,PO Receipt,SHEA-1088,91,EA,RECEIVING,F-39-5,PO-31050,,E035,189.79
IT-000123,2025-11-28,PO Receipt,SHEA-1088,500,EA,RECEIVING,F-11-4,PO-31050,,E039,189.79
IT-000765,2025-11-28,SO Issue,SPRO-1070,-12,EA,B-26-4,SHIPPING,SO-26025,,E026,22.96
IT-001678,2025-11-28,SO Issue,SPRO-1055,-100,EA,B-26-2,SHIPPING,SO-26384,,E026,26.94
IT-001679,2025-11-28,SO Issue,CONV-1039,-2,EA,B-20-3,SHIPPING,SO-26384,,E030,7046.72
IT-002067,2025-11-28,Cycle Count Adj,SHEA-1038,-3,EA,A-17-1,F-33-2,Bin move,,E039,295.28000000000003
IT-000002,2025-11-29,PO Receipt,TIMI-1014,189,EA,RECEIVING,A-11-5,PO-31002,,E033,49.480000000000004
IT-000473,2025-11-29,PO Receipt,MOUN-1034,35,EA,RECEIVING,B-37-3,PO-31203,,E037,23.82
IT-000474,2025-11-29,PO Receipt,MOUN-1034,35,EA,RECEIVING,C-11-1,PO-31203,,E033,23.82
IT-000625,11/29/2025,PO Receipt,SHEA-1037,130,EA,RECEIVING,C-30-3,PO-31272,,E035,99.06
IT-000724,2025-11-29,SO Issue,MOUN-1031,-25,EA,B-14-2,SHIPPING,SO-26009,,E034,38.78
IT-000838,2025-11-29,SO Issue,GEAR-1060,-5,EA,C-17-4,SHIPPING,SO-26052,,E039,3102.4300000000003
IT-001166,2025-11-29,SO Issue,SHEA-1088,-5,EA,B-08-5,SHIPPING,SO-26182,,E032,189.79
IT-002072,29-Nov-2025,Adjustment,TIMI-1058,-2,EA,E-33-4,F-37-1,Bin move,,E031,84.45
IT-000772,2025-11-30,SO Issue,SHEA-1068,-3,EA,A-36-4,SHIPPING,SO-26027,,E033,180.78
IT-000798,2025-11-30,SO Issue,CONV-1059,-3,EA,D-17-2,SHIPPING,SO-26040,,E031,3693.63
IT-000934,2025-11-30,SO Issue,CONV-1046 ,-3,EA,B-34-4,SHIPPING,SO-26084,,E032,7311.89
IT-001861,2025-11-30,SO Issue,CONV-1013,-1,EA,F-02-3,SHIPPING,SO-26452,,E034,2336.18
IT-001210,2025-12-01,SO Issue,AC-1006,-3,EA,B-04-5,SHIPPING,SO-26198,,E033,2130.52
IT-001989,2025-12-01,SO Issue,SHEA-1025,-3,EA,A-22-3,SHIPPING,SO-26499,,E039,153.95000000000002
IT-000205,2025-12-02,PO Receipt,GEAR-1010,85,EA,RECEIVING,D-21-1,PO-31085,,E039,2784.15
IT-000206,2025-12-02,PO Receipt,ROLL-1012,50,EA,RECEIVING,A-25-4,PO-31085,,E031,47.52
IT-000207,2025-12-02,PO Receipt,GEAR-1010,85,EA,RECEIVING,C-10-4,PO-31085,,E039,2784.15
IT-000332,2025-12-02,PO Receipt,SPRO-1004,177,EA,RECEIVING,F-26-4,PO-31140,,E030,42.84
IT-000333,2025-12-02,PO Receipt,SHEA-1068,105,EA,RECEIVING,B-03-3,PO-31140,,E036,180.78
IT-000930,2025-12-02,SO Issue,CONV-1089,-5,EA,C-17-4,SHIPPING,SO-26084,,E035,5864.59
IT-001052,2025-12-02,SO Issue,ROLL-1012,-4,EA,E-34-4,SHIPPING,SO-26137,,E036,47.52
IT-001364,2025-12-02,SO Issue,CONV-1052,-2,EA,F-08-1,SHIPPING,SO-26266,,E033,2311.6
IT-000766,2025-12-03,SO Issue,TIMI-1000,-200,EA,C-09-4,SHIPPING,SO-26025,,E037,43.53
IT-000767,2025-12-03,SO Issue,CONV-1052,-1,EA,E-22-4,SHIPPING,SO-26025,,E033,2311.6
IT-000773,2025-12-03,SO Issue,TIMI-1058,-1,EA,C-06-1,SHIPPING,SO-26027,,E027,84.45
IT-000779,2025-12-03,SO Issue,SPRO-1087,-200,EA,E-31-4,SHIPPING,SO-26030,,E037,44.550000000000004
IT-000816,2025-12-03,SO Issue,AC-1085,-3,EA,E-08-5,SHIPPING,SO-26045,,E036,365.76
IT-001473,2025-12-03,SO Issue,SPRO-1011 ,-1,EA,F-18-5,SHIPPING,SO-26302,,E038,118.48
IT-001775,2025-12-03,SO Issue,SPRO-1015,-1,EA,A-02-1,SHIPPING,SO-26420,,E029,74.58
IT-000102,2025-12-04,PO Receipt,ULI-S-4123,170,BD,RECEIVING,E-40-5,PO-31043,,E036,31.0
IT-000103,2025-12-04,PO Receipt,AC-1086,10,EA,RECEIVING,B-36-2,PO-31043,,E034,2390.86
IT-000104,2025-12-04,PO Receipt,SPRO-1078,50,EA,RECEIVING,C-37-5,PO-31043,,E026,69.25
IT-000648,2025-12-04,PO Receipt,GEAR-1066,157,EA,RECEIVING,C-10-2,PO-31281,,E039,1270.02
IT-000649,2025-12-04,PO Receipt,BRI-HHCS-0500-13-200-G8,79,BX,RECEIVING,A-17-4,PO-31281,,E031,44.75
IT-000650,2025-12-04,PO Receipt,SPRO-1011,148,EA,RECEIVING,E-37-4,PO-31281,,E035,118.48
IT-000651,2025-12-04,PO Receipt,SPRO-1011,500,EA,RECEIVING,D-32-1,PO-31281,,E030,118.48
IT-000932,2025-12-04,SO Issue,SPRO-1015,-200,EA,B-34-4,SHIPPING,SO-26084,,E029,74.58
IT-001147,2025-12-04,SO Issue,SHEA-1082,-5,EA,A-36-3,SHIPPING,SO-26173 ,,E030,186.61
IT-001366,2025-12-04,SO Issue,ROLL-1079,-3,EA,C-03-4,SHIPPING,SO-26266,,E026,102.65
IT-001474,2025-12-05,SO Issue,SPRO-1041,-100,EA,E-05-1,SHIPPING,SO-26302,,E034,35.35
IT-001735,2025-12-05,SO Issue,SPRO-1078,-12,EA,C-17-4,SHIPPING,SO-26404,,E032,69.25
IT-002048,2025-12-05,Adjustment,AC-1040,12,EA,A-14-4,E-09-4,,,E034,609.44
IT-000795,2025-12-06,SO Issue,SPRO-1027,-50,EA,E-15-1,SHIPPING,SO-26040,,E029,77.98
IT-000921,2025-12-06,SO Issue,GEAR-1066,-3,EA,F-09-3,SHIPPING,SO-26081,,E036,1270.02
IT-001937,12/06/2025,SO Issue,AC-1063,-1,EA,F-34-2,SHIPPING,SO-26478,,E032,1677.24
IT-000299,2025-12-07,PO Receipt,SIG-SF18-80,100,RL,RECEIVING,B-18-4,PO-31125,,E026,24.6
IT-000300,12/07/25,PO Receipt,SIG-SF18-80,131,RL,RECEIVING,C-12-3,PO-31125,,E035,24.6
IT-000956,2025-12-07,SO Issue,CONV-1089,-1,EA,C-03-4,SHIPPING,SO-26096,,E035,5864.59
IT-000990,2025-12-07,SO Issue,AC-1086,-3,EA,F-08-1,SHIPPING,SO-26109,,E037,2390.86
IT-001146,2025-12-07,SO Issue,TIMI-1071,-25,EA,C-10-4,SHIPPING,SO-26173,,E036,74.85000000000001
IT-001362,2025-12-07 ,SO Issue,TIMI-1030,-6,EA,B-08-5,SHIPPING,SO-26265,,E031,66.14
IT-001453,2025-12-07,SO Issue,ROLL-1021,-1,EA,F-04-4,SHIPPING,SO-26295,,E033,81.74
IT-001645,2025-12-07,SO Issue,SPRO-1078,-1,EA,E-26-3,SHIPPING,SO-26368,,E032,69.25
IT-001822,2025-12-07,SO Issue,ROLL-1079,-3,EA,C-11-2,SHIPPING,SO-26438,,E036,102.65
IT-000659,2025-12-08 ,PO Receipt,TIMI-1030,137,EA,RECEIVING,A-25-3,PO-31285,,E034,66.14
IT-000660,2025-12-08,PO Receipt,GEAR-1080,179,EA,RECEIVING,F-27-3 ,PO-31285,,E038,1484.33
IT-000661,2025-12-08,PO Receipt,TIMI-1030,137,EA,RECEIVING,B-11-2,PO-31285,,E029,66.14
IT-000771,2025-12-08,SO Issue,MOUN-1034,-1,EA,F-23-3,SHIPPING,SO-26027,,E034,23.82
IT-001689,2025-12-08,SO Issue,SHEA-1064,-1,EA,C-11-3,SHIPPING,SO-26387,,E026,139.88
IT-001824,2025-12-08,SO Issue,SPRO-1011,-5,EA,B-26-2,SHIPPING,SO-26438,,E027,118.48
IT-001936,2025-12-08,SO Issue,MOUN-1081,-6,EA,E-34-4,SHIPPING,SO-26478,,E030,61.24
IT-000305,2025-12-09,PO Receipt,SPRO-1027,250,EA,RECEIVING,E-12-2,PO-31128,,E029,77.98
IT-000768,2025-12-09,SO Issue,AC-1063,-3,EA,D-17-4,SHIPPING,SO-26025,,E035,1677.24
IT-000937,2025-12-09,SO Issue,CONV-1042,-2,EA,F-17-1,SHIPPING,SO-26087,,E034,5159.58
IT-000991,2025-12-09,SO Issue,AC-1006,-2,EA,E-36-5,SHIPPING,SO-26109,,E026,2130.52
IT-001212,2025-12-09,SO Issue,ROLL-1012,-4,EA,F-02-3,SHIPPING,SO-26198,,E029,47.52
IT-001938,2025-12-09,SO Issue,SHEA-1037,-1,EA,F-08-1,SHIPPING,SO-26478,,E026,99.06
IT-000359,2025-12-10,PO Receipt,GEAR-1060,176,EA,RECEIVING,C-17-2,PO-31152,,E036,3102.4300000000003
IT-000360,2025-12-10,PO Receipt,SHEA-1019,52,EA,RECEIVING,A-12-3,PO-31152,,E027,94.5
IT-000598,2025-12-10,PO Receipt,GEAR-1016,122,EA,RECEIVING,C-36-3,PO-31258,,E033,2265.26
IT-000599,2025-12-10,PO Receipt ,GAT-B62,289,EA,RECEIVING,C-36-3,PO-31258,,E035,12.7
IT-000877,12/10/25,SO Issue,MOUN-1031,-100,EA,E-06-5,SHIPPING,SO-26066,,E028,38.78
IT-001015,2025-12-10,SO Issue ,SHEA-1003,-1,EA,A-31-5,SHIPPING,SO-26121,,E030,235.72
IT-001367,2025-12-10,SO Issue,BRI-HHCS-0500-13-200-G8,-200,BX,B-29-2,SHIPPING,SO-26266,,E034,44.75
IT-001733,2025-12-10,SO Issue,CONV-1013,-5,EA,F-12-3,SHIPPING,SO-26404,,E028,2336.18
IT-002075,2025-12-10,Adjustment,AC-1074,-2,EA,D-03-1,D-39-3,,,E026,1663.14
IT-000450,2025-12-11,PO Receipt,TIMI-1075,250,EA,RECEIVING,A-38-4,PO-31193,,E037,72.76
IT-000451,2025-12-11,PO Receipt,BRI-HHCS-0500-13-200-G8,79,BX,RECEIVING,F-39-2,PO-31193,,E035,44.75
IT-000452,2025-12-11,PO Receipt,AC-1054,168,EA,RECEIVING,E-22-5,PO-31193,,E026,1828.58
IT-000509,2025-12-11,PO Receipt,SHEA-1038,12,EA,RECEIVING,E-12-4,PO-31219,,E027,295.28000000000003
IT-000722,2025-12-11,SO Issue,AC-1054,-5,EA,A-36-3,SHIPPING,SO-26007,,E038,1828.58
IT-000850,2025-12-11,SO Issue,TIMI-1030,-10,EA,E-34-4,SHIPPING,SO-26056,,E036,66.14
IT-001014,2025-12-11,SO Issue,AC-1057,-2,EA,B-31-3,SHIPPING,SO-26121,,E037,687.08
IT-002036,2025-12-11,SO Issue,TIMI-1056,-25,EA,E-26-3,SHIPPING,SO-26517,,E026,17.21
IT-000432,2025-12-12,PO Receipt,SHEA-1068 ,500,EA,RECEIVING,B-38-3,PO-31183,,E030,180.78
IT-000770,2025-12-12,SO Issue,AC-1057,-3,EA,F-06-1,SHIPPING,SO-26027,,E033,687.08
IT-000786,2025-12-12,SO Issue,SKF-6205-2RS1,-10,EA,A-02-1,SHIPPING,SO-26034,,E038,3.55
IT-000851,2025-12-12,SO Issue,GAT-B62,-25,EA,B-26-2,SHIPPING,SO-26056,,E035,12.7
IT-001145,2025-12-12,SO Issue,CONV-1043,-3,EA,F-02-3,SHIPPING,SO-26172,,E036,1971.53
IT-001208,2025-12-12,SO Issue,AC-1054,-1,EA,C-06-1,SHIPPING,SO-26198,,E035 ,1828.58
IT-001687,2025-12-12,SO Issue,GEAR-1066,-3,EA,F-08-1,SHIPPING,SO-26387,,E031,1270.02
IT-001734,2025-12-12,SO Issue,SHEA-1003,-5,EA,A-10-1,SHIPPING,SO-26404,,E032,235.72
IT-000848,2025-12-13,SO Issue,SPRO-1002,-25,EA,C-25-5,SHIPPING,SO-26056,,E026,65.84
IT-001053,2025-12-13,SO Issue,MOUN-1031,-2,EA,B-31-3,SHIPPING,SO-26137,,E037,38.78
IT-001162,13-Dec-2025,SO Issue,CONV-1089,-5,EA,E-22-1,SHIPPING,SO-26181,,E030,5864.59
IT-001571,2025-12-13,SO Issue,SHEA-1064,-1,EA,C-17-4,SHIPPING,SO-26340,,E037,139.88
IT-000720,2025-12-14,SO Issue,SHEA-1035,-3,EA,C-10-4,SHIPPING,SO-26007,,E030,148.52
IT-001027,2025-12-14,SO Issue,GEAR-1066,-1,EA,E-29-1,SHIPPING,SO-26126,,E027 ,1270.02
IT-001290,2025-12-14,SO Issue,SHEA-1037,-200,EA,D-17-4,SHIPPING,SO-26234,,E035,99.06
IT-001593,2025-12-14,SO Issue,TIMI-1071,-10,EA,A-12-2,SHIPPING,SO-26349,,E029,74.85000000000001
IT-001939,2025-12-14,SO Issue,MOUN-1081,-2,EA,B-08-3,SHIPPING,SO-26478,,E034,61.24
IT-002038,2025-12-14,SO Issue,SHEA-1028,-1,EA,A-36-4,SHIPPING,SO-26517,,E038,284.6
IT-000876,2025-12-15,SO Issue,CONV-1046,-5,EA,F-12-4,SHIPPING,SO-26066,,E030,7311.89
IT-001128,2025-12-15,SO Issue,GEAR-1067,-2,EA,C-38-3 ,SHIPPING,SO-26163,,E035,498.09000000000003
IT-001563,2025-12-15 ,SO Issue,SPRO-1061,-1,EA,C-38-3,SHIPPING,SO-26335,,E038,87.28
IT-001600,2025-12-15,SO Issue,SPRO-1061,-50,EA ,F-12-3,SHIPPING,SO-26351,,E039,87.28
IT-001697,2025-12-15,SO Issue,MOUN-1034,-200,EA,B-21-3,SHIPPING,SO-26389,,E027,23.82
IT-002035 ,2025-12-15,SO Issue,CONV-1065,-5,EA,F-12-3,SHIPPING,SO-26517,,E037,2903.56
IT-001562,2025-12-16,SO Issue,SHEA-1077,-4,EA,E-08-5,SHIPPING,SO-26335,,E035,67.98
IT-001609,2025-12-16,SO Issue,CONV-1042,-1,EA,A-23-4,SHIPPING,SO-26353,,E029,5159.58
IT-000405,2025-12-17,PO Receipt,MOUN-1018,95,EA,RECEIVING,F-30-2,PO-31174,,E029,109.13
IT-000406,2025-12-17,PO Receipt,AC-1057,100,EA,RECEIVING,D-08-4,PO-31174,,E026,687.08
IT-000407,2025-12-17,PO Receipt,TIMI-1056,15,EA,RECEIVING,D-29-5,PO-31174,,E033,17.21
IT-000521,2025-12-17,PO Receipt,SPRO-1011,148,EA,RECEIVING,C-06-2,PO-31226,,E027,118.48
IT-001124,2025-12-17,SO Issue,CONV-1039,-1,EA,C-17-4,SHIPPING,SO-26161,,E030,7046.72
IT-001155,12/17/25,SO Issue,SPRO-1027,-25,EA,C-06-1,SHIPPING,SO-26177,,E028,77.98
IT-001601,2025-12-17,SO Issue,AC-1057,-3,EA,A-36-3,SHIPPING,SO-26351,,E039 ,687.08
IT-001919,12/17/25,SO Issue,GEAR-1066,-5,EA,E-16-5,SHIPPING,SO-26470,,E038,1270.02
IT-000737,2025-12-18,SO Issue,TIMI-1017,-50,EA,B-26-4,SHIPPING,SO-26016,,E035,50.69
IT-000849,2025-12-18,SO Issue,ROLL-1044,-3,EA,A-37-2,SHIPPING,SO-26056,,E035,140.68
IT-000878,2025-12-18,SO Issue,GEAR-1016,-2,EA,A-12-2,SHIPPING,SO-26066,,E030,2265.26
IT-000988,2025-12-18,SO Issue,SPRO-1050,-6,EA,B-20-3,SHIPPING,SO-26109,,E027,12.85
IT-001026,2025-12-18,SO Issue,SPRO-1061,-4,EA,A-18-1,SHIPPING,SO-26126,,E035,87.28
IT-001561,2025-12-18,SO Issue,SPRO-1027,-4,EA,B-34-4,SHIPPING,SO-26335,,E036,77.98
IT-001695,2025-12-18,SO Issue,GAT-B62,-50,EA,F-17-1,SHIPPING,SO-26389,,E028,12.7
IT-000863,2025-12-19,SO Issue,SPRO-1041,-6,EA,C-10-4,SHIPPING,SO-26062,,E032,35.35
IT-000912,2025-12-19,SO Issue,CONV-1046,-3,EA,F-06-1,SHIPPING,SO-26078,,E030,7311.89
IT-000989,2025-12-19,SO Issue,SHEA-1035,-3,EA,B-26-2,SHIPPING,SO-26109,,E028,148.52
IT-001054,2025-12-19,SO Issue,GEAR-1060,-1,EA,F-09-3,SHIPPING,SO-26137,,E033,3102.4300000000003
IT-001314,2025-12-19,SO Issue,DOD-TXT315,-5,EA,A-12-2,SHIPPING,SO-26243,,E031,1180.0
IT-001315,2025-12-19,SO Issue,AC-1040,-5,EA,A-29-1,SHIPPING,SO-26244,,E036,609.44
IT-001414,12/19/2025,SO Issue,SHEA-1072,-2,EA,A-37-2,SHIPPING,SO-26281,,E031,101.96000000000001
IT-001914,2025-12-19,SO Issue,TIMI-1071,-50,EA,C-40-1,SHIPPING,SO-26468,,E031,74.85000000000001
IT-001209,2025-12-20,SO Issue,AC-1063,-1,EA,C-38-3,SHIPPING,SO-26198,,E034,1677.24
IT-001688,2025-12-20,SO Issue,TIMI-1030,-50,EA,B-34-5,SHIPPING,SO-26387,,E036,66.14
IT-001694,2025-12-20,SO Issue,CONV-1022,-1,EA,F-18-5,SHIPPING,SO-26389,,E037,2154.05
IT-000935,2025-12-21,SO Issue,SPRO-1087,-12,EA,D-17-2,SHIPPING,SO-26087,,E030,44.550000000000004
IT-001273,2025-12-21,SO Issue,ROLL-1053,-6,EA,B-24-5,SHIPPING,SO-26224,,E031,86.10000000000001
IT-001309,12/21/25,SO Issue,TIMI-1032,-6,EA,C-17-4,SHIPPING,SO-26242,,E036,32.99
IT-001696,2025-12-21,SO Issue,SHEA-1003,-1,EA,B-26-4,SHIPPING,SO-26389,,E027,235.72
IT-001913,2025-12-21,SO Issue,SPRO-1050,-10,EA,E-22-1,SHIPPING,SO-26468,,E026,12.85
IT-000105,2025-12-22,PO Receipt,GEAR-1010,100,EA,RECEIVING,F-20-5,PO-31044,,E033 ,2784.15
IT-000276,2025-12-22,PO Receipt,GEAR-1060,10,EA,RECEIVING,E-20-5,PO-31115,,E035,3102.4300000000003
IT-000277,2025-12-22,PO Receipt,GEAR-1067,100,EA,RECEIVING,D-03-3,PO-31115,,E027,498.09000000000003
IT-000278,2025-12-22,PO Receipt,ROLL-1079,24,EA,RECEIVING,C-07-2,PO-31115,,E032,102.65
IT-000918,2025-12-22,SO Issue,SPRO-1070,-10,EA,C-10-4,SHIPPING,SO-26080,,E032,22.96
IT-000936,12/22/2025,SO Issue,SPRO-1041,-50,EA,E-05-1,SHIPPING,SO-26087,,E038,35.35
IT-001316,"Dec 22, 2025",SO Issue,AC-1048,-3,EA,C-03-2 ,SHIPPING,SO-26244,,E031,1745.47
IT-001608,2025-12-22,SO Issue,SPRO-1027,-200,EA,B-20-3,SHIPPING,SO-26353,,E034,77.98
IT-001698,2025-12-22,SO Issue,MOUN-1081,-1,EA,C-17-4,SHIPPING,SO-26389,,E034,61.24
IT-000252,12/23/2025,PO Receipt ,SHEA-1088,91,EA,RECEIVING,C-07-3,PO-31105,,E029,189.79
IT-000253,2025-12-23,PO Receipt,SPRO-1027,250,EA,RECEIVING,F-20-1,PO-31105,,E038,77.98
IT-000254,23-Dec-2025,PO Receipt,SPRO-1027,183,EA,RECEIVING,E-30-3,PO-31105,,E032,77.98
IT-000592,2025-12-23,PO Receipt,AC-1040,171,EA,RECEIVING,A-18-3,PO-31256,,E028,609.44
IT-000593,2025-12-23,PO Receipt ,AC-1040,500,EA,RECEIVING,F-10-3,PO-31256,,E027,609.44
IT-000874,2025-12-23,SO Issue,AC-1086,-5,EA ,C-40-1,SHIPPING,SO-26066,,E035,2390.86
IT-001154,"Dec 23, 2025",SO Issue,CONV-1013,-3,EA,E-37-4,SHIPPING,SO-26177,,E031,2336.18
IT-001686,2025-12-23,SO Issue,ROLL-1079,-1,EA,A-18-1,SHIPPING,SO-26387,,E030,102.65
IT-000098,2025-12-24,PO Receipt,SPRO-1050,250,EA,RECEIVING,C-01-5,PO-31042,,E037,12.85
IT-000099,2025-12-24,PO Receipt,SPRO-1050,53,EA,RECEIVING,A-24-5,PO-31042,,E028,12.85
IT-000100,2025-12-24,PO Receipt,SPRO-1050,50,EA,RECEIVING,A-27-1,PO-31042,,E034,12.85
IT-000101,2025-12-24,PO Receipt,SPRO-1050,25,EA,RECEIVING,A-28-3,PO-31042,,E033,12.85
IT-000718,2025-12-24,SO Issue,SPRO-1078,-25,EA,A-18-1 ,SHIPPING,SO-26007,,E035,69.25
IT-000793,2025-12-24,SO Issue,AC-1054,-1,EA,F-12-4,SHIPPING,SO-26039,,E031,1828.58
IT-000862,2025-12-24,SO Issue,AC-1054,-3,EA,E-37-4,SHIPPING,SO-26062,,E034,1828.58
IT-001211,2025-12-24,SO Issue,SHEA-1088,-3,EA ,D-14-3,SHIPPING,SO-26198,,E038,189.79
IT-001318,12/24/2025,SO Issue,ROLL-1026,-1,EA,F-04-4,SHIPPING,SO-26244,,E032,129.92000000000002
IT-001408,2025-12-24,SO Issue,TIM-LM11949-LM11910,-6,EA,A-14-1,SHIPPING,SO-26279,,E038,7.6
IT-001454,2025-12-24,SO Issue,CONV-1039,-1,EA,E-34-4,SHIPPING,SO-26295,,E033,7046.72
IT-001915,2025-12-24,SO Issue,TIMI-1075,-200,EA,F-12-4,SHIPPING,SO-26468,,E026,72.76
IT-001122,12/25/2025,SO Issue,DOD-TXT315,-2,EA,D-27-4,SHIPPING,SO-26160,,E038,1180.0
IT-001263 ,2025-12-25,SO Issue,SHEA-1028,-1,EA,C-06-3,SHIPPING,SO-26217,,E039,284.6
IT-001317,12/25/25,SO Issue,AC-1006,-1,EA,B-21-3,SHIPPING,SO-26244,,E031,2130.52
IT-001404,2025-12-25,SO Issue,SHEA-1068,-5,EA,B-29-2,SHIPPING,SO-26279,,E030,180.78
IT-001455,2025-12-25,SO Issue,ROLL-1026,-5,EA,B-26-4,SHIPPING,SO-26295,,E027,129.92000000000002
IT-001546,12/25/25,SO Issue,GEAR-1084,-3,EA,E-06-5,SHIPPING,SO-26327,,E038,3456.0
IT-001572,12/25/2025,SO Issue,SHEA-1038,-1,EA,E-22-1,SHIPPING,SO-26340,,E031,295.28000000000003
IT-001607,2025-12-25,SO Issue,SPRO-1070,-4,EA,F-36-1,SHIPPING,SO-26353,,E026,22.96
IT-002006,25-Dec-2025,SO Issue,SHEA-1025,-1,EA,C-10-5,SHIPPING,SO-26506,,E027,153.95000000000002
IT-000384 ,2025-12-26,PO Receipt,SPRO-1050,100,EA,RECEIVING,A-13-5,PO-31164,,E027,12.85
IT-000385,2025-12-26,PO Receipt,AC-1033,142,EA,RECEIVING,F-22-2,PO-31164,,E027,1093.27
IT-000386,2025-12-26,PO Receipt,AC-1033,142,EA,RECEIVING,D-19-2,PO-31164,,E026,1093.27
IT-001310,2025-12-26,SO Issue,SHEA-1003,-1,EA,E-33-2,SHIPPING,SO-26242,,E028,235.72
IT-001416,12/26/2025,SO Issue,CONV-1051,-2,EA,A-10-1,SHIPPING,SO-26281,,E031,4147.58
IT-001860,2025-12-26,SO Issue,TIM-LM11949-LM11910,-50,EA,F-24-2,SHIPPING,SO-26451,,E028,7.6
IT-000910,2025-12-27,SO Issue,ROLL-1012,-2,EA,D-28-2,SHIPPING,SO-26077,,E026,47.52
IT-001205,"Dec 27, 2025",SO Issue,SPRO-1055,-2,EA,C-03-4,SHIPPING,SO-26195,,E037 ,26.94
IT-001413,2025-12-27,SO Issue,SPRO-1004,-2,EA,F-18-5,SHIPPING,SO-26281,,E032,42.84
IT-002086,2025-12-27,Cycle Count Adj,SPRO-1011,4,EA,F-03-5,B-18-2,Bin move,,E026,118.48
IT-000003,2025-12-28,PO Receipt,ROLL-1012,182,EA,RECEIVING,F-13-5,PO-31003,,E029,47.52
IT-000004,2025-12-28,PO Receipt,GEAR-1010,85,EA,RECEIVING,E-09-2,PO-31003,,E031,2784.15
IT-000005,2025-12-28 ,PO Receipt,ROLL-1044,136,EA,RECEIVING,F-08-1,PO-31003,,E035,140.68
IT-000334,2025-12-28,PO Receipt,SPRO-1027,10,EA,RECEIVING,A-32-4,PO-31141,,E037,77.98
IT-000335,2025-12-28,PO Receipt,SHEA-1037,25,EA,RECEIVING,B-21-3,PO-31141,,E029,99.06
IT-000919,2025-12-28,SO Issue,SKF-6308-2Z,-50,EA,C-17-4,SHIPPING,SO-26080,,E031,10.25
IT-000957,2025-12-28,SO Issue,GEAR-1010,-5,EA,E-31-4,SHIPPING,SO-26096,,E032,2784.15
IT-001126,2025-12-28,SO Issue,AC-1074,-1,EA,D-23-5,SHIPPING,SO-26163,,E032,1663.14
IT-001204,2025-12-28,SO Issue,SHEA-1049,-1,EA,C-10-4,SHIPPING,SO-26195,,E037,153.4
IT-001313,2025-12-28,SO Issue,GEAR-1060,-1,EA,E-08-5,SHIPPING,SO-26243,,E033,3102.4300000000003
IT-001415,2025-12-28,SO Issue,SHEA-1019,-200,EA,B-11-2,SHIPPING,SO-26281,,E028,94.5
IT-001618,2025-12-28,SO Issue,TIMI-1014,-25,EA,C-17-4,SHIPPING,SO-26357,,E039,49.480000000000004
IT-001649,2025-12-28,SO Issue,MOUN-1008,-12,EA,D-17-2,SHIPPING,SO-26371,,E034,71.79
IT-002000,2025-12-28,SO Issue,TIMI-1020,-2,EA,A-12-2,SHIPPING,SO-26504,,E037,52.03
IT-000719,2025-12-29,SO Issue,CONV-1046,-3,EA,C-38-3,SHIPPING,SO-26007,,E032,7311.89
IT-000736,2025-12-29,SO Issue,MOUN-1008,-1,EA,A-37-2,SHIPPING,SO-26016,,E037,71.79
IT-001261,2025-12-29,SO Issue,SHEA-1068,-3,EA,F-08-1,SHIPPING,SO-26217,,E026,180.78
IT-001452,2025-12-29,SO Issue,BRI-HHCS-0500-13-200-G8,-200,BX,C-17-4,SHIPPING,SO-26295,,E032,44.75
IT-001615,2025-12-29,SO Issue,CONV-1023,-1,EA,E-33-2,SHIPPING,SO-26357,,E033,3652.15
IT-001716,2025-12-29,SO Issue,CONV-1043,-1,EA,D-17-2,SHIPPING,SO-26395,,E038,1971.53
IT-000958,2025-12-30,SO Issue,SPRO-1002,-1,EA,C-10-4,SHIPPING,SO-26097,,E034,65.84
IT-001308,2025-12-30,SO Issue,TIMI-1056,-4,EA,C-28-3,SHIPPING,SO-26242,,E039,17.21
IT-001617,2025-12-30,SO Issue,AC-1074,-5,EA,B-34-4,SHIPPING,SO-26357,,E037,1663.14
IT-001918 ,2025-12-30,SO Issue,SPRO-1004,-2,EA,A-02-1,SHIPPING,SO-26470,,E039,42.84
IT-000518,2025-12-31,PO Receipt,MOUN-1008,52,EA,RECEIVING,C-10-2,PO-31224,,E034 ,71.79
IT-000519,2025-12-31,PO Receipt,SHEA-1064,23,EA,RECEIVING,B-17-3,PO-31224,,E032,139.88
IT-000520,2025-12-31,PO Receipt,MOUN-1008,52,EA,RECEIVING,F-31-4,PO-31224,,E030,71.79
IT-001028,2025-12-31,SO Issue,TIMI-1020,-200,EA,E-33-2,SHIPPING,SO-26126,,E037,52.03
IT-001115,2025-12-31,SO Issue,SPRO-1050,-25,EA,C-17-4,SHIPPING,SO-26157,,E039,12.85
IT-001127,2025-12-31,SO Issue,ROLL-1012,-25,EA,A-24-3,SHIPPING,SO-26163,,E037,47.52
IT-001449,2025-12-31,SO Issue,AC-1074,-1,EA,B-08-5,SHIPPING,SO-26293,,E029,1663.14
IT-001570,2025-12-31,SO Issue,GAT-B62,-4,EA,A-18-1,SHIPPING,SO-26339,,E035,12.7
IT-001762,2025-12-31,SO Issue,CONV-1042,-3,EA,C-03-2,SHIPPING,SO-26415,,E030,5159.58
IT-000960,"Jan 01, 2026",SO Issue,MOUN-1029,-200,EA,B-34-4,SHIPPING,SO-26097,,E029,86.28
IT-001042,2026-01-01,SO Issue,GEAR-1010,-1,EA,A-02-1,SHIPPING,SO-26133,,E036,2784.15
IT-001107,2026-01-01,SO Issue,CONV-1059,-3,EA,E-23-5,SHIPPING,SO-26154,,E037,3693.63
IT-001357,2026-01-01,SO Issue,AC-1086,-5,EA,D-17-2,SHIPPING,SO-26261,,E039,2390.86
IT-000045,2026-01-02,PO Receipt,SHEA-1045,169,EA,RECEIVING,D-23-5,PO-31020,,E037,47.68
IT-000046,"Jan 02, 2026",PO Receipt,SHEA-1003,10,EA,RECEIVING,D-27-2,PO-31020,,E037,235.72
IT-000047,2026-01-02,PO Receipt,AC-1048,24,EA,RECEIVING,B-36-2,PO-31020,,E036,1745.47
IT-000439,01/02/2026,PO Receipt,SPRO-1087,10,EA,RECEIVING ,A-27-4,PO-31187,,E039,44.550000000000004
IT-000864,2026-01-02,SO Issue,AC-1086,-1,EA,F-08-1,SHIPPING,SO-26062,,E038,2390.86
IT-001262,2026-01-02,SO Issue,SHEA-1019,-100,EA,D-14-3,SHIPPING,SO-26217,,E034,94.5
IT-001445,2026-01-02,SO Issue,MOUN-1083,-25,EA,D-14-3,SHIPPING,SO-26292,,E031,87.77
IT-001559,2026-01-02,SO Issue,ROLL-1026,-1,EA,A-23-4,SHIPPING,SO-26335,,E030,129.92000000000002
IT-001797,2026-01-02,SO Issue,TIMI-1000,-10,EA,E-06-5,SHIPPING,SO-26429,,E038,43.53
IT-001912,2026-01-02,SO Issue,SPRO-1004,-6,EA,F-18-5,SHIPPING,SO-26468,,E039,42.84
IT-000043,2026-01-03,PO Receipt,ROLL-1021,101,EA,RECEIVING ,E-29-2,PO-31019,,E035,81.74
IT-000044,2026-01-03,PO Receipt,GAT-B62,50,EA,RECEIVING,F-30-2,PO-31019,,E039,12.7
IT-000513,2026-01-03,PO Receipt,SIG-SF18-80,10,RL,RECEIVING,B-01-1,PO-31222,,E031,24.6
IT-000522,2026-01-03,PO Receipt,AC-1033,142,EA,RECEIVING,C-13-1,PO-31227,,E027,1093.27
IT-000523,2026-01-03,PO Receipt,SPRO-1050,53,EA,RECEIVING,F-14-4,PO-31227,,E039,12.85
IT-000721,2026-01-03,SO Issue,SHEA-1072,-3,EA,B-08-5,SHIPPING,SO-26007,,E027,101.96000000000001
IT-001041,2026-01-03,SO Issue,SPRO-1041,-200,EA,E-08-5,SHIPPING,SO-26133,,E039,35.35
IT-001406,2026-01-03,SO Issue,AC-1040,-3,EA,B-26-4,SHIPPING,SO-26279,,E039,609.44
IT-001911,2026-01-03,SO Issue,GEAR-1060,-1,EA,B-20-2,SHIPPING,SO-26468,,E038,3102.4300000000003
IT-000640,01/04/2026,PO Receipt,SPRO-1050,53,EA,RECEIVING,C-39-1,PO-31279,,E035,12.85
IT-000641,2026-01-04,PO Receipt,AC-1033,142,EA,RECEIVING,F-21-3,PO-31279,,E034,1093.27
IT-000642,2026-01-04,PO Receipt,AC-1033,500,EA,RECEIVING,B-19-1,PO-31279,,E035,1093.27
IT-000643,04-Jan-2026,PO Receipt,SPRO-1050,53,EA,RECEIVING,A-18-2,PO-31279,,E037,12.85
IT-000959,2026-01-04,SO Issue,SPRO-1004,-50,EA,F-06-1,SHIPPING,SO-26097,,E027,42.84
IT-001616,2026-01-04,SO Issue,SPRO-1055,-100,EA,B-34-5,SHIPPING,SO-26357,,E036,26.94
IT-001714,2026-01-04,SO Issue,GAT-B62,-200,EA,C-03-4,SHIPPING,SO-26395,,E039,12.7
IT-000137,2026-01-05,PO Receipt,SHEA-1045,50,EA,RECEIVING,A-22-3,PO-31057,,E028,47.68
IT-000138,2026-01-05,PO Receipt,GEAR-1073,77,EA,RECEIVING,D-24-4,PO-31057,,E035,1938.75
IT-000139,2026-01-05,PO Receipt,GEAR-1073,100,EA,RECEIVING,C-31-1,PO-31057,,E035,1938.75
IT-000140,2026-01-05,PO Receipt,AC-1048,24,EA,RECEIVING,E-40-3,PO-31057,,E028,1745.47
IT-000965,"Jan 05, 2026",SO Issue,SHEA-1077,-25,EA,E-23-5,SHIPPING,SO-26099,,E032,67.98
IT-001311,2026-01-06,SO Issue,ROLL-1079,-5,EA,C-06-3,SHIPPING,SO-26242,,E035,102.65
IT-001360,2026-01-06,SO Issue,SPRO-1087,-100,EA,C-03-2,SHIPPING,SO-26264,,E038,44.550000000000004
IT-001715,2026-01-06,SO Issue,SHEA-1007,-1,EA,F-36-1,SHIPPING,SO-26395,,E029,129.94
IT-001851,2026-01-06,SO Issue,TIMI-1075,-50,EA,A-21-2,SHIPPING,SO-26446,,E033,72.76
IT-002077,01/06/2026,Cycle Count Adj,AC-1006,9,EA,F-33-2,D-29-4,,,E037,2130.52
IT-000961,2026-01-07,SO Issue,SPRO-1002,-100,EA,E-23-5,SHIPPING,SO-26098,,E033,65.84
IT-001560,2026-01-07,SO Issue,MOUN-1031,-50,EA,C-11-3,SHIPPING,SO-26335,,E031,38.78
IT-001569,2026-01-07,SO Issue,ROLL-1044,-5,EA,B-20-2,SHIPPING,SO-26339,,E032,140.68
IT-001923,2026-01-07,SO Issue,CONV-1039,-5,EA,E-23-5,SHIPPING,SO-26472,,E035,7046.72
IT-000016,2026-01-08,PO Receipt,ROLL-1021,101,EA,RECEIVING,F-24-5,PO-31008 ,,E038,81.74
IT-000017,2026-01-08,PO Receipt,SHEA-1035,25,EA,RECEIVING,E-10-1,PO-31008,,E028,148.52
IT-001272,2026-01-08,SO Issue,GEAR-1080,-1,EA,B-04-5,SHIPPING,SO-26222,,E038,1484.33
IT-000084,2026-01-09,PO Receipt,SHEA-1003,50,EA,RECEIVING,C-10-2,PO-31034,,E031,235.72
IT-000085,2026-01-09,PO Receipt ,SHEA-1038,101,EA,RECEIVING,E-06-1,PO-31034,,E033,295.28000000000003
IT-000086,2026-01-09,PO Receipt,SHEA-1045,25,EA,RECEIVING,D-01-5,PO-31034,,E038,47.68
IT-000279,2026-01-09,PO Receipt,TIMI-1056,15,EA,RECEIVING,D-04-1,PO-31116,,E037,17.21
IT-000394,2026-01-09,PO Receipt,HEN-243,50,EA,RECEIVING,C-19-3,PO-31169,,E033,22.1
IT-000395,2026-01-09,PO Receipt,3M-SF401AF,84,EA,RECEIVING,A-27-4,PO-31169,,E028,4.05
IT-000743,01/09/26 ,SO Issue,CONV-1013,-1,EA,B-21-3,SHIPPING ,SO-26018 ,,E030,2336.18
IT-000745,2026-01-09,SO Issue,MOUN-1034,-1,EA,C-10-4,SHIPPING,SO-26018,,E029,23.82
IT-000775,2026-01-09,SO Issue,ROLL-1079,-5,EA,B-24-5,SHIPPING,SO-26028,,E028,102.65
IT-001108,2026-01-09,SO Issue,ROLL-1079,-2,EA,C-40-1,SHIPPING,SO-26154,,E026,102.65
IT-001405,2026-01-09,SO Issue,MOUN-1008,-1,EA,B-20-2,SHIPPING,SO-26279,,E026,71.79
IT-001407,2026-01-09,SO Issue,SPRO-1047,-25,EA,B-20-2,SHIPPING,SO-26279,,E032,13.77
IT-001650,2026-01-09,SO Issue,ROLL-1044,-5,EA,A-37-2,SHIPPING,SO-26371,,E035,140.68
IT-001848,2026-01-09,SO Issue,SPRO-1055,-50,EA,F-36-1,SHIPPING,SO-26446,,E029,26.94
IT-001849,2026-01-09,SO Issue,AC-1057,-5,EA,A-29-1,SHIPPING,SO-26446,,E029,687.08
IT-001925,2026-01-09,SO Issue,CONV-1089,-2,EA,E-15-1,SHIPPING,SO-26472,,E026,5864.59
IT-000375,2026-01-10,PO Receipt,AC-1033,25,EA,RECEIVING,E-25-1,PO-31160,,E036,1093.27
IT-000376,2026-01-10,PO Receipt,SPRO-1050,53,EA,RECEIVING,B-02-1,PO-31160,,E028,12.85
IT-000377,2026-01-10,PO Receipt,AC-1033,50,EA,RECEIVING,F-38-1,PO-31160,,E037,1093.27
IT-000408,2026-01-10,PO Receipt,SPRO-1076,141,EA,RECEIVING,B-25-4,PO-31175,,E034,13.24
IT-000409,"Jan 10, 2026",PO Receipt,SKF-6308-2Z,192,EA,RECEIVING,F-36-2,PO-31175,,E030,10.25
IT-000410,2026-01-10,PO Receipt,SPRO-1015,160,EA,RECEIVING,C-05-3,PO-31175,,E037,74.58
IT-000411,2026-01-10,PO Receipt,GEAR-1084,195,EA,RECEIVING,E-21-3,PO-31175,,E035,3456.0
IT-000963,2026-01-10,SO Issue,SKF-6308-2Z,-1,EA,E-36-5,SHIPPING,SO-26098,,E030,10.25
IT-001355,2026-01-10,SO Issue,GEAR-1016,-1,EA,B-08-5,SHIPPING,SO-26261,,E036,2265.26
IT-001359,2026-01-10,SO Issue,MOUN-1031,-50,EA,A-31-5,SHIPPING,SO-26264,,E036,38.78
IT-001522,2026-01-10,SO Issue,CONV-1052,-5,EA,B-35-2,SHIPPING,SO-26318,,E034,2311.6
IT-001926,2026-01-10,SO Issue,SPRO-1087,-50,EA,E-03-1,SHIPPING,SO-26472,,E028,44.550000000000004
IT-000268,2026-01-11,PO Receipt,GEAR-1080,179,EA,RECEIVING,B-17-1,PO-31112,,E034,1484.33
IT-000269,2026-01-11,PO Receipt,TIMI-1030,137,EA,RECEIVING,C-01-3,PO-31112,,E032,66.14
IT-000270,2026-01-11,PO Receipt,GEAR-1080,500,EA,RECEIVING,F-04-1,PO-31112,,E028,1484.33
IT-000428,2026-01-11,PO Receipt,KIM-G10,100,BX,RECEIVING,B-04-2,PO-31182,,E028,11.4
IT-000429,2026-01-11,PO Receipt,HEN-243,240,EA,RECEIVING,C-12-2,PO-31182,,E027,22.1
IT-000430,2026-01-11,PO Receipt,KIM-G10,50,BX,RECEIVING,E-13-1,PO-31182,,E034,11.4
IT-000431,2026-01-11,PO Receipt,3M-SF401AF,84,EA,RECEIVING,F-40-5,PO-31182,,E030,4.05
IT-000966,2026-01-11,SO Issue,TIMI-1032,-50,EA,F-36-1,SHIPPING,SO-26099,,E032,32.99
IT-001327,2026-01-11,SO Issue ,CONV-1059,-1,EA,F-18-5,SHIPPING,SO-26250,,E030,3693.63
IT-001356,2026-01-11,SO Issue,SPRO-1087,-12,EA,D-08-4,SHIPPING,SO-26261 ,,E038,44.550000000000004
IT-001924,11-Jan-2026,SO Issue,MOUN-1018 ,-1,EA,E-22-4,SHIPPING,SO-26472,,E036 ,109.13
IT-000118,2026-01-12,PO Receipt,TIMI-1071,136,EA,RECEIVING,D-28-3,PO-31049,,E038,74.85000000000001
IT-000119,2026-01-12,PO Receipt,TIMI-1071,136,EA,RECEIVING ,C-25-1,PO-31049,,E035,74.85000000000001
IT-000120,2026-01-12,PO Receipt,SHEA-1028,22,EA,RECEIVING,E-21-3,PO-31049,,E026,284.6
IT-000901,2026-01-12,SO Issue,CONV-1039,-3,EA,F-12-4,SHIPPING,SO-26074,,E039,7046.72
IT-000962,2026-01-12,SO Issue,AC-1057,-3,EA,C-38-3,SHIPPING,SO-26098,,E027,687.08
IT-000964,2026-01-12,SO Issue,SPRO-1076,-100,EA,B-26-2,SHIPPING,SO-26098,,E032,13.24
IT-001067,2026-01-12,SO Issue,SHEA-1068,-2,EA,C-06-3,SHIPPING,SO-26140,,E038,180.78
IT-001850,2026-01-12,SO Issue,TIMI-1000,-6,EA,C-11-3,SHIPPING,SO-26446,,E038,43.53
IT-000146,2026-01-13,PO Receipt,MOUN-1034,35,EA,RECEIVING,E-30-3,PO-31061,,E031,23.82
IT-000147,2026-01-13,PO Receipt,AC-1057,81,EA,RECEIVING,B-15-1,PO-31061,,E028,687.08
IT-000794,2026-01-13,SO Issue,AC-1040,-5,EA,C-10-4,SHIPPING,SO-26039,,E033,609.44
IT-000911,2026-01-13,SO Issue,MOUN-1083,-2,EA,E-34-4,SHIPPING,SO-26078,,E036,87.77
IT-001298,2026-01-13,SO Issue,SPRO-1055,-1,EA,C-11-2,SHIPPING,SO-26238,,E034,26.94
IT-001753,2026-01-13,SO Issue,SPRO-1070,-12,EA,C-03-4,SHIPPING,SO-26413,,E039,22.96
IT-001354,01/14/26,SO Issue,CONV-1059,-5,EA,F-06-1,SHIPPING,SO-26261,,E039,3693.63
IT-001547,2026-01-14,SO Issue,SHEA-1049,-5,EA,C-11-2,SHIPPING,SO-26327,,E036,153.4
IT-000065,2026-01-15,PO Receipt,SHEA-1068,105,EA,RECEIVING,C-30-2,PO-31027,,E036,180.78
IT-000066,2026-01-15,PO Receipt,SHEA-1068,105,EA,RECEIVING,A-13-1,PO-31027,,E034,180.78
IT-000067,15-Jan-2026,PO Receipt,SHEA-1049,500,EA,RECEIVING,D-38-4,PO-31027,,E028,153.4
IT-001201,2026-01-15,SO Issue,AC-1074,-3,EA ,C-40-1,SHIPPING,SO-26195,,E035,1663.14
IT-001409,2026-01-15,SO Issue,TIMI-1075,-4,EA,F-08-1,SHIPPING,SO-26280,,E037,72.76
IT-001520,2026-01-15,SO Issue,AC-1063,-2,EA,B-14-2,SHIPPING,SO-26317,,E039,1677.24
IT-000571,2026-01-16,PO Receipt,SPRO-1002,132,EA,RECEIVING,B-25-2,PO-31248,,E034,65.84
IT-000572,2026-01-16,PO Receipt,SIG-SF18-80,131,RL,RECEIVING,B-11-4,PO-31248,,E039,24.6
IT-000573,2026-01-16,PO Receipt,ROLL-1053,109,EA,RECEIVING,C-23-2,PO-31248,,E033,86.10000000000001
IT-000578,2026-01-16,PO Receipt,MOUN-1008,52,EA,RECEIVING,D-32-5,PO-31250,,E032,71.79
IT-000579,2026-01-16,PO Receipt,SHEA-1072,11,EA,RECEIVING,E-17-5 ,PO-31250,,E038,101.96000000000001
IT-001012,2026-01-16,SO Issue,MOUN-1034,-4,EA,C-40-1,SHIPPING,SO-26119,,E027,23.82
IT-001149,2026-01-16,SO Issue,SHEA-1068,-3,EA,A-12-2,SHIPPING,SO-26174,,E039,180.78
IT-001299,2026-01-16,SO Issue,CONV-1039,-2,EA,A-12-2,SHIPPING,SO-26238,,E033,7046.72
IT-001312,2026-01-16,SO Issue,MOUN-1034,-12,EA,B-08-3,SHIPPING,SO-26243,,E026,23.82
IT-001447,2026-01-16,SO Issue ,MOUN-1008,-12,EA,A-14-1,SHIPPING,SO-26293,,E039,71.79
IT-001550,2026-01-16,SO Issue,SPRO-1078,-12,EA,D-27-4,SHIPPING,SO-26327,,E028,69.25
IT-001713,2026-01-16,SO Issue,CONV-1089,-2,EA,E-15-1,SHIPPING,SO-26395,,E033,5864.59
IT-001756,2026-01-16,SO Issue,CONV-1023,-3,EA,A-36-4,SHIPPING,SO-26413,,E039 ,3652.15
IT-000191,2026-01-17,PO Receipt,GAT-B62,289,EA,RECEIVING,E-16-5,PO-31079,,E036,12.7
IT-000192,2026-01-17,PO Receipt,SHEA-1035,193,EA,RECEIVING,E-10-4,PO-31079,,E033,148.52
IT-000193,2026-01-17,PO Receipt,GAT-B62,500,EA,RECEIVING,C-16-1,PO-31079,,E035,12.7
IT-000194,2026-01-17,PO Receipt,GEAR-1016,122,EA,RECEIVING,E-35-5,PO-31079,,E034,2265.26
IT-000784,2026-01-17,SO Issue,SPRO-1070,-10,EA,A-36-4,SHIPPING,SO-26033,,E034,22.96
IT-000790,2026-01-17,SO Issue,TIMI-1000,-100,EA,B-21-3,SHIPPING,SO-26037,,E034,43.53
IT-001037 ,2026-01-17 ,SO Issue,SPRO-1070,-200,EA,F-23-3,SHIPPING,SO-26130,,E032,22.96
IT-001549,2026-01-17,SO Issue,AC-1048,-1,EA,A-22-3,SHIPPING,SO-26327,,E037,1745.47
IT-001659,2026-01-17,SO Issue,MOUN-1083,-4,EA,E-23-5,SHIPPING,SO-26376,,E039,87.77
IT-001007,01/18/2026,SO Issue,ROLL-1079,-2,EA,E-23-5,SHIPPING,SO-26117,,E035,102.65
IT-001008,"Jan 18, 2026",SO Issue,GEAR-1073,-3,EA,C-40-1,SHIPPING,SO-26117,,E035,1938.75
IT-001009,2026-01-18,SO Issue,TIMI-1017,-200,EA,F-17-1,SHIPPING,SO-26117,,E028,50.69
IT-001063,2026-01-18 ,SO Issue,AC-1057,-1,EA,A-10-3,SHIPPING,SO-26140,,E031,687.08
IT-001202,2026-01-18,SO Issue,SPRO-1050,-10,EA,B-20-2,SHIPPING,SO-26195,,E033,12.85
IT-001411,2026-01-18,SO Issue,ROLL-1044,-1,EA,F-24-2,SHIPPING,SO-26280,,E037,140.68
IT-001763,2026-01-18,SO Issue,CONV-1052,-1,EA,C-19-1,SHIPPING,SO-26416,,E029,2311.6
IT-001446,2026-01-19,SO Issue,SPRO-1002,-6,EA,D-17-2,SHIPPING,SO-26293,,E031,65.84
IT-001066,2026-01-20,SO Issue,CONV-1043,-2,EA,A-13-1,SHIPPING,SO-26140,,E032,1971.53
IT-001097,2026-01-20,SO Issue,TIMI-1014,-1,EA,A-13-5,SHIPPING,SO-26150,,E035,49.480000000000004
IT-001353,2026-01-20,SO Issue,SHEA-1045,-25,EA,E-34-4,SHIPPING,SO-26261,,E033,47.68
IT-001798,2026-01-20,SO Issue,SKF-6205-2RS1,-200,EA,C-11-2,SHIPPING,SO-26429,,E027,3.55
IT-001847,2026-01-20,SO Issue,AC-1040,-1,EA,B-20-3,SHIPPING,SO-26446,,E039,609.44
IT-002007,2026-01-20,SO Issue,SHEA-1019,-12,EA,B-36-4,SHIPPING,SO-26506,,E037,94.5
IT-000559,2026-01-21,PO Receipt,TIM-LM11949-LM11910,338,EA,RECEIVING,A-21-5,PO-31242,,E029,7.6
IT-000560,2026-01-21,PO Receipt,SKF-6308-2Z,192,EA,RECEIVING,C-21-2,PO-31242,,E032,10.25
IT-000561,2026-01-21,PO Receipt,GEAR-1084 ,195,EA,RECEIVING,F-03-4,PO-31242,,E032,3456.0
IT-000774,2026-01-21,SO Issue,TIMI-1030,-6,EA,E-31-4,SHIPPING,SO-26028,,E037,66.14
IT-000788,2026-01-21,SO Issue,TIMI-1058,-4,EA,A-21-2,SHIPPING,SO-26036,,E032,84.45
IT-001159,2026-01-21,SO Issue,AC-1057,-2,EA,E-03-1,SHIPPING,SO-26180,,E031,687.08
IT-001448,2026-01-21,SO Issue,SPRO-1061,-1,EA ,B-34-5,SHIPPING,SO-26293,,E039,87.28
IT-001548,21-Jan-2026,SO Issue,TIMI-1075,-100,EA,F-34-2,SHIPPING,SO-26327,,E029,72.76
IT-001652,2026-01-21,SO Issue,SPRO-1087,-100,EA,A-23-4,SHIPPING,SO-26372,,E039,44.550000000000004
IT-002001,2026-01-21,SO Issue ,TIMI-1000,-25,EA,C-06-3,SHIPPING,SO-26504,,E030,43.53
IT-000902,2026-01-22,SO Issue,SHEA-1003,-3,EA,F-06-1,SHIPPING,SO-26074,,E033,235.72
IT-001203,2026-01-22,SO Issue,MOUN-1008,-200,EA ,B-29-2,SHIPPING,SO-26195,,E029,71.79
IT-001438,2026-01-22,SO Issue,GEAR-1084,-1,EA,D-14-3,SHIPPING,SO-26289,,E030,3456.0
IT-001800,2026-01-22,SO Issue,MOUN-1083,-100,EA,C-03-4 ,SHIPPING,SO-26430,,E038,87.77
IT-000151,2026-01-23,PO Receipt,SPRO-1002,25,EA,RECEIVING,A-03-3,PO-31064,,E027,65.84
IT-000152,2026-01-23,PO Receipt,SPRO-1078,13,EA,RECEIVING,A-20-5,PO-31064,,E032,69.25
IT-000153,2026-01-23,PO Receipt,ROLL-1053,109,EA,RECEIVING,E-30-1,PO-31064,,E033,86.10000000000001
IT-000154,01/23/26,PO Receipt,SPRO-1078,50,EA,RECEIVING,C-10-4,PO-31064,,E036,69.25
IT-001040,2026-01-23,SO Issue,SPRO-1002,-25,EA,F-18-5,SHIPPING,SO-26132,,E031,65.84
IT-001065,2026-01-23,SO Issue,AC-1033,-3,EA,E-15-1,SHIPPING,SO-26140,,E030,1093.27
IT-000111,2026-01-24,PO Receipt,SKF-6205-2RS1,25,EA,RECEIVING ,A-12-5,PO-31047,,E032,3.55
IT-000112,2026-01-24,PO Receipt,DOD-TXT315,215,EA,RECEIVING,F-05-3,PO-31047,,E036,1180.0
IT-000113,2026-01-24,PO Receipt,DOD-TXT315,500,EA,RECEIVING,F-16-4,PO-31047,,E036,1180.0
IT-001098,2026-01-24,SO Issue,GAT-B62,-12,EA,A-22-3,SHIPPING,SO-26150,,E039,12.7
IT-001131,2026-01-24,SO Issue,AC-1048,-5,EA,F-18-5,SHIPPING,SO-26165,,E028,1745.47
IT-001302,2026-01-24,SO Issue,CONV-1051,-5,EA,B-08-5,SHIPPING,SO-26240,,E032,4147.58
IT-001412,2026-01-24,SO Issue,ROLL-1044,-3,EA,F-36-1,SHIPPING,SO-26280,,E036,140.68
IT-001512,24-Jan-2026,SO Issue,SPRO-1076,-1,EA,A-12-2,SHIPPING,SO-26315,,E039,13.24
IT-001764,01/24/26,SO Issue,BRI-HHCS-0500-13-200-G8,-25,BX,B-14-4,SHIPPING,SO-26416,,E035,44.75
IT-000777,2026-01-25,SO Issue,MOUN-1008,-10,EA,A-13-5,SHIPPING,SO-26028,,E032,71.79
IT-001755,2026-01-25,SO Issue,ROLL-1026,-1,EA,D-28-2,SHIPPING,SO-26413,,E034,129.92000000000002
IT-001410,2026-01-26,SO Issue,TIMI-1032,-6,EA,F-17-1,SHIPPING,SO-26280,,E036,32.99
IT-001511,2026-01-26,SO Issue,TIMI-1014,-1,EA,A-36-4,SHIPPING,SO-26315,,E027,49.480000000000004
IT-001643,01/26/2026,SO Issue,SHEA-1082,-2,EA,A-13-1,SHIPPING,SO-26367,,E029,186.61
IT-001712,2026-01-26,SO Issue,SKF-6308-2Z,-4,EA,F-18-5,SHIPPING,SO-26394,,E031,10.25
IT-002054,2026-01-26,Adjustment,GEAR-1067,8,EA,A-26-1,B-15-3,Damage,,E026,498.09000000000003
IT-000477,2026-01-27,PO Receipt,HEN-243,240,EA,RECEIVING,B-26-4,PO-31205,,E036,22.1
IT-000478,2026-01-27,PO Receipt,KIM-G10,281,BX,RECEIVING,E-30-3,PO-31205,,E026,11.4
IT-000479,2026-01-27,PO Receipt,3M-SF401AF,42,EA,RECEIVING,C-11-2,PO-31205,,E039,4.05
IT-000562,2026-01-27,PO Receipt,KIM-G10,25,BX,RECEIVING,D-11-2,PO-31243,,E034,11.4
IT-000563,2026-01-27,PO Receipt,3M-SF401AF,10,EA,RECEIVING,F-31-2,PO-31243,,E035,4.05
IT-000564,2026-01-27,PO Receipt,3M-SF401AF,84,EA,RECEIVING,E-08-3,PO-31243,,E031,4.05
IT-000789,2026-01-27,SO Issue,GEAR-1010,-1,EA,C-28-3,SHIPPING,SO-26036,,E039,2784.15
IT-000791,2026-01-27,SO Issue,SHEA-1007,-2,EA,A-14-1,SHIPPING,SO-26037,,E031,129.94
IT-001651,"Jan 27, 2026",SO Issue,SPRO-1047,-2,EA,B-26-2,SHIPPING,SO-26372,,E034,13.77
IT-001705,2026-01-27,SO Issue,CONV-1051,-2,EA,E-16-5,SHIPPING,SO-26392,,E026,4147.58
IT-000510,2026-01-28,PO Receipt,AC-1057,10,EA,RECEIVING,C-07-4,PO-31221,,E038,687.08
IT-000511,"Jan 28, 2026",PO Receipt,TIMI-1056,25,EA,RECEIVING,B-20-4,PO-31221,,E039,17.21
IT-000512,2026-01-28,PO Receipt,MOUN-1034,35,EA,RECEIVING,D-02-5,PO-31221,,E032,23.82
IT-001437,2026-01-28,SO Issue,SPRO-1041,-1,EA,B-08-5,SHIPPING,SO-26289,,E030,35.35
IT-001514,2026-01-28,SO Issue,MOUN-1062,-3,EA,A-02-1,SHIPPING,SO-26315,,E034,135.75
IT-001642,2026-01-28,SO Issue,CONV-1065,-5,EA,E-08-5,SHIPPING,SO-26367,,E037,2903.56
IT-000328,2026-01-29,PO Receipt,ROLL-1012,182,EA,RECEIVING,F-10-3,PO-31139,,E036,47.52
IT-000329,2026-01-29,PO Receipt,SHEA-1077,28,EA,RECEIVING ,E-30-2,PO-31139,,E035,67.98
IT-000330,2026-01-29,PO Receipt,TIMI-1017,500,EA,RECEIVING,D-29-5,PO-31139,,E035,50.69
IT-000331,2026-01-29,PO Receipt,ROLL-1012,10,EA ,RECEIVING,E-12-1,PO-31139,,E028,47.52
IT-000379,2026-01-29,PO Receipt,AC-1033,142,EA,RECEIVING,E-25-5,PO-31162,,E027,1093.27
IT-000380,2026-01-29,PO Receipt,AC-1033,142,EA,RECEIVING,F-12-1,PO-31162,,E032,1093.27
IT-000381,2026-01-29,PO Receipt,SPRO-1050,53,EA,RECEIVING,A-21-5 ,PO-31162,,E032,12.85
IT-000608 ,2026-01-29,PO Receipt,GAT-B62,100,EA,RECEIVING,E-39-3,PO-31261,,E037,12.7
IT-001235,2026-01-29,SO Issue,CONV-1052,-1,EA,C-03-4,SHIPPING,SO-26208,,E034,2311.6
IT-001304,2026-01-29,SO Issue,ROLL-1044,-3,EA,B-14-4,SHIPPING,SO-26240,,E031,140.68
IT-001523,29-Jan-2026,SO Issue,TIMI-1075,-25,EA ,E-31-4,SHIPPING,SO-26318,,E030,72.76
IT-001667,2026-01-29,SO Issue,SPRO-1047,-200,EA,E-15-1,SHIPPING ,SO-26378,,E034,13.77
IT-001799,2026-01-29,SO Issue,SHEA-1077,-6,EA,C-10-5,SHIPPING,SO-26430,,E035,67.98
IT-001958,2026-01-29,SO Issue,SPRO-1009,-2,EA,B-26-4,SHIPPING,SO-26488,,E029,24.54
IT-000442,30-Jan-2026,PO Receipt,MOUN-1081,10,EA,RECEIVING,A-24-5,PO-31190,,E026,61.24
IT-000443,2026-01-30,PO Receipt,SPRO-1004,177,EA,RECEIVING,E-13-2,PO-31190,,E036,42.84
IT-001064,2026-01-30,SO Issue,SHEA-1003,-3,EA,C-17-4,SHIPPING,SO-26140,,E036,235.72
IT-001158,30-Jan-2026,SO Issue,GEAR-1060,-5,EA,B-31-3,SHIPPING,SO-26180,,E032,3102.4300000000003
IT-001160,2026-01-30 ,SO Issue,TIMI-1058,-50,EA,A-24-3,SHIPPING,SO-26180,,E034,84.45
IT-000972,2026-01-31,SO Issue,SPRO-1069,-1,EA,F-09-3,SHIPPING,SO-26101,,E030,115.11
IT-001513,2026-01-31,SO Issue,SKF-6205-2RS1,-50,EA,C-10-4,SHIPPING,SO-26315,,E028,3.55
IT-001521,2026-01-31,SO Issue,BRI-HHCS-0500-13-200-G8,-6,BX,B-14-4,SHIPPING,SO-26318,,E037,44.75
IT-001644,2026-01-31,SO Issue,ROLL-1026,-5,EA,F-06-1,SHIPPING,SO-26367,,E032,129.92000000000002
IT-001754,2026-01-31,SO Issue,CONV-1065,-3,EA,E-37-4,SHIPPING,SO-26413,,E031,2903.56
IT-000600,2026-02-01,PO Receipt,GEAR-1010,85,EA,RECEIVING,E-35-2,PO-31259,,E033,2784.15
IT-000601,2026-02-01,PO Receipt,ROLL-1012,250,EA,RECEIVING,F-18-2,PO-31259,,E026,47.52
IT-000602,2026-02-01,PO Receipt,SHEA-1077,28,EA,RECEIVING,E-01-1 ,PO-31259,,E037,67.98
IT-000603,2026-02-01,PO Receipt ,ROLL-1044,50,EA,RECEIVING,A-07-2,PO-31259,,E035,140.68
IT-000776,2026-02-01,SO Issue,AC-1085,-1,EA,C-38-3,SHIPPING,SO-26028,,E036,365.76
IT-001035,2026-02-01,SO Issue,AC-1085,-2,EA,A-13-5,SHIPPING,SO-26130,,E031,365.76
IT-001036,2026-02-01,SO Issue,MOUN-1029,-12,EA,E-26-3,SHIPPING,SO-26130,,E035 ,86.28
IT-001303,2026-02-01,SO Issue,MOUN-1008,-1,EA,A-22-3,SHIPPING,SO-26240,,E027,71.79
IT-001518,2026-02-01,SO Issue,MOUN-1034,-2,EA,A-36-4,SHIPPING,SO-26317,,E036,23.82
IT-001658,2026-02-01,SO Issue,TIMI-1032,-50,EA,A-18-1,SHIPPING,SO-26376,,E027,32.99
IT-001751,2026-02-01,SO Issue,AC-1040,-1,EA ,C-06-1,SHIPPING,SO-26412,,E030,609.44
IT-000271,2026-02-02,PO Receipt,SPRO-1070,144,EA,RECEIVING,B-34-1,PO-31113,,E030,22.96
IT-000272,2026-02-02,PO Receipt,SPRO-1070,10,EA,RECEIVING,E-04-2,PO-31113,,E029,22.96
IT-000273,2026-02-02,PO Receipt,SPRO-1055,38,EA,RECEIVING,C-06-3,PO-31113,,E034,26.94
IT-001801,"Feb 02, 2026",SO Issue,SHEA-1028,-5,EA,A-13-1,SHIPPING,SO-26430,,E027,284.6
IT-002065,2026-02-02 ,Transfer,TIMI-1058,-5,EA ,E-31-4,B-28-5,Count,,E032,84.45
IT-001069,2026-02-03,SO Issue,CONV-1022,-1,EA,A-14-1,SHIPPING,SO-26141,,E028,2154.05
IT-001161,2026-02-03,SO Issue,MOUN-1008,-50,EA,C-40-1,SHIPPING,SO-26180,,E026,71.79
IT-001664,2026-02-03,SO Issue,AC-1085,-3,EA,A-36-4,SHIPPING,SO-26378,,E031,365.76
IT-001995,2026-02-03,SO Issue,SHEA-1045,-1,EA,C-30-4,SHIPPING,SO-26501,,E034,47.68
IT-000226,2026-02-04,PO Receipt,SPRO-1070,144,EA,RECEIVING,E-12-2,PO-31095,,E035,22.96
IT-000227 ,2026-02-04,PO Receipt,SPRO-1055,50,EA,RECEIVING,B-36-3,PO-31095,,E027,26.94
IT-000228,2026-02-04,PO Receipt,SPRO-1055,25,EA,RECEIVING ,A-07-5,PO-31095,,E032,26.94
IT-001436,2026-02-04,SO Issue,AC-1063,-3,EA,A-31-5,SHIPPING,SO-26289,,E033,1677.24
IT-001451,2026-02-04,SO Issue,SHEA-1068,-1,EA,B-11-2,SHIPPING,SO-26294,,E036,180.78
IT-001993,2026-02-04,SO Issue,TIMI-1020,-25,EA,E-31-4,SHIPPING,SO-26501,,E036,52.03
IT-000416,2026-02-05,PO Receipt,TIMI-1056,15,EA,RECEIVING,D-25-4,PO-31178,,E037,17.21
IT-000417,2026-02-05,PO Receipt,SPRO-1061,163,EA,RECEIVING,F-06-5,PO-31178,,E037,87.28
IT-000418,2026-02-05,PO Receipt,MOUN-1034,35,EA,RECEIVING,F-34-4,PO-31178,,E029,23.82
IT-000419,2026-02-05,PO Receipt,TIMI-1056,15,EA,RECEIVING,E-38-3,PO-31178,,E028,17.21
IT-000861,2026-02-05,SO Issue,SPRO-1087,-1,EA,C-03-2,SHIPPING,SO-26061,,E031,44.550000000000004
IT-001265,2026-02-05,SO Issue,ROLL-1053 ,-10,EA,C-28-3,SHIPPING,SO-26218,,E036,86.10000000000001
IT-001665,2026-02-05,SO Issue,AC-1063,-1,EA,C-06-1,SHIPPING,SO-26378,,E037,1677.24
IT-002083,2026-02-05,Adjustment,SPRO-1078,-2,EA,B-19-4,D-02-5,,,E038,69.25
IT-000744,2026-02-06,SO Issue,ROLL-1044,-3,EA,C-17-4,SHIPPING,SO-26018,,E036 ,140.68
IT-000785,06-Feb-2026 ,SO Issue,SHEA-1028,-2,EA,B-24-5,SHIPPING ,SO-26033,,E035,284.6
IT-001519,"Feb 06, 2026",SO Issue,SPRO-1015,-4,EA,F-04-4,SHIPPING,SO-26317,,E026,74.58
IT-001710,2026-02-06,SO Issue,SHEA-1035,-1,EA ,D-28-2,SHIPPING,SO-26394,,E038,148.52
IT-001711,2026-02-06,SO Issue,CONV-1043,-1,EA,A-36-3,SHIPPING,SO-26394,,E029,1971.53
IT-000514,2026-02-07,PO Receipt,AC-1006,169,EA,RECEIVING,B-06-1,PO-31223 ,,E037,2130.52
IT-000515,2026-02-07,PO Receipt,TIMI-1020,50,EA,RECEIVING,E-21-1,PO-31223,,E031,52.03
IT-000516,2026-02-07,PO Receipt,GEAR-1067,250,EA,RECEIVING,D-09-2,PO-31223,,E032,498.09000000000003
IT-000517,2026-02-07,PO Receipt,GEAR-1067,151,EA,RECEIVING,C-39-4,PO-31223,,E037,498.09000000000003
IT-001666,2026-02-07,SO Issue,TIMI-1071,-200,EA,E-23-5,SHIPPING,SO-26378,,E028,74.85000000000001
IT-001668,07-Feb-2026,SO Issue,SHEA-1072,-1,EA,F-23-3,SHIPPING,SO-26378,,E028,101.96000000000001
IT-001874,2026-02-07,SO Issue,MOUN-1034,-200,EA,A-36-3,SHIPPING,SO-26457,,E035,23.82
IT-001955,07-Feb-2026,SO Issue,SPRO-1047,-50,EA,B-26-4,SHIPPING,SO-26488,,E028,13.77
IT-000865,2026-02-08,SO Issue,TIMI-1032,-2,EA,B-08-3,SHIPPING,SO-26063,,E027,32.99
IT-001654,2026-02-08,SO Issue,SPRO-1047,-2,EA,B-14-4,SHIPPING,SO-26372,,E035,13.77
IT-001683,2026-02-08,SO Issue,TIMI-1020,-2,EA,B-34-5,SHIPPING,SO-26385,,E026,52.03
IT-000420,2026-02-09,PO Receipt,TIMI-1058,100,EA,RECEIVING,C-07-2,PO-31179,,E037 ,84.45
IT-000421,2026-02-09,PO Receipt,TIMI-1058,166,EA,RECEIVING,A-07-4,PO-31179,,E038,84.45
IT-000422,2026-02-09,PO Receipt,TIMI-1058,250,EA,RECEIVING,E-01-1,PO-31179,,E030,84.45
IT-000423,2026-02-09,PO Receipt,TIMI-1058,500,EA,RECEIVING,D-19-3,PO-31179,,E036,84.45
IT-000550,2026-02-09,PO Receipt,SHEA-1088,91,EA,RECEIVING,C-28-1,PO-31237,,E032,189.79
IT-000551,2026-02-09,PO Receipt,SHEA-1037,130,EA,RECEIVING ,A-25-2,PO-31237,,E029,99.06
IT-000552,2026-02-09,PO Receipt,SHEA-1037,100,EA,RECEIVING,E-27-4,PO-31237,,E026,99.06
IT-001994,2026-02-09,SO Issue,ROLL-1079,-5,EA,F-23-3,SHIPPING,SO-26501,,E032,102.65
IT-000644,2026-02-10,PO Receipt,GEAR-1016,25,EA ,RECEIVING,F-23-4,PO-31280,,E039,2265.26
IT-000645,2026-02-10,PO Receipt,GAT-B62,25,EA,RECEIVING,C-18-1,PO-31280,,E028,12.7
IT-000646,2026-02-10,PO Receipt,GAT-B62,12,EA,RECEIVING,F-28-2,PO-31280,,E033,12.7
IT-000647,2026-02-10,PO Receipt,SHEA-1035,250,EA,RECEIVING,A-08-2,PO-31280,,E026,148.52
IT-001878,2026-02-10,SO Issue,GAT-B62,-25,EA,F-18-5,SHIPPING,SO-26457,,E039,12.7
IT-001940,2026-02-10 ,SO Issue,GEAR-1010,-1,EA,D-17-4,SHIPPING,SO-26479,,E039,2784.15
IT-000284,2026-02-11,PO Receipt ,TIM-LM11949-LM11910,10,EA,RECEIVING,B-12-4,PO-31118,,E029,7.6
IT-000285,"Feb 11, 2026",PO Receipt,MOUN-1031,50,EA,RECEIVING,A-09-4,PO-31118,,E037,38.78
IT-000286,2026-02-11,PO Receipt ,DOD-TXT315,215,EA,RECEIVING ,B-16-4,PO-31118,,E038,1180.0
IT-001071,2026-02-11,SO Issue,AC-1048 ,-1,EA,B-21-3,SHIPPING,SO-26141,,E036,1745.47
IT-001217,2026-02-11,SO Issue,ROLL-1012,-6,EA,A-36-4,SHIPPING,SO-26200,,E035,47.52
IT-001641,2026-02-11,SO Issue,CONV-1013,-2,EA,D-23-5,SHIPPING,SO-26367,,E029,2336.18
IT-000081,2026-02-12,PO Receipt,SHEA-1037,25,EA,RECEIVING,F-03-4,PO-31033,,E032,99.06
IT-000082,2026-02-12,PO Receipt,SHEA-1037,65,EA,RECEIVING,B-10-2,PO-31033,,E028,99.06
IT-000083,2026-02-12,PO Receipt,SPRO-1027,183,EA,RECEIVING,A-28-2,PO-31033,,E038,77.98
IT-001326,02/12/26,SO Issue,SPRO-1004,-10,EA,E-29-1,SHIPPING,SO-26249,,E027,42.84
IT-001510,2026-02-12,SO Issue,CONV-1089,-5,EA,C-17-3,SHIPPING,SO-26315,,E028,5864.59
IT-001596,"Feb 12, 2026",SO Issue,AC-1063,-3,EA,E-16-5,SHIPPING,SO-26350,,E029,1677.24
IT-001599,2026-02-12,SO Issue,TIMI-1075,-25,EA,C-19-1,SHIPPING,SO-26350,,E028,72.76
IT-002053,2026-02-12,Transfer,GEAR-1084,-4,EA,B-20-2,D-26-2,Bin move,,E034,3456.0
IT-001598,2026-02-13,SO Issue,MOUN-1062,-1,EA,E-22-4,SHIPPING,SO-26350,,E039 ,135.75
IT-001653 ,2026-02-13,SO Issue,MOUN-1031,-4,EA,C-06-1,SHIPPING,SO-26372,,E029,38.78
IT-001450,2026-02-14,SO Issue,SPRO-1050,-10,EA,E-34-4,SHIPPING,SO-26294,,E028,12.85
IT-001491,2026-02-14,SO Issue,SPRO-1041,-1,EA,D-23-5,SHIPPING,SO-26307,,E035,35.35
IT-001553,2026-02-14,SO Issue,GEAR-1016,-5,EA,B-04-5,SHIPPING,SO-26329,,E038,2265.26
IT-001875,2026-02-14,SO Issue,SPRO-1087,-200,EA,E-15-1,SHIPPING,SO-26457,,E033,44.550000000000004
IT-001879,2026-02-14,SO Issue,GEAR-1073,-1,EA,B-20-2,SHIPPING,SO-26458,,E032,1938.75
IT-000524,2026-02-15,PO Receipt,AC-1048,100,EA,RECEIVING,C-10-5,PO-31228,,E039,1745.47
IT-000525,15-Feb-2026,PO Receipt,SHEA-1038,100,EA,RECEIVING,A-25-2,PO-31228,,E033,295.28000000000003
IT-000526,2026-02-15,PO Receipt,GEAR-1073,77,EA,RECEIVING,A-20-1,PO-31228,,E039,1938.75
IT-000527,02/15/26,PO Receipt,SHEA-1038,250,EA,RECEIVING,A-03-2,PO-31228,,E038,295.28000000000003
IT-000853,2026-02-15,SO Issue,MOUN-1062,-2,EA,C-09-4,SHIPPING,SO-26057,,E037,135.75
IT-000871,2026-02-15,SO Issue ,TIMI-1014,-10,EA,B-24-5,SHIPPING,SO-26065,,E036,49.480000000000004
IT-001266,2026-02-15,SO Issue,MOUN-1083,-100,EA,E-29-1,SHIPPING,SO-26218,,E027,87.77
IT-001595,2026-02-15,SO Issue,CONV-1043,-5,EA,C-17-4,SHIPPING,SO-26350,,E036,1971.53
IT-001880,2026-02-15,SO Issue,GEAR-1073,-2,EA,C-28-3,SHIPPING,SO-26458,,E027,1938.75
IT-001881,2026-02-15,SO Issue,BRI-HHCS-0500-13-200-G8,-6,BX,C-11-2,SHIPPING,SO-26459,,E036,44.75
IT-002015,2026-02-15,SO Issue,CONV-1013,-3,EA,B-26-2,SHIPPING ,SO-26510,,E035,2336.18
IT-000705,2026-02-16,SO Issue,AC-1057,-3,EA,E-16-5,SHIPPING,SO-26003,,E034,687.08
IT-001592,2026-02-16,SO Issue,CONV-1043,-1,EA,F-02-3,SHIPPING,SO-26346 ,,E034,1971.53
IT-001701,2026-02-16,SO Issue,CONV-1043,-1,EA,A-31-5,SHIPPING,SO-26390,,E033,1971.53
IT-001882,2026-02-16,SO Issue,ROLL-1021,-100,EA,C-03-4,SHIPPING,SO-26459,,E036,81.74
IT-001884,2026-02-16,SO Issue,CONV-1022,-1,EA,E-08-5,SHIPPING,SO-26459,,E029,2154.05
IT-001199,2026-02-17,SO Issue,TIM-LM11949-LM11910,-100,EA,A-21-2,SHIPPING,SO-26194,,E032,7.6
IT-001275,2026-02-17,SO Issue,ROLL-1079,-5,EA,A-23-4,SHIPPING,SO-26225,,E034,102.65
IT-001551,2026-02-17,SO Issue,MOUN-1018,-1,EA,C-19-1,SHIPPING,SO-26328,,E027,109.13
IT-001490,2026-02-18,SO Issue,CONV-1051,-1,EA,A-36-4,SHIPPING,SO-26307,,E035,4147.58
IT-001752,2026-02-18,SO Issue,SHEA-1028,-1,EA,B-26-2,SHIPPING,SO-26412,,E038,284.6
IT-001877 ,18-Feb-2026,SO Issue,SHEA-1072,-3,EA,B-04-5,SHIPPING,SO-26457,,E039,101.96000000000001
IT-001956,2026-02-18,SO Issue,SPRO-1078,-4,EA,C-11-2,SHIPPING,SO-26488,,E028,69.25
IT-001997,2026-02-18,SO Issue,SPRO-1069,-1,EA,F-01-5,SHIPPING,SO-26503,,E029,115.11
IT-000387,2026-02-19,PO Receipt,SHEA-1038,101,EA ,RECEIVING,F-33-2,PO-31165,,E035,295.28000000000003
IT-000533,2026-02-19,PO Receipt,SHEA-1038,10,EA,RECEIVING,E-14-2,PO-31231,,E035,295.28000000000003
IT-000534,2026-02-19,PO Receipt,AC-1063,199,EA,RECEIVING,A-13-2,PO-31231,,E027,1677.24
IT-000872 ,2026-02-19,SO Issue,GEAR-1060,-1,EA,D-08-4,SHIPPING,SO-26065,,E039,3102.4300000000003
IT-001200,"Feb 19, 2026",SO Issue,SPRO-1055,-1,EA,E-05-1,SHIPPING,SO-26194,,E038,26.94
IT-001274,2026-02-19,SO Issue,GEAR-1080,-5,EA,E-29-1,SHIPPING,SO-26225,,E037,1484.33
IT-001380,19-Feb-2026,SO Issue,TIM-LM11949-LM11910,-6,EA,B-20-2,SHIPPING,SO-26270,,E029,7.6
IT-001382,2026-02-19,SO Issue,SHEA-1068,-5,EA,E-36-5,SHIPPING,SO-26270,,E029,180.78
IT-001841,2026-02-19,SO Issue,CONV-1042,-2,EA ,E-29-1,SHIPPING,SO-26444,,E035,5159.58
IT-001957,2026-02-19,SO Issue,CONV-1052,-1,EA,F-08-1,SHIPPING,SO-26488,,E032,2311.6
IT-001182,20-Feb-2026,SO Issue,SKF-6205-2RS1,-200,EA,C-03-4,SHIPPING,SO-26189,,E028,3.55
IT-001207,2026-02-20,SO Issue,SHEA-1068,-1,EA,C-10-4,SHIPPING,SO-26197,,E038,180.78
IT-001533,2026-02-20,SO Issue,SHEA-1064,-5,EA,C-03-2,SHIPPING,SO-26321,,E027,139.88
IT-001218,2026-02-21,SO Issue,MOUN-1083,-2,EA,E-26-3,SHIPPING,SO-26200,,E028,87.77
IT-001480,2026-02-21,SO Issue,TIMI-1056,-50,EA,F-34-2,SHIPPING,SO-26304,,E035,17.21
IT-001684,2026-02-21,SO Issue,CONV-1023,-1,EA,B-08-3,SHIPPING,SO-26385,,E035 ,3652.15
IT-001876,2026-02-21,SO Issue,SHEA-1025,-1,EA,C-11-2,SHIPPING,SO-26457,,E036,153.95000000000002
IT-001885,2026-02-21,SO Issue,SPRO-1055,-25,EA,C-09-4,SHIPPING,SO-26459,,E026,26.94
IT-002017,2026-02-21,SO Issue,SPRO-1061,-12,EA,C-17-4,SHIPPING,SO-26510,,E031,87.28
IT-000056,22-Feb-2026,PO Receipt,MOUN-1029,103,EA,RECEIVING,F-28-5,PO-31023,,E036,86.28
IT-000057,2026-02-22,PO Receipt,ROLL-1044,136,EA,RECEIVING,E-23-2,PO-31023,,E032,140.68
IT-000264,2026-02-22,PO Receipt,GEAR-1060,500,EA,RECEIVING,A-33-5,PO-31111,,E036,3102.4300000000003
IT-000265 ,2026-02-22,PO Receipt,TIMI-1020,163,EA,RECEIVING,D-28-3,PO-31111,,E034,52.03
IT-000266,2026-02-22,PO Receipt,GEAR-1067,151,EA,RECEIVING,F-07-3,PO-31111,,E032,498.09000000000003
IT-000267,2026-02-22,PO Receipt,MOUN-1062,97,EA ,RECEIVING,E-29-4,PO-31111,,E039,135.75
IT-000707,2026-02-22,SO Issue,CONV-1051,-3,EA,B-14-3,SHIPPING,SO-26004,,E034,4147.58
IT-000866,2026-02-22,SO Issue,SHEA-1007,-1,EA,E-34-4,SHIPPING,SO-26063,,E034,129.94
IT-001426,2026-02-22,SO Issue,BRI-HHCS-0500-13-200-G8,-25,BX,A-13-1,SHIPPING,SO-26286,,E037,44.75
IT-001612,2026-02-22,SO Issue,MOUN-1018,-1,EA,C-11-2,SHIPPING,SO-26355,,E038,109.13
IT-000287,2026-02-23,PO Receipt,SHEA-1028,44,EA,RECEIVING,E-21-2,PO-31119,,E038,284.6
IT-000288,2026-02-23,PO Receipt,AC-1040,171,EA,RECEIVING,F-40-1,PO-31119,,E031,609.44
IT-000289 ,"Feb 23, 2026",PO Receipt,SHEA-1028,100,EA,RECEIVING,E-32-3,PO-31119,,E031,284.6
IT-000665,2026-02-23,PO Receipt,TIMI-1014,189,EA,RECEIVING,B-24-1,PO-31288,,E027,49.480000000000004
IT-000666,2026-02-23,PO Receipt,TIMI-1014,189,EA,RECEIVING,C-17-5,PO-31288,,E028,49.480000000000004
IT-000667,2026-02-23,PO Receipt,TIMI-1014,189,EA,RECEIVING,F-31-5,PO-31288,,E034,49.480000000000004
IT-000696,2026-02-23,PO Receipt,SHEA-1028,44,EA,RECEIVING,A-32-4,PO-31300,,E039,284.6
IT-000805,2026-02-23,SO Issue,SHEA-1038,-2,EA,C-25-5,SHIPPING,SO-26042,,E032,295.28000000000003
IT-001181,02/23/26,SO Issue,SPRO-1002,-4,EA,B-36-4,SHIPPING,SO-26189,,E035,65.84
IT-001330,2026-02-23,SO Issue,SHEA-1019,-50,EA,F-08-1,SHIPPING,SO-26251,,E029,94.5
IT-001439,2026-02-23,SO Issue,CONV-1039,-5,EA,C-10-5,SHIPPING,SO-26290,,E030,7046.72
IT-001682,2026-02-23,SO Issue,TIMI-1071,-10,EA,F-02-3,SHIPPING,SO-26385,,E035,74.85000000000001
IT-001981,2026-02-23,SO Issue,GEAR-1084,-3,EA,D-17-2,SHIPPING,SO-26497,,E028,3456.0
IT-002019,2026-02-23,SO Issue,TIMI-1000,-50,EA,B-14-4,SHIPPING,SO-26510,,E026,43.53
IT-001552,2026-02-24 ,SO Issue,SHEA-1037,-200,EA,A-02-1,SHIPPING,SO-26329,,E034,99.06
IT-001628,2026-02-24,SO Issue,AC-1063,-5,EA,C-10-5,SHIPPING,SO-26361,,E038,1677.24
IT-001699,2026-02-24,SO Issue,SPRO-1055,-100,EA,D-28-2,SHIPPING,SO-26390,,E028,26.94
IT-001709,2026-02-24,SO Issue,AC-1033,-1,EA,B-31-3,SHIPPING,SO-26393,,E037,1093.27
IT-002060,2026-02-24,Adjustment,AC-1057,0,EA,D-39-2,C-02-4,Count,,E032,687.08
IT-001070,2026-02-25,SO Issue,SPRO-1050,-6,EA,F-23-3,SHIPPING,SO-26141,,E029,12.85
IT-001573,2026-02-25,SO Issue,SPRO-1015,-10,EA,C-11-2,SHIPPING,SO-26341,,E038,74.58
IT-001888,2026-02-25,SO Issue,SHEA-1045,-100,EA,F-12-3,SHIPPING,SO-26460,,E033,47.68
IT-002069,2026-02-25,Scrap,CONV-1052,10,EA,B-08-2,F-33-3,Bin move,,E036,2311.6
IT-000071,2026-02-26,PO Receipt,ROLL-1021,101,EA,RECEIVING,C-38-5,PO-31029,,E028,81.74
IT-000109,2026-02-26,PO Receipt,ROLL-1021,101,EA,RECEIVING,A-29-4,PO-31046,,E029,81.74
IT-000110,2026-02-26,PO Receipt,SHEA-1035,25,EA ,RECEIVING,E-21-3,PO-31046,,E037,148.52
IT-000199,2026-02-26,PO Receipt ,TIMI-1014,50,EA,RECEIVING,B-04-2 ,PO-31082,,E033,49.480000000000004
IT-000504,2026-02-26,PO Receipt,SHEA-1077 ,100,EA,RECEIVING,A-27-3,PO-31216,,E027,67.98
IT-001072,2026-02-26,SO Issue,SHEA-1088,-5,EA,E-26-3,SHIPPING,SO-26141,,E036,189.79
IT-001134,2026-02-26,SO Issue,BRI-HHCS-0500-13-200-G8,-1,BX,B-14-4 ,SHIPPING,SO-26167,,E035,44.75
IT-001183 ,2026-02-26 ,SO Issue,MOUN-1081,-50,EA,A-37-2,SHIPPING,SO-26189,,E029,61.24
IT-001271,2026-02-26,SO Issue,ROLL-1053,-2,EA,E-26-3,SHIPPING,SO-26221,,E036,86.10000000000001
IT-001597,2026-02-26,SO Issue,MOUN-1031,-50,EA,E-23-5,SHIPPING,SO-26350,,E026,38.78
IT-001610,26-Feb-2026,SO Issue,SHEA-1003,-3,EA,E-34-4,SHIPPING,SO-26355,,E033,235.72
IT-001702,2026-02-26 ,SO Issue,SPRO-1087,-6,EA,B-36-4,SHIPPING,SO-26390,,E028,44.550000000000004
IT-001708,2026-02-26,SO Issue ,SPRO-1055,-2,EA,A-12-2,SHIPPING,SO-26393,,E030,26.94
IT-002016,"Feb 26, 2026",SO Issue,AC-1085,-2,EA,C-19-1 ,SHIPPING,SO-26510,,E030,365.76
IT-002082,2026-02-26 ,Cycle Count Adj,AC-1033,12,EA,D-13-1,C-15-5,Damage,,E035,1093.27
IT-000485,2026-02-27,PO Receipt,GEAR-1016,500,EA,RECEIVING,D-14-4,PO-31208,,E029,2265.26
IT-000486,2026-02-27,PO Receipt,ROLL-1021,101,EA,RECEIVING,B-15-3,PO-31208,,E039,81.74
IT-000487,2026-02-27,PO Receipt,ROLL-1021,101,EA,RECEIVING,F-20-1,PO-31208,,E032,81.74
IT-000488,02/27/2026,PO Receipt,GAT-B62,289,EA,RECEIVING,E-34-4,PO-31208,,E030,12.7
IT-001198,2026-02-27,SO Issue,MOUN-1018,-3,EA,A-29-1,SHIPPING,SO-26194,,E030,109.13
IT-001883,02/27/2026,SO Issue,SPRO-1041,-10,EA,C-19-1,SHIPPING,SO-26459,,E039,35.35
IT-001886,"Feb 27, 2026",SO Issue,AC-1054,-1,EA,F-18-5,SHIPPING,SO-26460,,E028,1828.58
IT-001889,2026-02-27,SO Issue,ROLL-1012,-1,EA,A-36-4,SHIPPING,SO-26460,,E034,47.52
IT-002018,2026-02-27,SO Issue,SKF-6308-2Z,-4,EA,D-14-3,SHIPPING,SO-26510,,E038,10.25
IT-002021,2026-02-27,SO Issue,MOUN-1081,-6,EA,B-35-2,SHIPPING ,SO-26512,,E031,61.24
IT-000440,2026-03-01,PO Receipt,SHEA-1077,10,EA,RECEIVING,C-40-4,PO-31188,,E027,67.98
IT-001068,2026-03-01,SO Issue,AC-1033,-5,EA,A-31-5,SHIPPING,SO-26141,,E031,1093.27
IT-001264,"Mar 01, 2026",SO Issue,MOUN-1062,-1,EA,F-06-1,SHIPPING,SO-26218 ,,E026,135.75
IT-001270,2026-03-01,SO Issue,SHEA-1037,-100,EA,C-06-3,SHIPPING,SO-26221,,E030,99.06
IT-001839,03/01/2026,SO Issue,GEAR-1060,-3,EA,F-24-2,SHIPPING,SO-26444,,E028,3102.4300000000003
IT-000482,"Mar 02, 2026",PO Receipt,MOUN-1081,50,EA,RECEIVING,E-11-2,PO-31207,,E037,61.24
IT-000483,03/02/26,PO Receipt,SHEA-1049,50,EA,RECEIVING,F-29-4,PO-31207,,E034,153.4
IT-000484,2026-03-02,PO Receipt,SHEA-1068,105,EA,RECEIVING,A-10-5,PO-31207,,E030,180.78
IT-000621,2026-03-02,PO Receipt,TIMI-1017,173,EA,RECEIVING,C-01-2,PO-31270,,E034,50.69
IT-000622,2026-03-02,PO Receipt,ROLL-1044,136,EA,RECEIVING,F-10-4,PO-31270,,E026,140.68
IT-000623,2026-03-02,PO Receipt,MOUN-1029,100,EA,RECEIVING,C-09-4,PO-31270,,E031,86.28
IT-002020,2026-03-02,SO Issue,MOUN-1029,-4,EA,D-27-4,SHIPPING,SO-26512,,E039,86.28
IT-000148,2026-03-03,PO Receipt,SIG-SF18-80,131,RL,RECEIVING,E-19-3,PO-31062,,E038,24.6
IT-000149,2026-03-03 ,PO Receipt,SPRO-1002,25,EA,RECEIVING,B-30-5,PO-31062,,E032,65.84
IT-000860,2026-03-03,SO Issue,SPRO-1061,-4,EA,A-10-3,SHIPPING,SO-26061,,E038,87.28
IT-001383,2026-03-03,SO Issue,AC-1085,-5,EA,C-03-4,SHIPPING,SO-26270,,E030,365.76
IT-001428,2026-03-03,SO Issue,CONV-1059,-1,EA,C-03-4,SHIPPING ,SO-26286,,E034,3693.63
IT-001434,03/03/2026,SO Issue,SPRO-1041,-25,EA,C-10-5,SHIPPING,SO-26288,,E026,35.35
IT-000704,2026-03-04,SO Issue,SPRO-1004,-50,EA,F-02-3,SHIPPING,SO-26003,,E035,42.84
IT-000873,2026-03-04,SO Issue,SPRO-1070,-6,EA,B-08-5,SHIPPING,SO-26065,,E030,22.96
IT-001184,2026-03-04,SO Issue,ROLL-1044,-2,EA,E-36-5,SHIPPING,SO-26189,,E037,140.68
IT-001999,2026-03-04,SO Issue,TIMI-1058,-1,EA,B-04-5,SHIPPING,SO-26503,,E038,84.45
IT-000259,2026-03-05,PO Receipt,AC-1048,24,EA,RECEIVING,B-17-4,PO-31108,,E027 ,1745.47
IT-000260,2026-03-05,PO Receipt,SHEA-1038,100,EA,RECEIVING,E-39-3,PO-31108,,E038,295.28000000000003
IT-000261,2026-03-05,PO Receipt,GEAR-1073,500,EA,RECEIVING,C-40-2,PO-31108,,E030,1938.75
IT-001720,2026-03-05,SO Issue,CONV-1052,-1,EA,E-22-1,SHIPPING,SO-26398,,E032,2311.6
IT-002023,"Mar 05, 2026",SO Issue,GEAR-1084,-3,EA,F-36-1,SHIPPING,SO-26512,,E038,3456.0
IT-001289,2026-03-06,SO Issue,CONV-1059,-1,EA,A-02-1 ,SHIPPING,SO-26233,,E038,3693.63
IT-001329,2026-03-06,SO Issue,SKF-6308-2Z,-2,EA,A-37-2,SHIPPING,SO-26251,,E030,10.25
IT-001381,2026-03-06,SO Issue,SPRO-1087,-10,EA,C-38-3,SHIPPING,SO-26270,,E033 ,44.550000000000004
IT-002081,2026-03-06,Transfer,SPRO-1027,-6,EA,F-40-5,B-28-1,,,E027,77.98
IT-000014,2026-03-07,PO Receipt,ULI-S-4123,170,BD,RECEIVING,B-05-2,PO-31007,,E035,31.0
IT-000015,2026-03-07,PO Receipt,SPRO-1041,100,EA,RECEIVING,E-13-5,PO-31007,,E026,35.35
IT-000806,2026-03-07,SO Issue,ROLL-1044,-2,EA,B-35-2,SHIPPING,SO-26042,,E034 ,140.68
IT-001029,2026-03-07,SO Issue,SPRO-1015,-12,EA,C-10-5,SHIPPING,SO-26127,,E038,74.58
IT-001046,03/07/2026,SO Issue,MOUN-1008,-4,EA,C-17-4,SHIPPING,SO-26135,,E039,71.79
IT-001180,2026-03-07,SO Issue,GEAR-1016,-1,EA,A-02-1,SHIPPING,SO-26189,,E039,2265.26
IT-001269,"Mar 07, 2026",SO Issue,MOUN-1081,-2,EA,C-06-3,SHIPPING,SO-26221,,E037,61.24
IT-001287,2026-03-07,SO Issue,SPRO-1002,-10,EA,A-23-4,SHIPPING,SO-26233,,E033,65.84
IT-001442,07-Mar-2026 ,SO Issue,AC-1048,-5,EA,C-06-1,SHIPPING,SO-26290,,E031,1745.47
IT-001707,2026-03-07,SO Issue,AC-1057,-2,EA,A-12-2,SHIPPING,SO-26393,,E027,687.08
IT-000181,08-Mar-2026,PO Receipt,TIMI-1071,10,EA,RECEIVING,A-40-1,PO-31075,,E039,74.85000000000001
IT-000182,2026-03-08,PO Receipt,SHEA-1028,250,EA,RECEIVING,A-39-4,PO-31075,,E026,284.6
IT-000706,2026-03-08,SO Issue,AC-1048,-1,EA,B-35-2,SHIPPING,SO-26004,,E028,1745.47
IT-001278,2026-03-08,SO Issue,AC-1048,-5,EA,E-06-5,SHIPPING,SO-26227,,E026,1745.47
IT-001331,2026-03-08,SO Issue,ROLL-1053,-2,EA,D-08-4,SHIPPING,SO-26251,,E037 ,86.10000000000001
IT-001574,2026-03-08,SO Issue,CONV-1039,-1,EA,A-36-3,SHIPPING,SO-26341,,E032,7046.72
IT-001700,2026-03-08,SO Issue,SKF-6205-2RS1,-4,EA,F-36-1 ,SHIPPING,SO-26390,,E038,3.55
IT-000351,2026-03-09,PO Receipt,SPRO-1078,13,EA,RECEIVING,D-06-1 ,PO-31149,,E039,69.25
IT-000352,2026-03-09,PO Receipt,SHEA-1007,161,EA,RECEIVING,D-36-4,PO-31149,,E029,129.94
IT-000353,2026-03-09,PO Receipt,AC-1086,147,EA,RECEIVING,B-26-2,PO-31149,,E028,2390.86
IT-001047,2026-03-09,SO Issue,MOUN-1029,-50,EA,E-37-4,SHIPPING,SO-26135,,E029,86.28
IT-001328,2026-03-09,SO Issue,AC-1085,-1,EA,A-18-1,SHIPPING,SO-26251,,E033,365.76
IT-002057,2026-03-09,Cycle Count Adj,SPRO-1047,1,EA ,B-08-5,C-24-2,,,E027,13.77
IT-000495,2026-03-10,PO Receipt,AC-1033,500,EA,RECEIVING,F-01-5,PO-31212,,E037,1093.27
IT-000496,2026-03-10,PO Receipt,AC-1033,142,EA,RECEIVING,D-24-5,PO-31212,,E037,1093.27
IT-000497,10-Mar-2026,PO Receipt,SPRO-1050,53,EA,RECEIVING,C-29-1,PO-31212,,E033,12.85
IT-000703,"Mar 10, 2026",SO Issue,GEAR-1060,-1,EA,A-29-1 ,SHIPPING,SO-26003,,E033,3102.4300000000003
IT-001055,03/10/2026,SO Issue,BRI-HHCS-0500-13-200-G8,-6,BX,A-36-4,SHIPPING,SO-26138,,E034,44.75
IT-001288,2026-03-10,SO Issue,CONV-1046,-1,EA,B-20-3,SHIPPING,SO-26233,,E027,7311.89
IT-001424,2026-03-10,SO Issue,CONV-1089,-1,EA,A-36-4,SHIPPING,SO-26285,,E035,5864.59
IT-001611,2026-03-10,SO Issue,SHEA-1077,-10,EA,E-05-1,SHIPPING,SO-26355,,E029,67.98
IT-001840,2026-03-10,SO Issue,AC-1040,-1,EA,A-21-2,SHIPPING,SO-26444,,E038,609.44
IT-001971,2026-03-10,SO Issue,GEAR-1073,-1,EA,F-02-3,SHIPPING,SO-26493,,E030,1938.75
IT-000280,2026-03-11,PO Receipt,TIMI-1058,100,EA,RECEIVING,A-20-2,PO-31117,,E032 ,84.45
IT-000281,03/11/26,PO Receipt,TIMI-1058,166,EA,RECEIVING,B-35-3,PO-31117,,E037,84.45
IT-000282,2026-03-11 ,PO Receipt,TIMI-1058 ,25,EA,RECEIVING,A-31-3,PO-31117,,E039,84.45
IT-000283,2026-03-11,PO Receipt,TIMI-1058,25,EA,RECEIVING,C-39-1,PO-31117,,E031,84.45
IT-000807,03/11/26,SO Issue,AC-1006,-1,EA,C-03-2,SHIPPING,SO-26042,,E027,2130.52
IT-000869,2026-03-11,SO Issue,SPRO-1087,-10,EA,B-31-3,SHIPPING,SO-26065,,E039,44.550000000000004
IT-001443,2026-03-11,SO Issue,CONV-1052,-1,EA,A-02-1,SHIPPING,SO-26290,,E039,2311.6
IT-001998,2026-03-11,SO Issue,TIMI-1020,-50,EA,A-02-1,SHIPPING,SO-26503,,E032,52.03
IT-000870,2026-03-12,SO Issue,MOUN-1083 ,-2,EA,A-14-1,SHIPPING,SO-26065,,E037,87.77
IT-001280,2026-03-12,SO Issue,SHEA-1077,-6,EA,B-29-2,SHIPPING,SO-26227,,E028,67.98
IT-001390,2026-03-12,SO Issue,DOD-TXT315,-1,EA,D-28-2,SHIPPING,SO-26273,,E027,1180.0
IT-001629,2026-03-12,SO Issue,SPRO-1078,-6,EA,A-13-1,SHIPPING,SO-26361,,E030,69.25
IT-002022,2026-03-12,SO Issue,CONV-1042,-1,EA,E-15-1,SHIPPING,SO-26512,,E029,5159.58
IT-000388,2026-03-13,PO Receipt,ULI-S-4123,170,BD,RECEIVING,A-11-2,PO-31166,,E031,31.0
IT-000389,2026-03-13,PO Receipt,SHEA-1007,161,EA,RECEIVING,F-40-4,PO-31166,,E036,129.94
IT-001435,2026-03-13,SO Issue,GEAR-1067,-5,EA,A-22-3,SHIPPING,SO-26288,,E039,498.09000000000003
IT-001440,2026-03-13,SO Issue,SKF-6205-2RS1,-10,EA,A-18-1,SHIPPING,SO-26290,,E033,3.55
IT-000701,2026-03-14,SO Issue,SPRO-1087,-50,EA,F-04-4,SHIPPING,SO-26003,,E029,44.550000000000004
IT-000709,2026-03-14,SO Issue,GEAR-1084,-1,EA,D-23-5,SHIPPING,SO-26004,,E030,3456.0
IT-000747,2026-03-14,SO Issue,SPRO-1027,-2,EA,B-14-4,SHIPPING,SO-26019,,E035,77.98
IT-001133,2026-03-14,SO Issue,SPRO-1041,-200,EA,C-10-5,SHIPPING,SO-26167,,E033,35.35
IT-001279,2026-03-14,SO Issue,TIMI-1000,-200,EA,D-14-3,SHIPPING,SO-26227,,E038,43.53
IT-001427,2026-03-14,SO Issue,CONV-1039,-3,EA,E-37-4,SHIPPING,SO-26286,,E038,7046.72
IT-001673,2026-03-14,SO Issue,CONV-1043,-2,EA,B-08-3,SHIPPING,SO-26380,,E039,1971.53
IT-002024,2026-03-14,SO Issue,CONV-1051,-5,EA,C-17-4,SHIPPING,SO-26512,,E037,4147.58
IT-000174,2026-03-15,PO Receipt,MOUN-1029,103,EA,RECEIVING,E-12-4,PO-31072,,E033,86.28
IT-000557,"Mar 15, 2026",PO Receipt,SHEA-1088,91,EA,RECEIVING ,A-22-4,PO-31241,,E031,189.79
IT-000558,2026-03-15,PO Receipt,SPRO-1027,183,EA,RECEIVING,A-36-5,PO-31241,,E034,77.98
IT-000708,2026-03-15,SO Issue,CONV-1052,-3,EA,B-34-5,SHIPPING,SO-26004,,E036,2311.6
IT-001033,2026-03-15,SO Issue,TIMI-1014,-200,EA ,B-14-3,SHIPPING,SO-26129,,E036,49.480000000000004
IT-001132,2026-03-15,SO Issue,CONV-1089,-1,EA,F-36-1,SHIPPING,SO-26166,,E037,5864.59
IT-001942,03/15/2026,SO Issue,CONV-1065,-3,EA,B-20-3,SHIPPING,SO-26480,,E039,2903.56
IT-002084,2026-03-15,Cycle Count Adj,TIMI-1017,-11,EA,B-01-2,A-08-1,Bin move,,E033,50.69
IT-001057,2026-03-16,SO Issue,SHEA-1088,-1,EA,A-14-1,SHIPPING,SO-26138,,E038,189.79
IT-001425,16-Mar-2026,SO Issue,SPRO-1069 ,-1,EA,E-15-1,SHIPPING,SO-26285,,E028,115.11
IT-001810,2026-03-16,SO Issue,SHEA-1088,-2,EA,B-08-3,SHIPPING,SO-26433,,E032,189.79
IT-000001,2026-03-17,PO Receipt,TIMI-1014,189,EA,RECEIVING,A-37-3,PO-31001,,E035,49.480000000000004
IT-001056,2026-03-17,SO Issue,CONV-1065 ,-3,EA,A-02-1,SHIPPING,SO-26138,,E039,2903.56
IT-001228,2026-03-17,SO Issue,SKF-6308-2Z,-50,EA,F-12-4,SHIPPING,SO-26205,,E039,10.25
IT-001441,2026-03-17,SO Issue,CONV-1059,-1,EA,A-14-1,SHIPPING,SO-26290,,E028,3693.63
IT-000029,2026-03-18,PO Receipt,AC-1033,142,EA,RECEIVING,E-14-4,PO-31014,,E039,1093.27
IT-000030,2026-03-18,PO Receipt,AC-1033,25,EA,RECEIVING,E-13-4,PO-31014,,E038,1093.27
IT-000031,2026-03-18,PO Receipt,SPRO-1050,53,EA,RECEIVING,A-14-4,PO-31014,,E033,12.85
IT-000032,2026-03-18,PO Receipt,AC-1033,142,EA,RECEIVING,B-31-2,PO-31014,,E032,1093.27
IT-000746,2026-03-18,SO Issue,GEAR-1073,-5,EA,C-11-2,SHIPPING,SO-26019,,E035,1938.75
IT-001268,2026-03-18,SO Issue,TIMI-1030,-12,EA,C-17-4,SHIPPING,SO-26220,,E029,66.14
IT-000068,2026-03-19,PO Receipt,SPRO-1078,50,EA,RECEIVING,A-19-5,PO-31028,,E037,69.25
IT-000069,2026-03-19,PO Receipt,AC-1086,10,EA,RECEIVING,B-24-5,PO-31028,,E032,2390.86
IT-000070,2026-03-19,PO Receipt,SIG-SF18-80,131,RL,RECEIVING,F-14-3,PO-31028,,E029,24.6
IT-000702,2026-03-19 ,SO Issue,GEAR-1010,-1,EA ,C-06-1,SHIPPING,SO-26003,,E035,2784.15
IT-000812,2026-03-19,SO Issue,MOUN-1029,-200,EA,A-36-3,SHIPPING,SO-26044,,E026,86.28
IT-000953,2026-03-19,SO Issue,MOUN-1083,-6,EA,B-11-2 ,SHIPPING,SO-26093,,E028,87.77
IT-001500,2026-03-19,SO Issue,TIMI-1056,-100,EA,C-19-1,SHIPPING,SO-26310,,E029 ,17.21
IT-001706,2026-03-19,SO Issue,SPRO-1004,-50,EA,A-18-1,SHIPPING,SO-26393,,E030,42.84
IT-000238,2026-03-20,PO Receipt,SHEA-1072,500,EA,RECEIVING,D-38-2,PO-31100,,E029,101.96000000000001
IT-000447,2026-03-20,PO Receipt,ROLL-1053,109,EA,RECEIVING,B-20-2,PO-31192,,E028,86.10000000000001
IT-000448,2026-03-20,PO Receipt,SHEA-1007,100,EA,RECEIVING,C-39-3,PO-31192,,E032,129.94
IT-000449,2026-03-20,PO Receipt,SPRO-1002 ,132,EA,RECEIVING,F-38-5,PO-31192,,E028,65.84
IT-001153,03/20/26,SO Issue,CONV-1039,-2,EA,C-11-2,SHIPPING,SO-26176,,E028,7046.72
IT-000090,2026-03-21,PO Receipt ,AC-1040,250,EA,RECEIVING,D-07-2,PO-31038,,E033,609.44
IT-000091,2026-03-21,PO Receipt,TIMI-1071,136,EA,RECEIVING,A-05-1,PO-31038,,E039,74.85000000000001
IT-001024,2026-03-21,SO Issue,TIMI-1014,-50,EA,A-02-1,SHIPPING,SO-26124,,E026,49.480000000000004
IT-001034,03/21/2026,SO Issue,ROLL-1012,-1,EA,D-23-5,SHIPPING,SO-26129,,E029,47.52
IT-001227,2026-03-21,SO Issue,CONV-1065,-2,EA,F-23-3,SHIPPING,SO-26205,,E028,2903.56
IT-001494,2026-03-21,SO Issue,TIMI-1014,-200,EA,B-31-3,SHIPPING,SO-26308,,E026,49.480000000000004
IT-001534,"Mar 21, 2026",SO Issue,AC-1048,-3,EA,E-22-1,SHIPPING,SO-26321,,E031,1745.47
IT-001887,2026-03-21,SO Issue,MOUN-1018,-5,EA ,C-09-4,SHIPPING,SO-26460,,E028 ,109.13
IT-001943,21-Mar-2026,SO Issue,AC-1074,-5,EA,E-26-3,SHIPPING,SO-26480,,E030,1663.14
IT-001229,2026-03-22,SO Issue,AC-1086,-5,EA,C-40-1,SHIPPING,SO-26205,,E038,2390.86
IT-001719,2026-03-22,SO Issue,SHEA-1049,-1,EA,E-26-3,SHIPPING,SO-26397,,E036,153.4
IT-001808,03/22/2026,SO Issue,GEAR-1060,-1,EA,A-37-2 ,SHIPPING,SO-26433,,E029,3102.4300000000003
IT-002056,2026-03-22,Cycle Count Adj,SHEA-1019,-6,EA,F-03-4,A-31-3,Bin move,,E034,94.5
IT-000076,2026-03-23,PO Receipt,SHEA-1025,500,EA ,RECEIVING,F-14-5,PO-31031,,E033,153.95000000000002
IT-000077,2026-03-23,PO Receipt,MOUN-1083,50,EA,RECEIVING,C-13-1,PO-31031,,E032,87.77
IT-000792,2026-03-23,SO Issue,TIMI-1000,-25,EA,B-08-5,SHIPPING,SO-26038,,E033,43.53
IT-001045,2026-03-23,SO Issue,TIMI-1017,-2,EA,F-34-2,SHIPPING,SO-26135,,E033,50.69
IT-001179,2026-03-23,SO Issue,BRI-HHCS-0500-13-200-G8,-6,BX,C-10-4,SHIPPING,SO-26188,,E039,44.75
IT-001341,2026-03-23,SO Issue,SHEA-1003,-1,EA,E-29-1,SHIPPING,SO-26255,,E027,235.72
IT-001499,2026-03-23,SO Issue,SPRO-1070,-10,EA,F-36-1,SHIPPING,SO-26310,,E033,22.96
IT-001557,2026-03-23,SO Issue,CONV-1039,-1,EA,B-11-2,SHIPPING,SO-26332,,E036,7046.72
IT-000026,2026-03-24,PO Receipt,GEAR-1080,179,EA,RECEIVING,B-27-2,PO-31012,,E029,1484.33
IT-000371 ,"Mar 24, 2026",PO Receipt,MOUN-1083,10,EA,RECEIVING,E-10-1,PO-31157,,E035,87.77
IT-000631,2026-03-24,PO Receipt,SPRO-1087,167,EA,RECEIVING,E-14-4,PO-31276,,E038,44.550000000000004
IT-000632,2026-03-24,PO Receipt,TIMI-1000,84,EA,RECEIVING,E-23-1,PO-31276,,E030,43.53
IT-001388,2026-03-24,SO Issue,TIM-LM11949-LM11910,-100,EA,A-10-1,SHIPPING,SO-26273,,E031,7.6
IT-001492,2026-03-24,SO Issue,ROLL-1053,-4,EA,E-08-5,SHIPPING,SO-26308,,E031,86.10000000000001
IT-000263,2026-03-25,PO Receipt,TIMI-1030,137,EA,RECEIVING,B-34-5,PO-31110,,E030,66.14
IT-001013,2026-03-25,SO Issue,AC-1074,-5,EA,D-08-4,SHIPPING,SO-26120,,E038,1663.14
IT-001135,"Mar 25, 2026",SO Issue,CONV-1042,-5,EA,C-17-4,SHIPPING,SO-26167,,E029,5159.58
IT-001941,2026-03-25,SO Issue,MOUN-1034,-1,EA,A-14-1,SHIPPING,SO-26480,,E031,23.82
IT-001340,2026-03-26,SO Issue,SHEA-1037,-1,EA ,C-17-4,SHIPPING,SO-26255,,E036,99.06
IT-001391,2026-03-26,SO Issue,SPRO-1061,-25,EA,B-34-4,SHIPPING,SO-26273,,E038,87.28
IT-001493,2026-03-26,SO Issue,ROLL-1079,-2,EA,A-14-1,SHIPPING,SO-26308,,E031,102.65
IT-001556,2026-03-26 ,SO Issue,AC-1063,-1,EA,A-29-1,SHIPPING,SO-26331,,E033,1677.24
IT-001741,2026-03-26,SO Issue,AC-1086,-5,EA,E-15-1 ,SHIPPING,SO-26406,,E034,2390.86
IT-001809,2026-03-26,SO Issue,SPRO-1002,-50,EA,E-37-4,SHIPPING,SO-26433,,E036,65.84
IT-001873,2026-03-26,SO Issue,GAT-B62,-200,EA,A-24-3,SHIPPING,SO-26456,,E032,12.7
IT-001970,2026-03-26,SO Issue ,BRI-HHCS-0500-13-200-G8,-6,BX,B-35-2,SHIPPING,SO-26493,,E039,44.75
IT-000952,2026-03-27,SO Issue,AC-1085,-5,EA,E-31-4,SHIPPING,SO-26093,,E030,365.76
IT-001025,2026-03-27,SO Issue,AC-1054,-1,EA,A-02-1,SHIPPING,SO-26124,,E028,1828.58
IT-001389,2026-03-27,SO Issue,SHEA-1019,-10,EA,B-31-3,SHIPPING,SO-26273,,E027,94.5
IT-000274,2026-03-28,PO Receipt,SPRO-1050,250,EA,RECEIVING,A-07-2,PO-31114,,E030,12.85
IT-000275,"Mar 28, 2026",PO Receipt,SPRO-1050,53,EA,RECEIVING,F-26-3,PO-31114,,E038,12.85
IT-000435,"Mar 28, 2026",PO Receipt,ROLL-1044 ,136,EA,RECEIVING,B-38-3,PO-31185,,E028,140.68
IT-000436,2026-03-28,PO Receipt,SHEA-1077,14,EA,RECEIVING,F-30-3 ,PO-31185,,E036,67.98
IT-000437,2026-03-28,PO Receipt,SHEA-1077,28,EA,RECEIVING,A-38-1,PO-31185,,E033,67.98
IT-000555,"Mar 28, 2026",PO Receipt,GEAR-1067,500,EA,RECEIVING,F-39-2,PO-31240,,E038,498.09000000000003
IT-000556,2026-03-28,PO Receipt,SHEA-1019,10,EA,RECEIVING,D-22-1,PO-31240,,E037,94.5
IT-000208,2026-03-30,PO Receipt,DOD-TXT315,215,EA,RECEIVING,E-05-2,PO-31086,,E036,1180.0
IT-002050,2026-03-30,Adjustment,SPRO-1050,-12,EA,D-27-5,C-36-3,Count,,E033,12.85
IT-000087,03/31/2026,PO Receipt,TIMI-1058,25,EA,RECEIVING,F-29-5,PO-31035,,E036,84.45
IT-000088,2026-03-31,PO Receipt,SPRO-1055,19,EA,RECEIVING,C-08-5,PO-31036,,E038,26.94
IT-000150,03/31/2026,PO Receipt,SHEA-1064,23,EA,RECEIVING,C-22-1,PO-31063,,E037,139.88
IT-000210,2026-03-31,PO Receipt,SPRO-1027,91,EA,RECEIVING,B-36-1,PO-31088,,E026,77.98
IT-000232,2026-03-31,PO Receipt,TIMI-1014,94,EA,RECEIVING,D-26-2,PO-31097,,E033,49.480000000000004
IT-000346,03/31/26,PO Receipt,SPRO-1041,67,EA,RECEIVING,A-19-4,PO-31145,,E031,35.35
IT-000372,"Mar 31, 2026",PO Receipt,GEAR-1010,42,EA,RECEIVING,C-09-5,PO-31158,,E031,2784.15
IT-000489,"Mar 31, 2026",PO Receipt,SHEA-1038,5,EA,RECEIVING,F-30-3,PO-31209,,E030,295.28000000000003
IT-000490,2026-03-31,PO Receipt,SHEA-1003,133,EA,RECEIVING,E-33-5,PO-31209,,E038,235.72
IT-000656,"Mar 31, 2026",PO Receipt,KIM-G10,140,BX,RECEIVING,D-16-2,PO-31283,,E036,11.4
IT-000657,2026-03-31,PO Receipt,3M-SF401AF,42,EA,RECEIVING,D-21-3,PO-31283,,E034,4.05
