PICK_ID,SO_NUMBER,SO_LINE,ITEM_ID,QTY_TO_PICK,QTY_PICKED,BIN_LOCATION,PICKER_ID,PICK_DATE,SHIPMENT_ID
PK-00001,16433,1,,1,,B-20-4,E015,2025-10-14,SH-50001
PK-00002,16433,2,LOCM8-108,200,200,D-11-5,E015,10/14/2025,SH-50001 
PK-00003,16433,3,FLAsize8-045,100,100,A-38-3 ,E016,2025-10-14,SH-50001
PK-00004,16433,4,CUT5811-066,2,1,A-19-3,E014,2025-10-14,SH-50001
PK-00846,16331,3,HEX1250-124,,6,C-06-5,E012,2026-02-26,
PK-00945,12905,1,FLAsize8-029,2,2,C-05-4,E016,2026-02-21,SH-50218
PK-00005,16433,5,CABsize4-075,100,100,C-02-4,E017,2025-10-13,SH-50001
PK-00006,11231,1,HEXM10-116,50,50,A-03-2,E019,2025-06-23,SH-50002
PK-00007,11231,2,HEXM10-116,50,50,D-05-3,E013,2025-06-23,SH-50002
PK-00008,11231,3,FLA1375-009 ,100,100,A-10-4,,"JUN 23, 2025",SH-50002
PK-00009,11442,1,HN-789,,4,B-11-2,E017,21-Jun-2025,SH-50003
PK-00010,11442,5,6308-882,10,10,B-05-3,E015,"JUN 22, 2025",SH-50003
PK-00011,11442,6,FLA50-065,1,1,D-20-3,E016,2025-06-22,SH-50003
PK-00012,11442,7,CUTsize8-078,100,100,C-14-4,E015,06/22/25,SH-50003
PK-00013,11442,,ANC3816-039,100,100,A-40-4,E015,2025-06-21,SH-50003
PK-00014,18332,1,ABRsize8-003 ,10,10,A-16-3,E014,2026-02-18,SH-50004
PK-00015,18332 ,2,LOCM6-053,6,6,C-32-5,E019,"Feb 19, 2026",SH-50004
PK-00016,18332,3,DRIsize6-105,10,10,B-29-1,E020,2026-02-18,SH-50004
PK-00017,18332,4,ABR1250-018,100,100,E-10-2,E020,02/19/26,SH-50004
PK-00018,15761,1,HEX60-080,25,25,A-16-5,E013,2025-07-25,SH-50005
PK-00019,15761,2,CAB1250-008,50,50,C-15-2,E020,07/25/2025,SH-50005
PK-00020,15761,3,HOSM10-070,1,1,E-39-5,E021,"Jul 24, 2025",SH-50005
PK-00021,15761,4,DRIsize4-017,200,200,E-16-2,E018,2025-07-24,SH-50005
PK-00022,15761,5,ABRM12-095,12,12,C-06-4,E019,"Jul 25, 2025",SH-50005
PK-00023,18008,1,LOCsize8-120,4,3,E-37-4,E020 ,28-Sep-2025,SH-50006
PK-00024,18008,2,NIT1375-106,6,6,A-20-2,E020,"Sep 28, 2025",SH-50006
PK-00025,14440,1,CUT5811-066,2,2,D-20-5,E012,2025-05-25,SH-50007
PK-00026,14440,2,FLA1420-090,50,50,E-21-1,E012,2025-05-25,SH-50007
PK-00027,11008,2,BRG-6205-IMP,6,6,C-33-2 ,E016,2025-07-02,SH-50008
PK-00028,11008,3,LOCM6-130,100,99,E-22-5,E013,2025-07-01,SH-50008
PK-00296,16170,3,HOSsize6-084,6,6,E-22-4,E013,2025-10-31 ,SH-50068
PK-00029,11008,4,ANCsize6-005,1,1,C-05-1,E021,2025-07-02,SH-50008
PK-00030,11008,5,LOC1420-087,2,2,A-27-1,E013,2025-07-01,SH-50008
PK-00038,14741,3,SOC2000-025,,100,D-15-1,E018 ,2025-11-18,SH-50010
PK-00031,11008,6,LOC1420-087,25,25,F-16-2,E013 ,2025-07-01,SH-50008
PK-00032,11008 ,7,ABR50-010,12,12,D-36-2,E017,2025-07-01,SH-50008
PK-00033,11008,8,CUT3816-058,2,2,D-22-2,E014,2025-07-02,SH-50008
PK-00034,13411,1,LOCM10-085,200,200,F-37-5,E019,05-Mar-2026,SH-50009
PK-00035,13411,2,LOC1250-102,1,1,A-21-5,E017,,SH-50009
PK-00036,14741,1,LOC1420-087,25,25,D-20-2,E020,2025-11-18,SH-50010
PK-00037,14741,2,HEXM10-116,,4,,E016,2025-11-18,SH-50010
PK-00038,14741,3,SOC2000-025,,100,D-15-1,E018 ,2025-11-18,SH-50010
PK-00039,10177,1,HOSsize8-114,2,2,F-39-1,E016,2025-11-20,SH-50011
,10177,2,SOC51618-057,200,200,B-38-1,E014,11/21/25,SH-50011
PK-00041,10177,3,CUT60-119 ,4,4,F-14-3,E015,2025-11-21,SH-50011
PK-00042,10177,4,CABsize4-075,12,12,B-37-5,E014,2025-11-20,SH-50011
PK-00043,10177,5,CAB5811-137,6,6,C-25-3,E019,11/20/25,SH-50011
PK-00044,10177,7,HHCS-254,10,10,E-40-5,E018,2025-11-20,SH-50011
PK-00045,18678,1,DRIM12-083,1,1,A-35-1,E012,10/31/25,SH-50012
PK-00046,18678,2,DRIsize6-105,12,12,D-16-1,E019,10/31/25,SH-50012
PK-00047,15068,1,ANCM8-040,4,,D-40-3,E015,12-Sep-2025,SH-50013
PK-00048,15068,2,ANC3410-034,3,3,F-33-2,E020,2025-09-12,SH-50013
PK-00049,19863,,FLAM6-031,100,100,B-08-1,E017,2025-10-05,SH-50014
PK-00050 ,19863,2,HEX60-080,50,50,D-23-4,E016,05-Oct-2025,SH-50014 
PK-00051,19863,3,SOC1375-113,50,50,A-16-5,E017,2025-10-06,SH-50014
PK-00052 ,19863,4,CAB80-139,100,99,C-14-1,E013,2025-10-05,SH-50014
PK-00053,17002,1,CUTM12-054,,25,F-40-5,E018,2025-08-16,SH-50015
PK-01503,18378,5,CUT1213-024,2,1,C-32-5,E017,"Jun 18, 2025",SH-50350
PK-00054,19916,1,DRI2000-048,1,1,E-03-4,E019,11/29/25,SH-50016
PK-00055,19916,3,SOC1500-097,12,11,D-33-3,E012,11/29/25,SH-50016
PK-01300,11644,6,HOS1000-086,50,50,D-37-2,E020,2025-12-26,SH-50297
PK-00056,19916,4,FLASIZE8-045,25,25,C-08-2,E018,2025-11-28,SH-50016
PK-00057,19916,5,SOCM10-021,10,10,C-13-5,E016,2025-11-29,SH-50016
PK-00058,19916,6,B62-454,25,25,D-24-2,E021,2025-11-29,SH-50016
PK-00059,16630,2,CABsize8-111,,10,E-22-5,E015,01/19/2026,SH-50017
PK-00060,16630,3,CUTM12-054,1,1,B-27-5,E012,2026-01-18,SH-50017
PK-00061,16630,4,HOSM10-070,12,12,D-39-1,E017,2026-01-19,SH-50017
PK-00062,16630,5,DRIsize4-077,50,50,D-17-1,E020,18-Jan-2026,SH-50017
PK-00063,16630,6,LOC1420-087,6,6,E-18-5,E014,2026-01-18,SH-50017
PK-00064,16630,7,ABRM12-095,6,6,F-40-5,E021,01/19/2026,SH-50017
PK-00065,17218,1,BRG-6205-IMP ,25,25,A-08-2,E017,21-Oct-2025,SH-50018
PK-00066,,2,DRIsize6-105,1,0,B-36-4,E018,2025-10-21,SH-50018
PK-00067,17218,3,DRI2000-004,10,10,F-18-4,E013,2025-10-21,
PK-00068,17218,4,SOC1250-011,6,6,D-35-1,E021,2025-10-21,SH-50018
PK-00069,17218,5,ANC51618-019,100,100,B-13-1,E013,21-Oct-2025,SH-50018
PK-01480,15765,2,ABR1500-059,4,4,D-05-2,E018,2025-07-28,SH-50344
PK-00070,17468,1,FLAsize8-029,4,4,E-30-4,E016 ,24-May-2025,SH-50019
PK-00071,17468,2,HEX60-080,4,4,F-32-5,E020,2025-05-25,SH-50019
PK-00072,11286,1,ANC51618-020,3,3,E-25-4,E021,2025-10-20 ,SH-50020
PK-00073,11286,2,CAB50-127,4,,B-28-4,E015,2025-10-20,SH-50020
PK-00074,11286,3,DRI3816-044,4,4,F-10-4,E012,10/20/25,SH-50020
PK-00075,11286 ,4,SOCsize6-063,12,12,F-23-3,E015 ,10/19/2025,SH-50020
PK-00076,11286,5,FLAM10-028,12,12,D-16-1,E021,2025-10-20,SH-50020
PK-00077,11286,6,NIT1250-117,6,6,F-16-2,E019,2025-10-20,SH-50020
PK-00078,,7,HEX1420-030,12,12,D-04-4,E013,2025-10-19,SH-50020
PK-00079,11286,8,FLAsize8-029 ,50,50,C-02-1,E017,2025-10-20,SH-50020
PK-00080,,1,ANCM8-001,1,,C-31-1,E016,13-Aug-2025,SH-50021
PK-00081,11649,2,ABR1500-059,25,25,F-02-4,E021,08/14/2025,SH-50021
PK-00082,11649,3,ANCM8-040,2,2,D-32-5,E012,"Aug 13, 2025",SH-50021
PK-00083,11649,5,ANC3816-039,200,200,C-08-5,E018,2025-08-13,SH-50021
PK-00084,15309,1,,4,4,A-04-1,E013,"Sep 03, 2025",SH-50022
PK-00085,11616,1,NIT1250-117,50,50,C-18-4,E013,10/17/25,SH-50023
PK-00086,11616,3,FLA1420-002,50,50,D-26-2,E018,2025-10-18 ,SH-50023
PK-00087,11616,4,LOC1250-102,200,200,E-09-4,E021,10/18/2025,SH-50023
PK-00088,11616,5,SOC1250-123,6,6,E-21-2,E018,"Oct 18, 2025",SH-50023
PK-00089,11616,6,DRIsize8-138,2,2,E-33-2 ,E013,2025-10-17,SH-50023
PK-00090,15092,1,ABRM12-109,12,12,D-02-1,E012,2025-11-30,SH-50024
PK-00091,15092,2,DRIsize8-138,6,6,E-26-5,E015,2025-11-29,SH-50024
PK-00092,15092,3,DRIsize4-017,,12,E-37-4,E014,2025-11-29,SH-50024
PK-00093,15092,4,CUTM6-041,2,2,C-37-2,E016,2025-11-30,SH-50024 
PK-00094,15092,6,DRI3410-068,100,100,A-25-3,E012,"Nov 30, 2025",SH-50024
PK-00095,15092,7,HOSsize8-128,200,200,C-26-4,E013,2025-11-29,SH-50024
PK-00096,15092,8,SOC2000-025,6,6,C-27-1,E018,2025-11-29,SH-50024
PK-00097,,1,LOCM6-053,10,,E-39-4,E014 ,06/18/2025,SH-50025
PK-00098,10863,2,DRI3410-068,6,6,F-09-4,E021,"Jun 18, 2025",SH-50025
PK-00099,10863,3,CABsize4-075,2,2,F-05-5,E020,2025-06-18,SH-50025
PK-00100,10863,4,ANCM12-027,1,1,A-26-5,E012,2025-06-17,SH-50025
PK-00101,19131,2,DRIsize4-017,4,4,D-18-1,E013,2025-07-19,SH-50026
PK-00102,19131,3,FLAsize6-134,2,2,B-09-1,E020,2025-07-19,SH-50026
PK-00103,18901,1,HEX1420-030,12,12,D-02-2,E019,2025-10-29,SH-50027
PK-00104,18901,2,DRI3410-068,50,,B-06-5,E020,2025-10-28,SH-50027
PK-00105,18901,3,ANC51618-019,200,200,F-36-5,E020,2025-10-28,SH-50027
PK-00106,18901,4,SOC2000-025,25,25,F-28-2,E016,"Oct 28, 2025",SH-50027
PK-00107,18901 ,5,DRI3410-068 ,2,2,F-33-2,E015,2025-10-29,SH-50027
PK-00108,18901,6,CUT5811-066,2,2,D-17-5,E015,10/28/2025,SH-50027
PK-00109,18901,7,FLA1420-090,6,6,E-40-5,E017,10/28/25,SH-50027
PK-00110,18901,8,ANC3410-034,1,1,B-06-2,E016,2025-10-28,SH-50027
,19099,1,ANC51618-020 ,5,5,F-24-1,E015,14-Nov-2025,SH-50028
PK-00112,19099,2,HEXsize8-101,4,4,E-13-5,E017,11/13/2025,SH-50028
PK-00113,19099,3,HOSsize6-084,12,12,A-04-1,E012,2025-11-14,SH-50028
PK-00114 ,19099,4,LOC60-076,200,200,C-02-2,E018,2025-11-14,SH-50028
PK-00115,19099,5,ANC51618-020,1,1,E-36-3,E016,"Nov 14, 2025",SH-50028
PK-00116,19099,8,HEX2000-093,50,50,E-05-1,E019,2025-11-14,SH-50028
PK-00117,10122,2,CUT3410-037,100,100,C-15-2,E015,2026-03-06,SH-50029
PK-00118,10122,3,FLAM12-013,10,10,D-30-5,E019,2026-03-07,SH-50029
PK-00119,10122,4,LOC60-076,2,2,C-26-1,E016,2026-03-07,SH-50029
PK-00120,10122,5,CUTM12-054,200,200,C-04-3,E021,2026-03-07,SH-50029
PK-00121,16833,1,SOC51618-129,2,2,F-16-2,E019,16-Aug-2025,SH-50030
PK-00122,16833,2,SOC51618-129,25,25,B-40-1,E017,2025-08-15,SH-50030
PK-00123,16833,3,HEXsize8-000,2,2,F-04-3,E016,08/15/25,SH-50030
PK-00124,16833,5,HEXM12-056,4,4,A-33-5,E014,08/15/2025,SH-50030
PK-00125,16833 ,6,,10,10,B-19-1,E012,"Aug 15, 2025 ",
PK-00126,16833,7,LOCM8-108,25,25,A-28-1,E017,2025-08-15,SH-50030
PK-00127,18441,1,FLA1213-026,4,4,E-27-5,E017,"Jul 10, 2025",SH-50031
PK-00128,18441,3,LOC60-076,12,12,C-38-2,E017,2025-07-10,SH-50031
PK-00129,18441,4,LOCsize4-081,4,4,F-35-4,E012,07/09/2025,SH-50031
PK-00130,18441,5,FLA1213-026,50,50,F-16-5,E017,07/10/25,SH-50031
PK-00131,18441,6,ABRM12-095,6,6,C-38-5,E018,09-Jul-2025,SH-50031
PK-00132,18441,7,BRG-6205,25,25,B-16-3,E015,2025-07-10,SH-50031
PK-00133,18441,8,ABRM12-109,,6,B-17-2,E021,2025-07-09,SH-50031
PK-00134,10719,1,DRIsize6-105 ,12,12,C-08-4,,2025-04-28,SH-50032
PK-00135,10719,2,LOCsize4-081,12,12,C-04-3,E018,04/28/25,SH-50032
PK-00136,10719,3,DRIsize4-017,2,,E-39-5,E019,2025-04-27,SH-50032
PK-00137,10719,4,LOC2000-115,25,25,A-33-4,,28-Apr-2025 ,SH-50032
PK-00138,10719,5,ANCM6-073,12,12,A-11-2,E018,28-Apr-2025,SH-50032
PK-00139,10719,6,CUT1420-049,200,200,F-05-1,E019,04/27/2025,SH-50032
PK-00140,10719,7,CUT3410-037,25,25,C-14-4,E017,04/28/25,
PK-00141,10719,8,CUT2000-023,100,100,A-03-5,E021,2025-04-28,SH-50032
PK-00142,,1,SOCsize6-063,2,2,B-22-4,E016,2025-05-03,SH-50033
PK-00143,12130,2,HEXM10-116,100,100,C-01-2,E020,05/02/25,SH-50033
PK-00144,12130,3,CAB5811-137,1,0,C-20-4,E015,"May 03, 2025",SH-50033
PK-00145,12130,5,DRI1500-016,6,6,A-03-2,E013,05/03/2025,SH-50033
PK-00146,11933,1,CUT80-015,2,2,E-36-1,E013,24-SEP-2025,SH-50034
PK-00147,11933,2,HEX80-033,10,10,F-10-4,E019,2025-09-24,SH-50034
PK-00148,10645,1,FLAM10-028,200,200,E-31-1,E014,2025-09-02,SH-50035
PK-00149 ,10645,2,DRIsize8-138,10,10,C-23-5,E012,2025-09-02,SH-50035
PK-00150,10645,3,ANC51618-019,2,2,A-28-1,E015,09/02/2025,SH-50035
PK-00151,,4,HEXsize8-101,2,2,,E020,09/02/25,SH-50035
PK-00152,10645,5,DRIsize6-105,25,25,B-34-2,E019,,SH-50035
PK-00193,13428,3,DRI1500-016,200,200,E-07-5,E020,02/10/26,
PK-00153,10645,6,DRIM10-072,1,1,C-31-1,E012 ,2025-09-02,SH-50035
PK-00154,10645,7,SOCM10-021,10,10,C-01-5,E015,01-Sep-2025,SH-50035
PK-00155,18712,1,CUT1213-024,4,4,E-25-1,E017,2025-11-17,SH-50036
PK-00156,18712,2,FLAsize8-045,2,2,D-17-2,E012,2025-11-16,SH-50036
PK-00157,18712,3,ABRM12-046,10,10,E-14-5,E018,2025-11-17,SH-50036
PK-00158,18712,4,HEX1250-124,100,,C-07-1,E015,2025-11-17,SH-50036
PK-00159,18712,5,DRIsize8-138,200,200,C-27-3,E013,2025-11-16,SH-50036
PK-00160,18712,6,HOSsize6-103,6,6,F-03-3,E021,16-Nov-2025,SH-50036
PK-00161,18712,7,DRIM12-083,1,1,A-09-2,E017,"Nov 16, 2025",SH-50036 
PK-00162,18712,8,HEX80-033,4,4,C-06-2,E016,16-Nov-2025,
PK-00163,11271,1,HEX60-055 ,12,12,C-03-1,E018,24-NOV-2025,SH-50037
PK-00164,11271,2,ABRM12-095,4,4,C-09-1,E021,2025-11-23,SH-50037
PK-00165,11271,3,DRI2000-004,1,1,E-31-1,E021,"Nov 23, 2025",SH-50037
PK-00166,11271,4,ABR1250-018,2,2,E-06-4,,"Nov 24, 2025",SH-50037
PK-00167,11271,,SOC51618-057,1,1,C-05-2,E014,11/23/2025,SH-50037
PK-00168,18673,1,FLA60-122,25,25,C-09-1,E015,2025-09-12,SH-50038
PK-01140,19690,6,ANC51618-019,12,12,B-05-1,E019,"Sep 18, 2025",SH-50263
PK-00169,18673,2,HOSsize6-103,1,1,B-34-4,E013,09/12/2025,SH-50038
PK-00170,18673,3,ANC3410-074,5,5,B-19-2,E014 ,11-Sep-2025,SH-50038
PK-00171,18673,4,HEXsize8-000,10,10,E-03-1,E018,2025-09-11,SH-50038
PK-00172,18673,5,HEX3410-042,200,199,F-06-2,E016,2025-09-11,SH-50038
PK-00173,18673,6,ABRM12-095,4,4,B-28-3,E016,2025-09-12,SH-50038
PK-01209,13323,3,ANCM8-001,1,1,A-06-4,E014,07-Jul-2025,SH-50277
PK-00174,18673,7,LOCM8-108,50,,F-26-3,E018,2025-09-11,SH-50038
PK-00175,19684,1,ANC51618-019,6,6,C-33-1 ,E020,2025-08-11,SH-50039
PK-01300,11644,6,HOS1000-086,50,50,D-37-2,E020,2025-12-26,SH-50297
PK-00176,19684,2,SOC1500-097,200,200,A-31-4,E013,08/11/25,
PK-00177,19684,3,ABRM8-051,10,10,E-34-1,E018,08/11/2025,SH-50039
PK-00178,19684,4,HOSsize8-128,4,4,B-06-1 ,E012,2025-08-11,SH-50039
PK-00179,19684,5,SOCsize6-098 ,,25,E-03-5,,2025-08-12,SH-50039
PK-00180,19684,6,CUT60-119,200,200,A-36-1,E014,2025-08-11,SH-50039
,19684,7,SOC2000-071,50,50,D-02-1,E015,2025-08-12 ,SH-50039
PK-00182,19684,8,FLAsize8-045,2,2,,E018,08/11/2025,SH-50039
PK-00183,17904,1,FLA50-065,12,12,B-09-1,E019,04-Jul-2025,SH-50040
PK-00184,17904,2,FLAsize6-134,25,25,B-25-5,E015,2025-07-04,SH-50040
PK-00185,17904,3,ANC51618-020,1,1,B-02-1,E021,2025-07-05,SH-50040
PK-00186,17904,4,HOSM12-104,6,6,D-11-5,E020,"Jul 05, 2025",SH-50040
PK-00187,17904,5,NIT80-132,200,200,F-30-1,E021,07/05/25,SH-50040
PK-00805,16594,6,LOCM10-085,,12,F-04-3,E014,,SH-50191
,17904 ,6,FLA1213-026,4,4,F-01-3,E016,07/05/25,SH-50040
PK-00189,17904,7,CAB80-139,25,25,C-06-4,E021,2025-07-05,SH-50040
PK-00190,17904 ,8,DRIsize4-077,10,10,F-24-1,E015,2025-07-04,SH-50040
PK-00191,13428,1,LOC60-069,6,6,E-11-1,E017,2026-02-11,SH-50041
PK-00192,13428,2,FLAM10-028,100,100,B-03-2,E018,2026-02-11,SH-50041
PK-00193,13428,3,DRI1500-016,200,200,E-07-5,E020,02/10/26,
PK-00194,13428,4,ABRsize8-032 ,10,10,E-35-4,E016,2026-02-11,SH-50041
PK-00195,15368,1,ABR50-010,4,4,F-38-4,E020,07/24/25,SH-50042
PK-00196,14413,1,BRG-6205,1,1,E-28-3,E018,"May 04, 2025",SH-50043
PK-00197,14413,2,LOCM6-053,100,100,A-32-3,E019,"May 03, 2025",SH-50043
PK-00198,14413,3,ANC51618-019,200,200,E-33-4,E020,2025-05-04,SH-50043
PK-00199,14413,4,HEX60-055,,2,D-29-5,E012,05/03/2025,SH-50043
PK-00200,16765,1,DRI3816-044,25,25,D-17-1,E015,20-Jul-2025,SH-50044
PK-00201,16765,2,CUTM6-061,50,50,A-19-5,E019,2025-07-19,SH-50044
PK-00202,16765,,6308-882,12,12,C-38-3,E015,19-Jul-2025,SH-50044
PK-00203,16765,4,CUT1213-024,4,4,B-10-5,E017,07/19/2025,SH-50044
PK-00204,16765,5,DRI3410-068,4,4,B-33-1,E015,2025-07-20,SH-50044
PK-00205,14934,1,CUTM6-061,25,25,B-05-2,E015,"Jun 02, 2025",SH-50045
PK-00206,14934,2,CUT1420-049,100,100,A-26-3,E015,06/01/25,SH-50045
PK-00207,17015,1,LOC60-135,1,1,F-18-4,E013,2025-06-11,SH-50046
PK-00208,17015,2,HHCS-254,2,2,E-29-1,E014,"Jun 12, 2025 ",SH-50046
PK-00889,10851,4,DRI2000-048,10,10,F-30-2,E014,02/27/26,SH-50208
PK-00209,17015,3,ANCM6-043,50,50,B-25-4,E020,2025-06-11,SH-50046
PK-00210,17015,4,B62-454,4,3,A-34-1,E019,2025-06-12,SH-50046
PK-00211,17015,5,ANC51618-020,1,1,C-03-3,E019,2025-06-12,SH-50046
PK-00212,15650,1,HEX60-080,10,10,D-18-3,E012,07-Dec-2025,SH-50047
PK-00213,15650,2,CAB1420-107,1,1,A-35-4,E018,2025-12-07,SH-50047
PK-00214,15650,3,NIT1250-117,2,2,D-16-5,E017,2025-12-08,SH-50047
PK-00215,15650 ,5,ANCM6-043,50,50,F-10-4,E012 ,08-Dec-2025,SH-50047
PK-00216,18320,1,B62-454,2,2,E-31-2,E013,2025-10-06,SH-50048
PK-00217,18320,2,ABRM12-046,25,25,A-37-5,E014,"Oct 05, 2025",SH-50048
PK-00218,10901,1,NIT80-132,6,6,D-23-2,E015,2025-06-01,SH-50049
PK-00219,10901,2,CAB80-139,25,25,B-05-1,E012,2025-05-31,SH-50049
PK-00220,10901,3,SOC1250-011,12,12,B-26-5,E021,05/31/2025,SH-50049
PK-00221,14512,1,ABRM8-051,6,6,D-36-3,E019,2026-03-21,SH-50050
PK-00222,14512,3,CABsize4-007,12,12,B-07-5,E016,03/21/26,SH-50050
PK-00223,14512,6,HHCS-254,200,200,E-24-3,E016 ,2026-03-21,SH-50050
PK-00224,14512,7,SOC2000-025,,6,B-30-4,E013,2026-03-21,SH-50050
PK-00225,13187,1,CAB5811-137,12,12,D-09-2,E016,2026-03-02,SH-50051
PK-00226,13187,2,CAB1250-008,2,2,E-40-5,E015,2026-03-01,SH-50051 
PK-00227,13187,3,FLAM10-028,50,50,E-19-5,E014,"Mar 01, 2026",SH-50051
PK-00228,13187,4,ABRM12-095,200,200,F-01-1,E013,2026-03-02,SH-50051
PK-00229,13187,6,LOCsize4-081,10,10,B-34-2,E017,2026-03-02,SH-50051
PK-00230,13187,7,DRIsize4-077,1,1,F-18-3,E017,2026-03-01,SH-50051 
PK-00231,13187,8,CUT1500-089,4,4,D-26-2,E019,03/02/26,SH-50051
PK-00232,12871,1,ABR1250-018,4,4,D-34-3,E020,09/18/25,SH-50052
PK-00233,12871,2,ANC3816-039,50,50,A-17-5,E013,2025-09-17,SH-50052
PK-00234,12871,3,,25,25,C-15-1,E016,2025-09-18,SH-50052
PK-00235,19501,1,ANCM8-001,2,1,D-03-5,E019,2026-03-27,SH-50053
PK-00236,19501,2,HEXM8-094,200,200,D-34-4,E014,"Mar 27, 2026",SH-50053
PK-00237,10029,1,CUTM12-054,1,1,B-09-4,E013,2026-03-20,SH-50054
PK-00238,10029 ,2,HEXsize8-101 ,1,1,C-30-5,E017,2026-03-19,SH-50054
PK-00239,10029,3,ANCM6-043,2,2,E-24-4,E020,2026-03-19,SH-50054
PK-00240,10029,4,ABR1250-018,6,6,F-07-4,E015,2026-03-20,SH-50054
PK-00241,10029,5,LOC1420-087,2,2,F-16-1,E017,2026-03-20,SH-50054
,10029,6,HEXM12-056,10,10,E-37-4,E016,2026-03-19,SH-50054
PK-00243,14530,1,HOSsize6-103,,10,A-05-2 ,E018,2025-10-23,SH-50055
PK-00244,14530,2,HEX2000-093,,25,A-29-3,E015,"Oct 22, 2025",SH-50055
PK-00245,14530,3,ANCM8-040,4,4,B-10-2,E016,10/23/25,SH-50055
PK-00246,14530,4,HEXM10-131,50,50,A-30-1,E018,"Oct 23, 2025",SH-50055
PK-00247,14530,5,HOSM10-070,50,50,A-35-4,E016,2025-10-23,SH-50055
PK-00248,14530,6,HEXM8-094,1,1,B-26-4,E021,23-Oct-2025,SH-50055
PK-00249,16173,1,CAB1250-008,50,49,D-01-2,E018,23-Sep-2025,SH-50056
PK-00250,16173,2,CUT1420-049 ,12,11,B-19-1,E018,2025-09-24,SH-50056
PK-00156,18712,2,FLAsize8-045,2,2,D-17-2,E012,2025-11-16,SH-50036
PK-00251,13048,1,CAB1250-008,4,4,B-35-1,E020,"Mar 09, 2026",SH-50057
PK-00252,13048,2,DRI2000-048,2,2,E-20-3,E021,"Mar 08, 2026",SH-50057
PK-00253,13048,3,CUT1420-049,200,200,B-10-2,E013,2026-03-08,SH-50057
PK-00254,13625,1,FLA1213-026,4,4,D-03-1,E012,"Dec 17, 2025",SH-50058
PK-00255,13625,2,HOSM10-070,100,100,A-12-5,E016,12/18/2025,SH-50058
PK-01197,14755 ,5,,4,4,E-19-4,E018,"Dec 10, 2025",SH-50274
PK-00256,13625,3,LOC60-135,6,6,D-14-3,E019,2025-12-18,SH-50058
PK-00257,,4,HHCS-254,4,4,A-22-3,E015,12/18/2025,SH-50058
PK-00258,11455,1,ANCsize6-005,1,1,D-40-3,E014,2025-06-20,SH-50059
PK-00259,16494,1,ABRM8-051,10,10,B-01-2,E020,2026-01-27,SH-50060
PK-00260,16494,2,CUTM12-054,12,12,E-28-2,E013,01/27/2026,SH-50060
PK-00261,16494,3,LOCsize8-120,4,4,B-15-1,E021,01/28/2026,SH-50060
PK-00262,16494,4,CUTM6-061,10,10,B-06-5,E019,27-Jan-2026,SH-50060
PK-00263,10582,1,CAB80-139,100,100,B-07-2,E015,10/17/25,SH-50061
PK-00264,10582,,LOC3410-096,200,200,D-09-5,E012,2025-10-16,SH-50061
PK-00265,10139,1,HEX1250-124,200,200,F-36-1,E020,"Jun 24, 2025",SH-50062
PK-00266,10139,2,ANC51618-019,100,100,D-01-3,E015,24-Jun-2025,SH-50062
PK-00267,10139,3,LOCM6-053,4,4,B-26-2,E019,2025-06-23,SH-50062
PK-00268,10139,4,SOC1375-113,6,6,D-38-1,E017,2025-06-24,SH-50062
PK-00269,10139,5,6308-882,10,10,E-11-4,E017,2025-06-23,SH-50062
PK-00270,10139,6,NIT80-132,2,2,B-17-3,E014,2025-06-24,SH-50062
PK-00271,10139,7,ABR1250-018,1,1,A-20-5,E012,06/23/2025,SH-50062
PK-00272,10139,8,SOC2000-025,6,6,C-19-1,E017,2025-06-24,SH-50062
PK-00273 ,11967,1,CUT3410-037,12,12,A-02-5,E018,2026-01-06,SH-50063
PK-00274,11967,2,FLA1213-026,200,200,D-07-1,E014,2026-01-07,
PK-00275,11967,3,CUTM6-047,12,12,E-22-4,E014,06-Jan-2026,SH-50063
PK-00276,11967,4,LOC60-069,200,200,B-10-5,,2026-01-07,SH-50063
PK-00277,15931,1,HEXM10-116,10,10,F-31-2,E019,14-Jan-2026,SH-50064
PK-00278,15931,2,6308-882,4,,B-37-5,E016 ,2026-01-14,SH-50064
PK-00279,15931,3,LOCM8-108 ,100,100,C-25-2,E019,,
PK-00280,15931,4,FLAM12-013,1,1,D-07-3,E016,2026-01-14,SH-50064
PK-00082,11649,3,ANCM8-040,2,2,D-32-5,E012,"Aug 13, 2025",SH-50021
PK-00281,15931,5,CUT1213-024,200,200,C-30-2,E017,2026-01-14,SH-50064
PK-00282,15931,6,LOC60-060,200,200,,E016,01/14/2026,SH-50064
,15931,7,HHCS-254,12,12,F-07-5,E012,2026-01-14,SH-50064
PK-00284,15931,8,FLAsize6-118,50,49,D-28-4,E021,14-Jan-2026,SH-50064 
PK-00285 ,12574,1,HEXM8-094,10,10,E-07-4,E016,06/22/2025,SH-50065
PK-00286,12574,2,HEX3410-042,2,2,C-12-3,E020,06/22/25,SH-50065
PK-00287,12574,4,B62-454,1,,B-01-4,E015,2025-06-23,SH-50065
PK-00288,12530,2,HEX3410-042,2,2,D-30-5,E015,01-Aug-2025 ,SH-50066
PK-00160,18712,6,HOSsize6-103,6,6,F-03-3,E021,16-Nov-2025,SH-50036
PK-00289,13419,1,CAB1420-107,2,2,F-24-3,E017,2025-08-24,SH-50067
PK-00290,13419,2,LOC3410-092,50,50,F-12-1,E014,2025-08-25,SH-50067
PK-00291,13419,4,LOC3410-092,25,25,E-40-5,E012,2025-08-25,SH-50067
PK-00292,13419,5,NIT1250-117,12,12,A-25-2,E015,2025-08-24,SH-50067
PK-00293,13419,6,6308-882,200,200,A-01-1,E013,2025-08-25,SH-50067
PK-00294,16170,1,CABsize8-111,12,12,D-10-5,E015,2025-10-31,SH-50068
PK-00295,16170,2,ANCM8-040,200,200,F-16-2,E021,"Oct 30, 2025",SH-50068
PK-00296,16170,3,HOSsize6-084,6,6,E-22-4,E013,2025-10-31 ,SH-50068
PK-00812,12372,4,CUTM6-047 ,200,200,A-20-1,E013,2025-11-30,SH-50193
PK-00297,15683,1,ABRM12-046,200,200,B-23-2,E021,2025-12-03,SH-50069
PK-00298,15683,2,HOSsize6-084,12,12,F-12-4,E015,"Dec 02, 2025",SH-50069
PK-00299,15683,3,LOC60-069,100,99,A-31-5,E021,2025-12-02,SH-50069
PK-00300,15683,5,HOSsize6-084,25,25,A-26-4,,2025-12-02,SH-50069
PK-00301,17352,1,SOC1250-011,12,12,B-24-5,E021,"Jul 14, 2025",SH-50070
,19561,1,CUT2000-023,6,,C-12-5,E020,2025-06-08,SH-50071
PK-00303,19561,2,LOC5811-099,25,25,A-34-3,E015,2025-06-09,SH-50071
PK-00304,19561,3,HEXsize8-000,12,12,D-06-3,E020,06/09/2025,SH-50071
PK-00305,11362,,FLAM12-013,1,1,B-40-2,E017,2026-03-19,SH-50072
PK-00306,11362,2,HEX60-055,4,4,C-24-2,E019,"Mar 20, 2026",SH-50072
PK-00307,11362,3,SOC51618-057,25,,D-25-2,E013,2026-03-19,SH-50072
PK-00308,11362,4,NIT80-132,200,200,C-18-4,E015,2026-03-19,SH-50072
PK-00309,19035,1,NIT1250-117,1,1,D-38-4,E017,,SH-50073
PK-00310,10474,1,LOC5811-099,25,25,C-38-4 ,E016,03/24/26,SH-50074
PK-00311,10474,3,ABRM12-109 ,10,10,E-35-4,E019,2026-03-24,SH-50074
PK-00312 ,10474,4,HEXM8-094,10,10,F-28-3,E017,2026-03-24,SH-50074
PK-00313,10474,5,FLA1213-026,10,10,F-03-1,E012,,SH-50074
PK-00314 ,10474,6,SOC1250-123,10,10,B-37-2,E016,2026-03-24,SH-50074
PK-00315,10474,8,ANC3410-034,3,3,D-08-4,E018,25-Mar-2026,SH-50074
PK-00316,12868,1,SOC1250-123,100,100,E-23-5,E019,2026-02-26,SH-50075
PK-00317,17754,1,ANC3816-039,12,12,A-20-2,E015,06/23/2025,SH-50076
PK-00318,17754,2,ABRM8-051,4,4,C-37-1,E018,06/23/2025,SH-50076
PK-00319,17754,3,LOC60-135,,25,C-39-5,E016,2025-06-22,SH-50076
PK-00320,17754,,HEX1420-014 ,50,50,C-40-2,E018,2025-06-23,SH-50076
PK-00321,16425,1,ABRsize6-012,6,6,D-22-1,E020,2026-02-04,SH-50077
PK-00322 ,16425,2,LOC3410-096,4,4,F-31-1,E017,2026-02-05,SH-50077
PK-00323,16425,4,NIT1250-117,25,25,A-24-3,E012,2026-02-04,SH-50077
PK-00324,10795,1,ANC3410-034,1,1,B-01-5,E014,2025-11-01,
PK-00325,13572,1,CAB1420-125,100,100,F-34-1,E012,2025-09-15,SH-50079
PK-00326,13572,2,FLAsize8-045,1,1,C-17-2,E018,2025-09-14,SH-50079
PK-00327,16604,1,CUT3410-037,4,4,B-05-5,E016,05/29/25,SH-50080
PK-00328,16604,3,CUTM6-041,4,4,F-01-4,E016,2025-05-28,SH-50080
PK-00329,11948,1,CUT5811-066,1,1,C-38-1,E018,08/14/25,SH-50081
PK-00330,11948,2,ANC51618-019,50,50,F-37-5,E021,2025-08-13,SH-50081
PK-00331,11948,3,HOSsize6-084,2,2,B-13-2,E014,2025-08-13 ,SH-50081
PK-00332,11948,4,CAB1250-008,4,4,C-33-2,E018,08/13/25,SH-50081
PK-00333,11948,5,LOC3410-092,1,1,D-30-5,E020,2025-08-13,SH-50081
PK-00334,11948,6,CUT1213-024,2,2,F-22-2,E015,2025-08-14,SH-50081
PK-00335,11598,1,HEX3410-042,25,25,E-29-4,E020,2025-06-26,SH-50082
PK-00336,11598,3,LOC3410-096,12,,F-09-2,E012,2025-06-27,SH-50082
PK-00337,11598,4,HEX1250-124,25,,A-24-3,E015,06/26/2025,SH-50082
PK-00338,17735,1,DRI3410-068 ,50,50,C-15-5,E013,08/02/2025,SH-50083
,17735,2,DRIM10-072,25,25,A-21-3,E021,2025-08-02,SH-50083
PK-00340 ,17735,3,CUT3410-037,100,100,A-18-2,E016,08/01/2025,SH-50083
PK-00341,17735,4,CUTsize8-078 ,50,50,E-28-4,E018,2025-08-01,SH-50083
PK-00342,10765,1,CAB5811-137,1,1,C-39-1 ,,2025-11-05 ,SH-50084
PK-01410,17988,1,SOC2000-025,50,50,C-38-4,E013,2025-12-17,SH-50326
PK-00343,10765,3,FLAsize8-045,25,25,E-39-2,E020,2025-11-06,SH-50084
PK-00344,10765,4,SOCsize6-063,10,10,D-35-1,E018,11/05/25,SH-50084
PK-00345,10765,5,HOSM12-104,10,10,E-24-5,E016,2025-11-06,SH-50084
PK-00346,10765,6,CUT50-067,200,200,D-36-4,E020,"Nov 05, 2025",SH-50084
PK-00347,10765 ,7,BRG-6205-IMP,4,4,A-13-2,E016,2025-11-06,SH-50084
PK-00348,12983,1,ANC51618-019,2,2,E-12-2 ,E020,2025-06-18,SH-50085
PK-00349,12983,2,DRIM12-083,2,2,F-20-4,E014,2025-06-18,SH-50085
PK-00350,12983,3,ABR50-010,6,6,A-28-4,E016,2025-06-17,SH-50085
PK-00351,12983,4,FLA60-122,1,1,F-19-4,E021,2025-06-17,SH-50085
PK-00352,13233,1,DRI3410-068,25,25,D-04-4,E016,06/19/25,SH-50086
PK-00353,13233,2,HOS1213-006,25,25,C-27-5 ,E017,2025-06-18,SH-50086
PK-00354,13233,3,DRI2000-048,50,50,D-28-1,E015,2025-06-19,SH-50086
PK-00355,13233,4,LOCM6-053,50,50,A-27-3,E014,2025-06-18,SH-50086
PK-00356,13233,5,ANC3410-034,1,1,C-22-1,E017,06/18/2025,SH-50086
PK-00357,13233,6,CAB1420-107,25,25,C-40-3,E016,"Jun 18, 2025",SH-50086
PK-00358,18229,1,CUT1213-024,50,50,D-07-2,E012,03/24/2026,SH-50087
PK-00359,18229,3,DRI3410-068,1,1,B-06-2,E017,2026-03-25,SH-50087
PK-00321,16425,1,ABRsize6-012,6,6,D-22-1,E020,2026-02-04,SH-50077
PK-00360,18229,4,HEX1420-014,1,1,F-17-1,E017,2026-03-25,SH-50087
PK-00361,19228,1,DRIsize8-138,100,100,D-27-3,E016,2025-07-31,SH-50088
PK-00362,19228,2,CUT50-067,2,2,F-06-2,E018,2025-07-30,SH-50088
PK-00363,19228,3,FLA50-065,4,4,F-21-3,E019,2025-07-31,SH-50088
PK-00364,19228,4,LOC60-069,4,4,D-21-2,E021,2025-07-31,SH-50088
PK-00365,19228,5,LOCM6-053,6,6,B-22-4,E013,07/30/2025,SH-50088
PK-00366,11676,1,CUT60-119,6,6,B-07-3,E016 ,2026-01-29,
PK-00367,11676,2,ANCM8-001,3,3,A-33-1,E017,2026-01-29,SH-50089
PK-00368,11676,3,ABR1250-018,6,6,F-39-5,E020,2026-01-29,
PK-00369,17241,1,HEX1250-124,2,2,F-20-1,E014,12/04/2025,SH-50090
PK-00370,17241,2,HEXsize8-101,4,4,F-39-1,E016,2025-12-04,SH-50090
PK-00371,17241,3,LOCM6-130,100,100,A-37-1,E019,2025-12-03,SH-50090
PK-00372,17241,5,LOC60-069,1,1,A-04-4,E020,03-Dec-2025,SH-50090 
PK-00373,17241,6,FLA1420-090,25,25,B-11-1,E014,2025-12-03,SH-50090
PK-00374,17241,7,CUT60-119,25,25,E-03-2,E013,"Dec 03, 2025",SH-50090
PK-00375,17241,8,CUT60-119,2,2,E-09-5 ,E018,2025-12-03,SH-50090 
PK-00376,16676,1,,2,2,C-40-2,E013,2025-05-23,SH-50091
PK-00377,15882,1,SOCM10-021,25,25,E-35-2,E015,2025-06-24,SH-50092
PK-00378,10815,1,NIT1250-117,,4,D-23-5,E017,2025-11-21,SH-50093
PK-00379,15535,1,ABR1250-018,2,2,B-07-5,E020,10/17/25,SH-50094
PK-00380,14974,1,ANCM6-073,1,1,E-36-1,E018,,SH-50095
PK-00381,16074,,LOC1420-087,1,1,C-10-4,E013,03/01/2026,SH-50096
PK-00382,16074,2,SOC51618-129,100,100,E-07-3,E013,2026-02-28,SH-50096
PK-00383,16074,3,LOC5811-099,6,6,D-21-4,E013,2026-02-28,SH-50096
PK-00384,16074,4,CUT50-067,25,25,E-05-4,E020,02/28/2026,SH-50096
PK-00385,16074,5,HEXM10-131,100,100,E-39-3,E021,01-Mar-2026,SH-50096
PK-00386,16074,6,DRI1500-016,10,10,E-04-2,E012,2026-03-01,SH-50096
PK-00387,16074,7,LOCM6-053,200,200,D-32-5,E015,2026-03-01,SH-50096
PK-00388,16074,8,HOS1213-006,50,49,A-03-3,E017,2026-03-01,SH-50096
PK-00389,14398,1,DRIsize4-017,10,,F-03-2,E015,2026-01-17,SH-50097
PK-00390,14398,2,LOC2000-115,50,50,F-19-2,E018,"Jan 17, 2026",SH-50097
PK-00391,14398,3,LOCM6-053,4,4,C-10-2,E013,2026-01-17,SH-50097
PK-00392,,4,DRIsize4-077,6,6,C-07-5,E015,2026-01-17,SH-50097
PK-00393,14398 ,6,CUT2000-023,1,,C-31-4,E016,2026-01-18,SH-50097
PK-00394,14398,7,HOS1213-006,25,25,A-23-3,E012,"Jan 18, 2026",SH-50097
PK-00395,16508,1,CUTM6-041,1,1,E-29-5,E013,2025-12-19,SH-50098
PK-00396,16508,2,FLAM12-013,,100,E-34-4,E014,2025-12-20,SH-50098
PK-00987,14023,5,HEX60-055,100,100,E-04-2,E021,10-Feb-2026,SH-50224
PK-00397,16508,3,NITM12-036,25,25,A-20-3,E014,2025-12-19,SH-50098
PK-00398,16508,4,SOC51618-129,2,2,D-11-1,E017,19-Dec-2025,SH-50098 
PK-00399,16508,5,HEX60-080,100,100,C-18-5,E014,2025-12-20,SH-50098
PK-00400,16508,6,ANCM10-050,50,50,A-01-3,E017,2025-12-19,SH-50098
PK-00401,11343,1,FLA1420-002,4,4,E-20-1,E015,2025-06-29,SH-50099
PK-00402,11343,2,DRISIZE6-110,50,50,C-30-2,E019,2025-06-28,SH-50099
PK-00403,11343,3,CUT1420-049,6,6,C-35-2,E019,2025-06-28,SH-50099
PK-00404,11343,4,CAB50-127,10,10,C-24-5,E013,"Jun 28, 2025",SH-50099
PK-00405,11343,5,LOC60-135,12,12,E-02-1,E014,2025-06-28,SH-50099
PK-00406,11343,7,CAB1420-125,12,12,D-06-5,E013,2025-06-28,SH-50099
PK-00407,11401,1,ANCM8-001,1,1,B-16-3,E019,12/23/25,SH-50100
PK-00408,11401,2,LOC2000-115,200,200,E-37-2,E016,23-Dec-2025,SH-50100
PK-00409,11401,3,SOC51618-057,4,4,E-25-2 ,E018,12/24/25,
PK-00410,11401,4,ABRM12-095,50,50,F-33-3,E019,"Dec 24, 2025",SH-50100
,11401,5,HOS1000-086,12,12,A-09-3,E014,12/24/25,SH-50100
PK-00412,17386,1,HOS1213-006,2,2,E-15-3,E019,2025-10-08,SH-50101
PK-00413,17386,2,SOCsize6-063,10,10,A-29-2,E016 ,2025-10-09,SH-50101
PK-00414,17386,3,HEX60-055,10,10,B-34-4,E013,2025-10-09,SH-50101
PK-00415,11493,1,CAB1420-107,6,6,A-01-4,E021,2026-02-13,SH-50102
PK-00416,16390,1,CUT2000-023,12,12,E-23-3,E012,2025-05-10,SH-50103
PK-00417,16390,2,HEX1420-014,12,12,F-26-3,E017,"May 10, 2025",SH-50103
PK-00418,16390,3,LOC1420-087,10,10,C-18-3,E015,05/10/2025,SH-50103
PK-00419,16390,,ANC80-062,2,2,B-19-1,E014,2025-05-09,SH-50103
PK-00420,16390,5,DRIsize4-077,10,10,D-15-5,E017,2025-05-10,SH-50103
PK-00261,16494,3,LOCsize8-120,4,4,B-15-1,E021,01/28/2026,SH-50060
PK-00421,16390,6,DRI1500-016,200,200,C-26-1,E015 ,2025-05-10,SH-50103
PK-00422,11415,1,ANC3410-074,3,3,A-24-5,E015,2025-10-10,SH-50104
PK-00423,11415,2,CUT1500-089,4,4,D-30-2,E020,2025-10-10,SH-50104
PK-00424,16821,1,DRIM10-072 ,200,200,E-33-2,E018,,SH-50105
PK-00425,16821,2,LOCM6-053,10,10,B-06-5,E015,2026-01-23,SH-50105 
PK-00426,16821,4,BRG-6205,4,4,F-33-4,E017,2026-01-22,SH-50105
PK-00427,16821,5,LOCM8-108,10,10,A-19-1,E018,2026-01-22,SH-50105
PK-00428,16045,1,DRIM10-072,6,6,F-05-4,E012,2026-03-18,SH-50106
PK-00429,16045,2,ANCsize6-005,5,5,D-19-2,E013,2026-03-19,SH-50106
PK-00755,10699,3,HEX1250-124,1,1,F-25-1,E014,2026-02-20,SH-50179 
PK-00430,16045,3,DRI2000-004,10,10,F-32-1,E018,2026-03-19,SH-50106
PK-00431,16045,4,HOS1000-086,100,100,E-10-3,E014,03/19/2026,SH-50106
PK-00432,16045 ,5,FLAsize6-134,12,12,C-34-4,E015,19-Mar-2026,SH-50106
PK-00433,16045 ,6,CAB1250-008,6,6,D-05-4,E015 ,2026-03-19,SH-50106
PK-00434,16045,7,ANCM6-073,25,25,F-40-2,E013,"Mar 18, 2026",SH-50106
PK-00435,19757,2,FLAsize6-134,4,4,C-14-2,E015,"Aug 20, 2025",SH-50107
PK-00436,19757,3,FLAsize8-029,2,2,B-27-3,E012,08/19/2025,SH-50107
PK-00437,19757,4,FLAM12-013,25,25,B-19-1,E020,08/20/25,SH-50107
PK-00438,19757,5,DRIsize4-077,50,50,B-02-4,E018,"Aug 19, 2025",SH-50107 
PK-00439,19757,6,FLA60-122,1,1,A-37-5,E016,08/19/25,SH-50107
PK-00440,19757,7,LOC3410-096,1,1,E-03-2,E018,"Aug 19, 2025",SH-50107
PK-00441,14207,1,ANCM10-050,50,50,C-33-1,E021,2025-11-18,SH-50108
PK-00442,14207,2,ANCM8-040,100,100,F-32-4,E013,2025-11-18,SH-50108
PK-00443,14207,3,,6,6,B-09-5,E020,2025-11-19,SH-50108
PK-00444,14207,4,FLAsize6-134,4,4,F-20-2,E016,11/19/2025,SH-50108
PK-00445,14207,5,HOSsize8-128,12,12,E-03-4,E014,2025-11-19,SH-50108
PK-00446,14207,6,FLA50-065,25,25,A-07-3,E021,2025-11-19 ,
PK-00447,14207,7,LOC3410-092,100,100,C-27-5,E017,"Nov 18, 2025",SH-50108
PK-00448,14207,8,ANC51618-020,1,1,A-01-5 ,E012,2025-11-19,SH-50108
PK-00449,18622,1,CAB5811-137,12,12,D-37-4,E020,08/27/25,SH-50109
PK-00450,18622,,,2,2,A-40-3,E017,2025-08-27,SH-50109
PK-00451,18622,3,LOC3410-096,1,1,E-34-3,E016,2025-08-27,SH-50109
PK-00452,18622,4,CABsize4-075,10,10,C-08-5,E015,2025-08-27,SH-50109
PK-00453,18622,5,ABR1250-018 ,6,6,F-38-2,E017,08/26/2025 ,SH-50109
PK-00454,14397,1,DRI3410-068,25,25,E-06-1,E012,02/12/26 ,SH-50110 
PK-00455,14397,2,CUTsize8-078,12,12,B-33-1,E016,2026-02-11,SH-50110
PK-00456,14397,3,FLA3410-112,2,2,C-05-2,E018,2026-02-12,SH-50110
PK-00457,14397,4,ANCM12-027,4,,A-07-4,E012,02/12/2026,SH-50110
PK-00458,14397,5,LOCM6-130,50,,D-08-5 ,E015,2026-02-12,SH-50110
PK-00459,14076,,FLAsize6-134,10,10,A-03-1,E019,"Sep 29, 2025",SH-50111
PK-00460,14076,2,LOC60-135,6,6,F-40-3,E014 ,29-Sep-2025,SH-50111
PK-00461,14076,3,CUTM6-061,50,49,A-15-3,E015,09/30/25,SH-50111
PK-00462,14705,2,HEXM10-131,50,50,D-38-2,E019,2025-11-29,SH-50112
PK-00463,14705,3,HEXM8-094,12,12,F-36-3,,11/29/25,SH-50112
PK-00464,14705,4,LOC60-135,200,200,D-17-5,E015,2025-11-29,SH-50112
,14705,5,LOC2000-115,10,10,E-13-4,,2025-11-29,SH-50112
PK-00466,14705,6,HOSsize6-103,25,25,B-03-5,E014,30-Nov-2025,SH-50112
PK-00467,14705,7,ABRsize6-012,12,12,C-15-1,E015,11/29/2025,SH-50112
PK-00468,14705,8,HOSM10-070,100,100,C-19-5,,2025-11-29,SH-50112
PK-00469,16947,1,FLA60-122,6,6,D-32-4,E021,,SH-50113
,16947 ,2,ANC3410-074,1,1,B-13-3,E018,11-Jun-2025,SH-50113
PK-00471,16947,3,FLA1420-090,10,9,D-14-2,E019,2025-06-11,SH-50113
PK-00472,16947,4,BRG-6205-IMP,4,4,D-14-5,E018,2025-06-10,SH-50113 
PK-00473,16947,5,LOC60-060,25,25,B-25-4,E018,"Jun 11, 2025",SH-50113
PK-00474,16163,1,ANCM6-073,4,4,D-13-4,E017,"May 04, 2025",SH-50114
PK-00475,16163,2,DRIM10-072,25,25,F-31-4,E013,2025-05-05,SH-50114
PK-00476,16163,3,LOC60-060,200,200,B-16-5,E013,05/04/25,SH-50114
PK-00477,16163,4,ANC3410-034,5,5,E-08-1,E014,2025-05-04,SH-50114
PK-00478,12686,1,,2,2,A-40-2,E016,2025-11-14,SH-50115
PK-00479,12686,2,LOCM10-085,25,25,E-28-5,E020,11/15/2025,SH-50115
PK-00480,12686,3,,4,4,A-19-1,E020,11/15/25,SH-50115
PK-00481,12686,4,LOC60-060,6,6,D-32-3,E018,11/14/2025,SH-50115
PK-00482,12686,5,CUTM6-047,50,50,F-25-4,E020,2025-11-14,SH-50115
PK-00483,12686,6,ABRsize8-003,12,12,D-34-4,E012,11/15/25,SH-50115
PK-00484,18718,1,LOCsize8-120,12,12,F-12-5,E021,06-Jun-2025,SH-50116
PK-00485,18718,2,CABsize4-075,4,4,B-39-4,E014,06/07/2025,SH-50116
PK-00486,,3,LOCM8-108,10,10,D-36-2,E014,06/06/2025 ,SH-50116
PK-00487,16965,1,NIT1250-117,12,12,A-16-1,E021,"Feb 27, 2026",SH-50117
PK-00488,16965,2,FLAsize8-045,4,4,C-28-2,E019,02/27/2026,SH-50117 
PK-00489,16965,3,ABRsize8-032,25,25,E-05-1,,2026-02-26,SH-50117
PK-00490,17965,1,LOC2000-115,10,10,A-18-1,,11/28/2025,SH-50118
PK-00491,10559,1,LOC2000-115,4,4,F-34-2,E015,2025-06-16,SH-50119
PK-00492,10559 ,2,FLAM12-013,200,200,B-28-3,E012,2025-06-17,SH-50119
PK-00493,12328,1,ANCM8-040,50,50,C-05-2,E017,2025-10-11,SH-50120
PK-00494 ,17894,1,LOCM10-085,12,12,A-13-3,E019,09/11/25,SH-50121
PK-00495,17894,2,DRIsize6-110,25,25,F-12-5,E013,2025-09-12,SH-50121
PK-00496,17894,3,DRI3816-044,25,24,D-37-2,E015,"Sep 12, 2025",SH-50121
PK-00497,17894 ,4,SOC1500-097,200,200,B-10-3,E013,"Sep 11, 2025",SH-50121
PK-00498,17894,5,LOCM6-053,2,2,F-39-3,E012 ,2025-09-12,SH-50121
PK-01203,11175,4,ABR1250-018,50,50,E-23-5,E021,11-May-2025,SH-50276
PK-00499,17894,6,CUTM12-054,200,200,B-24-2,E012,09/12/25,SH-50121
PK-00500,17894,7,ANCM10-050,25,25,A-01-4,E019,,SH-50121
PK-00501,12971,1,,10,10,B-24-2,E014,10/19/25,SH-50122
PK-00502,12971,3,LOC3410-092,25,25,B-34-5,E014,2025-10-19,SH-50122
PK-00503,,4,ANCM8-001,1,1,F-36-1,E016,"Oct 19, 2025",SH-50122
PK-00504,12971,5,FLAM10-028,200,199,B-24-3,E020,2025-10-18,SH-50122
PK-00505,19138,1,LOC60-135,10,10,B-02-2,E015,"May 25, 2025",SH-50123
PK-00506,19138,2,LOCsize4-081,25,25,F-27-2,E013,2025-05-24,SH-50123
PK-00507,16103,,DRIsize8-138,6,6,F-27-2,E021,2025-09-09,SH-50124
PK-00508,11828,1,ANC3410-034,1,1,E-17-5,E012,2025-11-04,SH-50125
PK-00509,11828,2,ANCM6-043,100,100,D-10-2,E014,2025-11-04,SH-50125
PK-00510,11828,3,NIT1000-088,200,200,D-29-1,E014,2025-11-04,SH-50125
PK-00511,11828,5,SOCsize6-098,1,1,B-04-3,E020,2025-11-03,SH-50125
PK-00512,11828,6,DRI3816-044,25,25,A-08-5,E013,03-Nov-2025,SH-50125
PK-00513,11828,7,FLAsize6-134,25,25,C-06-1,E018,2025-11-03,SH-50125
PK-00514,11828,8,LOCM6-053,100,100,C-20-2,E013,04-Nov-2025,SH-50125
PK-00515,19351,1,LOCM8-108,4,3,A-26-2,E020 ,2026-02-08,SH-50126
PK-00709,17147,1,LOCM10-085,12,12,C-01-3,E019,07-Nov-2025,SH-50169
PK-00516,19351,2,SOC1250-123,1,1,D-24-1,E018,2026-02-07,SH-50126
PK-00517,19351,3,HEXM10-131 ,4,4,D-37-5,E016,2026-02-07,SH-50126
PK-00518,19351,4,NIT80-132,2,2,D-19-5,E016,2026-02-07,SH-50126
PK-00519,19351,5,ANCsize6-005,1,1,F-30-3,E014,2026-02-08,SH-50126
PK-00520,19351,6,FLA3410-112,25,25,D-28-3,E017,2026-02-07,SH-50126
PK-00521,18933,1,CUT3816-058,10,10,D-20-5,E014,2026-01-01,SH-50127
PK-00522,18933,2,CUT1500-089,1,1,,E014,31-Dec-2025,SH-50127
PK-00523,18933,3,CAB1250-008,100,100,F-37-1,,,SH-50127
PK-00524,18933,4,HEX60-055,1,1,E-14-3,E013,01/01/26 ,SH-50127
PK-00525,18933,5,HOSM12-104,50,50,D-07-1,E018,2026-01-01,SH-50127
PK-00526,18933,6,FLAsize8-029,10,10,C-07-5,E019,2026-01-01,SH-50127
PK-00527,18933,7,LOC3410-096,2,2,C-11-2,E013,12/31/25,SH-50127 
PK-00528,10240,1,HOS1213-006,25,25,B-08-1,E012,04-Dec-2025,SH-50128
PK-00529,10240,2,ANCM10-050,10,10,D-29-5,E013,2025-12-04,SH-50128
PK-00530,19034,1,SOC51618-129,4,4,D-27-5,E013,03/22/2026 ,SH-50129
PK-00531,19034,3,DRIsize4-077,200,200,D-13-4,E019,2026-03-22,SH-50129
PK-00532,19034,4,CUT1420-049,100,100,F-22-1,E016,03/22/2026,SH-50129
PK-00533,17120,1,ABR1500-059,50,50,A-33-4,E016,2025-08-31,SH-50130
PK-00534,17120,2,LOC1420-087,12,12,B-04-1 ,E014,08/31/2025,
PK-00535,17120,3,CUT3410-037,50,50,B-12-3,E012,30-Aug-2025,SH-50130
PK-00536,17120,,ANCM8-040,2,2,D-07-5,E012,2025-08-30,SH-50130
PK-00537,17120,5,LOC1420-087,12,12,E-09-2,E012 ,2025-08-30,SH-50130
PK-00538,17120,6,SOC51618-129,6,6,A-11-4,E021,2025-08-30,SH-50130
PK-00539,13266,1,CUT3410-037,4,4,F-05-3,E015,11/16/25,SH-50131
PK-00540,13266,2,HOSsize8-128 ,4,4,F-24-5 ,E013,2025-11-15,SH-50131
PK-00541,13266,3,HEXsize8-101 ,2,2,C-36-1,E018,16-Nov-2025,SH-50131
PK-00542,13266,4,CUT60-119,200,200,C-20-3,E012,16-Nov-2025,SH-50131
PK-00543,13266,6,HEX2000-093,50,50,F-12-4,E021,2025-11-16,SH-50131
PK-00544,13266,7,DRI2000-048,200,200,B-29-2,E018,2025-11-16,SH-50131
PK-00545,11443,1,FLAsize8-045,10,10,D-28-1,E020,2026-03-21,SH-50132
PK-00546,11443,3,ABR1250-018,6,6,E-30-2,E017,2026-03-21,SH-50132
PK-00547,11443,6,SOC51618-057,2,2,F-03-4,E017,2026-03-21,SH-50132
PK-00548,11443,7,ANCM6-043,6,5,B-05-1,E020,22-Mar-2026,SH-50132
PK-00549,13171,2,ABRM12-046,100,100,C-12-1,E018,"Oct 12, 2025",SH-50133
PK-00550,14944,1,6308-882,12,12,A-30-1,E019,2025-10-01,SH-50134
PK-00551,15271,1,CUT50-067,,25,D-12-1,E016,2025-12-27,SH-50135
PK-00552,15271,2,NIT1000-088,12,12,E-29-2,E020,12/27/2025,SH-50135
PK-00553,,3,ABRM12-046,12,12,F-26-5,,2025-12-26,SH-50135
PK-00554,15271,4,ANC3816-039,100,100,E-01-3 ,E015,2025-12-27,SH-50135
PK-00555 ,15271,5,LOCM8-108,6,6,E-34-1,E012,2025-12-26,SH-50135
PK-00556,15271,6,ABRsize8-032,50,50,E-27-1,E021,2025-12-27,SH-50135
PK-00557,18029,2,LOC1250-102,50,50,F-11-5,E014,"MAY 21, 2025",SH-50136 
PK-00873,18003,1,NIT1375-106,25,24,C-28-3,E016,07/04/2025,SH-50206
PK-00558,18029,3,ABRM8-051,2,2,F-33-4,E013,05/22/2025,SH-50136
PK-00559,18029,4,LOCM6-053,12,12,A-17-1,E018,22-May-2025,SH-50136
PK-00560,18029,5,FLA1213-026,10,10,A-19-3,E015,2025-05-22,
PK-00425,16821,2,LOCM6-053,10,10,B-06-5,E015,2026-01-23,SH-50105 
PK-00561,18029,6,DRI2000-048,1,1,A-30-1,E012,2025-05-21,SH-50136
PK-00562,18029,7,CAB1420-125,4,4,C-17-2,E016,05/22/25,SH-50136
PK-01405,10738,2,FLAsize6-134,6,6,F-01-1,E015,23-Aug-2025,SH-50325
PK-00563,17091,1,ANCM8-040,1,1,D-03-5,E013,2025-06-03,SH-50137
PK-00564,17091,2,HEX80-033,6,6,D-05-1,E016,2025-06-03,SH-50137
PK-00565,17091,3,ABR50-010,100,100,F-29-3,E020 ,2025-06-03,SH-50137
,19519,1,LOC5811-099,2,2,B-20-4,E012,2025-09-25,SH-50138
PK-00567,11694,1,DRI2000-048,12,12,C-32-2,E013,01/16/26,SH-50139 
PK-00568,11694,2,ANC3410-074,5,5,B-36-3,E019,2026-01-17,SH-50139
PK-00569,11694,3,,200,200,F-20-1,E019,2026-01-17,SH-50139
PK-00570,11694,4,HOSM12-104,2,2,E-03-1,E013,2026-01-16,SH-50139
PK-00571,11694,6,ANCM10-050,6,,C-27-5,E017,01/16/2026,SH-50139
PK-00572,11694,7,HEXsize8-000 ,25,25,F-34-2,E016,01/17/2026,SH-50139
PK-00573,11694,8,CUTM6-061,2,2,B-12-4,E019,2026-01-17,SH-50139
PK-00574,10095,2,CUT3816-058,12,12,C-22-3,E021,03/22/26,SH-50140
PK-00575,19530,1,FLA50-065,100,100,F-16-4,E012,2025-11-03,SH-50141
PK-00576,19530,2,CABsize4-007,200,200,E-29-2,E015,11/03/25,SH-50141
PK-00577,11393,1,ABR1500-059,1,1,E-11-3,E014,16-Dec-2025,SH-50142
PK-00578,11393,2,ANCM6-043,10,10,A-25-4,E013,16-Dec-2025,SH-50142
PK-00579,11393,3,CUTM12-054,100,100,A-38-1,E013,2025-12-16,SH-50142
PK-00580,11393,4,CUT1420-049,2,2,C-01-5,,2025-12-16,SH-50142
PK-00581,11393,5,HEX1250-124,4,4,C-25-5,E014,2025-12-17,SH-50142
PK-00582 ,10216,1,DRI3816-044 ,100,100,F-05-3,E018,2025-06-14,SH-50143
PK-00583,10216,2,LOC1250-102,12,11,C-08-1,E018,2025-06-15,SH-50143
PK-00584,10216,3,DRI3816-044,100,100,C-36-1,E014,2025-06-14,SH-50143
PK-00585,10216,4,HHCS-254,,6,B-30-5,E015,"Jun 15, 2025",SH-50143
PK-00586,10216,5,SOC1250-011,2,2,E-29-5,,2025-06-14,SH-50143
PK-00587,10216,7,CUT1420-049,2,2,E-07-4,E012,2025-06-15,SH-50143
PK-00588,15913,1,CUT60-119,50,50,F-06-5,E015,,SH-50144
PK-00589,15913,2,HEX1420-030,2,2,C-23-2,E016,2026-02-19,SH-50144
PK-00590,15913,3,LOC2000-115,25,25,B-30-1,E021,02/20/2026,SH-50144
PK-00591,15913,4,CABsize8-111,200,200,A-29-1,E015,2026-02-20,SH-50144
PK-00592,15913,5,LOC60-135 ,100,100,C-33-1,E017,20-Feb-2026 ,SH-50144
PK-00655,12844,3,ABR1500-059,100,100,E-18-4,E014,11/08/25,SH-50156
PK-00593,15913,6,DRIM12-083,1,1,F-04-5,E018,2026-02-19,SH-50144
PK-00594,15913,7,CUT2000-023,10,10,D-26-3,E016 ,"Feb 20, 2026",SH-50144
PK-00595,10997,1,,200,200,E-05-3,E017,2025-10-20,SH-50145
PK-00596 ,10997,2,NITM12-036,25,25,E-39-1,E019,2025-10-21,SH-50145
PK-00597,10997 ,3,CUT5811-066,6,6,C-35-3,E014,2025-10-21,SH-50145
PK-00598,10997,4,DRIM12-083,2,2,B-06-2,E020,2025-10-21,SH-50145
PK-00599,10997,5,HEXM8-094,12,12,E-32-2,E021,2025-10-20,SH-50145
PK-00600,12874,1,ANC3816-039,25,25,E-16-2,E021,2026-01-22,SH-50146
PK-00601,12874,2,CUTM6-061,12,12,B-22-3,E019,2026-01-22,SH-50146
PK-00602,12874,3,SOC1250-011,1,1,D-03-2,E012,,SH-50146
PK-00603,,4,DRI2000-004,10,10,A-13-1,E019,2026-01-21,SH-50146
PK-00604,12874,5,CUT5811-066,2,2,D-07-1,E017,01/21/26,SH-50146
PK-00605,13011,1,CABsize4-007,6,6,B-20-1,E021,2025-07-13,SH-50147
PK-00606,13011,2,SOC51618-057,100,100,B-16-5,E021,2025-07-12,SH-50147
PK-00607,13011,3,DRIM12-083,10,10,A-34-5,E015,2025-07-12,SH-50147
PK-00608,13011,4,NIT1250-117,2,2,B-36-5,E013,2025-07-12,SH-50147
PK-00609,13011,5,ANCM12-027,12,12,F-24-1,E014,2025-07-12,SH-50147
PK-00610,13011,6,ABRsize8-032,12,12,F-26-5,E017,2025-07-13,SH-50147
PK-00611,13011,7,ABRM8-051,2,2,E-04-4,E021,2025-07-13,SH-50147
PK-00612,13011 ,8,B62-454,2,2,F-15-3,E021,2025-07-13,SH-50147
PK-00613,14960,1,CAB1420-107,50,50,E-08-5,E013,2025-07-03,SH-50148
PK-00614,14960,2,ABRM12-095,100,100,D-19-5,E013,2025-07-03,SH-50148
PK-00615,11784 ,1,CAB1420-125,6,6,B-22-5,E021,2025-07-02,SH-50149
PK-00616,11784,2,FLAsize6-134,50,50,C-28-2,E012,07/01/2025,SH-50149
PK-00617,11784,3,HEX2000-093,1,1,A-09-1,E021,,SH-50149
PK-00618,11784,4,CABsize8-111,12,12,,E019,"Jul 02, 2025",SH-50149
PK-00619,11784,5,CAB1420-107,10,10,F-27-3,E018,2025-07-02,SH-50149
PK-00083,11649,5,ANC3816-039,200,200,C-08-5,E018,2025-08-13,SH-50021
PK-00620,12735,1,HEXM12-056,200,199,D-07-2,E014,2026-02-06,SH-50150
PK-00621,12735,2,CABsize4-075,4,4,B-39-5,E015,05-Feb-2026,SH-50150 
PK-00622,12735,3,HEX1420-014,6,6,D-06-5,E020,2026-02-06,SH-50150
PK-00623,12735,4,LOCsize8-120,50,,E-18-2,E020 ,2026-02-06,SH-50150
PK-00624,12735,5,NIT80-132,1,1,A-10-1,E020,2026-02-05,SH-50150
PK-00625,12735,6,ABRsize8-032,200,200,E-22-3,E020,05-Feb-2026,SH-50150
PK-00626,12735,,DRIsize4-017,100,100,E-38-5,E018,2026-02-06,SH-50150
PK-00627 ,10337,1,SOC1250-123,50,50,B-17-2,E014,12/02/25,SH-50151
PK-00507,16103,,DRIsize8-138,6,6,F-27-2,E021,2025-09-09,SH-50124
PK-00628,10337,2,6308-882,200,200,F-04-4,E018,12/01/25,SH-50151
PK-00629,10337,3,ABRM12-046,6,6,B-04-5,E015,2025-12-02,SH-50151
PK-00630,10337,4,FLA1375-009,6,6,C-12-3,E019,2025-12-01,SH-50151
PK-00715,10808,2,CAB50-127,100,100,F-39-3,E021,2026-01-23,SH-50171
PK-00631 ,10337,5,ABRsize8-003,1,1,A-34-5,E016,12/02/2025,SH-50151
PK-00632,10337,6,DRI2000-048,6,5,A-23-5,E019,,SH-50151
PK-00633,16975,1,CAB50-127,200,200,E-28-5,E014,12/22/25,
PK-00634,16975,2,LOCM10-085,100,100,C-22-4,E017,2025-12-22,SH-50152
PK-00635,16975,3,LOC1420-087,6,6,D-10-3,,2025-12-23,SH-50152
PK-00636,15626,3,6308-882,50,50,F-29-4,E019,2026-03-22,SH-50153 
PK-00637,15626,5,LOC60-060,12,12,F-02-3,E018,"Mar 22, 2026",SH-50153
PK-01300,11644,6,HOS1000-086,50,50,D-37-2,E020,2025-12-26,SH-50297
PK-00638,15626,6,DRIM12-083,100,100,,E017,2026-03-23,SH-50153
PK-00639,15626,7,LOCM8-108,,50,E-33-5 ,E014,2026-03-22,SH-50153
PK-00640,15626,8,DRIsize4-017,4,4,A-26-3 ,,03/23/26 ,SH-50153
PK-00641,15572,1,BRG-6205-IMP,100,100,B-07-2,E018,2025-11-21,SH-50154
PK-00642,15572,3,LOC1250-102,6,6,B-31-3,E012,11/20/25,SH-50154
PK-00643,15572,1,HOSsize8-128,1,1,B-28-5,E017,11/21/25,SH-50154
PK-00644 ,15572,2,CUT50-067,1,1,D-40-1,E018,2025-11-20,SH-50154
PK-00645,15572,3,LOC60-076,100,,A-10-5,E015,11/20/25,SH-50154
PK-00646,15572,4,CABsize8-111,50,,B-10-4,E020,11/21/2025,SH-50154
PK-00647,15572,5,6308-882,12,12,B-27-1 ,E018,2025-11-20,SH-50154
PK-00648,15572,6,HOS1213-006,50,50,A-20-2,E021 ,11/20/25,SH-50154
PK-00649,15572,,FLAsize6-134,200,200,,E021,11/20/25,SH-50154
PK-00650,14355,1,CAB80-139,25,25,C-27-3,E020,2025-08-17,SH-50155
PK-00651,14355,2,ABRsize6-012,2,2,B-40-2,E020,2025-08-17,SH-50155
PK-00652,14355,3,SOCsize6-098,1,1,C-13-2,E015,"Aug 17, 2025",SH-50155
PK-00653,12844,1,SOCsize6-098,4,3,C-39-4,E019,2025-11-08,SH-50156
PK-00654,12844,2,SOC1375-113,12,12,C-21-3,E015,2025-11-08,SH-50156
PK-00655,12844,3,ABR1500-059,100,100,E-18-4,E014,11/08/25,SH-50156
PK-00656,12844,4,LOC60-135,4,4,E-09-3,E016,"Nov 08, 2025",SH-50156
PK-00657,18848,1,HN-789,100,100,B-23-1,E012,2025-05-22,SH-50157
PK-00658,18848,2,DRIsize4-017,50,50,E-32-1,E018,"May 22, 2025",SH-50157
PK-00659,18848,3,LOC1420-087,1,1,D-10-1,E021,05/21/2025 ,SH-50157
PK-00660,18848,4,FLA1420-002,25,25,B-05-5,E013,"May 22, 2025",SH-50157
PK-00661,18848 ,5,CAB80-139,12,12,F-07-3,E017,2025-05-21,SH-50157
PK-00662,16592,,LOCM8-108,200,200,C-27-3,E015,07/09/2025,SH-50158
PK-00663,16592,2,SOCsize6-063,100,100,B-33-3,,2025-07-09,SH-50158
PK-00664,16592,3,CUT60-119,4,4,E-19-1,E017,10-Jul-2025,SH-50158
PK-00665,16592,4,DRIsize8-138,6,6,F-03-4,E016,2025-07-10,SH-50158
PK-00666,16592,5,CUTM6-061,25,25,B-14-4,E018,2025-07-10,SH-50158
PK-00667,16592,,,5,5,E-10-3,E016,2025-07-09,SH-50158
PK-00668,12377,1,FLAM6-031,10,10,C-32-5,E020,2025-05-25,SH-50159
PK-00669,12377,2,ANCM6-073,100,100,F-01-1,E017,2025-05-26,SH-50159
PK-00670,16091,1,ABRsize8-032,50,50,C-28-1,E016,2026-02-24,SH-50160
PK-00671,,2,SOC1375-113,1,1,A-39-5,E020,2026-02-24,SH-50160
PK-00672,16091,3,HEX3410-042,25,25,A-25-1,E019,2026-02-24,SH-50160
PK-00673,16091,4,LOC1420-087,1,1,D-09-1,E014,02/24/26,SH-50160
PK-00674,19075,1,ABRM12-109,2,2,E-27-3,E017,2025-06-04,SH-50161
PK-00675,19075,2,CUT50-067,50,50,C-07-3,E021,2025-06-05,SH-50161
PK-00676,19075 ,3,LOC3410-096,2,2,B-18-2,,2025-06-04,SH-50161
PK-00677,19075,4,CUT5811-066,10,10,D-33-2,E021,06/04/25,SH-50161
PK-00678,17136,1,DRIM10-072,12,12,C-12-2,E014,2026-03-21,SH-50162
PK-01509,13091,5,CUTM6-047,10,10,E-31-3,E018,10-FEB-2026,SH-50351
PK-00679,17136,2,DRIsize8-138,100,100,D-05-2,E016,2026-03-21,SH-50162
PK-00680,17136,3,HOS1000-086,,1,A-30-2,E017,21-Mar-2026,SH-50162
PK-00681,17136,4,HOSsize6-103,25,25,B-05-3,E012,03/20/2026,SH-50162
PK-00682,17136,5,CABsize4-007,4,4,E-16-2,E018,03/21/2026,
PK-00683,17136,6,CUT1420-049,25,25,A-07-2,E019,20-Mar-2026,SH-50162
PK-00684,15211,1,BRG-6205,50,50,C-17-5,,2025-10-05,SH-50163
PK-00685,15211,2,HEX1420-030,50,50,D-18-5,E014,04-Oct-2025,SH-50163
PK-00686,15211,3,CUTM6-041,10,10,C-24-1,E014,2025-10-05,SH-50163
PK-00687,15211,4,DRIsize6-110,1,1,A-38-3,E018,2025-10-04 ,SH-50163
PK-00688,15211,5,DRIsize4-017,2,2,F-34-3,E018,10/04/25,SH-50163
PK-00689,15211,6,CAB80-139,2,2,B-23-1,E014,2025-10-05,SH-50163
PK-00690,10513,1,ANCM8-001,3,3,B-39-5,E019,2025-11-09,SH-50164
PK-00691,10513,2,CUT1213-024,25,25,F-11-4,E021,11/09/25,SH-50164
PK-00692,,3,CABsize8-111,1,1,B-06-5,E012,2025-11-08,SH-50164
PK-00693,10513,4,DRIM10-072,12,12,A-10-2,E015,,SH-50164
PK-00694,18766,1,DRIM10-072,200,200,B-23-2,E020,"Dec 13, 2025 ",SH-50165
PK-00695,18766,2,FLA3410-112,10,10,A-02-4,E012,2025-12-12,SH-50165
PK-00696,18766,3,CABsize8-111,12,12,F-23-1,E018,12-Dec-2025,SH-50165
PK-00697,13877,1,CABsize8-111,25,25,B-40-5,E021,2025-11-25,SH-50166
PK-00698,13877,2,HEX80-033,6,6,B-32-4,E017,2025-11-25,SH-50166
PK-00699,13877,3,DRIsize4-077,4,4,B-06-2,E017,2025-11-25,SH-50166
PK-00700,15307,1,DRIsize8-138,4,4,D-34-4,E014,2025-06-05,SH-50167
PK-00701,15307,2,FLAM10-028,2,1,B-18-5,E013,2025-06-04,SH-50167
PK-00702,15307,3,HEXM10-131,200,200,F-39-5,E015,06/05/25,SH-50167
PK-00703,18926,1,B62-454,12,12,B-13-5,E019,2025-12-06,SH-50168
PK-00704,18926,2,ABRM8-051,,50,B-33-4,E019,2025-12-06,SH-50168
PK-00705,18926 ,,ABRM8-051,200,200,F-29-3,E020,2025-12-05,SH-50168
PK-00706,18926,1,FLA1420-002,1,0,A-21-3,E012,"Dec 05, 2025",SH-50168
PK-00707,18926,2,CABsize4-007,2,2,B-21-1,E020,2025-12-05,SH-50168
PK-00708,18926 ,3,ABR1500-059,50,50,F-38-3,E012,12/06/25,SH-50168
PK-00717,10808,5,DRIsize6-105,12,12,A-35-1 ,E014,01/22/26,SH-50171
PK-00709,17147,1,LOCM10-085,12,12,C-01-3,E019,07-Nov-2025,SH-50169
PK-00710,14614,1,ABRM12-109,25,25,A-22-1,E019,12/06/25,SH-50170
PK-00711,14614,2,NIT1375-106,200,200,D-14-4,E020,2025-12-07,SH-50170
PK-00712,14614,3,CAB1250-008,12,12,F-26-3,E017,07-Dec-2025,SH-50170
PK-00713,14614,4,CUT2000-023,50,50,B-12-5,E014,2025-12-07,SH-50170
PK-00714,10808,1,DRI2000-004,10,10,B-29-1,E019,"Jan 22, 2026",SH-50171
PK-00715,10808,2,CAB50-127,100,100,F-39-3,E021,2026-01-23,SH-50171
PK-00716,10808,4,DRI3816-044,200,200,E-13-3,E013,2026-01-22,SH-50171
PK-00717,10808,5,DRIsize6-105,12,12,A-35-1 ,E014,01/22/26,SH-50171
PK-00718,10808,6,CUTM6-041,6,6,D-40-5,E014,"Jan 22, 2026",SH-50171
PK-00719,17586,1,HOSsize6-103,10,10,A-15-3,E019,2026-02-06,SH-50172
PK-00720,17586,2,CUTM6-047,1,1,E-14-5,E014,07-Feb-2026,SH-50172
PK-00721,17586,3,DRI3410-068,1,1,F-20-3,E015,2026-02-07,SH-50172
PK-00722,17586,4,CUT3816-058,6,6,F-31-5,E019,,SH-50172
PK-00723,17586,5,NIT1375-106,1,1,C-06-1 ,E014,"Feb 06, 2026",SH-50172
PK-00724,17586,6,6308-882,1,1,D-32-3,E014,2026-02-07,SH-50172
PK-01452 ,17663,7,,12,,A-11-5,E020,2025-10-05,SH-50334
,17586,7,SOC51618-057 ,12,12,A-38-5,E019,"Feb 07, 2026",SH-50172
PK-00726,17586,8,ANC80-062,5,5,A-05-5,E020,2026-02-06,SH-50172
PK-00727,10065,1,LOCM6-053,1,1,D-24-2,E019,09-Oct-2025,SH-50173
PK-00728,10065,2,HEXsize8-000,50,50,D-31-1,E018,2025-10-09,SH-50173 
PK-00729,10065,3,NIT1375-106,50,50,F-25-4,E019,10-Oct-2025,SH-50173
PK-00730,10065,4,NIT1250-117,6,6,D-21-4,E012 ,2025-10-09,SH-50173
PK-00515,19351,1,LOCM8-108,4,3,A-26-2,E020 ,2026-02-08,SH-50126
PK-00731,10065,5,CAB1420-107,25,25,E-30-5,E016,10/09/2025,SH-50173
PK-00732,15781,1,LOC3410-092 ,2,2,B-26-1,E012,05/13/2025,SH-50174
PK-00733,15781,2,FLA1213-026 ,25,25,F-22-5 ,E020,12-May-2025,SH-50174 
PK-00734,15781,3,HN-789,25,25,F-19-1,E016,2025-05-13,SH-50174
PK-00735,13521,1,HOSM12-104,1,0,B-39-4,E015,01/14/2026,SH-50175
PK-00736,13521,2,HEX60-080,25,25,F-37-2,E013,2026-01-13,SH-50175
PK-00737,13521,3,HEX3410-042,25,25,B-11-4,E014,2026-01-14,SH-50175
PK-00738,13521,4,HEX1420-014,6,6,D-09-4,E012,01/14/2026,SH-50175
PK-00739,13521 ,5,ANC3410-074,2,2,A-29-3,E021,2026-01-13,SH-50175
PK-00740,13521,6,LOCM10-085,100,100,C-10-5,E015,2026-01-13,SH-50175
PK-00741,17567,1,LOC60-069,1,1,E-11-2,E012,2025-05-10,SH-50176
PK-00742,17567,2,LOC1420-087,4,4,A-13-1,E017,2025-05-09,SH-50176
PK-00743,17567,3,ANC51618-019,12,12,B-14-2,E020,2025-05-09,SH-50176
PK-00744,17567,4,FLAM10-028,4,4,B-26-2,E014,2025-05-09,SH-50176
PK-00745,17567,5,ANCM12-027,100,100,B-38-1,E021,2025-05-10,SH-50176
PK-00746,17567,6,FLAM6-031,6,6,C-15-5 ,E014,05/09/25,SH-50176
PK-00747,17567,7,HEX60-055,10,10,D-04-1,E013,2025-05-10,SH-50176
PK-00748,18579,1,ANCsize6-005,2,,A-22-2,E012,2025-06-22,SH-50177
PK-00749,18579,2,HOSM12-104,25,25,C-24-2,E020,06/22/25,SH-50177
PK-00750,18579,3,HEX60-055,6,6,D-10-4,E018,22-Jun-2025,SH-50177
PK-00751,18579,4,ABRM12-046,4,4,C-12-3,E021,2025-06-21,SH-50177
PK-00752,13007 ,3,CAB1250-008,50,50,F-02-3,E017,"Mar 25, 2026",SH-50178
PK-00753,13007,4,HOS1213-006,6,6,B-36-2,E013,2026-03-25,SH-50178
PK-00832,12546 ,7,CUT80-015,25,25,C-22-5,E018,29-JUN-2025,SH-50196
PK-00754,,2,NIT1375-106,100,100,F-10-2,E018,2026-02-21,SH-50179
PK-00755,10699,3,HEX1250-124,1,1,F-25-1,E014,2026-02-20,SH-50179 
PK-00756,15782,1,HEX1250-124,10,10,F-30-5,E014,07/31/25,SH-50180
PK-00757,15782,2,DRI2000-004,10,10,D-10-4,E020,2025-08-01,SH-50180
PK-01339,19808,2,FLAsize6-134,200,200,C-07-3,E012,"Sep 17, 2025",SH-50307
PK-00758,15782,3,LOCM6-053,6,6,E-28-4,E020,01-Aug-2025,SH-50180 
PK-00759,15782,4,NIT1250-117,100,100,C-30-2,E017,2025-08-01,SH-50180
PK-00760,15782,5,CUT1213-024,2,2,F-10-4,E018,2025-08-01,SH-50180
PK-00761,15782,6,BRG-6205,50,50,A-05-1,E020,07/31/25,SH-50180
PK-00762,15782,7,LOCM10-085,100,100,E-12-1,E015 ,2025-08-01,SH-50180
PK-00763,15782,8,CAB1420-125,6,6,B-14-3,E020,31-Jul-2025,SH-50180
PK-00764,11020,1,FLAM12-013,6,6,A-02-5,E017,2025-07-12,SH-50181
PK-00765,11020,,CAB50-127,1,1,D-08-5,E018,"Jul 12, 2025",SH-50181
PK-00766,11020,3,HEXM12-056 ,10,10,C-04-1,E019,2025-07-12,SH-50181
PK-00767,12855,1,HOSsize6-103,50,50,C-10-1,E019,2025-10-28,SH-50182
PK-00768,12855,2,CUT5811-066,4,4,B-33-4,E019,2025-10-28,SH-50182
PK-00769,13396,1,DRI2000-048,6,6,E-02-5,E013,"Feb 13, 2026",SH-50183
PK-00770,13396,3,FLAsize8-029,6,6,A-24-5,E018,2026-02-12,SH-50183
PK-00771,13396,4,FLAM6-031,10,10,B-12-1,E012,2026-02-13,SH-50183
PK-00772,18721,1,CUTM12-054,6,6,A-07-4,E017,2025-12-02,SH-50184
PK-00773,18721,2,NIT80-132,2,2,C-01-4,E014,"Dec 03, 2025",SH-50184
PK-00774,18721,3,LOCM10-085,2,2,F-21-3,E015,12/03/2025,SH-50184
PK-00775,19574,1,HOS1000-086,1,1,F-07-2,,"Sep 10, 2025",SH-50185
PK-00776,19574,2,FLAsize8-029,4,4,E-04-2,E015,2025-09-11,SH-50185
PK-00777,19574,3,ANC80-062,1,1,,,2025-09-10,
PK-00778,19574,4,HOSsize8-114,10,10,E-12-1,E014,2025-09-10,SH-50185
PK-00779,19574,5,CUT80-015,25,25,F-22-4,E016,10-Sep-2025,SH-50185
PK-00780,14038,,SOC2000-025,200,200,F-10-2,E013,2025-10-18,SH-50186
PK-00781,14038,,ANCM8-040,100,100,D-07-5,E018,2025-10-19,SH-50186
PK-00782,14038,3,6308-882,4,4,F-06-4,E014,2025-10-18,SH-50186
PK-00783,13768,1,CAB50-127,50,50,F-07-2,E017,2026-03-04,SH-50187
PK-00784,13768,2,FLAsize6-134,2,1,C-40-2,E020,2026-03-04,SH-50187
PK-00785 ,17995,1,DRI1500-016,10,10,F-37-5,E021,2026-02-07,SH-50188
PK-00786 ,17995,2,CABsize8-111,25,25,B-36-4,E012,2026-02-06,SH-50188
PK-00787,17995,4,DRI2000-048,12,12,B-16-4,E013,2026-02-07 ,SH-50188
PK-00788 ,17995,5,HN-789,200,200,B-32-5,E014,2026-02-06,SH-50188
PK-00789,17995,6,SOC2000-071,1,1,A-21-5 ,E017,02/06/26 ,SH-50188
PK-00790,17995,7,LOCM6-053,25,25,D-19-5,E018,07-Feb-2026,SH-50188
PK-00791,18886,1,NIT1250-117,10,10,D-11-4,,11/20/25,SH-50189
PK-00792,18886,2,HOS1000-086,100,100,B-35-3,E021,2025-11-20,SH-50189
PK-00793,18886,3,CABsize8-111,200,200,C-24-1,E019,11/20/2025,SH-50189
PK-00794,18886,4,DRIsize4-077,2,2,B-14-5,E019,11/20/2025,SH-50189
PK-00795,18886,5,LOC1420-087,10,10,F-36-4,E014,"Nov 21, 2025",SH-50189
PK-00796,13430,1,HOSsize8-128,10,10,D-36-4,E016,2025-10-16,SH-50190
PK-00797,13430,2,FLA50-065,25,25,C-39-3,E020,"Oct 16, 2025",
PK-00798,13430,3,NIT80-132,50,50,C-13-5,E015,10/15/2025,SH-50190
PK-00799,13430,4,SOC1500-097,6,6,E-33-5,E018,16-Oct-2025,SH-50190
PK-00800,16594,1,ANC51618-019,25,25,D-11-4,E017,11/28/25,SH-50191
PK-00801,16594,2,CAB1420-107,200,200,F-25-1,E019,2025-11-28,SH-50191 
PK-00802,16594,3,ABRM8-051,6,6,A-38-3,E016,11/28/2025 ,SH-50191
PK-00803,16594,4,LOC1420-087,12,12,D-12-1,E015,2025-11-28 ,SH-50191
PK-00804,16594,5,HOSM10-070,25,25,C-10-5,E018,2025-11-29,SH-50191
PK-00805,16594,6,LOCM10-085,,12,F-04-3,E014,,SH-50191
,12532,1,LOC60-076,10,10,C-06-2 ,E019,01-Feb-2026,SH-50192
PK-00807,12532,2,CUT3410-037,25,25,E-37-4,E012,2026-02-02,SH-50192
PK-00808,12532,3,CUTM6-041,,,A-08-4,E012,2026-02-02,SH-50192
PK-00809,12372,1,LOC60-060,6,6,,E018,2025-12-01,SH-50193
PK-00810,12372,2,ANC3410-074,1,1,C-40-4,E014 ,2025-11-30,SH-50193
PK-00811,12372,3,NIT1000-088,2,2,F-21-3,E021,2025-12-01,SH-50193
PK-00812,12372,4,CUTM6-047 ,200,200,A-20-1,E013,2025-11-30,SH-50193
PK-00813,12372,6,LOCsize4-081,1,1,D-27-1,E017,2025-12-01,SH-50193
PK-00814,19499,1,LOCsize8-120,12,12,A-20-5,E014,2025-12-17,SH-50194
PK-00815,19499,2,CUTM6-061,1,1,E-08-2,E014,12/18/2025,SH-50194
PK-00816,19499,3,HOS1000-086,100,100,D-37-1,E014,"Dec 17, 2025",
PK-00817,19499,4,FLAM10-028,12,12,C-13-4,E019,2025-12-17,SH-50194
PK-00818,19499,5,LOCSIZE8-120,4,4,D-02-3,E019,12/18/25,SH-50194
PK-00819,19499,6,LOC1420-087,50,50,F-39-2,E018,2025-12-18,SH-50194
PK-00820,19499,7,ANC3410-074,1,1,C-18-2,E014,12/18/2025,SH-50194
,17632,1,SOC1250-011,6,5,C-02-1,E015,07-Sep-2025,SH-50195
PK-00822,17632,2,SOC2000-071,1,0,,E015,2025-09-06,SH-50195
PK-00823,17632,3,HEX1250-124,6,6,D-38-3,E016,06-Sep-2025,SH-50195
PK-00824,,4,HOSsize6-084,2,2,A-29-3,E013,,SH-50195
PK-00133,18441,8,ABRM12-109,,6,B-17-2,E021,2025-07-09,SH-50031
PK-00825,17632,5,CAB5811-137 ,2,2,D-20-5,E014,"Sep 07, 2025",SH-50195
PK-00826,17632,6,ABR50-010 ,12,12,F-14-1,E015,"Sep 07, 2025",SH-50195
PK-00827,12546,1,LOCM6-053,4,4,C-03-2,E016,2025-06-29,SH-50196
PK-00828,12546,2,CUTM6-061,12,12,D-15-5,E016,2025-06-29,SH-50196
PK-00829,12546,4,CABsize4-007,50,50,F-06-1,E021,2025-06-29,SH-50196
PK-00830,12546,5,HEXM10-116,1,1,E-31-2,E020 ,2025-06-30,SH-50196
PK-00831,12546,6,SOC1250-011,100,100,B-40-1,E014,06/30/25,SH-50196
PK-00832,12546 ,7,CUT80-015,25,25,C-22-5,E018,29-JUN-2025,SH-50196
PK-00833,16605,1,,5,5,C-10-5,E015,2025-05-23,SH-50197
PK-00834,16605,2,ANCM6-043,100,100,C-27-4,E013,2025-05-23,SH-50197
PK-00835,16605,3,HEXM10-131,25,25,C-38-5,E012,"May 22, 2025",SH-50197
PK-00836,16605,4,ABR50-010,50,50,D-17-3,E012,23-May-2025,SH-50197
PK-00837,,6,ANC3816-039,25,25,C-07-5,E015,2025-05-22,SH-50197
PK-00838,18430,1,ABR1250-018,2,2,A-15-3,E015,2025-08-06,SH-50198
PK-00839,18430,2,HOSM10-070,50,50,E-11-2,E019,08/07/25,SH-50198
PK-00840,18430,3,SOC1375-113,10,10,D-03-5,E013,2025-08-06,SH-50198
PK-00841,18430,5,ANCM8-001,1,1,B-06-3 ,E014,,SH-50198
PK-00842,18430,6,CAB5811-137,6,6,D-18-1,E020,2025-08-06,SH-50198
PK-00843,18430,7,CUT1500-089,25,25,D-19-3,E017,"Aug 07, 2025",SH-50198
PK-00844,16331,1,SOC1250-011,12,11,E-26-2 ,E012,02/26/26,SH-50199
PK-00845,16331,2,SOC51618-057,200,,A-22-4,E017,2026-02-26,SH-50199
PK-00846,16331,3,HEX1250-124,,6,C-06-5,E012,2026-02-26,
PK-00847,16331,4,DRIsize4-077,50,50,B-23-4,E013,2026-02-26,SH-50199
PK-00848,16331,5,SOC51618-129,6,6,D-27-1,E017,2026-02-26,SH-50199
PK-00849,16331,7,CAB1420-107,25,25,E-39-3,E012,"Feb 25, 2026",SH-50199
PK-00850,16331,8,CABsize4-075,100,100,D-28-5,E015,2026-02-26,SH-50199
PK-00851,19535,1,FLAM12-013,2,2,E-31-1 ,E016,2025-06-19,SH-50200
PK-00852,19535,2,FLA1420-002,200,200,E-33-5,E013,2025-06-20,SH-50200
PK-01263,12890,2,CABsize4-007,50,50,E-32-2,E020,2025-11-30,SH-50290
PK-00853,19535,3,CUTM6-061,4,4,E-34-1,E012,2025-06-19,SH-50200
PK-00854,19535,,DRI2000-048,6,6,F-39-3,E014,19-Jun-2025,SH-50200
PK-00855,19535 ,5,LOC60-069,6,6,C-20-4,E014,06/19/25,SH-50200
PK-00856,19535,6,CABsize4-075,10,10,D-39-2,E014,"JUN 19, 2025",SH-50200
PK-00857,18907,1,HEX2000-093,2,2,E-18-1,E014,2025-05-30,SH-50201
PK-00858,18907,2,HN-789,200,200,F-28-5,E017,2025-05-31,SH-50201
PK-00859,18907,3,FLA1213-026,200,200,F-09-5,E012,2025-05-30,SH-50201
PK-00860,18907,4,DRIsize6-105,12,12,F-07-5,E014,05/30/25,SH-50201
PK-00882,12188,2,DRI2000-004,25,25,C-08-4,E020,11-Dec-2025,SH-50207
PK-00861,18907,5,NITM12-036,6,6,B-26-1,E020,05/31/25,SH-50201 
PK-00862,18907,6,FLA3410-112,4,4,E-03-5,E020,"May 31, 2025",SH-50201
PK-00863,18907,7,HEX1420-014,10,10,,E017,05/31/2025,SH-50201
PK-00864,17524,1,FLA50-065,12,12,A-34-4,E021,07/08/25,SH-50202
PK-00865,17524,2,NIT1000-088,25,25,A-28-3,E020,2025-07-09,SH-50202 
PK-00866,17524,3,CUT2000-023,10,10,C-08-2,E021,08-Jul-2025,SH-50202
PK-00867,17524,4,FLAM6-031,1,1,D-04-5,E013,2025-07-08,SH-50202
PK-00868,17524,5,LOCsize8-120,2,2,E-17-3,E012,09-Jul-2025,SH-50202
PK-00869,17524,6,6308-882,2,2,D-20-2,E016,2025-07-08 ,SH-50202
PK-00870,,1,CUTM12-054,200,200,F-09-5,E016,2025-09-03,SH-50203
PK-00871 ,11853,2,LOCsize8-120,6,6,D-13-4,E012,10/16/25,SH-50204
PK-00872,13354,1,HOSsize8-128,25,25,D-10-2,E013,2025-12-15,SH-50205
PK-00873,18003,1,NIT1375-106,25,24,C-28-3,E016,07/04/2025,SH-50206
PK-00874,18003,2,LOC5811-099,200,200,A-27-2,E020,07/03/2025,SH-50206
PK-00875,18003,3,,200,200,E-17-2,E015,07/03/2025,SH-50206 
PK-00876,18003,4,LOC5811-099,12,11,B-23-3,E020,2025-07-04,SH-50206
PK-00877,18003,5,HEX60-080,50,50,B-14-2 ,,07/04/25,SH-50206
PK-00878,18003,6,HEXM10-116,10,10,A-09-2,E013,07/03/2025,SH-50206
PK-00879,18003,7,CAB1420-125,100,100,E-12-4 ,E020,2025-07-04,SH-50206
PK-00880,18003,8,DRIsize6-105,4,3,F-15-1,E019,07/04/2025,SH-50206
PK-00881,12188,1,SOC1375-113,4,4,D-25-5,E020,2025-12-11,SH-50207
PK-00882,12188,2,DRI2000-004,25,25,C-08-4,E020,11-Dec-2025,SH-50207
PK-00883,12188,3,HEXM10-116,10,10,F-01-5,E014,,SH-50207
PK-00884,12188,4,BRG-6205,12,12,C-23-5,E015,12/11/2025,SH-50207
PK-00885,12188,5,LOC2000-115,50,50,C-30-5,E021,12/11/2025,SH-50207
PK-00886 ,10851,1,CUTM12-054,2,2,A-31-4,E019,02/27/26,SH-50208
PK-00887,10851,2,CUTM12-054,6,6,C-25-4,E019,2026-02-27,SH-50208
PK-00888,10851,3,HHCS-254,50,50,C-32-5,E021,2026-02-28,SH-50208
PK-00889,10851,4,DRI2000-048,10,10,F-30-2,E014,02/27/26,SH-50208
,10851,6,SOC1250-123,12,12,B-18-3,E016,02/27/26,SH-50208
PK-00891,10851,7,CUTM6-047,10,,D-04-4,E015,"Feb 28, 2026",SH-50208
PK-00892,17038,1,LOC60-060,100,100,C-10-3,E020 ,06/30/25,SH-50209 
PK-00893,17038,2,ABRsize8-032,10,10,D-07-1,E020,06/30/25,SH-50209
PK-00894,19171,1,LOC1420-087,25,25,A-28-3,E020,29-Oct-2025,SH-50210
PK-00895,19171,2,ABRM12-095 ,1,1,C-10-1,E019,2025-10-29,SH-50210
PK-00896,19171,3,ANCM8-001,1,1,C-37-3,E020,2025-10-29,SH-50210
PK-00897,19171,4,LOC60-076,6,6,D-15-3,E021,10/30/25,SH-50210
PK-00898,14133,1,LOCM6-130,50,50,E-18-4,E016,2025-10-29,SH-50211
PK-00899,14133,2,LOCsize8-120,25,25,F-19-5,E016,2025-10-30,SH-50211
PK-00900,14133,3,CAB1250-008,12,12,A-12-3,E013,2025-10-30 ,SH-50211
PK-00901,14133,4,FLA1420-090,12,12,A-02-4,E019,2025-10-30,SH-50211
PK-00902,14133,5,ANC3410-034,1,1,F-16-5,E021,"Oct 29, 2025",SH-50211
PK-00903,14133,6,CUT1420-049,200,200,D-02-1,E013,10/30/25,SH-50211
PK-00904,14133,1,ABRsize8-003,10,10,B-01-5,E013,10/29/25,SH-50211
PK-00905,14133,2,HOSsize8-128,4,4,A-33-4,E018,10/29/2025,SH-50211 
PK-00906,14133 ,3,BRG-6205-IMP,6,6,D-15-1,E012,10/30/25,SH-50211
PK-00907 ,11388,1,SOC51618-129,12,12,F-27-3,E021,30-Dec-2025,SH-50212
PK-00908,11388,2,DRI3410-068,6,6,E-30-2,E016,2025-12-29 ,SH-50212
PK-00909,11388,3,SOCsize6-098,4,4,F-29-3,E016,12/30/2025,SH-50212
PK-00910,11388,4,HEXM10-131,100,100,A-30-3,E016,2025-12-29,SH-50212
PK-00911,11388,5,HEXM8-094,4,4,B-15-4,E015,2025-12-29,SH-50212
PK-00912,11388,6,HEX1420-014,6,6,C-29-3,E021 ,12/30/25,SH-50212
PK-00913,11388,7,FLA1420-002,12,12,E-20-2,E014,12/29/25,SH-50212
PK-00914,11388,8,ANC51618-020,1,1,B-15-5,E014,2025-12-29,SH-50212
PK-00915,16519,1,CABsize4-007,100,100,B-24-5,E018,2025-07-16,SH-50213
PK-00916,16519,2,CUT1500-089,6,6,C-24-5,E015 ,2025-07-16,SH-50213
PK-00917,16519,3,NIT80-132,200,200,D-16-2,E012,"Jul 15, 2025",SH-50213
PK-00918,16519,4,DRI2000-004,4,4,C-11-5,E021,"Jul 16, 2025",SH-50213
PK-00919,16519,5,CAB5811-137 ,1,0,B-28-4 ,E016,2025-07-16,SH-50213
PK-00920,16519,6,ABRsize8-032,200,200,C-08-2,E020,07/15/25,SH-50213
PK-00921 ,15860,1,,25,25,A-20-1,E017,2025-10-29,SH-50214
PK-00922,15860,2,ABRsize8-032,1,1,D-35-5,E020 ,2025-10-30,SH-50214
PK-00923,15860,3,LOCM6-130,4,4,E-16-2,E017,2025-10-30,SH-50214
PK-00924,15860,4,HOS1000-086,50,50,A-13-1,E015,"Oct 29, 2025",SH-50214
PK-00925,15860,5,FLAM6-031,4,4,B-04-5,E014,10/30/25,SH-50214
PK-00926,15135,1,DRIsize4-077,100,100,C-30-4,E020,2025-06-17,SH-50215
PK-00927,15135,2,SOC1500-097,10,10,E-20-4,E016,17-Jun-2025,SH-50215
PK-00928,15135,3,LOC1250-102,10,10,A-02-5,E013,06/17/2025,SH-50215
PK-00929,15135,4,FLA60-122,2,2,A-23-4,E018,2025-06-17,SH-50215 
PK-00930,15135,5,HOS1000-086,25,25,E-16-3,E018,06/17/25,SH-50215
PK-00931,15135,6,LOC60-060,10,10,B-22-5,E013,2025-06-17,SH-50215
PK-00932,15135,7,CUT50-067,100,100,C-29-2,E015,06/17/25,SH-50215
PK-00933,15736,1,HEX1420-030,200,200,A-10-2,E012,03/26/26,SH-50216
PK-00934,15736,2,FLA1420-090,6,6,B-23-4,E014,"Mar 25, 2026 ",SH-50216
PK-00935,15736,3,LOC60-060,100,100,B-29-1,E020,25-Mar-2026,SH-50216
PK-00936,15736,4,SOCsize6-063,200,200,F-19-1,E021,26-Mar-2026,SH-50216
PK-00937,15736,5,HEX80-033 ,6,6,A-25-4,E020,"Mar 26, 2026",SH-50216
PK-00938,14395,1,HOSM12-104,25,,D-28-4,E014,2025-08-23,SH-50217
PK-00939,14395,2,ANC3410-074,5,5,F-36-5,E015,"Aug 22, 2025",SH-50217
PK-00940,14395,,ANCM8-040,50,50,B-22-5,E013,2025-08-22,
PK-00941,14395,4,CUT80-015,25,25,D-13-1,E014,2025-08-23,SH-50217
PK-00942,14395,6,HEXM12-056,2,2,A-04-4,E013,22-Aug-2025,SH-50217
PK-00943,14395,7,HEX3410-042,,6,C-02-3,E019,"Aug 23, 2025",SH-50217
PK-00944,14395,8,BRG-6205,10,10,D-03-5,E017,23-Aug-2025,SH-50217
PK-00945,12905,1,FLAsize8-029,2,2,C-05-4,E016,2026-02-21,SH-50218
PK-00946,12905,2,FLAsize6-134,50,49,F-19-5,,02/21/2026,SH-50218
PK-00947,12905,3,SOC2000-071,200,200,D-40-1,E014,02/20/26,SH-50218
PK-00948,12905,4,DRI2000-048,100,100,D-24-4,E015,2026-02-21,SH-50218
PK-00949,12905,5,HEX1420-014,4,4,,E021,2026-02-21,SH-50218
PK-00950,12905,6,ANCM8-040,4,,E-27-3,E012,2026-02-20,SH-50218
PK-00951,12905,7,FLAM12-013,4,4,D-29-1,E020,02/21/2026,SH-50218
PK-00952 ,12905,,HOSsize8-114,1,1,E-06-4,E015,2026-02-20,SH-50218
PK-00953,11445,1,CUTsize8-078,200,200,E-10-4,E017,2025-05-08,SH-50219
PK-00954,11445,2,SOC51618-057,2,2,C-23-2,E021,05/09/2025,SH-50219
PK-00955,11445,3,ABRM12-046,10,10,B-20-4,E014,08-May-2025,SH-50219
PK-00956,11445,4,CAB1420-125,200,200,C-24-1,E016,2025-05-09,SH-50219
PK-00957,11445,5,LOCM6-053,12,12,E-36-3,E016,2025-05-08,SH-50219
PK-00958,11445,6,DRI2000-048,1,1,F-36-2,E013,2025-05-08,SH-50219
PK-00959,11445,7,ANC51618-020,1,1,F-11-2,E015,2025-05-08,SH-50219
PK-00960,11445,8,CUTM12-054,2,2,F-25-3,E018,2025-05-09,SH-50219
PK-00961 ,19999,1,ABR50-010,25,25,C-07-5,E017,2025-05-12,SH-50220
PK-00962,19999,2,LOCM6-053,50,50,B-32-3,E017,13-May-2025,SH-50220
PK-00963,19999,3,CUT1420-049,100,100,F-29-2,E015,,SH-50220
PK-00964,19777,1,SOC2000-071,25,24,D-23-4,E015,12-Nov-2025,SH-50221
PK-00965,19777,2,HOSsize6-084,25,25,E-17-5,E021,,SH-50221
PK-00966,19777,3,CUT60-119,25,25,C-34-2,E017,2025-11-13,SH-50221
,19777,4,DRIsize4-077,2,2,B-03-1,E013,2025-11-13,SH-50221
PK-00968,19777,5,CAB1250-008,25,25,C-37-3,E017,"Nov 12, 2025",SH-50221
PK-00969,19777,6,B62-454 ,12,12,F-17-1,E012,2025-11-12,SH-50221
PK-00970,19777,7,ABRsize6-012,1,1,F-02-3,E012,2025-11-12,SH-50221
PK-00971,19399,2,SOCM10-021,4,4,E-05-1,E018,"Jan 06, 2026",SH-50222 
PK-00972,19399,3,CUT1500-089,25,25,C-06-1,E015,01/07/2026,SH-50222
PK-00973,19399,4,DRIsize4-077,100,100,E-16-2,E012,01/07/2026,SH-50222
PK-00974,19399,5,HEXsize8-000,25,25,F-02-3,E014,2026-01-07,SH-50222
PK-00975,19399,6,DRI1500-016,200,200,,E018,"Jan 06, 2026",SH-50222
PK-00976,14045,2,ABR1250-018,100,100,F-36-4,E014,2025-12-29,SH-50223
PK-00977,14045,3,CABsize4-075,2,2,E-02-5,E020,2025-12-30,SH-50223
PK-00978,14045,4,ANC3410-074,2,2,D-13-2,E013,2025-12-29,SH-50223
PK-00979,14045,5,DRIsize6-105,6,6,C-34-3,E012,2025-12-29,SH-50223
PK-00980,14045,6,ABRM12-095,2,2,F-07-1,E018,2025-12-30,SH-50223
PK-00981,14045,7,FLA1420-090,100,100,B-02-4,E012,2025-12-30,SH-50223
PK-00982,14045,8,HOSsize6-084,6,6,F-37-3,E017,2025-12-30 ,SH-50223
PK-00983,14023,1,LOC1250-102,6,6,B-34-3,E018,2026-02-10,SH-50224
PK-00984,14023,2,HEX3410-042,2,2,E-38-4,E019,10-Feb-2026,SH-50224
PK-00985,14023,3,SOCM10-021,4,4,D-39-2,E018,2026-02-09,SH-50224
PK-00986,14023,4,HOSsize6-103,25,25,A-11-5,E016,09-Feb-2026,SH-50224
PK-00987,14023,5,HEX60-055,100,100,E-04-2,E021,10-Feb-2026,SH-50224
PK-00988,14023,6,LOC5811-099,6,6,D-24-4,E021,2026-02-10 ,SH-50224
PK-00989,14023,7,LOC60-060,6,6,A-25-5,E015,2026-02-09,SH-50224
PK-00990,14023,8,CABsize4-075,10,10,D-13-1,E012,02/09/26,
PK-00991,11058 ,1,DRIM10-072,10,10,F-15-5,E012,2025-06-05,SH-50225
PK-00992,11058,3,HOSM12-104,12,12,F-21-1,E019,"Jun 05, 2025",SH-50225
PK-00993,19910,1,FLA1420-090,2,2,B-06-3,E018,,SH-50226
PK-00994,17916,1,HOSM10-070,50,50,A-25-1,E021,2025-06-13,SH-50227
PK-00995,17916,2,LOC3410-092,6,6,C-06-3,E021,06/14/2025,SH-50227
PK-00996,17916,3,HOSsize8-114,25,25,B-12-1,E016,,SH-50227
PK-00997,17916,4,CUT1420-049,50,50,F-35-2,E020,2025-06-13,SH-50227
PK-00998,17916,5,FLA1420-002,10,10,B-11-1,E012,2025-06-14,SH-50227
PK-00999,17916,6,CUT2000-023,50,50,B-12-5,E021,2025-06-13,SH-50227
PK-01000,17916,7,FLA1420-002,25,24,B-34-3,E012,2025-06-13,SH-50227
PK-01001,17916,8,LOC2000-115,2,2,B-32-4,E014,13-Jun-2025,
PK-01002,12156,1,DRIsize6-110,100,100,D-21-5,E015,30-Jul-2025,SH-50228
PK-01003,12156,2,CAB50-127,100,100,B-38-2,E021,07/30/25,SH-50228
PK-01004,12156,3,HHCS-254,10,10,E-22-3,E014,,SH-50228
PK-01005,12156,4,LOCM6-053,200,199,C-13-3,E019,2025-07-29,SH-50228
PK-01006,12156,5,FLAM10-028,100,100,A-10-1,E016,07/29/2025,SH-50228
PK-01007,12156,6,DRIM10-072,12,12,B-36-5,E018,2025-07-29,SH-50228
PK-01008,12156,7,DRIsize6-110,100,100,C-05-3,E013,07/30/25,SH-50228
PK-01009,19591,1,DRIM12-083,,200,B-06-2,E018,,SH-50229
PK-01010,19591,2,CAB80-139,100,,F-10-3,E019,2025-08-16,SH-50229
PK-01011,19591,3,CAB50-127,25,24,,E013,2025-08-16,SH-50229
PK-01012,19591,5,ANC3816-039,25,25,B-28-4,E015,"Aug 16, 2025",SH-50229
PK-01013,17399,1,,10,10,E-16-5,E013,2025-12-21,SH-50230
PK-01014 ,17399,2,ANC3816-039,4,4,E-29-4,E018,2025-12-22,SH-50230
PK-01015,17399,3,HEX1420-014,100,100,E-25-4,E016,22-Dec-2025,SH-50230
PK-01016,17399,4,ABRsize8-032,25,25,F-26-5,E012,12/22/25,
PK-01017,16568,1,CAB1250-008,1,1,D-29-3,E013,2025-12-22,SH-50231
PK-01018,16568,2,SOC1375-113,4,4,C-22-1,E017,21-Dec-2025,SH-50231
PK-01019,16568,3,CUTM6-047,2,2,E-02-1,E020,2025-12-21 ,SH-50231
PK-01020,16568,4,CAB5811-137,1,1,D-15-1,E016,2025-12-21,SH-50231
PK-01021,16568,5,HEX2000-093,100,100,A-07-2,E018,2025-12-21 ,SH-50231
PK-01022,16568,6,DRIM10-072,4,4,E-14-2,E021,21-Dec-2025,SH-50231
PK-01023,,1,FLA1420-002,1,1,B-24-5,E015,2025-11-18,SH-50232
PK-01024,11591,1,FLAM6-031,50,50,F-33-3,E016,"Sep 05, 2025",
PK-01025,11591,,FLA1213-026,50,50,E-13-1,E019,2025-09-04,SH-50233
PK-01026,11591,6,CUTM6-047,100,100,D-35-4,,05-Sep-2025,SH-50233
PK-01027,11591,7,CUTsize8-078,100,100,F-10-5,E014,2025-09-04,SH-50233
PK-01028,19019,1,ABRM12-095,10,10,F-06-4,E014,"Oct 05, 2025",SH-50234
PK-01029,19019,2,FLAsize6-118,25,25,D-26-4,E021,2025-10-05,SH-50234
,19019,3,BRG-6205-IMP ,6,6,F-28-5,E020,2025-10-04,SH-50234
PK-01031,19019,4,ANC51618-019,200,200,E-23-4,E015,10/04/2025,SH-50234
PK-01032,19019,5,6308-882,4,4,B-21-5,E014,2025-10-04,SH-50234
PK-01033,19019,6,DRI3410-068,25,25,B-38-5,E021,10/04/2025,SH-50234
PK-01034,19019,7,ANCM6-073,2,2,C-07-4,E013,2025-10-04,SH-50234 
PK-01035,19019,8,,6,6,E-31-1,E014,04-Oct-2025,SH-50234
PK-01036,12949,1,NIT1000-088,100,100,E-01-4,E014,08/01/2025,SH-50235
PK-01037,12949,2,LOC2000-115,4,4,B-38-1,E013,"Jul 31, 2025",SH-50235
PK-01038,12949,3,ABRM12-109,10,10,E-26-5,E013,01-Aug-2025,SH-50235
PK-01039,12949,4,LOCM10-085,100,100,E-40-2,E020,2025-08-01,SH-50235
PK-01040,12949,5,ABR1500-059,100,99,D-32-4,E014,2025-07-31,SH-50235
PK-01041,12949,6,CUT80-015,6,6,A-01-1,E014,2025-07-31,SH-50235
,12949,7,CUT1420-049,2,2,E-03-5,E014,,SH-50235
PK-01043,12949,8,FLA60-122,4,4,D-25-4,E021,01-Aug-2025,SH-50235
PK-01044,14689,1,HEXsize8-101,100,100,E-17-1,E018,12/14/2025,SH-50236
PK-01045,14689,2,SOC51618-129,4,4,C-22-5 ,E020,2025-12-14,SH-50236
PK-01046,18352,2,HEXM8-094,25,25,A-38-5,E017,"Jul 20, 2025",SH-50237
PK-01047,18352,3,ANCsize6-005 ,2,2,D-11-4,E021,2025-07-21,SH-50237
PK-01048,18352,4,FLA3410-112,50,50,E-13-1,E018,2025-07-21,SH-50237
PK-01049,15042,1,CUT3410-037,100,100,C-20-5,E013,2026-03-06,SH-50238
PK-01050,,1,DRI3816-044,6,,C-05-2,E013,2026-01-03,SH-50239
PK-01051,12129,2,LOCsize4-081,25,25,A-37-1,E014,2026-01-02,SH-50239
PK-01052,18268,1,DRIM12-083,2,2,B-40-3,E017,14-May-2025,SH-50240
PK-01053,18268,2,DRIM10-072,1,1,E-39-3,E012,2025-05-15,SH-50240
PK-01054,18268,3,SOC51618-057,10,10,C-07-1,E019,2025-05-15,SH-50240
PK-01055,16442,5,FLAsize8-045,12,12,E-23-4,E018,2026-03-26,SH-50241
PK-01056,18935,1,,10,10,E-20-4,E017,2025-10-12,SH-50242
PK-01057,18935,2,ANC51618-020,1,1,B-25-3,E013,"Oct 11, 2025",SH-50242
PK-01058,18935,3,HOSsize6-084,12,12,C-37-5,,10/11/2025,SH-50242
PK-01059,18935,4,ANCM6-043,10,10,B-34-4 ,E014,2025-10-11,SH-50242
PK-01060,18935,5,LOCM10-085,25,25,A-04-5,E021,2025-10-12,SH-50242
PK-01061,17093,1,HOSsize6-103,25,25,E-25-5,E013,2025-08-14,SH-50243
PK-01062,17093,2,HOS1213-006,2,2,F-33-5,E013,15-Aug-2025,SH-50243
PK-01063,17882,1,ABR50-010,2,2,E-16-3,E012,2026-02-03,SH-50244
PK-01064,12220,1,CUT60-119,50,50,A-17-3,E020,2025-12-15,SH-50245 
PK-01065,15950,1,SOC1250-011,4,4,F-39-2,E020,2025-09-06,SH-50246
PK-01066,15950,2,FLA1420-002,200,200,E-22-1,E017,2025-09-05,SH-50246
PK-01067,15950,3,FLAM6-031,2,2,B-02-3,E014,09/05/25,SH-50246
PK-01068,15950,4,LOC60-069,12,12,B-23-1,E018,2025-09-05,SH-50246
PK-01069,15950,5,CUT80-015,12,12,E-29-3 ,E021,09/06/25,SH-50246
PK-01070,,6,B62-454,4,4,D-12-3,E014,09/06/25,SH-50246
PK-01071,15950,7,HEX80-033,1,0,C-11-3,E014,2025-09-06,SH-50246
PK-01072,19158,1,HOSM12-104,12,12,F-32-4,E017,2025-05-24,SH-50247
PK-01073,19158,2,,4,4,A-24-5,E014,05/23/2025,SH-50247
,17661,1,HOSsize8-128,100,100,D-24-3,E018,11/15/2025,SH-50248
PK-01075,17661,2,HOSsize8-128,25,25,B-05-3,E014,11/15/2025,SH-50248
PK-01076,17661,3,LOC1250-102,2,2,A-10-3,E015,2025-11-16,SH-50248
PK-01077,17661,4,CUT1213-024,25,25,F-03-1,E016,2025-11-15,SH-50248
PK-01078 ,17661,5,CUT80-015,100,100,E-12-1,E014,2025-11-15,SH-50248
PK-01079,17661 ,6,,200,200,E-33-2,E013,11/16/25,SH-50248
PK-01080,10917,1,LOCM6-130,200,200,F-33-3,E012,2026-03-08,SH-50249
PK-01081,10917,2,ABR1500-059 ,4,4,,E019,03/08/26,SH-50249
PK-01082,14720,1,CUTsize8-078,25,25,C-38-4,E017,10/29/2025,SH-50250
PK-01083,14720,2,NIT80-132,4,4,A-35-1,E015,10/29/2025,SH-50250
PK-01084,14720,4,HEXM8-094,10,10,C-08-1,E015,10/29/25,SH-50250
PK-01085,14720,5,SOC2000-071,100,100,C-28-5,E015,2025-10-29 ,SH-50250
PK-01086,14720,6,ABRsize8-032,50,50,F-30-5,E018,2025-10-28,SH-50250
PK-01087,15082,1,BRG-6205,6,6,A-27-4,E012,01/05/2026,SH-50251
,15082,2,HEX80-033,1,1,F-09-3,E015,2026-01-04,SH-50251
PK-01089,15082,3,FLAM10-028,6,6,F-24-5,E021,2026-01-05,SH-50251
PK-01090,10683,1,HEX3410-042,12,12,F-32-2,E012,2026-02-28,SH-50252
PK-01091,10683,2,LOC60-076,50,50,E-03-5,E017,28-Feb-2026,SH-50252
PK-01092,10683,3,6308-882,200,200,D-36-3,E020,,SH-50252
PK-01093,10683,4,DRI3816-044,4,4,C-17-1,E014,"Feb 28, 2026",SH-50252
PK-01094,10683,5,HEXM12-056,100,100,C-15-2,E015,"Feb 27, 2026",SH-50252
PK-01095,10683,6,ANC3410-034,1,1,B-07-1,E016,2026-02-27,SH-50252
PK-01096,10683,7,ANC3410-034 ,1,1,A-25-4,E017 ,2026-02-28,SH-50252
PK-01097,16585,1,SOC1500-097,2,1,D-26-5,E017,2025-07-07,SH-50253
PK-01098,16585,2,B62-454,100,100,A-27-5,E016,2025-07-07,SH-50253 
PK-01099,16585,3,HEXM8-094,10,,B-01-1,E017,07/08/2025,SH-50253
PK-01100 ,16585,4,FLA50-065,10,10,B-08-3,E020,"Jul 07, 2025",SH-50253
PK-01101,16585,5,HEX1250-124,2,,B-23-5,E016,2025-07-07,SH-50253
PK-01102,16585,6,HEX1420-014,2,2,A-39-5,E018,"Jul 08, 2025",SH-50253
PK-01103,16585,7,FLA50-065,100,100,E-07-3 ,E015,2025-07-08,SH-50253
PK-01104,16585,8,DRI2000-004,2,2,F-20-3,E018,07/08/2025,SH-50253
PK-00467,14705,7,ABRsize6-012,12,12,C-15-1,E015,11/29/2025,SH-50112
PK-01105,13015 ,1,ANCsize6-005,1,1,C-05-5,E012,2026-02-12,SH-50254
PK-01106,,2,CUT1500-089,6,6,F-21-3,E015,2026-02-12,SH-50254
PK-01107,13015,3,SOC51618-129,12,12,A-02-3,E015,02/12/26,SH-50254
PK-01108,14495,1,,,4,D-18-2,E012,12/04/25,SH-50255
PK-01109,14495,3,NIT1250-117,1,1,E-04-5,E013,2025-12-04,SH-50255
PK-01110,14495,4,HEXM8-094,200,200,B-25-2,E019,12/04/25,SH-50255
PK-01111,14495,5,SOC1500-097,1,1,C-22-4,E017,2025-12-05,SH-50255
PK-01112,19282,1,CAB1420-107,2,2,F-26-5,E020,12/26/2025,SH-50256
PK-01113,19282,2,HEXM8-094,200,200,C-02-4,E014,2025-12-26,SH-50256
PK-01114,19282,3,HEXsize8-101,25,25,F-03-3,E017,2025-12-25 ,SH-50256
PK-01115,19282,4,ANC3816-039,100,100,D-28-3,E016,2025-12-26,SH-50256
PK-01116,19282,5,HEX1420-030,50,50,F-13-4,E013,12/25/25,SH-50256
PK-01117,19282,6,SOC51618-057,10,10,E-06-4,E014,12/25/2025,SH-50256
PK-01118,19282,7,LOCsize4-081,12,12,E-18-5,E017,2025-12-26,SH-50256
PK-01119,19282,8,HEX1420-014 ,100,100,A-09-4,,25-Dec-2025,SH-50256
PK-01120,12115,2,DRIsize4-077,6,6,,E018,2026-03-18,SH-50257
PK-01121,15607,1,LOC5811-099,200,200,E-28-5,E016,2026-02-21,SH-50258
PK-01122,19924,1,FLA1213-026,50,49,B-30-5,E016,05/26/25,SH-50259
PK-01123,19924,,SOC1250-123,200,200,F-15-2,E015,2025-05-26,SH-50259
PK-01124,19924,,ANC51618-020,5,5,B-01-3,E013,2025-05-26,SH-50259
PK-01125,19924,7,LOC1420-087,6,5,E-39-5,E018,2025-05-27,SH-50259
PK-01126,18635,1,FLAM6-031,25,25,A-10-3,E017,,SH-50260
PK-00157,18712,3,ABRM12-046,10,10,E-14-5,E018,2025-11-17,SH-50036
PK-01127,18635,2,SOC51618-129,10,10,B-24-3,E018,2025-12-15,SH-50260
PK-01128,18262,1,DRI3410-068,50,50,C-18-2,E013,09-Sep-2025,SH-50261
PK-01129,10787,1,CAB1420-107,1,1,B-36-5 ,,2025-08-20,SH-50262
PK-01130,10787,3,ABRsize8-032,2,2,E-11-4,E012,08/20/25,SH-50262
PK-01131,10787 ,4,ANCM12-027,4,4,C-30-1,E012,08/21/25,SH-50262
,10787,6,DRIsize6-105,4,4,E-35-1,E015,2025-08-20,SH-50262
PK-01133,10787,7,NIT80-132,50,50,A-17-5,E015,2025-08-20,SH-50262
PK-01134,10787,8,ABRM12-109,50,50,F-29-4,E013,"Aug 21, 2025",SH-50262
PK-01135,19690,1,LOCsize8-120 ,1,1,E-21-4,E018,09/18/25,SH-50263
PK-01136,19690,2,ANC3816-039,100,100,A-33-1,E015,09/19/25,SH-50263
PK-01137 ,19690,3,CUTM6-047,100,100,E-05-1,E020,2025-09-19,SH-50263
PK-01138,19690,4,DRI1500-016,4,4,A-39-3,E016,18-Sep-2025,SH-50263
PK-01139,19690,5,DRI3816-044,100,100,F-33-5,E019,18-Sep-2025,SH-50263
PK-01140,19690,6,ANC51618-019,12,12,B-05-1,E019,"Sep 18, 2025",SH-50263
PK-01141,19690,7,SOC51618-129,25,25,F-06-4,E021,09/18/2025,SH-50263
PK-01142,11197,1,DRIM12-083,6,6,D-04-5,E017,2026-01-05,SH-50264
PK-01143,11197,2,ABRM12-095,12,12,F-06-3,E020,"Jan 06, 2026",SH-50264
PK-01144,,3,LOCsize8-120 ,4,4,C-27-4,E012,01/06/26,SH-50264
PK-01145,11197,4,ABR1250-018,6,6,,E018,2026-01-05,SH-50264
PK-01146,18481,1,DRIsize4-077,4,4,E-13-1,E013,"Jun 05, 2025",SH-50265
PK-01147,18481,2,CUT1420-049,4,4,A-35-1,E016,06/05/25,SH-50265
PK-01148,18481,3,LOC3410-092,1,1,E-08-4,E021,2025-06-04,SH-50265
PK-01149,18481,4,CAB1250-008,6,,A-26-3,E016,2025-06-04,SH-50265
PK-01150,18481,5,HOSsize6-084,4,4,A-30-5,E020,2025-06-04,SH-50265
PK-01151,18481,6,CAB50-127,10,10,C-05-5,E013,2025-06-04,SH-50265
PK-01152,18481,7,DRIsize6-110,1,1,A-31-5,E016,2025-06-04,SH-50265
PK-01153,16440,1,ANCM12-027,4,4,F-01-5,E013,09/18/25,SH-50266
PK-01154,16440,3,FLAsize6-134,4,4,F-25-2,E015,09/17/25,SH-50266
PK-01155,16440,4,HOS1000-086,6,6,C-24-5,E018,2025-09-17,SH-50266
PK-01156,13535,1,HEX80-033,12,12,B-38-1,E017,12/07/25,SH-50267
PK-01157,13535,2,ABR1250-018,10,10,B-24-5,E019,2025-12-08,SH-50267
PK-01158,10794,1,HEX60-080,4,4,D-13-1,E017,2026-01-09,SH-50268
PK-01159,10794,2,ABRM8-051,4,4,B-22-5,E021,10-Jan-2026,SH-50268
PK-01160,10794,4,CUT1420-049,200,200,C-29-4,E014,2026-01-10,SH-50268
PK-01161,10794,5,ABR50-010,4,4,C-13-3,E020,2026-01-10,SH-50268
PK-01162,10794,6,FLA1420-090,25,25,B-15-1,E014,2026-01-10,SH-50268
PK-01163,10794,7,HEX1420-014,25,25,B-28-3,E017,2026-01-09,SH-50268
PK-01164,10794,8,ANCM12-027,2,2,B-33-5,E019,2026-01-09,SH-50268
PK-01165,13782,,DRIM12-083,2,2,F-14-1,E015,2025-12-22,SH-50269
PK-01166,13782,2,FLA1375-009,4,4,B-11-2,E013,2025-12-21,SH-50269
PK-01167,13782,3,LOCM6-053,6,6,F-08-4,E021,2025-12-21,SH-50269
PK-01168,13782,4,HEXM10-131,10,,B-27-5,E018,2025-12-21,SH-50269
PK-01169,13782,6,HEX1250-124,100,100,A-16-3,E012,2025-12-22,SH-50269
PK-01170,13782,7,FLA1420-090,2,2,F-36-4,E012,2025-12-22,
PK-01171,19037,1,FLAsize8-045,200,200,F-40-2,E018,"Sep 09, 2025 ",SH-50270
PK-01172,19037,2,LOCM8-108,2,1,A-07-5,E020,09/09/2025,SH-50270
PK-01173,19037,3,SOC2000-025 ,12,12,F-30-5,E017,2025-09-09,SH-50270
PK-01174,19037,4,CUT5811-066,100,99,B-26-5,E018,09/09/25,SH-50270
PK-00386,16074,6,DRI1500-016,10,10,E-04-2,E012,2026-03-01,SH-50096
PK-01175,19037,5,CUTM6-041,100,100,C-17-5,E016,2025-09-10,SH-50270
PK-01176,19037,6,HOSsize6-084,50,50,B-36-1,E015,2025-09-09,SH-50270
PK-01051,12129,2,LOCsize4-081,25,25,A-37-1,E014,2026-01-02,SH-50239
PK-01177,19037 ,8,HOSsize8-128,1,1,E-39-1,E019,2025-09-09,SH-50270
PK-01178,14638,1,HOSsize8-114,1,1,C-04-5,E018,"Mar 04, 2026",
PK-01179,14638,2,DRIM12-083,,2,F-37-3,E012,"MAR 03, 2026",SH-50271
PK-01180,14638,3,FLA50-065,100,100,F-17-4,E017,2026-03-03,SH-50271
PK-01181,14638,4,SOC1250-011,4,4,A-31-3,E021,2026-03-04,SH-50271
PK-01182,14638,5,FLA1375-009,12,12,D-29-3,E014 ,2026-03-04,SH-50271
PK-01183,14638,6,DRI2000-048,2,2,D-01-4,E016,"Mar 04, 2026 ",SH-50271
PK-01184,14638,,CUT3816-058 ,6,6,F-30-3,E015,2026-03-03,SH-50271 
PK-01185,18374,1,,100,100,D-14-1,E016,"Jun 26, 2025",SH-50272
PK-01186,18374,2,HEX3410-042,10,10,E-39-3,E015,2025-06-26,SH-50272
PK-01187,18374,3,SOC51618-057,10,,E-30-5,E014,"Jun 27, 2025",SH-50272
PK-01188,12080,1,LOCM6-130,50,50,B-02-1,E013,03/14/26,SH-50273
PK-01189,12080,2,ABRsize8-032,25,25,B-24-2,E014,"Mar 13, 2026",SH-50273
PK-01190,12080,3,FLAsize6-118,2,2,A-26-2,E015,2026-03-13,SH-50273
PK-01191,,4,CUTM12-054,50,,D-24-4,E017,2026-03-13,SH-50273
PK-01192,12080,5,CABsize8-111,12,12,A-33-1,E021,2026-03-14 ,SH-50273
PK-01193,14755,1,LOC60-069,10,10,C-30-4,E021,2025-12-09,SH-50274
PK-01194,14755,2,ANC3816-039,10,10,D-26-5,E021,,SH-50274
PK-01195,14755,3,LOCM6-053,2,2,C-35-2,E018,09-Dec-2025,SH-50274
PK-01196,,4,DRI1500-016,4,4,B-01-3,E021,2025-12-09,SH-50274
PK-01197,14755 ,5,,4,4,E-19-4,E018,"Dec 10, 2025",SH-50274
PK-01198,14755,6,ANCM10-050,200,200,E-01-2,E017,2025-12-09,SH-50274
PK-01199,14755,7,HOSsize8-128,10,10,B-02-3,E015,12/09/25,SH-50274
PK-01200,12751,1,LOC1250-102,10,10,D-35-4,E014,2025-09-17,SH-50275
PK-01201,,2,SOCsize6-098,2,2,C-26-5,E019,2025-05-11,SH-50276
PK-01202,11175,3,ABRsize6-012 ,10,10,F-26-3,E016,11-May-2025,SH-50276
PK-01203,11175,4,ABR1250-018,50,50,E-23-5,E021,11-May-2025,SH-50276
PK-01204,11175,5,HEX1250-124,200,200,C-28-2,E019,2025-05-10,SH-50276
PK-01205,11175,6,FLAM6-031,2,2,A-26-3,E018,2025-05-10,SH-50276
PK-01206,11175,7,FLA50-065,4,4,C-31-5,E014,05/10/2025,SH-50276
PK-01207,13323,1,FLAsize6-134,50,50,B-07-2,E016,2025-07-07,SH-50277
PK-01166,13782,2,FLA1375-009,4,4,B-11-2,E013,2025-12-21,SH-50269
PK-01208,13323,2,ABR50-010,100,100,D-25-3,E020,2025-07-08,SH-50277
PK-01209,13323,3,ANCM8-001,1,1,A-06-4,E014,07-Jul-2025,SH-50277
PK-01210,13323,4,HEXsize8-000,10,10,B-19-3,E013,2025-07-07,SH-50277
PK-01211,13323,5,HEXM12-056,1,1,B-19-2,E021,2025-07-07,SH-50277
,13323,6,CUT3816-058,2,2,D-03-4,E017,07/07/25,SH-50277
PK-01213,13323,7,FLA60-122,100,100,D-35-1,E012,2025-07-07,SH-50277
PK-01214,10454,1,HEXM8-094,6,6,D-16-2,E018,2026-03-10,SH-50278
PK-01215,10454,2,CUT3816-058,25,25,E-29-5 ,E012,11-Mar-2026,SH-50278
PK-01216,10454,3,ANC51618-020,1,1,F-04-1,,2026-03-11,SH-50278
PK-01217,10454,5,DRI3410-068,200,200,E-08-1,E013,2026-03-11,SH-50278
PK-01218,16294,1,HEX1250-124 ,4,4,E-31-4,E013,2025-10-30,SH-50279
PK-01219,16294,2,HOSsize8-114,50,50,D-17-2,E019,2025-10-31,SH-50279
PK-01220,16294,3,ANC3410-034,2,2,F-01-2,E017,10/31/25,SH-50279
PK-01221,16294,4,DRIsize6-110,25,24,A-20-5,E017,2025-10-30,SH-50279
PK-01222,16294,5,ANC80-062,1,1,E-23-5,E014,"Oct 31, 2025",SH-50279
PK-01223,16294,6,LOCsize8-120,6,6,A-16-3,E015,2025-10-31,SH-50279
PK-01224,16294,,CUT1213-024,25,25,A-18-3,E016,2025-10-31,SH-50279
PK-01225,15827,1,6308-882,25,25,E-25-1,E013,2026-02-09,SH-50280
PK-01226,15827,2,FLAsize6-134,6,6,B-08-3,E021,2026-02-08,SH-50280
PK-01227,15827,4,DRIsize6-110,2,2,A-27-5,E014,2026-02-09,SH-50280
PK-01228,15827,5,ABRsize6-012,1,1,F-37-2,E018 ,2026-02-08,SH-50280
PK-01229,15827,6,FLAsize6-134,12,12,C-08-1,E017,08-Feb-2026,SH-50280
PK-01230,15827,7,HOSsize6-103,100,100,D-40-4,E017,2026-02-08,SH-50280
PK-00161,18712,7,DRIM12-083,1,1,A-09-2,E017,"Nov 16, 2025",SH-50036 
PK-01231,10477,1,HEXM8-094,200,,C-19-2,E018,"Jul 05, 2025",SH-50281
PK-01232,14674,1,HN-789,200,200,F-36-3,E012,2026-02-24,SH-50282
PK-01233 ,14674,2,HEXM10-116,25,25,B-17-5,E016,02/24/2026,SH-50282
PK-01234,14674,3,HHCS-254,6,6,B-37-5,E020,02/25/2026,SH-50282
PK-01235,14674,4,HOSM12-104,4,4,E-08-2,E020,2026-02-24,SH-50282
PK-01236,14674,5,ANCM8-001,3,3,C-12-2,E016,2026-02-25,SH-50282
,12313,1,ANC3816-039,,1,C-36-5,E018,12/20/25,SH-50283
PK-01238,12313,2,B62-454,1,1,A-33-2,E014,2025-12-20,SH-50283
PK-01239,12313,3,CUTM6-047,6,6,F-09-4,E017,2025-12-19,SH-50283
PK-01240,12313,4,FLA1375-009,4,4,A-02-3 ,E016,2025-12-19,SH-50283
PK-01241,12313,5,FLAsize8-029,1,1,C-17-3,E021,12/19/25,SH-50283
PK-01242,12313,6,CUTM12-054,50,50,E-26-3,E020,12/20/25,SH-50283
PK-01243,12313 ,8,DRIsize8-138,200,200,B-25-5,E021,"Dec 19, 2025",SH-50283
PK-01244,15684 ,1,LOCM8-108,100,100,D-01-2,E016,07/03/2025,SH-50284
PK-01245,15684,2,HOSsize8-128,50,50,B-38-5,E020,"Jul 02, 2025",SH-50284
PK-01246,15684,3,CAB1250-008,2,2,C-40-2 ,E013 ,07/02/25,SH-50284
PK-01247,15684,4,BRG-6205-IMP,12,12,A-26-1,E019,2025-07-02,SH-50284
PK-01248,15684,5,ANCM10-050,10,10,F-40-5,E013,2025-07-03,SH-50284
PK-01249,15684,6,SOC1250-011,100,100,A-03-4,E021,2025-07-03,SH-50284
PK-00448,14207,8,ANC51618-020,1,1,A-01-5 ,E012,2025-11-19,SH-50108
PK-01250,12350,1,HOSsize6-103 ,12,12,E-34-2,E014,2026-03-25 ,SH-50285
PK-01251,10793,1,ABRM12-046,100,100,C-20-4 ,E021,2025-08-31,SH-50286
PK-01252,10793,2,BRG-6205-IMP,10,10,A-08-2,E021,2025-08-30,SH-50286 
PK-01253,10793,3,HEX2000-093,25,25,C-10-3,E012,30-Aug-2025,SH-50286
PK-01254,10793,4,ABRM12-109,10,10,E-22-3,E019,08/30/25,SH-50286
PK-01255,10793,5,SOCsize6-098,4,4,F-28-4,E014,2025-08-31,SH-50286
PK-01256,10793,7,CAB80-139,50,,E-14-5,E020,2025-08-30,SH-50286
PK-01257,17493,1,SOCsize6-098,6,6,F-04-2,E018,18-Dec-2025,
PK-01258,17493,2,ABRsize8-003,6,6,F-06-1,E014,2025-12-19,SH-50287
PK-01259,14405,1,CUT1213-024,100,100,B-12-1,E021,2025-08-13,SH-50288
PK-01260,12429,1,,,6,F-26-1,E018,"Jul 31, 2025",SH-50289
PK-01261,12429,2,DRI2000-048,25,25,A-14-4,E021,2025-08-01,SH-50289
PK-01262,12890 ,1,DRIsize6-110,2,2,E-39-4,E012,11/30/2025,SH-50290
PK-01263,12890,2,CABsize4-007,50,50,E-32-2,E020,2025-11-30,SH-50290
PK-00776,19574,2,FLAsize8-029,4,4,E-04-2,E015,2025-09-11,SH-50185
PK-01264,12890,3,FLAsize6-118,10,10,F-19-2,E017,2025-11-30,SH-50290
PK-01265,12890,4,LOCM8-108,2,2,C-04-2,E020,2025-11-30,SH-50290
PK-01266,12280,2,HEXM8-094,4,4,A-28-5,E017,"Jul 06, 2025",SH-50291
PK-01267,19948,2,SOC1250-011,50,50,B-35-3,E021,05-Mar-2026,SH-50292
PK-01268 ,19948,3,ANC51618-019,,6,A-40-2,E013,03/05/26,
PK-01269,19948,4,,1,1,F-40-4,E014,2026-03-05,SH-50292
PK-01270,19948,5,LOC60-069,6,6,F-21-3,E012,2026-03-04,SH-50292
PK-01271,19948,6,FLAsize6-118,25,,F-28-4,E020,"Mar 05, 2026",SH-50292
PK-01272,17834,1,LOC60-076,200,200,B-04-3,E018,08/11/25,SH-50293
PK-01273,17834,2,NITM12-036,10,9,B-02-3,E012,"Aug 11, 2025",SH-50293
PK-01274,17834,3,CAB1420-125,1,1,C-25-2 ,E018,08/11/25,SH-50293
PK-01275,17834,4,CUTM6-041,6,6,A-16-4,E017,2025-08-12,SH-50293
PK-01276,17834 ,5,FLA1420-090,12,12,B-38-4,,2025-08-11,SH-50293
PK-01277,17834,6,LOCM6-053,6,6,,E016,2025-08-11,SH-50293
PK-01278,16229,1,FLAsize6-118,25,25,F-11-2,E012,22-Jun-2025,SH-50294
PK-01279,16229,3,LOC2000-115,25,25,D-36-2,E020,2025-06-23,SH-50294
PK-01280,16229,4,B62-454,12,12,D-09-2,E014,06/22/25,SH-50294
PK-01281,16229,5,LOC60-076,25,25,B-13-5,E020,2025-06-22,
PK-01282,16229,7,SOCM10-021,4,4,A-03-2,E021,2025-06-22,SH-50294
PK-01283,16229,8,CUT1500-089,25,25,F-04-4,E013,2025-06-22,SH-50294
PK-01284,17616,1,DRI2000-048,12,12,E-13-2,E015,2025-08-04,SH-50295
PK-01285 ,17616,2,CUT2000-023,10,9,F-24-3,E012,2025-08-04 ,SH-50295
PK-01286,17616,3,ANCM10-050,12,,C-07-3,E018,2025-08-04,SH-50295
PK-01287,17616,4,ABRM12-109,1,1,E-02-5,E017 ,08/04/2025,SH-50295
PK-01288,17616,5,B62-454,2,2,A-16-5,E012,08/05/25,SH-50295
PK-01289,18197,1,,4,4,D-29-4,E018 ,02-Feb-2026,SH-50296
PK-01290,18197,,CUTM6-041,200,200,E-14-3,E014,,SH-50296
PK-01291,18197,4,LOCsize4-081,1,1,F-20-5,,02/01/26,SH-50296
PK-01292,18197,5,CUTsize8-078,6,6,C-09-5,E017,2026-02-01,SH-50296
PK-01293,18197,6,NIT1375-106,200,200,F-25-1 ,E019,02/02/2026,SH-50296
PK-01294,18197,7,SOC1500-097,100,100,D-29-4,E016,"Feb 01, 2026",SH-50296
PK-00472,16947,4,BRG-6205-IMP,4,4,D-14-5,E018,2025-06-10,SH-50113 
PK-01295,18197,8,LOC3410-092,1,1,D-03-3,E018,02/01/26,SH-50296
PK-01513,16886,1,FLA3410-112,50,50,B-20-1,E014,07/19/2025,SH-50352
PK-01296,11644,,FLAM6-031,4,4,F-11-1,E021,2025-12-26,SH-50297
PK-01297,11644,3,FLAM6-031,200,200,A-15-1,E013,2025-12-26,SH-50297
PK-01298,11644,4,HHCS-254,10,10,C-35-3,E020,2025-12-27,SH-50297
PK-01299,11644,5,ABR50-010,10,10,D-17-1,E020,26-Dec-2025,SH-50297
PK-01300,11644,6,HOS1000-086,50,50,D-37-2,E020,2025-12-26,SH-50297
PK-01301,16081,1,FLA1420-090,50,50,C-32-3,E019,11/05/25,SH-50298
PK-01302,16081,2,HOS1000-086,10,10,C-27-2,E016,2025-11-05,SH-50298
PK-01303,16081,3,FLAM6-031,12,12,C-25-1,E015,2025-11-06,SH-50298
PK-01304,16081,4,CAB80-139,10,,F-21-1,E021,"Nov 05, 2025",SH-50298
PK-01305 ,16081,5,HEX60-055,12,12,E-38-2,E019,11/06/25,SH-50298
PK-01306,16081,6,FLAsize8-045,2,2,D-13-3,E021,05-Nov-2025,SH-50298
PK-01307,18659,1,CAB50-127 ,12,12,B-13-5,E018,2025-10-26,SH-50299
PK-01308,18659,3,CUTsize8-078,50,50,B-05-5,E020,2025-10-26,SH-50299
PK-01309,18659,4,CUT80-015,6,6,A-15-2,E016,2025-10-27,SH-50299
PK-01310,18659,5,DRIsize6-110,200,200,B-23-4,E015,2025-10-26,SH-50299
PK-01311,18659,6,NITM12-036,2,2,E-02-3,E017,,SH-50299
PK-01312,18659,7,LOC3410-092,50,50,D-14-2,E012,2025-10-27,SH-50299
PK-01313,14765,1,HEXsize8-000,2,2,B-24-3,E012,2025-05-18,SH-50300
PK-01314,14765,2,ABRsize8-032,1,1,D-30-2,E017,"May 18, 2025",SH-50300
PK-01315 ,14765,3,FLA60-122,25,25,B-32-2,E017,18-May-2025,SH-50300
PK-01316,14765,5,CUT1213-024,100,100,,E017,17-May-2025,SH-50300
PK-01317,14765,7,DRIsize8-138,4,4,C-37-3 ,E014,2025-05-18,SH-50300
PK-01318,14765,8,SOCsize6-098,6,6,A-34-2,E015,2025-05-17,SH-50300
PK-01319,15110,1,FLAM10-028,12,12,E-18-4,E020,2025-07-27,SH-50301
PK-01320,15110,2,CUT1213-024,50,50,B-40-5,E019,2025-07-27 ,SH-50301
PK-01321,15110,3,ANC3410-074,1,1,B-14-2,E017,2025-07-27,SH-50301
PK-01322,15110,4,BRG-6205,50,50,F-09-3,E019,2025-07-26,SH-50301
PK-01323,15110,5,CABsize4-075,12,12,F-38-2,E021,07/26/25,SH-50301 
,19143,1,HEX80-033,200,200,B-34-2,E012,"Jan 31, 2026",SH-50302
PK-01325,19143,2,ANC51618-019 ,4,4,B-14-4,E021,30-Jan-2026,SH-50302
PK-01326,15159,3,HOSM12-104,1,1,A-13-4,E017,"Mar 18, 2026",SH-50303
PK-01327,15159 ,4,CUTM12-054,200,,F-39-1,E012,"Mar 18, 2026 ",SH-50303
PK-01328,12667,1,SOCM10-021,12,12,B-24-5 ,E014,01/16/2026,SH-50304
PK-01329,12667,2,SOC1375-113,12,12,F-06-4,E017,01/15/2026,SH-50304
PK-01330,12667,3,FLA50-065,100,100,A-03-4,E013,2026-01-15,
PK-01063,17882,1,ABR50-010,2,2,E-16-3,E012,2026-02-03,SH-50244
PK-01331,12667,4,LOCM6-130,2,2,E-01-1,E017,2026-01-15,SH-50304
PK-00006,11231,1,HEXM10-116,50,50,A-03-2,E019,2025-06-23,SH-50002
PK-01332,18058,1,CUT80-015,2,2,F-21-4,E012,2026-03-15,SH-50305
PK-01333,10946,1,NIT1250-117,100,100,D-02-3,E017,2025-12-21,SH-50306
PK-00548,11443,7,ANCM6-043,6,5,B-05-1,E020,22-Mar-2026,SH-50132
PK-01334,10946,2,HOSsize6-084,6,6,E-39-4,E017,2025-12-22,SH-50306
PK-01335 ,10946,3,SOC1500-097,25,25,F-33-2,E016,2025-12-21,SH-50306
PK-01336,10946,4,LOC60-069,50,50,F-01-3,E019,2025-12-22,SH-50306
PK-01337,10946,5,HOSsize8-128,1,1,E-11-2,E021,12/21/25,SH-50306
PK-01338,19808,1,HEXM10-131 ,1,1,B-19-1,E016,2025-09-17,SH-50307
PK-01339,19808,2,FLAsize6-134,200,200,C-07-3,E012,"Sep 17, 2025",SH-50307
PK-01340,19808,3,CUT80-015,25,25,B-07-3,E020,18-Sep-2025 ,SH-50307
PK-01341,,4,LOC5811-099,25,25,B-38-4,E014,2025-09-18,SH-50307
PK-01342,12112,1,LOCM10-085,200,200,E-10-4,E014,11/26/25,SH-50308
PK-01343,12573,2,CUT1500-089,2,1,C-39-4,E020 ,2025-11-01,SH-50309
PK-01344,12573,3,HEX60-055,50,50,D-33-3,E015,,SH-50309
PK-01345,12573,4,LOCM6-053,6,6,F-14-3,E021,2025-11-01,SH-50309 
PK-01346,12573,5,LOC60-069,4,4,E-25-2,E021,11/01/2025,SH-50309
PK-01347,12573,6,ABRM8-051,6,6,D-25-1,E014,11/02/2025,SH-50309
PK-01348,15919,1,ANCM8-040,25,25,B-16-2,E012 ,2025-09-15,SH-50310
PK-01349,15919,2,DRIsize6-110,100,100,A-22-5,E016,2025-09-15,SH-50310
PK-01350,15919,3,DRIM10-072,25,25,A-39-1,E013,2025-09-15,SH-50310
PK-01351,15919,4,FLAsize8-045,6,6,C-06-2 ,E020,2025-09-14,SH-50310
PK-01352,15919,5,FLA1420-002,,,B-13-1,E012,,SH-50310
PK-01353,15919,,LOC60-069,200,200,B-39-4,E021,09/14/2025,SH-50310
PK-01354,15919,7,HN-789,1,1,F-05-1,E013,2025-09-15,SH-50310 
PK-01534,14190,4,HEXM10-116,25,25,E-05-1,E015,2025-11-18,SH-50357
PK-01355,15919,8,HEX60-080,100,100,A-24-1,E017,2025-09-14,SH-50310
PK-01356,13278,1,CUT3816-058,50,50,A-16-2,E014,2025-08-09,SH-50311
PK-01357,13278,2,ANC51618-020,3,3,E-38-5,E019,08/09/2025,SH-50311
PK-01358,10270,1,ANCM10-050,12,12,A-17-1,E014,"Jan 20, 2026",SH-50312
PK-00048,15068,2,ANC3410-034,3,3,F-33-2,E020,2025-09-12,SH-50013
PK-01359 ,17294,1,CABSIZE4-075,12,,D-05-2,E019,"May 16, 2025",SH-50313 
PK-01360,17294,2,HEX3410-042,6,6,B-18-5,E019,05/15/25,SH-50313
PK-01361,16879,1,DRI1500-016,12,12,F-27-4,E013,2025-08-18,SH-50314
,18244,1,LOC60-076,50,50,B-25-4,E016,2025-08-08,SH-50315
PK-01363,19669,1,LOC3410-092,12,12,E-13-2,E018,2025-06-13,SH-50316
PK-01364,19669,2,DRIsize4-017,100,100,D-16-5,E014,13-Jun-2025 ,SH-50316
PK-01365,19669,3,HN-789,2,2,C-33-5,E017,"Jun 12, 2025",SH-50316
PK-01366,19669,5,ABRsize8-032,50,50,E-23-4,E017,06/12/25,SH-50316
PK-01367,19669,6,FLAM10-028,2,2,,E020,13-Jun-2025,SH-50316
PK-01368,19669,7,DRI2000-048,4,4,E-28-2,E021,06/13/25,SH-50316
PK-01369,19669,8,ANCM8-040 ,2,2,C-09-2,E017,2025-06-12,SH-50316
PK-01370,18749,1,FLA1213-026,6,6,E-04-3,E014,03/25/2026,SH-50317
PK-01371,18749,2,HEX2000-093 ,6,6,F-38-2,E018,03/24/26,SH-50317
PK-01372,18749,3,NIT1000-088,200,200,F-01-5 ,E019 ,03/25/26,SH-50317
PK-01373,18749,4,CABsize8-111,,1,A-02-4,E017,03/25/2026,SH-50317
PK-01374,19667,1,CUTM6-041,10,10,A-03-4,E019,05/05/2025,SH-50318
,19667,2,CUT1213-024,4,4,C-25-2,E018,2025-05-04,SH-50318
PK-01376,19667,3,SOC1250-123,12,12,B-04-4,E014,2025-05-05,SH-50318
PK-01377,19667,4,DRI3816-044,2,2,D-37-1,E013,2025-05-05,SH-50318
PK-01378,19667,5,HEXM10-131,100,100,D-31-4,E020,2025-05-05,SH-50318
PK-01379,19667,6,HEX2000-093,2,2,E-19-5,E013,2025-05-04,SH-50318
PK-01380,11758,1,SOCsize6-063,2,2,F-38-4,E015,09/22/2025 ,SH-50319
PK-01381,11758 ,2,,25,25,C-13-2,E019,09/22/25 ,SH-50319
PK-01382,11758,3,,4,4,F-33-2,E018,2025-09-23,SH-50319
PK-01383,17361,1,CAB50-127,25,25,B-37-4,E020,04-Sep-2025,SH-50320
PK-01384,17361,2,FLAM10-028,12,12,F-09-5,E015,2025-09-05,SH-50320
PK-01385,17361,3,ABRsize8-003,1,1,A-13-1,E014,09/04/2025,SH-50320
PK-01386,17361,,LOCM8-108,6,6,F-11-2,E016,2025-09-04,SH-50320
PK-01387,17361,,DRI2000-048,4,4,C-02-5,,2025-09-05,SH-50320
PK-01388,17361,7,CUT2000-023,4,4,D-38-2,E021,09/04/25,SH-50320
PK-01389,10797,1,FLAM10-028,10,10,A-23-5 ,E016,2025-12-26,SH-50321
PK-01390,10797,3,DRI3816-044,2,2,E-15-5,E021,2025-12-27,SH-50321
PK-01391,17497,1,ANC3410-074,1,1,E-38-4,E016,2025-12-10,SH-50322
PK-01392,17497,2,HOSsize8-128,25,25,F-37-1,E013,12/10/25,SH-50322
PK-01393,17497,3,HEX80-033,100,100,E-30-5,E012,11-DEC-2025,SH-50322
PK-01394,17497,4,HN-789,1,1,D-18-4,E019,2025-12-10,SH-50322
PK-01395,13932,1,FLA1420-002,200,200,C-13-4 ,E015,2026-01-05,SH-50323
PK-01396,13932,2,HEXsize8-101,25,25,E-05-2,E017,2026-01-04,SH-50323
PK-01397,13932,3,CUTM6-061,12,12,B-12-5,E021,01/05/26,SH-50323
,12358,1,,100,100,E-10-5,E015,01/14/26,SH-50324
PK-01399,12358,2,HEX80-033,50,50,D-20-1,E018,2026-01-15,SH-50324
PK-01400,12358,3,ABRsize6-012 ,12,12,E-07-4,E015,01/15/2026,SH-50324
PK-01401,12358,4,ANC3816-039,50,50,A-16-2,E014,2026-01-14,SH-50324
PK-01402,12358 ,5,ANC51618-019,2,2,A-04-4,E013,2026-01-14,SH-50324
PK-01403,12358,6,DRIsize6-105,,1,C-20-2,E017,15-Jan-2026,SH-50324 
PK-01404,10738,1,SOC1500-097,2,2,D-39-1,E016,"Aug 23, 2025",SH-50325
PK-01405,10738,2,FLAsize6-134,6,6,F-01-1,E015,23-Aug-2025,SH-50325
PK-01406,10738,,LOCM6-130,12,12,C-38-4,E013,2025-08-24,SH-50325
PK-01407,10738,5,LOCM8-108,50,50,A-05-2,E020,08/23/25,SH-50325
PK-01408,10738,6,LOCsize8-120,50,50,B-18-1,E016,08/23/25,SH-50325
PK-01409,10738,7,SOCM10-021,50,50,F-23-5 ,E015,2025-08-24,SH-50325
PK-01410,17988,1,SOC2000-025,50,50,C-38-4,E013,2025-12-17,SH-50326
PK-01411,17988,2,LOC60-060,200,200,B-18-1,E013,"Dec 17, 2025",SH-50326
PK-01412,17988,3,ABR1250-018,200,200,C-18-4,E014,16-Dec-2025,SH-50326
PK-01413,17988,4,ANCM8-040,,2,B-10-4,E020,12/17/2025,SH-50326
PK-01414,17988,5,CAB80-139,12,12,A-10-1,E021,"Dec 17, 2025",SH-50326
PK-01415,11156,1,ANC3410-074,5,5,F-38-3,E016,2026-02-21,SH-50327
PK-01416,11156,2,SOC1375-113,,200,C-11-1,E012,2026-02-22,SH-50327
PK-01417,11156,3,DRI2000-048,6,6,A-06-5,E019,2026-02-22,SH-50327 
PK-01418,14871,1,ANC3410-034,2,2,C-02-2,E019,2025-08-07,SH-50328
PK-01419,14871,2,NIT1000-088,100,100,D-08-2,E019,08/07/2025,SH-50328
PK-01420,14871,3,CAB1420-125,12,12,F-22-4,E018,"Aug 07, 2025",SH-50328
PK-01421 ,14871,4,FLAsize6-118,1,1,B-29-5,E020,2025-08-08,SH-50328
PK-01422,14871,5,CAB1250-008,4,4,E-05-5,E019 ,08-Aug-2025,SH-50328
PK-01423,13242,1,CAB50-127,1,1,B-24-4,E013,2025-08-16,SH-50329
PK-01424,13242,2,LOC60-069,50,50,A-04-4,E014,2025-08-16,SH-50329
PK-01425,13242,3,LOC60-060,25,25,E-28-3,E021,2025-08-16,SH-50329
PK-01426,13242,4,DRI2000-004,50,50,D-23-4 ,E017,2025-08-17,SH-50329
PK-01427,13242,5,CUT50-067,50,50,B-15-1,E020,2025-08-16,SH-50329
PK-01428,13242,6,CAB1420-107,12,12,D-39-4,E016,"Aug 17, 2025",SH-50329
PK-01429,13242,7,CAB80-139,200,200,F-01-3,E013,2025-08-17,SH-50329
PK-01430,15624,1,HEX80-033,2,2,D-15-4,E014,2026-03-23,SH-50330
PK-01431,15624,2,ANC3410-034,3,3,F-05-1,E018,2026-03-23,SH-50330
PK-01526,15559,4,FLA1213-026,2,2,F-05-4,E016,07/25/25,SH-50355
PK-01432,15624,3,CUTsize8-078,6,6,F-24-4,E019,2026-03-22,SH-50330
PK-01433,15624,4,LOC60-076,25,25,C-16-5,,"Mar 22, 2026",SH-50330
PK-01434,15624,5,CAB1420-125,200,199,B-31-2,E016,22-Mar-2026,SH-50330
PK-01435,12528,1,SOCsize6-063,1,1,C-14-2,E012,"Jul 06, 2025 ",SH-50331
PK-01436,12528,2,CUTsize8-078,200,200,D-11-5,E019,2025-07-07,SH-50331
PK-01437,12528,3,HEXsize8-101,10,10,E-34-2,E019,07/06/2025,SH-50331
PK-01438,12528,4,ANCM6-043,12,12,D-20-3,E013,"Jul 06, 2025",SH-50331
PK-01439,10982,1,HEXM10-131,100,100,A-06-3,E013,12/09/2025,SH-50332
PK-01440,10982,2,,6,6,F-09-2,E018,12/09/25,SH-50332
PK-01441,10982,3,LOC3410-096,50,50,,E019,10-Dec-2025,SH-50332
PK-01442,10982,4,FLAsize8-045,12,12,D-38-5,E018,"Dec 10, 2025",SH-50332
PK-01443,10982,5,DRI2000-048,50,50,A-31-5,E017,"Dec 09, 2025",SH-50332
PK-01444,10982,6,DRI1500-016,1,1,A-31-5,E014,09-Dec-2025,SH-50332
PK-01445,10982,7,HOS1000-086,10,10,B-07-1,E016,12/10/25,SH-50332
PK-01446,10396,1,FLA1420-090,6,6,A-31-5,E018,2025-07-30,SH-50333
PK-01447,17663,1,SOCsize6-063,2,2,B-39-3,E019,2025-10-05,SH-50334
PK-01448,17663,3,LOC1250-102,1,1,D-04-2,E012,2025-10-05,SH-50334
PK-01449,17663 ,4,CABsize8-111,200,200,D-30-3,E013,"Oct 06, 2025",SH-50334
PK-01450,17663,5,NIT1000-088,10,10,A-32-1,E014,10/05/2025,SH-50334
PK-01451,17663,6,,2,2,C-39-4,E018,10/05/2025 ,SH-50334
PK-01452 ,17663,7,,12,,A-11-5,E020,2025-10-05,SH-50334
PK-01453,17643,1,LOC3410-096,12,12,B-11-2,E019,,SH-50335
PK-01454,17643,2,CABSIZE4-007,100,100,C-27-5,E015,2025-05-11,SH-50335
PK-01455,17643,3,DRI3816-044,50,50,E-30-2,E013,11-May-2025,SH-50335
PK-01456,17643,4,,200,200,D-09-1,E013,2025-05-11 ,SH-50335
PK-01457,17643,5,FLAM10-028,12,12,A-38-5 ,E012,"May 11, 2025",SH-50335
PK-01458,18609,1,DRI1500-016,2,2,E-11-2,E015,06/12/2025,SH-50336
PK-01459,18609,2,CUTsize8-078,12,12,D-15-2,E018,13-Jun-2025,SH-50336
PK-01460,18609,4,ANCM6-043,6,6,D-11-1,E017,2025-06-13,SH-50336
PK-01461,17096,2,FLA50-065,50,50,D-40-3,E018,2025-12-26,SH-50337
,17998,1,BRG-6205-IMP,12,12,,E016,01/01/2026,SH-50338
PK-01463,17998,2,HOSsize8-128,100,100,C-04-5,E018,2026-01-01 ,SH-50338
PK-01464,10331,1,CUT80-015,25,25,F-17-1,E013,2025-05-05,SH-50339
PK-01465,10331,3,CUT3410-037,25,25,E-25-1,E014,05-May-2025,SH-50339
PK-01466,10331,4,ABRsize8-003,25,25,E-04-4,E013,2025-05-05,SH-50339
PK-01467,10331,5,FLA50-065,200,200,F-17-1,E018,2025-05-04,SH-50339
PK-01468,10331,6,HEX1420-030,25,25,F-18-2,E020,05/05/2025,SH-50339
PK-01469 ,10331,,DRIsize6-110 ,50,,B-01-4,E020,05/04/2025,SH-50339
PK-01470,16873,1,SOCsize6-063,2,2,D-08-1,E013,2025-09-19,SH-50340
PK-01471,16873,2,HOSsize6-103,4,4,A-30-3,E014,09/19/2025,SH-50340
PK-01472,12742,1,CUTM12-054,12,12,C-40-3,E014,2025-12-09,SH-50341
PK-01473,12742,2,B62-454,200,200,C-03-1,E013,12/09/25,SH-50341
PK-01474,10182,1,HOSsize8-128,2,2,C-15-3,E016 ,10/18/25,SH-50342
PK-01475,10182,2,6308-882,100,100,A-24-4,E015,2025-10-17,SH-50342
PK-01476,10182,3,FLAsize6-118 ,200,199,A-21-2,E016,10/18/2025 ,SH-50342
,14577,1,LOCsize8-120,200,200,E-01-1,E012,"Dec 10, 2025",SH-50343
PK-01478,14577,2,DRIsize8-138,4,4,C-07-5,E017,2025-12-10,SH-50343
PK-00638,15626,6,DRIM12-083,100,100,,E017,2026-03-23,SH-50153
PK-01479,15765,1,HOSM12-104,50,50,B-16-3,E018,2025-07-28,SH-50344
PK-01480,15765,2,ABR1500-059,4,4,D-05-2,E018,2025-07-28,SH-50344
PK-01481,15902,1,ANCM8-001,2,2,D-24-3,E014,2025-10-25,SH-50345
PK-01482,15902,2,ABRM8-051,50,50,A-28-1,E015,2025-10-25,SH-50345
PK-01483,15902,3,LOCM6-130,25,25,B-01-5,E021,24-Oct-2025,SH-50345
PK-01484,15902,4,DRIM10-072,10,10,C-01-3,E020,2025-10-24,SH-50345
PK-01485,15902,5,ABRM8-051,1,1,B-36-3,E017,25-Oct-2025 ,
PK-01486,15902,6,CAB50-127,100,100,B-14-3,E012,2025-10-24,SH-50345
PK-01487,14451,1,HEXM12-056 ,10,10,D-07-2,E020,2025-09-01,SH-50346
PK-01488,14451,,ANCsize6-005,1,1,A-18-4,E016,08/31/2025,SH-50346
PK-01489,12465,1,FLAM12-013,50,50,B-07-3,E021,11/09/25,SH-50347
PK-01490,12465,2,LOCM10-085,10,10,C-04-5,E017,2025-11-09,SH-50347
PK-01491,12465,4,CUT1420-049,200,200,A-01-2,E021 ,11/08/25,SH-50347
PK-01492,12465,5,DRI2000-004,200,,A-38-4,E013,2025-11-08,SH-50347
PK-01493,14645,1,LOC1420-087,4,4,B-38-1,E014,10/23/25,SH-50348
PK-01242,12313,6,CUTM12-054,50,50,E-26-3,E020,12/20/25,SH-50283
PK-01494,14645,2,DRI1500-016,100,100,E-14-4,E019,23-Oct-2025,SH-50348 
PK-01495,14645,3,DRIM12-083,6,6,B-05-4,E014,2025-10-23,SH-50348
PK-01496,10692,1,NIT1000-088,2,2,B-06-4,E020,03-Jul-2025,SH-50349
PK-01497,10692,2,ANCsize6-005,3,3,E-32-5,E013,03-Jul-2025,SH-50349
PK-00060,16630,3,CUTM12-054,1,1,B-27-5,E012,2026-01-18,SH-50017
PK-01498,10692,3,DRI1500-016,6,,B-05-1 ,E018,2025-07-04,SH-50349
PK-01499,18378,1,CUT50-067,12,12,C-12-5,E018,"Jun 17, 2025",SH-50350
PK-01500,18378,2,CABsize8-111,2,2,F-07-4,E014,2025-06-18,SH-50350
PK-01501,18378 ,3,HEX80-033,25,25,D-16-4,E016,2025-06-18,SH-50350
PK-01502,18378,4,ANC3410-074,5,5,E-37-2,E016,"Jun 18, 2025",SH-50350
PK-01503,18378,5,CUT1213-024,2,1,C-32-5,E017,"Jun 18, 2025",SH-50350
PK-01504,18378,6,ABRM12-095,50,50,B-09-3,E016,06/18/25,SH-50350
,13091,1,SOC51618-129,100,100,E-23-2,E020,02/11/2026,SH-50351
PK-01506,13091,2,ANCM6-073,12,12,E-02-2,E017 ,11-Feb-2026,SH-50351
PK-01507,13091,3,HOSsize8-114,10,10,B-20-2,E017,2026-02-10,SH-50351
PK-01508,13091,4,CABsize4-075,12,12,A-06-5,E012,2026-02-10,SH-50351
PK-01509,13091,5,CUTM6-047,10,10,E-31-3,E018,10-FEB-2026,SH-50351
PK-01510,13091,6,FLA3410-112,200,200,B-25-5,E019,10-Feb-2026,SH-50351
PK-01511,13091,7,6308-882,2,2,C-26-2,E013,2026-02-11,SH-50351
PK-01512,13091,8,FLAM12-013,50,50,B-36-1,,02/11/26,SH-50351
PK-01513,16886,1,FLA3410-112,50,50,B-20-1,E014,07/19/2025,SH-50352
PK-01514,13097,2,SOC2000-071,1,,E-28-4,E017,2026-03-20,SH-50353
PK-01515,13097,3,SOCsize6-098,25,25,A-40-4,E016,2026-03-21 ,SH-50353
PK-01516,13097,4,HEXM10-116,4,4,E-29-1,E020,2026-03-21,SH-50353
PK-01517,13097,6,LOC3410-092,12,12,E-08-2,E016,2026-03-20,SH-50353
PK-01518,16152,1,SOCsize6-098,6,6,F-29-1,E019,2026-02-07,SH-50354
PK-01519,16152,2,HEXsize8-000,10,10,A-33-3,E013,2026-02-07,SH-50354
PK-01520,16152,3,ANCM12-027,1,1,A-38-3,E017,02/08/2026,SH-50354
PK-01521,16152,4,DRIsize4-017,1,1,F-19-1,E020,2026-02-07,SH-50354
PK-01522,16152,6,LOC3410-092,12,12,A-18-5,E012,2026-02-08,SH-50354
PK-01523,16152,7,LOC3410-092,25,25,F-12-2,E016,"Feb 07, 2026",SH-50354
PK-01524,15559,1,ABR1250-018,4,4,C-36-4,E015,2025-07-24,SH-50355
PK-01525,15559,3,DRIsize4-017,100,,D-01-5,E019,,SH-50355
PK-01526,15559,4,FLA1213-026,2,2,F-05-4,E016,07/25/25,SH-50355
PK-01527,15559,5,LOC3410-096,6,5,C-28-2,E013 ,2025-07-25,
PK-01528,15559,6,FLASIZE6-134,2,1,D-08-2,E019,07/24/2025,SH-50355
,10388,1,FLA1375-009,100,100,D-14-5,E017,2026-02-09,SH-50356
PK-01530,10388,2,B62-454,50,50,A-38-4,E013,10-Feb-2026,
PK-01531,14190,1,DRIsize4-077,4,4,F-10-5,E017,"Nov 19, 2025",SH-50357
PK-01532,14190 ,2,LOCM8-108,100,100,A-08-3,E014,2025-11-18,SH-50357
PK-01533,14190,3,LOC60-060,12,12,E-03-5,E014,18-Nov-2025,SH-50357
PK-01534,14190,4,HEXM10-116,25,25,E-05-1,E015,2025-11-18,SH-50357
PK-01535,14190,5,DRIsize8-138,200,200,E-27-5,E017,"Nov 19, 2025",SH-50357
PK-01536,14190,6,HOSsize6-103,4,4,F-37-2,E018,11/19/25,SH-50357
PK-01537,15943,1,NIT1375-106,200,200,E-02-4,E017,2025-12-12,SH-50358
PK-01538,15943 ,2,ABR50-010,1,1,A-10-3,E017,12/11/25,SH-50358
PK-01539,15943,3,FLA1375-009,10,10,A-10-4,E017,12-Dec-2025,SH-50358
PK-01540,15943,5,HN-789,12,12,A-34-5 ,E012,2025-12-11,SH-50358
PK-01541,15943,6,HEX1250-124,,2,B-05-2,E020,2025-12-11,SH-50358
PK-01236,14674,5,ANCM8-001,3,3,C-12-2,E016,2026-02-25,SH-50282
PK-01542,19355,1,CUT60-119,6,6,A-37-4,E019,12/22/25,SH-50359
PK-01543,19355,2,CAB1250-008,50,50,C-22-4,E019,2025-12-22,SH-50359 
PK-01544,15302,1,LOC60-060,50,50,A-16-2,E020,2025-10-07,SH-50360
PK-01545,15302,2,ANCM6-043,4,4,F-17-5 ,E021,2025-10-07,SH-50360
PK-01546,15302,3,CUT5811-066,2,2,B-18-4,E017,2025-10-07,SH-50360
PK-01547,15302,4,HOS1000-086,25,25,D-33-4,E012 ,2025-10-06,SH-50360
PK-01548,18535 ,1,ANCM10-050,12,12,C-25-1 ,E016,10/19/25,SH-50361
PK-01549,18535,2,FLA1375-009,10,10,D-34-2,E019,2025-10-19,SH-50361
PK-01550,18535,3,,12,12,A-34-5,E012,2025-10-19,SH-50361
PK-01551,10373,1,ANCM12-027,200,200,B-35-3,E017,05/29/2025,SH-50362
PK-01552,10373,2,B62-454,6,6,E-21-5,E021,2025-05-29,SH-50362
PK-01553,16677,1,CAB1420-107,200,200,F-25-3,E017,2025-08-26,SH-50363
PK-01554,16677,2,HOS1000-086,12,11,C-25-3,E017,25-Aug-2025,SH-50363
PK-01555,16677,3,FLAM6-031,12,12,A-32-2,E015,08/26/2025,SH-50363
PK-01556,16677,4,HOSsize6-103,10,10,A-21-3,E019,26-Aug-2025,SH-50363
PK-01557,17871,2,ANC51618-020,5,5,D-21-3,E018,2026-03-26,SH-50364 
PK-01558,17871,5,CUT1500-089,200,200,B-08-3,E017,03/26/26,SH-50364
PK-01559,10561,1,DRIsize8-138,2,2,C-21-1,E017,2025-12-24,SH-50365
PK-01560,10561,2,ABRsize8-032,12,12,F-37-3,E019,12/23/2025,SH-50365
PK-01561,15787,1,CAB5811-137,10,10,A-23-4,E013,06/23/25,SH-50366
PK-01562,15787,2,CUT1420-049,200,200,F-37-2,E016,"Jun 22, 2025",SH-50366
