journal_id,posting_date,period,account_number,account_name,debit,credit,memo,source_module,reference
JE-000751,2025-04-11,2025-04,1100,Accounts Receivable,737.34,0,Invoice INV-60161,AR,INV-60161
JE-000752,2025-04-11,2025-04,4000,Product Sales - Manufactured,0,737.34,Invoice INV-60161,AR,INV-60161
JE-000753,2025-04-11,2025-04,5000,COGS - Materials,496.53,0,COGS,AR,INV-60161
JE-000754,2025-04-11,2025-04,1220,Inventory - Finished Goods,0,496.53,Inventory relief,AR,INV-60161
JE-003526,2025-04-15,2025-04,1200,Inventory - Raw Materials,18215.82,0,PO receipt PO-31249,INV,RCV-40236
JE-003527,2025-04-15,2025-04,2050,GR/IR Clearing (Received Not Invoiced),0,18215.82,PO receipt PO-31249,INV,RCV-40236
JE-000828,2025-04-16,2025-04,1100,Accounts Receivable,14728.12,0,Invoice INV-60177,AR,INV-60177
JE-000829,2025-04-16,2025-04,4000,Product Sales - Manufactured,0,14728.12,Invoice INV-60177,AR,INV-60177
JE-000830,2025-04-16,2025-04,5000,COGS - Materials,12796.37,0,COGS,AR,INV-60177
JE-000831,2025-04-16,2025-04,1220,Inventory - Finished Goods,0,12796.37,Inventory relief,AR,INV-60177
JE-001325,2025-04-20,2025-04,1100,Accounts Receivable,1960.41,0,Invoice INV-60283,AR,INV-60283
JE-001326,2025-04-20,2025-04,4000,Product Sales - Manufactured,0,1827.89,Invoice INV-60283,AR,INV-60283
JE-001327,2025-04-20,2025-04,2100,Accrued Expenses,0,132.52,Sales tax payable,AR,INV-60283
JE-001328,2025-04-20,2025-04,5000,COGS - Materials,982.74,0,COGS,AR,INV-60283
JE-001329,2025-04-20,2025-04,1220,Inventory - Finished Goods,0,982.74,Inventory relief,AR,INV-60283
JE-003244,2025-04-20,2025-04,1200,Inventory - Raw Materials,6805.2,0,PO receipt PO-31100,INV,RCV-40095
JE-003245,2025-04-20,2025-04,2050,GR/IR Clearing (Received Not Invoiced),0,6805.2,PO receipt PO-31100,INV,RCV-40095
JE-001567,2025-04-21,2025-04,1100,Accounts Receivable,9524.52,0,Invoice INV-60335,AR,INV-60335
JE-001568,2025-04-21,2025-04,4000,Product Sales - Manufactured,0,9524.52,Invoice INV-60335,AR,INV-60335
JE-001569,2025-04-21,2025-04,5000,COGS - Materials,8138.61,0,COGS,AR,INV-60335
JE-001570,2025-04-21,2025-04,1220,Inventory - Finished Goods,0,8138.61,Inventory relief,AR,INV-60335
JE-000591,2025-04-22,2025-04,1100,Accounts Receivable,2837.03,0,Invoice INV-60127,AR,INV-60127
JE-000592,2025-04-22,2025-04,4000,Product Sales - Manufactured,0,2549.43,Invoice INV-60127,AR,INV-60127
JE-000593,2025-04-22,2025-04,4100,Freight Revenue,0,102.77,Freight billed,AR,INV-60127
JE-000594,2025-04-22,2025-04,2100,Accrued Expenses,0,184.83,Sales tax payable,AR,INV-60127
JE-000595,2025-04-22,2025-04,5000,COGS - Materials,1485.78,0,COGS,AR,INV-60127
JE-000596,2025-04-22,2025-04,1220,Inventory - Finished Goods,0,1485.78,Inventory relief,AR,INV-60127
JE-001683,2025-04-22,2025-04,1100,Accounts Receivable,520.58,0,Invoice INV-60360,AR,INV-60360
JE-001684,2025-04-22,2025-04,4000,Product Sales - Manufactured,0,485.39,Invoice INV-60360,AR,INV-60360
JE-001685,2025-04-22,2025-04,2100,Accrued Expenses,0,35.19,Sales tax payable,AR,INV-60360
JE-001686,2025-04-22,2025-04,5000,COGS - Materials,402.48,0,COGS,AR,INV-60360
JE-001687,2025-04-22,2025-04,1220,Inventory - Finished Goods,0,402.48,Inventory relief,AR,INV-60360
JE-003029,2025-04-22,2025-04,2050,GR/IR Clearing (Received Not Invoiced),18215.82,0,Supplier inv SI2597314,AP,SI2597314
JE-003030,2025-04-22,2025-04,5300,Freight In,141.3,0,Freight in,AP,SI2597314
JE-003031,2025-04-22,2025-04,2000,Accounts Payable,0,18357.12,Supplier inv SI2597314,AP,SI2597314
JE-002717,2025-04-23,2025-04,2050,GR/IR Clearing (Received Not Invoiced),6941.19,0,Supplier inv 555849,AP,555849
JE-002718,2025-04-23,2025-04,2000,Accounts Payable,0,6941.19,Supplier inv 555849,AP,555849
JE-003320,2025-04-23,2025-04,1200,Inventory - Raw Materials,109.2,0,PO receipt PO-31141,INV,RCV-40133
JE-003321,2025-04-23,2025-04,2050,GR/IR Clearing (Received Not Invoiced),0,109.2,PO receipt PO-31141,INV,RCV-40133
JE-002799,2025-04-24,2025-04,2050,GR/IR Clearing (Received Not Invoiced),109.2,0,Supplier inv 4280659,AP,4280659
JE-002800,2025-04-24,2025-04,2000,Accounts Payable,0,109.2,Supplier inv 4280659,AP,4280659
JE-003278,2025-04-24,2025-04,1200,Inventory - Raw Materials,18892.0,0,PO receipt PO-31120,INV,RCV-40112
JE-003279,2025-04-24,2025-04,2050,GR/IR Clearing (Received Not Invoiced),0,18892.0,PO receipt PO-31120,INV,RCV-40112
JE-001112,2025-04-25,2025-04,1100,Accounts Receivable,12713.72,0,Invoice INV-60239,AR,INV-60239
JE-001113,2025-04-25,2025-04,4000,Product Sales - Manufactured,0,12503.75,Invoice INV-60239,AR,INV-60239
JE-001114,2025-04-25,2025-04,4100,Freight Revenue,0,209.97,Freight billed,AR,INV-60239
JE-001115,2025-04-25,2025-04,5000,COGS - Materials,9741.1,0,COGS,AR,INV-60239
JE-001116,2025-04-25,2025-04,1220,Inventory - Finished Goods,0,9741.1,Inventory relief,AR,INV-60239
JE-000786,2025-04-26,2025-04,1100,Accounts Receivable,2311.22,0,Invoice INV-60169,AR,INV-60169
JE-000787,2025-04-26,2025-04,4000,Product Sales - Manufactured,0,2154.98,Invoice INV-60169,AR,INV-60169
JE-000788,2025-04-26,2025-04,2100,Accrued Expenses,0,156.24,Sales tax payable,AR,INV-60169
JE-000789,2025-04-26,2025-04,5000,COGS - Materials,1742.34,0,COGS,AR,INV-60169
JE-000790,2025-04-26,2025-04,1220,Inventory - Finished Goods,0,1742.34,Inventory relief,AR,INV-60169
JE-003276,2025-04-26,2025-04,1200,Inventory - Raw Materials,4964.4,0,PO receipt PO-31119,INV,RCV-40111
JE-003277,2025-04-26,2025-04,2050,GR/IR Clearing (Received Not Invoiced),0,4964.4,PO receipt PO-31119,INV,RCV-40111
JE-000467,2025-04-27,2025-04,1100,Accounts Receivable,19334.73,0,Invoice INV-60101,AR,INV-60101
JE-000468,2025-04-27,2025-04,4000,Product Sales - Manufactured,0,18977.24,Invoice INV-60101,AR,INV-60101
JE-000469,2025-04-27,2025-04,4100,Freight Revenue,0,357.49,Freight billed,AR,INV-60101
JE-000470,2025-04-27,2025-04,5000,COGS - Materials,16036.51,0,COGS,AR,INV-60101
JE-000471,2025-04-27,2025-04,1220,Inventory - Finished Goods,0,16036.51,Inventory relief,AR,INV-60101
JE-003206,2025-04-27,2025-04,1200,Inventory - Raw Materials,562.06,0,PO receipt PO-31079,INV,RCV-40076
JE-003207,2025-04-27,2025-04,2050,GR/IR Clearing (Received Not Invoiced),0,562.06,PO receipt PO-31079,INV,RCV-40076
JE-000267,2025-04-28,2025-04,1100,Accounts Receivable,22017.3,0,Invoice INV-60058,AR,INV-60058
JE-000268,2025-04-28,2025-04,4000,Product Sales - Manufactured,0,22017.3,Invoice INV-60058,AR,INV-60058
JE-000269,2025-04-28,2025-04,5000,COGS - Materials,16672.17,0,COGS,AR,INV-60058
JE-000270,2025-04-28,2025-04,1220,Inventory - Finished Goods,0,16672.17,Inventory relief,AR,INV-60058
JE-002751,2025-04-28,2025-04,2050,GR/IR Clearing (Received Not Invoiced),4964.4,0,Supplier inv SI198626,AP,SI198626
JE-002752,2025-04-28,2025-04,2000,Accounts Payable,0,4964.4,Supplier inv SI198626,AP,SI198626
JE-001288,2025-04-29,2025-04,1100,Accounts Receivable,3740.33,0,Invoice INV-60275,AR,INV-60275
JE-001289,2025-04-29,2025-04,4000,Product Sales - Manufactured,0,3740.33,Invoice INV-60275,AR,INV-60275
JE-001290,2025-04-29,2025-04,5000,COGS - Materials,2580.66,0,COGS,AR,INV-60275
JE-001291,2025-04-29,2025-04,1220,Inventory - Finished Goods,0,2580.66,Inventory relief,AR,INV-60275
JE-002753,2025-04-29,2025-04,2050,GR/IR Clearing (Received Not Invoiced),18892.0,0,Supplier inv 91704147,AP,91704147
JE-002754,2025-04-29,2025-04,5300,Freight In,53.62,0,Freight in,AP,91704147
JE-002755,2025-04-29,2025-04,2000,Accounts Payable,0,18945.62,Supplier inv 91704147,AP,91704147
JE-000320,2025-04-30,2025-04,1100,Accounts Receivable,15342.32,0,Invoice INV-60070,AR,INV-60070
JE-000321,2025-04-30,2025-04,4000,Product Sales - Manufactured,0,15342.32,Invoice INV-60070,AR,INV-60070
JE-000322,2025-04-30,2025-04,5000,COGS - Materials,10143.05,0,COGS,AR,INV-60070
JE-000323,2025-04-30,2025-04,1220,Inventory - Finished Goods,0,10143.05,Inventory relief,AR,INV-60070
JE-003316,2025-04-30,2025-04,1200,Inventory - Raw Materials,2592.46,0,PO receipt PO-31139,INV,RCV-40131
JE-003317,2025-04-30,2025-04,2050,GR/IR Clearing (Received Not Invoiced),0,2592.46,PO receipt PO-31139,INV,RCV-40131
JE-003550,2025-04-30,2025-04,6700,Office & Supplies,4185.71,0,Iron Mountain Inc.,AP,NIC-AP00001
JE-003551,2025-04-30,2025-04,2000,Accounts Payable,0,4185.71,Iron Mountain Inc.,AP,NIC-AP00001
JE-003590,2025-04-30,2025-04,6700,Office & Supplies,249.52,0,Cintas Corporation,AP,NIC-AP00021
JE-003591,2025-04-30,2025-04,2000,Accounts Payable,0,249.52,Cintas Corporation,AP,NIC-AP00021
JE-003662,2025-04-30,2025-04,6700,Office & Supplies,3749.48,0,Sunbelt Rentals,AP,NIC-AP00057
JE-003663,2025-04-30,2025-04,2000,Accounts Payable,0,3749.48,Sunbelt Rentals,AP,NIC-AP00057
JE-003682,2025-04-30,2025-04,6300,Rent,38500,0,Rockford Industrial Park LLC,AP,NIC-AP00067
JE-003683,2025-04-30,2025-04,2000,Accounts Payable,0,38500,Rockford Industrial Park LLC,AP,NIC-AP00067
JE-003706,2025-04-30,2025-04,6400,Software Subscriptions,15750.0,0,Epicor Kinetic,AP,SW-EPICOR
JE-003707,2025-04-30,2025-04,2000,Accounts Payable,0,15750.0,Epicor Kinetic,AP,SW-EPICOR
JE-003730,2025-04-30,2025-04,6400,Software Subscriptions,1079.17,0,SolidWorks Standard,AP,SW-SOLIDW
JE-003731,2025-04-30,2025-04,2000,Accounts Payable,0,1079.17,SolidWorks Standard,AP,SW-SOLIDW
JE-003754,2025-04-30,2025-04,6400,Software Subscriptions,1000.0,0,MasterControl,AP,SW-MASTER
JE-003755,2025-04-30,2025-04,2000,Accounts Payable,0,1000.0,MasterControl,AP,SW-MASTER
JE-003778,2025-04-30,2025-04,6400,Software Subscriptions,1775.0,0,Microsoft 365 Business Standard,AP,SW-MICROS
JE-003779,2025-04-30,2025-04,2000,Accounts Payable,0,1775.0,Microsoft 365 Business Standard,AP,SW-MICROS
JE-003802,2025-04-30,2025-04,6400,Software Subscriptions,4920.0,0,ADP Workforce Now,AP,SW-ADPWO
JE-003803,2025-04-30,2025-04,2000,Accounts Payable,0,4920.0,ADP Workforce Now,AP,SW-ADPWO
JE-003826,2025-04-30,2025-04,6400,Software Subscriptions,900.0,0,Salesforce Sales Cloud,AP,SW-SALESF
JE-003827,2025-04-30,2025-04,2000,Accounts Payable,0,900.0,Salesforce Sales Cloud,AP,SW-SALESF
JE-003850,2025-04-30,2025-04,6400,Software Subscriptions,700.0,0,Bill.com,AP,SW-BILL.C
JE-003851,2025-04-30,2025-04,2000,Accounts Payable,0,700.0,Bill.com,AP,SW-BILL.C
JE-003874,2025-04-30,2025-04,6400,Software Subscriptions,3150.0,0,Box Business,AP,SW-BOXBU
JE-003875,2025-04-30,2025-04,2000,Accounts Payable,0,3150.0,Box Business,AP,SW-BOXBU
JE-003898,2025-04-30,2025-04,6400,Software Subscriptions,1440.0,0,Zoom Workplace,AP,SW-ZOOMW
JE-003899,2025-04-30,2025-04,2000,Accounts Payable,0,1440.0,Zoom Workplace,AP,SW-ZOOMW
JE-003922,2025-04-30,2025-04,6400,Software Subscriptions,1020.0,0,RingCentral MVP,AP,SW-RINGCE
JE-003923,2025-04-30,2025-04,2000,Accounts Payable,0,1020.0,RingCentral MVP,AP,SW-RINGCE
JE-003946,2025-04-30,2025-04,6400,Software Subscriptions,355.0,0,KnowBe4,AP,SW-KNOWBE
JE-003947,2025-04-30,2025-04,2000,Accounts Payable,0,355.0,KnowBe4,AP,SW-KNOWBE
JE-003970,2025-04-30,2025-04,6000,Salaries & Wages,648205.57,0,Monthly payroll,PR,PR-202504
JE-003971,2025-04-30,2025-04,2300,Payroll Liabilities,0,648205.57,Monthly payroll,PR,PR-202504
JE-001181,2025-05-01,2025-05,1100,Accounts Receivable,6916.18,0,Invoice INV-60254,AR,INV-60254
JE-001182,2025-05-01,2025-05,4000,Product Sales - Manufactured,0,6916.18,Invoice INV-60254,AR,INV-60254
JE-001183,2025-05-01,2025-05,5000,COGS - Materials,5527.8,0,COGS,AR,INV-60254
JE-001184,2025-05-01,2025-05,1220,Inventory - Finished Goods,0,5527.8,Inventory relief,AR,INV-60254
JE-001548,2025-05-01,2025-05,1100,Accounts Receivable,2613.55,0,Invoice INV-60331,AR,INV-60331
JE-001549,2025-05-01,2025-05,4000,Product Sales - Manufactured,0,2613.55,Invoice INV-60331,AR,INV-60331
JE-001550,2025-05-01,2025-05,5000,COGS - Materials,2005.44,0,COGS,AR,INV-60331
JE-001551,2025-05-01,2025-05,1220,Inventory - Finished Goods,0,2005.44,Inventory relief,AR,INV-60331
JE-002675,2025-05-01,2025-05,2050,GR/IR Clearing (Received Not Invoiced),562.06,0,Supplier inv SI8662411,AP,SI8662411
JE-002676,2025-05-01,2025-05,2000,Accounts Payable,0,562.06,Supplier inv SI8662411,AP,SI8662411
JE-003088,2025-05-01,2025-05,1200,Inventory - Raw Materials,502.5,0,PO receipt PO-31017,INV,RCV-40017
JE-003089,2025-05-01,2025-05,2050,GR/IR Clearing (Received Not Invoiced),0,502.5,PO receipt PO-31017,INV,RCV-40017
JE-003104,2025-05-01,2025-05,1200,Inventory - Raw Materials,3080.75,0,PO receipt PO-31025,INV,RCV-40025
JE-003105,2025-05-01,2025-05,2050,GR/IR Clearing (Received Not Invoiced),0,3080.75,PO receipt PO-31025,INV,RCV-40025
JE-001400,2025-05-02,2025-05,1100,Accounts Receivable,18044.48,0,Invoice INV-60299,AR,INV-60299
JE-001401,2025-05-02,2025-05,4000,Product Sales - Manufactured,0,18044.48,Invoice INV-60299,AR,INV-60299
JE-001402,2025-05-02,2025-05,5000,COGS - Materials,12911.96,0,COGS,AR,INV-60299
JE-001403,2025-05-02,2025-05,1220,Inventory - Finished Goods,0,12911.96,Inventory relief,AR,INV-60299
JE-003180,2025-05-02,2025-05,1200,Inventory - Raw Materials,17740.6,0,PO receipt PO-31065,INV,RCV-40063
JE-003181,2025-05-02,2025-05,2050,GR/IR Clearing (Received Not Invoiced),0,17740.6,PO receipt PO-31065,INV,RCV-40063
JE-000245,2025-05-03,2025-05,1100,Accounts Receivable,1227.79,0,Invoice INV-60053,AR,INV-60053
JE-000246,2025-05-03,2025-05,4000,Product Sales - Manufactured,0,1126.2,Invoice INV-60053,AR,INV-60053
JE-000247,2025-05-03,2025-05,4100,Freight Revenue,0,101.59,Freight billed,AR,INV-60053
JE-000248,2025-05-03,2025-05,5000,COGS - Materials,740.43,0,COGS,AR,INV-60053
JE-000249,2025-05-03,2025-05,1220,Inventory - Finished Goods,0,740.43,Inventory relief,AR,INV-60053
JE-001117,2025-05-04,2025-05,1100,Accounts Receivable,15215.3,0,Invoice INV-60240,AR,INV-60240
JE-001118,2025-05-04,2025-05,4000,Product Sales - Manufactured,0,15215.3,Invoice INV-60240,AR,INV-60240
JE-001119,2025-05-04,2025-05,5000,COGS - Materials,13159.75,0,COGS,AR,INV-60240
JE-001120,2025-05-04,2025-05,1220,Inventory - Finished Goods,0,13159.75,Inventory relief,AR,INV-60240
JE-003534,2025-05-04,2025-05,1200,Inventory - Raw Materials,2896.52,0,PO receipt PO-31253,INV,RCV-40240
JE-003535,2025-05-04,2025-05,2050,GR/IR Clearing (Received Not Invoiced),0,2896.52,PO receipt PO-31253,INV,RCV-40240
JE-001262,2025-05-05,2025-05,1100,Accounts Receivable,10421.7,0,Invoice INV-60270,AR,INV-60270
JE-001263,2025-05-05,2025-05,4000,Product Sales - Manufactured,0,10238.21,Invoice INV-60270,AR,INV-60270
JE-001264,2025-05-05,2025-05,4100,Freight Revenue,0,183.49,Freight billed,AR,INV-60270
JE-001265,2025-05-05,2025-05,5000,COGS - Materials,6530.72,0,COGS,AR,INV-60270
JE-001266,2025-05-05,2025-05,1220,Inventory - Finished Goods,0,6530.72,Inventory relief,AR,INV-60270
JE-002317,2025-05-05,2025-05,1000,Operating Cash,3740.33,0,Customer payment,AR,NIC-CR00241
JE-002318,2025-05-05,2025-05,1100,Accounts Receivable,0,3740.33,Customer payment,AR,NIC-CR00241
JE-002555,2025-05-05,2025-05,2050,GR/IR Clearing (Received Not Invoiced),3080.75,0,Supplier inv INV6802647,AP,INV6802647
JE-002556,2025-05-05,2025-05,5300,Freight In,76.08,0,Freight in,AP,INV6802647
JE-002557,2025-05-05,2025-05,2000,Accounts Payable,0,3156.83,Supplier inv INV6802647,AP,INV6802647
JE-003212,2025-05-05,2025-05,1200,Inventory - Raw Materials,616.55,0,PO receipt PO-31083,INV,RCV-40079
JE-003213,2025-05-05,2025-05,2050,GR/IR Clearing (Received Not Invoiced),0,616.55,PO receipt PO-31083,INV,RCV-40079
JE-001580,2025-05-06,2025-05,1100,Accounts Receivable,41761.48,0,Invoice INV-60338,AR,INV-60338
JE-001581,2025-05-06,2025-05,4000,Product Sales - Manufactured,0,41761.48,Invoice INV-60338,AR,INV-60338
JE-001582,2025-05-06,2025-05,5000,COGS - Materials,32613.95,0,COGS,AR,INV-60338
JE-001583,2025-05-06,2025-05,1220,Inventory - Finished Goods,0,32613.95,Inventory relief,AR,INV-60338
JE-001786,2025-05-06,2025-05,1100,Accounts Receivable,25213.49,0,Invoice INV-60381,AR,INV-60381
JE-001787,2025-05-06,2025-05,4000,Product Sales - Manufactured,0,25213.49,Invoice INV-60381,AR,INV-60381
JE-001788,2025-05-06,2025-05,5000,COGS - Materials,19195.45,0,COGS,AR,INV-60381
JE-001789,2025-05-06,2025-05,1220,Inventory - Finished Goods,0,19195.45,Inventory relief,AR,INV-60381
JE-002139,2025-05-06,2025-05,1000,Operating Cash,14728.12,0,Customer payment,AR,NIC-CR00152
JE-002140,2025-05-06,2025-05,1100,Accounts Receivable,0,14728.12,Customer payment,AR,NIC-CR00152
JE-002534,2025-05-06,2025-05,2050,GR/IR Clearing (Received Not Invoiced),502.5,0,Supplier inv 306348,AP,306348
JE-002535,2025-05-06,2025-05,5300,Freight In,178.41,0,Freight in,AP,306348
JE-002536,2025-05-06,2025-05,2000,Accounts Payable,0,680.91,Supplier inv 306348,AP,306348
JE-003039,2025-05-06,2025-05,2050,GR/IR Clearing (Received Not Invoiced),2989.11,0,Supplier inv INV8674354,AP,INV8674354
JE-003040,2025-05-06,2025-05,2000,Accounts Payable,0,2989.11,Supplier inv INV8674354,AP,INV8674354
JE-003194,2025-05-06,2025-05,1200,Inventory - Raw Materials,4321.17,0,PO receipt PO-31072,INV,RCV-40070
JE-003195,2025-05-06,2025-05,2050,GR/IR Clearing (Received Not Invoiced),0,4321.17,PO receipt PO-31072,INV,RCV-40070
JE-002795,2025-05-07,2025-05,2050,GR/IR Clearing (Received Not Invoiced),2592.46,0,Supplier inv 91932295,AP,91932295
JE-002796,2025-05-07,2025-05,2000,Accounts Payable,0,2592.46,Supplier inv 91932295,AP,91932295
JE-000433,2025-05-08,2025-05,1100,Accounts Receivable,1070.66,0,Invoice INV-60094,AR,INV-60094
JE-000434,2025-05-08,2025-05,4000,Product Sales - Manufactured,0,1070.66,Invoice INV-60094,AR,INV-60094
JE-000435,2025-05-08,2025-05,5000,COGS - Materials,748.93,0,COGS,AR,INV-60094
JE-000436,2025-05-08,2025-05,1220,Inventory - Finished Goods,0,748.93,Inventory relief,AR,INV-60094
JE-000437,2025-05-08,2025-05,1100,Accounts Receivable,21056.32,0,Invoice INV-60095,AR,INV-60095
JE-000438,2025-05-08,2025-05,4000,Product Sales - Manufactured,0,19632.93,Invoice INV-60095,AR,INV-60095
JE-000439,2025-05-08,2025-05,2100,Accrued Expenses,0,1423.39,Sales tax payable,AR,INV-60095
JE-000440,2025-05-08,2025-05,5000,COGS - Materials,14347.29,0,COGS,AR,INV-60095
JE-000441,2025-05-08,2025-05,1220,Inventory - Finished Goods,0,14347.29,Inventory relief,AR,INV-60095
JE-002643,2025-05-08,2025-05,2050,GR/IR Clearing (Received Not Invoiced),17740.6,0,Supplier inv INV5944082,AP,INV5944082
JE-002644,2025-05-08,2025-05,2000,Accounts Payable,0,17740.6,Supplier inv INV5944082,AP,INV5944082
JE-002681,2025-05-08,2025-05,2050,GR/IR Clearing (Received Not Invoiced),627.35,0,Supplier inv INV1066654,AP,INV1066654
JE-002682,2025-05-08,2025-05,2000,Accounts Payable,0,627.35,Supplier inv INV1066654,AP,INV1066654
JE-003198,2025-05-09,2025-05,1200,Inventory - Raw Materials,1030.64,0,PO receipt PO-31074,INV,RCV-40072
JE-003199,2025-05-09,2025-05,2050,GR/IR Clearing (Received Not Invoiced),0,1030.64,PO receipt PO-31074,INV,RCV-40072
JE-000364,2025-05-10,2025-05,1100,Accounts Receivable,8478.29,0,Invoice INV-60080,AR,INV-60080
JE-000365,2025-05-10,2025-05,4000,Product Sales - Manufactured,0,7787.23,Invoice INV-60080,AR,INV-60080
JE-000366,2025-05-10,2025-05,4100,Freight Revenue,0,126.49,Freight billed,AR,INV-60080
JE-000367,2025-05-10,2025-05,2100,Accrued Expenses,0,564.57,Sales tax payable,AR,INV-60080
JE-000368,2025-05-10,2025-05,5000,COGS - Materials,5711.67,0,COGS,AR,INV-60080
JE-000369,2025-05-10,2025-05,1220,Inventory - Finished Goods,0,5711.67,Inventory relief,AR,INV-60080
JE-002941,2025-05-10,2025-05,2050,GR/IR Clearing (Received Not Invoiced),5014.9,0,Supplier inv 8799739,AP,8799739
JE-002942,2025-05-10,2025-05,2000,Accounts Payable,0,5014.9,Supplier inv 8799739,AP,8799739
JE-003444,2025-05-10,2025-05,1200,Inventory - Raw Materials,4985.1,0,PO receipt PO-31205,INV,RCV-40195
JE-003445,2025-05-10,2025-05,2050,GR/IR Clearing (Received Not Invoiced),0,4985.1,PO receipt PO-31205,INV,RCV-40195
JE-002661,2025-05-11,2025-05,2050,GR/IR Clearing (Received Not Invoiced),4321.17,0,Supplier inv INV1561691,AP,INV1561691
JE-002662,2025-05-11,2025-05,2000,Accounts Payable,0,4321.17,Supplier inv INV1561691,AP,INV1561691
JE-000222,2025-05-12,2025-05,1100,Accounts Receivable,5517.08,0,Invoice INV-60048,AR,INV-60048
JE-000223,2025-05-12,2025-05,4000,Product Sales - Manufactured,0,5262.47,Invoice INV-60048,AR,INV-60048
JE-000224,2025-05-12,2025-05,4100,Freight Revenue,0,254.61,Freight billed,AR,INV-60048
JE-000225,2025-05-12,2025-05,5000,COGS - Materials,3768.7,0,COGS,AR,INV-60048
JE-000226,2025-05-12,2025-05,1220,Inventory - Finished Goods,0,3768.7,Inventory relief,AR,INV-60048
JE-000677,2025-05-12,2025-05,1100,Accounts Receivable,7884.58,0,Invoice INV-60145,AR,INV-60145
JE-000678,2025-05-12,2025-05,4000,Product Sales - Manufactured,0,7192.51,Invoice INV-60145,AR,INV-60145
JE-000679,2025-05-12,2025-05,4100,Freight Revenue,0,170.61,Freight billed,AR,INV-60145
JE-000680,2025-05-12,2025-05,2100,Accrued Expenses,0,521.46,Sales tax payable,AR,INV-60145
JE-000681,2025-05-12,2025-05,5000,COGS - Materials,5327.35,0,COGS,AR,INV-60145
JE-000682,2025-05-12,2025-05,1220,Inventory - Finished Goods,0,5327.35,Inventory relief,AR,INV-60145
JE-002666,2025-05-12,2025-05,2050,GR/IR Clearing (Received Not Invoiced),1030.64,0,Supplier inv INV6064633,AP,INV6064633
JE-002667,2025-05-12,2025-05,2000,Accounts Payable,0,1030.64,Supplier inv INV6064633,AP,INV6064633
JE-000151,2025-05-13,2025-05,1100,Accounts Receivable,3826.97,0,Invoice INV-60033,AR,INV-60033
JE-000152,2025-05-13,2025-05,4000,Product Sales - Manufactured,0,3826.97,Invoice INV-60033,AR,INV-60033
JE-000153,2025-05-13,2025-05,5000,COGS - Materials,2593.98,0,COGS,AR,INV-60033
JE-000154,2025-05-13,2025-05,1220,Inventory - Finished Goods,0,2593.98,Inventory relief,AR,INV-60033
JE-000644,2025-05-13,2025-05,1100,Accounts Receivable,2979.97,0,Invoice INV-60138,AR,INV-60138
JE-000645,2025-05-13,2025-05,4000,Product Sales - Manufactured,0,2979.97,Invoice INV-60138,AR,INV-60138
JE-000646,2025-05-13,2025-05,5000,COGS - Materials,1997.97,0,COGS,AR,INV-60138
JE-000647,2025-05-13,2025-05,1220,Inventory - Finished Goods,0,1997.97,Inventory relief,AR,INV-60138
JE-001451,2025-05-13,2025-05,1100,Accounts Receivable,2258.93,0,Invoice INV-60311,AR,INV-60311
JE-001452,2025-05-13,2025-05,4000,Product Sales - Manufactured,0,2085.55,Invoice INV-60311,AR,INV-60311
JE-001453,2025-05-13,2025-05,4100,Freight Revenue,0,173.38,Freight billed,AR,INV-60311
JE-001454,2025-05-13,2025-05,5000,COGS - Materials,1234.05,0,COGS,AR,INV-60311
JE-001455,2025-05-13,2025-05,1220,Inventory - Finished Goods,0,1234.05,Inventory relief,AR,INV-60311
JE-000875,2025-05-14,2025-05,1100,Accounts Receivable,9524.69,0,Invoice INV-60188,AR,INV-60188
JE-000876,2025-05-14,2025-05,4000,Product Sales - Manufactured,0,9524.69,Invoice INV-60188,AR,INV-60188
JE-000877,2025-05-14,2025-05,5000,COGS - Materials,7658.73,0,COGS,AR,INV-60188
JE-000878,2025-05-14,2025-05,1220,Inventory - Finished Goods,0,7658.73,Inventory relief,AR,INV-60188
JE-001761,2025-05-15,2025-05,1100,Accounts Receivable,1187.69,0,Invoice INV-60376,AR,INV-60376
JE-001762,2025-05-15,2025-05,4000,Product Sales - Manufactured,0,966.7,Invoice INV-60376,AR,INV-60376
JE-001763,2025-05-15,2025-05,4100,Freight Revenue,0,220.99,Freight billed,AR,INV-60376
JE-001764,2025-05-15,2025-05,5000,COGS - Materials,644.2,0,COGS,AR,INV-60376
JE-001765,2025-05-15,2025-05,1220,Inventory - Finished Goods,0,644.2,Inventory relief,AR,INV-60376
JE-003518,2025-05-15,2025-05,1200,Inventory - Raw Materials,8428.0,0,PO receipt PO-31245,INV,RCV-40232
JE-003519,2025-05-15,2025-05,2050,GR/IR Clearing (Received Not Invoiced),0,8428.0,PO receipt PO-31245,INV,RCV-40232
JE-000442,2025-05-16,2025-05,1100,Accounts Receivable,18611.28,0,Invoice INV-60096,AR,INV-60096
JE-000443,2025-05-16,2025-05,4000,Product Sales - Manufactured,0,18611.28,Invoice INV-60096,AR,INV-60096
JE-000444,2025-05-16,2025-05,5000,COGS - Materials,12045.57,0,COGS,AR,INV-60096
JE-000445,2025-05-16,2025-05,1220,Inventory - Finished Goods,0,12045.57,Inventory relief,AR,INV-60096
JE-002411,2025-05-16,2025-05,1000,Operating Cash,9524.52,0,Customer payment,AR,NIC-CR00288
JE-002412,2025-05-16,2025-05,1100,Accounts Receivable,0,9524.52,Customer payment,AR,NIC-CR00288
JE-000385,2025-05-17,2025-05,1100,Accounts Receivable,6388.9,0,Invoice INV-60084,AR,INV-60084
JE-000386,2025-05-17,2025-05,4000,Product Sales - Manufactured,0,6388.9,Invoice INV-60084,AR,INV-60084
JE-000387,2025-05-17,2025-05,5000,COGS - Materials,4657.65,0,COGS,AR,INV-60084
JE-000388,2025-05-17,2025-05,1220,Inventory - Finished Goods,0,4657.65,Inventory relief,AR,INV-60084
JE-001093,2025-05-17,2025-05,1100,Accounts Receivable,7514.24,0,Invoice INV-60235,AR,INV-60235
JE-001094,2025-05-17,2025-05,4000,Product Sales - Manufactured,0,7006.28,Invoice INV-60235,AR,INV-60235
JE-001095,2025-05-17,2025-05,2100,Accrued Expenses,0,507.96,Sales tax payable,AR,INV-60235
JE-001096,2025-05-17,2025-05,5000,COGS - Materials,4095.84,0,COGS,AR,INV-60235
JE-001097,2025-05-17,2025-05,1220,Inventory - Finished Goods,0,4095.84,Inventory relief,AR,INV-60235
JE-003248,2025-05-17,2025-05,1200,Inventory - Raw Materials,305.14,0,PO receipt PO-31102,INV,RCV-40097
JE-003249,2025-05-17,2025-05,2050,GR/IR Clearing (Received Not Invoiced),0,305.14,PO receipt PO-31102,INV,RCV-40097
JE-003462,2025-05-18,2025-05,1200,Inventory - Raw Materials,3125.0,0,PO receipt PO-31214,INV,RCV-40204
JE-003463,2025-05-18,2025-05,2050,GR/IR Clearing (Received Not Invoiced),0,3125.0,PO receipt PO-31214,INV,RCV-40204
JE-002011,2025-05-19,2025-05,1000,Operating Cash,19334.73,0,Customer payment,AR,NIC-CR00088
JE-002012,2025-05-19,2025-05,1100,Accounts Receivable,0,19334.73,Customer payment,AR,NIC-CR00088
JE-001098,2025-05-20,2025-05,1100,Accounts Receivable,14226.39,0,Invoice INV-60236,AR,INV-60236
JE-001099,2025-05-20,2025-05,4000,Product Sales - Manufactured,0,14109.19,Invoice INV-60236,AR,INV-60236
JE-001100,2025-05-20,2025-05,4100,Freight Revenue,0,117.2,Freight billed,AR,INV-60236
JE-001101,2025-05-20,2025-05,5000,COGS - Materials,9628.73,0,COGS,AR,INV-60236
JE-001102,2025-05-20,2025-05,1220,Inventory - Finished Goods,0,9628.73,Inventory relief,AR,INV-60236
JE-001921,2025-05-20,2025-05,1000,Operating Cash,5517.08,0,Customer payment,AR,NIC-CR00043
JE-001922,2025-05-20,2025-05,1100,Accounts Receivable,0,5517.08,Customer payment,AR,NIC-CR00043
JE-003019,2025-05-21,2025-05,2050,GR/IR Clearing (Received Not Invoiced),8428.0,0,Supplier inv 8644998,AP,8644998
JE-003020,2025-05-21,2025-05,2000,Accounts Payable,0,8428.0,Supplier inv 8644998,AP,8644998
JE-002721,2025-05-22,2025-05,2050,GR/IR Clearing (Received Not Invoiced),303.6,0,Supplier inv 93163940,AP,93163940
JE-002722,2025-05-22,2025-05,2000,Accounts Payable,0,303.6,Supplier inv 93163940,AP,93163940
JE-003080,2025-05-22,2025-05,1200,Inventory - Raw Materials,5385.34,0,PO receipt PO-31013,INV,RCV-40013
JE-003081,2025-05-22,2025-05,2050,GR/IR Clearing (Received Not Invoiced),0,5385.34,PO receipt PO-31013,INV,RCV-40013
JE-000802,2025-05-23,2025-05,1100,Accounts Receivable,5952.28,0,Invoice INV-60172,AR,INV-60172
JE-000803,2025-05-23,2025-05,4000,Product Sales - Manufactured,0,5522.4,Invoice INV-60172,AR,INV-60172
JE-000804,2025-05-23,2025-05,4100,Freight Revenue,0,29.51,Freight billed,AR,INV-60172
JE-000805,2025-05-23,2025-05,2100,Accrued Expenses,0,400.37,Sales tax payable,AR,INV-60172
JE-000806,2025-05-23,2025-05,5000,COGS - Materials,4106.5,0,COGS,AR,INV-60172
JE-000807,2025-05-23,2025-05,1220,Inventory - Finished Goods,0,4106.5,Inventory relief,AR,INV-60172
JE-003490,2025-05-23,2025-05,1200,Inventory - Raw Materials,887.5,0,PO receipt PO-31230,INV,RCV-40218
JE-003491,2025-05-23,2025-05,2050,GR/IR Clearing (Received Not Invoiced),0,887.5,PO receipt PO-31230,INV,RCV-40218
JE-003510,2025-05-23,2025-05,1200,Inventory - Raw Materials,10859.29,0,PO receipt PO-31240,INV,RCV-40228
JE-003511,2025-05-23,2025-05,2050,GR/IR Clearing (Received Not Invoiced),0,10859.29,PO receipt PO-31240,INV,RCV-40228
JE-001314,2025-05-24,2025-05,1100,Accounts Receivable,3955.41,0,Invoice INV-60281,AR,INV-60281
JE-001315,2025-05-24,2025-05,4000,Product Sales - Manufactured,0,3559.61,Invoice INV-60281,AR,INV-60281
JE-001316,2025-05-24,2025-05,4100,Freight Revenue,0,137.73,Freight billed,AR,INV-60281
JE-001317,2025-05-24,2025-05,2100,Accrued Expenses,0,258.07,Sales tax payable,AR,INV-60281
JE-001318,2025-05-24,2025-05,5000,COGS - Materials,2151.9,0,COGS,AR,INV-60281
JE-001319,2025-05-24,2025-05,1220,Inventory - Finished Goods,0,2151.9,Inventory relief,AR,INV-60281
JE-002959,2025-05-24,2025-05,2050,GR/IR Clearing (Received Not Invoiced),3125.0,0,Supplier inv SI1016405,AP,SI1016405
JE-002960,2025-05-24,2025-05,5300,Freight In,29.43,0,Freight in,AP,SI1016405
JE-002961,2025-05-24,2025-05,2000,Accounts Payable,0,3154.43,Supplier inv SI1016405,AP,SI1016405
JE-003216,2025-05-24,2025-05,1200,Inventory - Raw Materials,3827.2,0,PO receipt PO-31086,INV,RCV-40081
JE-003217,2025-05-24,2025-05,2050,GR/IR Clearing (Received Not Invoiced),0,3827.2,PO receipt PO-31086,INV,RCV-40081
JE-000168,2025-05-25,2025-05,1100,Accounts Receivable,623.49,0,Invoice INV-60037,AR,INV-60037
JE-000169,2025-05-25,2025-05,4000,Product Sales - Manufactured,0,588.52,Invoice INV-60037,AR,INV-60037
JE-000170,2025-05-25,2025-05,4100,Freight Revenue,0,34.97,Freight billed,AR,INV-60037
JE-000171,2025-05-25,2025-05,5000,COGS - Materials,333.06,0,COGS,AR,INV-60037
JE-000172,2025-05-25,2025-05,1220,Inventory - Finished Goods,0,333.06,Inventory relief,AR,INV-60037
JE-001598,2025-05-25,2025-05,1100,Accounts Receivable,5963.66,0,Invoice INV-60342,AR,INV-60342
JE-001599,2025-05-25,2025-05,4000,Product Sales - Manufactured,0,5560.52,Invoice INV-60342,AR,INV-60342
JE-001600,2025-05-25,2025-05,2100,Accrued Expenses,0,403.14,Sales tax payable,AR,INV-60342
JE-001601,2025-05-25,2025-05,5000,COGS - Materials,3930.83,0,COGS,AR,INV-60342
JE-001602,2025-05-25,2025-05,1220,Inventory - Finished Goods,0,3930.83,Inventory relief,AR,INV-60342
JE-002685,2025-05-25,2025-05,2050,GR/IR Clearing (Received Not Invoiced),3827.2,0,Supplier inv SI2257488,AP,SI2257488
JE-002686,2025-05-25,2025-05,2000,Accounts Payable,0,3827.2,Supplier inv SI2257488,AP,SI2257488
JE-003011,2025-05-25,2025-05,2050,GR/IR Clearing (Received Not Invoiced),10910.35,0,Supplier inv 5982708,AP,5982708
JE-003012,2025-05-25,2025-05,2000,Accounts Payable,0,10910.35,Supplier inv 5982708,AP,5982708
JE-003064,2025-05-25,2025-05,1200,Inventory - Raw Materials,1497.96,0,PO receipt PO-31005,INV,RCV-40005
JE-003065,2025-05-25,2025-05,2050,GR/IR Clearing (Received Not Invoiced),0,1497.96,PO receipt PO-31005,INV,RCV-40005
JE-000059,2025-05-26,2025-05,1100,Accounts Receivable,3177.41,0,Invoice INV-60013,AR,INV-60013
JE-000060,2025-05-26,2025-05,4000,Product Sales - Manufactured,0,3177.41,Invoice INV-60013,AR,INV-60013
JE-000061,2025-05-26,2025-05,5000,COGS - Materials,2594.28,0,COGS,AR,INV-60013
JE-000062,2025-05-26,2025-05,1220,Inventory - Finished Goods,0,2594.28,Inventory relief,AR,INV-60013
JE-000333,2025-05-26,2025-05,1100,Accounts Receivable,5637.69,0,Invoice INV-60073,AR,INV-60073
JE-000334,2025-05-26,2025-05,4000,Product Sales - Manufactured,0,5414.67,Invoice INV-60073,AR,INV-60073
JE-000335,2025-05-26,2025-05,4100,Freight Revenue,0,223.02,Freight billed,AR,INV-60073
JE-000336,2025-05-26,2025-05,5000,COGS - Materials,4267.71,0,COGS,AR,INV-60073
JE-000337,2025-05-26,2025-05,1220,Inventory - Finished Goods,0,4267.71,Inventory relief,AR,INV-60073
JE-001154,2025-05-26,2025-05,1100,Accounts Receivable,241.68,0,Invoice INV-60248,AR,INV-60248
JE-001155,2025-05-26,2025-05,4000,Product Sales - Manufactured,0,225.34,Invoice INV-60248,AR,INV-60248
JE-001156,2025-05-26,2025-05,2100,Accrued Expenses,0,16.34,Sales tax payable,AR,INV-60248
JE-001157,2025-05-26,2025-05,5000,COGS - Materials,155.41,0,COGS,AR,INV-60248
JE-001158,2025-05-26,2025-05,1220,Inventory - Finished Goods,0,155.41,Inventory relief,AR,INV-60248
JE-002055,2025-05-26,2025-05,1000,Operating Cash,2837.03,0,Customer payment,AR,NIC-CR00110
JE-002056,2025-05-26,2025-05,1100,Accounts Receivable,0,2837.03,Customer payment,AR,NIC-CR00110
JE-002991,2025-05-26,2025-05,2050,GR/IR Clearing (Received Not Invoiced),887.5,0,Supplier inv 7169175,AP,7169175
JE-002992,2025-05-26,2025-05,2000,Accounts Payable,0,887.5,Supplier inv 7169175,AP,7169175
JE-000395,2025-05-27,2025-05,1100,Accounts Receivable,8633.95,0,Invoice INV-60086,AR,INV-60086
JE-000396,2025-05-27,2025-05,4000,Product Sales - Manufactured,0,7911.3,Invoice INV-60086,AR,INV-60086
JE-000397,2025-05-27,2025-05,4100,Freight Revenue,0,149.08,Freight billed,AR,INV-60086
JE-000398,2025-05-27,2025-05,2100,Accrued Expenses,0,573.57,Sales tax payable,AR,INV-60086
JE-000399,2025-05-27,2025-05,5000,COGS - Materials,5830.23,0,COGS,AR,INV-60086
JE-000400,2025-05-27,2025-05,1220,Inventory - Finished Goods,0,5830.23,Inventory relief,AR,INV-60086
JE-002508,2025-05-27,2025-05,2050,GR/IR Clearing (Received Not Invoiced),1497.96,0,Supplier inv 98997823,AP,98997823
JE-002509,2025-05-27,2025-05,2000,Accounts Payable,0,1497.96,Supplier inv 98997823,AP,98997823
JE-000212,2025-05-28,2025-05,1100,Accounts Receivable,1693.36,0,Invoice INV-60046,AR,INV-60046
JE-000213,2025-05-28,2025-05,4000,Product Sales - Manufactured,0,1371.74,Invoice INV-60046,AR,INV-60046
JE-000214,2025-05-28,2025-05,4100,Freight Revenue,0,222.17,Freight billed,AR,INV-60046
JE-000215,2025-05-28,2025-05,2100,Accrued Expenses,0,99.45,Sales tax payable,AR,INV-60046
JE-000216,2025-05-28,2025-05,5000,COGS - Materials,819.72,0,COGS,AR,INV-60046
JE-000217,2025-05-28,2025-05,1220,Inventory - Finished Goods,0,819.72,Inventory relief,AR,INV-60046
JE-000218,2025-05-28,2025-05,1100,Accounts Receivable,15756.07,0,Invoice INV-60047,AR,INV-60047
JE-000219,2025-05-28,2025-05,4000,Product Sales - Manufactured,0,15756.07,Invoice INV-60047,AR,INV-60047
JE-000220,2025-05-28,2025-05,5000,COGS - Materials,11223.76,0,COGS,AR,INV-60047
JE-000221,2025-05-28,2025-05,1220,Inventory - Finished Goods,0,11223.76,Inventory relief,AR,INV-60047
JE-001144,2025-05-28,2025-05,1100,Accounts Receivable,2246.78,0,Invoice INV-60246,AR,INV-60246
JE-001145,2025-05-28,2025-05,4000,Product Sales - Manufactured,0,2100.76,Invoice INV-60246,AR,INV-60246
JE-001146,2025-05-28,2025-05,4100,Freight Revenue,0,146.02,Freight billed,AR,INV-60246
JE-001147,2025-05-28,2025-05,5000,COGS - Materials,1465.31,0,COGS,AR,INV-60246
JE-001148,2025-05-28,2025-05,1220,Inventory - Finished Goods,0,1465.31,Inventory relief,AR,INV-60246
JE-003242,2025-05-28,2025-05,1200,Inventory - Raw Materials,7.1,0,PO receipt PO-31099,INV,RCV-40094
JE-003243,2025-05-28,2025-05,2050,GR/IR Clearing (Received Not Invoiced),0,7.1,PO receipt PO-31099,INV,RCV-40094
JE-003402,2025-05-28,2025-05,1200,Inventory - Raw Materials,8877.0,0,PO receipt PO-31183,INV,RCV-40174
JE-003403,2025-05-28,2025-05,2050,GR/IR Clearing (Received Not Invoiced),0,8877.0,PO receipt PO-31183,INV,RCV-40174
JE-000969,2025-05-29,2025-05,1100,Accounts Receivable,16334.62,0,Invoice INV-60209,AR,INV-60209
JE-000970,2025-05-29,2025-05,4000,Product Sales - Manufactured,0,16133.75,Invoice INV-60209,AR,INV-60209
JE-000971,2025-05-29,2025-05,4100,Freight Revenue,0,200.87,Freight billed,AR,INV-60209
JE-000972,2025-05-29,2025-05,5000,COGS - Materials,10781.2,0,COGS,AR,INV-60209
JE-000973,2025-05-29,2025-05,1220,Inventory - Finished Goods,0,10781.2,Inventory relief,AR,INV-60209
JE-002526,2025-05-29,2025-05,2050,GR/IR Clearing (Received Not Invoiced),5385.34,0,Supplier inv SI7035380,AP,SI7035380
JE-002527,2025-05-29,2025-05,2000,Accounts Payable,0,5385.34,Supplier inv SI7035380,AP,SI7035380
JE-002714,2025-05-29,2025-05,2050,GR/IR Clearing (Received Not Invoiced),7.1,0,Supplier inv 7256388,AP,7256388
JE-002715,2025-05-29,2025-05,5300,Freight In,119.95,0,Freight in,AP,7256388
JE-002716,2025-05-29,2025-05,2000,Accounts Payable,0,127.05,Supplier inv 7256388,AP,7256388
JE-002257,2025-05-30,2025-05,1000,Operating Cash,15215.3,0,Customer payment,AR,NIC-CR00211
JE-002258,2025-05-30,2025-05,1100,Accounts Receivable,0,15215.3,Customer payment,AR,NIC-CR00211
JE-003300,2025-05-30,2025-05,1200,Inventory - Raw Materials,2999.68,0,PO receipt PO-31131,INV,RCV-40123
JE-003301,2025-05-30,2025-05,2050,GR/IR Clearing (Received Not Invoiced),0,2999.68,PO receipt PO-31131,INV,RCV-40123
JE-003470,2025-05-31,2025-05,1200,Inventory - Raw Materials,64.28,0,PO receipt PO-31218,INV,RCV-40208
JE-003471,2025-05-31,2025-05,2050,GR/IR Clearing (Received Not Invoiced),0,64.28,PO receipt PO-31218,INV,RCV-40208
JE-003552,2025-05-31,2025-05,6700,Office & Supplies,193.94,0,Iron Mountain Inc.,AP,NIC-AP00002
JE-003553,2025-05-31,2025-05,2000,Accounts Payable,0,193.94,Iron Mountain Inc.,AP,NIC-AP00002
JE-003572,2025-05-31,2025-05,6700,Office & Supplies,1860.15,0,"W.W. Grainger, Inc.",AP,NIC-AP00012
JE-003573,2025-05-31,2025-05,2000,Accounts Payable,0,1860.15,"W.W. Grainger, Inc.",AP,NIC-AP00012
JE-003592,2025-05-31,2025-05,6700,Office & Supplies,2802.47,0,Cintas Corporation,AP,NIC-AP00022
JE-003593,2025-05-31,2025-05,2000,Accounts Payable,0,2802.47,Cintas Corporation,AP,NIC-AP00022
JE-003614,2025-05-31,2025-05,6300,Rent,3860.27,0,Waste Management of Illinois,AP,NIC-AP00033
JE-003615,2025-05-31,2025-05,2000,Accounts Payable,0,3860.27,Waste Management of Illinois,AP,NIC-AP00033
JE-003630,2025-05-31,2025-05,5300,Freight In,56.94,0,UPS,AP,NIC-AP00041
JE-003631,2025-05-31,2025-05,2000,Accounts Payable,0,56.94,UPS,AP,NIC-AP00041
JE-003650,2025-05-31,2025-05,5300,Freight In,96.35,0,FedEx,AP,NIC-AP00051
JE-003651,2025-05-31,2025-05,2000,Accounts Payable,0,96.35,FedEx,AP,NIC-AP00051
JE-003664,2025-05-31,2025-05,6700,Office & Supplies,696.86,0,Sunbelt Rentals,AP,NIC-AP00058
JE-003665,2025-05-31,2025-05,2000,Accounts Payable,0,696.86,Sunbelt Rentals,AP,NIC-AP00058
JE-003684,2025-05-31,2025-05,6300,Rent,38500,0,Rockford Industrial Park LLC,AP,NIC-AP00068
JE-003685,2025-05-31,2025-05,2000,Accounts Payable,0,38500,Rockford Industrial Park LLC,AP,NIC-AP00068
JE-003708,2025-05-31,2025-05,6400,Software Subscriptions,15750.0,0,Epicor Kinetic,AP,SW-EPICOR
JE-003709,2025-05-31,2025-05,2000,Accounts Payable,0,15750.0,Epicor Kinetic,AP,SW-EPICOR
JE-003732,2025-05-31,2025-05,6400,Software Subscriptions,1079.17,0,SolidWorks Standard,AP,SW-SOLIDW
JE-003733,2025-05-31,2025-05,2000,Accounts Payable,0,1079.17,SolidWorks Standard,AP,SW-SOLIDW
JE-003756,2025-05-31,2025-05,6400,Software Subscriptions,1000.0,0,MasterControl,AP,SW-MASTER
JE-003757,2025-05-31,2025-05,2000,Accounts Payable,0,1000.0,MasterControl,AP,SW-MASTER
JE-003780,2025-05-31,2025-05,6400,Software Subscriptions,1775.0,0,Microsoft 365 Business Standard,AP,SW-MICROS
JE-003781,2025-05-31,2025-05,2000,Accounts Payable,0,1775.0,Microsoft 365 Business Standard,AP,SW-MICROS
JE-003804,2025-05-31,2025-05,6400,Software Subscriptions,4920.0,0,ADP Workforce Now,AP,SW-ADPWO
JE-003805,2025-05-31,2025-05,2000,Accounts Payable,0,4920.0,ADP Workforce Now,AP,SW-ADPWO
JE-003828,2025-05-31,2025-05,6400,Software Subscriptions,900.0,0,Salesforce Sales Cloud,AP,SW-SALESF
JE-003829,2025-05-31,2025-05,2000,Accounts Payable,0,900.0,Salesforce Sales Cloud,AP,SW-SALESF
JE-003852,2025-05-31,2025-05,6400,Software Subscriptions,700.0,0,Bill.com,AP,SW-BILL.C
JE-003853,2025-05-31,2025-05,2000,Accounts Payable,0,700.0,Bill.com,AP,SW-BILL.C
JE-003876,2025-05-31,2025-05,6400,Software Subscriptions,3150.0,0,Box Business,AP,SW-BOXBU
JE-003877,2025-05-31,2025-05,2000,Accounts Payable,0,3150.0,Box Business,AP,SW-BOXBU
JE-003900,2025-05-31,2025-05,6400,Software Subscriptions,1440.0,0,Zoom Workplace,AP,SW-ZOOMW
JE-003901,2025-05-31,2025-05,2000,Accounts Payable,0,1440.0,Zoom Workplace,AP,SW-ZOOMW
JE-003924,2025-05-31,2025-05,6400,Software Subscriptions,1020.0,0,RingCentral MVP,AP,SW-RINGCE
JE-003925,2025-05-31,2025-05,2000,Accounts Payable,0,1020.0,RingCentral MVP,AP,SW-RINGCE
JE-003948,2025-05-31,2025-05,6400,Software Subscriptions,355.0,0,KnowBe4,AP,SW-KNOWBE
JE-003949,2025-05-31,2025-05,2000,Accounts Payable,0,355.0,KnowBe4,AP,SW-KNOWBE
JE-003972,2025-05-31,2025-05,6000,Salaries & Wages,648097.97,0,Monthly payroll,PR,PR-202505
JE-003973,2025-05-31,2025-05,2300,Payroll Liabilities,0,648097.97,Monthly payroll,PR,PR-202505
JE-000615,2025-06-01,2025-06,1100,Accounts Receivable,3404.27,0,Invoice INV-60132,AR,INV-60132
JE-000616,2025-06-01,2025-06,4000,Product Sales - Manufactured,0,3404.27,Invoice INV-60132,AR,INV-60132
JE-000617,2025-06-01,2025-06,5000,COGS - Materials,2193.41,0,COGS,AR,INV-60132
JE-000618,2025-06-01,2025-06,1220,Inventory - Finished Goods,0,2193.41,Inventory relief,AR,INV-60132
JE-001211,2025-06-01,2025-06,1100,Accounts Receivable,6999.44,0,Invoice INV-60260,AR,INV-60260
JE-001212,2025-06-01,2025-06,4000,Product Sales - Manufactured,0,6526.28,Invoice INV-60260,AR,INV-60260
JE-001213,2025-06-01,2025-06,2100,Accrued Expenses,0,473.16,Sales tax payable,AR,INV-60260
JE-001214,2025-06-01,2025-06,5000,COGS - Materials,3681.14,0,COGS,AR,INV-60260
JE-001215,2025-06-01,2025-06,1220,Inventory - Finished Goods,0,3681.14,Inventory relief,AR,INV-60260
JE-001631,2025-06-01,2025-06,1100,Accounts Receivable,9263.47,0,Invoice INV-60349,AR,INV-60349
JE-001632,2025-06-01,2025-06,4000,Product Sales - Manufactured,0,9263.47,Invoice INV-60349,AR,INV-60349
JE-001633,2025-06-01,2025-06,5000,COGS - Materials,6181.99,0,COGS,AR,INV-60349
JE-001634,2025-06-01,2025-06,1220,Inventory - Finished Goods,0,6181.99,Inventory relief,AR,INV-60349
JE-002405,2025-06-02,2025-06,1000,Operating Cash,2613.55,0,Customer payment,AR,NIC-CR00285
JE-002406,2025-06-02,2025-06,1100,Accounts Receivable,0,2613.55,Customer payment,AR,NIC-CR00285
JE-000020,2025-06-03,2025-06,1100,Accounts Receivable,1334.83,0,Invoice INV-60005,AR,INV-60005
JE-000021,2025-06-03,2025-06,4000,Product Sales - Manufactured,0,1126.2,Invoice INV-60005,AR,INV-60005
JE-000022,2025-06-03,2025-06,4100,Freight Revenue,0,126.98,Freight billed,AR,INV-60005
JE-000023,2025-06-03,2025-06,2100,Accrued Expenses,0,81.65,Sales tax payable,AR,INV-60005
JE-000024,2025-06-03,2025-06,5000,COGS - Materials,740.43,0,COGS,AR,INV-60005
JE-000025,2025-06-03,2025-06,1220,Inventory - Finished Goods,0,740.43,Inventory relief,AR,INV-60005
JE-001078,2025-06-03,2025-06,1100,Accounts Receivable,16343.81,0,Invoice INV-60232,AR,INV-60232
JE-001079,2025-06-03,2025-06,4000,Product Sales - Manufactured,0,15068.84,Invoice INV-60232,AR,INV-60232
JE-001080,2025-06-03,2025-06,4100,Freight Revenue,0,182.48,Freight billed,AR,INV-60232
JE-001081,2025-06-03,2025-06,2100,Accrued Expenses,0,1092.49,Sales tax payable,AR,INV-60232
JE-001082,2025-06-03,2025-06,5000,COGS - Materials,10301.61,0,COGS,AR,INV-60232
JE-001083,2025-06-03,2025-06,1220,Inventory - Finished Goods,0,10301.61,Inventory relief,AR,INV-60232
JE-002329,2025-06-03,2025-06,1000,Operating Cash,1960.41,0,Customer payment,AR,NIC-CR00247
JE-002330,2025-06-03,2025-06,1100,Accounts Receivable,0,1960.41,Customer payment,AR,NIC-CR00247
JE-002892,2025-06-03,2025-06,2050,GR/IR Clearing (Received Not Invoiced),8877.0,0,Supplier inv INV183023,AP,INV183023
JE-002893,2025-06-03,2025-06,2000,Accounts Payable,0,8877.0,Supplier inv INV183023,AP,INV183023
JE-003106,2025-06-03,2025-06,1200,Inventory - Raw Materials,3514.5,0,PO receipt PO-31026,INV,RCV-40026
JE-003107,2025-06-03,2025-06,2050,GR/IR Clearing (Received Not Invoiced),0,3514.5,PO receipt PO-31026,INV,RCV-40026
JE-002558,2025-06-04,2025-06,2050,GR/IR Clearing (Received Not Invoiced),3514.5,0,Supplier inv 91769614,AP,91769614
JE-002559,2025-06-04,2025-06,2000,Accounts Payable,0,3514.5,Supplier inv 91769614,AP,91769614
JE-002560,2025-06-04,2025-06,2050,GR/IR Clearing (Received Not Invoiced),8333.64,0,Supplier inv INV6367144,AP,INV6367144
JE-002561,2025-06-04,2025-06,2000,Accounts Payable,0,8333.64,Supplier inv INV6367144,AP,INV6367144
JE-003108,2025-06-04,2025-06,1200,Inventory - Raw Materials,8333.64,0,PO receipt PO-31027,INV,RCV-40027
JE-003109,2025-06-04,2025-06,2050,GR/IR Clearing (Received Not Invoiced),0,8333.64,PO receipt PO-31027,INV,RCV-40027
JE-001487,2025-06-05,2025-06,1100,Accounts Receivable,16214.62,0,Invoice INV-60318,AR,INV-60318
JE-001488,2025-06-05,2025-06,4000,Product Sales - Manufactured,0,15968.36,Invoice INV-60318,AR,INV-60318
JE-001489,2025-06-05,2025-06,4100,Freight Revenue,0,246.26,Freight billed,AR,INV-60318
JE-001490,2025-06-05,2025-06,5000,COGS - Materials,11237.46,0,COGS,AR,INV-60318
JE-001491,2025-06-05,2025-06,1220,Inventory - Finished Goods,0,11237.46,Inventory relief,AR,INV-60318
JE-001539,2025-06-05,2025-06,1100,Accounts Receivable,4386.81,0,Invoice INV-60329,AR,INV-60329
JE-001540,2025-06-05,2025-06,4000,Product Sales - Manufactured,0,4386.81,Invoice INV-60329,AR,INV-60329
JE-001541,2025-06-05,2025-06,5000,COGS - Materials,2699.83,0,COGS,AR,INV-60329
JE-001542,2025-06-05,2025-06,1220,Inventory - Finished Goods,0,2699.83,Inventory relief,AR,INV-60329
JE-001971,2025-06-05,2025-06,1000,Operating Cash,8478.29,0,Customer payment,AR,NIC-CR00068
JE-001972,2025-06-05,2025-06,1100,Accounts Receivable,0,8478.29,Customer payment,AR,NIC-CR00068
JE-002113,2025-06-05,2025-06,1000,Operating Cash,737.34,0,Customer payment,AR,NIC-CR00139
JE-002114,2025-06-05,2025-06,1100,Accounts Receivable,0,737.34,Customer payment,AR,NIC-CR00139
JE-002255,2025-06-05,2025-06,1000,Operating Cash,12713.72,0,Customer payment,AR,NIC-CR00210
JE-002256,2025-06-05,2025-06,1100,Accounts Receivable,0,12713.72,Customer payment,AR,NIC-CR00210
JE-002760,2025-06-05,2025-06,2050,GR/IR Clearing (Received Not Invoiced),6768.4,0,Supplier inv SI635022,AP,SI635022
JE-002761,2025-06-05,2025-06,2000,Accounts Payable,0,6768.4,Supplier inv SI635022,AP,SI635022
JE-002968,2025-06-05,2025-06,2050,GR/IR Clearing (Received Not Invoiced),64.28,0,Supplier inv INV5616204,AP,INV5616204
JE-002969,2025-06-05,2025-06,5300,Freight In,32.7,0,Freight in,AP,INV5616204
JE-002970,2025-06-05,2025-06,2000,Accounts Payable,0,96.98,Supplier inv INV5616204,AP,INV5616204
JE-003284,2025-06-05,2025-06,1200,Inventory - Raw Materials,6768.4,0,PO receipt PO-31123,INV,RCV-40115
JE-003285,2025-06-05,2025-06,2050,GR/IR Clearing (Received Not Invoiced),0,6768.4,PO receipt PO-31123,INV,RCV-40115
JE-002281,2025-06-06,2025-06,1000,Operating Cash,6916.18,0,Customer payment,AR,NIC-CR00223
JE-002282,2025-06-06,2025-06,1100,Accounts Receivable,0,6916.18,Customer payment,AR,NIC-CR00223
JE-002777,2025-06-06,2025-06,2050,GR/IR Clearing (Received Not Invoiced),2999.68,0,Supplier inv SI5886563,AP,SI5886563
JE-002778,2025-06-06,2025-06,2000,Accounts Payable,0,2999.68,Supplier inv SI5886563,AP,SI5886563
JE-001575,2025-06-07,2025-06,1100,Accounts Receivable,20061.21,0,Invoice INV-60337,AR,INV-60337
JE-001576,2025-06-07,2025-06,4000,Product Sales - Manufactured,0,19822.95,Invoice INV-60337,AR,INV-60337
JE-001577,2025-06-07,2025-06,4100,Freight Revenue,0,238.26,Freight billed,AR,INV-60337
JE-001578,2025-06-07,2025-06,5000,COGS - Materials,15464.74,0,COGS,AR,INV-60337
JE-001579,2025-06-07,2025-06,1220,Inventory - Finished Goods,0,15464.74,Inventory relief,AR,INV-60337
JE-001309,2025-06-08,2025-06,1100,Accounts Receivable,725.03,0,Invoice INV-60280,AR,INV-60280
JE-001310,2025-06-08,2025-06,4000,Product Sales - Manufactured,0,676.02,Invoice INV-60280,AR,INV-60280
JE-001311,2025-06-08,2025-06,2100,Accrued Expenses,0,49.01,Sales tax payable,AR,INV-60280
JE-001312,2025-06-08,2025-06,5000,COGS - Materials,466.23,0,COGS,AR,INV-60280
JE-001313,2025-06-08,2025-06,1220,Inventory - Finished Goods,0,466.23,Inventory relief,AR,INV-60280
JE-001443,2025-06-08,2025-06,1100,Accounts Receivable,9922.35,0,Invoice INV-60309,AR,INV-60309
JE-001444,2025-06-08,2025-06,4000,Product Sales - Manufactured,0,9922.35,Invoice INV-60309,AR,INV-60309
JE-001445,2025-06-08,2025-06,5000,COGS - Materials,7375.39,0,COGS,AR,INV-60309
JE-001446,2025-06-08,2025-06,1220,Inventory - Finished Goods,0,7375.39,Inventory relief,AR,INV-60309
JE-002451,2025-06-08,2025-06,1000,Operating Cash,520.58,0,Customer payment,AR,NIC-CR00308
JE-002452,2025-06-08,2025-06,1100,Accounts Receivable,0,520.58,Customer payment,AR,NIC-CR00308
JE-003094,2025-06-10,2025-06,1200,Inventory - Raw Materials,124.16,0,PO receipt PO-31020,INV,RCV-40020
JE-003095,2025-06-10,2025-06,2050,GR/IR Clearing (Received Not Invoiced),0,124.16,PO receipt PO-31020,INV,RCV-40020
JE-001644,2025-06-11,2025-06,1100,Accounts Receivable,15045.11,0,Invoice INV-60352,AR,INV-60352
JE-001645,2025-06-11,2025-06,4000,Product Sales - Manufactured,0,14578.6,Invoice INV-60352,AR,INV-60352
JE-001646,2025-06-11,2025-06,4100,Freight Revenue,0,466.51,Freight billed,AR,INV-60352
JE-001647,2025-06-11,2025-06,5000,COGS - Materials,12708.93,0,COGS,AR,INV-60352
JE-001648,2025-06-11,2025-06,1220,Inventory - Finished Goods,0,12708.93,Inventory relief,AR,INV-60352
JE-000683,2025-06-13,2025-06,1100,Accounts Receivable,3700.75,0,Invoice INV-60146,AR,INV-60146
JE-000684,2025-06-13,2025-06,4000,Product Sales - Manufactured,0,3450.58,Invoice INV-60146,AR,INV-60146
JE-000685,2025-06-13,2025-06,2100,Accrued Expenses,0,250.17,Sales tax payable,AR,INV-60146
JE-000686,2025-06-13,2025-06,5000,COGS - Materials,2149.45,0,COGS,AR,INV-60146
JE-000687,2025-06-13,2025-06,1220,Inventory - Finished Goods,0,2149.45,Inventory relief,AR,INV-60146
JE-002949,2025-06-13,2025-06,2050,GR/IR Clearing (Received Not Invoiced),8929.8,0,Supplier inv INV636475,AP,INV636475
JE-002950,2025-06-13,2025-06,2000,Accounts Payable,0,8929.8,Supplier inv INV636475,AP,INV636475
JE-003394,2025-06-13,2025-06,1200,Inventory - Raw Materials,7510.94,0,PO receipt PO-31179,INV,RCV-40170
JE-003395,2025-06-13,2025-06,2050,GR/IR Clearing (Received Not Invoiced),0,7510.94,PO receipt PO-31179,INV,RCV-40170
JE-003430,2025-06-13,2025-06,1200,Inventory - Raw Materials,273.76,0,PO receipt PO-31198,INV,RCV-40188
JE-003431,2025-06-13,2025-06,2050,GR/IR Clearing (Received Not Invoiced),0,273.76,PO receipt PO-31198,INV,RCV-40188
JE-003452,2025-06-13,2025-06,1200,Inventory - Raw Materials,8929.8,0,PO receipt PO-31209,INV,RCV-40199
JE-003453,2025-06-13,2025-06,2050,GR/IR Clearing (Received Not Invoiced),0,8929.8,PO receipt PO-31209,INV,RCV-40199
JE-001824,2025-06-14,2025-06,1100,Accounts Receivable,3510.36,0,Invoice INV-60389,AR,INV-60389
JE-001825,2025-06-14,2025-06,4000,Product Sales - Manufactured,0,3510.36,Invoice INV-60389,AR,INV-60389
JE-001826,2025-06-14,2025-06,5000,COGS - Materials,2708.2,0,COGS,AR,INV-60389
JE-001827,2025-06-14,2025-06,1220,Inventory - Finished Goods,0,2708.2,Inventory relief,AR,INV-60389
JE-001999,2025-06-14,2025-06,1000,Operating Cash,21056.32,0,Customer payment,AR,NIC-CR00082
JE-002000,2025-06-14,2025-06,1100,Accounts Receivable,0,21056.32,Customer payment,AR,NIC-CR00082
JE-002925,2025-06-14,2025-06,2050,GR/IR Clearing (Received Not Invoiced),270.32,0,Supplier inv SI8745663,AP,SI8745663
JE-002926,2025-06-14,2025-06,2000,Accounts Payable,0,270.32,Supplier inv SI8745663,AP,SI8745663
JE-003478,2025-06-14,2025-06,1200,Inventory - Raw Materials,3210.0,0,PO receipt PO-31222,INV,RCV-40212
JE-003479,2025-06-14,2025-06,2050,GR/IR Clearing (Received Not Invoiced),0,3210.0,PO receipt PO-31222,INV,RCV-40212
JE-003322,2025-06-15,2025-06,1200,Inventory - Raw Materials,250.0,0,PO receipt PO-31142,INV,RCV-40134
JE-003323,2025-06-15,2025-06,2050,GR/IR Clearing (Received Not Invoiced),0,250.0,PO receipt PO-31142,INV,RCV-40134
JE-000900,2025-06-16,2025-06,1100,Accounts Receivable,3161.4,0,Invoice INV-60194,AR,INV-60194
JE-000901,2025-06-16,2025-06,4000,Product Sales - Manufactured,0,3161.4,Invoice INV-60194,AR,INV-60194
JE-000902,2025-06-16,2025-06,5000,COGS - Materials,1827.5,0,COGS,AR,INV-60194
JE-000903,2025-06-16,2025-06,1220,Inventory - Finished Goods,0,1827.5,Inventory relief,AR,INV-60194
JE-002001,2025-06-16,2025-06,1000,Operating Cash,18611.28,0,Customer payment,AR,NIC-CR00083
JE-002002,2025-06-16,2025-06,1100,Accounts Receivable,0,18611.28,Customer payment,AR,NIC-CR00083
JE-002377,2025-06-16,2025-06,1000,Operating Cash,2258.93,0,Customer payment,AR,NIC-CR00271
JE-002378,2025-06-16,2025-06,1100,Accounts Receivable,0,2258.93,Customer payment,AR,NIC-CR00271
JE-003408,2025-06-16,2025-06,1200,Inventory - Raw Materials,32704.56,0,PO receipt PO-31186,INV,RCV-40177
JE-003409,2025-06-16,2025-06,2050,GR/IR Clearing (Received Not Invoiced),0,32704.56,PO receipt PO-31186,INV,RCV-40177
JE-000492,2025-06-17,2025-06,1100,Accounts Receivable,3536.1,0,Invoice INV-60106,AR,INV-60106
JE-000493,2025-06-17,2025-06,4000,Product Sales - Manufactured,0,3536.1,Invoice INV-60106,AR,INV-60106
JE-000494,2025-06-17,2025-06,5000,COGS - Materials,3202.73,0,COGS,AR,INV-60106
JE-000495,2025-06-17,2025-06,1220,Inventory - Finished Goods,0,3202.73,Inventory relief,AR,INV-60106
JE-001917,2025-06-17,2025-06,1000,Operating Cash,1693.36,0,Customer payment,AR,NIC-CR00041
JE-001918,2025-06-17,2025-06,1100,Accounts Receivable,0,1693.36,Customer payment,AR,NIC-CR00041
JE-002542,2025-06-17,2025-06,2050,GR/IR Clearing (Received Not Invoiced),124.16,0,Supplier inv 2510331,AP,2510331
JE-002543,2025-06-17,2025-06,2000,Accounts Payable,0,124.16,Supplier inv 2510331,AP,2510331
JE-002977,2025-06-17,2025-06,2050,GR/IR Clearing (Received Not Invoiced),3210.0,0,Supplier inv SI1258872,AP,SI1258872
JE-002978,2025-06-17,2025-06,2000,Accounts Payable,0,3210.0,Supplier inv SI1258872,AP,SI1258872
JE-003068,2025-06-17,2025-06,1200,Inventory - Raw Materials,1447.14,0,PO receipt PO-31007,INV,RCV-40007
JE-003069,2025-06-17,2025-06,2050,GR/IR Clearing (Received Not Invoiced),0,1447.14,PO receipt PO-31007,INV,RCV-40007
JE-000207,2025-06-18,2025-06,1100,Accounts Receivable,1418.22,0,Invoice INV-60045,AR,INV-60045
JE-000208,2025-06-18,2025-06,4000,Product Sales - Manufactured,0,1352.51,Invoice INV-60045,AR,INV-60045
JE-000209,2025-06-18,2025-06,4100,Freight Revenue,0,65.71,Freight billed,AR,INV-60045
JE-000210,2025-06-18,2025-06,5000,COGS - Materials,932.63,0,COGS,AR,INV-60045
JE-000211,2025-06-18,2025-06,1220,Inventory - Finished Goods,0,932.63,Inventory relief,AR,INV-60045
JE-002077,2025-06-18,2025-06,1000,Operating Cash,2979.97,0,Customer payment,AR,NIC-CR00121
JE-002078,2025-06-18,2025-06,1100,Accounts Receivable,0,2979.97,Customer payment,AR,NIC-CR00121
JE-002413,2025-06-18,2025-06,1000,Operating Cash,20061.21,0,Customer payment,AR,NIC-CR00289
JE-002414,2025-06-18,2025-06,1100,Accounts Receivable,0,20061.21,Customer payment,AR,NIC-CR00289
JE-003330,2025-06-18,2025-06,1200,Inventory - Raw Materials,3624.6,0,PO receipt PO-31146,INV,RCV-40138
JE-003331,2025-06-18,2025-06,2050,GR/IR Clearing (Received Not Invoiced),0,3624.6,PO receipt PO-31146,INV,RCV-40138
JE-000106,2025-06-19,2025-06,1100,Accounts Receivable,9139.46,0,Invoice INV-60023,AR,INV-60023
JE-000107,2025-06-19,2025-06,4000,Product Sales - Manufactured,0,8521.64,Invoice INV-60023,AR,INV-60023
JE-000108,2025-06-19,2025-06,2100,Accrued Expenses,0,617.82,Sales tax payable,AR,INV-60023
JE-000109,2025-06-19,2025-06,5000,COGS - Materials,5606.71,0,COGS,AR,INV-60023
JE-000110,2025-06-19,2025-06,1220,Inventory - Finished Goods,0,5606.71,Inventory relief,AR,INV-60023
JE-001460,2025-06-19,2025-06,1100,Accounts Receivable,10635.26,0,Invoice INV-60313,AR,INV-60313
JE-001461,2025-06-19,2025-06,4000,Product Sales - Manufactured,0,9759.45,Invoice INV-60313,AR,INV-60313
JE-001462,2025-06-19,2025-06,4100,Freight Revenue,0,168.25,Freight billed,AR,INV-60313
JE-001463,2025-06-19,2025-06,2100,Accrued Expenses,0,707.56,Sales tax payable,AR,INV-60313
JE-001464,2025-06-19,2025-06,5000,COGS - Materials,6445.59,0,COGS,AR,INV-60313
JE-001465,2025-06-19,2025-06,1220,Inventory - Finished Goods,0,6445.59,Inventory relief,AR,INV-60313
JE-002512,2025-06-19,2025-06,2050,GR/IR Clearing (Received Not Invoiced),1449.05,0,Supplier inv 97116053,AP,97116053
JE-002513,2025-06-19,2025-06,5300,Freight In,30.77,0,Freight in,AP,97116053
JE-002514,2025-06-19,2025-06,2000,Accounts Payable,0,1479.82,Supplier inv 97116053,AP,97116053
JE-002801,2025-06-19,2025-06,2050,GR/IR Clearing (Received Not Invoiced),250.0,0,Supplier inv 9190768,AP,9190768
JE-002802,2025-06-19,2025-06,2000,Accounts Payable,0,250.0,Supplier inv 9190768,AP,9190768
JE-002883,2025-06-19,2025-06,2050,GR/IR Clearing (Received Not Invoiced),7623.21,0,Supplier inv 7786573,AP,7786573
JE-002884,2025-06-19,2025-06,2000,Accounts Payable,0,7623.21,Supplier inv 7786573,AP,7786573
JE-003272,2025-06-19,2025-06,1200,Inventory - Raw Materials,105.43,0,PO receipt PO-31117,INV,RCV-40109
JE-003273,2025-06-19,2025-06,2050,GR/IR Clearing (Received Not Invoiced),0,105.43,PO receipt PO-31117,INV,RCV-40109
JE-000201,2025-06-20,2025-06,1100,Accounts Receivable,20391.19,0,Invoice INV-60044,AR,INV-60044
JE-000202,2025-06-20,2025-06,4000,Product Sales - Manufactured,0,18657.25,Invoice INV-60044,AR,INV-60044
JE-000203,2025-06-20,2025-06,4100,Freight Revenue,0,381.29,Freight billed,AR,INV-60044
JE-000204,2025-06-20,2025-06,2100,Accrued Expenses,0,1352.65,Sales tax payable,AR,INV-60044
JE-000205,2025-06-20,2025-06,5000,COGS - Materials,12057.66,0,COGS,AR,INV-60044
JE-000206,2025-06-20,2025-06,1220,Inventory - Finished Goods,0,12057.66,Inventory relief,AR,INV-60044
JE-000923,2025-06-20,2025-06,1100,Accounts Receivable,28324.58,0,Invoice INV-60199,AR,INV-60199
JE-000924,2025-06-20,2025-06,4000,Product Sales - Manufactured,0,28324.58,Invoice INV-60199,AR,INV-60199
JE-000925,2025-06-20,2025-06,5000,COGS - Materials,24221.18,0,COGS,AR,INV-60199
JE-000926,2025-06-20,2025-06,1220,Inventory - Finished Goods,0,24221.18,Inventory relief,AR,INV-60199
JE-002898,2025-06-20,2025-06,2050,GR/IR Clearing (Received Not Invoiced),32704.56,0,Supplier inv INV4647621,AP,INV4647621
JE-002899,2025-06-20,2025-06,5300,Freight In,170.86,0,Freight in,AP,INV4647621
JE-002900,2025-06-20,2025-06,2000,Accounts Payable,0,32875.42,Supplier inv INV4647621,AP,INV4647621
JE-001492,2025-06-21,2025-06,1100,Accounts Receivable,5532.05,0,Invoice INV-60319,AR,INV-60319
JE-001493,2025-06-21,2025-06,4000,Product Sales - Manufactured,0,5532.05,Invoice INV-60319,AR,INV-60319
JE-001494,2025-06-21,2025-06,5000,COGS - Materials,4712.3,0,COGS,AR,INV-60319
JE-001495,2025-06-21,2025-06,1220,Inventory - Finished Goods,0,4712.3,Inventory relief,AR,INV-60319
JE-002195,2025-06-21,2025-06,1000,Operating Cash,16334.62,0,Customer payment,AR,NIC-CR00180
JE-002196,2025-06-21,2025-06,1100,Accounts Receivable,0,16334.62,Customer payment,AR,NIC-CR00180
JE-002247,2025-06-21,2025-06,1000,Operating Cash,7514.24,0,Customer payment,AR,NIC-CR00206
JE-002248,2025-06-21,2025-06,1100,Accounts Receivable,0,7514.24,Customer payment,AR,NIC-CR00206
JE-002747,2025-06-21,2025-06,2050,GR/IR Clearing (Received Not Invoiced),105.43,0,Supplier inv SI8315891,AP,SI8315891
JE-002748,2025-06-21,2025-06,2000,Accounts Payable,0,105.43,Supplier inv SI8315891,AP,SI8315891
JE-003268,2025-06-21,2025-06,1200,Inventory - Raw Materials,103.8,0,PO receipt PO-31115,INV,RCV-40107
JE-003269,2025-06-21,2025-06,2050,GR/IR Clearing (Received Not Invoiced),0,103.8,PO receipt PO-31115,INV,RCV-40107
JE-000342,2025-06-22,2025-06,1100,Accounts Receivable,4554.56,0,Invoice INV-60075,AR,INV-60075
JE-000343,2025-06-22,2025-06,4000,Product Sales - Manufactured,0,4554.56,Invoice INV-60075,AR,INV-60075
JE-000344,2025-06-22,2025-06,5000,COGS - Materials,3136.55,0,COGS,AR,INV-60075
JE-000345,2025-06-22,2025-06,1220,Inventory - Finished Goods,0,3136.55,Inventory relief,AR,INV-60075
JE-002415,2025-06-22,2025-06,1000,Operating Cash,41761.48,0,Customer payment,AR,NIC-CR00290
JE-002416,2025-06-22,2025-06,1100,Accounts Receivable,0,41761.48,Customer payment,AR,NIC-CR00290
JE-002810,2025-06-22,2025-06,2050,GR/IR Clearing (Received Not Invoiced),3630.6,0,Supplier inv INV1794858,AP,INV1794858
JE-002811,2025-06-22,2025-06,5300,Freight In,140.0,0,Freight in,AP,INV1794858
JE-002812,2025-06-22,2025-06,2000,Accounts Payable,0,3770.6,Supplier inv INV1794858,AP,INV1794858
JE-001927,2025-06-23,2025-06,1000,Operating Cash,1227.79,0,Customer payment,AR,NIC-CR00046
JE-001928,2025-06-23,2025-06,1100,Accounts Receivable,0,1227.79,Customer payment,AR,NIC-CR00046
JE-001997,2025-06-23,2025-06,1000,Operating Cash,1070.66,0,Customer payment,AR,NIC-CR00081
JE-001998,2025-06-23,2025-06,1100,Accounts Receivable,0,1070.66,Customer payment,AR,NIC-CR00081
JE-002885,2025-06-23,2025-06,2050,GR/IR Clearing (Received Not Invoiced),16767.2,0,Supplier inv INV9625346,AP,INV9625346
JE-002886,2025-06-23,2025-06,2000,Accounts Payable,0,16767.2,Supplier inv INV9625346,AP,INV9625346
JE-003152,2025-06-23,2025-06,1200,Inventory - Raw Materials,31974.47,0,PO receipt PO-31049,INV,RCV-40049
JE-003153,2025-06-23,2025-06,2050,GR/IR Clearing (Received Not Invoiced),0,31974.47,PO receipt PO-31049,INV,RCV-40049
JE-003396,2025-06-23,2025-06,1200,Inventory - Raw Materials,16767.2,0,PO receipt PO-31180,INV,RCV-40171
JE-003397,2025-06-23,2025-06,2050,GR/IR Clearing (Received Not Invoiced),0,16767.2,PO receipt PO-31180,INV,RCV-40171
JE-000067,2025-06-24,2025-06,1100,Accounts Receivable,5271.51,0,Invoice INV-60015,AR,INV-60015
JE-000068,2025-06-24,2025-06,4000,Product Sales - Manufactured,0,5271.51,Invoice INV-60015,AR,INV-60015
JE-000069,2025-06-24,2025-06,5000,COGS - Materials,3016.46,0,COGS,AR,INV-60015
JE-000070,2025-06-24,2025-06,1220,Inventory - Finished Goods,0,3016.46,Inventory relief,AR,INV-60015
JE-001340,2025-06-24,2025-06,1100,Accounts Receivable,29828.55,0,Invoice INV-60286,AR,INV-60286
JE-001341,2025-06-24,2025-06,4000,Product Sales - Manufactured,0,29828.55,Invoice INV-60286,AR,INV-60286
JE-001342,2025-06-24,2025-06,5000,COGS - Materials,23805.99,0,COGS,AR,INV-60286
JE-001343,2025-06-24,2025-06,1220,Inventory - Finished Goods,0,23805.99,Inventory relief,AR,INV-60286
JE-002065,2025-06-24,2025-06,1000,Operating Cash,3404.27,0,Customer payment,AR,NIC-CR00115
JE-002066,2025-06-24,2025-06,1100,Accounts Receivable,0,3404.27,Customer payment,AR,NIC-CR00115
JE-002249,2025-06-24,2025-06,1000,Operating Cash,14226.39,0,Customer payment,AR,NIC-CR00207
JE-002250,2025-06-24,2025-06,1100,Accounts Receivable,0,14226.39,Customer payment,AR,NIC-CR00207
JE-002325,2025-06-24,2025-06,1000,Operating Cash,3955.41,0,Customer payment,AR,NIC-CR00245
JE-002326,2025-06-24,2025-06,1100,Accounts Receivable,0,3955.41,Customer payment,AR,NIC-CR00245
JE-000370,2025-06-25,2025-06,1100,Accounts Receivable,14876.03,0,Invoice INV-60081,AR,INV-60081
JE-000371,2025-06-25,2025-06,4000,Product Sales - Manufactured,0,14876.03,Invoice INV-60081,AR,INV-60081
JE-000372,2025-06-25,2025-06,5000,COGS - Materials,11961.3,0,COGS,AR,INV-60081
JE-000373,2025-06-25,2025-06,1220,Inventory - Finished Goods,0,11961.3,Inventory relief,AR,INV-60081
JE-002125,2025-06-25,2025-06,1000,Operating Cash,2311.22,0,Customer payment,AR,NIC-CR00145
JE-002126,2025-06-25,2025-06,1100,Accounts Receivable,0,2311.22,Customer payment,AR,NIC-CR00145
JE-002105,2025-06-26,2025-06,1000,Operating Cash,7315.09,0,Customer payment,AR,NIC-CR00135
JE-002106,2025-06-26,2025-06,1100,Accounts Receivable,0,7315.09,Customer payment,AR,NIC-CR00135
JE-002743,2025-06-26,2025-06,2050,GR/IR Clearing (Received Not Invoiced),103.8,0,Supplier inv SI1203417,AP,SI1203417
JE-002744,2025-06-26,2025-06,2000,Accounts Payable,0,103.8,Supplier inv SI1203417,AP,SI1203417
JE-003476,2025-06-26,2025-06,1200,Inventory - Raw Materials,2400.0,0,PO receipt PO-31221,INV,RCV-40211
JE-003477,2025-06-26,2025-06,2050,GR/IR Clearing (Received Not Invoiced),0,2400.0,PO receipt PO-31221,INV,RCV-40211
JE-000861,2025-06-27,2025-06,1100,Accounts Receivable,207.29,0,Invoice INV-60185,AR,INV-60185
JE-000862,2025-06-27,2025-06,4000,Product Sales - Manufactured,0,207.29,Invoice INV-60185,AR,INV-60185
JE-000863,2025-06-27,2025-06,5000,COGS - Materials,162.2,0,COGS,AR,INV-60185
JE-000864,2025-06-27,2025-06,1220,Inventory - Finished Goods,0,162.2,Inventory relief,AR,INV-60185
JE-002131,2025-06-27,2025-06,1000,Operating Cash,5952.28,0,Customer payment,AR,NIC-CR00148
JE-002132,2025-06-27,2025-06,1100,Accounts Receivable,0,5952.28,Customer payment,AR,NIC-CR00148
JE-002423,2025-06-27,2025-06,1000,Operating Cash,5963.66,0,Customer payment,AR,NIC-CR00294
JE-002424,2025-06-27,2025-06,1100,Accounts Receivable,0,5963.66,Customer payment,AR,NIC-CR00294
JE-002483,2025-06-27,2025-06,1000,Operating Cash,25213.49,0,Customer payment,AR,NIC-CR00324
JE-002484,2025-06-27,2025-06,1100,Accounts Receivable,0,25213.49,Customer payment,AR,NIC-CR00324
JE-003122,2025-06-27,2025-06,1200,Inventory - Raw Materials,17521.88,0,PO receipt PO-31034,INV,RCV-40034
JE-003123,2025-06-27,2025-06,2050,GR/IR Clearing (Received Not Invoiced),0,17521.88,PO receipt PO-31034,INV,RCV-40034
JE-000607,2025-06-28,2025-06,1100,Accounts Receivable,7809.12,0,Invoice INV-60130,AR,INV-60130
JE-000608,2025-06-28,2025-06,4000,Product Sales - Manufactured,0,7809.12,Invoice INV-60130,AR,INV-60130
JE-000609,2025-06-28,2025-06,5000,COGS - Materials,6816.95,0,COGS,AR,INV-60130
JE-000610,2025-06-28,2025-06,1220,Inventory - Finished Goods,0,6816.95,Inventory relief,AR,INV-60130
JE-001456,2025-06-28,2025-06,1100,Accounts Receivable,9015.87,0,Invoice INV-60312,AR,INV-60312
JE-001457,2025-06-28,2025-06,4000,Product Sales - Manufactured,0,9015.87,Invoice INV-60312,AR,INV-60312
JE-001458,2025-06-28,2025-06,5000,COGS - Materials,5798.75,0,COGS,AR,INV-60312
JE-001459,2025-06-28,2025-06,1220,Inventory - Finished Goods,0,5798.75,Inventory relief,AR,INV-60312
JE-002159,2025-06-28,2025-06,1000,Operating Cash,9524.69,0,Customer payment,AR,NIC-CR00162
JE-002160,2025-06-28,2025-06,1100,Accounts Receivable,0,9524.69,Customer payment,AR,NIC-CR00162
JE-002616,2025-06-28,2025-06,2050,GR/IR Clearing (Received Not Invoiced),3233.45,0,Supplier inv INV461497,AP,INV461497
JE-002617,2025-06-28,2025-06,2000,Accounts Payable,0,3233.45,Supplier inv INV461497,AP,INV461497
JE-003158,2025-06-28,2025-06,1200,Inventory - Raw Materials,3228.5,0,PO receipt PO-31052,INV,RCV-40052
JE-003159,2025-06-28,2025-06,2050,GR/IR Clearing (Received Not Invoiced),0,3228.5,PO receipt PO-31052,INV,RCV-40052
JE-003236,2025-06-28,2025-06,1200,Inventory - Raw Materials,7547.63,0,PO receipt PO-31096,INV,RCV-40091
JE-003237,2025-06-28,2025-06,2050,GR/IR Clearing (Received Not Invoiced),0,7547.63,PO receipt PO-31096,INV,RCV-40091
JE-003382,2025-06-28,2025-06,1200,Inventory - Raw Materials,2639.8,0,PO receipt PO-31173,INV,RCV-40164
JE-003383,2025-06-28,2025-06,2050,GR/IR Clearing (Received Not Invoiced),0,2639.8,PO receipt PO-31173,INV,RCV-40164
JE-002609,2025-06-30,2025-06,2050,GR/IR Clearing (Received Not Invoiced),31974.47,0,Supplier inv 4063167,AP,4063167
JE-002610,2025-06-30,2025-06,2000,Accounts Payable,0,31974.47,Supplier inv 4063167,AP,4063167
JE-003554,2025-06-30,2025-06,6700,Office & Supplies,1541.24,0,Iron Mountain Inc.,AP,NIC-AP00003
JE-003555,2025-06-30,2025-06,2000,Accounts Payable,0,1541.24,Iron Mountain Inc.,AP,NIC-AP00003
JE-003594,2025-06-30,2025-06,6700,Office & Supplies,1189.1,0,Cintas Corporation,AP,NIC-AP00023
JE-003595,2025-06-30,2025-06,2000,Accounts Payable,0,1189.1,Cintas Corporation,AP,NIC-AP00023
JE-003632,2025-06-30,2025-06,5300,Freight In,65.34,0,UPS,AP,NIC-AP00042
JE-003633,2025-06-30,2025-06,2000,Accounts Payable,0,65.34,UPS,AP,NIC-AP00042
JE-003652,2025-06-30,2025-06,5300,Freight In,52.15,0,FedEx,AP,NIC-AP00052
JE-003653,2025-06-30,2025-06,2000,Accounts Payable,0,52.15,FedEx,AP,NIC-AP00052
JE-003666,2025-06-30,2025-06,6700,Office & Supplies,1963.63,0,Sunbelt Rentals,AP,NIC-AP00059
JE-003667,2025-06-30,2025-06,2000,Accounts Payable,0,1963.63,Sunbelt Rentals,AP,NIC-AP00059
JE-003686,2025-06-30,2025-06,6300,Rent,38500,0,Rockford Industrial Park LLC,AP,NIC-AP00069
JE-003687,2025-06-30,2025-06,2000,Accounts Payable,0,38500,Rockford Industrial Park LLC,AP,NIC-AP00069
JE-003710,2025-06-30,2025-06,6400,Software Subscriptions,15750.0,0,Epicor Kinetic,AP,SW-EPICOR
JE-003711,2025-06-30,2025-06,2000,Accounts Payable,0,15750.0,Epicor Kinetic,AP,SW-EPICOR
JE-003734,2025-06-30,2025-06,6400,Software Subscriptions,1079.17,0,SolidWorks Standard,AP,SW-SOLIDW
JE-003735,2025-06-30,2025-06,2000,Accounts Payable,0,1079.17,SolidWorks Standard,AP,SW-SOLIDW
JE-003758,2025-06-30,2025-06,6400,Software Subscriptions,1000.0,0,MasterControl,AP,SW-MASTER
JE-003759,2025-06-30,2025-06,2000,Accounts Payable,0,1000.0,MasterControl,AP,SW-MASTER
JE-003782,2025-06-30,2025-06,6400,Software Subscriptions,1775.0,0,Microsoft 365 Business Standard,AP,SW-MICROS
JE-003783,2025-06-30,2025-06,2000,Accounts Payable,0,1775.0,Microsoft 365 Business Standard,AP,SW-MICROS
JE-003806,2025-06-30,2025-06,6400,Software Subscriptions,4920.0,0,ADP Workforce Now,AP,SW-ADPWO
JE-003807,2025-06-30,2025-06,2000,Accounts Payable,0,4920.0,ADP Workforce Now,AP,SW-ADPWO
JE-003830,2025-06-30,2025-06,6400,Software Subscriptions,900.0,0,Salesforce Sales Cloud,AP,SW-SALESF
JE-003831,2025-06-30,2025-06,2000,Accounts Payable,0,900.0,Salesforce Sales Cloud,AP,SW-SALESF
JE-003854,2025-06-30,2025-06,6400,Software Subscriptions,700.0,0,Bill.com,AP,SW-BILL.C
JE-003855,2025-06-30,2025-06,2000,Accounts Payable,0,700.0,Bill.com,AP,SW-BILL.C
JE-003878,2025-06-30,2025-06,6400,Software Subscriptions,3150.0,0,Box Business,AP,SW-BOXBU
JE-003879,2025-06-30,2025-06,2000,Accounts Payable,0,3150.0,Box Business,AP,SW-BOXBU
JE-003902,2025-06-30,2025-06,6400,Software Subscriptions,1440.0,0,Zoom Workplace,AP,SW-ZOOMW
JE-003903,2025-06-30,2025-06,2000,Accounts Payable,0,1440.0,Zoom Workplace,AP,SW-ZOOMW
JE-003926,2025-06-30,2025-06,6400,Software Subscriptions,1020.0,0,RingCentral MVP,AP,SW-RINGCE
JE-003927,2025-06-30,2025-06,2000,Accounts Payable,0,1020.0,RingCentral MVP,AP,SW-RINGCE
JE-003950,2025-06-30,2025-06,6400,Software Subscriptions,355.0,0,KnowBe4,AP,SW-KNOWBE
JE-003951,2025-06-30,2025-06,2000,Accounts Payable,0,355.0,KnowBe4,AP,SW-KNOWBE
JE-003974,2025-06-30,2025-06,6000,Salaries & Wages,653946.15,0,Monthly payroll,PR,PR-202506
JE-003975,2025-06-30,2025-06,2300,Payroll Liabilities,0,653946.15,Monthly payroll,PR,PR-202506
JE-000197,2025-07-01,2025-07,1100,Accounts Receivable,22524.57,0,Invoice INV-60043,AR,INV-60043
JE-000198,2025-07-01,2025-07,4000,Product Sales - Manufactured,0,22524.57,Invoice INV-60043,AR,INV-60043
JE-000199,2025-07-01,2025-07,5000,COGS - Materials,16860.98,0,COGS,AR,INV-60043
JE-000200,2025-07-01,2025-07,1220,Inventory - Finished Goods,0,16860.98,Inventory relief,AR,INV-60043
JE-002975,2025-07-01,2025-07,2050,GR/IR Clearing (Received Not Invoiced),2400.0,0,Supplier inv SI2169966,AP,SI2169966
JE-002976,2025-07-01,2025-07,2000,Accounts Payable,0,2400.0,Supplier inv SI2169966,AP,SI2169966
JE-000147,2025-07-02,2025-07,1100,Accounts Receivable,25388.45,0,Invoice INV-60032,AR,INV-60032
JE-000148,2025-07-02,2025-07,4000,Product Sales - Manufactured,0,25388.45,Invoice INV-60032,AR,INV-60032
JE-000149,2025-07-02,2025-07,5000,COGS - Materials,19925.79,0,COGS,AR,INV-60032
JE-000150,2025-07-02,2025-07,1220,Inventory - Finished Goods,0,19925.79,Inventory relief,AR,INV-60032
JE-001828,2025-07-02,2025-07,1100,Accounts Receivable,10918.33,0,Invoice INV-60390,AR,INV-60390
JE-001829,2025-07-02,2025-07,4000,Product Sales - Manufactured,0,10676.76,Invoice INV-60390,AR,INV-60390
JE-001830,2025-07-02,2025-07,4100,Freight Revenue,0,241.57,Freight billed,AR,INV-60390
JE-001831,2025-07-02,2025-07,5000,COGS - Materials,7778.39,0,COGS,AR,INV-60390
JE-001832,2025-07-02,2025-07,1220,Inventory - Finished Goods,0,7778.39,Inventory relief,AR,INV-60390
JE-002575,2025-07-02,2025-07,2050,GR/IR Clearing (Received Not Invoiced),17521.88,0,Supplier inv 92321886,AP,92321886
JE-002576,2025-07-02,2025-07,2000,Accounts Payable,0,17521.88,Supplier inv 92321886,AP,92321886
JE-003112,2025-07-02,2025-07,1200,Inventory - Raw Materials,2273.05,0,PO receipt PO-31029,INV,RCV-40029
JE-003113,2025-07-02,2025-07,2050,GR/IR Clearing (Received Not Invoiced),0,2273.05,PO receipt PO-31029,INV,RCV-40029
JE-003138,2025-07-02,2025-07,1200,Inventory - Raw Materials,9480.2,0,PO receipt PO-31042,INV,RCV-40042
JE-003139,2025-07-02,2025-07,2050,GR/IR Clearing (Received Not Invoiced),0,9480.2,PO receipt PO-31042,INV,RCV-40042
JE-000428,2025-07-03,2025-07,1100,Accounts Receivable,13975.69,0,Invoice INV-60093,AR,INV-60093
JE-000429,2025-07-03,2025-07,4000,Product Sales - Manufactured,0,13741.82,Invoice INV-60093,AR,INV-60093
JE-000430,2025-07-03,2025-07,4100,Freight Revenue,0,233.87,Freight billed,AR,INV-60093
JE-000431,2025-07-03,2025-07,5000,COGS - Materials,11693.15,0,COGS,AR,INV-60093
JE-000432,2025-07-03,2025-07,1220,Inventory - Finished Goods,0,11693.15,Inventory relief,AR,INV-60093
JE-002309,2025-07-03,2025-07,1000,Operating Cash,10421.7,0,Customer payment,AR,NIC-CR00237
JE-002310,2025-07-03,2025-07,1100,Accounts Receivable,0,10421.7,Customer payment,AR,NIC-CR00237
JE-003424,2025-07-03,2025-07,1200,Inventory - Raw Materials,4989.35,0,PO receipt PO-31194,INV,RCV-40185
JE-003425,2025-07-03,2025-07,2050,GR/IR Clearing (Received Not Invoiced),0,4989.35,PO receipt PO-31194,INV,RCV-40185
JE-000005,2025-07-04,2025-07,1100,Accounts Receivable,4958.36,0,Invoice INV-60002,AR,INV-60002
JE-000006,2025-07-04,2025-07,4000,Product Sales - Manufactured,0,4623.18,Invoice INV-60002,AR,INV-60002
JE-000007,2025-07-04,2025-07,2100,Accrued Expenses,0,335.18,Sales tax payable,AR,INV-60002
JE-000008,2025-07-04,2025-07,5000,COGS - Materials,3862.3,0,COGS,AR,INV-60002
JE-000009,2025-07-04,2025-07,1220,Inventory - Finished Goods,0,3862.3,Inventory relief,AR,INV-60002
JE-000380,2025-07-04,2025-07,1100,Accounts Receivable,29850.45,0,Invoice INV-60083,AR,INV-60083
JE-000381,2025-07-04,2025-07,4000,Product Sales - Manufactured,0,27832.59,Invoice INV-60083,AR,INV-60083
JE-000382,2025-07-04,2025-07,2100,Accrued Expenses,0,2017.86,Sales tax payable,AR,INV-60083
JE-000383,2025-07-04,2025-07,5000,COGS - Materials,21860.26,0,COGS,AR,INV-60083
JE-000384,2025-07-04,2025-07,1220,Inventory - Finished Goods,0,21860.26,Inventory relief,AR,INV-60083
JE-000727,2025-07-04,2025-07,1100,Accounts Receivable,7315.09,0,Invoice INV-60156,AR,INV-60156
JE-000728,2025-07-04,2025-07,4000,Product Sales - Manufactured,0,7315.09,Invoice INV-60156,AR,INV-60156
JE-000729,2025-07-04,2025-07,5000,COGS - Materials,5207.73,0,COGS,AR,INV-60156
JE-000730,2025-07-04,2025-07,1220,Inventory - Finished Goods,0,5207.73,Inventory relief,AR,INV-60156
JE-000974,2025-07-04,2025-07,1100,Accounts Receivable,28430.01,0,Invoice INV-60210,AR,INV-60210
JE-000975,2025-07-04,2025-07,4000,Product Sales - Manufactured,0,27941.18,Invoice INV-60210,AR,INV-60210
JE-000976,2025-07-04,2025-07,4100,Freight Revenue,0,488.83,Freight billed,AR,INV-60210
JE-000977,2025-07-04,2025-07,5000,COGS - Materials,22695.09,0,COGS,AR,INV-60210
JE-000978,2025-07-04,2025-07,1220,Inventory - Finished Goods,0,22695.09,Inventory relief,AR,INV-60210
JE-001903,2025-07-04,2025-07,1000,Operating Cash,623.49,0,Customer payment,AR,NIC-CR00034
JE-001904,2025-07-04,2025-07,1100,Accounts Receivable,0,623.49,Customer payment,AR,NIC-CR00034
JE-002475,2025-07-04,2025-07,1000,Operating Cash,1187.69,0,Customer payment,AR,NIC-CR00320
JE-002476,2025-07-04,2025-07,1100,Accounts Receivable,0,1187.69,Customer payment,AR,NIC-CR00320
JE-002708,2025-07-04,2025-07,2050,GR/IR Clearing (Received Not Invoiced),7547.63,0,Supplier inv SI2316064,AP,SI2316064
JE-002709,2025-07-04,2025-07,2000,Accounts Payable,0,7547.63,Supplier inv SI2316064,AP,SI2316064
JE-001050,2025-07-05,2025-07,1100,Accounts Receivable,2187.56,0,Invoice INV-60226,AR,INV-60226
JE-001051,2025-07-05,2025-07,4000,Product Sales - Manufactured,0,2039.68,Invoice INV-60226,AR,INV-60226
JE-001052,2025-07-05,2025-07,2100,Accrued Expenses,0,147.88,Sales tax payable,AR,INV-60226
JE-001053,2025-07-05,2025-07,5000,COGS - Materials,1596.0,0,COGS,AR,INV-60226
JE-001054,2025-07-05,2025-07,1220,Inventory - Finished Goods,0,1596.0,Inventory relief,AR,INV-60226
JE-001608,2025-07-05,2025-07,1100,Accounts Receivable,5672.47,0,Invoice INV-60344,AR,INV-60344
JE-001609,2025-07-05,2025-07,4000,Product Sales - Manufactured,0,5289.02,Invoice INV-60344,AR,INV-60344
JE-001610,2025-07-05,2025-07,2100,Accrued Expenses,0,383.45,Sales tax payable,AR,INV-60344
JE-001611,2025-07-05,2025-07,5000,COGS - Materials,4117.05,0,COGS,AR,INV-60344
JE-001612,2025-07-05,2025-07,1220,Inventory - Finished Goods,0,4117.05,Inventory relief,AR,INV-60344
JE-002868,2025-07-05,2025-07,2050,GR/IR Clearing (Received Not Invoiced),2639.8,0,Supplier inv SI9163921,AP,SI9163921
JE-002869,2025-07-05,2025-07,5300,Freight In,47.2,0,Freight in,AP,SI9163921
JE-002870,2025-07-05,2025-07,2000,Accounts Payable,0,2687.0,Supplier inv SI9163921,AP,SI9163921
JE-002594,2025-07-06,2025-07,2050,GR/IR Clearing (Received Not Invoiced),9640.2,0,Supplier inv SI7461425,AP,SI7461425
JE-002595,2025-07-06,2025-07,2000,Accounts Payable,0,9640.2,Supplier inv SI7461425,AP,SI7461425
JE-001272,2025-07-07,2025-07,1100,Accounts Receivable,6257.85,0,Invoice INV-60272,AR,INV-60272
JE-001273,2025-07-07,2025-07,4000,Product Sales - Manufactured,0,5447.05,Invoice INV-60272,AR,INV-60272
JE-001274,2025-07-07,2025-07,4100,Freight Revenue,0,415.89,Freight billed,AR,INV-60272
JE-001275,2025-07-07,2025-07,2100,Accrued Expenses,0,394.91,Sales tax payable,AR,INV-60272
JE-001276,2025-07-07,2025-07,5000,COGS - Materials,3693.09,0,COGS,AR,INV-60272
JE-001277,2025-07-07,2025-07,1220,Inventory - Finished Goods,0,3693.09,Inventory relief,AR,INV-60272
JE-001897,2025-07-07,2025-07,1000,Operating Cash,3826.97,0,Customer payment,AR,NIC-CR00031
JE-001898,2025-07-07,2025-07,1100,Accounts Receivable,0,3826.97,Customer payment,AR,NIC-CR00031
JE-002918,2025-07-07,2025-07,2050,GR/IR Clearing (Received Not Invoiced),4989.35,0,Supplier inv 2572925,AP,2572925
JE-002919,2025-07-07,2025-07,5300,Freight In,29.2,0,Freight in,AP,2572925
JE-002920,2025-07-07,2025-07,2000,Accounts Payable,0,5018.55,Supplier inv 2572925,AP,2572925
JE-003192,2025-07-07,2025-07,1200,Inventory - Raw Materials,9419.2,0,PO receipt PO-31071,INV,RCV-40069
JE-003193,2025-07-07,2025-07,2050,GR/IR Clearing (Received Not Invoiced),0,9419.2,PO receipt PO-31071,INV,RCV-40069
JE-001955,2025-07-08,2025-07,1000,Operating Cash,15261.79,0,Customer payment,AR,NIC-CR00060
JE-001956,2025-07-08,2025-07,1100,Accounts Receivable,0,15261.79,Customer payment,AR,NIC-CR00060
JE-002323,2025-07-08,2025-07,1000,Operating Cash,725.03,0,Customer payment,AR,NIC-CR00244
JE-002324,2025-07-08,2025-07,1100,Accounts Receivable,0,725.03,Customer payment,AR,NIC-CR00244
JE-003070,2025-07-08,2025-07,1200,Inventory - Raw Materials,11942.0,0,PO receipt PO-31008,INV,RCV-40008
JE-003071,2025-07-08,2025-07,2050,GR/IR Clearing (Received Not Invoiced),0,11942.0,PO receipt PO-31008,INV,RCV-40008
JE-001055,2025-07-09,2025-07,1100,Accounts Receivable,20481.73,0,Invoice INV-60227,AR,INV-60227
JE-001056,2025-07-09,2025-07,4000,Product Sales - Manufactured,0,20481.73,Invoice INV-60227,AR,INV-60227
JE-001057,2025-07-09,2025-07,5000,COGS - Materials,14823.22,0,COGS,AR,INV-60227
JE-001058,2025-07-09,2025-07,1220,Inventory - Finished Goods,0,14823.22,Inventory relief,AR,INV-60227
JE-001330,2025-07-09,2025-07,1100,Accounts Receivable,7085.08,0,Invoice INV-60284,AR,INV-60284
JE-001331,2025-07-09,2025-07,4000,Product Sales - Manufactured,0,7085.08,Invoice INV-60284,AR,INV-60284
JE-001332,2025-07-09,2025-07,5000,COGS - Materials,5752.38,0,COGS,AR,INV-60284
JE-001333,2025-07-09,2025-07,1220,Inventory - Finished Goods,0,5752.38,Inventory relief,AR,INV-60284
JE-001372,2025-07-09,2025-07,1100,Accounts Receivable,10605.02,0,Invoice INV-60293,AR,INV-60293
JE-001373,2025-07-09,2025-07,4000,Product Sales - Manufactured,0,10301.25,Invoice INV-60293,AR,INV-60293
JE-001374,2025-07-09,2025-07,4100,Freight Revenue,0,303.77,Freight billed,AR,INV-60293
JE-001375,2025-07-09,2025-07,5000,COGS - Materials,6629.22,0,COGS,AR,INV-60293
JE-001376,2025-07-09,2025-07,1220,Inventory - Finished Goods,0,6629.22,Inventory relief,AR,INV-60293
JE-002387,2025-07-09,2025-07,1000,Operating Cash,16214.62,0,Customer payment,AR,NIC-CR00276
JE-002388,2025-07-09,2025-07,1100,Accounts Receivable,0,16214.62,Customer payment,AR,NIC-CR00276
JE-002515,2025-07-09,2025-07,2050,GR/IR Clearing (Received Not Invoiced),11942.0,0,Supplier inv INV6292630,AP,INV6292630
JE-002516,2025-07-09,2025-07,5300,Freight In,137.75,0,Freight in,AP,INV6292630
JE-002517,2025-07-09,2025-07,2000,Accounts Payable,0,12079.75,Supplier inv INV6292630,AP,INV6292630
JE-002565,2025-07-09,2025-07,2050,GR/IR Clearing (Received Not Invoiced),2273.05,0,Supplier inv 156484,AP,156484
JE-002566,2025-07-09,2025-07,2000,Accounts Payable,0,2273.05,Supplier inv 156484,AP,156484
JE-002267,2025-07-10,2025-07,1000,Operating Cash,2246.78,0,Customer payment,AR,NIC-CR00216
JE-002268,2025-07-10,2025-07,1100,Accounts Receivable,0,2246.78,Customer payment,AR,NIC-CR00216
JE-002271,2025-07-10,2025-07,1000,Operating Cash,241.68,0,Customer payment,AR,NIC-CR00218
JE-002272,2025-07-10,2025-07,1100,Accounts Receivable,0,241.68,Customer payment,AR,NIC-CR00218
JE-002335,2025-07-10,2025-07,1000,Operating Cash,29828.55,0,Customer payment,AR,NIC-CR00250
JE-002336,2025-07-10,2025-07,1100,Accounts Receivable,0,29828.55,Customer payment,AR,NIC-CR00250
JE-002373,2025-07-10,2025-07,1000,Operating Cash,9922.35,0,Customer payment,AR,NIC-CR00269
JE-002374,2025-07-10,2025-07,1100,Accounts Receivable,0,9922.35,Customer payment,AR,NIC-CR00269
JE-002381,2025-07-10,2025-07,1000,Operating Cash,10635.26,0,Customer payment,AR,NIC-CR00273
JE-002382,2025-07-10,2025-07,1100,Accounts Receivable,0,10635.26,Customer payment,AR,NIC-CR00273
JE-003318,2025-07-10,2025-07,1200,Inventory - Raw Materials,2722.94,0,PO receipt PO-31140,INV,RCV-40132
JE-003319,2025-07-10,2025-07,2050,GR/IR Clearing (Received Not Invoiced),0,2722.94,PO receipt PO-31140,INV,RCV-40132
JE-003098,2025-07-11,2025-07,1200,Inventory - Raw Materials,2710.0,0,PO receipt PO-31022,INV,RCV-40022
JE-003099,2025-07-11,2025-07,2050,GR/IR Clearing (Received Not Invoiced),0,2710.0,PO receipt PO-31022,INV,RCV-40022
JE-002658,2025-07-12,2025-07,2050,GR/IR Clearing (Received Not Invoiced),9373.18,0,Supplier inv INV739993,AP,INV739993
JE-002659,2025-07-12,2025-07,5300,Freight In,113.21,0,Freight in,AP,INV739993
JE-002660,2025-07-12,2025-07,2000,Accounts Payable,0,9486.39,Supplier inv INV739993,AP,INV739993
JE-003508,2025-07-12,2025-07,1200,Inventory - Raw Materials,21700.69,0,PO receipt PO-31239,INV,RCV-40227
JE-003509,2025-07-12,2025-07,2050,GR/IR Clearing (Received Not Invoiced),0,21700.69,PO receipt PO-31239,INV,RCV-40227
JE-000081,2025-07-13,2025-07,1100,Accounts Receivable,4698.17,0,Invoice INV-60018,AR,INV-60018
JE-000082,2025-07-13,2025-07,4000,Product Sales - Manufactured,0,4698.17,Invoice INV-60018,AR,INV-60018
JE-000083,2025-07-13,2025-07,5000,COGS - Materials,2979.18,0,COGS,AR,INV-60018
JE-000084,2025-07-13,2025-07,1220,Inventory - Finished Goods,0,2979.18,Inventory relief,AR,INV-60018
JE-000478,2025-07-13,2025-07,1100,Accounts Receivable,7034.43,0,Invoice INV-60103,AR,INV-60103
JE-000479,2025-07-13,2025-07,4000,Product Sales - Manufactured,0,7034.43,Invoice INV-60103,AR,INV-60103
JE-000480,2025-07-13,2025-07,5000,COGS - Materials,5788.52,0,COGS,AR,INV-60103
JE-000481,2025-07-13,2025-07,1220,Inventory - Finished Goods,0,5788.52,Inventory relief,AR,INV-60103
JE-003502,2025-07-14,2025-07,1200,Inventory - Raw Materials,246.0,0,PO receipt PO-31236,INV,RCV-40224
JE-003503,2025-07-14,2025-07,2050,GR/IR Clearing (Received Not Invoiced),0,246.0,PO receipt PO-31236,INV,RCV-40224
JE-000896,2025-07-15,2025-07,1100,Accounts Receivable,3228.52,0,Invoice INV-60193,AR,INV-60193
JE-000897,2025-07-15,2025-07,4000,Product Sales - Manufactured,0,3228.52,Invoice INV-60193,AR,INV-60193
JE-000898,2025-07-15,2025-07,5000,COGS - Materials,2421.76,0,COGS,AR,INV-60193
JE-000899,2025-07-15,2025-07,1220,Inventory - Finished Goods,0,2421.76,Inventory relief,AR,INV-60193
JE-001386,2025-07-15,2025-07,1100,Accounts Receivable,29056.75,0,Invoice INV-60296,AR,INV-60296
JE-001387,2025-07-15,2025-07,4000,Product Sales - Manufactured,0,26805.02,Invoice INV-60296,AR,INV-60296
JE-001388,2025-07-15,2025-07,4100,Freight Revenue,0,308.37,Freight billed,AR,INV-60296
JE-001389,2025-07-15,2025-07,2100,Accrued Expenses,0,1943.36,Sales tax payable,AR,INV-60296
JE-001390,2025-07-15,2025-07,5000,COGS - Materials,17824.41,0,COGS,AR,INV-60296
JE-001391,2025-07-15,2025-07,1220,Inventory - Finished Goods,0,17824.41,Inventory relief,AR,INV-60296
JE-001737,2025-07-15,2025-07,1100,Accounts Receivable,33118.45,0,Invoice INV-60371,AR,INV-60371
JE-001738,2025-07-15,2025-07,4000,Product Sales - Manufactured,0,30485.3,Invoice INV-60371,AR,INV-60371
JE-001739,2025-07-15,2025-07,4100,Freight Revenue,0,422.97,Freight billed,AR,INV-60371
JE-001740,2025-07-15,2025-07,2100,Accrued Expenses,0,2210.18,Sales tax payable,AR,INV-60371
JE-001741,2025-07-15,2025-07,5000,COGS - Materials,19103.1,0,COGS,AR,INV-60371
JE-001742,2025-07-15,2025-07,1220,Inventory - Finished Goods,0,19103.1,Inventory relief,AR,INV-60371
JE-001861,2025-07-15,2025-07,1000,Operating Cash,3177.41,0,Customer payment,AR,NIC-CR00013
JE-001862,2025-07-15,2025-07,1100,Accounts Receivable,0,3177.41,Customer payment,AR,NIC-CR00013
JE-002089,2025-07-15,2025-07,1000,Operating Cash,3700.75,0,Customer payment,AR,NIC-CR00127
JE-002090,2025-07-15,2025-07,1100,Accounts Receivable,0,3700.75,Customer payment,AR,NIC-CR00127
JE-003003,2025-07-15,2025-07,2050,GR/IR Clearing (Received Not Invoiced),246.0,0,Supplier inv INV1216867,AP,INV1216867
JE-003004,2025-07-15,2025-07,2000,Accounts Payable,0,246.0,Supplier inv INV1216867,AP,INV1216867
JE-001016,2025-07-16,2025-07,1100,Accounts Receivable,20133.86,0,Invoice INV-60219,AR,INV-60219
JE-001017,2025-07-16,2025-07,4000,Product Sales - Manufactured,0,20133.86,Invoice INV-60219,AR,INV-60219
JE-001018,2025-07-16,2025-07,5000,COGS - Materials,15594.75,0,COGS,AR,INV-60219
JE-001019,2025-07-16,2025-07,1220,Inventory - Finished Goods,0,15594.75,Inventory relief,AR,INV-60219
JE-001292,2025-07-17,2025-07,1100,Accounts Receivable,6398.84,0,Invoice INV-60276,AR,INV-60276
JE-001293,2025-07-17,2025-07,4000,Product Sales - Manufactured,0,6398.84,Invoice INV-60276,AR,INV-60276
JE-001294,2025-07-17,2025-07,5000,COGS - Materials,4698.12,0,COGS,AR,INV-60276
JE-001295,2025-07-17,2025-07,1220,Inventory - Finished Goods,0,4698.12,Inventory relief,AR,INV-60276
JE-001617,2025-07-17,2025-07,1100,Accounts Receivable,12310.91,0,Invoice INV-60346,AR,INV-60346
JE-001618,2025-07-17,2025-07,4000,Product Sales - Manufactured,0,12310.91,Invoice INV-60346,AR,INV-60346
JE-001619,2025-07-17,2025-07,5000,COGS - Materials,9722.31,0,COGS,AR,INV-60346
JE-001620,2025-07-17,2025-07,1220,Inventory - Finished Goods,0,9722.31,Inventory relief,AR,INV-60346
JE-002797,2025-07-17,2025-07,2050,GR/IR Clearing (Received Not Invoiced),2722.94,0,Supplier inv 9832979,AP,9832979
JE-002798,2025-07-17,2025-07,2000,Accounts Payable,0,2722.94,Supplier inv 9832979,AP,9832979
JE-003009,2025-07-17,2025-07,2050,GR/IR Clearing (Received Not Invoiced),21738.12,0,Supplier inv INV6930678,AP,INV6930678
JE-003010,2025-07-17,2025-07,2000,Accounts Payable,0,21738.12,Supplier inv INV6930678,AP,INV6930678
JE-002087,2025-07-18,2025-07,1000,Operating Cash,7884.58,0,Customer payment,AR,NIC-CR00126
JE-002088,2025-07-18,2025-07,1100,Accounts Receivable,0,7884.58,Customer payment,AR,NIC-CR00126
JE-002547,2025-07-18,2025-07,2050,GR/IR Clearing (Received Not Invoiced),2710.0,0,Supplier inv INV858820,AP,INV858820
JE-002548,2025-07-18,2025-07,2000,Accounts Payable,0,2710.0,Supplier inv INV858820,AP,INV858820
JE-001981,2025-07-19,2025-07,1000,Operating Cash,8633.95,0,Customer payment,AR,NIC-CR00073
JE-001982,2025-07-19,2025-07,1100,Accounts Receivable,0,8633.95,Customer payment,AR,NIC-CR00073
JE-001935,2025-07-20,2025-07,1000,Operating Cash,22017.3,0,Customer payment,AR,NIC-CR00050
JE-001936,2025-07-20,2025-07,1100,Accounts Receivable,0,22017.3,Customer payment,AR,NIC-CR00050
JE-003324,2025-07-20,2025-07,1200,Inventory - Raw Materials,3829.35,0,PO receipt PO-31143,INV,RCV-40135
JE-003325,2025-07-20,2025-07,2050,GR/IR Clearing (Received Not Invoiced),0,3829.35,PO receipt PO-31143,INV,RCV-40135
JE-001979,2025-07-21,2025-07,1000,Operating Cash,6388.9,0,Customer payment,AR,NIC-CR00072
JE-001980,2025-07-21,2025-07,1100,Accounts Receivable,0,6388.9,Customer payment,AR,NIC-CR00072
JE-000048,2025-07-23,2025-07,1100,Accounts Receivable,10714.9,0,Invoice INV-60011,AR,INV-60011
JE-000049,2025-07-23,2025-07,4000,Product Sales - Manufactured,0,9715.13,Invoice INV-60011,AR,INV-60011
JE-000050,2025-07-23,2025-07,4100,Freight Revenue,0,295.42,Freight billed,AR,INV-60011
JE-000051,2025-07-23,2025-07,2100,Accrued Expenses,0,704.35,Sales tax payable,AR,INV-60011
JE-000052,2025-07-23,2025-07,5000,COGS - Materials,8570.77,0,COGS,AR,INV-60011
JE-000053,2025-07-23,2025-07,1220,Inventory - Finished Goods,0,8570.77,Inventory relief,AR,INV-60011
JE-002169,2025-07-23,2025-07,1000,Operating Cash,3161.4,0,Customer payment,AR,NIC-CR00167
JE-002170,2025-07-23,2025-07,1100,Accounts Receivable,0,3161.4,Customer payment,AR,NIC-CR00167
JE-002291,2025-07-23,2025-07,1000,Operating Cash,6870.37,0,Customer payment,AR,NIC-CR00228
JE-002292,2025-07-23,2025-07,1100,Accounts Receivable,0,6870.37,Customer payment,AR,NIC-CR00228
JE-002357,2025-07-23,2025-07,1000,Operating Cash,18044.48,0,Customer payment,AR,NIC-CR00261
JE-002358,2025-07-23,2025-07,1100,Accounts Receivable,0,18044.48,Customer payment,AR,NIC-CR00261
JE-002803,2025-07-23,2025-07,2050,GR/IR Clearing (Received Not Invoiced),3829.35,0,Supplier inv INV2867870,AP,INV2867870
JE-002804,2025-07-23,2025-07,5300,Freight In,147.18,0,Freight in,AP,INV2867870
JE-002805,2025-07-23,2025-07,2000,Accounts Payable,0,3976.53,Supplier inv INV2867870,AP,INV2867870
JE-003056,2025-07-23,2025-07,1200,Inventory - Raw Materials,5200.2,0,PO receipt PO-31001,INV,RCV-40001
JE-003057,2025-07-23,2025-07,2050,GR/IR Clearing (Received Not Invoiced),0,5200.2,PO receipt PO-31001,INV,RCV-40001
JE-003224,2025-07-23,2025-07,1200,Inventory - Raw Materials,3319.31,0,PO receipt PO-31090,INV,RCV-40085
JE-003225,2025-07-23,2025-07,2050,GR/IR Clearing (Received Not Invoiced),0,3319.31,PO receipt PO-31090,INV,RCV-40085
JE-000952,2025-07-24,2025-07,1100,Accounts Receivable,7426.66,0,Invoice INV-60206,AR,INV-60206
JE-000953,2025-07-24,2025-07,4000,Product Sales - Manufactured,0,6681.65,Invoice INV-60206,AR,INV-60206
JE-000954,2025-07-24,2025-07,4100,Freight Revenue,0,260.59,Freight billed,AR,INV-60206
JE-000955,2025-07-24,2025-07,2100,Accrued Expenses,0,484.42,Sales tax payable,AR,INV-60206
JE-000956,2025-07-24,2025-07,5000,COGS - Materials,3953.95,0,COGS,AR,INV-60206
JE-000957,2025-07-24,2025-07,1220,Inventory - Finished Goods,0,3953.95,Inventory relief,AR,INV-60206
JE-002389,2025-07-24,2025-07,1000,Operating Cash,5532.05,0,Customer payment,AR,NIC-CR00277
JE-002390,2025-07-24,2025-07,1100,Accounts Receivable,0,5532.05,Customer payment,AR,NIC-CR00277
JE-000254,2025-07-25,2025-07,1100,Accounts Receivable,8000.66,0,Invoice INV-60055,AR,INV-60055
JE-000255,2025-07-25,2025-07,4000,Product Sales - Manufactured,0,8000.66,Invoice INV-60055,AR,INV-60055
JE-000256,2025-07-25,2025-07,5000,COGS - Materials,5400.94,0,COGS,AR,INV-60055
JE-000257,2025-07-25,2025-07,1220,Inventory - Finished Goods,0,5400.94,Inventory relief,AR,INV-60055
JE-002694,2025-07-25,2025-07,2050,GR/IR Clearing (Received Not Invoiced),3319.31,0,Supplier inv INV8101322,AP,INV8101322
JE-002695,2025-07-25,2025-07,2000,Accounts Payable,0,3319.31,Supplier inv INV8101322,AP,INV8101322
JE-000711,2025-07-26,2025-07,1100,Accounts Receivable,12231.47,0,Invoice INV-60152,AR,INV-60152
JE-000712,2025-07-26,2025-07,4000,Product Sales - Manufactured,0,12231.47,Invoice INV-60152,AR,INV-60152
JE-000713,2025-07-26,2025-07,5000,COGS - Materials,6789.25,0,COGS,AR,INV-60152
JE-000714,2025-07-26,2025-07,1220,Inventory - Finished Goods,0,6789.25,Inventory relief,AR,INV-60152
JE-000984,2025-07-26,2025-07,1100,Accounts Receivable,975.13,0,Invoice INV-60212,AR,INV-60212
JE-000985,2025-07-26,2025-07,4000,Product Sales - Manufactured,0,975.13,Invoice INV-60212,AR,INV-60212
JE-000986,2025-07-26,2025-07,5000,COGS - Materials,607.86,0,COGS,AR,INV-60212
JE-000987,2025-07-26,2025-07,1220,Inventory - Finished Goods,0,607.86,Inventory relief,AR,INV-60212
JE-002663,2025-07-26,2025-07,2050,GR/IR Clearing (Received Not Invoiced),12387.9,0,Supplier inv SI9285576,AP,SI9285576
JE-002664,2025-07-26,2025-07,5300,Freight In,43.17,0,Freight in,AP,SI9285576
JE-002665,2025-07-26,2025-07,2000,Accounts Payable,0,12431.07,Supplier inv SI9285576,AP,SI9285576
JE-003196,2025-07-26,2025-07,1200,Inventory - Raw Materials,12687.6,0,PO receipt PO-31073,INV,RCV-40071
JE-003197,2025-07-26,2025-07,2050,GR/IR Clearing (Received Not Invoiced),0,12687.6,PO receipt PO-31073,INV,RCV-40071
JE-001977,2025-07-27,2025-07,1000,Operating Cash,29850.45,0,Customer payment,AR,NIC-CR00071
JE-001978,2025-07-27,2025-07,1100,Accounts Receivable,0,29850.45,Customer payment,AR,NIC-CR00071
JE-002061,2025-07-27,2025-07,1000,Operating Cash,7809.12,0,Customer payment,AR,NIC-CR00113
JE-002062,2025-07-27,2025-07,1100,Accounts Receivable,0,7809.12,Customer payment,AR,NIC-CR00113
JE-002379,2025-07-27,2025-07,1000,Operating Cash,9015.87,0,Customer payment,AR,NIC-CR00272
JE-002380,2025-07-27,2025-07,1100,Accounts Receivable,0,9015.87,Customer payment,AR,NIC-CR00272
JE-000279,2025-07-28,2025-07,1100,Accounts Receivable,2736.16,0,Invoice INV-60061,AR,INV-60061
JE-000280,2025-07-28,2025-07,4000,Product Sales - Manufactured,0,2551.2,Invoice INV-60061,AR,INV-60061
JE-000281,2025-07-28,2025-07,2100,Accrued Expenses,0,184.96,Sales tax payable,AR,INV-60061
JE-000282,2025-07-28,2025-07,5000,COGS - Materials,1409.5,0,COGS,AR,INV-60061
JE-000283,2025-07-28,2025-07,1220,Inventory - Finished Goods,0,1409.5,Inventory relief,AR,INV-60061
JE-000778,2025-07-28,2025-07,1100,Accounts Receivable,28137.77,0,Invoice INV-60167,AR,INV-60167
JE-000779,2025-07-28,2025-07,4000,Product Sales - Manufactured,0,28137.77,Invoice INV-60167,AR,INV-60167
JE-000780,2025-07-28,2025-07,5000,COGS - Materials,18521.16,0,COGS,AR,INV-60167
JE-000781,2025-07-28,2025-07,1220,Inventory - Finished Goods,0,18521.16,Inventory relief,AR,INV-60167
JE-001363,2025-07-28,2025-07,1100,Accounts Receivable,28942.66,0,Invoice INV-60291,AR,INV-60291
JE-001364,2025-07-28,2025-07,4000,Product Sales - Manufactured,0,28942.66,Invoice INV-60291,AR,INV-60291
JE-001365,2025-07-28,2025-07,5000,COGS - Materials,19240.86,0,COGS,AR,INV-60291
JE-001366,2025-07-28,2025-07,1220,Inventory - Finished Goods,0,19240.86,Inventory relief,AR,INV-60291
JE-001845,2025-07-28,2025-07,1000,Operating Cash,1334.83,0,Customer payment,AR,NIC-CR00005
JE-001846,2025-07-28,2025-07,1100,Accounts Receivable,0,1334.83,Customer payment,AR,NIC-CR00005
JE-002499,2025-07-28,2025-07,2050,GR/IR Clearing (Received Not Invoiced),5200.2,0,Supplier inv 98988635,AP,98988635
JE-002500,2025-07-28,2025-07,2000,Accounts Payable,0,5200.2,Supplier inv 98988635,AP,98988635
JE-001915,2025-07-29,2025-07,1000,Operating Cash,1418.22,0,Customer payment,AR,NIC-CR00040
JE-001916,2025-07-29,2025-07,1100,Accounts Receivable,0,1418.22,Customer payment,AR,NIC-CR00040
JE-003202,2025-07-29,2025-07,1200,Inventory - Raw Materials,4170.23,0,PO receipt PO-31077,INV,RCV-40074
JE-003203,2025-07-29,2025-07,2050,GR/IR Clearing (Received Not Invoiced),0,4170.23,PO receipt PO-31077,INV,RCV-40074
JE-003260,2025-07-29,2025-07,1200,Inventory - Raw Materials,170.0,0,PO receipt PO-31110,INV,RCV-40103
JE-003261,2025-07-29,2025-07,2050,GR/IR Clearing (Received Not Invoiced),0,170.0,PO receipt PO-31110,INV,RCV-40103
JE-003354,2025-07-29,2025-07,1200,Inventory - Raw Materials,866.5,0,PO receipt PO-31159,INV,RCV-40150
JE-003355,2025-07-29,2025-07,2050,GR/IR Clearing (Received Not Invoiced),0,866.5,PO receipt PO-31159,INV,RCV-40150
JE-002433,2025-07-30,2025-07,1000,Operating Cash,9263.47,0,Customer payment,AR,NIC-CR00299
JE-002434,2025-07-30,2025-07,1100,Accounts Receivable,0,9263.47,Customer payment,AR,NIC-CR00299
JE-002734,2025-07-30,2025-07,2050,GR/IR Clearing (Received Not Invoiced),170.0,0,Supplier inv INV2020069,AP,INV2020069
JE-002735,2025-07-30,2025-07,2000,Accounts Payable,0,170.0,Supplier inv INV2020069,AP,INV2020069
JE-000085,2025-07-31,2025-07,1100,Accounts Receivable,511.67,0,Invoice INV-60019,AR,INV-60019
JE-000086,2025-07-31,2025-07,4000,Product Sales - Manufactured,0,477.08,Invoice INV-60019,AR,INV-60019
JE-000087,2025-07-31,2025-07,2100,Accrued Expenses,0,34.59,Sales tax payable,AR,INV-60019
JE-000088,2025-07-31,2025-07,5000,COGS - Materials,351.04,0,COGS,AR,INV-60019
JE-000089,2025-07-31,2025-07,1220,Inventory - Finished Goods,0,351.04,Inventory relief,AR,INV-60019
JE-000101,2025-07-31,2025-07,1100,Accounts Receivable,7151.82,0,Invoice INV-60022,AR,INV-60022
JE-000102,2025-07-31,2025-07,4000,Product Sales - Manufactured,0,6671.07,Invoice INV-60022,AR,INV-60022
JE-000103,2025-07-31,2025-07,4100,Freight Revenue,0,480.75,Freight billed,AR,INV-60022
JE-000104,2025-07-31,2025-07,5000,COGS - Materials,4501.4,0,COGS,AR,INV-60022
JE-000105,2025-07-31,2025-07,1220,Inventory - Finished Goods,0,4501.4,Inventory relief,AR,INV-60022
JE-000578,2025-07-31,2025-07,1100,Accounts Receivable,2917.22,0,Invoice INV-60124,AR,INV-60124
JE-000579,2025-07-31,2025-07,4000,Product Sales - Manufactured,0,2917.22,Invoice INV-60124,AR,INV-60124
JE-000580,2025-07-31,2025-07,5000,COGS - Materials,2085.38,0,COGS,AR,INV-60124
JE-000581,2025-07-31,2025-07,1220,Inventory - Finished Goods,0,2085.38,Inventory relief,AR,INV-60124
JE-000904,2025-07-31,2025-07,1100,Accounts Receivable,530.02,0,Invoice INV-60195,AR,INV-60195
JE-000905,2025-07-31,2025-07,4000,Product Sales - Manufactured,0,530.02,Invoice INV-60195,AR,INV-60195
JE-000906,2025-07-31,2025-07,5000,COGS - Materials,316.62,0,COGS,AR,INV-60195
JE-000907,2025-07-31,2025-07,1220,Inventory - Finished Goods,0,316.62,Inventory relief,AR,INV-60195
JE-001865,2025-07-31,2025-07,1000,Operating Cash,5271.51,0,Customer payment,AR,NIC-CR00015
JE-001866,2025-07-31,2025-07,1100,Accounts Receivable,0,5271.51,Customer payment,AR,NIC-CR00015
JE-001959,2025-07-31,2025-07,1000,Operating Cash,5637.69,0,Customer payment,AR,NIC-CR00062
JE-001960,2025-07-31,2025-07,1100,Accounts Receivable,0,5637.69,Customer payment,AR,NIC-CR00062
JE-002670,2025-07-31,2025-07,2050,GR/IR Clearing (Received Not Invoiced),4381.81,0,Supplier inv SI5183212,AP,SI5183212
JE-002671,2025-07-31,2025-07,2000,Accounts Payable,0,4381.81,Supplier inv SI5183212,AP,SI5183212
JE-003556,2025-07-31,2025-07,6700,Office & Supplies,2791.56,0,Iron Mountain Inc.,AP,NIC-AP00004
JE-003557,2025-07-31,2025-07,2000,Accounts Payable,0,2791.56,Iron Mountain Inc.,AP,NIC-AP00004
JE-003596,2025-07-31,2025-07,6700,Office & Supplies,2893.24,0,Cintas Corporation,AP,NIC-AP00024
JE-003597,2025-07-31,2025-07,2000,Accounts Payable,0,2893.24,Cintas Corporation,AP,NIC-AP00024
JE-003688,2025-07-31,2025-07,6300,Rent,38500,0,Rockford Industrial Park LLC,AP,NIC-AP00070
JE-003689,2025-07-31,2025-07,2000,Accounts Payable,0,38500,Rockford Industrial Park LLC,AP,NIC-AP00070
JE-003712,2025-07-31,2025-07,6400,Software Subscriptions,15750.0,0,Epicor Kinetic,AP,SW-EPICOR
JE-003713,2025-07-31,2025-07,2000,Accounts Payable,0,15750.0,Epicor Kinetic,AP,SW-EPICOR
JE-003736,2025-07-31,2025-07,6400,Software Subscriptions,1079.17,0,SolidWorks Standard,AP,SW-SOLIDW
JE-003737,2025-07-31,2025-07,2000,Accounts Payable,0,1079.17,SolidWorks Standard,AP,SW-SOLIDW
JE-003760,2025-07-31,2025-07,6400,Software Subscriptions,1000.0,0,MasterControl,AP,SW-MASTER
JE-003761,2025-07-31,2025-07,2000,Accounts Payable,0,1000.0,MasterControl,AP,SW-MASTER
JE-003784,2025-07-31,2025-07,6400,Software Subscriptions,1775.0,0,Microsoft 365 Business Standard,AP,SW-MICROS
JE-003785,2025-07-31,2025-07,2000,Accounts Payable,0,1775.0,Microsoft 365 Business Standard,AP,SW-MICROS
JE-003808,2025-07-31,2025-07,6400,Software Subscriptions,4920.0,0,ADP Workforce Now,AP,SW-ADPWO
JE-003809,2025-07-31,2025-07,2000,Accounts Payable,0,4920.0,ADP Workforce Now,AP,SW-ADPWO
JE-003832,2025-07-31,2025-07,6400,Software Subscriptions,900.0,0,Salesforce Sales Cloud,AP,SW-SALESF
JE-003833,2025-07-31,2025-07,2000,Accounts Payable,0,900.0,Salesforce Sales Cloud,AP,SW-SALESF
JE-003856,2025-07-31,2025-07,6400,Software Subscriptions,700.0,0,Bill.com,AP,SW-BILL.C
JE-003857,2025-07-31,2025-07,2000,Accounts Payable,0,700.0,Bill.com,AP,SW-BILL.C
JE-003880,2025-07-31,2025-07,6400,Software Subscriptions,3150.0,0,Box Business,AP,SW-BOXBU
JE-003881,2025-07-31,2025-07,2000,Accounts Payable,0,3150.0,Box Business,AP,SW-BOXBU
JE-003904,2025-07-31,2025-07,6400,Software Subscriptions,1440.0,0,Zoom Workplace,AP,SW-ZOOMW
JE-003905,2025-07-31,2025-07,2000,Accounts Payable,0,1440.0,Zoom Workplace,AP,SW-ZOOMW
JE-003928,2025-07-31,2025-07,6400,Software Subscriptions,1020.0,0,RingCentral MVP,AP,SW-RINGCE
JE-003929,2025-07-31,2025-07,2000,Accounts Payable,0,1020.0,RingCentral MVP,AP,SW-RINGCE
JE-003952,2025-07-31,2025-07,6400,Software Subscriptions,355.0,0,KnowBe4,AP,SW-KNOWBE
JE-003953,2025-07-31,2025-07,2000,Accounts Payable,0,355.0,KnowBe4,AP,SW-KNOWBE
JE-003976,2025-07-31,2025-07,6000,Salaries & Wages,652697.79,0,Monthly payroll,PR,PR-202507
JE-003977,2025-07-31,2025-07,2300,Payroll Liabilities,0,652697.79,Monthly payroll,PR,PR-202507
JE-000723,2025-08-01,2025-08,1100,Accounts Receivable,14729.69,0,Invoice INV-60155,AR,INV-60155
JE-000724,2025-08-01,2025-08,4000,Product Sales - Manufactured,0,14729.69,Invoice INV-60155,AR,INV-60155
JE-000725,2025-08-01,2025-08,5000,COGS - Materials,10023.62,0,COGS,AR,INV-60155
JE-000726,2025-08-01,2025-08,1220,Inventory - Finished Goods,0,10023.62,Inventory relief,AR,INV-60155
JE-000808,2025-08-01,2025-08,1100,Accounts Receivable,3290.42,0,Invoice INV-60173,AR,INV-60173
JE-000809,2025-08-01,2025-08,4000,Product Sales - Manufactured,0,3191.67,Invoice INV-60173,AR,INV-60173
JE-000810,2025-08-01,2025-08,4100,Freight Revenue,0,98.75,Freight billed,AR,INV-60173
JE-000811,2025-08-01,2025-08,5000,COGS - Materials,2299.75,0,COGS,AR,INV-60173
JE-000812,2025-08-01,2025-08,1220,Inventory - Finished Goods,0,2299.75,Inventory relief,AR,INV-60173
JE-001663,2025-08-01,2025-08,1100,Accounts Receivable,5042.55,0,Invoice INV-60356,AR,INV-60356
JE-001664,2025-08-01,2025-08,4000,Product Sales - Manufactured,0,5042.55,Invoice INV-60356,AR,INV-60356
JE-001665,2025-08-01,2025-08,5000,COGS - Materials,3990.0,0,COGS,AR,INV-60356
JE-001666,2025-08-01,2025-08,1220,Inventory - Finished Goods,0,3990.0,Inventory relief,AR,INV-60356
JE-000284,2025-08-02,2025-08,1100,Accounts Receivable,10211.64,0,Invoice INV-60062,AR,INV-60062
JE-000285,2025-08-02,2025-08,4000,Product Sales - Manufactured,0,10211.64,Invoice INV-60062,AR,INV-60062
JE-000286,2025-08-02,2025-08,5000,COGS - Materials,7054.55,0,COGS,AR,INV-60062
JE-000287,2025-08-02,2025-08,1220,Inventory - Finished Goods,0,7054.55,Inventory relief,AR,INV-60062
JE-000456,2025-08-02,2025-08,1100,Accounts Receivable,1254.99,0,Invoice INV-60099,AR,INV-60099
JE-000457,2025-08-02,2025-08,4000,Product Sales - Manufactured,0,1231.46,Invoice INV-60099,AR,INV-60099
JE-000458,2025-08-02,2025-08,4100,Freight Revenue,0,23.53,Freight billed,AR,INV-60099
JE-000459,2025-08-02,2025-08,5000,COGS - Materials,869.98,0,COGS,AR,INV-60099
JE-000460,2025-08-02,2025-08,1220,Inventory - Finished Goods,0,869.98,Inventory relief,AR,INV-60099
JE-000530,2025-08-02,2025-08,1100,Accounts Receivable,3915.68,0,Invoice INV-60114,AR,INV-60114
JE-000531,2025-08-02,2025-08,4000,Product Sales - Manufactured,0,3650.98,Invoice INV-60114,AR,INV-60114
JE-000532,2025-08-02,2025-08,2100,Accrued Expenses,0,264.7,Sales tax payable,AR,INV-60114
JE-000533,2025-08-02,2025-08,5000,COGS - Materials,2527.5,0,COGS,AR,INV-60114
JE-000534,2025-08-02,2025-08,1220,Inventory - Finished Goods,0,2527.5,Inventory relief,AR,INV-60114
JE-002401,2025-08-02,2025-08,1000,Operating Cash,4386.81,0,Customer payment,AR,NIC-CR00283
JE-002402,2025-08-02,2025-08,1100,Accounts Receivable,0,4386.81,Customer payment,AR,NIC-CR00283
JE-002838,2025-08-02,2025-08,2050,GR/IR Clearing (Received Not Invoiced),866.5,0,Supplier inv INV8628655,AP,INV8628655
JE-002839,2025-08-02,2025-08,2000,Accounts Payable,0,866.5,Supplier inv INV8628655,AP,INV8628655
JE-000401,2025-08-03,2025-08,1100,Accounts Receivable,5968.78,0,Invoice INV-60087,AR,INV-60087
JE-000402,2025-08-03,2025-08,4000,Product Sales - Manufactured,0,5968.78,Invoice INV-60087,AR,INV-60087
JE-000403,2025-08-03,2025-08,5000,COGS - Materials,4206.68,0,COGS,AR,INV-60087
JE-000404,2025-08-03,2025-08,1220,Inventory - Finished Goods,0,4206.68,Inventory relief,AR,INV-60087
JE-000587,2025-08-03,2025-08,1100,Accounts Receivable,9489.12,0,Invoice INV-60126,AR,INV-60126
JE-000588,2025-08-03,2025-08,4000,Product Sales - Manufactured,0,9489.12,Invoice INV-60126,AR,INV-60126
JE-000589,2025-08-03,2025-08,5000,COGS - Materials,7785.29,0,COGS,AR,INV-60126
JE-000590,2025-08-03,2025-08,1220,Inventory - Finished Goods,0,7785.29,Inventory relief,AR,INV-60126
JE-002439,2025-08-03,2025-08,1000,Operating Cash,15045.11,0,Customer payment,AR,NIC-CR00302
JE-002440,2025-08-03,2025-08,1100,Accounts Receivable,0,15045.11,Customer payment,AR,NIC-CR00302
JE-000574,2025-08-04,2025-08,1100,Accounts Receivable,13948.89,0,Invoice INV-60123,AR,INV-60123
JE-000575,2025-08-04,2025-08,4000,Product Sales - Manufactured,0,13948.89,Invoice INV-60123,AR,INV-60123
JE-000576,2025-08-04,2025-08,5000,COGS - Materials,9207.06,0,COGS,AR,INV-60123
JE-000577,2025-08-04,2025-08,1220,Inventory - Finished Goods,0,9207.06,Inventory relief,AR,INV-60123
JE-000648,2025-08-04,2025-08,1100,Accounts Receivable,9053.91,0,Invoice INV-60139,AR,INV-60139
JE-000649,2025-08-04,2025-08,4000,Product Sales - Manufactured,0,8441.87,Invoice INV-60139,AR,INV-60139
JE-000650,2025-08-04,2025-08,2100,Accrued Expenses,0,612.04,Sales tax payable,AR,INV-60139
JE-000651,2025-08-04,2025-08,5000,COGS - Materials,5333.32,0,COGS,AR,INV-60139
JE-000652,2025-08-04,2025-08,1220,Inventory - Finished Goods,0,5333.32,Inventory relief,AR,INV-60139
JE-001649,2025-08-04,2025-08,1100,Accounts Receivable,8031.96,0,Invoice INV-60353,AR,INV-60353
JE-001650,2025-08-04,2025-08,4000,Product Sales - Manufactured,0,7921.68,Invoice INV-60353,AR,INV-60353
JE-001651,2025-08-04,2025-08,4100,Freight Revenue,0,110.28,Freight billed,AR,INV-60353
JE-001652,2025-08-04,2025-08,5000,COGS - Materials,5841.97,0,COGS,AR,INV-60353
JE-001653,2025-08-04,2025-08,1220,Inventory - Finished Goods,0,5841.97,Inventory relief,AR,INV-60353
JE-002493,2025-08-04,2025-08,1000,Operating Cash,3510.36,0,Customer payment,AR,NIC-CR00329
JE-002494,2025-08-04,2025-08,1100,Accounts Receivable,0,3510.36,Customer payment,AR,NIC-CR00329
JE-003332,2025-08-04,2025-08,1200,Inventory - Raw Materials,2994.46,0,PO receipt PO-31148,INV,RCV-40139
JE-003333,2025-08-04,2025-08,2050,GR/IR Clearing (Received Not Invoiced),0,2994.46,PO receipt PO-31148,INV,RCV-40139
JE-003370,2025-08-04,2025-08,1200,Inventory - Raw Materials,17977.6,0,PO receipt PO-31167,INV,RCV-40158
JE-003371,2025-08-04,2025-08,2050,GR/IR Clearing (Received Not Invoiced),0,17977.6,PO receipt PO-31167,INV,RCV-40158
JE-000487,2025-08-05,2025-08,1100,Accounts Receivable,27208.46,0,Invoice INV-60105,AR,INV-60105
JE-000488,2025-08-05,2025-08,4000,Product Sales - Manufactured,0,26800.4,Invoice INV-60105,AR,INV-60105
JE-000489,2025-08-05,2025-08,4100,Freight Revenue,0,408.06,Freight billed,AR,INV-60105
JE-000490,2025-08-05,2025-08,5000,COGS - Materials,19045.88,0,COGS,AR,INV-60105
JE-000491,2025-08-05,2025-08,1220,Inventory - Finished Goods,0,19045.88,Inventory relief,AR,INV-60105
JE-001706,2025-08-05,2025-08,1100,Accounts Receivable,25877.01,0,Invoice INV-60365,AR,INV-60365
JE-001707,2025-08-05,2025-08,4000,Product Sales - Manufactured,0,25353.73,Invoice INV-60365,AR,INV-60365
JE-001708,2025-08-05,2025-08,4100,Freight Revenue,0,523.28,Freight billed,AR,INV-60365
JE-001709,2025-08-05,2025-08,5000,COGS - Materials,18876.18,0,COGS,AR,INV-60365
JE-001710,2025-08-05,2025-08,1220,Inventory - Finished Goods,0,18876.18,Inventory relief,AR,INV-60365
JE-000355,2025-08-06,2025-08,1100,Accounts Receivable,12359.49,0,Invoice INV-60078,AR,INV-60078
JE-000356,2025-08-06,2025-08,4000,Product Sales - Manufactured,0,12233.29,Invoice INV-60078,AR,INV-60078
JE-000357,2025-08-06,2025-08,4100,Freight Revenue,0,126.2,Freight billed,AR,INV-60078
JE-000358,2025-08-06,2025-08,5000,COGS - Materials,7896.07,0,COGS,AR,INV-60078
JE-000359,2025-08-06,2025-08,1220,Inventory - Finished Goods,0,7896.07,Inventory relief,AR,INV-60078
JE-002840,2025-08-06,2025-08,2050,GR/IR Clearing (Received Not Invoiced),5041.56,0,Supplier inv INV4597068,AP,INV4597068
JE-002841,2025-08-06,2025-08,2000,Accounts Payable,0,5041.56,Supplier inv INV4597068,AP,INV4597068
JE-002855,2025-08-06,2025-08,2050,GR/IR Clearing (Received Not Invoiced),17977.6,0,Supplier inv 93112313,AP,93112313
JE-002856,2025-08-06,2025-08,5300,Freight In,2.63,0,Freight in,AP,93112313
JE-002857,2025-08-06,2025-08,2000,Accounts Payable,0,17980.23,Supplier inv 93112313,AP,93112313
JE-003356,2025-08-06,2025-08,1200,Inventory - Raw Materials,5041.56,0,PO receipt PO-31160,INV,RCV-40151
JE-003357,2025-08-06,2025-08,2050,GR/IR Clearing (Received Not Invoiced),0,5041.56,PO receipt PO-31160,INV,RCV-40151
JE-000044,2025-08-08,2025-08,1100,Accounts Receivable,30088.16,0,Invoice INV-60010,AR,INV-60010
JE-000045,2025-08-08,2025-08,4000,Product Sales - Manufactured,0,30088.16,Invoice INV-60010,AR,INV-60010
JE-000046,2025-08-08,2025-08,5000,COGS - Materials,23300.02,0,COGS,AR,INV-60010
JE-000047,2025-08-08,2025-08,1220,Inventory - Finished Goods,0,23300.02,Inventory relief,AR,INV-60010
JE-001421,2025-08-08,2025-08,1100,Accounts Receivable,10461.72,0,Invoice INV-60304,AR,INV-60304
JE-001422,2025-08-08,2025-08,4000,Product Sales - Manufactured,0,10461.72,Invoice INV-60304,AR,INV-60304
JE-001423,2025-08-08,2025-08,5000,COGS - Materials,8367.55,0,COGS,AR,INV-60304
JE-001424,2025-08-08,2025-08,1220,Inventory - Finished Goods,0,8367.55,Inventory relief,AR,INV-60304
JE-001881,2025-08-08,2025-08,1000,Operating Cash,9139.46,0,Customer payment,AR,NIC-CR00023
JE-001882,2025-08-08,2025-08,1100,Accounts Receivable,0,9139.46,Customer payment,AR,NIC-CR00023
JE-001919,2025-08-08,2025-08,1000,Operating Cash,15756.07,0,Customer payment,AR,NIC-CR00042
JE-001920,2025-08-08,2025-08,1100,Accounts Receivable,0,15756.07,Customer payment,AR,NIC-CR00042
JE-003360,2025-08-08,2025-08,1200,Inventory - Raw Materials,2328.06,0,PO receipt PO-31162,INV,RCV-40153
JE-003361,2025-08-08,2025-08,2050,GR/IR Clearing (Received Not Invoiced),0,2328.06,PO receipt PO-31162,INV,RCV-40153
JE-001296,2025-08-09,2025-08,1100,Accounts Receivable,3043.06,0,Invoice INV-60277,AR,INV-60277
JE-001297,2025-08-09,2025-08,4000,Product Sales - Manufactured,0,3043.06,Invoice INV-60277,AR,INV-60277
JE-001298,2025-08-09,2025-08,5000,COGS - Materials,2631.95,0,COGS,AR,INV-60277
JE-001299,2025-08-09,2025-08,1220,Inventory - Finished Goods,0,2631.95,Inventory relief,AR,INV-60277
JE-001913,2025-08-09,2025-08,1000,Operating Cash,20391.19,0,Customer payment,AR,NIC-CR00039
JE-001914,2025-08-09,2025-08,1100,Accounts Receivable,0,20391.19,Customer payment,AR,NIC-CR00039
JE-002241,2025-08-09,2025-08,1000,Operating Cash,16343.81,0,Customer payment,AR,NIC-CR00203
JE-002242,2025-08-09,2025-08,1100,Accounts Receivable,0,16343.81,Customer payment,AR,NIC-CR00203
JE-002313,2025-08-09,2025-08,1000,Operating Cash,6257.85,0,Customer payment,AR,NIC-CR00239
JE-002314,2025-08-09,2025-08,1100,Accounts Receivable,0,6257.85,Customer payment,AR,NIC-CR00239
JE-002813,2025-08-09,2025-08,2050,GR/IR Clearing (Received Not Invoiced),2994.46,0,Supplier inv SI2440693,AP,SI2440693
JE-002814,2025-08-09,2025-08,2000,Accounts Payable,0,2994.46,Supplier inv SI2440693,AP,SI2440693
JE-000063,2025-08-10,2025-08,1100,Accounts Receivable,588.52,0,Invoice INV-60014,AR,INV-60014
JE-000064,2025-08-10,2025-08,4000,Product Sales - Manufactured,0,588.52,Invoice INV-60014,AR,INV-60014
JE-000065,2025-08-10,2025-08,5000,COGS - Materials,333.06,0,COGS,AR,INV-60014
JE-000066,2025-08-10,2025-08,1220,Inventory - Finished Goods,0,333.06,Inventory relief,AR,INV-60014
JE-003130,2025-08-11,2025-08,1200,Inventory - Raw Materials,2394.0,0,PO receipt PO-31038,INV,RCV-40038
JE-003131,2025-08-11,2025-08,2050,GR/IR Clearing (Received Not Invoiced),0,2394.0,PO receipt PO-31038,INV,RCV-40038
JE-003162,2025-08-11,2025-08,1200,Inventory - Raw Materials,6105.0,0,PO receipt PO-31055,INV,RCV-40054
JE-003163,2025-08-11,2025-08,2050,GR/IR Clearing (Received Not Invoiced),0,6105.0,PO receipt PO-31055,INV,RCV-40054
JE-001863,2025-08-12,2025-08,1000,Operating Cash,588.52,0,Customer payment,AR,NIC-CR00014
JE-001864,2025-08-12,2025-08,1100,Accounts Receivable,0,588.52,Customer payment,AR,NIC-CR00014
JE-003027,2025-08-12,2025-08,2050,GR/IR Clearing (Received Not Invoiced),64.28,0,Supplier inv 9567718,AP,9567718
JE-003028,2025-08-12,2025-08,2000,Accounts Payable,0,64.28,Supplier inv 9567718,AP,9567718
JE-003524,2025-08-12,2025-08,1200,Inventory - Raw Materials,64.28,0,PO receipt PO-31248,INV,RCV-40235
JE-003525,2025-08-12,2025-08,2050,GR/IR Clearing (Received Not Invoiced),0,64.28,PO receipt PO-31248,INV,RCV-40235
JE-002121,2025-08-13,2025-08,1000,Operating Cash,28137.77,0,Customer payment,AR,NIC-CR00143
JE-002122,2025-08-13,2025-08,1100,Accounts Receivable,0,28137.77,Customer payment,AR,NIC-CR00143
JE-002153,2025-08-13,2025-08,1000,Operating Cash,207.29,0,Customer payment,AR,NIC-CR00159
JE-002154,2025-08-13,2025-08,1100,Accounts Receivable,0,207.29,Customer payment,AR,NIC-CR00159
JE-002860,2025-08-13,2025-08,2050,GR/IR Clearing (Received Not Invoiced),325.0,0,Supplier inv 96533985,AP,96533985
JE-002861,2025-08-13,2025-08,2000,Accounts Payable,0,325.0,Supplier inv 96533985,AP,96533985
JE-003132,2025-08-13,2025-08,1200,Inventory - Raw Materials,5515.99,0,PO receipt PO-31039,INV,RCV-40039
JE-003133,2025-08-13,2025-08,2050,GR/IR Clearing (Received Not Invoiced),0,5515.99,PO receipt PO-31039,INV,RCV-40039
JE-003374,2025-08-13,2025-08,1200,Inventory - Raw Materials,325.0,0,PO receipt PO-31169,INV,RCV-40160
JE-003375,2025-08-13,2025-08,2050,GR/IR Clearing (Received Not Invoiced),0,325.0,PO receipt PO-31169,INV,RCV-40160
JE-002157,2025-08-14,2025-08,1000,Operating Cash,6939.94,0,Customer payment,AR,NIC-CR00161
JE-002158,2025-08-14,2025-08,1100,Accounts Receivable,0,6939.94,Customer payment,AR,NIC-CR00161
JE-002844,2025-08-14,2025-08,2050,GR/IR Clearing (Received Not Invoiced),2328.06,0,Supplier inv 8099990,AP,8099990
JE-002845,2025-08-14,2025-08,2000,Accounts Payable,0,2328.06,Supplier inv 8099990,AP,8099990
JE-001028,2025-08-15,2025-08,1100,Accounts Receivable,13167.63,0,Invoice INV-60222,AR,INV-60222
JE-001029,2025-08-15,2025-08,4000,Product Sales - Manufactured,0,12170.59,Invoice INV-60222,AR,INV-60222
JE-001030,2025-08-15,2025-08,4100,Freight Revenue,0,114.67,Freight billed,AR,INV-60222
JE-001031,2025-08-15,2025-08,2100,Accrued Expenses,0,882.37,Sales tax payable,AR,INV-60222
JE-001032,2025-08-15,2025-08,5000,COGS - Materials,7460.32,0,COGS,AR,INV-60222
JE-001033,2025-08-15,2025-08,1220,Inventory - Finished Goods,0,7460.32,Inventory relief,AR,INV-60222
JE-001206,2025-08-15,2025-08,1100,Accounts Receivable,28381.44,0,Invoice INV-60259,AR,INV-60259
JE-001207,2025-08-15,2025-08,4000,Product Sales - Manufactured,0,28158.4,Invoice INV-60259,AR,INV-60259
JE-001208,2025-08-15,2025-08,4100,Freight Revenue,0,223.04,Freight billed,AR,INV-60259
JE-001209,2025-08-15,2025-08,5000,COGS - Materials,19568.7,0,COGS,AR,INV-60259
JE-001210,2025-08-15,2025-08,1220,Inventory - Finished Goods,0,19568.7,Inventory relief,AR,INV-60259
JE-002495,2025-08-15,2025-08,1000,Operating Cash,10918.33,0,Customer payment,AR,NIC-CR00330
JE-002496,2025-08-15,2025-08,1100,Accounts Receivable,0,10918.33,Customer payment,AR,NIC-CR00330
JE-002585,2025-08-15,2025-08,2050,GR/IR Clearing (Received Not Invoiced),2394.0,0,Supplier inv 91425565,AP,91425565
JE-002586,2025-08-15,2025-08,2000,Accounts Payable,0,2394.0,Supplier inv 91425565,AP,91425565
JE-003364,2025-08-15,2025-08,1200,Inventory - Raw Materials,207.13,0,PO receipt PO-31164,INV,RCV-40155
JE-003365,2025-08-15,2025-08,2050,GR/IR Clearing (Received Not Invoiced),0,207.13,PO receipt PO-31164,INV,RCV-40155
JE-000419,2025-08-16,2025-08,1100,Accounts Receivable,2120.77,0,Invoice INV-60091,AR,INV-60091
JE-000420,2025-08-16,2025-08,4000,Product Sales - Manufactured,0,2120.77,Invoice INV-60091,AR,INV-60091
JE-000421,2025-08-16,2025-08,5000,COGS - Materials,1915.78,0,COGS,AR,INV-60091
JE-000422,2025-08-16,2025-08,1220,Inventory - Finished Goods,0,1915.78,Inventory relief,AR,INV-60091
JE-001857,2025-08-16,2025-08,1000,Operating Cash,10714.9,0,Customer payment,AR,NIC-CR00011
JE-001858,2025-08-16,2025-08,1100,Accounts Receivable,0,10714.9,Customer payment,AR,NIC-CR00011
JE-001895,2025-08-16,2025-08,1000,Operating Cash,25388.45,0,Customer payment,AR,NIC-CR00030
JE-001896,2025-08-16,2025-08,1100,Accounts Receivable,0,25388.45,Customer payment,AR,NIC-CR00030
JE-002848,2025-08-16,2025-08,2050,GR/IR Clearing (Received Not Invoiced),207.13,0,Supplier inv INV7471162,AP,INV7471162
JE-002849,2025-08-16,2025-08,2000,Accounts Payable,0,207.13,Supplier inv INV7471162,AP,INV7471162
JE-000559,2025-08-17,2025-08,1100,Accounts Receivable,25249.08,0,Invoice INV-60120,AR,INV-60120
JE-000560,2025-08-17,2025-08,4000,Product Sales - Manufactured,0,23542.27,Invoice INV-60120,AR,INV-60120
JE-000561,2025-08-17,2025-08,2100,Accrued Expenses,0,1706.81,Sales tax payable,AR,INV-60120
JE-000562,2025-08-17,2025-08,5000,COGS - Materials,19764.42,0,COGS,AR,INV-60120
JE-000563,2025-08-17,2025-08,1220,Inventory - Finished Goods,0,19764.42,Inventory relief,AR,INV-60120
JE-000611,2025-08-17,2025-08,1100,Accounts Receivable,23963.43,0,Invoice INV-60131,AR,INV-60131
JE-000612,2025-08-17,2025-08,4000,Product Sales - Manufactured,0,23963.43,Invoice INV-60131,AR,INV-60131
JE-000613,2025-08-17,2025-08,5000,COGS - Materials,17722.39,0,COGS,AR,INV-60131
JE-000614,2025-08-17,2025-08,1220,Inventory - Finished Goods,0,17722.39,Inventory relief,AR,INV-60131
JE-000658,2025-08-17,2025-08,1100,Accounts Receivable,12339.43,0,Invoice INV-60141,AR,INV-60141
JE-000659,2025-08-17,2025-08,4000,Product Sales - Manufactured,0,11407.85,Invoice INV-60141,AR,INV-60141
JE-000660,2025-08-17,2025-08,4100,Freight Revenue,0,104.51,Freight billed,AR,INV-60141
JE-000661,2025-08-17,2025-08,2100,Accrued Expenses,0,827.07,Sales tax payable,AR,INV-60141
JE-000662,2025-08-17,2025-08,5000,COGS - Materials,6389.19,0,COGS,AR,INV-60141
JE-000663,2025-08-17,2025-08,1220,Inventory - Finished Goods,0,6389.19,Inventory relief,AR,INV-60141
JE-002427,2025-08-17,2025-08,1000,Operating Cash,5672.47,0,Customer payment,AR,NIC-CR00296
JE-002428,2025-08-17,2025-08,1100,Accounts Receivable,0,5672.47,Customer payment,AR,NIC-CR00296
JE-002587,2025-08-17,2025-08,2050,GR/IR Clearing (Received Not Invoiced),5545.79,0,Supplier inv SI8647283,AP,SI8647283
JE-002588,2025-08-17,2025-08,2000,Accounts Payable,0,5545.79,Supplier inv SI8647283,AP,SI8647283
JE-002528,2025-08-18,2025-08,2050,GR/IR Clearing (Received Not Invoiced),15992.57,0,Supplier inv 97227594,AP,97227594
JE-002529,2025-08-18,2025-08,2000,Accounts Payable,0,15992.57,Supplier inv 97227594,AP,97227594
JE-002620,2025-08-18,2025-08,2050,GR/IR Clearing (Received Not Invoiced),6105.0,0,Supplier inv SI422963,AP,SI422963
JE-002621,2025-08-18,2025-08,5300,Freight In,92.48,0,Freight in,AP,SI422963
JE-002622,2025-08-18,2025-08,2000,Accounts Payable,0,6197.48,Supplier inv SI422963,AP,SI422963
JE-003082,2025-08-18,2025-08,1200,Inventory - Raw Materials,15992.57,0,PO receipt PO-31014,INV,RCV-40014
JE-003083,2025-08-18,2025-08,2050,GR/IR Clearing (Received Not Invoiced),0,15992.57,PO receipt PO-31014,INV,RCV-40014
JE-003446,2025-08-18,2025-08,1200,Inventory - Raw Materials,894549.88,0,PO receipt PO-31206,INV,RCV-40196
JE-003447,2025-08-18,2025-08,2050,GR/IR Clearing (Received Not Invoiced),0,894549.88,PO receipt PO-31206,INV,RCV-40196
JE-001839,2025-08-19,2025-08,1000,Operating Cash,4958.36,0,Customer payment,AR,NIC-CR00002
JE-001840,2025-08-19,2025-08,1100,Accounts Receivable,0,4958.36,Customer payment,AR,NIC-CR00002
JE-000010,2025-08-20,2025-08,1100,Accounts Receivable,5834.13,0,Invoice INV-60003,AR,INV-60003
JE-000011,2025-08-20,2025-08,4000,Product Sales - Manufactured,0,5439.75,Invoice INV-60003,AR,INV-60003
JE-000012,2025-08-20,2025-08,2100,Accrued Expenses,0,394.38,Sales tax payable,AR,INV-60003
JE-000013,2025-08-20,2025-08,5000,COGS - Materials,3723.3,0,COGS,AR,INV-60003
JE-000014,2025-08-20,2025-08,1220,Inventory - Finished Goods,0,3723.3,Inventory relief,AR,INV-60003
JE-001251,2025-08-20,2025-08,1100,Accounts Receivable,12742.53,0,Invoice INV-60268,AR,INV-60268
JE-001252,2025-08-20,2025-08,4000,Product Sales - Manufactured,0,12505.52,Invoice INV-60268,AR,INV-60268
JE-001253,2025-08-20,2025-08,4100,Freight Revenue,0,237.01,Freight billed,AR,INV-60268
JE-001254,2025-08-20,2025-08,5000,COGS - Materials,10242.48,0,COGS,AR,INV-60268
JE-001255,2025-08-20,2025-08,1220,Inventory - Finished Goods,0,10242.48,Inventory relief,AR,INV-60268
JE-003230,2025-08-20,2025-08,1200,Inventory - Raw Materials,4496.34,0,PO receipt PO-31093,INV,RCV-40088
JE-003231,2025-08-20,2025-08,2050,GR/IR Clearing (Received Not Invoiced),0,4496.34,PO receipt PO-31093,INV,RCV-40088
JE-000870,2025-08-21,2025-08,1100,Accounts Receivable,6961.36,0,Invoice INV-60187,AR,INV-60187
JE-000871,2025-08-21,2025-08,4000,Product Sales - Manufactured,0,6590.07,Invoice INV-60187,AR,INV-60187
JE-000872,2025-08-21,2025-08,4100,Freight Revenue,0,371.29,Freight billed,AR,INV-60187
JE-000873,2025-08-21,2025-08,5000,COGS - Materials,4703.49,0,COGS,AR,INV-60187
JE-000874,2025-08-21,2025-08,1220,Inventory - Finished Goods,0,4703.49,Inventory relief,AR,INV-60187
JE-003184,2025-08-21,2025-08,1200,Inventory - Raw Materials,129.0,0,PO receipt PO-31067,INV,RCV-40065
JE-003185,2025-08-21,2025-08,2050,GR/IR Clearing (Received Not Invoiced),0,129.0,PO receipt PO-31067,INV,RCV-40065
JE-003286,2025-08-21,2025-08,1200,Inventory - Raw Materials,1049.16,0,PO receipt PO-31124,INV,RCV-40116
JE-003287,2025-08-21,2025-08,2050,GR/IR Clearing (Received Not Invoiced),0,1049.16,PO receipt PO-31124,INV,RCV-40116
JE-000619,2025-08-22,2025-08,1100,Accounts Receivable,588.91,0,Invoice INV-60133,AR,INV-60133
JE-000620,2025-08-22,2025-08,4000,Product Sales - Manufactured,0,588.91,Invoice INV-60133,AR,INV-60133
JE-000621,2025-08-22,2025-08,5000,COGS - Materials,316.62,0,COGS,AR,INV-60133
JE-000622,2025-08-22,2025-08,1220,Inventory - Finished Goods,0,316.62,Inventory relief,AR,INV-60133
JE-003128,2025-08-23,2025-08,1200,Inventory - Raw Materials,6198.6,0,PO receipt PO-31037,INV,RCV-40037
JE-003129,2025-08-23,2025-08,2050,GR/IR Clearing (Received Not Invoiced),0,6198.6,PO receipt PO-31037,INV,RCV-40037
JE-003144,2025-08-23,2025-08,1200,Inventory - Raw Materials,2029.17,0,PO receipt PO-31045,INV,RCV-40045
JE-003145,2025-08-23,2025-08,2050,GR/IR Clearing (Received Not Invoiced),0,2029.17,PO receipt PO-31045,INV,RCV-40045
JE-000888,2025-08-24,2025-08,1100,Accounts Receivable,1542.04,0,Invoice INV-60191,AR,INV-60191
JE-000889,2025-08-24,2025-08,4000,Product Sales - Manufactured,0,1542.04,Invoice INV-60191,AR,INV-60191
JE-000890,2025-08-24,2025-08,5000,COGS - Materials,1116.79,0,COGS,AR,INV-60191
JE-000891,2025-08-24,2025-08,1220,Inventory - Finished Goods,0,1116.79,Inventory relief,AR,INV-60191
JE-001103,2025-08-24,2025-08,1100,Accounts Receivable,4168.28,0,Invoice INV-60237,AR,INV-60237
JE-001104,2025-08-24,2025-08,4000,Product Sales - Manufactured,0,3969.77,Invoice INV-60237,AR,INV-60237
JE-001105,2025-08-24,2025-08,4100,Freight Revenue,0,198.51,Freight billed,AR,INV-60237
JE-001106,2025-08-24,2025-08,5000,COGS - Materials,2401.83,0,COGS,AR,INV-60237
JE-001107,2025-08-24,2025-08,1220,Inventory - Finished Goods,0,2401.83,Inventory relief,AR,INV-60237
JE-001879,2025-08-24,2025-08,1000,Operating Cash,7151.82,0,Customer payment,AR,NIC-CR00022
JE-001880,2025-08-24,2025-08,1100,Accounts Receivable,0,7151.82,Customer payment,AR,NIC-CR00022
JE-002351,2025-08-24,2025-08,1000,Operating Cash,29056.75,0,Customer payment,AR,NIC-CR00258
JE-002352,2025-08-24,2025-08,1100,Accounts Receivable,0,29056.75,Customer payment,AR,NIC-CR00258
JE-002943,2025-08-24,2025-08,2050,GR/IR Clearing (Received Not Invoiced),894411.72,0,Supplier inv 92967701,AP,92967701
JE-002944,2025-08-24,2025-08,2000,Accounts Payable,0,894411.72,Supplier inv 92967701,AP,92967701
JE-003422,2025-08-24,2025-08,1200,Inventory - Raw Materials,1144.2,0,PO receipt PO-31193,INV,RCV-40184
JE-003423,2025-08-24,2025-08,2050,GR/IR Clearing (Received Not Invoiced),0,1144.2,PO receipt PO-31193,INV,RCV-40184
JE-001911,2025-08-25,2025-08,1000,Operating Cash,22524.57,0,Customer payment,AR,NIC-CR00038
JE-001912,2025-08-25,2025-08,1100,Accounts Receivable,0,22524.57,Customer payment,AR,NIC-CR00038
JE-003090,2025-08-25,2025-08,1200,Inventory - Raw Materials,3133.28,0,PO receipt PO-31018,INV,RCV-40018
JE-003091,2025-08-25,2025-08,2050,GR/IR Clearing (Received Not Invoiced),0,3133.28,PO receipt PO-31018,INV,RCV-40018
JE-003134,2025-08-25,2025-08,1200,Inventory - Raw Materials,2263.7,0,PO receipt PO-31040,INV,RCV-40040
JE-003135,2025-08-25,2025-08,2050,GR/IR Clearing (Received Not Invoiced),0,2263.7,PO receipt PO-31040,INV,RCV-40040
JE-000423,2025-08-26,2025-08,1100,Accounts Receivable,2283.43,0,Invoice INV-60092,AR,INV-60092
JE-000424,2025-08-26,2025-08,4000,Product Sales - Manufactured,0,2030.52,Invoice INV-60092,AR,INV-60092
JE-000425,2025-08-26,2025-08,4100,Freight Revenue,0,252.91,Freight billed,AR,INV-60092
JE-000426,2025-08-26,2025-08,5000,COGS - Materials,1411.23,0,COGS,AR,INV-60092
JE-000427,2025-08-26,2025-08,1220,Inventory - Finished Goods,0,1411.23,Inventory relief,AR,INV-60092
JE-001367,2025-08-26,2025-08,1100,Accounts Receivable,9403.69,0,Invoice INV-60292,AR,INV-60292
JE-001368,2025-08-26,2025-08,4000,Product Sales - Manufactured,0,9291.88,Invoice INV-60292,AR,INV-60292
JE-001369,2025-08-26,2025-08,4100,Freight Revenue,0,111.81,Freight billed,AR,INV-60292
JE-001370,2025-08-26,2025-08,5000,COGS - Materials,7549.68,0,COGS,AR,INV-60292
JE-001371,2025-08-26,2025-08,1220,Inventory - Finished Goods,0,7549.68,Inventory relief,AR,INV-60292
JE-001963,2025-08-26,2025-08,1000,Operating Cash,4554.56,0,Customer payment,AR,NIC-CR00064
JE-001964,2025-08-26,2025-08,1100,Accounts Receivable,0,4554.56,Customer payment,AR,NIC-CR00064
JE-002049,2025-08-26,2025-08,1000,Operating Cash,13948.89,0,Customer payment,AR,NIC-CR00107
JE-002050,2025-08-26,2025-08,1100,Accounts Receivable,0,13948.89,Customer payment,AR,NIC-CR00107
JE-002099,2025-08-26,2025-08,1000,Operating Cash,12231.47,0,Customer payment,AR,NIC-CR00132
JE-002100,2025-08-26,2025-08,1100,Accounts Receivable,0,12231.47,Customer payment,AR,NIC-CR00132
JE-002229,2025-08-26,2025-08,1000,Operating Cash,2187.56,0,Customer payment,AR,NIC-CR00197
JE-002230,2025-08-26,2025-08,1100,Accounts Receivable,0,2187.56,Customer payment,AR,NIC-CR00197
JE-003292,2025-08-26,2025-08,1200,Inventory - Raw Materials,7712.22,0,PO receipt PO-31127,INV,RCV-40119
JE-003293,2025-08-26,2025-08,2050,GR/IR Clearing (Received Not Invoiced),0,7712.22,PO receipt PO-31127,INV,RCV-40119
JE-000879,2025-08-27,2025-08,1100,Accounts Receivable,2368.43,0,Invoice INV-60189,AR,INV-60189
JE-000880,2025-08-27,2025-08,4000,Product Sales - Manufactured,0,2368.43,Invoice INV-60189,AR,INV-60189
JE-000881,2025-08-27,2025-08,5000,COGS - Materials,1744.34,0,COGS,AR,INV-60189
JE-000882,2025-08-27,2025-08,1220,Inventory - Finished Goods,0,1744.34,Inventory relief,AR,INV-60189
JE-002343,2025-08-27,2025-08,1000,Operating Cash,28942.66,0,Customer payment,AR,NIC-CR00254
JE-002344,2025-08-27,2025-08,1100,Accounts Receivable,0,28942.66,Customer payment,AR,NIC-CR00254
JE-002459,2025-08-27,2025-08,1000,Operating Cash,25877.01,0,Customer payment,AR,NIC-CR00312
JE-002460,2025-08-27,2025-08,1100,Accounts Receivable,0,25877.01,Customer payment,AR,NIC-CR00312
JE-002537,2025-08-27,2025-08,2050,GR/IR Clearing (Received Not Invoiced),3134.07,0,Supplier inv 94297536,AP,94297536
JE-002538,2025-08-27,2025-08,2000,Accounts Payable,0,3134.07,Supplier inv 94297536,AP,94297536
JE-002582,2025-08-27,2025-08,2050,GR/IR Clearing (Received Not Invoiced),6198.6,0,Supplier inv 9813480,AP,9813480
JE-002583,2025-08-27,2025-08,5300,Freight In,138.86,0,Freight in,AP,9813480
JE-002584,2025-08-27,2025-08,2000,Accounts Payable,0,6337.46,Supplier inv 9813480,AP,9813480
JE-002700,2025-08-27,2025-08,2050,GR/IR Clearing (Received Not Invoiced),4571.55,0,Supplier inv 99936777,AP,99936777
JE-002701,2025-08-27,2025-08,5300,Freight In,170.21,0,Freight in,AP,99936777
JE-002702,2025-08-27,2025-08,2000,Accounts Payable,0,4741.76,Supplier inv 99936777,AP,99936777
JE-000015,2025-08-28,2025-08,1100,Accounts Receivable,6119.87,0,Invoice INV-60004,AR,INV-60004
JE-000016,2025-08-28,2025-08,4000,Product Sales - Manufactured,0,5948.04,Invoice INV-60004,AR,INV-60004
JE-000017,2025-08-28,2025-08,4100,Freight Revenue,0,171.83,Freight billed,AR,INV-60004
JE-000018,2025-08-28,2025-08,5000,COGS - Materials,4896.96,0,COGS,AR,INV-60004
JE-000019,2025-08-28,2025-08,1220,Inventory - Finished Goods,0,4896.96,Inventory relief,AR,INV-60004
JE-001995,2025-08-28,2025-08,1000,Operating Cash,13975.69,0,Customer payment,AR,NIC-CR00080
JE-001996,2025-08-28,2025-08,1100,Accounts Receivable,0,13975.69,Customer payment,AR,NIC-CR00080
JE-002601,2025-08-28,2025-08,2050,GR/IR Clearing (Received Not Invoiced),2029.17,0,Supplier inv INV1808582,AP,INV1808582
JE-002602,2025-08-28,2025-08,2000,Accounts Payable,0,2029.17,Supplier inv INV1808582,AP,INV1808582
JE-002648,2025-08-28,2025-08,2050,GR/IR Clearing (Received Not Invoiced),130.0,0,Supplier inv SI1384947,AP,SI1384947
JE-002649,2025-08-28,2025-08,2000,Accounts Payable,0,130.0,Supplier inv SI1384947,AP,SI1384947
JE-002762,2025-08-28,2025-08,2050,GR/IR Clearing (Received Not Invoiced),1049.16,0,Supplier inv SI1409718,AP,SI1409718
JE-002763,2025-08-28,2025-08,2000,Accounts Payable,0,1049.16,Supplier inv SI1409718,AP,SI1409718
JE-002915,2025-08-28,2025-08,2050,GR/IR Clearing (Received Not Invoiced),1141.45,0,Supplier inv INV1425654,AP,INV1425654
JE-002916,2025-08-28,2025-08,5300,Freight In,176.96,0,Freight in,AP,INV1425654
JE-002917,2025-08-28,2025-08,2000,Accounts Payable,0,1318.41,Supplier inv INV1425654,AP,INV1425654
JE-003074,2025-08-28,2025-08,1200,Inventory - Raw Materials,4334.0,0,PO receipt PO-31010,INV,RCV-40010
JE-003075,2025-08-28,2025-08,2050,GR/IR Clearing (Received Not Invoiced),0,4334.0,PO receipt PO-31010,INV,RCV-40010
JE-000076,2025-08-29,2025-08,1100,Accounts Receivable,52998.5,0,Invoice INV-60017,AR,INV-60017
JE-000077,2025-08-29,2025-08,4000,Product Sales - Manufactured,0,49415.85,Invoice INV-60017,AR,INV-60017
JE-000078,2025-08-29,2025-08,2100,Accrued Expenses,0,3582.65,Sales tax payable,AR,INV-60017
JE-000079,2025-08-29,2025-08,5000,COGS - Materials,29675.32,0,COGS,AR,INV-60017
JE-000080,2025-08-29,2025-08,1220,Inventory - Finished Goods,0,29675.32,Inventory relief,AR,INV-60017
JE-001434,2025-08-29,2025-08,1100,Accounts Receivable,3009.6,0,Invoice INV-60307,AR,INV-60307
JE-001435,2025-08-29,2025-08,4000,Product Sales - Manufactured,0,3009.6,Invoice INV-60307,AR,INV-60307
JE-001436,2025-08-29,2025-08,5000,COGS - Materials,2708.34,0,COGS,AR,INV-60307
JE-001437,2025-08-29,2025-08,1220,Inventory - Finished Goods,0,2708.34,Inventory relief,AR,INV-60307
JE-002179,2025-08-29,2025-08,1000,Operating Cash,28324.58,0,Customer payment,AR,NIC-CR00172
JE-002180,2025-08-29,2025-08,1100,Accounts Receivable,0,28324.58,Customer payment,AR,NIC-CR00172
JE-001477,2025-08-30,2025-08,1100,Accounts Receivable,27015.55,0,Invoice INV-60316,AR,INV-60316
JE-001478,2025-08-30,2025-08,4000,Product Sales - Manufactured,0,27015.55,Invoice INV-60316,AR,INV-60316
JE-001479,2025-08-30,2025-08,5000,COGS - Materials,19890.11,0,COGS,AR,INV-60316
JE-001480,2025-08-30,2025-08,1220,Inventory - Finished Goods,0,19890.11,Inventory relief,AR,INV-60316
JE-002231,2025-08-30,2025-08,1000,Operating Cash,20481.73,0,Customer payment,AR,NIC-CR00198
JE-002232,2025-08-30,2025-08,1100,Accounts Receivable,0,20481.73,Customer payment,AR,NIC-CR00198
JE-002347,2025-08-30,2025-08,1000,Operating Cash,10605.02,0,Customer payment,AR,NIC-CR00256
JE-002348,2025-08-30,2025-08,1100,Accounts Receivable,0,10605.02,Customer payment,AR,NIC-CR00256
JE-002429,2025-08-30,2025-08,1000,Operating Cash,12310.91,0,Customer payment,AR,NIC-CR00297
JE-002430,2025-08-30,2025-08,1100,Accounts Receivable,0,12310.91,Customer payment,AR,NIC-CR00297
JE-002589,2025-08-30,2025-08,2050,GR/IR Clearing (Received Not Invoiced),2263.7,0,Supplier inv INV4730161,AP,INV4730161
JE-002590,2025-08-30,2025-08,5300,Freight In,69.11,0,Freight in,AP,INV4730161
JE-002591,2025-08-30,2025-08,2000,Accounts Payable,0,2332.81,Supplier inv INV4730161,AP,INV4730161
JE-003294,2025-08-30,2025-08,1200,Inventory - Raw Materials,1900.0,0,PO receipt PO-31128,INV,RCV-40120
JE-003295,2025-08-30,2025-08,2050,GR/IR Clearing (Received Not Invoiced),0,1900.0,PO receipt PO-31128,INV,RCV-40120
JE-002768,2025-08-31,2025-08,2050,GR/IR Clearing (Received Not Invoiced),7712.22,0,Supplier inv INV6541915,AP,INV6541915
JE-002769,2025-08-31,2025-08,2000,Accounts Payable,0,7712.22,Supplier inv INV6541915,AP,INV6541915
JE-003358,2025-08-31,2025-08,1200,Inventory - Raw Materials,1042.56,0,PO receipt PO-31161,INV,RCV-40152
JE-003359,2025-08-31,2025-08,2050,GR/IR Clearing (Received Not Invoiced),0,1042.56,PO receipt PO-31161,INV,RCV-40152
JE-003558,2025-08-31,2025-08,6700,Office & Supplies,3916.81,0,Iron Mountain Inc.,AP,NIC-AP00005
JE-003559,2025-08-31,2025-08,2000,Accounts Payable,0,3916.81,Iron Mountain Inc.,AP,NIC-AP00005
JE-003574,2025-08-31,2025-08,6700,Office & Supplies,1337.25,0,"W.W. Grainger, Inc.",AP,NIC-AP00013
JE-003575,2025-08-31,2025-08,2000,Accounts Payable,0,1337.25,"W.W. Grainger, Inc.",AP,NIC-AP00013
JE-003598,2025-08-31,2025-08,6700,Office & Supplies,1776.86,0,Cintas Corporation,AP,NIC-AP00025
JE-003599,2025-08-31,2025-08,2000,Accounts Payable,0,1776.86,Cintas Corporation,AP,NIC-AP00025
JE-003616,2025-08-31,2025-08,6300,Rent,2893.28,0,Waste Management of Illinois,AP,NIC-AP00034
JE-003617,2025-08-31,2025-08,2000,Accounts Payable,0,2893.28,Waste Management of Illinois,AP,NIC-AP00034
JE-003634,2025-08-31,2025-08,5300,Freight In,115.42,0,UPS,AP,NIC-AP00043
JE-003635,2025-08-31,2025-08,2000,Accounts Payable,0,115.42,UPS,AP,NIC-AP00043
JE-003654,2025-08-31,2025-08,5300,Freight In,21.2,0,FedEx,AP,NIC-AP00053
JE-003655,2025-08-31,2025-08,2000,Accounts Payable,0,21.2,FedEx,AP,NIC-AP00053
JE-003668,2025-08-31,2025-08,6700,Office & Supplies,1259.28,0,Sunbelt Rentals,AP,NIC-AP00060
JE-003669,2025-08-31,2025-08,2000,Accounts Payable,0,1259.28,Sunbelt Rentals,AP,NIC-AP00060
JE-003690,2025-08-31,2025-08,6300,Rent,38500,0,Rockford Industrial Park LLC,AP,NIC-AP00071
JE-003691,2025-08-31,2025-08,2000,Accounts Payable,0,38500,Rockford Industrial Park LLC,AP,NIC-AP00071
JE-003714,2025-08-31,2025-08,6400,Software Subscriptions,15750.0,0,Epicor Kinetic,AP,SW-EPICOR
JE-003715,2025-08-31,2025-08,2000,Accounts Payable,0,15750.0,Epicor Kinetic,AP,SW-EPICOR
JE-003738,2025-08-31,2025-08,6400,Software Subscriptions,1079.17,0,SolidWorks Standard,AP,SW-SOLIDW
JE-003739,2025-08-31,2025-08,2000,Accounts Payable,0,1079.17,SolidWorks Standard,AP,SW-SOLIDW
JE-003762,2025-08-31,2025-08,6400,Software Subscriptions,1000.0,0,MasterControl,AP,SW-MASTER
JE-003763,2025-08-31,2025-08,2000,Accounts Payable,0,1000.0,MasterControl,AP,SW-MASTER
JE-003786,2025-08-31,2025-08,6400,Software Subscriptions,1775.0,0,Microsoft 365 Business Standard,AP,SW-MICROS
JE-003787,2025-08-31,2025-08,2000,Accounts Payable,0,1775.0,Microsoft 365 Business Standard,AP,SW-MICROS
JE-003810,2025-08-31,2025-08,6400,Software Subscriptions,4920.0,0,ADP Workforce Now,AP,SW-ADPWO
JE-003811,2025-08-31,2025-08,2000,Accounts Payable,0,4920.0,ADP Workforce Now,AP,SW-ADPWO
JE-003834,2025-08-31,2025-08,6400,Software Subscriptions,900.0,0,Salesforce Sales Cloud,AP,SW-SALESF
JE-003835,2025-08-31,2025-08,2000,Accounts Payable,0,900.0,Salesforce Sales Cloud,AP,SW-SALESF
JE-003858,2025-08-31,2025-08,6400,Software Subscriptions,700.0,0,Bill.com,AP,SW-BILL.C
JE-003859,2025-08-31,2025-08,2000,Accounts Payable,0,700.0,Bill.com,AP,SW-BILL.C
JE-003882,2025-08-31,2025-08,6400,Software Subscriptions,3150.0,0,Box Business,AP,SW-BOXBU
JE-003883,2025-08-31,2025-08,2000,Accounts Payable,0,3150.0,Box Business,AP,SW-BOXBU
JE-003906,2025-08-31,2025-08,6400,Software Subscriptions,1440.0,0,Zoom Workplace,AP,SW-ZOOMW
JE-003907,2025-08-31,2025-08,2000,Accounts Payable,0,1440.0,Zoom Workplace,AP,SW-ZOOMW
JE-003930,2025-08-31,2025-08,6400,Software Subscriptions,1020.0,0,RingCentral MVP,AP,SW-RINGCE
JE-003931,2025-08-31,2025-08,2000,Accounts Payable,0,1020.0,RingCentral MVP,AP,SW-RINGCE
JE-003954,2025-08-31,2025-08,6400,Software Subscriptions,355.0,0,KnowBe4,AP,SW-KNOWBE
JE-003955,2025-08-31,2025-08,2000,Accounts Payable,0,355.0,KnowBe4,AP,SW-KNOWBE
JE-003978,2025-08-31,2025-08,6000,Salaries & Wages,645689.14,0,Monthly payroll,PR,PR-202508
JE-003979,2025-08-31,2025-08,2300,Payroll Liabilities,0,645689.14,Monthly payroll,PR,PR-202508
JE-000755,2025-09-01,2025-09,1100,Accounts Receivable,6549.14,0,Invoice INV-60162,AR,INV-60162
JE-000756,2025-09-01,2025-09,4000,Product Sales - Manufactured,0,5875.21,Invoice INV-60162,AR,INV-60162
JE-000757,2025-09-01,2025-09,4100,Freight Revenue,0,247.98,Freight billed,AR,INV-60162
JE-000758,2025-09-01,2025-09,2100,Accrued Expenses,0,425.95,Sales tax payable,AR,INV-60162
JE-000759,2025-09-01,2025-09,5000,COGS - Materials,4323.74,0,COGS,AR,INV-60162
JE-000760,2025-09-01,2025-09,1220,Inventory - Finished Goods,0,4323.74,Inventory relief,AR,INV-60162
JE-002201,2025-09-01,2025-09,1000,Operating Cash,975.13,0,Customer payment,AR,NIC-CR00183
JE-002202,2025-09-01,2025-09,1100,Accounts Receivable,0,975.13,Customer payment,AR,NIC-CR00183
JE-002520,2025-09-01,2025-09,2050,GR/IR Clearing (Received Not Invoiced),4506.5,0,Supplier inv SI7169632,AP,SI7169632
JE-002521,2025-09-01,2025-09,2000,Accounts Payable,0,4506.5,Supplier inv SI7169632,AP,SI7169632
JE-002467,2025-09-02,2025-09,1000,Operating Cash,33118.45,0,Customer payment,AR,NIC-CR00316
JE-002468,2025-09-02,2025-09,1100,Accounts Receivable,0,33118.45,Customer payment,AR,NIC-CR00316
JE-003086,2025-09-02,2025-09,1200,Inventory - Raw Materials,5884.2,0,PO receipt PO-31016,INV,RCV-40016
JE-003087,2025-09-02,2025-09,2050,GR/IR Clearing (Received Not Invoiced),0,5884.2,PO receipt PO-31016,INV,RCV-40016
JE-000001,2025-09-03,2025-09,1100,Accounts Receivable,25311.85,0,Invoice INV-60001,AR,INV-60001
JE-000002,2025-09-03,2025-09,4000,Product Sales - Manufactured,0,25311.85,Invoice INV-60001,AR,INV-60001
JE-000003,2025-09-03,2025-09,5000,COGS - Materials,17813.49,0,COGS,AR,INV-60001
JE-000004,2025-09-03,2025-09,1220,Inventory - Finished Goods,0,17813.49,Inventory relief,AR,INV-60001
JE-002051,2025-09-03,2025-09,1000,Operating Cash,2917.22,0,Customer payment,AR,NIC-CR00108
JE-002052,2025-09-03,2025-09,1100,Accounts Receivable,0,2917.22,Customer payment,AR,NIC-CR00108
JE-002441,2025-09-03,2025-09,1000,Operating Cash,8031.96,0,Customer payment,AR,NIC-CR00303
JE-002442,2025-09-03,2025-09,1100,Accounts Receivable,0,8031.96,Customer payment,AR,NIC-CR00303
JE-002532,2025-09-03,2025-09,2050,GR/IR Clearing (Received Not Invoiced),5884.2,0,Supplier inv SI3801666,AP,SI3801666
JE-002533,2025-09-03,2025-09,2000,Accounts Payable,0,5884.2,Supplier inv SI3801666,AP,SI3801666
JE-002770,2025-09-03,2025-09,2050,GR/IR Clearing (Received Not Invoiced),1900.0,0,Supplier inv 3315451,AP,3315451
JE-002771,2025-09-03,2025-09,5300,Freight In,42.57,0,Freight in,AP,3315451
JE-002772,2025-09-03,2025-09,2000,Accounts Payable,0,1942.57,Supplier inv 3315451,AP,3315451
JE-003126,2025-09-03,2025-09,1200,Inventory - Raw Materials,942.83,0,PO receipt PO-31036,INV,RCV-40036
JE-003127,2025-09-03,2025-09,2050,GR/IR Clearing (Received Not Invoiced),0,942.83,PO receipt PO-31036,INV,RCV-40036
JE-003548,2025-09-03,2025-09,1200,Inventory - Raw Materials,44.16,0,PO receipt PO-31260,INV,RCV-40247
JE-003549,2025-09-03,2025-09,2050,GR/IR Clearing (Received Not Invoiced),0,44.16,PO receipt PO-31260,INV,RCV-40247
JE-001320,2025-09-04,2025-09,1100,Accounts Receivable,1729.9,0,Invoice INV-60282,AR,INV-60282
JE-001321,2025-09-04,2025-09,4000,Product Sales - Manufactured,0,1612.96,Invoice INV-60282,AR,INV-60282
JE-001322,2025-09-04,2025-09,2100,Accrued Expenses,0,116.94,Sales tax payable,AR,INV-60282
JE-001323,2025-09-04,2025-09,5000,COGS - Materials,996.85,0,COGS,AR,INV-60282
JE-001324,2025-09-04,2025-09,1220,Inventory - Finished Goods,0,996.85,Inventory relief,AR,INV-60282
JE-001382,2025-09-04,2025-09,1100,Accounts Receivable,18393.51,0,Invoice INV-60295,AR,INV-60295
JE-001383,2025-09-04,2025-09,4000,Product Sales - Manufactured,0,18393.51,Invoice INV-60295,AR,INV-60295
JE-001384,2025-09-04,2025-09,5000,COGS - Materials,12783.18,0,COGS,AR,INV-60295
JE-001385,2025-09-04,2025-09,1220,Inventory - Finished Goods,0,12783.18,Inventory relief,AR,INV-60295
JE-002013,2025-09-04,2025-09,1000,Operating Cash,7034.43,0,Customer payment,AR,NIC-CR00089
JE-002014,2025-09-04,2025-09,1100,Accounts Receivable,0,7034.43,Customer payment,AR,NIC-CR00089
JE-003532,2025-09-04,2025-09,1200,Inventory - Raw Materials,8882.2,0,PO receipt PO-31252,INV,RCV-40239
JE-003533,2025-09-04,2025-09,2050,GR/IR Clearing (Received Not Invoiced),0,8882.2,PO receipt PO-31252,INV,RCV-40239
JE-000736,2025-09-05,2025-09,1100,Accounts Receivable,8757.0,0,Invoice INV-60158,AR,INV-60158
JE-000737,2025-09-05,2025-09,4000,Product Sales - Manufactured,0,8691.45,Invoice INV-60158,AR,INV-60158
JE-000738,2025-09-05,2025-09,4100,Freight Revenue,0,65.55,Freight billed,AR,INV-60158
JE-000739,2025-09-05,2025-09,5000,COGS - Materials,6907.63,0,COGS,AR,INV-60158
JE-000740,2025-09-05,2025-09,1220,Inventory - Finished Goods,0,6907.63,Inventory relief,AR,INV-60158
JE-001068,2025-09-05,2025-09,1100,Accounts Receivable,15523.36,0,Invoice INV-60230,AR,INV-60230
JE-001069,2025-09-05,2025-09,4000,Product Sales - Manufactured,0,14389.68,Invoice INV-60230,AR,INV-60230
JE-001070,2025-09-05,2025-09,4100,Freight Revenue,0,90.43,Freight billed,AR,INV-60230
JE-001071,2025-09-05,2025-09,2100,Accrued Expenses,0,1043.25,Sales tax payable,AR,INV-60230
JE-001072,2025-09-05,2025-09,5000,COGS - Materials,9529.6,0,COGS,AR,INV-60230
JE-001073,2025-09-05,2025-09,1220,Inventory - Finished Goods,0,9529.6,Inventory relief,AR,INV-60230
JE-001983,2025-09-05,2025-09,1000,Operating Cash,5968.78,0,Customer payment,AR,NIC-CR00074
JE-001984,2025-09-05,2025-09,1100,Accounts Receivable,0,5968.78,Customer payment,AR,NIC-CR00074
JE-003015,2025-09-05,2025-09,2050,GR/IR Clearing (Received Not Invoiced),2669.4,0,Supplier inv SI4293488,AP,SI4293488
JE-003016,2025-09-05,2025-09,2000,Accounts Payable,0,2669.4,Supplier inv SI4293488,AP,SI4293488
JE-003514,2025-09-05,2025-09,1200,Inventory - Raw Materials,2553.06,0,PO receipt PO-31242,INV,RCV-40230
JE-003515,2025-09-05,2025-09,2050,GR/IR Clearing (Received Not Invoiced),0,2553.06,PO receipt PO-31242,INV,RCV-40230
JE-001408,2025-09-06,2025-09,1100,Accounts Receivable,2174.04,0,Invoice INV-60301,AR,INV-60301
JE-001409,2025-09-06,2025-09,4000,Product Sales - Manufactured,0,2174.04,Invoice INV-60301,AR,INV-60301
JE-001410,2025-09-06,2025-09,5000,COGS - Materials,1458.44,0,COGS,AR,INV-60301
JE-001411,2025-09-06,2025-09,1220,Inventory - Finished Goods,0,1458.44,Inventory relief,AR,INV-60301
JE-001969,2025-09-06,2025-09,1000,Operating Cash,12359.49,0,Customer payment,AR,NIC-CR00067
JE-001970,2025-09-06,2025-09,1100,Accounts Receivable,0,12359.49,Customer payment,AR,NIC-CR00067
JE-003037,2025-09-06,2025-09,2050,GR/IR Clearing (Received Not Invoiced),8952.2,0,Supplier inv 97467262,AP,97467262
JE-003038,2025-09-06,2025-09,2000,Accounts Payable,0,8952.2,Supplier inv 97467262,AP,97467262
JE-001481,2025-09-07,2025-09,1100,Accounts Receivable,22957.13,0,Invoice INV-60317,AR,INV-60317
JE-001482,2025-09-07,2025-09,4000,Product Sales - Manufactured,0,21205.49,Invoice INV-60317,AR,INV-60317
JE-001483,2025-09-07,2025-09,4100,Freight Revenue,0,214.24,Freight billed,AR,INV-60317
JE-001484,2025-09-07,2025-09,2100,Accrued Expenses,0,1537.4,Sales tax payable,AR,INV-60317
JE-001485,2025-09-07,2025-09,5000,COGS - Materials,15693.9,0,COGS,AR,INV-60317
JE-001486,2025-09-07,2025-09,1220,Inventory - Finished Goods,0,15693.9,Inventory relief,AR,INV-60317
JE-001833,2025-09-07,2025-09,1100,Accounts Receivable,3507.39,0,Invoice INV-60391,AR,INV-60391
JE-001834,2025-09-07,2025-09,4000,Product Sales - Manufactured,0,3507.39,Invoice INV-60391,AR,INV-60391
JE-001835,2025-09-07,2025-09,5000,COGS - Materials,2665.22,0,COGS,AR,INV-60391
JE-001836,2025-09-07,2025-09,1220,Inventory - Finished Goods,0,2665.22,Inventory relief,AR,INV-60391
JE-002007,2025-09-07,2025-09,1000,Operating Cash,1254.99,0,Customer payment,AR,NIC-CR00086
JE-002008,2025-09-07,2025-09,1100,Accounts Receivable,0,1254.99,Customer payment,AR,NIC-CR00086
JE-002063,2025-09-07,2025-09,1000,Operating Cash,23963.43,0,Customer payment,AR,NIC-CR00114
JE-002064,2025-09-07,2025-09,1100,Accounts Receivable,0,23963.43,Customer payment,AR,NIC-CR00114
JE-002197,2025-09-07,2025-09,1000,Operating Cash,28430.01,0,Customer payment,AR,NIC-CR00181
JE-002198,2025-09-07,2025-09,1100,Accounts Receivable,0,28430.01,Customer payment,AR,NIC-CR00181
JE-002842,2025-09-07,2025-09,2050,GR/IR Clearing (Received Not Invoiced),1042.56,0,Supplier inv INV7755295,AP,INV7755295
JE-002843,2025-09-07,2025-09,2000,Accounts Payable,0,1042.56,Supplier inv INV7755295,AP,INV7755295
JE-003054,2025-09-07,2025-09,2050,GR/IR Clearing (Received Not Invoiced),44.16,0,Supplier inv SI644656,AP,SI644656
JE-003055,2025-09-07,2025-09,2000,Accounts Payable,0,44.16,Supplier inv SI644656,AP,SI644656
JE-001973,2025-09-08,2025-09,1000,Operating Cash,14876.03,0,Customer payment,AR,NIC-CR00069
JE-001974,2025-09-08,2025-09,1100,Accounts Receivable,0,14876.03,Customer payment,AR,NIC-CR00069
JE-002580,2025-09-08,2025-09,2050,GR/IR Clearing (Received Not Invoiced),942.83,0,Supplier inv INV1107305,AP,INV1107305
JE-002581,2025-09-08,2025-09,2000,Accounts Payable,0,942.83,Supplier inv INV1107305,AP,INV1107305
JE-001939,2025-09-09,2025-09,1000,Operating Cash,10211.64,0,Customer payment,AR,NIC-CR00052
JE-001940,2025-09-09,2025-09,1100,Accounts Receivable,0,10211.64,Customer payment,AR,NIC-CR00052
JE-002019,2025-09-09,2025-09,1000,Operating Cash,3536.1,0,Customer payment,AR,NIC-CR00092
JE-002020,2025-09-09,2025-09,1100,Accounts Receivable,0,3536.1,Customer payment,AR,NIC-CR00092
JE-002079,2025-09-09,2025-09,1000,Operating Cash,9053.91,0,Customer payment,AR,NIC-CR00122
JE-002080,2025-09-09,2025-09,1100,Accounts Receivable,0,9053.91,Customer payment,AR,NIC-CR00122
JE-003484,2025-09-09,2025-09,1200,Inventory - Raw Materials,602.0,0,PO receipt PO-31226,INV,RCV-40215
JE-003485,2025-09-09,2025-09,2050,GR/IR Clearing (Received Not Invoiced),0,602.0,PO receipt PO-31226,INV,RCV-40215
JE-001236,2025-09-10,2025-09,1100,Accounts Receivable,3651.63,0,Invoice INV-60265,AR,INV-60265
JE-001237,2025-09-10,2025-09,4000,Product Sales - Manufactured,0,3286.28,Invoice INV-60265,AR,INV-60265
JE-001238,2025-09-10,2025-09,4100,Freight Revenue,0,127.09,Freight billed,AR,INV-60265
JE-001239,2025-09-10,2025-09,2100,Accrued Expenses,0,238.26,Sales tax payable,AR,INV-60265
JE-001240,2025-09-10,2025-09,5000,COGS - Materials,2373.2,0,COGS,AR,INV-60265
JE-001241,2025-09-10,2025-09,1220,Inventory - Finished Goods,0,2373.2,Inventory relief,AR,INV-60265
JE-002081,2025-09-11,2025-09,1000,Operating Cash,12339.43,0,Customer payment,AR,NIC-CR00123
JE-002082,2025-09-11,2025-09,1100,Accounts Receivable,0,12339.43,Customer payment,AR,NIC-CR00123
JE-002331,2025-09-11,2025-09,1000,Operating Cash,6913.46,0,Customer payment,AR,NIC-CR00248
JE-002332,2025-09-11,2025-09,1100,Accounts Receivable,0,6913.46,Customer payment,AR,NIC-CR00248
JE-003076,2025-09-11,2025-09,1200,Inventory - Raw Materials,563.1,0,PO receipt PO-31011,INV,RCV-40011
JE-003077,2025-09-11,2025-09,2050,GR/IR Clearing (Received Not Invoiced),0,563.1,PO receipt PO-31011,INV,RCV-40011
JE-003238,2025-09-11,2025-09,1200,Inventory - Raw Materials,1227.4,0,PO receipt PO-31097,INV,RCV-40092
JE-003239,2025-09-11,2025-09,2050,GR/IR Clearing (Received Not Invoiced),0,1227.4,PO receipt PO-31097,INV,RCV-40092
JE-002171,2025-09-12,2025-09,1000,Operating Cash,530.02,0,Customer payment,AR,NIC-CR00168
JE-002172,2025-09-12,2025-09,1100,Accounts Receivable,0,530.02,Customer payment,AR,NIC-CR00168
JE-002251,2025-09-12,2025-09,1000,Operating Cash,4044.08,0,Customer payment,AR,NIC-CR00208
JE-002252,2025-09-12,2025-09,1100,Accounts Receivable,0,4044.08,Customer payment,AR,NIC-CR00208
JE-002522,2025-09-13,2025-09,2050,GR/IR Clearing (Received Not Invoiced),576.2,0,Supplier inv INV5588710,AP,INV5588710
JE-002523,2025-09-13,2025-09,2000,Accounts Payable,0,576.2,Supplier inv INV5588710,AP,INV5588710
JE-002017,2025-09-14,2025-09,1000,Operating Cash,27208.46,0,Customer payment,AR,NIC-CR00091
JE-002018,2025-09-14,2025-09,1100,Accounts Receivable,0,27208.46,Customer payment,AR,NIC-CR00091
JE-002983,2025-09-14,2025-09,2050,GR/IR Clearing (Received Not Invoiced),602.0,0,Supplier inv 92893976,AP,92893976
JE-002984,2025-09-14,2025-09,2000,Accounts Payable,0,602.0,Supplier inv 92893976,AP,92893976
JE-003092,2025-09-14,2025-09,1200,Inventory - Raw Materials,1725.0,0,PO receipt PO-31019,INV,RCV-40019
JE-003093,2025-09-14,2025-09,2050,GR/IR Clearing (Received Not Invoiced),0,1725.0,PO receipt PO-31019,INV,RCV-40019
JE-003436,2025-09-14,2025-09,1200,Inventory - Raw Materials,575.0,0,PO receipt PO-31201,INV,RCV-40191
JE-003437,2025-09-14,2025-09,2050,GR/IR Clearing (Received Not Invoiced),0,575.0,PO receipt PO-31201,INV,RCV-40191
JE-000159,2025-09-15,2025-09,1100,Accounts Receivable,2434.23,0,Invoice INV-60035,AR,INV-60035
JE-000160,2025-09-15,2025-09,4000,Product Sales - Manufactured,0,2064.2,Invoice INV-60035,AR,INV-60035
JE-000161,2025-09-15,2025-09,4100,Freight Revenue,0,370.03,Freight billed,AR,INV-60035
JE-000162,2025-09-15,2025-09,5000,COGS - Materials,1361.09,0,COGS,AR,INV-60035
JE-000163,2025-09-15,2025-09,1220,Inventory - Finished Goods,0,1361.09,Inventory relief,AR,INV-60035
JE-000633,2025-09-15,2025-09,1100,Accounts Receivable,15539.92,0,Invoice INV-60136,AR,INV-60136
JE-000634,2025-09-15,2025-09,4000,Product Sales - Manufactured,0,14347.36,Invoice INV-60136,AR,INV-60136
JE-000635,2025-09-15,2025-09,4100,Freight Revenue,0,152.38,Freight billed,AR,INV-60136
JE-000636,2025-09-15,2025-09,2100,Accrued Expenses,0,1040.18,Sales tax payable,AR,INV-60136
JE-000637,2025-09-15,2025-09,5000,COGS - Materials,12228.62,0,COGS,AR,INV-60136
JE-000638,2025-09-15,2025-09,1220,Inventory - Finished Goods,0,12228.62,Inventory relief,AR,INV-60136
JE-000931,2025-09-15,2025-09,1100,Accounts Receivable,3387.29,0,Invoice INV-60201,AR,INV-60201
JE-000932,2025-09-15,2025-09,4000,Product Sales - Manufactured,0,3387.29,Invoice INV-60201,AR,INV-60201
JE-000933,2025-09-15,2025-09,5000,COGS - Materials,2110.22,0,COGS,AR,INV-60201
JE-000934,2025-09-15,2025-09,1220,Inventory - Finished Goods,0,2110.22,Inventory relief,AR,INV-60201
JE-001039,2025-09-15,2025-09,1100,Accounts Receivable,11314.74,0,Invoice INV-60224,AR,INV-60224
JE-001040,2025-09-15,2025-09,4000,Product Sales - Manufactured,0,10407.6,Invoice INV-60224,AR,INV-60224
JE-001041,2025-09-15,2025-09,4100,Freight Revenue,0,152.59,Freight billed,AR,INV-60224
JE-001042,2025-09-15,2025-09,2100,Accrued Expenses,0,754.55,Sales tax payable,AR,INV-60224
JE-001043,2025-09-15,2025-09,5000,COGS - Materials,6684.4,0,COGS,AR,INV-60224
JE-001044,2025-09-15,2025-09,1220,Inventory - Finished Goods,0,6684.4,Inventory relief,AR,INV-60224
JE-000509,2025-09-16,2025-09,1100,Accounts Receivable,793.6,0,Invoice INV-60110,AR,INV-60110
JE-000510,2025-09-16,2025-09,4000,Product Sales - Manufactured,0,739.95,Invoice INV-60110,AR,INV-60110
JE-000511,2025-09-16,2025-09,2100,Accrued Expenses,0,53.65,Sales tax payable,AR,INV-60110
JE-000512,2025-09-16,2025-09,5000,COGS - Materials,494.92,0,COGS,AR,INV-60110
JE-000513,2025-09-16,2025-09,1220,Inventory - Finished Goods,0,494.92,Inventory relief,AR,INV-60110
JE-002710,2025-09-16,2025-09,2050,GR/IR Clearing (Received Not Invoiced),1203.4,0,Supplier inv 4127748,AP,4127748
JE-002711,2025-09-16,2025-09,2000,Accounts Payable,0,1203.4,Supplier inv 4127748,AP,4127748
JE-000500,2025-09-17,2025-09,1100,Accounts Receivable,8796.32,0,Invoice INV-60108,AR,INV-60108
JE-000501,2025-09-17,2025-09,4000,Product Sales - Manufactured,0,8796.32,Invoice INV-60108,AR,INV-60108
JE-000502,2025-09-17,2025-09,5000,COGS - Materials,6931.17,0,COGS,AR,INV-60108
JE-000503,2025-09-17,2025-09,1220,Inventory - Finished Goods,0,6931.17,Inventory relief,AR,INV-60108
JE-001135,2025-09-17,2025-09,1100,Accounts Receivable,1784.51,0,Invoice INV-60244,AR,INV-60244
JE-001136,2025-09-17,2025-09,4000,Product Sales - Manufactured,0,1784.51,Invoice INV-60244,AR,INV-60244
JE-001137,2025-09-17,2025-09,5000,COGS - Materials,1502.74,0,COGS,AR,INV-60244
JE-001138,2025-09-17,2025-09,1220,Inventory - Finished Goods,0,1502.74,Inventory relief,AR,INV-60244
JE-003450,2025-09-17,2025-09,1200,Inventory - Raw Materials,676.24,0,PO receipt PO-31208,INV,RCV-40198
JE-003451,2025-09-17,2025-09,2050,GR/IR Clearing (Received Not Invoiced),0,676.24,PO receipt PO-31208,INV,RCV-40198
JE-000338,2025-09-18,2025-09,1100,Accounts Receivable,3189.53,0,Invoice INV-60074,AR,INV-60074
JE-000339,2025-09-18,2025-09,4000,Product Sales - Manufactured,0,3189.53,Invoice INV-60074,AR,INV-60074
JE-000340,2025-09-18,2025-09,5000,COGS - Materials,2450.66,0,COGS,AR,INV-60074
JE-000341,2025-09-18,2025-09,1220,Inventory - Finished Goods,0,2450.66,Inventory relief,AR,INV-60074
JE-001074,2025-09-18,2025-09,1100,Accounts Receivable,1089.51,0,Invoice INV-60231,AR,INV-60231
JE-001075,2025-09-18,2025-09,4000,Product Sales - Manufactured,0,1089.51,Invoice INV-60231,AR,INV-60231
JE-001076,2025-09-18,2025-09,5000,COGS - Materials,734.07,0,COGS,AR,INV-60231
JE-001077,2025-09-18,2025-09,1220,Inventory - Finished Goods,0,734.07,Inventory relief,AR,INV-60231
JE-002875,2025-09-18,2025-09,2050,GR/IR Clearing (Received Not Invoiced),5350.0,0,Supplier inv 98583679,AP,98583679
JE-002876,2025-09-18,2025-09,5300,Freight In,174.65,0,Freight in,AP,98583679
JE-002877,2025-09-18,2025-09,2000,Accounts Payable,0,5524.65,Supplier inv 98583679,AP,98583679
JE-002947,2025-09-18,2025-09,2050,GR/IR Clearing (Received Not Invoiced),666.02,0,Supplier inv INV4712284,AP,INV4712284
JE-002948,2025-09-18,2025-09,2000,Accounts Payable,0,666.02,Supplier inv INV4712284,AP,INV4712284
JE-003208,2025-09-18,2025-09,1200,Inventory - Raw Materials,27996.25,0,PO receipt PO-31080,INV,RCV-40077
JE-003209,2025-09-18,2025-09,2050,GR/IR Clearing (Received Not Invoiced),0,27996.25,PO receipt PO-31080,INV,RCV-40077
JE-003280,2025-09-18,2025-09,1200,Inventory - Raw Materials,13196.6,0,PO receipt PO-31121,INV,RCV-40113
JE-003281,2025-09-18,2025-09,2050,GR/IR Clearing (Received Not Invoiced),0,13196.6,PO receipt PO-31121,INV,RCV-40113
JE-003388,2025-09-18,2025-09,1200,Inventory - Raw Materials,5350.0,0,PO receipt PO-31176,INV,RCV-40167
JE-003389,2025-09-18,2025-09,2050,GR/IR Clearing (Received Not Invoiced),0,5350.0,PO receipt PO-31176,INV,RCV-40167
JE-001937,2025-09-19,2025-09,1000,Operating Cash,2736.16,0,Customer payment,AR,NIC-CR00051
JE-001938,2025-09-19,2025-09,1100,Accounts Receivable,0,2736.16,Customer payment,AR,NIC-CR00051
JE-002539,2025-09-19,2025-09,2050,GR/IR Clearing (Received Not Invoiced),1730.52,0,Supplier inv SI8867698,AP,SI8867698
JE-002540,2025-09-19,2025-09,5300,Freight In,153.63,0,Freight in,AP,SI8867698
JE-002541,2025-09-19,2025-09,2000,Accounts Payable,0,1884.15,Supplier inv SI8867698,AP,SI8867698
JE-001843,2025-09-20,2025-09,1000,Operating Cash,6119.87,0,Customer payment,AR,NIC-CR00004
JE-001844,2025-09-20,2025-09,1100,Accounts Receivable,0,6119.87,Customer payment,AR,NIC-CR00004
JE-002319,2025-09-20,2025-09,1000,Operating Cash,6398.84,0,Customer payment,AR,NIC-CR00242
JE-002320,2025-09-20,2025-09,1100,Accounts Receivable,0,6398.84,Customer payment,AR,NIC-CR00242
JE-002756,2025-09-20,2025-09,2050,GR/IR Clearing (Received Not Invoiced),13196.6,0,Supplier inv 7385578,AP,7385578
JE-002757,2025-09-20,2025-09,2000,Accounts Payable,0,13196.6,Supplier inv 7385578,AP,7385578
JE-002878,2025-09-20,2025-09,2050,GR/IR Clearing (Received Not Invoiced),11942.0,0,Supplier inv 2509053,AP,2509053
JE-002879,2025-09-20,2025-09,2000,Accounts Payable,0,11942.0,Supplier inv 2509053,AP,2509053
JE-003262,2025-09-20,2025-09,1200,Inventory - Raw Materials,2072.6,0,PO receipt PO-31111,INV,RCV-40104
JE-003263,2025-09-20,2025-09,2050,GR/IR Clearing (Received Not Invoiced),0,2072.6,PO receipt PO-31111,INV,RCV-40104
JE-003390,2025-09-20,2025-09,1200,Inventory - Raw Materials,11942.0,0,PO receipt PO-31177,INV,RCV-40168
JE-003391,2025-09-20,2025-09,2050,GR/IR Clearing (Received Not Invoiced),0,11942.0,PO receipt PO-31177,INV,RCV-40168
JE-000138,2025-09-21,2025-09,1100,Accounts Receivable,7691.87,0,Invoice INV-60030,AR,INV-60030
JE-000139,2025-09-21,2025-09,4000,Product Sales - Manufactured,0,7516.76,Invoice INV-60030,AR,INV-60030
JE-000140,2025-09-21,2025-09,4100,Freight Revenue,0,175.11,Freight billed,AR,INV-60030
JE-000141,2025-09-21,2025-09,5000,COGS - Materials,4774.87,0,COGS,AR,INV-60030
JE-000142,2025-09-21,2025-09,1220,Inventory - Finished Goods,0,4774.87,Inventory relief,AR,INV-60030
JE-001088,2025-09-21,2025-09,1100,Accounts Receivable,10433.1,0,Invoice INV-60234,AR,INV-60234
JE-001089,2025-09-21,2025-09,4000,Product Sales - Manufactured,0,10292.08,Invoice INV-60234,AR,INV-60234
JE-001090,2025-09-21,2025-09,4100,Freight Revenue,0,141.02,Freight billed,AR,INV-60234
JE-001091,2025-09-21,2025-09,5000,COGS - Materials,6591.15,0,COGS,AR,INV-60234
JE-001092,2025-09-21,2025-09,1220,Inventory - Finished Goods,0,6591.15,Inventory relief,AR,INV-60234
JE-002033,2025-09-21,2025-09,1000,Operating Cash,3915.68,0,Customer payment,AR,NIC-CR00099
JE-002034,2025-09-21,2025-09,1100,Accounts Receivable,0,3915.68,Customer payment,AR,NIC-CR00099
JE-002189,2025-09-21,2025-09,1000,Operating Cash,7426.66,0,Customer payment,AR,NIC-CR00177
JE-002190,2025-09-21,2025-09,1100,Accounts Receivable,0,7426.66,Customer payment,AR,NIC-CR00177
JE-002365,2025-09-21,2025-09,1000,Operating Cash,10461.72,0,Customer payment,AR,NIC-CR00265
JE-002366,2025-09-21,2025-09,1100,Accounts Receivable,0,10461.72,Customer payment,AR,NIC-CR00265
JE-002932,2025-09-21,2025-09,2050,GR/IR Clearing (Received Not Invoiced),575.0,0,Supplier inv 8260079,AP,8260079
JE-002933,2025-09-21,2025-09,2000,Accounts Payable,0,575.0,Supplier inv 8260079,AP,8260079
JE-003024,2025-09-21,2025-09,2050,GR/IR Clearing (Received Not Invoiced),6698.0,0,Supplier inv 9618166,AP,9618166
JE-003025,2025-09-21,2025-09,5300,Freight In,6.98,0,Freight in,AP,9618166
JE-003026,2025-09-21,2025-09,2000,Accounts Payable,0,6704.98,Supplier inv 9618166,AP,9618166
JE-003200,2025-09-21,2025-09,1200,Inventory - Raw Materials,2928.0,0,PO receipt PO-31075,INV,RCV-40073
JE-003201,2025-09-21,2025-09,2050,GR/IR Clearing (Received Not Invoiced),0,2928.0,PO receipt PO-31075,INV,RCV-40073
JE-003522,2025-09-21,2025-09,1200,Inventory - Raw Materials,6659.12,0,PO receipt PO-31247,INV,RCV-40234
JE-003523,2025-09-21,2025-09,2050,GR/IR Clearing (Received Not Invoiced),0,6659.12,PO receipt PO-31247,INV,RCV-40234
JE-000054,2025-09-22,2025-09,1100,Accounts Receivable,950.0,0,Invoice INV-60012,AR,INV-60012
JE-000055,2025-09-22,2025-09,4000,Product Sales - Manufactured,0,885.78,Invoice INV-60012,AR,INV-60012
JE-000056,2025-09-22,2025-09,2100,Accrued Expenses,0,64.22,Sales tax payable,AR,INV-60012
JE-000057,2025-09-22,2025-09,5000,COGS - Materials,489.38,0,COGS,AR,INV-60012
JE-000058,2025-09-22,2025-09,1220,Inventory - Finished Goods,0,489.38,Inventory relief,AR,INV-60012
JE-000766,2025-09-22,2025-09,1100,Accounts Receivable,25433.44,0,Invoice INV-60164,AR,INV-60164
JE-000767,2025-09-22,2025-09,4000,Product Sales - Manufactured,0,25433.44,Invoice INV-60164,AR,INV-60164
JE-000768,2025-09-22,2025-09,5000,COGS - Materials,19964.38,0,COGS,AR,INV-60164
JE-000769,2025-09-22,2025-09,1220,Inventory - Finished Goods,0,19964.38,Inventory relief,AR,INV-60164
JE-002053,2025-09-22,2025-09,1000,Operating Cash,9489.12,0,Customer payment,AR,NIC-CR00109
JE-002054,2025-09-22,2025-09,1100,Accounts Receivable,0,9489.12,Customer payment,AR,NIC-CR00109
JE-002668,2025-09-22,2025-09,2050,GR/IR Clearing (Received Not Invoiced),2928.0,0,Supplier inv 95122887,AP,95122887
JE-002669,2025-09-22,2025-09,2000,Accounts Payable,0,2928.0,Supplier inv 95122887,AP,95122887
JE-002677,2025-09-22,2025-09,2050,GR/IR Clearing (Received Not Invoiced),27996.25,0,Supplier inv SI3849539,AP,SI3849539
JE-002678,2025-09-22,2025-09,2000,Accounts Payable,0,27996.25,Supplier inv SI3849539,AP,SI3849539
JE-002736,2025-09-22,2025-09,2050,GR/IR Clearing (Received Not Invoiced),2072.6,0,Supplier inv INV5089310,AP,INV5089310
JE-002737,2025-09-22,2025-09,2000,Accounts Payable,0,2072.6,Supplier inv INV5089310,AP,INV5089310
JE-003380,2025-09-22,2025-09,1200,Inventory - Raw Materials,99.28,0,PO receipt PO-31172,INV,RCV-40163
JE-003381,2025-09-22,2025-09,2050,GR/IR Clearing (Received Not Invoiced),0,99.28,PO receipt PO-31172,INV,RCV-40163
JE-001871,2025-09-23,2025-09,1000,Operating Cash,4698.17,0,Customer payment,AR,NIC-CR00018
JE-001872,2025-09-23,2025-09,1100,Accounts Receivable,0,4698.17,Customer payment,AR,NIC-CR00018
JE-001873,2025-09-23,2025-09,1000,Operating Cash,511.67,0,Customer payment,AR,NIC-CR00019
JE-001874,2025-09-23,2025-09,1100,Accounts Receivable,0,511.67,Customer payment,AR,NIC-CR00019
JE-002221,2025-09-23,2025-09,1000,Operating Cash,13167.63,0,Customer payment,AR,NIC-CR00193
JE-002222,2025-09-23,2025-09,1100,Accounts Receivable,0,13167.63,Customer payment,AR,NIC-CR00193
JE-002698,2025-09-23,2025-09,2050,GR/IR Clearing (Received Not Invoiced),8069.25,0,Supplier inv INV4150002,AP,INV4150002
JE-002699,2025-09-23,2025-09,2000,Accounts Payable,0,8069.25,Supplier inv INV4150002,AP,INV4150002
JE-002866,2025-09-23,2025-09,2050,GR/IR Clearing (Received Not Invoiced),99.94,0,Supplier inv 6802601,AP,6802601
JE-002867,2025-09-23,2025-09,2000,Accounts Payable,0,99.94,Supplier inv 6802601,AP,6802601
JE-003228,2025-09-23,2025-09,1200,Inventory - Raw Materials,7759.5,0,PO receipt PO-31092,INV,RCV-40087
JE-003229,2025-09-23,2025-09,2050,GR/IR Clearing (Received Not Invoiced),0,7759.5,PO receipt PO-31092,INV,RCV-40087
JE-000865,2025-09-25,2025-09,1100,Accounts Receivable,11590.34,0,Invoice INV-60186,AR,INV-60186
JE-000866,2025-09-25,2025-09,4000,Product Sales - Manufactured,0,11416.22,Invoice INV-60186,AR,INV-60186
JE-000867,2025-09-25,2025-09,4100,Freight Revenue,0,174.12,Freight billed,AR,INV-60186
JE-000868,2025-09-25,2025-09,5000,COGS - Materials,7766.08,0,COGS,AR,INV-60186
JE-000869,2025-09-25,2025-09,1220,Inventory - Finished Goods,0,7766.08,Inventory relief,AR,INV-60186
JE-001766,2025-09-25,2025-09,1100,Accounts Receivable,2851.22,0,Invoice INV-60377,AR,INV-60377
JE-001767,2025-09-25,2025-09,4000,Product Sales - Manufactured,0,2650.1,Invoice INV-60377,AR,INV-60377
JE-001768,2025-09-25,2025-09,4100,Freight Revenue,0,201.12,Freight billed,AR,INV-60377
JE-001769,2025-09-25,2025-09,5000,COGS - Materials,1583.1,0,COGS,AR,INV-60377
JE-001770,2025-09-25,2025-09,1220,Inventory - Finished Goods,0,1583.1,Inventory relief,AR,INV-60377
JE-001855,2025-09-25,2025-09,1000,Operating Cash,30088.16,0,Customer payment,AR,NIC-CR00010
JE-001856,2025-09-25,2025-09,1100,Accounts Receivable,0,30088.16,Customer payment,AR,NIC-CR00010
JE-002167,2025-09-25,2025-09,1000,Operating Cash,3228.52,0,Customer payment,AR,NIC-CR00166
JE-002168,2025-09-25,2025-09,1100,Accounts Receivable,0,3228.52,Customer payment,AR,NIC-CR00166
JE-002359,2025-09-25,2025-09,1000,Operating Cash,2174.04,0,Customer payment,AR,NIC-CR00262
JE-002360,2025-09-25,2025-09,1100,Accounts Receivable,0,2174.04,Customer payment,AR,NIC-CR00262
JE-002445,2025-09-25,2025-09,1000,Operating Cash,5042.55,0,Customer payment,AR,NIC-CR00305
JE-002446,2025-09-25,2025-09,1100,Accounts Receivable,0,5042.55,Customer payment,AR,NIC-CR00305
JE-003204,2025-09-25,2025-09,1200,Inventory - Raw Materials,77.0,0,PO receipt PO-31078,INV,RCV-40075
JE-003205,2025-09-25,2025-09,2050,GR/IR Clearing (Received Not Invoiced),0,77.0,PO receipt PO-31078,INV,RCV-40075
JE-000374,2025-09-27,2025-09,1100,Accounts Receivable,1294.38,0,Invoice INV-60082,AR,INV-60082
JE-000375,2025-09-27,2025-09,4000,Product Sales - Manufactured,0,1054.0,Invoice INV-60082,AR,INV-60082
JE-000376,2025-09-27,2025-09,4100,Freight Revenue,0,163.97,Freight billed,AR,INV-60082
JE-000377,2025-09-27,2025-09,2100,Accrued Expenses,0,76.41,Sales tax payable,AR,INV-60082
JE-000378,2025-09-27,2025-09,5000,COGS - Materials,787.55,0,COGS,AR,INV-60082
JE-000379,2025-09-27,2025-09,1220,Inventory - Finished Goods,0,787.55,Inventory relief,AR,INV-60082
JE-003366,2025-09-27,2025-09,1200,Inventory - Raw Materials,56.4,0,PO receipt PO-31165,INV,RCV-40156
JE-003367,2025-09-27,2025-09,2050,GR/IR Clearing (Received Not Invoiced),0,56.4,PO receipt PO-31165,INV,RCV-40156
JE-000298,2025-09-28,2025-09,1100,Accounts Receivable,5544.88,0,Invoice INV-60065,AR,INV-60065
JE-000299,2025-09-28,2025-09,4000,Product Sales - Manufactured,0,5419.04,Invoice INV-60065,AR,INV-60065
JE-000300,2025-09-28,2025-09,4100,Freight Revenue,0,125.84,Freight billed,AR,INV-60065
JE-000301,2025-09-28,2025-09,5000,COGS - Materials,4437.28,0,COGS,AR,INV-60065
JE-000302,2025-09-28,2025-09,1220,Inventory - Finished Goods,0,4437.28,Inventory relief,AR,INV-60065
JE-000746,2025-09-28,2025-09,1100,Accounts Receivable,14763.34,0,Invoice INV-60160,AR,INV-60160
JE-000747,2025-09-28,2025-09,4000,Product Sales - Manufactured,0,13765.35,Invoice INV-60160,AR,INV-60160
JE-000748,2025-09-28,2025-09,2100,Accrued Expenses,0,997.99,Sales tax payable,AR,INV-60160
JE-000749,2025-09-28,2025-09,5000,COGS - Materials,12253.3,0,COGS,AR,INV-60160
JE-000750,2025-09-28,2025-09,1220,Inventory - Finished Goods,0,12253.3,Inventory relief,AR,INV-60160
JE-001416,2025-09-28,2025-09,1100,Accounts Receivable,5921.3,0,Invoice INV-60303,AR,INV-60303
JE-001417,2025-09-28,2025-09,4000,Product Sales - Manufactured,0,5724.38,Invoice INV-60303,AR,INV-60303
JE-001418,2025-09-28,2025-09,4100,Freight Revenue,0,196.92,Freight billed,AR,INV-60303
JE-001419,2025-09-28,2025-09,5000,COGS - Materials,4382.46,0,COGS,AR,INV-60303
JE-001420,2025-09-28,2025-09,1220,Inventory - Finished Goods,0,4382.46,Inventory relief,AR,INV-60303
JE-002672,2025-09-28,2025-09,2050,GR/IR Clearing (Received Not Invoiced),76.0,0,Supplier inv INV3059718,AP,INV3059718
JE-002673,2025-09-28,2025-09,5300,Freight In,55.06,0,Freight in,AP,INV3059718
JE-002674,2025-09-28,2025-09,2000,Accounts Payable,0,131.06,Supplier inv INV3059718,AP,INV3059718
JE-000461,2025-09-29,2025-09,1100,Accounts Receivable,11421.92,0,Invoice INV-60100,AR,INV-60100
JE-000462,2025-09-29,2025-09,4000,Product Sales - Manufactured,0,10414.69,Invoice INV-60100,AR,INV-60100
JE-000463,2025-09-29,2025-09,4100,Freight Revenue,0,252.16,Freight billed,AR,INV-60100
JE-000464,2025-09-29,2025-09,2100,Accrued Expenses,0,755.07,Sales tax payable,AR,INV-60100
JE-000465,2025-09-29,2025-09,5000,COGS - Materials,6395.41,0,COGS,AR,INV-60100
JE-000466,2025-09-29,2025-09,1220,Inventory - Finished Goods,0,6395.41,Inventory relief,AR,INV-60100
JE-001593,2025-09-29,2025-09,1100,Accounts Receivable,167.16,0,Invoice INV-60341,AR,INV-60341
JE-001594,2025-09-29,2025-09,4000,Product Sales - Manufactured,0,155.86,Invoice INV-60341,AR,INV-60341
JE-001595,2025-09-29,2025-09,2100,Accrued Expenses,0,11.3,Sales tax payable,AR,INV-60341
JE-001596,2025-09-29,2025-09,5000,COGS - Materials,111.33,0,COGS,AR,INV-60341
JE-001597,2025-09-29,2025-09,1220,Inventory - Finished Goods,0,111.33,Inventory relief,AR,INV-60341
JE-000250,2025-09-30,2025-09,1100,Accounts Receivable,16458.48,0,Invoice INV-60054,AR,INV-60054
JE-000251,2025-09-30,2025-09,4000,Product Sales - Manufactured,0,16458.48,Invoice INV-60054,AR,INV-60054
JE-000252,2025-09-30,2025-09,5000,COGS - Materials,10414.72,0,COGS,AR,INV-60054
JE-000253,2025-09-30,2025-09,1220,Inventory - Finished Goods,0,10414.72,Inventory relief,AR,INV-60054
JE-000782,2025-09-30,2025-09,1100,Accounts Receivable,4202.05,0,Invoice INV-60168,AR,INV-60168
JE-000783,2025-09-30,2025-09,4000,Product Sales - Manufactured,0,4202.05,Invoice INV-60168,AR,INV-60168
JE-000784,2025-09-30,2025-09,5000,COGS - Materials,3016.01,0,COGS,AR,INV-60168
JE-000785,2025-09-30,2025-09,1220,Inventory - Finished Goods,0,3016.01,Inventory relief,AR,INV-60168
JE-001733,2025-09-30,2025-09,1100,Accounts Receivable,6072.78,0,Invoice INV-60370,AR,INV-60370
JE-001734,2025-09-30,2025-09,4000,Product Sales - Manufactured,0,6072.78,Invoice INV-60370,AR,INV-60370
JE-001735,2025-09-30,2025-09,5000,COGS - Materials,3484.52,0,COGS,AR,INV-60370
JE-001736,2025-09-30,2025-09,1220,Inventory - Finished Goods,0,3484.52,Inventory relief,AR,INV-60370
JE-003142,2025-09-30,2025-09,1200,Inventory - Raw Materials,3969.0,0,PO receipt PO-31044,INV,RCV-40044
JE-003143,2025-09-30,2025-09,2050,GR/IR Clearing (Received Not Invoiced),0,3969.0,PO receipt PO-31044,INV,RCV-40044
JE-003160,2025-09-30,2025-09,1200,Inventory - Raw Materials,14555.38,0,PO receipt PO-31053,INV,RCV-40053
JE-003161,2025-09-30,2025-09,2050,GR/IR Clearing (Received Not Invoiced),0,14555.38,PO receipt PO-31053,INV,RCV-40053
JE-003560,2025-09-30,2025-09,6700,Office & Supplies,1087.46,0,Iron Mountain Inc.,AP,NIC-AP00006
JE-003561,2025-09-30,2025-09,2000,Accounts Payable,0,1087.46,Iron Mountain Inc.,AP,NIC-AP00006
JE-003576,2025-09-30,2025-09,6700,Office & Supplies,1459.08,0,"W.W. Grainger, Inc.",AP,NIC-AP00014
JE-003577,2025-09-30,2025-09,2000,Accounts Payable,0,1459.08,"W.W. Grainger, Inc.",AP,NIC-AP00014
JE-003600,2025-09-30,2025-09,6700,Office & Supplies,2062.84,0,Cintas Corporation,AP,NIC-AP00026
JE-003601,2025-09-30,2025-09,2000,Accounts Payable,0,2062.84,Cintas Corporation,AP,NIC-AP00026
JE-003618,2025-09-30,2025-09,6300,Rent,4109.77,0,Waste Management of Illinois,AP,NIC-AP00035
JE-003619,2025-09-30,2025-09,2000,Accounts Payable,0,4109.77,Waste Management of Illinois,AP,NIC-AP00035
JE-003636,2025-09-30,2025-09,5300,Freight In,54.17,0,UPS,AP,NIC-AP00044
JE-003637,2025-09-30,2025-09,2000,Accounts Payable,0,54.17,UPS,AP,NIC-AP00044
JE-003670,2025-09-30,2025-09,6700,Office & Supplies,2589.72,0,Sunbelt Rentals,AP,NIC-AP00061
JE-003671,2025-09-30,2025-09,2000,Accounts Payable,0,2589.72,Sunbelt Rentals,AP,NIC-AP00061
JE-003692,2025-09-30,2025-09,6300,Rent,38500,0,Rockford Industrial Park LLC,AP,NIC-AP00072
JE-003693,2025-09-30,2025-09,2000,Accounts Payable,0,38500,Rockford Industrial Park LLC,AP,NIC-AP00072
JE-003716,2025-09-30,2025-09,6400,Software Subscriptions,15750.0,0,Epicor Kinetic,AP,SW-EPICOR
JE-003717,2025-09-30,2025-09,2000,Accounts Payable,0,15750.0,Epicor Kinetic,AP,SW-EPICOR
JE-003740,2025-09-30,2025-09,6400,Software Subscriptions,1079.17,0,SolidWorks Standard,AP,SW-SOLIDW
JE-003741,2025-09-30,2025-09,2000,Accounts Payable,0,1079.17,SolidWorks Standard,AP,SW-SOLIDW
JE-003764,2025-09-30,2025-09,6400,Software Subscriptions,1000.0,0,MasterControl,AP,SW-MASTER
JE-003765,2025-09-30,2025-09,2000,Accounts Payable,0,1000.0,MasterControl,AP,SW-MASTER
JE-003788,2025-09-30,2025-09,6400,Software Subscriptions,1775.0,0,Microsoft 365 Business Standard,AP,SW-MICROS
JE-003789,2025-09-30,2025-09,2000,Accounts Payable,0,1775.0,Microsoft 365 Business Standard,AP,SW-MICROS
JE-003812,2025-09-30,2025-09,6400,Software Subscriptions,4920.0,0,ADP Workforce Now,AP,SW-ADPWO
JE-003813,2025-09-30,2025-09,2000,Accounts Payable,0,4920.0,ADP Workforce Now,AP,SW-ADPWO
JE-003836,2025-09-30,2025-09,6400,Software Subscriptions,900.0,0,Salesforce Sales Cloud,AP,SW-SALESF
JE-003837,2025-09-30,2025-09,2000,Accounts Payable,0,900.0,Salesforce Sales Cloud,AP,SW-SALESF
JE-003860,2025-09-30,2025-09,6400,Software Subscriptions,700.0,0,Bill.com,AP,SW-BILL.C
JE-003861,2025-09-30,2025-09,2000,Accounts Payable,0,700.0,Bill.com,AP,SW-BILL.C
JE-003884,2025-09-30,2025-09,6400,Software Subscriptions,3150.0,0,Box Business,AP,SW-BOXBU
JE-003885,2025-09-30,2025-09,2000,Accounts Payable,0,3150.0,Box Business,AP,SW-BOXBU
JE-003908,2025-09-30,2025-09,6400,Software Subscriptions,1440.0,0,Zoom Workplace,AP,SW-ZOOMW
JE-003909,2025-09-30,2025-09,2000,Accounts Payable,0,1440.0,Zoom Workplace,AP,SW-ZOOMW
JE-003932,2025-09-30,2025-09,6400,Software Subscriptions,1020.0,0,RingCentral MVP,AP,SW-RINGCE
JE-003933,2025-09-30,2025-09,2000,Accounts Payable,0,1020.0,RingCentral MVP,AP,SW-RINGCE
JE-003956,2025-09-30,2025-09,6400,Software Subscriptions,355.0,0,KnowBe4,AP,SW-KNOWBE
JE-003957,2025-09-30,2025-09,2000,Accounts Payable,0,355.0,KnowBe4,AP,SW-KNOWBE
JE-003980,2025-09-30,2025-09,6000,Salaries & Wages,655028.93,0,Monthly payroll,PR,PR-202509
JE-003981,2025-09-30,2025-09,2300,Payroll Liabilities,0,655028.93,Monthly payroll,PR,PR-202509
JE-000288,2025-10-01,2025-10,1100,Accounts Receivable,10074.02,0,Invoice INV-60063,AR,INV-60063
JE-000289,2025-10-01,2025-10,4000,Product Sales - Manufactured,0,9941.61,Invoice INV-60063,AR,INV-60063
JE-000290,2025-10-01,2025-10,4100,Freight Revenue,0,132.41,Freight billed,AR,INV-60063
JE-000291,2025-10-01,2025-10,5000,COGS - Materials,7422.14,0,COGS,AR,INV-60063
JE-000292,2025-10-01,2025-10,1220,Inventory - Finished Goods,0,7422.14,Inventory relief,AR,INV-60063
JE-002215,2025-10-01,2025-10,1000,Operating Cash,20133.86,0,Customer payment,AR,NIC-CR00190
JE-002216,2025-10-01,2025-10,1100,Accounts Receivable,0,20133.86,Customer payment,AR,NIC-CR00190
JE-003266,2025-10-01,2025-10,1200,Inventory - Raw Materials,1067.64,0,PO receipt PO-31113,INV,RCV-40106
JE-003267,2025-10-01,2025-10,2050,GR/IR Clearing (Received Not Invoiced),0,1067.64,PO receipt PO-31113,INV,RCV-40106
JE-003468,2025-10-01,2025-10,1200,Inventory - Raw Materials,3109.58,0,PO receipt PO-31217,INV,RCV-40207
JE-003469,2025-10-01,2025-10,2050,GR/IR Clearing (Received Not Invoiced),0,3109.58,PO receipt PO-31217,INV,RCV-40207
JE-000627,2025-10-02,2025-10,1100,Accounts Receivable,9134.6,0,Invoice INV-60135,AR,INV-60135
JE-000628,2025-10-02,2025-10,4000,Product Sales - Manufactured,0,7992.94,Invoice INV-60135,AR,INV-60135
JE-000629,2025-10-02,2025-10,4100,Freight Revenue,0,562.17,Freight billed,AR,INV-60135
JE-000630,2025-10-02,2025-10,2100,Accrued Expenses,0,579.49,Sales tax payable,AR,INV-60135
JE-000631,2025-10-02,2025-10,5000,COGS - Materials,5623.09,0,COGS,AR,INV-60135
JE-000632,2025-10-02,2025-10,1220,Inventory - Finished Goods,0,5623.09,Inventory relief,AR,INV-60135
JE-002103,2025-10-02,2025-10,1000,Operating Cash,14729.69,0,Customer payment,AR,NIC-CR00134
JE-002104,2025-10-02,2025-10,1100,Accounts Receivable,0,14729.69,Customer payment,AR,NIC-CR00134
JE-002850,2025-10-02,2025-10,2050,GR/IR Clearing (Received Not Invoiced),56.4,0,Supplier inv SI1220396,AP,SI1220396
JE-002851,2025-10-02,2025-10,5300,Freight In,86.65,0,Freight in,AP,SI1220396
JE-002852,2025-10-02,2025-10,2000,Accounts Payable,0,143.05,Supplier inv SI1220396,AP,SI1220396
JE-003214,2025-10-02,2025-10,1200,Inventory - Raw Materials,4130.2,0,PO receipt PO-31085,INV,RCV-40080
JE-003215,2025-10-02,2025-10,2050,GR/IR Clearing (Received Not Invoiced),0,4130.2,PO receipt PO-31085,INV,RCV-40080
JE-002133,2025-10-03,2025-10,1000,Operating Cash,3290.42,0,Customer payment,AR,NIC-CR00149
JE-002134,2025-10-03,2025-10,1100,Accounts Receivable,0,3290.42,Customer payment,AR,NIC-CR00149
JE-002163,2025-10-03,2025-10,1000,Operating Cash,1542.04,0,Customer payment,AR,NIC-CR00164
JE-002164,2025-10-03,2025-10,1100,Accounts Receivable,0,1542.04,Customer payment,AR,NIC-CR00164
JE-002966,2025-10-03,2025-10,2050,GR/IR Clearing (Received Not Invoiced),3109.58,0,Supplier inv INV4728054,AP,INV4728054
JE-002967,2025-10-03,2025-10,2000,Accounts Payable,0,3109.58,Supplier inv INV4728054,AP,INV4728054
JE-001841,2025-10-04,2025-10,1000,Operating Cash,5834.13,0,Customer payment,AR,NIC-CR00003
JE-001842,2025-10-04,2025-10,1100,Accounts Receivable,0,5834.13,Customer payment,AR,NIC-CR00003
JE-003210,2025-10-04,2025-10,1200,Inventory - Raw Materials,139.74,0,PO receipt PO-31082,INV,RCV-40078
JE-003211,2025-10-04,2025-10,2050,GR/IR Clearing (Received Not Invoiced),0,139.74,PO receipt PO-31082,INV,RCV-40078
JE-003290,2025-10-04,2025-10,1200,Inventory - Raw Materials,12550.0,0,PO receipt PO-31126,INV,RCV-40118
JE-003291,2025-10-04,2025-10,2050,GR/IR Clearing (Received Not Invoiced),0,12550.0,PO receipt PO-31126,INV,RCV-40118
JE-000035,2025-10-05,2025-10,1100,Accounts Receivable,11447.17,0,Invoice INV-60008,AR,INV-60008
JE-000036,2025-10-05,2025-10,4000,Product Sales - Manufactured,0,11232.96,Invoice INV-60008,AR,INV-60008
JE-000037,2025-10-05,2025-10,4100,Freight Revenue,0,214.21,Freight billed,AR,INV-60008
JE-000038,2025-10-05,2025-10,5000,COGS - Materials,8012.62,0,COGS,AR,INV-60008
JE-000039,2025-10-05,2025-10,1220,Inventory - Finished Goods,0,8012.62,Inventory relief,AR,INV-60008
JE-000519,2025-10-05,2025-10,1100,Accounts Receivable,3877.8,0,Invoice INV-60112,AR,INV-60112
JE-000520,2025-10-05,2025-10,4000,Product Sales - Manufactured,0,3551.78,Invoice INV-60112,AR,INV-60112
JE-000521,2025-10-05,2025-10,4100,Freight Revenue,0,68.52,Freight billed,AR,INV-60112
JE-000522,2025-10-05,2025-10,2100,Accrued Expenses,0,257.5,Sales tax payable,AR,INV-60112
JE-000523,2025-10-05,2025-10,5000,COGS - Materials,2003.0,0,COGS,AR,INV-60112
JE-000524,2025-10-05,2025-10,1220,Inventory - Finished Goods,0,2003.0,Inventory relief,AR,INV-60112
JE-000988,2025-10-05,2025-10,1100,Accounts Receivable,4147.86,0,Invoice INV-60213,AR,INV-60213
JE-000989,2025-10-05,2025-10,4000,Product Sales - Manufactured,0,4147.86,Invoice INV-60213,AR,INV-60213
JE-000990,2025-10-05,2025-10,5000,COGS - Materials,3191.09,0,COGS,AR,INV-60213
JE-000991,2025-10-05,2025-10,1220,Inventory - Finished Goods,0,3191.09,Inventory relief,AR,INV-60213
JE-001344,2025-10-05,2025-10,1100,Accounts Receivable,9847.13,0,Invoice INV-60287,AR,INV-60287
JE-001345,2025-10-05,2025-10,4000,Product Sales - Manufactured,0,9064.98,Invoice INV-60287,AR,INV-60287
JE-001346,2025-10-05,2025-10,4100,Freight Revenue,0,124.94,Freight billed,AR,INV-60287
JE-001347,2025-10-05,2025-10,2100,Accrued Expenses,0,657.21,Sales tax payable,AR,INV-60287
JE-001348,2025-10-05,2025-10,5000,COGS - Materials,7351.98,0,COGS,AR,INV-60287
JE-001349,2025-10-05,2025-10,1220,Inventory - Finished Goods,0,7351.98,Inventory relief,AR,INV-60287
JE-001991,2025-10-05,2025-10,1000,Operating Cash,2120.77,0,Customer payment,AR,NIC-CR00078
JE-001992,2025-10-05,2025-10,1100,Accounts Receivable,0,2120.77,Customer payment,AR,NIC-CR00078
JE-002345,2025-10-05,2025-10,1000,Operating Cash,9403.69,0,Customer payment,AR,NIC-CR00255
JE-002346,2025-10-05,2025-10,1100,Accounts Receivable,0,9403.69,Customer payment,AR,NIC-CR00255
JE-002741,2025-10-05,2025-10,2050,GR/IR Clearing (Received Not Invoiced),1067.64,0,Supplier inv 92591690,AP,92591690
JE-002742,2025-10-05,2025-10,2000,Accounts Payable,0,1067.64,Supplier inv 92591690,AP,92591690
JE-003434,2025-10-05,2025-10,1200,Inventory - Raw Materials,4004.73,0,PO receipt PO-31200,INV,RCV-40190
JE-003435,2025-10-05,2025-10,2050,GR/IR Clearing (Received Not Invoiced),0,4004.73,PO receipt PO-31200,INV,RCV-40190
JE-001176,2025-10-06,2025-10,1100,Accounts Receivable,438.65,0,Invoice INV-60253,AR,INV-60253
JE-001177,2025-10-06,2025-10,4000,Product Sales - Manufactured,0,409.0,Invoice INV-60253,AR,INV-60253
JE-001178,2025-10-06,2025-10,2100,Accrued Expenses,0,29.65,Sales tax payable,AR,INV-60253
JE-001179,2025-10-06,2025-10,5000,COGS - Materials,254.75,0,COGS,AR,INV-60253
JE-001180,2025-10-06,2025-10,1220,Inventory - Finished Goods,0,254.75,Inventory relief,AR,INV-60253
JE-002067,2025-10-06,2025-10,1000,Operating Cash,588.91,0,Customer payment,AR,NIC-CR00116
JE-002068,2025-10-06,2025-10,1100,Accounts Receivable,0,588.91,Customer payment,AR,NIC-CR00116
JE-002599,2025-10-06,2025-10,2050,GR/IR Clearing (Received Not Invoiced),3969.0,0,Supplier inv 96186701,AP,96186701
JE-002600,2025-10-06,2025-10,2000,Accounts Payable,0,3969.0,Supplier inv 96186701,AP,96186701
JE-002618,2025-10-06,2025-10,2050,GR/IR Clearing (Received Not Invoiced),14555.38,0,Supplier inv 99669852,AP,99669852
JE-002619,2025-10-06,2025-10,2000,Accounts Payable,0,14555.38,Supplier inv 99669852,AP,99669852
JE-002679,2025-10-06,2025-10,2050,GR/IR Clearing (Received Not Invoiced),137.0,0,Supplier inv 3598184,AP,3598184
JE-002680,2025-10-06,2025-10,2000,Accounts Payable,0,137.0,Supplier inv 3598184,AP,3598184
JE-002766,2025-10-06,2025-10,2050,GR/IR Clearing (Received Not Invoiced),12550.0,0,Supplier inv 3300669,AP,3300669
JE-002767,2025-10-06,2025-10,2000,Accounts Payable,0,12550.0,Supplier inv 3300669,AP,3300669
JE-001447,2025-10-07,2025-10,1100,Accounts Receivable,2787.57,0,Invoice INV-60310,AR,INV-60310
JE-001448,2025-10-07,2025-10,4000,Product Sales - Manufactured,0,2787.57,Invoice INV-60310,AR,INV-60310
JE-001449,2025-10-07,2025-10,5000,COGS - Materials,2394.0,0,COGS,AR,INV-60310
JE-001450,2025-10-07,2025-10,1220,Inventory - Finished Goods,0,2394.0,Inventory relief,AR,INV-60310
JE-002043,2025-10-07,2025-10,1000,Operating Cash,25249.08,0,Customer payment,AR,NIC-CR00104
JE-002044,2025-10-07,2025-10,1100,Accounts Receivable,0,25249.08,Customer payment,AR,NIC-CR00104
JE-002115,2025-10-07,2025-10,1000,Operating Cash,6549.14,0,Customer payment,AR,NIC-CR00140
JE-002116,2025-10-07,2025-10,1100,Accounts Receivable,0,6549.14,Customer payment,AR,NIC-CR00140
JE-000143,2025-10-08,2025-10,1100,Accounts Receivable,4471.32,0,Invoice INV-60031,AR,INV-60031
JE-000144,2025-10-08,2025-10,4000,Product Sales - Manufactured,0,4471.32,Invoice INV-60031,AR,INV-60031
JE-000145,2025-10-08,2025-10,5000,COGS - Materials,2718.65,0,COGS,AR,INV-60031
JE-000146,2025-10-08,2025-10,1220,Inventory - Finished Goods,0,2718.65,Inventory relief,AR,INV-60031
JE-001819,2025-10-09,2025-10,1100,Accounts Receivable,6206.61,0,Invoice INV-60388,AR,INV-60388
JE-001820,2025-10-09,2025-10,4000,Product Sales - Manufactured,0,5951.69,Invoice INV-60388,AR,INV-60388
JE-001821,2025-10-09,2025-10,4100,Freight Revenue,0,254.92,Freight billed,AR,INV-60388
JE-001822,2025-10-09,2025-10,5000,COGS - Materials,5065.61,0,COGS,AR,INV-60388
JE-001823,2025-10-09,2025-10,1220,Inventory - Finished Goods,0,5065.61,Inventory relief,AR,INV-60388
JE-002683,2025-10-09,2025-10,2050,GR/IR Clearing (Received Not Invoiced),4130.2,0,Supplier inv 773817,AP,773817
JE-002684,2025-10-09,2025-10,2000,Accounts Payable,0,4130.2,Supplier inv 773817,AP,773817
JE-002930,2025-10-09,2025-10,2050,GR/IR Clearing (Received Not Invoiced),4018.77,0,Supplier inv 98845131,AP,98845131
JE-002931,2025-10-09,2025-10,2000,Accounts Payable,0,4018.77,Supplier inv 98845131,AP,98845131
JE-002305,2025-10-10,2025-10,1000,Operating Cash,12432.3,0,Customer payment,AR,NIC-CR00235
JE-002306,2025-10-10,2025-10,1100,Accounts Receivable,0,12432.3,Customer payment,AR,NIC-CR00235
JE-003140,2025-10-10,2025-10,1200,Inventory - Raw Materials,25496.72,0,PO receipt PO-31043,INV,RCV-40043
JE-003141,2025-10-10,2025-10,2050,GR/IR Clearing (Received Not Invoiced),0,25496.72,PO receipt PO-31043,INV,RCV-40043
JE-003392,2025-10-10,2025-10,1200,Inventory - Raw Materials,279.48,0,PO receipt PO-31178,INV,RCV-40169
JE-003393,2025-10-10,2025-10,2050,GR/IR Clearing (Received Not Invoiced),0,279.48,PO receipt PO-31178,INV,RCV-40169
JE-001931,2025-10-11,2025-10,1000,Operating Cash,8000.66,0,Customer payment,AR,NIC-CR00048
JE-001932,2025-10-11,2025-10,1100,Accounts Receivable,0,8000.66,Customer payment,AR,NIC-CR00048
JE-002758,2025-10-11,2025-10,2050,GR/IR Clearing (Received Not Invoiced),1032.51,0,Supplier inv SI1413653,AP,SI1413653
JE-002759,2025-10-11,2025-10,2000,Accounts Payable,0,1032.51,Supplier inv SI1413653,AP,SI1413653
JE-003072,2025-10-11,2025-10,1200,Inventory - Raw Materials,15035.41,0,PO receipt PO-31009,INV,RCV-40009
JE-003073,2025-10-11,2025-10,2050,GR/IR Clearing (Received Not Invoiced),0,15035.41,PO receipt PO-31009,INV,RCV-40009
JE-003282,2025-10-11,2025-10,1200,Inventory - Raw Materials,1032.51,0,PO receipt PO-31122,INV,RCV-40114
JE-003283,2025-10-11,2025-10,2050,GR/IR Clearing (Received Not Invoiced),0,1032.51,PO receipt PO-31122,INV,RCV-40114
JE-003516,2025-10-12,2025-10,1200,Inventory - Raw Materials,348.96,0,PO receipt PO-31243,INV,RCV-40231
JE-003517,2025-10-12,2025-10,2050,GR/IR Clearing (Received Not Invoiced),0,348.96,PO receipt PO-31243,INV,RCV-40231
JE-001562,2025-10-13,2025-10,1100,Accounts Receivable,10246.79,0,Invoice INV-60334,AR,INV-60334
JE-001563,2025-10-13,2025-10,4000,Product Sales - Manufactured,0,9974.42,Invoice INV-60334,AR,INV-60334
JE-001564,2025-10-13,2025-10,4100,Freight Revenue,0,272.37,Freight billed,AR,INV-60334
JE-001565,2025-10-13,2025-10,5000,COGS - Materials,6205.17,0,COGS,AR,INV-60334
JE-001566,2025-10-13,2025-10,1220,Inventory - Finished Goods,0,6205.17,Inventory relief,AR,INV-60334
JE-001859,2025-10-13,2025-10,1000,Operating Cash,950.0,0,Customer payment,AR,NIC-CR00012
JE-001860,2025-10-13,2025-10,1100,Accounts Receivable,0,950.0,Customer payment,AR,NIC-CR00012
JE-002880,2025-10-13,2025-10,2050,GR/IR Clearing (Received Not Invoiced),279.48,0,Supplier inv SI6682578,AP,SI6682578
JE-002881,2025-10-13,2025-10,5300,Freight In,80.14,0,Freight in,AP,SI6682578
JE-002882,2025-10-13,2025-10,2000,Accounts Payable,0,359.62,Supplier inv SI6682578,AP,SI6682578
JE-003118,2025-10-13,2025-10,1200,Inventory - Raw Materials,7877.15,0,PO receipt PO-31032,INV,RCV-40032
JE-003119,2025-10-13,2025-10,2050,GR/IR Clearing (Received Not Invoiced),0,7877.15,PO receipt PO-31032,INV,RCV-40032
JE-003544,2025-10-13,2025-10,1200,Inventory - Raw Materials,4325.0,0,PO receipt PO-31258,INV,RCV-40245
JE-003545,2025-10-13,2025-10,2050,GR/IR Clearing (Received Not Invoiced),0,4325.0,PO receipt PO-31258,INV,RCV-40245
JE-000797,2025-10-14,2025-10,1100,Accounts Receivable,20712.76,0,Invoice INV-60171,AR,INV-60171
JE-000798,2025-10-14,2025-10,4000,Product Sales - Manufactured,0,20428.64,Invoice INV-60171,AR,INV-60171
JE-000799,2025-10-14,2025-10,4100,Freight Revenue,0,284.12,Freight billed,AR,INV-60171
JE-000800,2025-10-14,2025-10,5000,COGS - Materials,16269.99,0,COGS,AR,INV-60171
JE-000801,2025-10-14,2025-10,1220,Inventory - Finished Goods,0,16269.99,Inventory relief,AR,INV-60171
JE-001267,2025-10-14,2025-10,1100,Accounts Receivable,12855.31,0,Invoice INV-60271,AR,INV-60271
JE-001268,2025-10-14,2025-10,4000,Product Sales - Manufactured,0,12438.32,Invoice INV-60271,AR,INV-60271
JE-001269,2025-10-14,2025-10,4100,Freight Revenue,0,416.99,Freight billed,AR,INV-60271
JE-001270,2025-10-14,2025-10,5000,COGS - Materials,9632.48,0,COGS,AR,INV-60271
JE-001271,2025-10-14,2025-10,1220,Inventory - Finished Goods,0,9632.48,Inventory relief,AR,INV-60271
JE-002237,2025-10-14,2025-10,1000,Operating Cash,15523.36,0,Customer payment,AR,NIC-CR00201
JE-002238,2025-10-14,2025-10,1100,Accounts Receivable,0,15523.36,Customer payment,AR,NIC-CR00201
JE-002407,2025-10-14,2025-10,1000,Operating Cash,5641.8,0,Customer payment,AR,NIC-CR00286
JE-002408,2025-10-14,2025-10,1100,Accounts Receivable,0,5641.8,Customer payment,AR,NIC-CR00286
JE-001869,2025-10-15,2025-10,1000,Operating Cash,52998.5,0,Customer payment,AR,NIC-CR00017
JE-001870,2025-10-15,2025-10,1100,Accounts Receivable,0,52998.5,Customer payment,AR,NIC-CR00017
JE-002371,2025-10-15,2025-10,1000,Operating Cash,3009.6,0,Customer payment,AR,NIC-CR00268
JE-002372,2025-10-15,2025-10,1100,Accounts Receivable,0,3009.6,Customer payment,AR,NIC-CR00268
JE-002596,2025-10-15,2025-10,2050,GR/IR Clearing (Received Not Invoiced),25550.22,0,Supplier inv INV4118589,AP,INV4118589
JE-002597,2025-10-15,2025-10,5300,Freight In,9.5,0,Freight in,AP,INV4118589
JE-002598,2025-10-15,2025-10,2000,Accounts Payable,0,25559.72,Supplier inv INV4118589,AP,INV4118589
JE-003406,2025-10-15,2025-10,1200,Inventory - Raw Materials,11942.0,0,PO receipt PO-31185,INV,RCV-40176
JE-003407,2025-10-15,2025-10,2050,GR/IR Clearing (Received Not Invoiced),0,11942.0,PO receipt PO-31185,INV,RCV-40176
JE-001552,2025-10-16,2025-10,1100,Accounts Receivable,5641.8,0,Invoice INV-60332,AR,INV-60332
JE-001553,2025-10-16,2025-10,4000,Product Sales - Manufactured,0,5470.31,Invoice INV-60332,AR,INV-60332
JE-001554,2025-10-16,2025-10,4100,Freight Revenue,0,171.49,Freight billed,AR,INV-60332
JE-001555,2025-10-16,2025-10,5000,COGS - Materials,4024.89,0,COGS,AR,INV-60332
JE-001556,2025-10-16,2025-10,1220,Inventory - Finished Goods,0,4024.89,Inventory relief,AR,INV-60332
JE-002571,2025-10-16,2025-10,2050,GR/IR Clearing (Received Not Invoiced),7877.15,0,Supplier inv SI256267,AP,SI256267
JE-002572,2025-10-16,2025-10,2000,Accounts Payable,0,7877.15,Supplier inv SI256267,AP,SI256267
JE-003050,2025-10-16,2025-10,2050,GR/IR Clearing (Received Not Invoiced),4325.0,0,Supplier inv INV6286207,AP,INV6286207
JE-003051,2025-10-16,2025-10,2000,Accounts Payable,0,4325.0,Supplier inv INV6286207,AP,INV6286207
JE-000090,2025-10-17,2025-10,1100,Accounts Receivable,19074.28,0,Invoice INV-60020,AR,INV-60020
JE-000091,2025-10-17,2025-10,4000,Product Sales - Manufactured,0,18817.04,Invoice INV-60020,AR,INV-60020
JE-000092,2025-10-17,2025-10,4100,Freight Revenue,0,257.24,Freight billed,AR,INV-60020
JE-000093,2025-10-17,2025-10,5000,COGS - Materials,13703.08,0,COGS,AR,INV-60020
JE-000094,2025-10-17,2025-10,1220,Inventory - Finished Goods,0,13703.08,Inventory relief,AR,INV-60020
JE-000602,2025-10-17,2025-10,1100,Accounts Receivable,20355.31,0,Invoice INV-60129,AR,INV-60129
JE-000603,2025-10-17,2025-10,4000,Product Sales - Manufactured,0,20126.34,Invoice INV-60129,AR,INV-60129
JE-000604,2025-10-17,2025-10,4100,Freight Revenue,0,228.97,Freight billed,AR,INV-60129
JE-000605,2025-10-17,2025-10,5000,COGS - Materials,14343.7,0,COGS,AR,INV-60129
JE-000606,2025-10-17,2025-10,1220,Inventory - Finished Goods,0,14343.7,Inventory relief,AR,INV-60129
JE-001127,2025-10-17,2025-10,1100,Accounts Receivable,8441.63,0,Invoice INV-60242,AR,INV-60242
JE-001128,2025-10-17,2025-10,4000,Product Sales - Manufactured,0,8441.63,Invoice INV-60242,AR,INV-60242
JE-001129,2025-10-17,2025-10,5000,COGS - Materials,5812.35,0,COGS,AR,INV-60242
JE-001130,2025-10-17,2025-10,1220,Inventory - Finished Goods,0,5812.35,Inventory relief,AR,INV-60242
JE-001516,2025-10-17,2025-10,1100,Accounts Receivable,238.54,0,Invoice INV-60324,AR,INV-60324
JE-001517,2025-10-17,2025-10,4000,Product Sales - Manufactured,0,238.54,Invoice INV-60324,AR,INV-60324
JE-001518,2025-10-17,2025-10,5000,COGS - Materials,175.52,0,COGS,AR,INV-60324
JE-001519,2025-10-17,2025-10,1220,Inventory - Finished Goods,0,175.52,Inventory relief,AR,INV-60324
JE-002518,2025-10-17,2025-10,2050,GR/IR Clearing (Received Not Invoiced),15035.41,0,Supplier inv 7264178,AP,7264178
JE-002519,2025-10-17,2025-10,2000,Accounts Payable,0,15035.41,Supplier inv 7264178,AP,7264178
JE-003017,2025-10-17,2025-10,2050,GR/IR Clearing (Received Not Invoiced),351.88,0,Supplier inv SI8668631,AP,SI8668631
JE-003018,2025-10-17,2025-10,2000,Accounts Payable,0,351.88,Supplier inv SI8668631,AP,SI8668631
JE-003340,2025-10-17,2025-10,1200,Inventory - Raw Materials,6011.92,0,PO receipt PO-31152,INV,RCV-40143
JE-003341,2025-10-17,2025-10,2050,GR/IR Clearing (Received Not Invoiced),0,6011.92,PO receipt PO-31152,INV,RCV-40143
JE-000031,2025-10-18,2025-10,1100,Accounts Receivable,1808.38,0,Invoice INV-60007,AR,INV-60007
JE-000032,2025-10-18,2025-10,4000,Product Sales - Manufactured,0,1808.38,Invoice INV-60007,AR,INV-60007
JE-000033,2025-10-18,2025-10,5000,COGS - Materials,1582.01,0,COGS,AR,INV-60007
JE-000034,2025-10-18,2025-10,1220,Inventory - Finished Goods,0,1582.01,Inventory relief,AR,INV-60007
JE-002111,2025-10-19,2025-10,1000,Operating Cash,14763.34,0,Customer payment,AR,NIC-CR00138
JE-002112,2025-10-19,2025-10,1100,Accounts Receivable,0,14763.34,Customer payment,AR,NIC-CR00138
JE-002225,2025-10-19,2025-10,1000,Operating Cash,11314.74,0,Customer payment,AR,NIC-CR00195
JE-002226,2025-10-19,2025-10,1100,Accounts Receivable,0,11314.74,Customer payment,AR,NIC-CR00195
JE-002117,2025-10-20,2025-10,1000,Operating Cash,25433.44,0,Customer payment,AR,NIC-CR00141
JE-002118,2025-10-20,2025-10,1100,Accounts Receivable,0,25433.44,Customer payment,AR,NIC-CR00141
JE-001543,2025-10-21,2025-10,1100,Accounts Receivable,35907.38,0,Invoice INV-60330,AR,INV-60330
JE-001544,2025-10-21,2025-10,4000,Product Sales - Manufactured,0,33480.07,Invoice INV-60330,AR,INV-60330
JE-001545,2025-10-21,2025-10,2100,Accrued Expenses,0,2427.31,Sales tax payable,AR,INV-60330
JE-001546,2025-10-21,2025-10,5000,COGS - Materials,24023.51,0,COGS,AR,INV-60330
JE-001547,2025-10-21,2025-10,1220,Inventory - Finished Goods,0,24023.51,Inventory relief,AR,INV-60330
JE-002161,2025-10-21,2025-10,1000,Operating Cash,2368.43,0,Customer payment,AR,NIC-CR00163
JE-002162,2025-10-21,2025-10,1100,Accounts Receivable,0,2368.43,Customer payment,AR,NIC-CR00163
JE-002349,2025-10-21,2025-10,1000,Operating Cash,18393.51,0,Customer payment,AR,NIC-CR00257
JE-002350,2025-10-21,2025-10,1100,Accounts Receivable,0,18393.51,Customer payment,AR,NIC-CR00257
JE-002822,2025-10-21,2025-10,2050,GR/IR Clearing (Received Not Invoiced),6011.92,0,Supplier inv INV7656742,AP,INV7656742
JE-002823,2025-10-21,2025-10,2000,Accounts Payable,0,6011.92,Supplier inv INV7656742,AP,INV7656742
JE-002896,2025-10-21,2025-10,2050,GR/IR Clearing (Received Not Invoiced),11942.0,0,Supplier inv SI1904120,AP,SI1904120
JE-002897,2025-10-21,2025-10,2000,Accounts Payable,0,11942.0,Supplier inv SI1904120,AP,SI1904120
JE-000688,2025-10-22,2025-10,1100,Accounts Receivable,2919.25,0,Invoice INV-60147,AR,INV-60147
JE-000689,2025-10-22,2025-10,4000,Product Sales - Manufactured,0,2721.91,Invoice INV-60147,AR,INV-60147
JE-000690,2025-10-22,2025-10,2100,Accrued Expenses,0,197.34,Sales tax payable,AR,INV-60147
JE-000691,2025-10-22,2025-10,5000,COGS - Materials,2170.91,0,COGS,AR,INV-60147
JE-000692,2025-10-22,2025-10,1220,Inventory - Finished Goods,0,2170.91,Inventory relief,AR,INV-60147
JE-003428,2025-10-22,2025-10,1200,Inventory - Raw Materials,8992.68,0,PO receipt PO-31196,INV,RCV-40187
JE-003429,2025-10-22,2025-10,2050,GR/IR Clearing (Received Not Invoiced),0,8992.68,PO receipt PO-31196,INV,RCV-40187
JE-000350,2025-10-23,2025-10,1100,Accounts Receivable,6448.45,0,Invoice INV-60077,AR,INV-60077
JE-000351,2025-10-23,2025-10,4000,Product Sales - Manufactured,0,6270.44,Invoice INV-60077,AR,INV-60077
JE-000352,2025-10-23,2025-10,4100,Freight Revenue,0,178.01,Freight billed,AR,INV-60077
JE-000353,2025-10-23,2025-10,5000,COGS - Materials,3999.75,0,COGS,AR,INV-60077
JE-000354,2025-10-23,2025-10,1220,Inventory - Finished Goods,0,3999.75,Inventory relief,AR,INV-60077
JE-001721,2025-10-23,2025-10,1100,Accounts Receivable,1627.73,0,Invoice INV-60368,AR,INV-60368
JE-001722,2025-10-23,2025-10,4000,Product Sales - Manufactured,0,1403.4,Invoice INV-60368,AR,INV-60368
JE-001723,2025-10-23,2025-10,4100,Freight Revenue,0,122.58,Freight billed,AR,INV-60368
JE-001724,2025-10-23,2025-10,2100,Accrued Expenses,0,101.75,Sales tax payable,AR,INV-60368
JE-001725,2025-10-23,2025-10,5000,COGS - Materials,1049.61,0,COGS,AR,INV-60368
JE-001726,2025-10-23,2025-10,1220,Inventory - Finished Goods,0,1049.61,Inventory relief,AR,INV-60368
JE-001961,2025-10-23,2025-10,1000,Operating Cash,3189.53,0,Customer payment,AR,NIC-CR00063
JE-001962,2025-10-23,2025-10,1100,Accounts Receivable,0,3189.53,Customer payment,AR,NIC-CR00063
JE-002073,2025-10-23,2025-10,1000,Operating Cash,15539.92,0,Customer payment,AR,NIC-CR00119
JE-002074,2025-10-23,2025-10,1100,Accounts Receivable,0,15539.92,Customer payment,AR,NIC-CR00119
JE-002289,2025-10-23,2025-10,1000,Operating Cash,28381.44,0,Customer payment,AR,NIC-CR00227
JE-002290,2025-10-23,2025-10,1100,Accounts Receivable,0,28381.44,Customer payment,AR,NIC-CR00227
JE-003310,2025-10-23,2025-10,1200,Inventory - Raw Materials,6696.72,0,PO receipt PO-31136,INV,RCV-40128
JE-003311,2025-10-23,2025-10,2050,GR/IR Clearing (Received Not Invoiced),0,6696.72,PO receipt PO-31136,INV,RCV-40128
JE-003410,2025-10-23,2025-10,1200,Inventory - Raw Materials,3229.8,0,PO receipt PO-31187,INV,RCV-40178
JE-003411,2025-10-23,2025-10,2050,GR/IR Clearing (Received Not Invoiced),0,3229.8,PO receipt PO-31187,INV,RCV-40178
JE-001045,2025-10-24,2025-10,1100,Accounts Receivable,2279.51,0,Invoice INV-60225,AR,INV-60225
JE-001046,2025-10-24,2025-10,4000,Product Sales - Manufactured,0,2125.42,Invoice INV-60225,AR,INV-60225
JE-001047,2025-10-24,2025-10,2100,Accrued Expenses,0,154.09,Sales tax payable,AR,INV-60225
JE-001048,2025-10-24,2025-10,5000,COGS - Materials,1796.07,0,COGS,AR,INV-60225
JE-001049,2025-10-24,2025-10,1220,Inventory - Finished Goods,0,1796.07,Inventory relief,AR,INV-60225
JE-002421,2025-10-24,2025-10,1000,Operating Cash,167.16,0,Customer payment,AR,NIC-CR00293
JE-002422,2025-10-24,2025-10,1100,Accounts Receivable,0,167.16,Customer payment,AR,NIC-CR00293
JE-001899,2025-10-25,2025-10,1000,Operating Cash,2434.23,0,Customer payment,AR,NIC-CR00032
JE-001900,2025-10-25,2025-10,1100,Accounts Receivable,0,2434.23,Customer payment,AR,NIC-CR00032
JE-002385,2025-10-25,2025-10,1000,Operating Cash,22957.13,0,Customer payment,AR,NIC-CR00275
JE-002386,2025-10-25,2025-10,1100,Accounts Receivable,0,22957.13,Customer payment,AR,NIC-CR00275
JE-001139,2025-10-26,2025-10,1100,Accounts Receivable,3322.02,0,Invoice INV-60245,AR,INV-60245
JE-001140,2025-10-26,2025-10,4000,Product Sales - Manufactured,0,3097.45,Invoice INV-60245,AR,INV-60245
JE-001141,2025-10-26,2025-10,2100,Accrued Expenses,0,224.57,Sales tax payable,AR,INV-60245
JE-001142,2025-10-26,2025-10,5000,COGS - Materials,1665.3,0,COGS,AR,INV-60245
JE-001143,2025-10-26,2025-10,1220,Inventory - Finished Goods,0,1665.3,Inventory relief,AR,INV-60245
JE-001429,2025-10-26,2025-10,1100,Accounts Receivable,758.62,0,Invoice INV-60306,AR,INV-60306
JE-001430,2025-10-26,2025-10,4000,Product Sales - Manufactured,0,707.34,Invoice INV-60306,AR,INV-60306
JE-001431,2025-10-26,2025-10,2100,Accrued Expenses,0,51.28,Sales tax payable,AR,INV-60306
JE-001432,2025-10-26,2025-10,5000,COGS - Materials,386.52,0,COGS,AR,INV-60306
JE-001433,2025-10-26,2025-10,1220,Inventory - Finished Goods,0,386.52,Inventory relief,AR,INV-60306
JE-002245,2025-10-26,2025-10,1000,Operating Cash,10433.1,0,Customer payment,AR,NIC-CR00205
JE-002246,2025-10-26,2025-10,1100,Accounts Receivable,0,10433.1,Customer payment,AR,NIC-CR00205
JE-002321,2025-10-26,2025-10,1000,Operating Cash,3043.06,0,Customer payment,AR,NIC-CR00243
JE-002322,2025-10-26,2025-10,1100,Accounts Receivable,0,3043.06,Customer payment,AR,NIC-CR00243
JE-002465,2025-10-26,2025-10,1000,Operating Cash,6072.78,0,Customer payment,AR,NIC-CR00315
JE-002466,2025-10-26,2025-10,1100,Accounts Receivable,0,6072.78,Customer payment,AR,NIC-CR00315
JE-003100,2025-10-26,2025-10,1200,Inventory - Raw Materials,626.08,0,PO receipt PO-31023,INV,RCV-40023
JE-003101,2025-10-26,2025-10,2050,GR/IR Clearing (Received Not Invoiced),0,626.08,PO receipt PO-31023,INV,RCV-40023
JE-000668,2025-10-27,2025-10,1100,Accounts Receivable,5919.58,0,Invoice INV-60143,AR,INV-60143
JE-000669,2025-10-27,2025-10,4000,Product Sales - Manufactured,0,5684.14,Invoice INV-60143,AR,INV-60143
JE-000670,2025-10-27,2025-10,4100,Freight Revenue,0,235.44,Freight billed,AR,INV-60143
JE-000671,2025-10-27,2025-10,5000,COGS - Materials,4217.38,0,COGS,AR,INV-60143
JE-000672,2025-10-27,2025-10,1220,Inventory - Finished Goods,0,4217.38,Inventory relief,AR,INV-60143
JE-001993,2025-10-27,2025-10,1000,Operating Cash,2283.43,0,Customer payment,AR,NIC-CR00079
JE-001994,2025-10-27,2025-10,1100,Accounts Receivable,0,2283.43,Customer payment,AR,NIC-CR00079
JE-002779,2025-10-27,2025-10,2050,GR/IR Clearing (Received Not Invoiced),4500.55,0,Supplier inv INV4307492,AP,INV4307492
JE-002780,2025-10-27,2025-10,2000,Accounts Payable,0,4500.55,Supplier inv INV4307492,AP,INV4307492
JE-003302,2025-10-27,2025-10,1200,Inventory - Raw Materials,4500.55,0,PO receipt PO-31132,INV,RCV-40124
JE-003303,2025-10-27,2025-10,2050,GR/IR Clearing (Received Not Invoiced),0,4500.55,PO receipt PO-31132,INV,RCV-40124
JE-003348,2025-10-27,2025-10,1200,Inventory - Raw Materials,2576.75,0,PO receipt PO-31156,INV,RCV-40147
JE-003349,2025-10-27,2025-10,2050,GR/IR Clearing (Received Not Invoiced),0,2576.75,PO receipt PO-31156,INV,RCV-40147
JE-000702,2025-10-28,2025-10,1100,Accounts Receivable,31872.17,0,Invoice INV-60150,AR,INV-60150
JE-000703,2025-10-28,2025-10,4000,Product Sales - Manufactured,0,31590.94,Invoice INV-60150,AR,INV-60150
JE-000704,2025-10-28,2025-10,4100,Freight Revenue,0,281.23,Freight billed,AR,INV-60150
JE-000705,2025-10-28,2025-10,5000,COGS - Materials,22902.7,0,COGS,AR,INV-60150
JE-000706,2025-10-28,2025-10,1220,Inventory - Finished Goods,0,22902.7,Inventory relief,AR,INV-60150
JE-000840,2025-10-28,2025-10,1100,Accounts Receivable,4366.71,0,Invoice INV-60180,AR,INV-60180
JE-000841,2025-10-28,2025-10,4000,Product Sales - Manufactured,0,4366.71,Invoice INV-60180,AR,INV-60180
JE-000842,2025-10-28,2025-10,5000,COGS - Materials,3018.39,0,COGS,AR,INV-60180
JE-000843,2025-10-28,2025-10,1220,Inventory - Finished Goods,0,3018.39,Inventory relief,AR,INV-60180
JE-000939,2025-10-28,2025-10,1100,Accounts Receivable,17562.77,0,Invoice INV-60203,AR,INV-60203
JE-000940,2025-10-28,2025-10,4000,Product Sales - Manufactured,0,17406.81,Invoice INV-60203,AR,INV-60203
JE-000941,2025-10-28,2025-10,4100,Freight Revenue,0,155.96,Freight billed,AR,INV-60203
JE-000942,2025-10-28,2025-10,5000,COGS - Materials,12300.97,0,COGS,AR,INV-60203
JE-000943,2025-10-28,2025-10,1220,Inventory - Finished Goods,0,12300.97,Inventory relief,AR,INV-60203
JE-001716,2025-10-28,2025-10,1100,Accounts Receivable,15149.82,0,Invoice INV-60367,AR,INV-60367
JE-001717,2025-10-28,2025-10,4000,Product Sales - Manufactured,0,15050.41,Invoice INV-60367,AR,INV-60367
JE-001718,2025-10-28,2025-10,4100,Freight Revenue,0,99.41,Freight billed,AR,INV-60367
JE-001719,2025-10-28,2025-10,5000,COGS - Materials,10112.93,0,COGS,AR,INV-60367
JE-001720,2025-10-28,2025-10,1220,Inventory - Finished Goods,0,10112.93,Inventory relief,AR,INV-60367
JE-001837,2025-10-28,2025-10,1000,Operating Cash,25311.85,0,Customer payment,AR,NIC-CR00001
JE-001838,2025-10-28,2025-10,1100,Accounts Receivable,0,25311.85,Customer payment,AR,NIC-CR00001
JE-002183,2025-10-28,2025-10,1000,Operating Cash,3387.29,0,Customer payment,AR,NIC-CR00174
JE-002184,2025-10-28,2025-10,1100,Accounts Receivable,0,3387.29,Customer payment,AR,NIC-CR00174
JE-002327,2025-10-28,2025-10,1000,Operating Cash,1729.9,0,Customer payment,AR,NIC-CR00246
JE-002328,2025-10-28,2025-10,1100,Accounts Receivable,0,1729.9,Customer payment,AR,NIC-CR00246
JE-002577,2025-10-28,2025-10,2050,GR/IR Clearing (Received Not Invoiced),1372.0,0,Supplier inv 3547981,AP,3547981
JE-002578,2025-10-28,2025-10,5300,Freight In,99.67,0,Freight in,AP,3547981
JE-002579,2025-10-28,2025-10,2000,Accounts Payable,0,1471.67,Supplier inv 3547981,AP,3547981
JE-002788,2025-10-28,2025-10,2050,GR/IR Clearing (Received Not Invoiced),6616.1,0,Supplier inv 94962123,AP,94962123
JE-002789,2025-10-28,2025-10,2000,Accounts Payable,0,6616.1,Supplier inv 94962123,AP,94962123
JE-002923,2025-10-28,2025-10,2050,GR/IR Clearing (Received Not Invoiced),8992.68,0,Supplier inv 4617623,AP,4617623
JE-002924,2025-10-28,2025-10,2000,Accounts Payable,0,8992.68,Supplier inv 4617623,AP,4617623
JE-003124,2025-10-28,2025-10,1200,Inventory - Raw Materials,1372.0,0,PO receipt PO-31035,INV,RCV-40035
JE-003125,2025-10-28,2025-10,2050,GR/IR Clearing (Received Not Invoiced),0,1372.0,PO receipt PO-31035,INV,RCV-40035
JE-003172,2025-10-28,2025-10,1200,Inventory - Raw Materials,2417.94,0,PO receipt PO-31060,INV,RCV-40059
JE-003173,2025-10-28,2025-10,2050,GR/IR Clearing (Received Not Invoiced),0,2417.94,PO receipt PO-31060,INV,RCV-40059
JE-003362,2025-10-28,2025-10,1200,Inventory - Raw Materials,20973.6,0,PO receipt PO-31163,INV,RCV-40154
JE-003363,2025-10-28,2025-10,2050,GR/IR Clearing (Received Not Invoiced),0,20973.6,PO receipt PO-31163,INV,RCV-40154
JE-001771,2025-10-29,2025-10,1100,Accounts Receivable,2463.43,0,Invoice INV-60378,AR,INV-60378
JE-001772,2025-10-29,2025-10,4000,Product Sales - Manufactured,0,2463.43,Invoice INV-60378,AR,INV-60378
JE-001773,2025-10-29,2025-10,5000,COGS - Materials,1815.3,0,COGS,AR,INV-60378
JE-001774,2025-10-29,2025-10,1220,Inventory - Finished Goods,0,1815.3,Inventory relief,AR,INV-60378
JE-002549,2025-10-29,2025-10,2050,GR/IR Clearing (Received Not Invoiced),626.08,0,Supplier inv 6301400,AP,6301400
JE-002550,2025-10-29,2025-10,5300,Freight In,8.16,0,Freight in,AP,6301400
JE-002551,2025-10-29,2025-10,2000,Accounts Payable,0,634.24,Supplier inv 6301400,AP,6301400
JE-002901,2025-10-29,2025-10,2050,GR/IR Clearing (Received Not Invoiced),3375.2,0,Supplier inv 7110649,AP,7110649
JE-002902,2025-10-29,2025-10,5300,Freight In,28.51,0,Freight in,AP,7110649
JE-002903,2025-10-29,2025-10,2000,Accounts Payable,0,3403.71,Supplier inv 7110649,AP,7110649
JE-001654,2025-10-30,2025-10,1100,Accounts Receivable,2586.3,0,Invoice INV-60354,AR,INV-60354
JE-001655,2025-10-30,2025-10,4000,Product Sales - Manufactured,0,2586.3,Invoice INV-60354,AR,INV-60354
JE-001656,2025-10-30,2025-10,5000,COGS - Materials,1915.78,0,COGS,AR,INV-60354
JE-001657,2025-10-30,2025-10,1220,Inventory - Finished Goods,0,1915.78,Inventory relief,AR,INV-60354
JE-002299,2025-10-30,2025-10,1000,Operating Cash,3651.63,0,Customer payment,AR,NIC-CR00232
JE-002300,2025-10-30,2025-10,1100,Accounts Receivable,0,3651.63,Customer payment,AR,NIC-CR00232
JE-002497,2025-10-30,2025-10,1000,Operating Cash,3122.18,0,Customer payment,AR,NIC-CR00331
JE-002498,2025-10-30,2025-10,1100,Accounts Receivable,0,3122.18,Customer payment,AR,NIC-CR00331
JE-000410,2025-10-31,2025-10,1100,Accounts Receivable,22613.08,0,Invoice INV-60089,AR,INV-60089
JE-000411,2025-10-31,2025-10,4000,Product Sales - Manufactured,0,21084.46,Invoice INV-60089,AR,INV-60089
JE-000412,2025-10-31,2025-10,2100,Accrued Expenses,0,1528.62,Sales tax payable,AR,INV-60089
JE-000413,2025-10-31,2025-10,5000,COGS - Materials,14218.42,0,COGS,AR,INV-60089
JE-000414,2025-10-31,2025-10,1220,Inventory - Finished Goods,0,14218.42,Inventory relief,AR,INV-60089
JE-001757,2025-10-31,2025-10,1100,Accounts Receivable,23967.61,0,Invoice INV-60375,AR,INV-60375
JE-001758,2025-10-31,2025-10,4000,Product Sales - Manufactured,0,23967.61,Invoice INV-60375,AR,INV-60375
JE-001759,2025-10-31,2025-10,5000,COGS - Materials,19505.14,0,COGS,AR,INV-60375
JE-001760,2025-10-31,2025-10,1220,Inventory - Finished Goods,0,19505.14,Inventory relief,AR,INV-60375
JE-002846,2025-10-31,2025-10,2050,GR/IR Clearing (Received Not Invoiced),21285.51,0,Supplier inv INV1646354,AP,INV1646354
JE-002847,2025-10-31,2025-10,2000,Accounts Payable,0,21285.51,Supplier inv INV1646354,AP,INV1646354
JE-003312,2025-10-31,2025-10,1200,Inventory - Raw Materials,3324.34,0,PO receipt PO-31137,INV,RCV-40129
JE-003313,2025-10-31,2025-10,2050,GR/IR Clearing (Received Not Invoiced),0,3324.34,PO receipt PO-31137,INV,RCV-40129
JE-003562,2025-10-31,2025-10,6700,Office & Supplies,3512.69,0,Iron Mountain Inc.,AP,NIC-AP00007
JE-003563,2025-10-31,2025-10,2000,Accounts Payable,0,3512.69,Iron Mountain Inc.,AP,NIC-AP00007
JE-003578,2025-10-31,2025-10,6700,Office & Supplies,1982.05,0,"W.W. Grainger, Inc.",AP,NIC-AP00015
JE-003579,2025-10-31,2025-10,2000,Accounts Payable,0,1982.05,"W.W. Grainger, Inc.",AP,NIC-AP00015
JE-003602,2025-10-31,2025-10,6700,Office & Supplies,1950.08,0,Cintas Corporation,AP,NIC-AP00027
JE-003603,2025-10-31,2025-10,2000,Accounts Payable,0,1950.08,Cintas Corporation,AP,NIC-AP00027
JE-003620,2025-10-31,2025-10,6300,Rent,2727.98,0,Waste Management of Illinois,AP,NIC-AP00036
JE-003621,2025-10-31,2025-10,2000,Accounts Payable,0,2727.98,Waste Management of Illinois,AP,NIC-AP00036
JE-003638,2025-10-31,2025-10,5300,Freight In,101.95,0,UPS,AP,NIC-AP00045
JE-003639,2025-10-31,2025-10,2000,Accounts Payable,0,101.95,UPS,AP,NIC-AP00045
JE-003672,2025-10-31,2025-10,6700,Office & Supplies,3948.97,0,Sunbelt Rentals,AP,NIC-AP00062
JE-003673,2025-10-31,2025-10,2000,Accounts Payable,0,3948.97,Sunbelt Rentals,AP,NIC-AP00062
JE-003694,2025-10-31,2025-10,6300,Rent,38500,0,Rockford Industrial Park LLC,AP,NIC-AP00073
JE-003695,2025-10-31,2025-10,2000,Accounts Payable,0,38500,Rockford Industrial Park LLC,AP,NIC-AP00073
JE-003718,2025-10-31,2025-10,6400,Software Subscriptions,15750.0,0,Epicor Kinetic,AP,SW-EPICOR
JE-003719,2025-10-31,2025-10,2000,Accounts Payable,0,15750.0,Epicor Kinetic,AP,SW-EPICOR
JE-003742,2025-10-31,2025-10,6400,Software Subscriptions,1079.17,0,SolidWorks Standard,AP,SW-SOLIDW
JE-003743,2025-10-31,2025-10,2000,Accounts Payable,0,1079.17,SolidWorks Standard,AP,SW-SOLIDW
JE-003766,2025-10-31,2025-10,6400,Software Subscriptions,1000.0,0,MasterControl,AP,SW-MASTER
JE-003767,2025-10-31,2025-10,2000,Accounts Payable,0,1000.0,MasterControl,AP,SW-MASTER
JE-003790,2025-10-31,2025-10,6400,Software Subscriptions,1775.0,0,Microsoft 365 Business Standard,AP,SW-MICROS
JE-003791,2025-10-31,2025-10,2000,Accounts Payable,0,1775.0,Microsoft 365 Business Standard,AP,SW-MICROS
JE-003814,2025-10-31,2025-10,6400,Software Subscriptions,4920.0,0,ADP Workforce Now,AP,SW-ADPWO
JE-003815,2025-10-31,2025-10,2000,Accounts Payable,0,4920.0,ADP Workforce Now,AP,SW-ADPWO
JE-003838,2025-10-31,2025-10,6400,Software Subscriptions,900.0,0,Salesforce Sales Cloud,AP,SW-SALESF
JE-003839,2025-10-31,2025-10,2000,Accounts Payable,0,900.0,Salesforce Sales Cloud,AP,SW-SALESF
JE-003862,2025-10-31,2025-10,6400,Software Subscriptions,700.0,0,Bill.com,AP,SW-BILL.C
JE-003863,2025-10-31,2025-10,2000,Accounts Payable,0,700.0,Bill.com,AP,SW-BILL.C
JE-003886,2025-10-31,2025-10,6400,Software Subscriptions,3150.0,0,Box Business,AP,SW-BOXBU
JE-003887,2025-10-31,2025-10,2000,Accounts Payable,0,3150.0,Box Business,AP,SW-BOXBU
JE-003910,2025-10-31,2025-10,6400,Software Subscriptions,1440.0,0,Zoom Workplace,AP,SW-ZOOMW
JE-003911,2025-10-31,2025-10,2000,Accounts Payable,0,1440.0,Zoom Workplace,AP,SW-ZOOMW
JE-003934,2025-10-31,2025-10,6400,Software Subscriptions,1020.0,0,RingCentral MVP,AP,SW-RINGCE
JE-003935,2025-10-31,2025-10,2000,Accounts Payable,0,1020.0,RingCentral MVP,AP,SW-RINGCE
JE-003958,2025-10-31,2025-10,6400,Software Subscriptions,355.0,0,KnowBe4,AP,SW-KNOWBE
JE-003959,2025-10-31,2025-10,2000,Accounts Payable,0,355.0,KnowBe4,AP,SW-KNOWBE
JE-003982,2025-10-31,2025-10,6000,Salaries & Wages,652554.14,0,Monthly payroll,PR,PR-202510
JE-003983,2025-10-31,2025-10,2300,Payroll Liabilities,0,652554.14,Monthly payroll,PR,PR-202510
JE-001002,2025-11-01,2025-11,1100,Accounts Receivable,5449.84,0,Invoice INV-60216,AR,INV-60216
JE-001003,2025-11-01,2025-11,4000,Product Sales - Manufactured,0,5119.23,Invoice INV-60216,AR,INV-60216
JE-001004,2025-11-01,2025-11,4100,Freight Revenue,0,330.61,Freight billed,AR,INV-60216
JE-001005,2025-11-01,2025-11,5000,COGS - Materials,4137.18,0,COGS,AR,INV-60216
JE-001006,2025-11-01,2025-11,1220,Inventory - Finished Goods,0,4137.18,Inventory relief,AR,INV-60216
JE-001396,2025-11-01,2025-11,1100,Accounts Receivable,13508.48,0,Invoice INV-60298,AR,INV-60298
JE-001397,2025-11-01,2025-11,4000,Product Sales - Manufactured,0,13508.48,Invoice INV-60298,AR,INV-60298
JE-001398,2025-11-01,2025-11,5000,COGS - Materials,11316.99,0,COGS,AR,INV-60298
JE-001399,2025-11-01,2025-11,1220,Inventory - Finished Goods,0,11316.99,Inventory relief,AR,INV-60298
JE-001584,2025-11-01,2025-11,1100,Accounts Receivable,10341.37,0,Invoice INV-60339,AR,INV-60339
JE-001585,2025-11-01,2025-11,4000,Product Sales - Manufactured,0,9988.28,Invoice INV-60339,AR,INV-60339
JE-001586,2025-11-01,2025-11,4100,Freight Revenue,0,353.09,Freight billed,AR,INV-60339
JE-001587,2025-11-01,2025-11,5000,COGS - Materials,7511.83,0,COGS,AR,INV-60339
JE-001588,2025-11-01,2025-11,1220,Inventory - Finished Goods,0,7511.83,Inventory relief,AR,INV-60339
JE-002085,2025-11-01,2025-11,1000,Operating Cash,5919.58,0,Customer payment,AR,NIC-CR00125
JE-002086,2025-11-01,2025-11,1100,Accounts Receivable,0,5919.58,Customer payment,AR,NIC-CR00125
JE-002831,2025-11-01,2025-11,2050,GR/IR Clearing (Received Not Invoiced),2576.75,0,Supplier inv 97118396,AP,97118396
JE-002832,2025-11-01,2025-11,2000,Accounts Payable,0,2576.75,Supplier inv 97118396,AP,97118396
JE-003492,2025-11-01,2025-11,1200,Inventory - Raw Materials,4686.5,0,PO receipt PO-31231,INV,RCV-40219
JE-003493,2025-11-01,2025-11,2050,GR/IR Clearing (Received Not Invoiced),0,4686.5,PO receipt PO-31231,INV,RCV-40219
JE-000992,2025-11-02,2025-11,1100,Accounts Receivable,17363.55,0,Invoice INV-60214,AR,INV-60214
JE-000993,2025-11-02,2025-11,4000,Product Sales - Manufactured,0,17148.31,Invoice INV-60214,AR,INV-60214
JE-000994,2025-11-02,2025-11,4100,Freight Revenue,0,215.24,Freight billed,AR,INV-60214
JE-000995,2025-11-02,2025-11,5000,COGS - Materials,10546.54,0,COGS,AR,INV-60214
JE-000996,2025-11-02,2025-11,1220,Inventory - Finished Goods,0,10546.54,Inventory relief,AR,INV-60214
JE-001893,2025-11-02,2025-11,1000,Operating Cash,4471.32,0,Customer payment,AR,NIC-CR00029
JE-001894,2025-11-02,2025-11,1100,Accounts Receivable,0,4471.32,Customer payment,AR,NIC-CR00029
JE-000496,2025-11-03,2025-11,1100,Accounts Receivable,2197.16,0,Invoice INV-60107,AR,INV-60107
JE-000497,2025-11-03,2025-11,4000,Product Sales - Manufactured,0,2197.16,Invoice INV-60107,AR,INV-60107
JE-000498,2025-11-03,2025-11,5000,COGS - Materials,1336.88,0,COGS,AR,INV-60107
JE-000499,2025-11-03,2025-11,1220,Inventory - Finished Goods,0,1336.88,Inventory relief,AR,INV-60107
JE-000564,2025-11-04,2025-11,1100,Accounts Receivable,3835.57,0,Invoice INV-60121,AR,INV-60121
JE-000565,2025-11-04,2025-11,4000,Product Sales - Manufactured,0,3589.8,Invoice INV-60121,AR,INV-60121
JE-000566,2025-11-04,2025-11,4100,Freight Revenue,0,245.77,Freight billed,AR,INV-60121
JE-000567,2025-11-04,2025-11,5000,COGS - Materials,2076.72,0,COGS,AR,INV-60121
JE-000568,2025-11-04,2025-11,1220,Inventory - Finished Goods,0,2076.72,Inventory relief,AR,INV-60121
JE-001621,2025-11-04,2025-11,1100,Accounts Receivable,13290.1,0,Invoice INV-60347,AR,INV-60347
JE-001622,2025-11-04,2025-11,4000,Product Sales - Manufactured,0,12391.7,Invoice INV-60347,AR,INV-60347
JE-001623,2025-11-04,2025-11,2100,Accrued Expenses,0,898.4,Sales tax payable,AR,INV-60347
JE-001624,2025-11-04,2025-11,5000,COGS - Materials,9264.72,0,COGS,AR,INV-60347
JE-001625,2025-11-04,2025-11,1220,Inventory - Finished Goods,0,9264.72,Inventory relief,AR,INV-60347
JE-002071,2025-11-04,2025-11,1000,Operating Cash,9134.6,0,Customer payment,AR,NIC-CR00118
JE-002072,2025-11-04,2025-11,1100,Accounts Receivable,0,9134.6,Customer payment,AR,NIC-CR00118
JE-002634,2025-11-04,2025-11,2050,GR/IR Clearing (Received Not Invoiced),2394.0,0,Supplier inv SI449685,AP,SI449685
JE-002635,2025-11-04,2025-11,2000,Accounts Payable,0,2394.0,Supplier inv SI449685,AP,SI449685
JE-002993,2025-11-04,2025-11,2050,GR/IR Clearing (Received Not Invoiced),4686.5,0,Supplier inv 8268442,AP,8268442
JE-002994,2025-11-04,2025-11,2000,Accounts Payable,0,4686.5,Supplier inv 8268442,AP,8268442
JE-002311,2025-11-05,2025-11,1000,Operating Cash,12855.31,0,Customer payment,AR,NIC-CR00238
JE-002312,2025-11-05,2025-11,1100,Accounts Receivable,0,12855.31,Customer payment,AR,NIC-CR00238
JE-001196,2025-11-06,2025-11,1100,Accounts Receivable,622.18,0,Invoice INV-60257,AR,INV-60257
JE-001197,2025-11-06,2025-11,4000,Product Sales - Manufactured,0,505.05,Invoice INV-60257,AR,INV-60257
JE-001198,2025-11-06,2025-11,4100,Freight Revenue,0,117.13,Freight billed,AR,INV-60257
JE-001199,2025-11-06,2025-11,5000,COGS - Materials,369.01,0,COGS,AR,INV-60257
JE-001200,2025-11-06,2025-11,1220,Inventory - Finished Goods,0,369.01,Inventory relief,AR,INV-60257
JE-003274,2025-11-06,2025-11,1200,Inventory - Raw Materials,927.08,0,PO receipt PO-31118,INV,RCV-40110
JE-003275,2025-11-06,2025-11,2050,GR/IR Clearing (Received Not Invoiced),0,927.08,PO receipt PO-31118,INV,RCV-40110
JE-001227,2025-11-07,2025-11,1100,Accounts Receivable,1571.45,0,Invoice INV-60263,AR,INV-60263
JE-001228,2025-11-07,2025-11,4000,Product Sales - Manufactured,0,1571.45,Invoice INV-60263,AR,INV-60263
JE-001229,2025-11-07,2025-11,5000,COGS - Materials,1054.65,0,COGS,AR,INV-60263
JE-001230,2025-11-07,2025-11,1220,Inventory - Finished Goods,0,1054.65,Inventory relief,AR,INV-60263
JE-001929,2025-11-07,2025-11,1000,Operating Cash,16458.48,0,Customer payment,AR,NIC-CR00047
JE-001930,2025-11-07,2025-11,1100,Accounts Receivable,0,16458.48,Customer payment,AR,NIC-CR00047
JE-002337,2025-11-07,2025-11,1000,Operating Cash,9847.13,0,Customer payment,AR,NIC-CR00251
JE-002338,2025-11-07,2025-11,1100,Accounts Receivable,0,9847.13,Customer payment,AR,NIC-CR00251
JE-002383,2025-11-07,2025-11,1000,Operating Cash,27015.55,0,Customer payment,AR,NIC-CR00274
JE-002384,2025-11-07,2025-11,1100,Accounts Receivable,0,27015.55,Customer payment,AR,NIC-CR00274
JE-002790,2025-11-07,2025-11,2050,GR/IR Clearing (Received Not Invoiced),3324.34,0,Supplier inv INV8915439,AP,INV8915439
JE-002791,2025-11-07,2025-11,5300,Freight In,27.93,0,Freight in,AP,INV8915439
JE-002792,2025-11-07,2025-11,2000,Accounts Payable,0,3352.27,Supplier inv INV8915439,AP,INV8915439
JE-000908,2025-11-08,2025-11,1100,Accounts Receivable,447.35,0,Invoice INV-60196,AR,INV-60196
JE-000909,2025-11-08,2025-11,4000,Product Sales - Manufactured,0,417.11,Invoice INV-60196,AR,INV-60196
JE-000910,2025-11-08,2025-11,2100,Accrued Expenses,0,30.24,Sales tax payable,AR,INV-60196
JE-000911,2025-11-08,2025-11,5000,COGS - Materials,246.81,0,COGS,AR,INV-60196
JE-000912,2025-11-08,2025-11,1220,Inventory - Finished Goods,0,246.81,Inventory relief,AR,INV-60196
JE-001529,2025-11-08,2025-11,1100,Accounts Receivable,4034.65,0,Invoice INV-60327,AR,INV-60327
JE-001530,2025-11-08,2025-11,4000,Product Sales - Manufactured,0,4034.65,Invoice INV-60327,AR,INV-60327
JE-001531,2025-11-08,2025-11,5000,COGS - Materials,2697.37,0,COGS,AR,INV-60327
JE-001532,2025-11-08,2025-11,1220,Inventory - Finished Goods,0,2697.37,Inventory relief,AR,INV-60327
JE-003442,2025-11-08,2025-11,1200,Inventory - Raw Materials,2052.5,0,PO receipt PO-31204,INV,RCV-40194
JE-003443,2025-11-08,2025-11,2050,GR/IR Clearing (Received Not Invoiced),0,2052.5,PO receipt PO-31204,INV,RCV-40194
JE-000187,2025-11-09,2025-11,1100,Accounts Receivable,11913.68,0,Invoice INV-60041,AR,INV-60041
JE-000188,2025-11-09,2025-11,4000,Product Sales - Manufactured,0,10945.76,Invoice INV-60041,AR,INV-60041
JE-000189,2025-11-09,2025-11,4100,Freight Revenue,0,174.35,Freight billed,AR,INV-60041
JE-000190,2025-11-09,2025-11,2100,Accrued Expenses,0,793.57,Sales tax payable,AR,INV-60041
JE-000191,2025-11-09,2025-11,5000,COGS - Materials,7895.22,0,COGS,AR,INV-60041
JE-000192,2025-11-09,2025-11,1220,Inventory - Finished Goods,0,7895.22,Inventory relief,AR,INV-60041
JE-001790,2025-11-09,2025-11,1100,Accounts Receivable,20529.81,0,Invoice INV-60382,AR,INV-60382
JE-001791,2025-11-09,2025-11,4000,Product Sales - Manufactured,0,19142.01,Invoice INV-60382,AR,INV-60382
JE-001792,2025-11-09,2025-11,2100,Accrued Expenses,0,1387.8,Sales tax payable,AR,INV-60382
JE-001793,2025-11-09,2025-11,5000,COGS - Materials,16611.05,0,COGS,AR,INV-60382
JE-001794,2025-11-09,2025-11,1220,Inventory - Finished Goods,0,16611.05,Inventory relief,AR,INV-60382
JE-002155,2025-11-09,2025-11,1000,Operating Cash,11590.34,0,Customer payment,AR,NIC-CR00160
JE-002156,2025-11-09,2025-11,1100,Accounts Receivable,0,11590.34,Customer payment,AR,NIC-CR00160
JE-003084,2025-11-09,2025-11,1200,Inventory - Raw Materials,1150.0,0,PO receipt PO-31015,INV,RCV-40015
JE-003085,2025-11-09,2025-11,2050,GR/IR Clearing (Received Not Invoiced),0,1150.0,PO receipt PO-31015,INV,RCV-40015
JE-001781,2025-11-10,2025-11,1100,Accounts Receivable,18769.32,0,Invoice INV-60380,AR,INV-60380
JE-001782,2025-11-10,2025-11,4000,Product Sales - Manufactured,0,18467.28,Invoice INV-60380,AR,INV-60380
JE-001783,2025-11-10,2025-11,4100,Freight Revenue,0,302.04,Freight billed,AR,INV-60380
JE-001784,2025-11-10,2025-11,5000,COGS - Materials,12217.0,0,COGS,AR,INV-60380
JE-001785,2025-11-10,2025-11,1220,Inventory - Finished Goods,0,12217.0,Inventory relief,AR,INV-60380
JE-002749,2025-11-10,2025-11,2050,GR/IR Clearing (Received Not Invoiced),927.08,0,Supplier inv INV3552367,AP,INV3552367
JE-002750,2025-11-10,2025-11,2000,Accounts Payable,0,927.08,Supplier inv INV3552367,AP,INV3552367
JE-002938,2025-11-11,2025-11,2050,GR/IR Clearing (Received Not Invoiced),2052.5,0,Supplier inv 8107540,AP,8107540
JE-002939,2025-11-11,2025-11,5300,Freight In,83.37,0,Freight in,AP,8107540
JE-002940,2025-11-11,2025-11,2000,Accounts Payable,0,2135.87,Supplier inv 8107540,AP,8107540
JE-000774,2025-11-12,2025-11,1100,Accounts Receivable,11879.38,0,Invoice INV-60166,AR,INV-60166
JE-000775,2025-11-12,2025-11,4000,Product Sales - Manufactured,0,11879.38,Invoice INV-60166,AR,INV-60166
JE-000776,2025-11-12,2025-11,5000,COGS - Materials,8663.5,0,COGS,AR,INV-60166
JE-000777,2025-11-12,2025-11,1220,Inventory - Finished Goods,0,8663.5,Inventory relief,AR,INV-60166
JE-002009,2025-11-12,2025-11,1000,Operating Cash,11421.92,0,Customer payment,AR,NIC-CR00087
JE-002010,2025-11-12,2025-11,1100,Accounts Receivable,0,11421.92,Customer payment,AR,NIC-CR00087
JE-003334,2025-11-12,2025-11,1200,Inventory - Raw Materials,3309.6,0,PO receipt PO-31149,INV,RCV-40140
JE-003335,2025-11-12,2025-11,2050,GR/IR Clearing (Received Not Invoiced),0,3309.6,PO receipt PO-31149,INV,RCV-40140
JE-003372,2025-11-12,2025-11,1200,Inventory - Raw Materials,575.0,0,PO receipt PO-31168,INV,RCV-40159
JE-003373,2025-11-12,2025-11,2050,GR/IR Clearing (Received Not Invoiced),0,575.0,PO receipt PO-31168,INV,RCV-40159
JE-003420,2025-11-12,2025-11,1200,Inventory - Raw Materials,320378.14,0,PO receipt PO-31192,INV,RCV-40183
JE-003421,2025-11-12,2025-11,2050,GR/IR Clearing (Received Not Invoiced),0,320378.14,PO receipt PO-31192,INV,RCV-40183
JE-000307,2025-11-13,2025-11,1100,Accounts Receivable,652.54,0,Invoice INV-60067,AR,INV-60067
JE-000308,2025-11-13,2025-11,4000,Product Sales - Manufactured,0,608.43,Invoice INV-60067,AR,INV-60067
JE-000309,2025-11-13,2025-11,2100,Accrued Expenses,0,44.11,Sales tax payable,AR,INV-60067
JE-000310,2025-11-13,2025-11,5000,COGS - Materials,466.23,0,COGS,AR,INV-60067
JE-000311,2025-11-13,2025-11,1220,Inventory - Finished Goods,0,466.23,Inventory relief,AR,INV-60067
JE-002815,2025-11-13,2025-11,2050,GR/IR Clearing (Received Not Invoiced),3307.92,0,Supplier inv 92342777,AP,92342777
JE-002816,2025-11-13,2025-11,5300,Freight In,176.22,0,Freight in,AP,92342777
JE-002817,2025-11-13,2025-11,2000,Accounts Payable,0,3484.14,Supplier inv 92342777,AP,92342777
JE-000848,2025-11-14,2025-11,1100,Accounts Receivable,10407.62,0,Invoice INV-60182,AR,INV-60182
JE-000849,2025-11-14,2025-11,4000,Product Sales - Manufactured,0,10302.74,Invoice INV-60182,AR,INV-60182
JE-000850,2025-11-14,2025-11,4100,Freight Revenue,0,104.88,Freight billed,AR,INV-60182
JE-000851,2025-11-14,2025-11,5000,COGS - Materials,7368.77,0,COGS,AR,INV-60182
JE-000852,2025-11-14,2025-11,1220,Inventory - Finished Goods,0,7368.77,Inventory relief,AR,INV-60182
JE-001034,2025-11-14,2025-11,1100,Accounts Receivable,3364.23,0,Invoice INV-60223,AR,INV-60223
JE-001035,2025-11-14,2025-11,4000,Product Sales - Manufactured,0,3136.81,Invoice INV-60223,AR,INV-60223
JE-001036,2025-11-14,2025-11,2100,Accrued Expenses,0,227.42,Sales tax payable,AR,INV-60223
JE-001037,2025-11-14,2025-11,5000,COGS - Materials,1997.97,0,COGS,AR,INV-60223
JE-001038,2025-11-14,2025-11,1220,Inventory - Finished Goods,0,1997.97,Inventory relief,AR,INV-60223
JE-001945,2025-11-14,2025-11,1000,Operating Cash,5463.99,0,Customer payment,AR,NIC-CR00055
JE-001946,2025-11-14,2025-11,1100,Accounts Receivable,0,5463.99,Customer payment,AR,NIC-CR00055
JE-002477,2025-11-14,2025-11,1000,Operating Cash,2851.22,0,Customer payment,AR,NIC-CR00321
JE-002478,2025-11-14,2025-11,1100,Accounts Receivable,0,2851.22,Customer payment,AR,NIC-CR00321
JE-000569,2025-11-15,2025-11,1100,Accounts Receivable,402.62,0,Invoice INV-60122,AR,INV-60122
JE-000570,2025-11-15,2025-11,4000,Product Sales - Manufactured,0,375.4,Invoice INV-60122,AR,INV-60122
JE-000571,2025-11-15,2025-11,2100,Accrued Expenses,0,27.22,Sales tax payable,AR,INV-60122
JE-000572,2025-11-15,2025-11,5000,COGS - Materials,246.81,0,COGS,AR,INV-60122
JE-000573,2025-11-15,2025-11,1220,Inventory - Finished Goods,0,246.81,Inventory relief,AR,INV-60122
JE-000997,2025-11-15,2025-11,1100,Accounts Receivable,11271.46,0,Invoice INV-60215,AR,INV-60215
JE-000998,2025-11-15,2025-11,4000,Product Sales - Manufactured,0,11134.56,Invoice INV-60215,AR,INV-60215
JE-000999,2025-11-15,2025-11,4100,Freight Revenue,0,136.9,Freight billed,AR,INV-60215
JE-001000,2025-11-15,2025-11,5000,COGS - Materials,8836.95,0,COGS,AR,INV-60215
JE-001001,2025-11-15,2025-11,1220,Inventory - Finished Goods,0,8836.95,Inventory relief,AR,INV-60215
JE-001891,2025-11-15,2025-11,1000,Operating Cash,7691.87,0,Customer payment,AR,NIC-CR00028
JE-001892,2025-11-15,2025-11,1100,Accounts Receivable,0,7691.87,Customer payment,AR,NIC-CR00028
JE-002059,2025-11-15,2025-11,1000,Operating Cash,20355.31,0,Customer payment,AR,NIC-CR00112
JE-002060,2025-11-15,2025-11,1100,Accounts Receivable,0,20355.31,Customer payment,AR,NIC-CR00112
JE-002409,2025-11-15,2025-11,1000,Operating Cash,10036.19,0,Customer payment,AR,NIC-CR00287
JE-002410,2025-11-15,2025-11,1100,Accounts Receivable,0,10036.19,Customer payment,AR,NIC-CR00287
JE-002203,2025-11-16,2025-11,1000,Operating Cash,4147.86,0,Customer payment,AR,NIC-CR00184
JE-002204,2025-11-16,2025-11,1100,Accounts Receivable,0,4147.86,Customer payment,AR,NIC-CR00184
JE-002530,2025-11-16,2025-11,2050,GR/IR Clearing (Received Not Invoiced),1150.0,0,Supplier inv 1891463,AP,1891463
JE-002531,2025-11-16,2025-11,2000,Accounts Payable,0,1150.0,Supplier inv 1891463,AP,1891463
JE-000303,2025-11-17,2025-11,1100,Accounts Receivable,5099.2,0,Invoice INV-60066,AR,INV-60066
JE-000304,2025-11-17,2025-11,4000,Product Sales - Manufactured,0,5099.2,Invoice INV-60066,AR,INV-60066
JE-000305,2025-11-17,2025-11,5000,COGS - Materials,3990.0,0,COGS,AR,INV-60066
JE-000306,2025-11-17,2025-11,1220,Inventory - Finished Goods,0,3990.0,Inventory relief,AR,INV-60066
JE-002858,2025-11-17,2025-11,2050,GR/IR Clearing (Received Not Invoiced),603.52,0,Supplier inv 6667389,AP,6667389
JE-002859,2025-11-17,2025-11,2000,Accounts Payable,0,603.52,Supplier inv 6667389,AP,6667389
JE-001589,2025-11-18,2025-11,1100,Accounts Receivable,3381.61,0,Invoice INV-60340,AR,INV-60340
JE-001590,2025-11-18,2025-11,4000,Product Sales - Manufactured,0,3381.61,Invoice INV-60340,AR,INV-60340
JE-001591,2025-11-18,2025-11,5000,COGS - Materials,2945.65,0,COGS,AR,INV-60340
JE-001592,2025-11-18,2025-11,1220,Inventory - Finished Goods,0,2945.65,Inventory relief,AR,INV-60340
JE-002341,2025-11-18,2025-11,1000,Operating Cash,5122.54,0,Customer payment,AR,NIC-CR00253
JE-002342,2025-11-18,2025-11,1100,Accounts Receivable,0,5122.54,Customer payment,AR,NIC-CR00253
JE-002913,2025-11-18,2025-11,2050,GR/IR Clearing (Received Not Invoiced),320611.02,0,Supplier inv INV8024555,AP,INV8024555
JE-002914,2025-11-18,2025-11,2000,Accounts Payable,0,320611.02,Supplier inv INV8024555,AP,INV8024555
JE-001635,2025-11-19,2025-11,1100,Accounts Receivable,12735.64,0,Invoice INV-60350,AR,INV-60350
JE-001636,2025-11-19,2025-11,4000,Product Sales - Manufactured,0,12735.64,Invoice INV-60350,AR,INV-60350
JE-001637,2025-11-19,2025-11,5000,COGS - Materials,9715.08,0,COGS,AR,INV-60350
JE-001638,2025-11-19,2025-11,1220,Inventory - Finished Goods,0,9715.08,Inventory relief,AR,INV-60350
JE-001941,2025-11-19,2025-11,1000,Operating Cash,10074.02,0,Customer payment,AR,NIC-CR00053
JE-001942,2025-11-19,2025-11,1100,Accounts Receivable,0,10074.02,Customer payment,AR,NIC-CR00053
JE-000514,2025-11-20,2025-11,1100,Accounts Receivable,5058.61,0,Invoice INV-60111,AR,INV-60111
JE-000515,2025-11-20,2025-11,4000,Product Sales - Manufactured,0,4739.01,Invoice INV-60111,AR,INV-60111
JE-000516,2025-11-20,2025-11,4100,Freight Revenue,0,319.6,Freight billed,AR,INV-60111
JE-000517,2025-11-20,2025-11,5000,COGS - Materials,3802.11,0,COGS,AR,INV-60111
JE-000518,2025-11-20,2025-11,1220,Inventory - Finished Goods,0,3802.11,Inventory relief,AR,INV-60111
JE-000927,2025-11-20,2025-11,1100,Accounts Receivable,3104.91,0,Invoice INV-60200,AR,INV-60200
JE-000928,2025-11-20,2025-11,4000,Product Sales - Manufactured,0,3104.91,Invoice INV-60200,AR,INV-60200
JE-000929,2025-11-20,2025-11,5000,COGS - Materials,2223.66,0,COGS,AR,INV-60200
JE-000930,2025-11-20,2025-11,1220,Inventory - Finished Goods,0,2223.66,Inventory relief,AR,INV-60200
JE-002205,2025-11-20,2025-11,1000,Operating Cash,17363.55,0,Customer payment,AR,NIC-CR00185
JE-002206,2025-11-20,2025-11,1100,Accounts Receivable,0,17363.55,Customer payment,AR,NIC-CR00185
JE-003328,2025-11-20,2025-11,1200,Inventory - Raw Materials,2450.0,0,PO receipt PO-31145,INV,RCV-40137
JE-003329,2025-11-20,2025-11,2050,GR/IR Clearing (Received Not Invoiced),0,2450.0,PO receipt PO-31145,INV,RCV-40137
JE-001358,2025-11-21,2025-11,1100,Accounts Receivable,5122.54,0,Invoice INV-60290,AR,INV-60290
JE-001359,2025-11-21,2025-11,4000,Product Sales - Manufactured,0,4846.88,Invoice INV-60290,AR,INV-60290
JE-001360,2025-11-21,2025-11,4100,Freight Revenue,0,275.66,Freight billed,AR,INV-60290
JE-001361,2025-11-21,2025-11,5000,COGS - Materials,3815.95,0,COGS,AR,INV-60290
JE-001362,2025-11-21,2025-11,1220,Inventory - Finished Goods,0,3815.95,Inventory relief,AR,INV-60290
JE-002029,2025-11-21,2025-11,1000,Operating Cash,3877.8,0,Customer payment,AR,NIC-CR00097
JE-002030,2025-11-21,2025-11,1100,Accounts Receivable,0,3877.8,Customer payment,AR,NIC-CR00097
JE-003474,2025-11-21,2025-11,1200,Inventory - Raw Materials,1193.48,0,PO receipt PO-31220,INV,RCV-40210
JE-003475,2025-11-21,2025-11,2050,GR/IR Clearing (Received Not Invoiced),0,1193.48,PO receipt PO-31220,INV,RCV-40210
JE-001851,2025-11-22,2025-11,1000,Operating Cash,11447.17,0,Customer payment,AR,NIC-CR00008
JE-001852,2025-11-22,2025-11,1100,Accounts Receivable,0,11447.17,Customer payment,AR,NIC-CR00008
JE-002025,2025-11-22,2025-11,1000,Operating Cash,793.6,0,Customer payment,AR,NIC-CR00095
JE-002026,2025-11-22,2025-11,1100,Accounts Receivable,0,793.6,Customer payment,AR,NIC-CR00095
JE-002123,2025-11-22,2025-11,1000,Operating Cash,4202.05,0,Customer payment,AR,NIC-CR00144
JE-002124,2025-11-22,2025-11,1100,Accounts Receivable,0,4202.05,Customer payment,AR,NIC-CR00144
JE-002973,2025-11-22,2025-11,2050,GR/IR Clearing (Received Not Invoiced),1193.48,0,Supplier inv INV1365800,AP,INV1365800
JE-002974,2025-11-22,2025-11,2000,Accounts Payable,0,1193.48,Supplier inv INV1365800,AP,INV1365800
JE-001121,2025-11-23,2025-11,1100,Accounts Receivable,6971.62,0,Invoice INV-60241,AR,INV-60241
JE-001122,2025-11-23,2025-11,4000,Product Sales - Manufactured,0,6420.42,Invoice INV-60241,AR,INV-60241
JE-001123,2025-11-23,2025-11,4100,Freight Revenue,0,85.72,Freight billed,AR,INV-60241
JE-001124,2025-11-23,2025-11,2100,Accrued Expenses,0,465.48,Sales tax payable,AR,INV-60241
JE-001125,2025-11-23,2025-11,5000,COGS - Materials,3719.34,0,COGS,AR,INV-60241
JE-001126,2025-11-23,2025-11,1220,Inventory - Finished Goods,0,3719.34,Inventory relief,AR,INV-60241
JE-001425,2025-11-23,2025-11,1100,Accounts Receivable,3583.3,0,Invoice INV-60305,AR,INV-60305
JE-001426,2025-11-23,2025-11,4000,Product Sales - Manufactured,0,3583.3,Invoice INV-60305,AR,INV-60305
JE-001427,2025-11-23,2025-11,5000,COGS - Materials,2745.82,0,COGS,AR,INV-60305
JE-001428,2025-11-23,2025-11,1220,Inventory - Finished Goods,0,2745.82,Inventory relief,AR,INV-60305
JE-002279,2025-11-23,2025-11,1000,Operating Cash,438.65,0,Customer payment,AR,NIC-CR00222
JE-002280,2025-11-23,2025-11,1100,Accounts Receivable,0,438.65,Customer payment,AR,NIC-CR00222
JE-000095,2025-11-24,2025-11,1100,Accounts Receivable,12713.78,0,Invoice INV-60021,AR,INV-60021
JE-000096,2025-11-24,2025-11,4000,Product Sales - Manufactured,0,11620.81,Invoice INV-60021,AR,INV-60021
JE-000097,2025-11-24,2025-11,4100,Freight Revenue,0,250.46,Freight billed,AR,INV-60021
JE-000098,2025-11-24,2025-11,2100,Accrued Expenses,0,842.51,Sales tax payable,AR,INV-60021
JE-000099,2025-11-24,2025-11,5000,COGS - Materials,7193.53,0,COGS,AR,INV-60021
JE-000100,2025-11-24,2025-11,1220,Inventory - Finished Goods,0,7193.53,Inventory relief,AR,INV-60021
JE-002109,2025-11-24,2025-11,1000,Operating Cash,8757.0,0,Customer payment,AR,NIC-CR00137
JE-002110,2025-11-24,2025-11,1100,Accounts Receivable,0,8757.0,Customer payment,AR,NIC-CR00137
JE-002227,2025-11-24,2025-11,1000,Operating Cash,2279.51,0,Customer payment,AR,NIC-CR00196
JE-002228,2025-11-24,2025-11,1100,Accounts Receivable,0,2279.51,Customer payment,AR,NIC-CR00196
JE-002463,2025-11-24,2025-11,1000,Operating Cash,1627.73,0,Customer payment,AR,NIC-CR00314
JE-002464,2025-11-24,2025-11,1100,Accounts Receivable,0,1627.73,Customer payment,AR,NIC-CR00314
JE-002723,2025-11-24,2025-11,2050,GR/IR Clearing (Received Not Invoiced),18002.0,0,Supplier inv 91147507,AP,91147507
JE-002724,2025-11-24,2025-11,5300,Freight In,34.43,0,Freight in,AP,91147507
JE-002725,2025-11-24,2025-11,2000,Accounts Payable,0,18036.43,Supplier inv 91147507,AP,91147507
JE-003250,2025-11-24,2025-11,1200,Inventory - Raw Materials,17826.0,0,PO receipt PO-31103,INV,RCV-40098
JE-003251,2025-11-24,2025-11,2050,GR/IR Clearing (Received Not Invoiced),0,17826.0,PO receipt PO-31103,INV,RCV-40098
JE-002473,2025-11-25,2025-11,1000,Operating Cash,23817.57,0,Customer payment,AR,NIC-CR00319
JE-002474,2025-11-25,2025-11,1100,Accounts Receivable,0,23817.57,Customer payment,AR,NIC-CR00319
JE-003102,2025-11-25,2025-11,1200,Inventory - Raw Materials,6583.1,0,PO receipt PO-31024,INV,RCV-40024
JE-003103,2025-11-25,2025-11,2050,GR/IR Clearing (Received Not Invoiced),0,6583.1,PO receipt PO-31024,INV,RCV-40024
JE-001246,2025-11-26,2025-11,1100,Accounts Receivable,7055.35,0,Invoice INV-60267,AR,INV-60267
JE-001247,2025-11-26,2025-11,4000,Product Sales - Manufactured,0,6924.25,Invoice INV-60267,AR,INV-60267
JE-001248,2025-11-26,2025-11,4100,Freight Revenue,0,131.1,Freight billed,AR,INV-60267
JE-001249,2025-11-26,2025-11,5000,COGS - Materials,3779.55,0,COGS,AR,INV-60267
JE-001250,2025-11-26,2025-11,1220,Inventory - Finished Goods,0,3779.55,Inventory relief,AR,INV-60267
JE-001752,2025-11-26,2025-11,1100,Accounts Receivable,20231.34,0,Invoice INV-60374,AR,INV-60374
JE-001753,2025-11-26,2025-11,4000,Product Sales - Manufactured,0,18863.72,Invoice INV-60374,AR,INV-60374
JE-001754,2025-11-26,2025-11,2100,Accrued Expenses,0,1367.62,Sales tax payable,AR,INV-60374
JE-001755,2025-11-26,2025-11,5000,COGS - Materials,16984.44,0,COGS,AR,INV-60374
JE-001756,2025-11-26,2025-11,1220,Inventory - Finished Goods,0,16984.44,Inventory relief,AR,INV-60374
JE-002808,2025-11-26,2025-11,2050,GR/IR Clearing (Received Not Invoiced),2481.0,0,Supplier inv SI3661724,AP,SI3661724
JE-002809,2025-11-26,2025-11,2000,Accounts Payable,0,2481.0,Supplier inv SI3661724,AP,SI3661724
JE-001163,2025-11-27,2025-11,1100,Accounts Receivable,5503.13,0,Invoice INV-60250,AR,INV-60250
JE-001164,2025-11-27,2025-11,4000,Product Sales - Manufactured,0,5131.12,Invoice INV-60250,AR,INV-60250
JE-001165,2025-11-27,2025-11,2100,Accrued Expenses,0,372.01,Sales tax payable,AR,INV-60250
JE-001166,2025-11-27,2025-11,5000,COGS - Materials,3531.95,0,COGS,AR,INV-60250
JE-001167,2025-11-27,2025-11,1220,Inventory - Finished Goods,0,3531.95,Inventory relief,AR,INV-60250
JE-002239,2025-11-27,2025-11,1000,Operating Cash,1089.51,0,Customer payment,AR,NIC-CR00202
JE-002240,2025-11-27,2025-11,1100,Accounts Receivable,0,1089.51,Customer payment,AR,NIC-CR00202
JE-002295,2025-11-27,2025-11,1000,Operating Cash,1483.22,0,Customer payment,AR,NIC-CR00230
JE-002296,2025-11-27,2025-11,1100,Accounts Receivable,0,1483.22,Customer payment,AR,NIC-CR00230
JE-002023,2025-11-28,2025-11,1000,Operating Cash,8796.32,0,Customer payment,AR,NIC-CR00094
JE-002024,2025-11-28,2025-11,1100,Accounts Receivable,0,8796.32,Customer payment,AR,NIC-CR00094
JE-002263,2025-11-28,2025-11,1000,Operating Cash,1784.51,0,Customer payment,AR,NIC-CR00214
JE-002264,2025-11-28,2025-11,1100,Accounts Receivable,0,1784.51,Customer payment,AR,NIC-CR00214
JE-002738,2025-11-28,2025-11,2050,GR/IR Clearing (Received Not Invoiced),3404.95,0,Supplier inv 91220841,AP,91220841
JE-002739,2025-11-28,2025-11,5300,Freight In,159.67,0,Freight in,AP,91220841
JE-002740,2025-11-28,2025-11,2000,Accounts Payable,0,3564.62,Supplier inv 91220841,AP,91220841
JE-003246,2025-11-28,2025-11,1200,Inventory - Raw Materials,2807.0,0,PO receipt PO-31101,INV,RCV-40096
JE-003247,2025-11-28,2025-11,2050,GR/IR Clearing (Received Not Invoiced),0,2807.0,PO receipt PO-31101,INV,RCV-40096
JE-003264,2025-11-28,2025-11,1200,Inventory - Raw Materials,3400.65,0,PO receipt PO-31112,INV,RCV-40105
JE-003265,2025-11-28,2025-11,2050,GR/IR Clearing (Received Not Invoiced),0,3400.65,PO receipt PO-31112,INV,RCV-40105
JE-001059,2025-11-29,2025-11,1100,Accounts Receivable,3593.01,0,Invoice INV-60228,AR,INV-60228
JE-001060,2025-11-29,2025-11,4000,Product Sales - Manufactured,0,3350.13,Invoice INV-60228,AR,INV-60228
JE-001061,2025-11-29,2025-11,2100,Accrued Expenses,0,242.88,Sales tax payable,AR,INV-60228
JE-001062,2025-11-29,2025-11,5000,COGS - Materials,2163.54,0,COGS,AR,INV-60228
JE-001063,2025-11-29,2025-11,1220,Inventory - Finished Goods,0,2163.54,Inventory relief,AR,INV-60228
JE-001697,2025-11-29,2025-11,1100,Accounts Receivable,18511.39,0,Invoice INV-60363,AR,INV-60363
JE-001698,2025-11-29,2025-11,4000,Product Sales - Manufactured,0,18511.39,Invoice INV-60363,AR,INV-60363
JE-001699,2025-11-29,2025-11,5000,COGS - Materials,15521.35,0,COGS,AR,INV-60363
JE-001700,2025-11-29,2025-11,1220,Inventory - Finished Goods,0,15521.35,Inventory relief,AR,INV-60363
JE-002261,2025-11-29,2025-11,1000,Operating Cash,8441.63,0,Customer payment,AR,NIC-CR00213
JE-002262,2025-11-29,2025-11,1100,Accounts Receivable,0,8441.63,Customer payment,AR,NIC-CR00213
JE-002287,2025-11-29,2025-11,1000,Operating Cash,575.76,0,Customer payment,AR,NIC-CR00226
JE-002288,2025-11-29,2025-11,1100,Accounts Receivable,0,575.76,Customer payment,AR,NIC-CR00226
JE-002399,2025-11-29,2025-11,1000,Operating Cash,4034.65,0,Customer payment,AR,NIC-CR00282
JE-002400,2025-11-29,2025-11,1100,Accounts Receivable,0,4034.65,Customer payment,AR,NIC-CR00282
JE-001216,2025-11-30,2025-11,1100,Accounts Receivable,16214.04,0,Invoice INV-60261,AR,INV-60261
JE-001217,2025-11-30,2025-11,4000,Product Sales - Manufactured,0,15757.0,Invoice INV-60261,AR,INV-60261
JE-001218,2025-11-30,2025-11,4100,Freight Revenue,0,457.04,Freight billed,AR,INV-60261
JE-001219,2025-11-30,2025-11,5000,COGS - Materials,10693.07,0,COGS,AR,INV-60261
JE-001220,2025-11-30,2025-11,1220,Inventory - Finished Goods,0,10693.07,Inventory relief,AR,INV-60261
JE-001496,2025-11-30,2025-11,1100,Accounts Receivable,508.87,0,Invoice INV-60320,AR,INV-60320
JE-001497,2025-11-30,2025-11,4000,Product Sales - Manufactured,0,508.87,Invoice INV-60320,AR,INV-60320
JE-001498,2025-11-30,2025-11,5000,COGS - Materials,328.62,0,COGS,AR,INV-60320
JE-001499,2025-11-30,2025-11,1220,Inventory - Finished Goods,0,328.62,Inventory relief,AR,INV-60320
JE-001500,2025-11-30,2025-11,1100,Accounts Receivable,6886.29,0,Invoice INV-60321,AR,INV-60321
JE-001501,2025-11-30,2025-11,4000,Product Sales - Manufactured,0,6188.32,Invoice INV-60321,AR,INV-60321
JE-001502,2025-11-30,2025-11,4100,Freight Revenue,0,249.32,Freight billed,AR,INV-60321
JE-001503,2025-11-30,2025-11,2100,Accrued Expenses,0,448.65,Sales tax payable,AR,INV-60321
JE-001504,2025-11-30,2025-11,5000,COGS - Materials,3446.48,0,COGS,AR,INV-60321
JE-001505,2025-11-30,2025-11,1220,Inventory - Finished Goods,0,3446.48,Inventory relief,AR,INV-60321
JE-001688,2025-11-30,2025-11,1100,Accounts Receivable,1445.55,0,Invoice INV-60361,AR,INV-60361
JE-001689,2025-11-30,2025-11,4000,Product Sales - Manufactured,0,1221.48,Invoice INV-60361,AR,INV-60361
JE-001690,2025-11-30,2025-11,4100,Freight Revenue,0,224.07,Freight billed,AR,INV-60361
JE-001691,2025-11-30,2025-11,5000,COGS - Materials,1031.8,0,COGS,AR,INV-60361
JE-001692,2025-11-30,2025-11,1220,Inventory - Finished Goods,0,1031.8,Inventory relief,AR,INV-60361
JE-003378,2025-11-30,2025-11,1200,Inventory - Raw Materials,4939.84,0,PO receipt PO-31171,INV,RCV-40162
JE-003379,2025-11-30,2025-11,2050,GR/IR Clearing (Received Not Invoiced),0,4939.84,PO receipt PO-31171,INV,RCV-40162
JE-003440,2025-11-30,2025-11,1200,Inventory - Raw Materials,2561.0,0,PO receipt PO-31203,INV,RCV-40193
JE-003441,2025-11-30,2025-11,2050,GR/IR Clearing (Received Not Invoiced),0,2561.0,PO receipt PO-31203,INV,RCV-40193
JE-003564,2025-11-30,2025-11,6700,Office & Supplies,570.74,0,Iron Mountain Inc.,AP,NIC-AP00008
JE-003565,2025-11-30,2025-11,2000,Accounts Payable,0,570.74,Iron Mountain Inc.,AP,NIC-AP00008
JE-003580,2025-11-30,2025-11,6700,Office & Supplies,1791.61,0,"W.W. Grainger, Inc.",AP,NIC-AP00016
JE-003581,2025-11-30,2025-11,2000,Accounts Payable,0,1791.61,"W.W. Grainger, Inc.",AP,NIC-AP00016
JE-003604,2025-11-30,2025-11,6700,Office & Supplies,329.78,0,Cintas Corporation,AP,NIC-AP00028
JE-003605,2025-11-30,2025-11,2000,Accounts Payable,0,329.78,Cintas Corporation,AP,NIC-AP00028
JE-003622,2025-11-30,2025-11,6300,Rent,3463.33,0,Waste Management of Illinois,AP,NIC-AP00037
JE-003623,2025-11-30,2025-11,2000,Accounts Payable,0,3463.33,Waste Management of Illinois,AP,NIC-AP00037
JE-003640,2025-11-30,2025-11,5300,Freight In,79.73,0,UPS,AP,NIC-AP00046
JE-003641,2025-11-30,2025-11,2000,Accounts Payable,0,79.73,UPS,AP,NIC-AP00046
JE-003674,2025-11-30,2025-11,6700,Office & Supplies,3129.27,0,Sunbelt Rentals,AP,NIC-AP00063
JE-003675,2025-11-30,2025-11,2000,Accounts Payable,0,3129.27,Sunbelt Rentals,AP,NIC-AP00063
JE-003696,2025-11-30,2025-11,6300,Rent,38500,0,Rockford Industrial Park LLC,AP,NIC-AP00074
JE-003697,2025-11-30,2025-11,2000,Accounts Payable,0,38500,Rockford Industrial Park LLC,AP,NIC-AP00074
JE-003720,2025-11-30,2025-11,6400,Software Subscriptions,15750.0,0,Epicor Kinetic,AP,SW-EPICOR
JE-003721,2025-11-30,2025-11,2000,Accounts Payable,0,15750.0,Epicor Kinetic,AP,SW-EPICOR
JE-003744,2025-11-30,2025-11,6400,Software Subscriptions,1079.17,0,SolidWorks Standard,AP,SW-SOLIDW
JE-003745,2025-11-30,2025-11,2000,Accounts Payable,0,1079.17,SolidWorks Standard,AP,SW-SOLIDW
JE-003768,2025-11-30,2025-11,6400,Software Subscriptions,1000.0,0,MasterControl,AP,SW-MASTER
JE-003769,2025-11-30,2025-11,2000,Accounts Payable,0,1000.0,MasterControl,AP,SW-MASTER
JE-003792,2025-11-30,2025-11,6400,Software Subscriptions,1775.0,0,Microsoft 365 Business Standard,AP,SW-MICROS
JE-003793,2025-11-30,2025-11,2000,Accounts Payable,0,1775.0,Microsoft 365 Business Standard,AP,SW-MICROS
JE-003816,2025-11-30,2025-11,6400,Software Subscriptions,4920.0,0,ADP Workforce Now,AP,SW-ADPWO
JE-003817,2025-11-30,2025-11,2000,Accounts Payable,0,4920.0,ADP Workforce Now,AP,SW-ADPWO
JE-003840,2025-11-30,2025-11,6400,Software Subscriptions,900.0,0,Salesforce Sales Cloud,AP,SW-SALESF
JE-003841,2025-11-30,2025-11,2000,Accounts Payable,0,900.0,Salesforce Sales Cloud,AP,SW-SALESF
JE-003864,2025-11-30,2025-11,6400,Software Subscriptions,700.0,0,Bill.com,AP,SW-BILL.C
JE-003865,2025-11-30,2025-11,2000,Accounts Payable,0,700.0,Bill.com,AP,SW-BILL.C
JE-003888,2025-11-30,2025-11,6400,Software Subscriptions,3150.0,0,Box Business,AP,SW-BOXBU
JE-003889,2025-11-30,2025-11,2000,Accounts Payable,0,3150.0,Box Business,AP,SW-BOXBU
JE-003912,2025-11-30,2025-11,6400,Software Subscriptions,1440.0,0,Zoom Workplace,AP,SW-ZOOMW
JE-003913,2025-11-30,2025-11,2000,Accounts Payable,0,1440.0,Zoom Workplace,AP,SW-ZOOMW
JE-003936,2025-11-30,2025-11,6400,Software Subscriptions,1020.0,0,RingCentral MVP,AP,SW-RINGCE
JE-003937,2025-11-30,2025-11,2000,Accounts Payable,0,1020.0,RingCentral MVP,AP,SW-RINGCE
JE-003960,2025-11-30,2025-11,6400,Software Subscriptions,355.0,0,KnowBe4,AP,SW-KNOWBE
JE-003961,2025-11-30,2025-11,2000,Accounts Payable,0,355.0,KnowBe4,AP,SW-KNOWBE
JE-003984,2025-11-30,2025-11,6000,Salaries & Wages,652530.15,0,Monthly payroll,PR,PR-202511
JE-003985,2025-11-30,2025-11,2300,Payroll Liabilities,0,652530.15,Monthly payroll,PR,PR-202511
JE-002719,2025-12-01,2025-12,2050,GR/IR Clearing (Received Not Invoiced),2807.0,0,Supplier inv 1058062,AP,1058062
JE-002720,2025-12-01,2025-12,2000,Accounts Payable,0,2807.0,Supplier inv 1058062,AP,1058062
JE-002864,2025-12-01,2025-12,2050,GR/IR Clearing (Received Not Invoiced),4939.84,0,Supplier inv INV6956676,AP,INV6956676
JE-002865,2025-12-01,2025-12,2000,Accounts Payable,0,4939.84,Supplier inv INV6956676,AP,INV6956676
JE-001975,2025-12-02,2025-12,1000,Operating Cash,1294.38,0,Customer payment,AR,NIC-CR00070
JE-001976,2025-12-02,2025-12,1100,Accounts Receivable,0,1294.38,Customer payment,AR,NIC-CR00070
JE-002552,2025-12-02,2025-12,2050,GR/IR Clearing (Received Not Invoiced),6583.1,0,Supplier inv SI6179706,AP,SI6179706
JE-002553,2025-12-02,2025-12,5300,Freight In,151.1,0,Freight in,AP,SI6179706
JE-002554,2025-12-02,2025-12,2000,Accounts Payable,0,6734.2,Supplier inv SI6179706,AP,SI6179706
JE-003188,2025-12-02,2025-12,1200,Inventory - Raw Materials,4327.68,0,PO receipt PO-31069,INV,RCV-40067
JE-003189,2025-12-02,2025-12,2050,GR/IR Clearing (Received Not Invoiced),0,4327.68,PO receipt PO-31069,INV,RCV-40067
JE-000316,2025-12-04,2025-12,1100,Accounts Receivable,6146.87,0,Invoice INV-60069,AR,INV-60069
JE-000317,2025-12-04,2025-12,4000,Product Sales - Manufactured,0,6146.87,Invoice INV-60069,AR,INV-60069
JE-000318,2025-12-04,2025-12,5000,COGS - Materials,4248.27,0,COGS,AR,INV-60069
JE-000319,2025-12-04,2025-12,1220,Inventory - Finished Goods,0,4248.27,Inventory relief,AR,INV-60069
JE-000346,2025-12-04,2025-12,1100,Accounts Receivable,29333.59,0,Invoice INV-60076,AR,INV-60076
JE-000347,2025-12-04,2025-12,4000,Product Sales - Manufactured,0,29333.59,Invoice INV-60076,AR,INV-60076
JE-000348,2025-12-04,2025-12,5000,COGS - Materials,19685.24,0,COGS,AR,INV-60076
JE-000349,2025-12-04,2025-12,1220,Inventory - Finished Goods,0,19685.24,Inventory relief,AR,INV-60076
JE-000698,2025-12-04,2025-12,1100,Accounts Receivable,2456.99,0,Invoice INV-60149,AR,INV-60149
JE-000699,2025-12-04,2025-12,4000,Product Sales - Manufactured,0,2456.99,Invoice INV-60149,AR,INV-60149
JE-000700,2025-12-04,2025-12,5000,COGS - Materials,1915.78,0,COGS,AR,INV-60149
JE-000701,2025-12-04,2025-12,1220,Inventory - Finished Goods,0,1915.78,Inventory relief,AR,INV-60149
JE-003336,2025-12-04,2025-12,1200,Inventory - Raw Materials,4130.2,0,PO receipt PO-31150,INV,RCV-40141
JE-003337,2025-12-04,2025-12,2050,GR/IR Clearing (Received Not Invoiced),0,4130.2,PO receipt PO-31150,INV,RCV-40141
JE-003536,2025-12-04,2025-12,1200,Inventory - Raw Materials,116.06,0,PO receipt PO-31254,INV,RCV-40241
JE-003537,2025-12-04,2025-12,2050,GR/IR Clearing (Received Not Invoiced),0,116.06,PO receipt PO-31254,INV,RCV-40241
JE-001800,2025-12-05,2025-12,1100,Accounts Receivable,40705.11,0,Invoice INV-60384,AR,INV-60384
JE-001801,2025-12-05,2025-12,4000,Product Sales - Manufactured,0,40118.15,Invoice INV-60384,AR,INV-60384
JE-001802,2025-12-05,2025-12,4100,Freight Revenue,0,586.96,Freight billed,AR,INV-60384
JE-001803,2025-12-05,2025-12,5000,COGS - Materials,33962.28,0,COGS,AR,INV-60384
JE-001804,2025-12-05,2025-12,1220,Inventory - Finished Goods,0,33962.28,Inventory relief,AR,INV-60384
JE-002403,2025-12-05,2025-12,1000,Operating Cash,35907.38,0,Customer payment,AR,NIC-CR00284
JE-002404,2025-12-05,2025-12,1100,Accounts Receivable,0,35907.38,Customer payment,AR,NIC-CR00284
JE-002818,2025-12-05,2025-12,2050,GR/IR Clearing (Received Not Invoiced),4130.2,0,Supplier inv 92459026,AP,92459026
JE-002819,2025-12-05,2025-12,2000,Accounts Payable,0,4130.2,Supplier inv 92459026,AP,92459026
JE-002936,2025-12-05,2025-12,2050,GR/IR Clearing (Received Not Invoiced),2561.0,0,Supplier inv SI3569738,AP,SI3569738
JE-002937,2025-12-05,2025-12,2000,Accounts Payable,0,2561.0,Supplier inv SI3569738,AP,SI3569738
JE-003186,2025-12-05,2025-12,1200,Inventory - Raw Materials,15453.37,0,PO receipt PO-31068,INV,RCV-40066
JE-003187,2025-12-05,2025-12,2050,GR/IR Clearing (Received Not Invoiced),0,15453.37,PO receipt PO-31068,INV,RCV-40066
JE-001231,2025-12-06,2025-12,1100,Accounts Receivable,12754.92,0,Invoice INV-60264,AR,INV-60264
JE-001232,2025-12-06,2025-12,4000,Product Sales - Manufactured,0,12514.44,Invoice INV-60264,AR,INV-60264
JE-001233,2025-12-06,2025-12,4100,Freight Revenue,0,240.48,Freight billed,AR,INV-60264
JE-001234,2025-12-06,2025-12,5000,COGS - Materials,8696.18,0,COGS,AR,INV-60264
JE-001235,2025-12-06,2025-12,1220,Inventory - Finished Goods,0,8696.18,Inventory relief,AR,INV-60264
JE-003178,2025-12-06,2025-12,1200,Inventory - Raw Materials,229.68,0,PO receipt PO-31064,INV,RCV-40062
JE-003179,2025-12-06,2025-12,2050,GR/IR Clearing (Received Not Invoiced),0,229.68,PO receipt PO-31064,INV,RCV-40062
JE-002397,2025-12-07,2025-12,1000,Operating Cash,238.54,0,Customer payment,AR,NIC-CR00281
JE-002398,2025-12-07,2025-12,1100,Accounts Receivable,0,238.54,Customer payment,AR,NIC-CR00281
JE-002481,2025-12-07,2025-12,1000,Operating Cash,18769.32,0,Customer payment,AR,NIC-CR00323
JE-002482,2025-12-07,2025-12,1100,Accounts Receivable,0,18769.32,Customer payment,AR,NIC-CR00323
JE-002650,2025-12-07,2025-12,2050,GR/IR Clearing (Received Not Invoiced),15606.74,0,Supplier inv 5163627,AP,5163627
JE-002651,2025-12-07,2025-12,5300,Freight In,47.45,0,Freight in,AP,5163627
JE-002652,2025-12-07,2025-12,2000,Accounts Payable,0,15654.19,Supplier inv 5163627,AP,5163627
JE-002653,2025-12-07,2025-12,2050,GR/IR Clearing (Received Not Invoiced),4327.68,0,Supplier inv 96586239,AP,96586239
JE-002654,2025-12-07,2025-12,2000,Accounts Payable,0,4327.68,Supplier inv 96586239,AP,96586239
JE-000258,2025-12-08,2025-12,1100,Accounts Receivable,4280.24,0,Invoice INV-60056,AR,INV-60056
JE-000259,2025-12-08,2025-12,4000,Product Sales - Manufactured,0,4143.24,Invoice INV-60056,AR,INV-60056
JE-000260,2025-12-08,2025-12,4100,Freight Revenue,0,137.0,Freight billed,AR,INV-60056
JE-000261,2025-12-08,2025-12,5000,COGS - Materials,3403.06,0,COGS,AR,INV-60056
JE-000262,2025-12-08,2025-12,1220,Inventory - Finished Goods,0,3403.06,Inventory relief,AR,INV-60056
JE-000525,2025-12-08,2025-12,1100,Accounts Receivable,1366.15,0,Invoice INV-60113,AR,INV-60113
JE-000526,2025-12-08,2025-12,4000,Product Sales - Manufactured,0,1081.29,Invoice INV-60113,AR,INV-60113
JE-000527,2025-12-08,2025-12,4100,Freight Revenue,0,284.86,Freight billed,AR,INV-60113
JE-000528,2025-12-08,2025-12,5000,COGS - Materials,959.13,0,COGS,AR,INV-60113
JE-000529,2025-12-08,2025-12,1220,Inventory - Finished Goods,0,959.13,Inventory relief,AR,INV-60113
JE-000693,2025-12-08,2025-12,1100,Accounts Receivable,9407.37,0,Invoice INV-60148,AR,INV-60148
JE-000694,2025-12-08,2025-12,4000,Product Sales - Manufactured,0,8771.44,Invoice INV-60148,AR,INV-60148
JE-000695,2025-12-08,2025-12,2100,Accrued Expenses,0,635.93,Sales tax payable,AR,INV-60148
JE-000696,2025-12-08,2025-12,5000,COGS - Materials,6174.3,0,COGS,AR,INV-60148
JE-000697,2025-12-08,2025-12,1220,Inventory - Finished Goods,0,6174.3,Inventory relief,AR,INV-60148
JE-002091,2025-12-08,2025-12,1000,Operating Cash,2655.51,0,Customer payment,AR,NIC-CR00128
JE-002092,2025-12-08,2025-12,1100,Accounts Receivable,0,2655.51,Customer payment,AR,NIC-CR00128
JE-002045,2025-12-09,2025-12,1000,Operating Cash,3835.57,0,Customer payment,AR,NIC-CR00105
JE-002046,2025-12-09,2025-12,1100,Accounts Receivable,0,3835.57,Customer payment,AR,NIC-CR00105
JE-003041,2025-12-09,2025-12,2050,GR/IR Clearing (Received Not Invoiced),116.46,0,Supplier inv 270330,AP,270330
JE-003042,2025-12-09,2025-12,2000,Accounts Payable,0,116.46,Supplier inv 270330,AP,270330
JE-003386,2025-12-09,2025-12,1200,Inventory - Raw Materials,15161.24,0,PO receipt PO-31175,INV,RCV-40166
JE-003387,2025-12-09,2025-12,2050,GR/IR Clearing (Received Not Invoiced),0,15161.24,PO receipt PO-31175,INV,RCV-40166
JE-000128,2025-12-10,2025-12,1100,Accounts Receivable,13584.41,0,Invoice INV-60028,AR,INV-60028
JE-000129,2025-12-10,2025-12,4000,Product Sales - Manufactured,0,13345.5,Invoice INV-60028,AR,INV-60028
JE-000130,2025-12-10,2025-12,4100,Freight Revenue,0,238.91,Freight billed,AR,INV-60028
JE-000131,2025-12-10,2025-12,5000,COGS - Materials,11644.7,0,COGS,AR,INV-60028
JE-000132,2025-12-10,2025-12,1220,Inventory - Finished Goods,0,11644.7,Inventory relief,AR,INV-60028
JE-002217,2025-12-10,2025-12,1000,Operating Cash,193.34,0,Customer payment,AR,NIC-CR00191
JE-002218,2025-12-10,2025-12,1100,Accounts Receivable,0,193.34,Customer payment,AR,NIC-CR00191
JE-002641,2025-12-10,2025-12,2050,GR/IR Clearing (Received Not Invoiced),229.68,0,Supplier inv 9443587,AP,9443587
JE-002642,2025-12-10,2025-12,2000,Accounts Payable,0,229.68,Supplier inv 9443587,AP,9443587
JE-002873,2025-12-11,2025-12,2050,GR/IR Clearing (Received Not Invoiced),15326.06,0,Supplier inv 9531385,AP,9531385
JE-002874,2025-12-11,2025-12,2000,Accounts Payable,0,15326.06,Supplier inv 9531385,AP,9531385
JE-001701,2025-12-12,2025-12,1100,Accounts Receivable,17680.61,0,Invoice INV-60364,AR,INV-60364
JE-001702,2025-12-12,2025-12,4000,Product Sales - Manufactured,0,16485.42,Invoice INV-60364,AR,INV-60364
JE-001703,2025-12-12,2025-12,2100,Accrued Expenses,0,1195.19,Sales tax payable,AR,INV-60364
JE-001704,2025-12-12,2025-12,5000,COGS - Materials,10376.27,0,COGS,AR,INV-60364
JE-001705,2025-12-12,2025-12,1220,Inventory - Finished Goods,0,10376.27,Inventory relief,AR,INV-60364
JE-001849,2025-12-12,2025-12,1000,Operating Cash,1808.38,0,Customer payment,AR,NIC-CR00007
JE-001850,2025-12-12,2025-12,1100,Accounts Receivable,0,1808.38,Customer payment,AR,NIC-CR00007
JE-003096,2025-12-12,2025-12,1200,Inventory - Raw Materials,4130.2,0,PO receipt PO-31021,INV,RCV-40021
JE-003097,2025-12-12,2025-12,2050,GR/IR Clearing (Received Not Invoiced),0,4130.2,PO receipt PO-31021,INV,RCV-40021
JE-000853,2025-12-13,2025-12,1100,Accounts Receivable,19626.02,0,Invoice INV-60183,AR,INV-60183
JE-000854,2025-12-13,2025-12,4000,Product Sales - Manufactured,0,19626.02,Invoice INV-60183,AR,INV-60183
JE-000855,2025-12-13,2025-12,5000,COGS - Materials,12925.01,0,COGS,AR,INV-60183
JE-000856,2025-12-13,2025-12,1220,Inventory - Finished Goods,0,12925.01,Inventory relief,AR,INV-60183
JE-001847,2025-12-13,2025-12,1000,Operating Cash,11189.43,0,Customer payment,AR,NIC-CR00006
JE-001848,2025-12-13,2025-12,1100,Accounts Receivable,0,11189.43,Customer payment,AR,NIC-CR00006
JE-001877,2025-12-14,2025-12,1000,Operating Cash,12713.78,0,Customer payment,AR,NIC-CR00021
JE-001878,2025-12-14,2025-12,1100,Accounts Receivable,0,12713.78,Customer payment,AR,NIC-CR00021
JE-002151,2025-12-14,2025-12,1000,Operating Cash,9499.1,0,Customer payment,AR,NIC-CR00158
JE-002152,2025-12-14,2025-12,1100,Accounts Receivable,0,9499.1,Customer payment,AR,NIC-CR00158
JE-002369,2025-12-14,2025-12,1000,Operating Cash,758.62,0,Customer payment,AR,NIC-CR00267
JE-002370,2025-12-14,2025-12,1100,Accounts Receivable,0,758.62,Customer payment,AR,NIC-CR00267
JE-000832,2025-12-15,2025-12,1100,Accounts Receivable,1288.6,0,Invoice INV-60178,AR,INV-60178
JE-000833,2025-12-15,2025-12,4000,Product Sales - Manufactured,0,1288.6,Invoice INV-60178,AR,INV-60178
JE-000834,2025-12-15,2025-12,5000,COGS - Materials,1054.65,0,COGS,AR,INV-60178
JE-000835,2025-12-15,2025-12,1220,Inventory - Finished Goods,0,1054.65,Inventory relief,AR,INV-60178
JE-000892,2025-12-15,2025-12,1100,Accounts Receivable,2905.72,0,Invoice INV-60192,AR,INV-60192
JE-000893,2025-12-15,2025-12,4000,Product Sales - Manufactured,0,2905.72,Invoice INV-60192,AR,INV-60192
JE-000894,2025-12-15,2025-12,5000,COGS - Materials,2539.01,0,COGS,AR,INV-60192
JE-000895,2025-12-15,2025-12,1220,Inventory - Finished Goods,0,2539.01,Inventory relief,AR,INV-60192
JE-001967,2025-12-15,2025-12,1000,Operating Cash,6448.45,0,Customer payment,AR,NIC-CR00066
JE-001968,2025-12-15,2025-12,1100,Accounts Receivable,0,6448.45,Customer payment,AR,NIC-CR00066
JE-002375,2025-12-15,2025-12,1000,Operating Cash,2787.57,0,Customer payment,AR,NIC-CR00270
JE-002376,2025-12-15,2025-12,1100,Accounts Receivable,0,2787.57,Customer payment,AR,NIC-CR00270
JE-002461,2025-12-15,2025-12,1000,Operating Cash,15149.82,0,Customer payment,AR,NIC-CR00313
JE-002462,2025-12-15,2025-12,1100,Accounts Receivable,0,15149.82,Customer payment,AR,NIC-CR00313
JE-002491,2025-12-15,2025-12,1000,Operating Cash,6206.61,0,Customer payment,AR,NIC-CR00328
JE-002492,2025-12-15,2025-12,1100,Accounts Receivable,0,6206.61,Customer payment,AR,NIC-CR00328
JE-000963,2025-12-16,2025-12,1100,Accounts Receivable,8090.76,0,Invoice INV-60208,AR,INV-60208
JE-000964,2025-12-16,2025-12,4000,Product Sales - Manufactured,0,7358.95,Invoice INV-60208,AR,INV-60208
JE-000965,2025-12-16,2025-12,4100,Freight Revenue,0,198.29,Freight billed,AR,INV-60208
JE-000966,2025-12-16,2025-12,2100,Accrued Expenses,0,533.52,Sales tax payable,AR,INV-60208
JE-000967,2025-12-16,2025-12,5000,COGS - Materials,5573.97,0,COGS,AR,INV-60208
JE-000968,2025-12-16,2025-12,1220,Inventory - Finished Goods,0,5573.97,Inventory relief,AR,INV-60208
JE-001020,2025-12-16,2025-12,1100,Accounts Receivable,193.34,0,Invoice INV-60220,AR,INV-60220
JE-001021,2025-12-16,2025-12,4000,Product Sales - Manufactured,0,193.34,Invoice INV-60220,AR,INV-60220
JE-001022,2025-12-16,2025-12,5000,COGS - Materials,128.84,0,COGS,AR,INV-60220
JE-001023,2025-12-16,2025-12,1220,Inventory - Finished Goods,0,128.84,Inventory relief,AR,INV-60220
JE-002479,2025-12-16,2025-12,1000,Operating Cash,2463.43,0,Customer payment,AR,NIC-CR00322
JE-002480,2025-12-16,2025-12,1100,Accounts Receivable,0,2463.43,Customer payment,AR,NIC-CR00322
JE-000241,2025-12-17,2025-12,1100,Accounts Receivable,18744.95,0,Invoice INV-60052,AR,INV-60052
JE-000242,2025-12-17,2025-12,4000,Product Sales - Manufactured,0,18744.95,Invoice INV-60052,AR,INV-60052
JE-000243,2025-12-17,2025-12,5000,COGS - Materials,13836.4,0,COGS,AR,INV-60052
JE-000244,2025-12-17,2025-12,1220,Inventory - Finished Goods,0,13836.4,Inventory relief,AR,INV-60052
JE-000451,2025-12-17,2025-12,1100,Accounts Receivable,17156.81,0,Invoice INV-60098,AR,INV-60098
JE-000452,2025-12-17,2025-12,4000,Product Sales - Manufactured,0,17044.52,Invoice INV-60098,AR,INV-60098
JE-000453,2025-12-17,2025-12,4100,Freight Revenue,0,112.29,Freight billed,AR,INV-60098
JE-000454,2025-12-17,2025-12,5000,COGS - Materials,11401.74,0,COGS,AR,INV-60098
JE-000455,2025-12-17,2025-12,1220,Inventory - Finished Goods,0,11401.74,Inventory relief,AR,INV-60098
JE-000857,2025-12-17,2025-12,1100,Accounts Receivable,9499.1,0,Invoice INV-60184,AR,INV-60184
JE-000858,2025-12-17,2025-12,4000,Product Sales - Manufactured,0,9499.1,Invoice INV-60184,AR,INV-60184
JE-000859,2025-12-17,2025-12,5000,COGS - Materials,6824.79,0,COGS,AR,INV-60184
JE-000860,2025-12-17,2025-12,1220,Inventory - Finished Goods,0,6824.79,Inventory relief,AR,INV-60184
JE-002021,2025-12-17,2025-12,1000,Operating Cash,2197.16,0,Customer payment,AR,NIC-CR00093
JE-002022,2025-12-17,2025-12,1100,Accounts Receivable,0,2197.16,Customer payment,AR,NIC-CR00093
JE-002187,2025-12-17,2025-12,1000,Operating Cash,17562.77,0,Customer payment,AR,NIC-CR00176
JE-002188,2025-12-17,2025-12,1100,Accounts Receivable,0,17562.77,Customer payment,AR,NIC-CR00176
JE-002431,2025-12-17,2025-12,1000,Operating Cash,13290.1,0,Customer payment,AR,NIC-CR00298
JE-002432,2025-12-17,2025-12,1100,Accounts Receivable,0,13290.1,Customer payment,AR,NIC-CR00298
JE-002443,2025-12-17,2025-12,1000,Operating Cash,2586.3,0,Customer payment,AR,NIC-CR00304
JE-002444,2025-12-17,2025-12,1100,Accounts Receivable,0,2586.3,Customer payment,AR,NIC-CR00304
JE-003466,2025-12-17,2025-12,1200,Inventory - Raw Materials,6770.88,0,PO receipt PO-31216,INV,RCV-40206
JE-003467,2025-12-17,2025-12,2050,GR/IR Clearing (Received Not Invoiced),0,6770.88,PO receipt PO-31216,INV,RCV-40206
JE-003498,2025-12-17,2025-12,1200,Inventory - Raw Materials,39.14,0,PO receipt PO-31234,INV,RCV-40222
JE-003499,2025-12-17,2025-12,2050,GR/IR Clearing (Received Not Invoiced),0,39.14,PO receipt PO-31234,INV,RCV-40222
JE-001024,2025-12-18,2025-12,1100,Accounts Receivable,8394.98,0,Invoice INV-60221,AR,INV-60221
JE-001025,2025-12-18,2025-12,4000,Product Sales - Manufactured,0,8394.98,Invoice INV-60221,AR,INV-60221
JE-001026,2025-12-18,2025-12,5000,COGS - Materials,5768.45,0,COGS,AR,INV-60221
JE-001027,2025-12-18,2025-12,1220,Inventory - Finished Goods,0,5768.45,Inventory relief,AR,INV-60221
JE-001987,2025-12-18,2025-12,1000,Operating Cash,22613.08,0,Customer payment,AR,NIC-CR00076
JE-001988,2025-12-18,2025-12,1100,Accounts Receivable,0,22613.08,Customer payment,AR,NIC-CR00076
JE-002143,2025-12-18,2025-12,1000,Operating Cash,4366.71,0,Customer payment,AR,NIC-CR00154
JE-002144,2025-12-18,2025-12,1100,Accounts Receivable,0,4366.71,Customer payment,AR,NIC-CR00154
JE-002544,2025-12-18,2025-12,2050,GR/IR Clearing (Received Not Invoiced),4130.2,0,Supplier inv SI5525005,AP,SI5525005
JE-002545,2025-12-18,2025-12,5300,Freight In,45.88,0,Freight in,AP,SI5525005
JE-002546,2025-12-18,2025-12,2000,Accounts Payable,0,4176.08,Supplier inv SI5525005,AP,SI5525005
JE-002964,2025-12-18,2025-12,2050,GR/IR Clearing (Received Not Invoiced),6899.65,0,Supplier inv INV8045928,AP,INV8045928
JE-002965,2025-12-18,2025-12,2000,Accounts Payable,0,6899.65,Supplier inv INV8045928,AP,INV8045928
JE-003256,2025-12-18,2025-12,1200,Inventory - Raw Materials,2994.46,0,PO receipt PO-31106,INV,RCV-40101
JE-003257,2025-12-18,2025-12,2050,GR/IR Clearing (Received Not Invoiced),0,2994.46,PO receipt PO-31106,INV,RCV-40101
JE-001392,2025-12-19,2025-12,1100,Accounts Receivable,5229.95,0,Invoice INV-60297,AR,INV-60297
JE-001393,2025-12-19,2025-12,4000,Product Sales - Manufactured,0,5229.95,Invoice INV-60297,AR,INV-60297
JE-001394,2025-12-19,2025-12,5000,COGS - Materials,3523.75,0,COGS,AR,INV-60297
JE-001395,2025-12-19,2025-12,1220,Inventory - Finished Goods,0,3523.75,Inventory relief,AR,INV-60297
JE-002129,2025-12-19,2025-12,1000,Operating Cash,20581.25,0,Customer payment,AR,NIC-CR00147
JE-002130,2025-12-19,2025-12,1100,Accounts Receivable,0,20581.25,Customer payment,AR,NIC-CR00147
JE-002137,2025-12-19,2025-12,1000,Operating Cash,8434.17,0,Customer payment,AR,NIC-CR00151
JE-002138,2025-12-19,2025-12,1100,Accounts Receivable,0,8434.17,Customer payment,AR,NIC-CR00151
JE-001185,2025-12-20,2025-12,1100,Accounts Receivable,8623.18,0,Invoice INV-60255,AR,INV-60255
JE-001186,2025-12-20,2025-12,4000,Product Sales - Manufactured,0,7763.84,Invoice INV-60255,AR,INV-60255
JE-001187,2025-12-20,2025-12,4100,Freight Revenue,0,296.46,Freight billed,AR,INV-60255
JE-001188,2025-12-20,2025-12,2100,Accrued Expenses,0,562.88,Sales tax payable,AR,INV-60255
JE-001189,2025-12-20,2025-12,5000,COGS - Materials,5714.27,0,COGS,AR,INV-60255
JE-001190,2025-12-20,2025-12,1220,Inventory - Finished Goods,0,5714.27,Inventory relief,AR,INV-60255
JE-002047,2025-12-20,2025-12,1000,Operating Cash,402.62,0,Customer payment,AR,NIC-CR00106
JE-002048,2025-12-20,2025-12,1100,Accounts Receivable,0,402.62,Customer payment,AR,NIC-CR00106
JE-003350,2025-12-20,2025-12,1200,Inventory - Raw Materials,6100.0,0,PO receipt PO-31157,INV,RCV-40148
JE-003351,2025-12-20,2025-12,2050,GR/IR Clearing (Received Not Invoiced),0,6100.0,PO receipt PO-31157,INV,RCV-40148
JE-000026,2025-12-21,2025-12,1100,Accounts Receivable,11189.43,0,Invoice INV-60006,AR,INV-60006
JE-000027,2025-12-21,2025-12,4000,Product Sales - Manufactured,0,10828.65,Invoice INV-60006,AR,INV-60006
JE-000028,2025-12-21,2025-12,4100,Freight Revenue,0,360.78,Freight billed,AR,INV-60006
JE-000029,2025-12-21,2025-12,5000,COGS - Materials,8405.38,0,COGS,AR,INV-60006
JE-000030,2025-12-21,2025-12,1220,Inventory - Finished Goods,0,8405.38,Inventory relief,AR,INV-60006
JE-000554,2025-12-21,2025-12,1100,Accounts Receivable,300.88,0,Invoice INV-60119,AR,INV-60119
JE-000555,2025-12-21,2025-12,4000,Product Sales - Manufactured,0,280.54,Invoice INV-60119,AR,INV-60119
JE-000556,2025-12-21,2025-12,2100,Accrued Expenses,0,20.34,Sales tax payable,AR,INV-60119
JE-000557,2025-12-21,2025-12,5000,COGS - Materials,222.66,0,COGS,AR,INV-60119
JE-000558,2025-12-21,2025-12,1220,Inventory - Finished Goods,0,222.66,Inventory relief,AR,INV-60119
JE-001168,2025-12-21,2025-12,1100,Accounts Receivable,7629.51,0,Invoice INV-60251,AR,INV-60251
JE-001169,2025-12-21,2025-12,4000,Product Sales - Manufactured,0,7629.51,Invoice INV-60251,AR,INV-60251
JE-001170,2025-12-21,2025-12,5000,COGS - Materials,6182.98,0,COGS,AR,INV-60251
JE-001171,2025-12-21,2025-12,1220,Inventory - Finished Goods,0,6182.98,Inventory relief,AR,INV-60251
JE-001875,2025-12-21,2025-12,1000,Operating Cash,18971.05,0,Customer payment,AR,NIC-CR00020
JE-001876,2025-12-21,2025-12,1100,Accounts Receivable,0,18971.05,Customer payment,AR,NIC-CR00020
JE-002265,2025-12-21,2025-12,1000,Operating Cash,3322.02,0,Customer payment,AR,NIC-CR00215
JE-002266,2025-12-21,2025-12,1100,Accounts Receivable,0,3322.02,Customer payment,AR,NIC-CR00215
JE-002363,2025-12-21,2025-12,1000,Operating Cash,5921.3,0,Customer payment,AR,NIC-CR00264
JE-002364,2025-12-21,2025-12,1100,Accounts Receivable,0,5921.3,Customer payment,AR,NIC-CR00264
JE-002833,2025-12-21,2025-12,2050,GR/IR Clearing (Received Not Invoiced),6100.0,0,Supplier inv 9295188,AP,9295188
JE-002834,2025-12-21,2025-12,5300,Freight In,125.61,0,Freight in,AP,9295188
JE-002835,2025-12-21,2025-12,2000,Accounts Payable,0,6225.61,Supplier inv 9295188,AP,9295188
JE-001149,2025-12-22,2025-12,1100,Accounts Receivable,26172.41,0,Invoice INV-60247,AR,INV-60247
JE-001150,2025-12-22,2025-12,4000,Product Sales - Manufactured,0,24403.18,Invoice INV-60247,AR,INV-60247
JE-001151,2025-12-22,2025-12,2100,Accrued Expenses,0,1769.23,Sales tax payable,AR,INV-60247
JE-001152,2025-12-22,2025-12,5000,COGS - Materials,15763.7,0,COGS,AR,INV-60247
JE-001153,2025-12-22,2025-12,1220,Inventory - Finished Goods,0,15763.7,Inventory relief,AR,INV-60247
JE-002275,2025-12-22,2025-12,1000,Operating Cash,5503.13,0,Customer payment,AR,NIC-CR00220
JE-002276,2025-12-22,2025-12,1100,Accounts Receivable,0,5503.13,Customer payment,AR,NIC-CR00220
JE-001108,2025-12-23,2025-12,1100,Accounts Receivable,7003.84,0,Invoice INV-60238,AR,INV-60238
JE-001109,2025-12-23,2025-12,4000,Product Sales - Manufactured,0,7003.84,Invoice INV-60238,AR,INV-60238
JE-001110,2025-12-23,2025-12,5000,COGS - Materials,4299.74,0,COGS,AR,INV-60238
JE-001111,2025-12-23,2025-12,1220,Inventory - Finished Goods,0,4299.74,Inventory relief,AR,INV-60238
JE-002485,2025-12-23,2025-12,1000,Operating Cash,20529.81,0,Customer payment,AR,NIC-CR00325
JE-002486,2025-12-23,2025-12,1100,Accounts Receivable,0,20529.81,Customer payment,AR,NIC-CR00325
JE-002999,2025-12-23,2025-12,2050,GR/IR Clearing (Received Not Invoiced),39.14,0,Supplier inv 99145401,AP,99145401
JE-003000,2025-12-23,2025-12,2000,Accounts Payable,0,39.14,Supplier inv 99145401,AP,99145401
JE-003504,2025-12-23,2025-12,1200,Inventory - Raw Materials,207.13,0,PO receipt PO-31237,INV,RCV-40225
JE-003505,2025-12-23,2025-12,2050,GR/IR Clearing (Received Not Invoiced),0,207.13,PO receipt PO-31237,INV,RCV-40225
JE-002730,2025-12-24,2025-12,2050,GR/IR Clearing (Received Not Invoiced),2994.46,0,Supplier inv 93820667,AP,93820667
JE-002731,2025-12-24,2025-12,2000,Accounts Payable,0,2994.46,Supplier inv 93820667,AP,93820667
JE-000405,2025-12-25,2025-12,1100,Accounts Receivable,10784.7,0,Invoice INV-60088,AR,INV-60088
JE-000406,2025-12-25,2025-12,4000,Product Sales - Manufactured,0,10292.54,Invoice INV-60088,AR,INV-60088
JE-000407,2025-12-25,2025-12,4100,Freight Revenue,0,492.16,Freight billed,AR,INV-60088
JE-000408,2025-12-25,2025-12,5000,COGS - Materials,6686.9,0,COGS,AR,INV-60088
JE-000409,2025-12-25,2025-12,1220,Inventory - Finished Goods,0,6686.9,Inventory relief,AR,INV-60088
JE-000719,2025-12-25,2025-12,1100,Accounts Receivable,22937.56,0,Invoice INV-60154,AR,INV-60154
JE-000720,2025-12-25,2025-12,4000,Product Sales - Manufactured,0,22937.56,Invoice INV-60154,AR,INV-60154
JE-000721,2025-12-25,2025-12,5000,COGS - Materials,16067.5,0,COGS,AR,INV-60154
JE-000722,2025-12-25,2025-12,1220,Inventory - Finished Goods,0,16067.5,Inventory relief,AR,INV-60154
JE-000819,2025-12-25,2025-12,1100,Accounts Receivable,8434.17,0,Invoice INV-60175,AR,INV-60175
JE-000820,2025-12-25,2025-12,4000,Product Sales - Manufactured,0,8434.17,Invoice INV-60175,AR,INV-60175
JE-000821,2025-12-25,2025-12,5000,COGS - Materials,6361.12,0,COGS,AR,INV-60175
JE-000822,2025-12-25,2025-12,1220,Inventory - Finished Goods,0,6361.12,Inventory relief,AR,INV-60175
JE-000664,2025-12-26,2025-12,1100,Accounts Receivable,8910.7,0,Invoice INV-60142,AR,INV-60142
JE-000665,2025-12-26,2025-12,4000,Product Sales - Manufactured,0,8910.7,Invoice INV-60142,AR,INV-60142
JE-000666,2025-12-26,2025-12,5000,COGS - Materials,7017.0,0,COGS,AR,INV-60142
JE-000667,2025-12-26,2025-12,1220,Inventory - Finished Goods,0,7017.0,Inventory relief,AR,INV-60142
JE-001909,2025-12-26,2025-12,1000,Operating Cash,11913.68,0,Customer payment,AR,NIC-CR00037
JE-001910,2025-12-26,2025-12,1100,Accounts Receivable,0,11913.68,Customer payment,AR,NIC-CR00037
JE-002223,2025-12-26,2025-12,1000,Operating Cash,3364.23,0,Customer payment,AR,NIC-CR00194
JE-002224,2025-12-26,2025-12,1100,Accounts Receivable,0,3364.23,Customer payment,AR,NIC-CR00194
JE-002979,2025-12-26,2025-12,2050,GR/IR Clearing (Received Not Invoiced),7945.25,0,Supplier inv SI225226,AP,SI225226
JE-002980,2025-12-26,2025-12,2000,Accounts Payable,0,7945.25,Supplier inv SI225226,AP,SI225226
JE-003156,2025-12-26,2025-12,1200,Inventory - Raw Materials,5484.15,0,PO receipt PO-31051,INV,RCV-40051
JE-003157,2025-12-26,2025-12,2050,GR/IR Clearing (Received Not Invoiced),0,5484.15,PO receipt PO-31051,INV,RCV-40051
JE-003480,2025-12-26,2025-12,1200,Inventory - Raw Materials,7945.25,0,PO receipt PO-31224,INV,RCV-40213
JE-003481,2025-12-26,2025-12,2050,GR/IR Clearing (Received Not Invoiced),0,7945.25,PO receipt PO-31224,INV,RCV-40213
JE-002391,2025-12-27,2025-12,1000,Operating Cash,508.87,0,Customer payment,AR,NIC-CR00278
JE-002392,2025-12-27,2025-12,1100,Accounts Receivable,0,508.87,Customer payment,AR,NIC-CR00278
JE-003005,2025-12-27,2025-12,2050,GR/IR Clearing (Received Not Invoiced),207.13,0,Supplier inv SI8806529,AP,SI8806529
JE-003006,2025-12-27,2025-12,2000,Accounts Payable,0,207.13,Supplier inv SI8806529,AP,SI8806529
JE-000173,2025-12-28,2025-12,1100,Accounts Receivable,13936.17,0,Invoice INV-60038,AR,INV-60038
JE-000174,2025-12-28,2025-12,4000,Product Sales - Manufactured,0,13936.17,Invoice INV-60038,AR,INV-60038
JE-000175,2025-12-28,2025-12,5000,COGS - Materials,8392.4,0,COGS,AR,INV-60038
JE-000176,2025-12-28,2025-12,1220,Inventory - Finished Goods,0,8392.4,Inventory relief,AR,INV-60038
JE-002031,2025-12-28,2025-12,1000,Operating Cash,1366.15,0,Customer payment,AR,NIC-CR00098
JE-002032,2025-12-28,2025-12,1100,Accounts Receivable,0,1366.15,Customer payment,AR,NIC-CR00098
JE-002207,2025-12-28,2025-12,1000,Operating Cash,11271.46,0,Customer payment,AR,NIC-CR00186
JE-002208,2025-12-28,2025-12,1100,Accounts Receivable,0,11271.46,Customer payment,AR,NIC-CR00186
JE-002614,2025-12-28,2025-12,2050,GR/IR Clearing (Received Not Invoiced),5496.0,0,Supplier inv 4317908,AP,4317908
JE-002615,2025-12-28,2025-12,2000,Accounts Payable,0,5496.0,Supplier inv 4317908,AP,4317908
JE-003166,2025-12-28,2025-12,1200,Inventory - Raw Materials,1076.92,0,PO receipt PO-31057,INV,RCV-40056
JE-003167,2025-12-28,2025-12,2050,GR/IR Clearing (Received Not Invoiced),0,1076.92,PO receipt PO-31057,INV,RCV-40056
JE-000623,2025-12-29,2025-12,1100,Accounts Receivable,11396.68,0,Invoice INV-60134,AR,INV-60134
JE-000624,2025-12-29,2025-12,4000,Product Sales - Manufactured,0,11396.68,Invoice INV-60134,AR,INV-60134
JE-000625,2025-12-29,2025-12,5000,COGS - Materials,7658.88,0,COGS,AR,INV-60134
JE-000626,2025-12-29,2025-12,1220,Inventory - Finished Goods,0,7658.88,Inventory relief,AR,INV-60134
JE-000040,2025-12-30,2025-12,1100,Accounts Receivable,4736.33,0,Invoice INV-60009,AR,INV-60009
JE-000041,2025-12-30,2025-12,4000,Product Sales - Manufactured,0,4736.33,Invoice INV-60009,AR,INV-60009
JE-000042,2025-12-30,2025-12,5000,COGS - Materials,2972.03,0,COGS,AR,INV-60009
JE-000043,2025-12-30,2025-12,1220,Inventory - Finished Goods,0,2972.03,Inventory relief,AR,INV-60009
JE-000071,2025-12-30,2025-12,1100,Accounts Receivable,4086.75,0,Invoice INV-60016,AR,INV-60016
JE-000072,2025-12-30,2025-12,4000,Product Sales - Manufactured,0,3855.53,Invoice INV-60016,AR,INV-60016
JE-000073,2025-12-30,2025-12,4100,Freight Revenue,0,231.22,Freight billed,AR,INV-60016
JE-000074,2025-12-30,2025-12,5000,COGS - Materials,2473.17,0,COGS,AR,INV-60016
JE-000075,2025-12-30,2025-12,1220,Inventory - Finished Goods,0,2473.17,Inventory relief,AR,INV-60016
JE-002419,2025-12-30,2025-12,1000,Operating Cash,3381.61,0,Customer payment,AR,NIC-CR00292
JE-002420,2025-12-30,2025-12,1100,Accounts Receivable,0,3381.61,Customer payment,AR,NIC-CR00292
JE-002562,2025-12-30,2025-12,2050,GR/IR Clearing (Received Not Invoiced),1197.58,0,Supplier inv 3109501,AP,3109501
JE-002563,2025-12-30,2025-12,5300,Freight In,72.54,0,Freight in,AP,3109501
JE-002564,2025-12-30,2025-12,2000,Accounts Payable,0,1270.12,Supplier inv 3109501,AP,3109501
JE-003110,2025-12-30,2025-12,1200,Inventory - Raw Materials,1229.82,0,PO receipt PO-31028,INV,RCV-40028
JE-003111,2025-12-30,2025-12,2050,GR/IR Clearing (Received Not Invoiced),0,1229.82,PO receipt PO-31028,INV,RCV-40028
JE-000164,2025-12-31,2025-12,1100,Accounts Receivable,13194.13,0,Invoice INV-60036,AR,INV-60036
JE-000165,2025-12-31,2025-12,4000,Product Sales - Manufactured,0,13194.13,Invoice INV-60036,AR,INV-60036
JE-000166,2025-12-31,2025-12,5000,COGS - Materials,9856.21,0,COGS,AR,INV-60036
JE-000167,2025-12-31,2025-12,1220,Inventory - Finished Goods,0,9856.21,Inventory relief,AR,INV-60036
JE-002173,2025-12-31,2025-12,1000,Operating Cash,447.35,0,Customer payment,AR,NIC-CR00169
JE-002174,2025-12-31,2025-12,1100,Accounts Receivable,0,447.35,Customer payment,AR,NIC-CR00169
JE-003566,2025-12-31,2025-12,6700,Office & Supplies,1339.62,0,Iron Mountain Inc.,AP,NIC-AP00009
JE-003567,2025-12-31,2025-12,2000,Accounts Payable,0,1339.62,Iron Mountain Inc.,AP,NIC-AP00009
JE-003582,2025-12-31,2025-12,6700,Office & Supplies,698.35,0,"W.W. Grainger, Inc.",AP,NIC-AP00017
JE-003583,2025-12-31,2025-12,2000,Accounts Payable,0,698.35,"W.W. Grainger, Inc.",AP,NIC-AP00017
JE-003606,2025-12-31,2025-12,6700,Office & Supplies,3204.26,0,Cintas Corporation,AP,NIC-AP00029
JE-003607,2025-12-31,2025-12,2000,Accounts Payable,0,3204.26,Cintas Corporation,AP,NIC-AP00029
JE-003624,2025-12-31,2025-12,6300,Rent,868.98,0,Waste Management of Illinois,AP,NIC-AP00038
JE-003625,2025-12-31,2025-12,2000,Accounts Payable,0,868.98,Waste Management of Illinois,AP,NIC-AP00038
JE-003642,2025-12-31,2025-12,5300,Freight In,95.61,0,UPS,AP,NIC-AP00047
JE-003643,2025-12-31,2025-12,2000,Accounts Payable,0,95.61,UPS,AP,NIC-AP00047
JE-003698,2025-12-31,2025-12,6300,Rent,38500,0,Rockford Industrial Park LLC,AP,NIC-AP00075
JE-003699,2025-12-31,2025-12,2000,Accounts Payable,0,38500,Rockford Industrial Park LLC,AP,NIC-AP00075
JE-003722,2025-12-31,2025-12,6400,Software Subscriptions,15750.0,0,Epicor Kinetic,AP,SW-EPICOR
JE-003723,2025-12-31,2025-12,2000,Accounts Payable,0,15750.0,Epicor Kinetic,AP,SW-EPICOR
JE-003746,2025-12-31,2025-12,6400,Software Subscriptions,1079.17,0,SolidWorks Standard,AP,SW-SOLIDW
JE-003747,2025-12-31,2025-12,2000,Accounts Payable,0,1079.17,SolidWorks Standard,AP,SW-SOLIDW
JE-003770,2025-12-31,2025-12,6400,Software Subscriptions,1000.0,0,MasterControl,AP,SW-MASTER
JE-003771,2025-12-31,2025-12,2000,Accounts Payable,0,1000.0,MasterControl,AP,SW-MASTER
JE-003794,2025-12-31,2025-12,6400,Software Subscriptions,1775.0,0,Microsoft 365 Business Standard,AP,SW-MICROS
JE-003795,2025-12-31,2025-12,2000,Accounts Payable,0,1775.0,Microsoft 365 Business Standard,AP,SW-MICROS
JE-003818,2025-12-31,2025-12,6400,Software Subscriptions,4920.0,0,ADP Workforce Now,AP,SW-ADPWO
JE-003819,2025-12-31,2025-12,2000,Accounts Payable,0,4920.0,ADP Workforce Now,AP,SW-ADPWO
JE-003842,2025-12-31,2025-12,6400,Software Subscriptions,900.0,0,Salesforce Sales Cloud,AP,SW-SALESF
JE-003843,2025-12-31,2025-12,2000,Accounts Payable,0,900.0,Salesforce Sales Cloud,AP,SW-SALESF
JE-003866,2025-12-31,2025-12,6400,Software Subscriptions,700.0,0,Bill.com,AP,SW-BILL.C
JE-003867,2025-12-31,2025-12,2000,Accounts Payable,0,700.0,Bill.com,AP,SW-BILL.C
JE-003890,2025-12-31,2025-12,6400,Software Subscriptions,3150.0,0,Box Business,AP,SW-BOXBU
JE-003891,2025-12-31,2025-12,2000,Accounts Payable,0,3150.0,Box Business,AP,SW-BOXBU
JE-003914,2025-12-31,2025-12,6400,Software Subscriptions,1440.0,0,Zoom Workplace,AP,SW-ZOOMW
JE-003915,2025-12-31,2025-12,2000,Accounts Payable,0,1440.0,Zoom Workplace,AP,SW-ZOOMW
JE-003938,2025-12-31,2025-12,6400,Software Subscriptions,1020.0,0,RingCentral MVP,AP,SW-RINGCE
JE-003939,2025-12-31,2025-12,2000,Accounts Payable,0,1020.0,RingCentral MVP,AP,SW-RINGCE
JE-003962,2025-12-31,2025-12,6400,Software Subscriptions,355.0,0,KnowBe4,AP,SW-KNOWBE
JE-003963,2025-12-31,2025-12,2000,Accounts Payable,0,355.0,KnowBe4,AP,SW-KNOWBE
JE-003986,2025-12-31,2025-12,6000,Salaries & Wages,654757.24,0,Monthly payroll,PR,PR-202512
JE-003987,2025-12-31,2025-12,2300,Payroll Liabilities,0,654757.24,Monthly payroll,PR,PR-202512
JE-000918,2026-01-01,2026-01,1100,Accounts Receivable,16258.7,0,Invoice INV-60198,AR,INV-60198
JE-000919,2026-01-01,2026-01,4000,Product Sales - Manufactured,0,15823.14,Invoice INV-60198,AR,INV-60198
JE-000920,2026-01-01,2026-01,4100,Freight Revenue,0,435.56,Freight billed,AR,INV-60198
JE-000921,2026-01-01,2026-01,5000,COGS - Materials,11247.27,0,COGS,AR,INV-60198
JE-000922,2026-01-01,2026-01,1220,Inventory - Finished Goods,0,11247.27,Inventory relief,AR,INV-60198
JE-002303,2026-01-01,2026-01,1000,Operating Cash,7055.35,0,Customer payment,AR,NIC-CR00234
JE-002304,2026-01-01,2026-01,1100,Accounts Receivable,0,7055.35,Customer payment,AR,NIC-CR00234
JE-003418,2026-01-01,2026-01,1200,Inventory - Raw Materials,1275.0,0,PO receipt PO-31191,INV,RCV-40182
JE-003419,2026-01-01,2026-01,2050,GR/IR Clearing (Received Not Invoiced),0,1275.0,PO receipt PO-31191,INV,RCV-40182
JE-003488,2026-01-01,2026-01,1200,Inventory - Raw Materials,34548.15,0,PO receipt PO-31229,INV,RCV-40217
JE-003489,2026-01-01,2026-01,2050,GR/IR Clearing (Received Not Invoiced),0,34548.15,PO receipt PO-31229,INV,RCV-40217
JE-000935,2026-01-02,2026-01,1100,Accounts Receivable,3087.85,0,Invoice INV-60202,AR,INV-60202
JE-000936,2026-01-02,2026-01,4000,Product Sales - Manufactured,0,3087.85,Invoice INV-60202,AR,INV-60202
JE-000937,2026-01-02,2026-01,5000,COGS - Materials,2079.35,0,COGS,AR,INV-60202
JE-000938,2026-01-02,2026-01,1220,Inventory - Finished Goods,0,2079.35,Inventory relief,AR,INV-60202
JE-000979,2026-01-02,2026-01,1100,Accounts Receivable,10952.94,0,Invoice INV-60211,AR,INV-60211
JE-000980,2026-01-02,2026-01,4000,Product Sales - Manufactured,0,10212.53,Invoice INV-60211,AR,INV-60211
JE-000981,2026-01-02,2026-01,2100,Accrued Expenses,0,740.41,Sales tax payable,AR,INV-60211
JE-000982,2026-01-02,2026-01,5000,COGS - Materials,8176.68,0,COGS,AR,INV-60211
JE-000983,2026-01-02,2026-01,1220,Inventory - Finished Goods,0,8176.68,Inventory relief,AR,INV-60211
JE-001949,2026-01-02,2026-01,1000,Operating Cash,652.54,0,Customer payment,AR,NIC-CR00057
JE-001950,2026-01-02,2026-01,1100,Accounts Receivable,0,652.54,Customer payment,AR,NIC-CR00057
JE-002453,2026-01-02,2026-01,1000,Operating Cash,1445.55,0,Customer payment,AR,NIC-CR00309
JE-002454,2026-01-02,2026-01,1100,Accounts Receivable,0,1445.55,Customer payment,AR,NIC-CR00309
JE-002988,2026-01-02,2026-01,2050,GR/IR Clearing (Received Not Invoiced),34274.1,0,Supplier inv 3657413,AP,3657413
JE-002989,2026-01-02,2026-01,5300,Freight In,21.91,0,Freight in,AP,3657413
JE-002990,2026-01-02,2026-01,2000,Accounts Payable,0,34296.01,Supplier inv 3657413,AP,3657413
JE-000844,2026-01-03,2026-01,1100,Accounts Receivable,1479.56,0,Invoice INV-60181,AR,INV-60181
JE-000845,2026-01-03,2026-01,4000,Product Sales - Manufactured,0,1479.56,Invoice INV-60181,AR,INV-60181
JE-000846,2026-01-03,2026-01,5000,COGS - Materials,1043.44,0,COGS,AR,INV-60181
JE-000847,2026-01-03,2026-01,1220,Inventory - Finished Goods,0,1043.44,Inventory relief,AR,INV-60181
JE-001084,2026-01-03,2026-01,1100,Accounts Receivable,4275.88,0,Invoice INV-60233,AR,INV-60233
JE-001085,2026-01-03,2026-01,4000,Product Sales - Manufactured,0,4275.88,Invoice INV-60233,AR,INV-60233
JE-001086,2026-01-03,2026-01,5000,COGS - Materials,2550.2,0,COGS,AR,INV-60233
JE-001087,2026-01-03,2026-01,1220,Inventory - Finished Goods,0,2550.2,Inventory relief,AR,INV-60233
JE-000133,2026-01-04,2026-01,1100,Accounts Receivable,18364.39,0,Invoice INV-60029,AR,INV-60029
JE-000134,2026-01-04,2026-01,4000,Product Sales - Manufactured,0,17900.3,Invoice INV-60029,AR,INV-60029
JE-000135,2026-01-04,2026-01,4100,Freight Revenue,0,464.09,Freight billed,AR,INV-60029
JE-000136,2026-01-04,2026-01,5000,COGS - Materials,12586.21,0,COGS,AR,INV-60029
JE-000137,2026-01-04,2026-01,1220,Inventory - Finished Goods,0,12586.21,Inventory relief,AR,INV-60029
JE-000312,2026-01-04,2026-01,1100,Accounts Receivable,12645.98,0,Invoice INV-60068,AR,INV-60068
JE-000313,2026-01-04,2026-01,4000,Product Sales - Manufactured,0,12645.98,Invoice INV-60068,AR,INV-60068
JE-000314,2026-01-04,2026-01,5000,COGS - Materials,10420.0,0,COGS,AR,INV-60068
JE-000315,2026-01-04,2026-01,1220,Inventory - Finished Goods,0,10420.0,Inventory relief,AR,INV-60068
JE-001007,2026-01-04,2026-01,1100,Accounts Receivable,7558.07,0,Invoice INV-60217,AR,INV-60217
JE-001008,2026-01-04,2026-01,4000,Product Sales - Manufactured,0,7281.3,Invoice INV-60217,AR,INV-60217
JE-001009,2026-01-04,2026-01,4100,Freight Revenue,0,276.77,Freight billed,AR,INV-60217
JE-001010,2026-01-04,2026-01,5000,COGS - Materials,5468.74,0,COGS,AR,INV-60217
JE-001011,2026-01-04,2026-01,1220,Inventory - Finished Goods,0,5468.74,Inventory relief,AR,INV-60217
JE-002625,2026-01-04,2026-01,2050,GR/IR Clearing (Received Not Invoiced),1076.92,0,Supplier inv 91640772,AP,91640772
JE-002626,2026-01-04,2026-01,5300,Freight In,86.89,0,Freight in,AP,91640772
JE-002627,2026-01-04,2026-01,2000,Accounts Payable,0,1163.81,Supplier inv 91640772,AP,91640772
JE-003542,2026-01-04,2026-01,1200,Inventory - Raw Materials,7080.37,0,PO receipt PO-31257,INV,RCV-40244
JE-003543,2026-01-04,2026-01,2050,GR/IR Clearing (Received Not Invoiced),0,7080.37,PO receipt PO-31257,INV,RCV-40244
JE-002209,2026-01-05,2026-01,1000,Operating Cash,5449.84,0,Customer payment,AR,NIC-CR00187
JE-002210,2026-01-05,2026-01,1100,Accounts Receivable,0,5449.84,Customer payment,AR,NIC-CR00187
JE-002955,2026-01-05,2026-01,2050,GR/IR Clearing (Received Not Invoiced),12248.5,0,Supplier inv 98738245,AP,98738245
JE-002956,2026-01-05,2026-01,2000,Accounts Payable,0,12248.5,Supplier inv 98738245,AP,98738245
JE-003048,2026-01-05,2026-01,2050,GR/IR Clearing (Received Not Invoiced),7080.37,0,Supplier inv 99280050,AP,99280050
JE-003049,2026-01-05,2026-01,2000,Accounts Payable,0,7080.37,Supplier inv 99280050,AP,99280050
JE-003176,2026-01-05,2026-01,1200,Inventory - Raw Materials,9090.0,0,PO receipt PO-31063,INV,RCV-40061
JE-003177,2026-01-05,2026-01,2050,GR/IR Clearing (Received Not Invoiced),0,9090.0,PO receipt PO-31063,INV,RCV-40061
JE-003458,2026-01-05,2026-01,1200,Inventory - Raw Materials,12043.5,0,PO receipt PO-31212,INV,RCV-40202
JE-003459,2026-01-05,2026-01,2050,GR/IR Clearing (Received Not Invoiced),0,12043.5,PO receipt PO-31212,INV,RCV-40202
JE-003472,2026-01-05,2026-01,1200,Inventory - Raw Materials,3168.0,0,PO receipt PO-31219,INV,RCV-40209
JE-003473,2026-01-05,2026-01,2050,GR/IR Clearing (Received Not Invoiced),0,3168.0,PO receipt PO-31219,INV,RCV-40209
JE-003528,2026-01-05,2026-01,1200,Inventory - Raw Materials,667.95,0,PO receipt PO-31250,INV,RCV-40237
JE-003529,2026-01-05,2026-01,2050,GR/IR Clearing (Received Not Invoiced),0,667.95,PO receipt PO-31250,INV,RCV-40237
JE-000177,2026-01-06,2026-01,1100,Accounts Receivable,4822.58,0,Invoice INV-60039,AR,INV-60039
JE-000178,2026-01-06,2026-01,4000,Product Sales - Manufactured,0,4822.58,Invoice INV-60039,AR,INV-60039
JE-000179,2026-01-06,2026-01,5000,COGS - Materials,3682.95,0,COGS,AR,INV-60039
JE-000180,2026-01-06,2026-01,1220,Inventory - Finished Goods,0,3682.95,Inventory relief,AR,INV-60039
JE-002097,2026-01-06,2026-01,1000,Operating Cash,31872.17,0,Customer payment,AR,NIC-CR00131
JE-002098,2026-01-06,2026-01,1100,Accounts Receivable,0,31872.17,Customer payment,AR,NIC-CR00131
JE-002910,2026-01-06,2026-01,2050,GR/IR Clearing (Received Not Invoiced),1275.0,0,Supplier inv 131082,AP,131082
JE-002911,2026-01-06,2026-01,5300,Freight In,77.04,0,Freight in,AP,131082
JE-002912,2026-01-06,2026-01,2000,Accounts Payable,0,1352.04,Supplier inv 131082,AP,131082
JE-002971,2026-01-06,2026-01,2050,GR/IR Clearing (Received Not Invoiced),3263.0,0,Supplier inv 93331535,AP,93331535
JE-002972,2026-01-06,2026-01,2000,Accounts Payable,0,3263.0,Supplier inv 93331535,AP,93331535
JE-001506,2026-01-07,2026-01,1100,Accounts Receivable,24615.46,0,Invoice INV-60322,AR,INV-60322
JE-001507,2026-01-07,2026-01,4000,Product Sales - Manufactured,0,24252.59,Invoice INV-60322,AR,INV-60322
JE-001508,2026-01-07,2026-01,4100,Freight Revenue,0,362.87,Freight billed,AR,INV-60322
JE-001509,2026-01-07,2026-01,5000,COGS - Materials,16725.46,0,COGS,AR,INV-60322
JE-001510,2026-01-07,2026-01,1220,Inventory - Finished Goods,0,16725.46,Inventory relief,AR,INV-60322
JE-001191,2026-01-08,2026-01,1100,Accounts Receivable,13656.67,0,Invoice INV-60256,AR,INV-60256
JE-001192,2026-01-08,2026-01,4000,Product Sales - Manufactured,0,13267.13,Invoice INV-60256,AR,INV-60256
JE-001193,2026-01-08,2026-01,4100,Freight Revenue,0,389.54,Freight billed,AR,INV-60256
JE-001194,2026-01-08,2026-01,5000,COGS - Materials,8453.77,0,COGS,AR,INV-60256
JE-001195,2026-01-08,2026-01,1220,Inventory - Finished Goods,0,8453.77,Inventory relief,AR,INV-60256
JE-001965,2026-01-08,2026-01,1000,Operating Cash,29333.59,0,Customer payment,AR,NIC-CR00065
JE-001966,2026-01-08,2026-01,1100,Accounts Receivable,0,29333.59,Customer payment,AR,NIC-CR00065
JE-003032,2026-01-08,2026-01,2050,GR/IR Clearing (Received Not Invoiced),667.95,0,Supplier inv 9039846,AP,9039846
JE-003033,2026-01-08,2026-01,5300,Freight In,138.27,0,Freight in,AP,9039846
JE-003034,2026-01-08,2026-01,2000,Accounts Payable,0,806.22,Supplier inv 9039846,AP,9039846
JE-001923,2026-01-09,2026-01,1000,Operating Cash,1448.2,0,Customer payment,AR,NIC-CR00044
JE-001924,2026-01-09,2026-01,1100,Accounts Receivable,0,1448.2,Customer payment,AR,NIC-CR00044
JE-001933,2026-01-09,2026-01,1000,Operating Cash,4280.24,0,Customer payment,AR,NIC-CR00049
JE-001934,2026-01-09,2026-01,1100,Accounts Receivable,0,4280.24,Customer payment,AR,NIC-CR00049
JE-002095,2026-01-09,2026-01,1000,Operating Cash,2456.99,0,Customer payment,AR,NIC-CR00130
JE-002096,2026-01-09,2026-01,1100,Accounts Receivable,0,2456.99,Customer payment,AR,NIC-CR00130
JE-003060,2026-01-09,2026-01,1200,Inventory - Raw Materials,1076.92,0,PO receipt PO-31003,INV,RCV-40003
JE-003061,2026-01-09,2026-01,2050,GR/IR Clearing (Received Not Invoiced),0,1076.92,PO receipt PO-31003,INV,RCV-40003
JE-000324,2026-01-10,2026-01,1100,Accounts Receivable,8972.7,0,Invoice INV-60071,AR,INV-60071
JE-000325,2026-01-10,2026-01,4000,Product Sales - Manufactured,0,8972.7,Invoice INV-60071,AR,INV-60071
JE-000326,2026-01-10,2026-01,5000,COGS - Materials,6449.86,0,COGS,AR,INV-60071
JE-000327,2026-01-10,2026-01,1220,Inventory - Finished Goods,0,6449.86,Inventory relief,AR,INV-60071
JE-001334,2026-01-10,2026-01,1100,Accounts Receivable,14394.39,0,Invoice INV-60285,AR,INV-60285
JE-001335,2026-01-10,2026-01,4000,Product Sales - Manufactured,0,13277.18,Invoice INV-60285,AR,INV-60285
JE-001336,2026-01-10,2026-01,4100,Freight Revenue,0,154.61,Freight billed,AR,INV-60285
JE-001337,2026-01-10,2026-01,2100,Accrued Expenses,0,962.6,Sales tax payable,AR,INV-60285
JE-001338,2026-01-10,2026-01,5000,COGS - Materials,9756.68,0,COGS,AR,INV-60285
JE-001339,2026-01-10,2026-01,1220,Inventory - Finished Goods,0,9756.68,Inventory relief,AR,INV-60285
JE-003464,2026-01-10,2026-01,1200,Inventory - Raw Materials,7573.31,0,PO receipt PO-31215,INV,RCV-40205
JE-003465,2026-01-10,2026-01,2050,GR/IR Clearing (Received Not Invoiced),0,7573.31,PO receipt PO-31215,INV,RCV-40205
JE-000231,2026-01-11,2026-01,1100,Accounts Receivable,1448.2,0,Invoice INV-60050,AR,INV-60050
JE-000232,2026-01-11,2026-01,4000,Product Sales - Manufactured,0,1429.0,Invoice INV-60050,AR,INV-60050
JE-000233,2026-01-11,2026-01,4100,Freight Revenue,0,19.2,Freight billed,AR,INV-60050
JE-000234,2026-01-11,2026-01,5000,COGS - Materials,996.82,0,COGS,AR,INV-60050
JE-000235,2026-01-11,2026-01,1220,Inventory - Finished Goods,0,996.82,Inventory relief,AR,INV-60050
JE-002219,2026-01-11,2026-01,1000,Operating Cash,8336.2,0,Customer payment,AR,NIC-CR00192
JE-002220,2026-01-11,2026-01,1100,Accounts Receivable,0,8336.2,Customer payment,AR,NIC-CR00192
JE-002027,2026-01-12,2026-01,1000,Operating Cash,5058.61,0,Customer payment,AR,NIC-CR00096
JE-002028,2026-01-12,2026-01,1100,Accounts Receivable,0,5058.61,Customer payment,AR,NIC-CR00096
JE-002147,2026-01-12,2026-01,1000,Operating Cash,10231.29,0,Customer payment,AR,NIC-CR00156
JE-002148,2026-01-12,2026-01,1100,Accounts Receivable,0,10231.29,Customer payment,AR,NIC-CR00156
JE-002367,2026-01-12,2026-01,1000,Operating Cash,3583.3,0,Customer payment,AR,NIC-CR00266
JE-002368,2026-01-12,2026-01,1100,Accounts Receivable,0,3583.3,Customer payment,AR,NIC-CR00266
JE-002639,2026-01-12,2026-01,2050,GR/IR Clearing (Received Not Invoiced),9090.0,0,Supplier inv INV5453534,AP,INV5453534
JE-002640,2026-01-12,2026-01,2000,Accounts Payable,0,9090.0,Supplier inv INV5453534,AP,INV5453534
JE-003494,2026-01-12,2026-01,1200,Inventory - Raw Materials,2994.46,0,PO receipt PO-31232,INV,RCV-40220
JE-003495,2026-01-12,2026-01,2050,GR/IR Clearing (Received Not Invoiced),0,2994.46,PO receipt PO-31232,INV,RCV-40220
JE-001159,2026-01-13,2026-01,1100,Accounts Receivable,4830.68,0,Invoice INV-60249,AR,INV-60249
JE-001160,2026-01-13,2026-01,4000,Product Sales - Manufactured,0,4830.68,Invoice INV-60249,AR,INV-60249
JE-001161,2026-01-13,2026-01,5000,COGS - Materials,3995.94,0,COGS,AR,INV-60249
JE-001162,2026-01-13,2026-01,1220,Inventory - Finished Goods,0,3995.94,Inventory relief,AR,INV-60249
JE-001887,2026-01-13,2026-01,1000,Operating Cash,13584.41,0,Customer payment,AR,NIC-CR00026
JE-001888,2026-01-13,2026-01,1100,Accounts Receivable,0,13584.41,Customer payment,AR,NIC-CR00026
JE-002149,2026-01-13,2026-01,1000,Operating Cash,19626.02,0,Customer payment,AR,NIC-CR00157
JE-002150,2026-01-13,2026-01,1100,Accounts Receivable,0,19626.02,Customer payment,AR,NIC-CR00157
JE-002355,2026-01-13,2026-01,1000,Operating Cash,13508.48,0,Customer payment,AR,NIC-CR00260
JE-002356,2026-01-13,2026-01,1100,Accounts Receivable,0,13508.48,Customer payment,AR,NIC-CR00260
JE-002435,2026-01-13,2026-01,1000,Operating Cash,12735.64,0,Customer payment,AR,NIC-CR00300
JE-002436,2026-01-13,2026-01,1100,Accounts Receivable,0,12735.64,Customer payment,AR,NIC-CR00300
JE-002471,2026-01-13,2026-01,1000,Operating Cash,20231.34,0,Customer payment,AR,NIC-CR00318
JE-002472,2026-01-13,2026-01,1100,Accounts Receivable,0,20231.34,Customer payment,AR,NIC-CR00318
JE-000482,2026-01-14,2026-01,1100,Accounts Receivable,5594.84,0,Invoice INV-60104,AR,INV-60104
JE-000483,2026-01-14,2026-01,4000,Product Sales - Manufactured,0,5392.05,Invoice INV-60104,AR,INV-60104
JE-000484,2026-01-14,2026-01,4100,Freight Revenue,0,202.79,Freight billed,AR,INV-60104
JE-000485,2026-01-14,2026-01,5000,COGS - Materials,4322.05,0,COGS,AR,INV-60104
JE-000486,2026-01-14,2026-01,1220,Inventory - Finished Goods,0,4322.05,Inventory relief,AR,INV-60104
JE-002503,2026-01-14,2026-01,2050,GR/IR Clearing (Received Not Invoiced),1076.92,0,Supplier inv 706779,AP,706779
JE-002504,2026-01-14,2026-01,2000,Accounts Payable,0,1076.92,Supplier inv 706779,AP,706779
JE-003252,2026-01-14,2026-01,1200,Inventory - Raw Materials,152.57,0,PO receipt PO-31104,INV,RCV-40099
JE-003253,2026-01-14,2026-01,2050,GR/IR Clearing (Received Not Invoiced),0,152.57,PO receipt PO-31104,INV,RCV-40099
JE-000597,2026-01-15,2026-01,1100,Accounts Receivable,2784.61,0,Invoice INV-60128,AR,INV-60128
JE-000598,2026-01-15,2026-01,4000,Product Sales - Manufactured,0,2656.68,Invoice INV-60128,AR,INV-60128
JE-000599,2026-01-15,2026-01,4100,Freight Revenue,0,127.93,Freight billed,AR,INV-60128
JE-000600,2026-01-15,2026-01,5000,COGS - Materials,2086.95,0,COGS,AR,INV-60128
JE-000601,2026-01-15,2026-01,1220,Inventory - Finished Goods,0,2086.95,Inventory relief,AR,INV-60128
JE-002093,2026-01-15,2026-01,1000,Operating Cash,9407.37,0,Customer payment,AR,NIC-CR00129
JE-002094,2026-01-15,2026-01,1100,Accounts Receivable,0,9407.37,Customer payment,AR,NIC-CR00129
JE-003346,2026-01-15,2026-01,1200,Inventory - Raw Materials,3305.19,0,PO receipt PO-31155,INV,RCV-40146
JE-003347,2026-01-15,2026-01,2050,GR/IR Clearing (Received Not Invoiced),0,3305.19,PO receipt PO-31155,INV,RCV-40146
JE-001012,2026-01-16,2026-01,1100,Accounts Receivable,9057.3,0,Invoice INV-60218,AR,INV-60218
JE-001013,2026-01-16,2026-01,4000,Product Sales - Manufactured,0,9057.3,Invoice INV-60218,AR,INV-60218
JE-001014,2026-01-16,2026-01,5000,COGS - Materials,8091.41,0,COGS,AR,INV-60218
JE-001015,2026-01-16,2026-01,1220,Inventory - Finished Goods,0,8091.41,Inventory relief,AR,INV-60218
JE-002962,2026-01-16,2026-01,2050,GR/IR Clearing (Received Not Invoiced),7573.31,0,Supplier inv 5015556,AP,5015556
JE-002963,2026-01-16,2026-01,2000,Accounts Payable,0,7573.31,Supplier inv 5015556,AP,5015556
JE-003226,2026-01-16,2026-01,1200,Inventory - Raw Materials,510.0,0,PO receipt PO-31091,INV,RCV-40086
JE-003227,2026-01-16,2026-01,2050,GR/IR Clearing (Received Not Invoiced),0,510.0,PO receipt PO-31091,INV,RCV-40086
JE-002828,2026-01-17,2026-01,2050,GR/IR Clearing (Received Not Invoiced),3305.19,0,Supplier inv SI3687653,AP,SI3687653
JE-002829,2026-01-17,2026-01,5300,Freight In,18.11,0,Freight in,AP,SI3687653
JE-002830,2026-01-17,2026-01,2000,Accounts Payable,0,3323.3,Supplier inv SI3687653,AP,SI3687653
JE-002995,2026-01-17,2026-01,2050,GR/IR Clearing (Received Not Invoiced),2994.46,0,Supplier inv SI4785499,AP,SI4785499
JE-002996,2026-01-17,2026-01,2000,Accounts Payable,0,2994.46,Supplier inv SI4785499,AP,SI4785499
JE-001947,2026-01-18,2026-01,1000,Operating Cash,5099.2,0,Customer payment,AR,NIC-CR00056
JE-001948,2026-01-18,2026-01,1100,Accounts Receivable,0,5099.2,Customer payment,AR,NIC-CR00056
JE-001673,2026-01-19,2026-01,1100,Accounts Receivable,8330.87,0,Invoice INV-60358,AR,INV-60358
JE-001674,2026-01-19,2026-01,4000,Product Sales - Manufactured,0,7767.71,Invoice INV-60358,AR,INV-60358
JE-001675,2026-01-19,2026-01,2100,Accrued Expenses,0,563.16,Sales tax payable,AR,INV-60358
JE-001676,2026-01-19,2026-01,5000,COGS - Materials,5315.28,0,COGS,AR,INV-60358
JE-001677,2026-01-19,2026-01,1220,Inventory - Finished Goods,0,5315.28,Inventory relief,AR,INV-60358
JE-002119,2026-01-19,2026-01,1000,Operating Cash,11879.38,0,Customer payment,AR,NIC-CR00142
JE-002120,2026-01-19,2026-01,1100,Accounts Receivable,0,11879.38,Customer payment,AR,NIC-CR00142
JE-002417,2026-01-19,2026-01,1000,Operating Cash,10341.37,0,Customer payment,AR,NIC-CR00291
JE-002418,2026-01-19,2026-01,1100,Accounts Receivable,0,10341.37,Customer payment,AR,NIC-CR00291
JE-002696,2026-01-19,2026-01,2050,GR/IR Clearing (Received Not Invoiced),510.0,0,Supplier inv 6104089,AP,6104089
JE-002697,2026-01-19,2026-01,2000,Accounts Payable,0,510.0,Supplier inv 6104089,AP,6104089
JE-002726,2026-01-19,2026-01,2050,GR/IR Clearing (Received Not Invoiced),155.65,0,Supplier inv 98491932,AP,98491932
JE-002727,2026-01-19,2026-01,2000,Accounts Payable,0,155.65,Supplier inv 98491932,AP,98491932
JE-002181,2026-01-20,2026-01,1000,Operating Cash,3104.91,0,Customer payment,AR,NIC-CR00173
JE-002182,2026-01-20,2026-01,1100,Accounts Receivable,0,3104.91,Customer payment,AR,NIC-CR00173
JE-001613,2026-01-21,2026-01,1100,Accounts Receivable,3751.5,0,Invoice INV-60345,AR,INV-60345
JE-001614,2026-01-21,2026-01,4000,Product Sales - Manufactured,0,3751.5,Invoice INV-60345,AR,INV-60345
JE-001615,2026-01-21,2026-01,5000,COGS - Materials,3025.81,0,COGS,AR,INV-60345
JE-001616,2026-01-21,2026-01,1220,Inventory - Finished Goods,0,3025.81,Inventory relief,AR,INV-60345
JE-001743,2026-01-21,2026-01,1100,Accounts Receivable,15907.63,0,Invoice INV-60372,AR,INV-60372
JE-001744,2026-01-21,2026-01,4000,Product Sales - Manufactured,0,15683.87,Invoice INV-60372,AR,INV-60372
JE-001745,2026-01-21,2026-01,4100,Freight Revenue,0,223.76,Freight billed,AR,INV-60372
JE-001746,2026-01-21,2026-01,5000,COGS - Materials,9421.7,0,COGS,AR,INV-60372
JE-001747,2026-01-21,2026-01,1220,Inventory - Finished Goods,0,9421.7,Inventory relief,AR,INV-60372
JE-001805,2026-01-21,2026-01,1100,Accounts Receivable,33034.69,0,Invoice INV-60385,AR,INV-60385
JE-001806,2026-01-21,2026-01,4000,Product Sales - Manufactured,0,30801.58,Invoice INV-60385,AR,INV-60385
JE-001807,2026-01-21,2026-01,2100,Accrued Expenses,0,2233.11,Sales tax payable,AR,INV-60385
JE-001808,2026-01-21,2026-01,5000,COGS - Materials,21224.78,0,COGS,AR,INV-60385
JE-001809,2026-01-21,2026-01,1220,Inventory - Finished Goods,0,21224.78,Inventory relief,AR,INV-60385
JE-002041,2026-01-21,2026-01,1000,Operating Cash,300.88,0,Customer payment,AR,NIC-CR00103
JE-002042,2026-01-21,2026-01,1100,Accounts Receivable,0,300.88,Customer payment,AR,NIC-CR00103
JE-002283,2026-01-21,2026-01,1000,Operating Cash,8623.18,0,Customer payment,AR,NIC-CR00224
JE-002284,2026-01-21,2026-01,1100,Accounts Receivable,0,8623.18,Customer payment,AR,NIC-CR00224
JE-000791,2026-01-22,2026-01,1100,Accounts Receivable,439.85,0,Invoice INV-60170,AR,INV-60170
JE-000792,2026-01-22,2026-01,4000,Product Sales - Manufactured,0,363.17,Invoice INV-60170,AR,INV-60170
JE-000793,2026-01-22,2026-01,4100,Freight Revenue,0,50.35,Freight billed,AR,INV-60170
JE-000794,2026-01-22,2026-01,2100,Accrued Expenses,0,26.33,Sales tax payable,AR,INV-60170
JE-000795,2026-01-22,2026-01,5000,COGS - Materials,244.69,0,COGS,AR,INV-60170
JE-000796,2026-01-22,2026-01,1220,Inventory - Finished Goods,0,244.69,Inventory relief,AR,INV-60170
JE-000958,2026-01-22,2026-01,1100,Accounts Receivable,3342.4,0,Invoice INV-60207,AR,INV-60207
JE-000959,2026-01-22,2026-01,4000,Product Sales - Manufactured,0,3116.46,Invoice INV-60207,AR,INV-60207
JE-000960,2026-01-22,2026-01,2100,Accrued Expenses,0,225.94,Sales tax payable,AR,INV-60207
JE-000961,2026-01-22,2026-01,5000,COGS - Materials,1980.78,0,COGS,AR,INV-60207
JE-000962,2026-01-22,2026-01,1220,Inventory - Finished Goods,0,1980.78,Inventory relief,AR,INV-60207
JE-003414,2026-01-22,2026-01,1200,Inventory - Raw Materials,3309.6,0,PO receipt PO-31189,INV,RCV-40180
JE-003415,2026-01-22,2026-01,2050,GR/IR Clearing (Received Not Invoiced),0,3309.6,PO receipt PO-31189,INV,RCV-40180
JE-001953,2026-01-23,2026-01,1000,Operating Cash,6146.87,0,Customer payment,AR,NIC-CR00059
JE-001954,2026-01-23,2026-01,1100,Accounts Receivable,0,6146.87,Customer payment,AR,NIC-CR00059
JE-002353,2026-01-23,2026-01,1000,Operating Cash,5229.95,0,Customer payment,AR,NIC-CR00259
JE-002354,2026-01-23,2026-01,1100,Accounts Receivable,0,5229.95,Customer payment,AR,NIC-CR00259
JE-002906,2026-01-24,2026-01,2050,GR/IR Clearing (Received Not Invoiced),3309.6,0,Supplier inv 99669115,AP,99669115
JE-002907,2026-01-24,2026-01,2000,Accounts Payable,0,3309.6,Supplier inv 99669115,AP,99669115
JE-003404,2026-01-24,2026-01,1200,Inventory - Raw Materials,25.08,0,PO receipt PO-31184,INV,RCV-40175
JE-003405,2026-01-24,2026-01,2050,GR/IR Clearing (Received Not Invoiced),0,25.08,PO receipt PO-31184,INV,RCV-40175
JE-002259,2026-01-25,2026-01,1000,Operating Cash,6971.62,0,Customer payment,AR,NIC-CR00212
JE-002260,2026-01-25,2026-01,1100,Accounts Receivable,0,6971.62,Customer payment,AR,NIC-CR00212
JE-003306,2026-01-25,2026-01,1200,Inventory - Raw Materials,6084.76,0,PO receipt PO-31134,INV,RCV-40126
JE-003307,2026-01-25,2026-01,2050,GR/IR Clearing (Received Not Invoiced),0,6084.76,PO receipt PO-31134,INV,RCV-40126
JE-003512,2026-01-25,2026-01,1200,Inventory - Raw Materials,357.0,0,PO receipt PO-31241,INV,RCV-40229
JE-003513,2026-01-25,2026-01,2050,GR/IR Clearing (Received Not Invoiced),0,357.0,PO receipt PO-31241,INV,RCV-40229
JE-000550,2026-01-26,2026-01,1100,Accounts Receivable,12529.08,0,Invoice INV-60118,AR,INV-60118
JE-000551,2026-01-26,2026-01,4000,Product Sales - Manufactured,0,12529.08,Invoice INV-60118,AR,INV-60118
JE-000552,2026-01-26,2026-01,5000,COGS - Materials,7805.7,0,COGS,AR,INV-60118
JE-000553,2026-01-26,2026-01,1220,Inventory - Finished Goods,0,7805.7,Inventory relief,AR,INV-60118
JE-001256,2026-01-26,2026-01,1100,Accounts Receivable,5734.21,0,Invoice INV-60269,AR,INV-60269
JE-001257,2026-01-26,2026-01,4000,Product Sales - Manufactured,0,5177.5,Invoice INV-60269,AR,INV-60269
JE-001258,2026-01-26,2026-01,4100,Freight Revenue,0,181.34,Freight billed,AR,INV-60269
JE-001259,2026-01-26,2026-01,2100,Accrued Expenses,0,375.37,Sales tax payable,AR,INV-60269
JE-001260,2026-01-26,2026-01,5000,COGS - Materials,3382.32,0,COGS,AR,INV-60269
JE-001261,2026-01-26,2026-01,1220,Inventory - Finished Goods,0,3382.32,Inventory relief,AR,INV-60269
JE-001603,2026-01-26,2026-01,1100,Accounts Receivable,6005.86,0,Invoice INV-60343,AR,INV-60343
JE-001604,2026-01-26,2026-01,4000,Product Sales - Manufactured,0,5599.87,Invoice INV-60343,AR,INV-60343
JE-001605,2026-01-26,2026-01,2100,Accrued Expenses,0,405.99,Sales tax payable,AR,INV-60343
JE-001606,2026-01-26,2026-01,5000,COGS - Materials,3126.57,0,COGS,AR,INV-60343
JE-001607,2026-01-26,2026-01,1220,Inventory - Finished Goods,0,3126.57,Inventory relief,AR,INV-60343
JE-002243,2026-01-26,2026-01,1000,Operating Cash,4275.88,0,Customer payment,AR,NIC-CR00204
JE-002244,2026-01-26,2026-01,1100,Accounts Receivable,0,4275.88,Customer payment,AR,NIC-CR00204
JE-002457,2026-01-26,2026-01,1000,Operating Cash,17680.61,0,Customer payment,AR,NIC-CR00311
JE-002458,2026-01-26,2026-01,1100,Accounts Receivable,0,17680.61,Customer payment,AR,NIC-CR00311
JE-000913,2026-01-27,2026-01,1100,Accounts Receivable,14155.07,0,Invoice INV-60197,AR,INV-60197
JE-000914,2026-01-27,2026-01,4000,Product Sales - Manufactured,0,14010.93,Invoice INV-60197,AR,INV-60197
JE-000915,2026-01-27,2026-01,4100,Freight Revenue,0,144.14,Freight billed,AR,INV-60197
JE-000916,2026-01-27,2026-01,5000,COGS - Materials,9641.7,0,COGS,AR,INV-60197
JE-000917,2026-01-27,2026-01,1220,Inventory - Finished Goods,0,9641.7,Inventory relief,AR,INV-60197
JE-001201,2026-01-27,2026-01,1100,Accounts Receivable,13433.64,0,Invoice INV-60258,AR,INV-60258
JE-001202,2026-01-27,2026-01,4000,Product Sales - Manufactured,0,12525.54,Invoice INV-60258,AR,INV-60258
JE-001203,2026-01-27,2026-01,2100,Accrued Expenses,0,908.1,Sales tax payable,AR,INV-60258
JE-001204,2026-01-27,2026-01,5000,COGS - Materials,8820.51,0,COGS,AR,INV-60258
JE-001205,2026-01-27,2026-01,1220,Inventory - Finished Goods,0,8820.51,Inventory relief,AR,INV-60258
JE-002297,2026-01-27,2026-01,1000,Operating Cash,12754.92,0,Customer payment,AR,NIC-CR00231
JE-002298,2026-01-27,2026-01,1100,Accounts Receivable,0,12754.92,Customer payment,AR,NIC-CR00231
JE-002393,2026-01-27,2026-01,1000,Operating Cash,6886.29,0,Customer payment,AR,NIC-CR00279
JE-002394,2026-01-27,2026-01,1100,Accounts Receivable,0,6886.29,Customer payment,AR,NIC-CR00279
JE-001667,2026-01-28,2026-01,1100,Accounts Receivable,10918.25,0,Invoice INV-60357,AR,INV-60357
JE-001668,2026-01-28,2026-01,4000,Product Sales - Manufactured,0,10082.3,Invoice INV-60357,AR,INV-60357
JE-001669,2026-01-28,2026-01,4100,Freight Revenue,0,104.98,Freight billed,AR,INV-60357
JE-001670,2026-01-28,2026-01,2100,Accrued Expenses,0,730.97,Sales tax payable,AR,INV-60357
JE-001671,2026-01-28,2026-01,5000,COGS - Materials,6841.48,0,COGS,AR,INV-60357
JE-001672,2026-01-28,2026-01,1220,Inventory - Finished Goods,0,6841.48,Inventory relief,AR,INV-60357
JE-002894,2026-01-28,2026-01,2050,GR/IR Clearing (Received Not Invoiced),25.08,0,Supplier inv INV2937891,AP,INV2937891
JE-002895,2026-01-28,2026-01,2000,Accounts Payable,0,25.08,Supplier inv INV2937891,AP,INV2937891
JE-003058,2026-01-28,2026-01,1200,Inventory - Raw Materials,15.62,0,PO receipt PO-31002,INV,RCV-40002
JE-003059,2026-01-28,2026-01,2050,GR/IR Clearing (Received Not Invoiced),0,15.62,PO receipt PO-31002,INV,RCV-40002
JE-000111,2026-01-29,2026-01,1100,Accounts Receivable,14524.02,0,Invoice INV-60024,AR,INV-60024
JE-000112,2026-01-29,2026-01,4000,Product Sales - Manufactured,0,13542.21,Invoice INV-60024,AR,INV-60024
JE-000113,2026-01-29,2026-01,2100,Accrued Expenses,0,981.81,Sales tax payable,AR,INV-60024
JE-000114,2026-01-29,2026-01,5000,COGS - Materials,10185.9,0,COGS,AR,INV-60024
JE-000115,2026-01-29,2026-01,1220,Inventory - Finished Goods,0,10185.9,Inventory relief,AR,INV-60024
JE-000293,2026-01-29,2026-01,1100,Accounts Receivable,9388.93,0,Invoice INV-60064,AR,INV-60064
JE-000294,2026-01-29,2026-01,4000,Product Sales - Manufactured,0,8754.25,Invoice INV-60064,AR,INV-60064
JE-000295,2026-01-29,2026-01,2100,Accrued Expenses,0,634.68,Sales tax payable,AR,INV-60064
JE-000296,2026-01-29,2026-01,5000,COGS - Materials,6568.39,0,COGS,AR,INV-60064
JE-000297,2026-01-29,2026-01,1220,Inventory - Finished Goods,0,6568.39,Inventory relief,AR,INV-60064
JE-000639,2026-01-29,2026-01,1100,Accounts Receivable,2949.59,0,Invoice INV-60137,AR,INV-60137
JE-000640,2026-01-29,2026-01,4000,Product Sales - Manufactured,0,2750.2,Invoice INV-60137,AR,INV-60137
JE-000641,2026-01-29,2026-01,2100,Accrued Expenses,0,199.39,Sales tax payable,AR,INV-60137
JE-000642,2026-01-29,2026-01,5000,COGS - Materials,2199.75,0,COGS,AR,INV-60137
JE-000643,2026-01-29,2026-01,1220,Inventory - Finished Goods,0,2199.75,Inventory relief,AR,INV-60137
JE-001242,2026-01-29,2026-01,1100,Accounts Receivable,7356.49,0,Invoice INV-60266,AR,INV-60266
JE-001243,2026-01-29,2026-01,4000,Product Sales - Manufactured,0,7356.49,Invoice INV-60266,AR,INV-60266
JE-001244,2026-01-29,2026-01,5000,COGS - Materials,6068.11,0,COGS,AR,INV-60266
JE-001245,2026-01-29,2026-01,1220,Inventory - Finished Goods,0,6068.11,Inventory relief,AR,INV-60266
JE-002253,2026-01-29,2026-01,1000,Operating Cash,7003.84,0,Customer payment,AR,NIC-CR00209
JE-002254,2026-01-29,2026-01,1100,Accounts Receivable,0,7003.84,Customer payment,AR,NIC-CR00209
JE-002269,2026-01-29,2026-01,1000,Operating Cash,26172.41,0,Customer payment,AR,NIC-CR00217
JE-002270,2026-01-29,2026-01,1100,Accounts Receivable,0,26172.41,Customer payment,AR,NIC-CR00217
JE-002489,2026-01-29,2026-01,1000,Operating Cash,40705.11,0,Customer payment,AR,NIC-CR00327
JE-002490,2026-01-29,2026-01,1100,Accounts Receivable,0,40705.11,Customer payment,AR,NIC-CR00327
JE-002628,2026-01-29,2026-01,2050,GR/IR Clearing (Received Not Invoiced),20074.36,0,Supplier inv SI8382615,AP,SI8382615
JE-002629,2026-01-29,2026-01,5300,Freight In,124.78,0,Freight in,AP,SI8382615
JE-002630,2026-01-29,2026-01,2000,Accounts Payable,0,20199.14,Supplier inv SI8382615,AP,SI8382615
JE-003168,2026-01-29,2026-01,1200,Inventory - Raw Materials,19783.35,0,PO receipt PO-31058,INV,RCV-40057
JE-003169,2026-01-29,2026-01,2050,GR/IR Clearing (Received Not Invoiced),0,19783.35,PO receipt PO-31058,INV,RCV-40057
JE-003218,2026-01-29,2026-01,1200,Inventory - Raw Materials,627.5,0,PO receipt PO-31087,INV,RCV-40082
JE-003219,2026-01-29,2026-01,2050,GR/IR Clearing (Received Not Invoiced),0,627.5,PO receipt PO-31087,INV,RCV-40082
JE-001282,2026-01-30,2026-01,1100,Accounts Receivable,7678.48,0,Invoice INV-60274,AR,INV-60274
JE-001283,2026-01-30,2026-01,4000,Product Sales - Manufactured,0,7039.08,Invoice INV-60274,AR,INV-60274
JE-001284,2026-01-30,2026-01,4100,Freight Revenue,0,129.07,Freight billed,AR,INV-60274
JE-001285,2026-01-30,2026-01,2100,Accrued Expenses,0,510.33,Sales tax payable,AR,INV-60274
JE-001286,2026-01-30,2026-01,5000,COGS - Materials,5084.4,0,COGS,AR,INV-60274
JE-001287,2026-01-30,2026-01,1220,Inventory - Finished Goods,0,5084.4,Inventory relief,AR,INV-60274
JE-002193,2026-01-30,2026-01,1000,Operating Cash,8090.76,0,Customer payment,AR,NIC-CR00179
JE-002194,2026-01-30,2026-01,1100,Accounts Receivable,0,8090.76,Customer payment,AR,NIC-CR00179
JE-002783,2026-01-30,2026-01,2050,GR/IR Clearing (Received Not Invoiced),6085.58,0,Supplier inv 4345370,AP,4345370
JE-002784,2026-01-30,2026-01,2000,Accounts Payable,0,6085.58,Supplier inv 4345370,AP,4345370
JE-001795,2026-01-31,2026-01,1100,Accounts Receivable,2013.09,0,Invoice INV-60383,AR,INV-60383
JE-001796,2026-01-31,2026-01,4000,Product Sales - Manufactured,0,1877.01,Invoice INV-60383,AR,INV-60383
JE-001797,2026-01-31,2026-01,2100,Accrued Expenses,0,136.08,Sales tax payable,AR,INV-60383
JE-001798,2026-01-31,2026-01,5000,COGS - Materials,1172.34,0,COGS,AR,INV-60383
JE-001799,2026-01-31,2026-01,1220,Inventory - Finished Goods,0,1172.34,Inventory relief,AR,INV-60383
JE-002871,2026-01-31,2026-01,2050,GR/IR Clearing (Received Not Invoiced),1719.48,0,Supplier inv 9753446,AP,9753446
JE-002872,2026-01-31,2026-01,2000,Accounts Payable,0,1719.48,Supplier inv 9753446,AP,9753446
JE-003013,2026-01-31,2026-01,2050,GR/IR Clearing (Received Not Invoiced),362.0,0,Supplier inv INV5367363,AP,INV5367363
JE-003014,2026-01-31,2026-01,2000,Accounts Payable,0,362.0,Supplier inv INV5367363,AP,INV5367363
JE-003240,2026-01-31,2026-01,1200,Inventory - Raw Materials,6861.84,0,PO receipt PO-31098,INV,RCV-40093
JE-003241,2026-01-31,2026-01,2050,GR/IR Clearing (Received Not Invoiced),0,6861.84,PO receipt PO-31098,INV,RCV-40093
JE-003270,2026-01-31,2026-01,1200,Inventory - Raw Materials,5251.66,0,PO receipt PO-31116,INV,RCV-40108
JE-003271,2026-01-31,2026-01,2050,GR/IR Clearing (Received Not Invoiced),0,5251.66,PO receipt PO-31116,INV,RCV-40108
JE-003384,2026-01-31,2026-01,1200,Inventory - Raw Materials,1725.0,0,PO receipt PO-31174,INV,RCV-40165
JE-003385,2026-01-31,2026-01,2050,GR/IR Clearing (Received Not Invoiced),0,1725.0,PO receipt PO-31174,INV,RCV-40165
JE-003568,2026-01-31,2026-01,6700,Office & Supplies,2297.62,0,Iron Mountain Inc.,AP,NIC-AP00010
JE-003569,2026-01-31,2026-01,2000,Accounts Payable,0,2297.62,Iron Mountain Inc.,AP,NIC-AP00010
JE-003584,2026-01-31,2026-01,6700,Office & Supplies,2841.18,0,"W.W. Grainger, Inc.",AP,NIC-AP00018
JE-003585,2026-01-31,2026-01,2000,Accounts Payable,0,2841.18,"W.W. Grainger, Inc.",AP,NIC-AP00018
JE-003608,2026-01-31,2026-01,6700,Office & Supplies,1267.73,0,Cintas Corporation,AP,NIC-AP00030
JE-003609,2026-01-31,2026-01,2000,Accounts Payable,0,1267.73,Cintas Corporation,AP,NIC-AP00030
JE-003626,2026-01-31,2026-01,6300,Rent,3252.41,0,Waste Management of Illinois,AP,NIC-AP00039
JE-003627,2026-01-31,2026-01,2000,Accounts Payable,0,3252.41,Waste Management of Illinois,AP,NIC-AP00039
JE-003644,2026-01-31,2026-01,5300,Freight In,15.61,0,UPS,AP,NIC-AP00048
JE-003645,2026-01-31,2026-01,2000,Accounts Payable,0,15.61,UPS,AP,NIC-AP00048
JE-003656,2026-01-31,2026-01,5300,Freight In,48.41,0,FedEx,AP,NIC-AP00054
JE-003657,2026-01-31,2026-01,2000,Accounts Payable,0,48.41,FedEx,AP,NIC-AP00054
JE-003676,2026-01-31,2026-01,6700,Office & Supplies,278.9,0,Sunbelt Rentals,AP,NIC-AP00064
JE-003677,2026-01-31,2026-01,2000,Accounts Payable,0,278.9,Sunbelt Rentals,AP,NIC-AP00064
JE-003700,2026-01-31,2026-01,6300,Rent,38500,0,Rockford Industrial Park LLC,AP,NIC-AP00076
JE-003701,2026-01-31,2026-01,2000,Accounts Payable,0,38500,Rockford Industrial Park LLC,AP,NIC-AP00076
JE-003724,2026-01-31,2026-01,6400,Software Subscriptions,15750.0,0,Epicor Kinetic,AP,SW-EPICOR
JE-003725,2026-01-31,2026-01,2000,Accounts Payable,0,15750.0,Epicor Kinetic,AP,SW-EPICOR
JE-003748,2026-01-31,2026-01,6400,Software Subscriptions,1079.17,0,SolidWorks Standard,AP,SW-SOLIDW
JE-003749,2026-01-31,2026-01,2000,Accounts Payable,0,1079.17,SolidWorks Standard,AP,SW-SOLIDW
JE-003772,2026-01-31,2026-01,6400,Software Subscriptions,1000.0,0,MasterControl,AP,SW-MASTER
JE-003773,2026-01-31,2026-01,2000,Accounts Payable,0,1000.0,MasterControl,AP,SW-MASTER
JE-003796,2026-01-31,2026-01,6400,Software Subscriptions,1775.0,0,Microsoft 365 Business Standard,AP,SW-MICROS
JE-003797,2026-01-31,2026-01,2000,Accounts Payable,0,1775.0,Microsoft 365 Business Standard,AP,SW-MICROS
JE-003820,2026-01-31,2026-01,6400,Software Subscriptions,4920.0,0,ADP Workforce Now,AP,SW-ADPWO
JE-003821,2026-01-31,2026-01,2000,Accounts Payable,0,4920.0,ADP Workforce Now,AP,SW-ADPWO
JE-003844,2026-01-31,2026-01,6400,Software Subscriptions,900.0,0,Salesforce Sales Cloud,AP,SW-SALESF
JE-003845,2026-01-31,2026-01,2000,Accounts Payable,0,900.0,Salesforce Sales Cloud,AP,SW-SALESF
JE-003868,2026-01-31,2026-01,6400,Software Subscriptions,700.0,0,Bill.com,AP,SW-BILL.C
JE-003869,2026-01-31,2026-01,2000,Accounts Payable,0,700.0,Bill.com,AP,SW-BILL.C
JE-003892,2026-01-31,2026-01,6400,Software Subscriptions,3150.0,0,Box Business,AP,SW-BOXBU
JE-003893,2026-01-31,2026-01,2000,Accounts Payable,0,3150.0,Box Business,AP,SW-BOXBU
JE-003916,2026-01-31,2026-01,6400,Software Subscriptions,1440.0,0,Zoom Workplace,AP,SW-ZOOMW
JE-003917,2026-01-31,2026-01,2000,Accounts Payable,0,1440.0,Zoom Workplace,AP,SW-ZOOMW
JE-003940,2026-01-31,2026-01,6400,Software Subscriptions,1020.0,0,RingCentral MVP,AP,SW-RINGCE
JE-003941,2026-01-31,2026-01,2000,Accounts Payable,0,1020.0,RingCentral MVP,AP,SW-RINGCE
JE-003964,2026-01-31,2026-01,6400,Software Subscriptions,355.0,0,KnowBe4,AP,SW-KNOWBE
JE-003965,2026-01-31,2026-01,2000,Accounts Payable,0,355.0,KnowBe4,AP,SW-KNOWBE
JE-003988,2026-01-31,2026-01,6000,Salaries & Wages,652578.23,0,Monthly payroll,PR,PR-202601
JE-003989,2026-01-31,2026-01,2300,Payroll Liabilities,0,652578.23,Monthly payroll,PR,PR-202601
JE-000446,2026-02-01,2026-02,1100,Accounts Receivable,3524.89,0,Invoice INV-60097,AR,INV-60097
JE-000447,2026-02-01,2026-02,4000,Product Sales - Manufactured,0,3440.7,Invoice INV-60097,AR,INV-60097
JE-000448,2026-02-01,2026-02,4100,Freight Revenue,0,84.19,Freight billed,AR,INV-60097
JE-000449,2026-02-01,2026-02,5000,COGS - Materials,2413.84,0,COGS,AR,INV-60097
JE-000450,2026-02-01,2026-02,1220,Inventory - Finished Goods,0,2413.84,Inventory relief,AR,INV-60097
JE-000707,2026-02-01,2026-02,1100,Accounts Receivable,23068.12,0,Invoice INV-60151,AR,INV-60151
JE-000708,2026-02-01,2026-02,4000,Product Sales - Manufactured,0,23068.12,Invoice INV-60151,AR,INV-60151
JE-000709,2026-02-01,2026-02,5000,COGS - Materials,16613.75,0,COGS,AR,INV-60151
JE-000710,2026-02-01,2026-02,1220,Inventory - Finished Goods,0,16613.75,Inventory relief,AR,INV-60151
JE-002277,2026-02-01,2026-02,1000,Operating Cash,7629.51,0,Customer payment,AR,NIC-CR00221
JE-002278,2026-02-01,2026-02,1100,Accounts Receivable,0,7629.51,Customer payment,AR,NIC-CR00221
JE-002687,2026-02-01,2026-02,2050,GR/IR Clearing (Received Not Invoiced),627.5,0,Supplier inv 9775848,AP,9775848
JE-002688,2026-02-01,2026-02,5300,Freight In,143.32,0,Freight in,AP,9775848
JE-002689,2026-02-01,2026-02,2000,Accounts Payable,0,770.82,Supplier inv 9775848,AP,9775848
JE-002985,2026-02-01,2026-02,2050,GR/IR Clearing (Received Not Invoiced),19981.1,0,Supplier inv 5366927,AP,5366927
JE-002986,2026-02-01,2026-02,5300,Freight In,179.89,0,Freight in,AP,5366927
JE-002987,2026-02-01,2026-02,2000,Accounts Payable,0,20160.99,Supplier inv 5366927,AP,5366927
JE-003078,2026-02-01,2026-02,1200,Inventory - Raw Materials,25.08,0,PO receipt PO-31012,INV,RCV-40012
JE-003079,2026-02-01,2026-02,2050,GR/IR Clearing (Received Not Invoiced),0,25.08,PO receipt PO-31012,INV,RCV-40012
JE-003486,2026-02-01,2026-02,1200,Inventory - Raw Materials,20002.42,0,PO receipt PO-31227,INV,RCV-40216
JE-003487,2026-02-01,2026-02,2050,GR/IR Clearing (Received Not Invoiced),0,20002.42,PO receipt PO-31227,INV,RCV-40216
JE-002083,2026-02-02,2026-02,1000,Operating Cash,8910.7,0,Customer payment,AR,NIC-CR00124
JE-002084,2026-02-02,2026-02,1100,Accounts Receivable,0,8910.7,Customer payment,AR,NIC-CR00124
JE-002211,2026-02-03,2026-02,1000,Operating Cash,7176.66,0,Customer payment,AR,NIC-CR00188
JE-002212,2026-02-03,2026-02,1100,Accounts Receivable,0,7176.66,Customer payment,AR,NIC-CR00188
JE-003035,2026-02-03,2026-02,2050,GR/IR Clearing (Received Not Invoiced),18777.51,0,Supplier inv SI5332460,AP,SI5332460
JE-003036,2026-02-03,2026-02,2000,Accounts Payable,0,18777.51,Supplier inv SI5332460,AP,SI5332460
JE-003308,2026-02-03,2026-02,1200,Inventory - Raw Materials,1390.5,0,PO receipt PO-31135,INV,RCV-40127
JE-003309,2026-02-03,2026-02,2050,GR/IR Clearing (Received Not Invoiced),0,1390.5,PO receipt PO-31135,INV,RCV-40127
JE-003368,2026-02-03,2026-02,1200,Inventory - Raw Materials,550.19,0,PO receipt PO-31166,INV,RCV-40157
JE-003369,2026-02-03,2026-02,2050,GR/IR Clearing (Received Not Invoiced),0,550.19,PO receipt PO-31166,INV,RCV-40157
JE-003530,2026-02-03,2026-02,1200,Inventory - Raw Materials,18458.6,0,PO receipt PO-31251,INV,RCV-40238
JE-003531,2026-02-03,2026-02,2050,GR/IR Clearing (Received Not Invoiced),0,18458.6,PO receipt PO-31251,INV,RCV-40238
JE-002213,2026-02-04,2026-02,1000,Operating Cash,9057.3,0,Customer payment,AR,NIC-CR00189
JE-002214,2026-02-04,2026-02,1100,Accounts Receivable,0,9057.3,Customer payment,AR,NIC-CR00189
JE-002501,2026-02-04,2026-02,2050,GR/IR Clearing (Received Not Invoiced),15.62,0,Supplier inv INV4751801,AP,INV4751801
JE-002502,2026-02-04,2026-02,2000,Accounts Payable,0,15.62,Supplier inv INV4751801,AP,INV4751801
JE-001172,2026-02-05,2026-02,1100,Accounts Receivable,14678.04,0,Invoice INV-60252,AR,INV-60252
JE-001173,2026-02-05,2026-02,4000,Product Sales - Manufactured,0,14678.04,Invoice INV-60252,AR,INV-60252
JE-001174,2026-02-05,2026-02,5000,COGS - Materials,11037.23,0,COGS,AR,INV-60252
JE-001175,2026-02-05,2026-02,1220,Inventory - Finished Goods,0,11037.23,Inventory relief,AR,INV-60252
JE-002233,2026-02-05,2026-02,1000,Operating Cash,3593.01,0,Customer payment,AR,NIC-CR00199
JE-002234,2026-02-05,2026-02,1100,Accounts Receivable,0,3593.01,Customer payment,AR,NIC-CR00199
JE-003506,2026-02-05,2026-02,1200,Inventory - Raw Materials,519.75,0,PO receipt PO-31238,INV,RCV-40226
JE-003507,2026-02-05,2026-02,2050,GR/IR Clearing (Received Not Invoiced),0,519.75,PO receipt PO-31238,INV,RCV-40226
JE-000155,2026-02-06,2026-02,1100,Accounts Receivable,7075.74,0,Invoice INV-60034,AR,INV-60034
JE-000156,2026-02-06,2026-02,4000,Product Sales - Manufactured,0,7075.74,Invoice INV-60034,AR,INV-60034
JE-000157,2026-02-06,2026-02,5000,COGS - Materials,5675.34,0,COGS,AR,INV-60034
JE-000158,2026-02-06,2026-02,1220,Inventory - Finished Goods,0,5675.34,Inventory relief,AR,INV-60034
JE-000540,2026-02-06,2026-02,1100,Accounts Receivable,1313.33,0,Invoice INV-60116,AR,INV-60116
JE-000541,2026-02-06,2026-02,4000,Product Sales - Manufactured,0,1225.44,Invoice INV-60116,AR,INV-60116
JE-000542,2026-02-06,2026-02,4100,Freight Revenue,0,87.89,Freight billed,AR,INV-60116
JE-000543,2026-02-06,2026-02,5000,COGS - Materials,985.86,0,COGS,AR,INV-60116
JE-000544,2026-02-06,2026-02,1220,Inventory - Finished Goods,0,985.86,Inventory relief,AR,INV-60116
JE-002455,2026-02-06,2026-02,1000,Operating Cash,18511.39,0,Customer payment,AR,NIC-CR00310
JE-002456,2026-02-06,2026-02,1100,Accounts Receivable,0,18511.39,Customer payment,AR,NIC-CR00310
JE-002745,2026-02-06,2026-02,2050,GR/IR Clearing (Received Not Invoiced),5251.66,0,Supplier inv 5341287,AP,5341287
JE-002746,2026-02-06,2026-02,2000,Accounts Payable,0,5251.66,Supplier inv 5341287,AP,5341287
JE-000535,2026-02-07,2026-02,1100,Accounts Receivable,38673.26,0,Invoice INV-60115,AR,INV-60115
JE-000536,2026-02-07,2026-02,4000,Product Sales - Manufactured,0,38337.01,Invoice INV-60115,AR,INV-60115
JE-000537,2026-02-07,2026-02,4100,Freight Revenue,0,336.25,Freight billed,AR,INV-60115
JE-000538,2026-02-07,2026-02,5000,COGS - Materials,25076.47,0,COGS,AR,INV-60115
JE-000539,2026-02-07,2026-02,1220,Inventory - Finished Goods,0,25076.47,Inventory relief,AR,INV-60115
JE-001064,2026-02-07,2026-02,1100,Accounts Receivable,5929.63,0,Invoice INV-60229,AR,INV-60229
JE-001065,2026-02-07,2026-02,4000,Product Sales - Manufactured,0,5929.63,Invoice INV-60229,AR,INV-60229
JE-001066,2026-02-07,2026-02,5000,COGS - Materials,3849.16,0,COGS,AR,INV-60229
JE-001067,2026-02-07,2026-02,1220,Inventory - Finished Goods,0,3849.16,Inventory relief,AR,INV-60229
JE-001472,2026-02-07,2026-02,1100,Accounts Receivable,2518.66,0,Invoice INV-60315,AR,INV-60315
JE-001473,2026-02-07,2026-02,4000,Product Sales - Manufactured,0,2213.65,Invoice INV-60315,AR,INV-60315
JE-001474,2026-02-07,2026-02,4100,Freight Revenue,0,305.01,Freight billed,AR,INV-60315
JE-001475,2026-02-07,2026-02,5000,COGS - Materials,1562.68,0,COGS,AR,INV-60315
JE-001476,2026-02-07,2026-02,1220,Inventory - Finished Goods,0,1562.68,Inventory relief,AR,INV-60315
JE-002712,2026-02-07,2026-02,2050,GR/IR Clearing (Received Not Invoiced),6861.84,0,Supplier inv SI7025118,AP,SI7025118
JE-002713,2026-02-07,2026-02,2000,Accounts Payable,0,6861.84,Supplier inv SI7025118,AP,SI7025118
JE-002764,2026-02-07,2026-02,2050,GR/IR Clearing (Received Not Invoiced),18447.12,0,Supplier inv 92787697,AP,92787697
JE-002765,2026-02-07,2026-02,2000,Accounts Payable,0,18447.12,Supplier inv 92787697,AP,92787697
JE-002853,2026-02-07,2026-02,2050,GR/IR Clearing (Received Not Invoiced),556.7,0,Supplier inv 4296062,AP,4296062
JE-002854,2026-02-07,2026-02,2000,Accounts Payable,0,556.7,Supplier inv 4296062,AP,4296062
JE-003288,2026-02-07,2026-02,1200,Inventory - Raw Materials,18447.12,0,PO receipt PO-31125,INV,RCV-40117
JE-003289,2026-02-07,2026-02,2050,GR/IR Clearing (Received Not Invoiced),0,18447.12,PO receipt PO-31125,INV,RCV-40117
JE-001905,2026-02-08,2026-02,1000,Operating Cash,13936.17,0,Customer payment,AR,NIC-CR00035
JE-001906,2026-02-08,2026-02,1100,Accounts Receivable,0,13936.17,Customer payment,AR,NIC-CR00035
JE-002524,2026-02-08,2026-02,2050,GR/IR Clearing (Received Not Invoiced),25.08,0,Supplier inv 4562913,AP,4562913
JE-002525,2026-02-08,2026-02,2000,Accounts Payable,0,25.08,Supplier inv 4562913,AP,4562913
JE-003432,2026-02-08,2026-02,1200,Inventory - Raw Materials,2010.28,0,PO receipt PO-31199,INV,RCV-40189
JE-003433,2026-02-08,2026-02,2050,GR/IR Clearing (Received Not Invoiced),0,2010.28,PO receipt PO-31199,INV,RCV-40189
JE-000116,2026-02-09,2026-02,1100,Accounts Receivable,2594.03,0,Invoice INV-60025,AR,INV-60025
JE-000117,2026-02-09,2026-02,4000,Product Sales - Manufactured,0,2594.03,Invoice INV-60025,AR,INV-60025
JE-000118,2026-02-09,2026-02,5000,COGS - Materials,1900.17,0,COGS,AR,INV-60025
JE-000119,2026-02-09,2026-02,1220,Inventory - Finished Goods,0,1900.17,Inventory relief,AR,INV-60025
JE-001925,2026-02-09,2026-02,1000,Operating Cash,18744.95,0,Customer payment,AR,NIC-CR00045
JE-001926,2026-02-09,2026-02,1100,Accounts Receivable,0,18744.95,Customer payment,AR,NIC-CR00045
JE-001985,2026-02-09,2026-02,1000,Operating Cash,10784.7,0,Customer payment,AR,NIC-CR00075
JE-001986,2026-02-09,2026-02,1100,Accounts Receivable,0,10784.7,Customer payment,AR,NIC-CR00075
JE-002785,2026-02-09,2026-02,2050,GR/IR Clearing (Received Not Invoiced),1474.0,0,Supplier inv 92310980,AP,92310980
JE-002786,2026-02-09,2026-02,5300,Freight In,69.64,0,Freight in,AP,92310980
JE-002787,2026-02-09,2026-02,2000,Accounts Payable,0,1543.64,Supplier inv 92310980,AP,92310980
JE-003120,2026-02-09,2026-02,1200,Inventory - Raw Materials,2272.68,0,PO receipt PO-31033,INV,RCV-40033
JE-003121,2026-02-09,2026-02,2050,GR/IR Clearing (Received Not Invoiced),0,2272.68,PO receipt PO-31033,INV,RCV-40033
JE-001350,2026-02-10,2026-02,1100,Accounts Receivable,1296.27,0,Invoice INV-60288,AR,INV-60288
JE-001351,2026-02-10,2026-02,4000,Product Sales - Manufactured,0,1296.27,Invoice INV-60288,AR,INV-60288
JE-001352,2026-02-10,2026-02,5000,COGS - Materials,869.98,0,COGS,AR,INV-60288
JE-001353,2026-02-10,2026-02,1220,Inventory - Finished Goods,0,869.98,Inventory relief,AR,INV-60288
JE-002573,2026-02-10,2026-02,2050,GR/IR Clearing (Received Not Invoiced),2272.68,0,Supplier inv 4786721,AP,4786721
JE-002574,2026-02-10,2026-02,2000,Accounts Payable,0,2272.68,Supplier inv 4786721,AP,4786721
JE-003007,2026-02-10,2026-02,2050,GR/IR Clearing (Received Not Invoiced),519.75,0,Supplier inv SI468828,AP,SI468828
JE-003008,2026-02-10,2026-02,2000,Accounts Payable,0,519.75,Supplier inv SI468828,AP,SI468828
JE-003154,2026-02-10,2026-02,1200,Inventory - Raw Materials,10331.91,0,PO receipt PO-31050,INV,RCV-40050
JE-003155,2026-02-10,2026-02,2050,GR/IR Clearing (Received Not Invoiced),0,10331.91,PO receipt PO-31050,INV,RCV-40050
JE-003398,2026-02-10,2026-02,1200,Inventory - Raw Materials,17020.5,0,PO receipt PO-31181,INV,RCV-40172
JE-003399,2026-02-10,2026-02,2050,GR/IR Clearing (Received Not Invoiced),0,17020.5,PO receipt PO-31181,INV,RCV-40172
JE-003454,2026-02-10,2026-02,1200,Inventory - Raw Materials,27401.96,0,PO receipt PO-31210,INV,RCV-40200
JE-003455,2026-02-10,2026-02,2050,GR/IR Clearing (Received Not Invoiced),0,27401.96,PO receipt PO-31210,INV,RCV-40200
JE-000263,2026-02-11,2026-02,1100,Accounts Receivable,14869.49,0,Invoice INV-60057,AR,INV-60057
JE-000264,2026-02-11,2026-02,4000,Product Sales - Manufactured,0,14869.49,Invoice INV-60057,AR,INV-60057
JE-000265,2026-02-11,2026-02,5000,COGS - Materials,12393.59,0,COGS,AR,INV-60057
JE-000266,2026-02-11,2026-02,1220,Inventory - Finished Goods,0,12393.59,Inventory relief,AR,INV-60057
JE-000731,2026-02-11,2026-02,1100,Accounts Receivable,7897.75,0,Invoice INV-60157,AR,INV-60157
JE-000732,2026-02-11,2026-02,4000,Product Sales - Manufactured,0,7738.05,Invoice INV-60157,AR,INV-60157
JE-000733,2026-02-11,2026-02,4100,Freight Revenue,0,159.7,Freight billed,AR,INV-60157
JE-000734,2026-02-11,2026-02,5000,COGS - Materials,6061.64,0,COGS,AR,INV-60157
JE-000735,2026-02-11,2026-02,1220,Inventory - Finished Goods,0,6061.64,Inventory relief,AR,INV-60157
JE-001412,2026-02-11,2026-02,1100,Accounts Receivable,2462.92,0,Invoice INV-60302,AR,INV-60302
JE-001413,2026-02-11,2026-02,4000,Product Sales - Manufactured,0,2462.92,Invoice INV-60302,AR,INV-60302
JE-001414,2026-02-11,2026-02,5000,COGS - Materials,1739.96,0,COGS,AR,INV-60302
JE-001415,2026-02-11,2026-02,1220,Inventory - Finished Goods,0,1739.96,Inventory relief,AR,INV-60302
JE-001639,2026-02-11,2026-02,1100,Accounts Receivable,7710.51,0,Invoice INV-60351,AR,INV-60351
JE-001640,2026-02-11,2026-02,4000,Product Sales - Manufactured,0,7526.77,Invoice INV-60351,AR,INV-60351
JE-001641,2026-02-11,2026-02,4100,Freight Revenue,0,183.74,Freight billed,AR,INV-60351
JE-001642,2026-02-11,2026-02,5000,COGS - Materials,5190.6,0,COGS,AR,INV-60351
JE-001643,2026-02-11,2026-02,1220,Inventory - Finished Goods,0,5190.6,Inventory relief,AR,INV-60351
JE-001867,2026-02-11,2026-02,1000,Operating Cash,4086.75,0,Customer payment,AR,NIC-CR00016
JE-001868,2026-02-11,2026-02,1100,Accounts Receivable,0,4086.75,Customer payment,AR,NIC-CR00016
JE-002101,2026-02-11,2026-02,1000,Operating Cash,22937.56,0,Customer payment,AR,NIC-CR00133
JE-002102,2026-02-11,2026-02,1100,Accounts Receivable,0,22937.56,Customer payment,AR,NIC-CR00133
JE-002185,2026-02-11,2026-02,1000,Operating Cash,3087.85,0,Customer payment,AR,NIC-CR00175
JE-002186,2026-02-11,2026-02,1100,Accounts Receivable,0,3087.85,Customer payment,AR,NIC-CR00175
JE-000545,2026-02-12,2026-02,1100,Accounts Receivable,11071.63,0,Invoice INV-60117,AR,INV-60117
JE-000546,2026-02-12,2026-02,4000,Product Sales - Manufactured,0,10323.2,Invoice INV-60117,AR,INV-60117
JE-000547,2026-02-12,2026-02,2100,Accrued Expenses,0,748.43,Sales tax payable,AR,INV-60117
JE-000548,2026-02-12,2026-02,5000,COGS - Materials,7957.12,0,COGS,AR,INV-60117
JE-000549,2026-02-12,2026-02,1220,Inventory - Finished Goods,0,7957.12,Inventory relief,AR,INV-60117
JE-000813,2026-02-12,2026-02,1100,Accounts Receivable,21754.97,0,Invoice INV-60174,AR,INV-60174
JE-000814,2026-02-12,2026-02,4000,Product Sales - Manufactured,0,20104.11,Invoice INV-60174,AR,INV-60174
JE-000815,2026-02-12,2026-02,4100,Freight Revenue,0,193.31,Freight billed,AR,INV-60174
JE-000816,2026-02-12,2026-02,2100,Accrued Expenses,0,1457.55,Sales tax payable,AR,INV-60174
JE-000817,2026-02-12,2026-02,5000,COGS - Materials,12510.46,0,COGS,AR,INV-60174
JE-000818,2026-02-12,2026-02,1220,Inventory - Finished Goods,0,12510.46,Inventory relief,AR,INV-60174
JE-002927,2026-02-12,2026-02,2050,GR/IR Clearing (Received Not Invoiced),2010.28,0,Supplier inv SI8342819,AP,SI8342819
JE-002928,2026-02-12,2026-02,5300,Freight In,6.16,0,Freight in,AP,SI8342819
JE-002929,2026-02-12,2026-02,2000,Accounts Payable,0,2016.44,Supplier inv SI8342819,AP,SI8342819
JE-001748,2026-02-13,2026-02,1100,Accounts Receivable,26915.64,0,Invoice INV-60373,AR,INV-60373
JE-001749,2026-02-13,2026-02,4000,Product Sales - Manufactured,0,26915.64,Invoice INV-60373,AR,INV-60373
JE-001750,2026-02-13,2026-02,5000,COGS - Materials,19975.19,0,COGS,AR,INV-60373
JE-001751,2026-02-13,2026-02,1220,Inventory - Finished Goods,0,19975.19,Inventory relief,AR,INV-60373
JE-001775,2026-02-13,2026-02,1100,Accounts Receivable,1661.84,0,Invoice INV-60379,AR,INV-60379
JE-001776,2026-02-13,2026-02,4000,Product Sales - Manufactured,0,1431.06,Invoice INV-60379,AR,INV-60379
JE-001777,2026-02-13,2026-02,4100,Freight Revenue,0,127.03,Freight billed,AR,INV-60379
JE-001778,2026-02-13,2026-02,2100,Accrued Expenses,0,103.75,Sales tax payable,AR,INV-60379
JE-001779,2026-02-13,2026-02,5000,COGS - Materials,949.86,0,COGS,AR,INV-60379
JE-001780,2026-02-13,2026-02,1220,Inventory - Finished Goods,0,949.86,Inventory relief,AR,INV-60379
JE-002395,2026-02-13,2026-02,1000,Operating Cash,24615.46,0,Customer payment,AR,NIC-CR00280
JE-002396,2026-02-13,2026-02,1100,Accounts Receivable,0,24615.46,Customer payment,AR,NIC-CR00280
JE-003338,2026-02-13,2026-02,1200,Inventory - Raw Materials,3592.85,0,PO receipt PO-31151,INV,RCV-40142
JE-003339,2026-02-13,2026-02,2050,GR/IR Clearing (Received Not Invoiced),0,3592.85,PO receipt PO-31151,INV,RCV-40142
JE-001889,2026-02-14,2026-02,1000,Operating Cash,18364.39,0,Customer payment,AR,NIC-CR00027
JE-001890,2026-02-14,2026-02,1100,Accounts Receivable,0,18364.39,Customer payment,AR,NIC-CR00027
JE-002005,2026-02-14,2026-02,1000,Operating Cash,17156.81,0,Customer payment,AR,NIC-CR00085
JE-002006,2026-02-14,2026-02,1100,Accounts Receivable,0,17156.81,Customer payment,AR,NIC-CR00085
JE-002820,2026-02-14,2026-02,2050,GR/IR Clearing (Received Not Invoiced),3592.85,0,Supplier inv 94179131,AP,94179131
JE-002821,2026-02-14,2026-02,2000,Accounts Payable,0,3592.85,Supplier inv 94179131,AP,94179131
JE-002951,2026-02-14,2026-02,2050,GR/IR Clearing (Received Not Invoiced),27401.96,0,Supplier inv SI629919,AP,SI629919
JE-002952,2026-02-14,2026-02,2000,Accounts Payable,0,27401.96,Supplier inv SI629919,AP,SI629919
JE-002887,2026-02-15,2026-02,2050,GR/IR Clearing (Received Not Invoiced),17020.5,0,Supplier inv INV6283473,AP,INV6283473
JE-002888,2026-02-15,2026-02,5300,Freight In,131.99,0,Freight in,AP,INV6283473
JE-002889,2026-02-15,2026-02,2000,Accounts Payable,0,17152.49,Supplier inv INV6283473,AP,INV6283473
JE-000472,2026-02-16,2026-02,1100,Accounts Receivable,35751.98,0,Invoice INV-60102,AR,INV-60102
JE-000473,2026-02-16,2026-02,4000,Product Sales - Manufactured,0,32953.28,Invoice INV-60102,AR,INV-60102
JE-000474,2026-02-16,2026-02,4100,Freight Revenue,0,409.59,Freight billed,AR,INV-60102
JE-000475,2026-02-16,2026-02,2100,Accrued Expenses,0,2389.11,Sales tax payable,AR,INV-60102
JE-000476,2026-02-16,2026-02,5000,COGS - Materials,23544.31,0,COGS,AR,INV-60102
JE-000477,2026-02-16,2026-02,1220,Inventory - Finished Goods,0,23544.31,Inventory relief,AR,INV-60102
JE-001853,2026-02-16,2026-02,1000,Operating Cash,4736.33,0,Customer payment,AR,NIC-CR00009
JE-001854,2026-02-16,2026-02,1100,Accounts Receivable,0,4736.33,Customer payment,AR,NIC-CR00009
JE-000770,2026-02-17,2026-02,1100,Accounts Receivable,9736.72,0,Invoice INV-60165,AR,INV-60165
JE-000771,2026-02-17,2026-02,4000,Product Sales - Manufactured,0,9736.72,Invoice INV-60165,AR,INV-60165
JE-000772,2026-02-17,2026-02,5000,COGS - Materials,7350.35,0,COGS,AR,INV-60165
JE-000773,2026-02-17,2026-02,1220,Inventory - Finished Goods,0,7350.35,Inventory relief,AR,INV-60165
JE-001524,2026-02-17,2026-02,1100,Accounts Receivable,2446.73,0,Invoice INV-60326,AR,INV-60326
JE-001525,2026-02-17,2026-02,4000,Product Sales - Manufactured,0,2424.48,Invoice INV-60326,AR,INV-60326
JE-001526,2026-02-17,2026-02,4100,Freight Revenue,0,22.25,Freight billed,AR,INV-60326
JE-001527,2026-02-17,2026-02,5000,COGS - Materials,1642.6,0,COGS,AR,INV-60326
JE-001528,2026-02-17,2026-02,1220,Inventory - Finished Goods,0,1642.6,Inventory relief,AR,INV-60326
JE-002611,2026-02-17,2026-02,2050,GR/IR Clearing (Received Not Invoiced),10331.91,0,Supplier inv SI3934842,AP,SI3934842
JE-002612,2026-02-17,2026-02,5300,Freight In,60.65,0,Freight in,AP,SI3934842
JE-002613,2026-02-17,2026-02,2000,Accounts Payable,0,10392.56,Supplier inv SI3934842,AP,SI3934842
JE-003222,2026-02-17,2026-02,1200,Inventory - Raw Materials,105.43,0,PO receipt PO-31089,INV,RCV-40084
JE-003223,2026-02-17,2026-02,2050,GR/IR Clearing (Received Not Invoiced),0,105.43,PO receipt PO-31089,INV,RCV-40084
JE-003114,2026-02-18,2026-02,1200,Inventory - Raw Materials,6259.5,0,PO receipt PO-31030,INV,RCV-40030
JE-003115,2026-02-18,2026-02,2050,GR/IR Clearing (Received Not Invoiced),0,6259.5,PO receipt PO-31030,INV,RCV-40030
JE-003164,2026-02-18,2026-02,1200,Inventory - Raw Materials,1120.96,0,PO receipt PO-31056,INV,RCV-40055
JE-003165,2026-02-18,2026-02,2050,GR/IR Clearing (Received Not Invoiced),0,1120.96,PO receipt PO-31056,INV,RCV-40055
JE-003220,2026-02-18,2026-02,1200,Inventory - Raw Materials,15859.73,0,PO receipt PO-31088,INV,RCV-40083
JE-003221,2026-02-18,2026-02,2050,GR/IR Clearing (Received Not Invoiced),0,15859.73,PO receipt PO-31088,INV,RCV-40083
JE-003314,2026-02-18,2026-02,1200,Inventory - Raw Materials,5525.0,0,PO receipt PO-31138,INV,RCV-40130
JE-003315,2026-02-18,2026-02,2050,GR/IR Clearing (Received Not Invoiced),0,5525.0,PO receipt PO-31138,INV,RCV-40130
JE-001693,2026-02-19,2026-02,1100,Accounts Receivable,9772.32,0,Invoice INV-60362,AR,INV-60362
JE-001694,2026-02-19,2026-02,4000,Product Sales - Manufactured,0,9772.32,Invoice INV-60362,AR,INV-60362
JE-001695,2026-02-19,2026-02,5000,COGS - Materials,6556.5,0,COGS,AR,INV-60362
JE-001696,2026-02-19,2026-02,1220,Inventory - Finished Goods,0,6556.5,Inventory relief,AR,INV-60362
JE-001727,2026-02-19,2026-02,1100,Accounts Receivable,15148.08,0,Invoice INV-60369,AR,INV-60369
JE-001728,2026-02-19,2026-02,4000,Product Sales - Manufactured,0,13937.4,Invoice INV-60369,AR,INV-60369
JE-001729,2026-02-19,2026-02,4100,Freight Revenue,0,200.22,Freight billed,AR,INV-60369
JE-001730,2026-02-19,2026-02,2100,Accrued Expenses,0,1010.46,Sales tax payable,AR,INV-60369
JE-001731,2026-02-19,2026-02,5000,COGS - Materials,10256.38,0,COGS,AR,INV-60369
JE-001732,2026-02-19,2026-02,1220,Inventory - Finished Goods,0,10256.38,Inventory relief,AR,INV-60369
JE-002293,2026-02-19,2026-02,1000,Operating Cash,16214.04,0,Customer payment,AR,NIC-CR00229
JE-002294,2026-02-19,2026-02,1100,Accounts Receivable,0,16214.04,Customer payment,AR,NIC-CR00229
JE-002623,2026-02-19,2026-02,2050,GR/IR Clearing (Received Not Invoiced),1120.96,0,Supplier inv INV2949188,AP,INV2949188
JE-002624,2026-02-19,2026-02,2000,Accounts Payable,0,1120.96,Supplier inv INV2949188,AP,INV2949188
JE-003136,2026-02-19,2026-02,1200,Inventory - Raw Materials,16546.48,0,PO receipt PO-31041,INV,RCV-40041
JE-003137,2026-02-19,2026-02,2050,GR/IR Clearing (Received Not Invoiced),0,16546.48,PO receipt PO-31041,INV,RCV-40041
JE-003540,2026-02-19,2026-02,1200,Inventory - Raw Materials,256795.0,0,PO receipt PO-31256,INV,RCV-40243
JE-003541,2026-02-19,2026-02,2050,GR/IR Clearing (Received Not Invoiced),0,256795.0,PO receipt PO-31256,INV,RCV-40243
JE-000193,2026-02-20,2026-02,1100,Accounts Receivable,5587.73,0,Invoice INV-60042,AR,INV-60042
JE-000194,2026-02-20,2026-02,4000,Product Sales - Manufactured,0,5587.73,Invoice INV-60042,AR,INV-60042
JE-000195,2026-02-20,2026-02,5000,COGS - Materials,4695.96,0,COGS,AR,INV-60042
JE-000196,2026-02-20,2026-02,1220,Inventory - Finished Goods,0,4695.96,Inventory relief,AR,INV-60042
JE-002177,2026-02-20,2026-02,1000,Operating Cash,16258.7,0,Customer payment,AR,NIC-CR00171
JE-002178,2026-02-20,2026-02,1100,Accounts Receivable,0,16258.7,Customer payment,AR,NIC-CR00171
JE-002567,2026-02-20,2026-02,2050,GR/IR Clearing (Received Not Invoiced),6259.5,0,Supplier inv 7675947,AP,7675947
JE-002568,2026-02-20,2026-02,2000,Accounts Payable,0,6259.5,Supplier inv 7675947,AP,7675947
JE-003045,2026-02-20,2026-02,2050,GR/IR Clearing (Received Not Invoiced),261930.9,0,Supplier inv SI6063283,AP,SI6063283
JE-003046,2026-02-20,2026-02,5300,Freight In,159.88,0,Freight in,AP,SI6063283
JE-003047,2026-02-20,2026-02,2000,Accounts Payable,0,262090.78,Supplier inv SI6063283,AP,SI6063283
JE-003304,2026-02-20,2026-02,1200,Inventory - Raw Materials,4869.4,0,PO receipt PO-31133,INV,RCV-40125
JE-003305,2026-02-20,2026-02,2050,GR/IR Clearing (Received Not Invoiced),0,4869.4,PO receipt PO-31133,INV,RCV-40125
JE-001300,2026-02-21,2026-02,1100,Accounts Receivable,1879.17,0,Invoice INV-60278,AR,INV-60278
JE-001301,2026-02-21,2026-02,4000,Product Sales - Manufactured,0,1818.33,Invoice INV-60278,AR,INV-60278
JE-001302,2026-02-21,2026-02,4100,Freight Revenue,0,60.84,Freight billed,AR,INV-60278
JE-001303,2026-02-21,2026-02,5000,COGS - Materials,1137.05,0,COGS,AR,INV-60278
JE-001304,2026-02-21,2026-02,1220,Inventory - Finished Goods,0,1137.05,Inventory relief,AR,INV-60278
JE-001901,2026-02-21,2026-02,1000,Operating Cash,13194.13,0,Customer payment,AR,NIC-CR00033
JE-001902,2026-02-21,2026-02,1100,Accounts Receivable,0,13194.13,Customer payment,AR,NIC-CR00033
JE-002781,2026-02-21,2026-02,2050,GR/IR Clearing (Received Not Invoiced),4869.4,0,Supplier inv SI7289576,AP,SI7289576
JE-002782,2026-02-21,2026-02,2000,Accounts Payable,0,4869.4,Supplier inv SI7289576,AP,SI7289576
JE-002793,2026-02-21,2026-02,2050,GR/IR Clearing (Received Not Invoiced),5525.0,0,Supplier inv SI7889822,AP,SI7889822
JE-002794,2026-02-21,2026-02,2000,Accounts Payable,0,5525.0,Supplier inv SI7889822,AP,SI7889822
JE-003232,2026-02-21,2026-02,1200,Inventory - Raw Materials,1447.14,0,PO receipt PO-31094,INV,RCV-40089
JE-003233,2026-02-21,2026-02,2050,GR/IR Clearing (Received Not Invoiced),0,1447.14,PO receipt PO-31094,INV,RCV-40089
JE-003438,2026-02-21,2026-02,1200,Inventory - Raw Materials,8552.95,0,PO receipt PO-31202,INV,RCV-40192
JE-003439,2026-02-21,2026-02,2050,GR/IR Clearing (Received Not Invoiced),0,8552.95,PO receipt PO-31202,INV,RCV-40192
JE-002690,2026-02-22,2026-02,2050,GR/IR Clearing (Received Not Invoiced),15859.73,0,Supplier inv 1504749,AP,1504749
JE-002691,2026-02-22,2026-02,2000,Accounts Payable,0,15859.73,Supplier inv 1504749,AP,1504749
JE-001131,2026-02-23,2026-02,1100,Accounts Receivable,24531.06,0,Invoice INV-60243,AR,INV-60243
JE-001132,2026-02-23,2026-02,4000,Product Sales - Manufactured,0,24531.06,Invoice INV-60243,AR,INV-60243
JE-001133,2026-02-23,2026-02,5000,COGS - Materials,19121.04,0,COGS,AR,INV-60243
JE-001134,2026-02-23,2026-02,1220,Inventory - Finished Goods,0,19121.04,Inventory relief,AR,INV-60243
JE-002273,2026-02-23,2026-02,1000,Operating Cash,4830.68,0,Customer payment,AR,NIC-CR00219
JE-002274,2026-02-23,2026-02,1100,Accounts Receivable,0,4830.68,Customer payment,AR,NIC-CR00219
JE-002333,2026-02-23,2026-02,1000,Operating Cash,14394.39,0,Customer payment,AR,NIC-CR00249
JE-002334,2026-02-23,2026-02,1100,Accounts Receivable,0,14394.39,Customer payment,AR,NIC-CR00249
JE-002437,2026-02-23,2026-02,1000,Operating Cash,7710.51,0,Customer payment,AR,NIC-CR00301
JE-002438,2026-02-23,2026-02,1100,Accounts Receivable,0,7710.51,Customer payment,AR,NIC-CR00301
JE-002692,2026-02-23,2026-02,2050,GR/IR Clearing (Received Not Invoiced),105.43,0,Supplier inv 96059004,AP,96059004
JE-002693,2026-02-23,2026-02,2000,Accounts Payable,0,105.43,Supplier inv 96059004,AP,96059004
JE-002934,2026-02-23,2026-02,2050,GR/IR Clearing (Received Not Invoiced),8552.95,0,Supplier inv SI9885817,AP,SI9885817
JE-002935,2026-02-23,2026-02,2000,Accounts Payable,0,8552.95,Supplier inv SI9885817,AP,SI9885817
JE-001658,2026-02-25,2026-02,1100,Accounts Receivable,10288.72,0,Invoice INV-60355,AR,INV-60355
JE-001659,2026-02-25,2026-02,4000,Product Sales - Manufactured,0,9593.21,Invoice INV-60355,AR,INV-60355
JE-001660,2026-02-25,2026-02,2100,Accrued Expenses,0,695.51,Sales tax payable,AR,INV-60355
JE-001661,2026-02-25,2026-02,5000,COGS - Materials,6559.65,0,COGS,AR,INV-60355
JE-001662,2026-02-25,2026-02,1220,Inventory - Finished Goods,0,6559.65,Inventory relief,AR,INV-60355
JE-002487,2026-02-25,2026-02,1000,Operating Cash,2013.09,0,Customer payment,AR,NIC-CR00326
JE-002488,2026-02-25,2026-02,1100,Accounts Receivable,0,2013.09,Customer payment,AR,NIC-CR00326
JE-002703,2026-02-25,2026-02,2050,GR/IR Clearing (Received Not Invoiced),1447.14,0,Supplier inv 8609659,AP,8609659
JE-002704,2026-02-25,2026-02,2000,Accounts Payable,0,1447.14,Supplier inv 8609659,AP,8609659
JE-003538,2026-02-25,2026-02,1200,Inventory - Raw Materials,4210.2,0,PO receipt PO-31255,INV,RCV-40242
JE-003539,2026-02-25,2026-02,2050,GR/IR Clearing (Received Not Invoiced),0,4210.2,PO receipt PO-31255,INV,RCV-40242
JE-002469,2026-02-26,2026-02,1000,Operating Cash,15907.63,0,Customer payment,AR,NIC-CR00317
JE-002470,2026-02-26,2026-02,1100,Accounts Receivable,0,15907.63,Customer payment,AR,NIC-CR00317
JE-002592,2026-02-26,2026-02,2050,GR/IR Clearing (Received Not Invoiced),16546.48,0,Supplier inv SI4039045,AP,SI4039045
JE-002593,2026-02-26,2026-02,2000,Accounts Payable,0,16546.48,Supplier inv SI4039045,AP,SI4039045
JE-001951,2026-02-27,2026-02,1000,Operating Cash,12645.98,0,Customer payment,AR,NIC-CR00058
JE-001952,2026-02-27,2026-02,1100,Accounts Receivable,0,12645.98,Customer payment,AR,NIC-CR00058
JE-002235,2026-02-27,2026-02,1000,Operating Cash,5929.63,0,Customer payment,AR,NIC-CR00200
JE-002236,2026-02-27,2026-02,1100,Accounts Receivable,0,5929.63,Customer payment,AR,NIC-CR00200
JE-002301,2026-02-27,2026-02,1000,Operating Cash,7356.49,0,Customer payment,AR,NIC-CR00233
JE-002302,2026-02-27,2026-02,1100,Accounts Receivable,0,7356.49,Customer payment,AR,NIC-CR00233
JE-000415,2026-02-28,2026-02,1100,Accounts Receivable,792.5,0,Invoice INV-60090,AR,INV-60090
JE-000416,2026-02-28,2026-02,4000,Product Sales - Manufactured,0,792.5,Invoice INV-60090,AR,INV-60090
JE-000417,2026-02-28,2026-02,5000,COGS - Materials,493.62,0,COGS,AR,INV-60090
JE-000418,2026-02-28,2026-02,1220,Inventory - Finished Goods,0,493.62,Inventory relief,AR,INV-60090
JE-003043,2026-02-28,2026-02,2050,GR/IR Clearing (Received Not Invoiced),4211.24,0,Supplier inv 3598568,AP,3598568
JE-003044,2026-02-28,2026-02,2000,Accounts Payable,0,4211.24,Supplier inv 3598568,AP,3598568
JE-003586,2026-02-28,2026-02,6700,Office & Supplies,1514.11,0,"W.W. Grainger, Inc.",AP,NIC-AP00019
JE-003587,2026-02-28,2026-02,2000,Accounts Payable,0,1514.11,"W.W. Grainger, Inc.",AP,NIC-AP00019
JE-003610,2026-02-28,2026-02,6700,Office & Supplies,1227.67,0,Cintas Corporation,AP,NIC-AP00031
JE-003611,2026-02-28,2026-02,2000,Accounts Payable,0,1227.67,Cintas Corporation,AP,NIC-AP00031
JE-003628,2026-02-28,2026-02,6300,Rent,1447.58,0,Waste Management of Illinois,AP,NIC-AP00040
JE-003629,2026-02-28,2026-02,2000,Accounts Payable,0,1447.58,Waste Management of Illinois,AP,NIC-AP00040
JE-003646,2026-02-28,2026-02,5300,Freight In,119.04,0,UPS,AP,NIC-AP00049
JE-003647,2026-02-28,2026-02,2000,Accounts Payable,0,119.04,UPS,AP,NIC-AP00049
JE-003658,2026-02-28,2026-02,5300,Freight In,17.38,0,FedEx,AP,NIC-AP00055
JE-003659,2026-02-28,2026-02,2000,Accounts Payable,0,17.38,FedEx,AP,NIC-AP00055
JE-003678,2026-02-28,2026-02,6700,Office & Supplies,640.6,0,Sunbelt Rentals,AP,NIC-AP00065
JE-003679,2026-02-28,2026-02,2000,Accounts Payable,0,640.6,Sunbelt Rentals,AP,NIC-AP00065
JE-003702,2026-02-28,2026-02,6300,Rent,38500,0,Rockford Industrial Park LLC,AP,NIC-AP00077
JE-003703,2026-02-28,2026-02,2000,Accounts Payable,0,38500,Rockford Industrial Park LLC,AP,NIC-AP00077
JE-003726,2026-02-28,2026-02,6400,Software Subscriptions,15750.0,0,Epicor Kinetic,AP,SW-EPICOR
JE-003727,2026-02-28,2026-02,2000,Accounts Payable,0,15750.0,Epicor Kinetic,AP,SW-EPICOR
JE-003750,2026-02-28,2026-02,6400,Software Subscriptions,1079.17,0,SolidWorks Standard,AP,SW-SOLIDW
JE-003751,2026-02-28,2026-02,2000,Accounts Payable,0,1079.17,SolidWorks Standard,AP,SW-SOLIDW
JE-003774,2026-02-28,2026-02,6400,Software Subscriptions,1000.0,0,MasterControl,AP,SW-MASTER
JE-003775,2026-02-28,2026-02,2000,Accounts Payable,0,1000.0,MasterControl,AP,SW-MASTER
JE-003798,2026-02-28,2026-02,6400,Software Subscriptions,1775.0,0,Microsoft 365 Business Standard,AP,SW-MICROS
JE-003799,2026-02-28,2026-02,2000,Accounts Payable,0,1775.0,Microsoft 365 Business Standard,AP,SW-MICROS
JE-003822,2026-02-28,2026-02,6400,Software Subscriptions,4920.0,0,ADP Workforce Now,AP,SW-ADPWO
JE-003823,2026-02-28,2026-02,2000,Accounts Payable,0,4920.0,ADP Workforce Now,AP,SW-ADPWO
JE-003846,2026-02-28,2026-02,6400,Software Subscriptions,900.0,0,Salesforce Sales Cloud,AP,SW-SALESF
JE-003847,2026-02-28,2026-02,2000,Accounts Payable,0,900.0,Salesforce Sales Cloud,AP,SW-SALESF
JE-003870,2026-02-28,2026-02,6400,Software Subscriptions,700.0,0,Bill.com,AP,SW-BILL.C
JE-003871,2026-02-28,2026-02,2000,Accounts Payable,0,700.0,Bill.com,AP,SW-BILL.C
JE-003894,2026-02-28,2026-02,6400,Software Subscriptions,3150.0,0,Box Business,AP,SW-BOXBU
JE-003895,2026-02-28,2026-02,2000,Accounts Payable,0,3150.0,Box Business,AP,SW-BOXBU
JE-003918,2026-02-28,2026-02,6400,Software Subscriptions,1440.0,0,Zoom Workplace,AP,SW-ZOOMW
JE-003919,2026-02-28,2026-02,2000,Accounts Payable,0,1440.0,Zoom Workplace,AP,SW-ZOOMW
JE-003942,2026-02-28,2026-02,6400,Software Subscriptions,1020.0,0,RingCentral MVP,AP,SW-RINGCE
JE-003943,2026-02-28,2026-02,2000,Accounts Payable,0,1020.0,RingCentral MVP,AP,SW-RINGCE
JE-003966,2026-02-28,2026-02,6400,Software Subscriptions,355.0,0,KnowBe4,AP,SW-KNOWBE
JE-003967,2026-02-28,2026-02,2000,Accounts Payable,0,355.0,KnowBe4,AP,SW-KNOWBE
JE-003990,2026-02-28,2026-02,6000,Salaries & Wages,646691.83,0,Monthly payroll,PR,PR-202602
JE-003991,2026-02-28,2026-02,2300,Payroll Liabilities,0,646691.83,Monthly payroll,PR,PR-202602
JE-001883,2026-03-02,2026-03,1000,Operating Cash,14524.02,0,Customer payment,AR,NIC-CR00024
JE-001884,2026-03-02,2026-03,1100,Accounts Receivable,0,14524.02,Customer payment,AR,NIC-CR00024
JE-002069,2026-03-04,2026-03,1000,Operating Cash,11396.68,0,Customer payment,AR,NIC-CR00117
JE-002070,2026-03-04,2026-03,1100,Accounts Receivable,0,11396.68,Customer payment,AR,NIC-CR00117
JE-001907,2026-03-05,2026-03,1000,Operating Cash,4822.58,0,Customer payment,AR,NIC-CR00036
JE-001908,2026-03-05,2026-03,1100,Accounts Receivable,0,4822.58,Customer payment,AR,NIC-CR00036
JE-001957,2026-03-05,2026-03,1000,Operating Cash,8972.7,0,Customer payment,AR,NIC-CR00061
JE-001958,2026-03-05,2026-03,1100,Accounts Receivable,0,8972.7,Customer payment,AR,NIC-CR00061
JE-002127,2026-03-05,2026-03,1000,Operating Cash,439.85,0,Customer payment,AR,NIC-CR00146
JE-002128,2026-03-05,2026-03,1100,Accounts Receivable,0,439.85,Customer payment,AR,NIC-CR00146
JE-002165,2026-03-05,2026-03,1000,Operating Cash,2905.72,0,Customer payment,AR,NIC-CR00165
JE-002166,2026-03-05,2026-03,1100,Accounts Receivable,0,2905.72,Customer payment,AR,NIC-CR00165
JE-002631,2026-03-05,2026-03,2050,GR/IR Clearing (Received Not Invoiced),273.76,0,Supplier inv SI3556625,AP,SI3556625
JE-002632,2026-03-05,2026-03,5300,Freight In,66.02,0,Freight in,AP,SI3556625
JE-002633,2026-03-05,2026-03,2000,Accounts Payable,0,339.78,Supplier inv SI3556625,AP,SI3556625
JE-003170,2026-03-05,2026-03,1200,Inventory - Raw Materials,273.76,0,PO receipt PO-31059,INV,RCV-40058
JE-003171,2026-03-05,2026-03,2050,GR/IR Clearing (Received Not Invoiced),0,273.76,PO receipt PO-31059,INV,RCV-40058
JE-003254,2026-03-05,2026-03,1200,Inventory - Raw Materials,3628.82,0,PO receipt PO-31105,INV,RCV-40100
JE-003255,2026-03-05,2026-03,2050,GR/IR Clearing (Received Not Invoiced),0,3628.82,PO receipt PO-31105,INV,RCV-40100
JE-003416,2026-03-05,2026-03,1200,Inventory - Raw Materials,519.75,0,PO receipt PO-31190,INV,RCV-40181
JE-003417,2026-03-05,2026-03,2050,GR/IR Clearing (Received Not Invoiced),0,519.75,PO receipt PO-31190,INV,RCV-40181
JE-003456,2026-03-05,2026-03,1200,Inventory - Raw Materials,2333.31,0,PO receipt PO-31211,INV,RCV-40201
JE-003457,2026-03-05,2026-03,2050,GR/IR Clearing (Received Not Invoiced),0,2333.31,PO receipt PO-31211,INV,RCV-40201
JE-000227,2026-03-06,2026-03,1100,Accounts Receivable,1064.25,0,Invoice INV-60049,AR,INV-60049
JE-000228,2026-03-06,2026-03,4000,Product Sales - Manufactured,0,1064.25,Invoice INV-60049,AR,INV-60049
JE-000229,2026-03-06,2026-03,5000,COGS - Materials,734.07,0,COGS,AR,INV-60049
JE-000230,2026-03-06,2026-03,1220,Inventory - Finished Goods,0,734.07,Inventory relief,AR,INV-60049
JE-002199,2026-03-06,2026-03,1000,Operating Cash,10952.94,0,Customer payment,AR,NIC-CR00182
JE-002200,2026-03-06,2026-03,1100,Accounts Receivable,0,10952.94,Customer payment,AR,NIC-CR00182
JE-002953,2026-03-06,2026-03,2050,GR/IR Clearing (Received Not Invoiced),2333.31,0,Supplier inv SI5797069,AP,SI5797069
JE-002954,2026-03-06,2026-03,2000,Accounts Payable,0,2333.31,Supplier inv SI5797069,AP,SI5797069
JE-001305,2026-03-07,2026-03,1100,Accounts Receivable,16496.02,0,Invoice INV-60279,AR,INV-60279
JE-001306,2026-03-07,2026-03,4000,Product Sales - Manufactured,0,16496.02,Invoice INV-60279,AR,INV-60279
JE-001307,2026-03-07,2026-03,5000,COGS - Materials,10526.22,0,COGS,AR,INV-60279
JE-001308,2026-03-07,2026-03,1220,Inventory - Finished Goods,0,10526.22,Inventory relief,AR,INV-60279
JE-002447,2026-03-07,2026-03,1000,Operating Cash,10918.25,0,Customer payment,AR,NIC-CR00306
JE-002448,2026-03-07,2026-03,1100,Accounts Receivable,0,10918.25,Customer payment,AR,NIC-CR00306
JE-002728,2026-03-07,2026-03,2050,GR/IR Clearing (Received Not Invoiced),3559.1,0,Supplier inv 94075810,AP,94075810
JE-002729,2026-03-07,2026-03,2000,Accounts Payable,0,3559.1,Supplier inv 94075810,AP,94075810
JE-002449,2026-03-08,2026-03,1000,Operating Cash,8330.87,0,Customer payment,AR,NIC-CR00307
JE-002450,2026-03-08,2026-03,1100,Accounts Receivable,0,8330.87,Customer payment,AR,NIC-CR00307
JE-000360,2026-03-09,2026-03,1100,Accounts Receivable,13978.94,0,Invoice INV-60079,AR,INV-60079
JE-000361,2026-03-09,2026-03,4000,Product Sales - Manufactured,0,13978.94,Invoice INV-60079,AR,INV-60079
JE-000362,2026-03-09,2026-03,5000,COGS - Materials,11129.96,0,COGS,AR,INV-60079
JE-000363,2026-03-09,2026-03,1220,Inventory - Finished Goods,0,11129.96,Inventory relief,AR,INV-60079
JE-002141,2026-03-09,2026-03,1000,Operating Cash,1288.6,0,Customer payment,AR,NIC-CR00153
JE-002142,2026-03-09,2026-03,1100,Accounts Receivable,0,1288.6,Customer payment,AR,NIC-CR00153
JE-002908,2026-03-09,2026-03,2050,GR/IR Clearing (Received Not Invoiced),519.75,0,Supplier inv SI4268072,AP,SI4268072
JE-002909,2026-03-09,2026-03,2000,Accounts Payable,0,519.75,Supplier inv SI4268072,AP,SI4268072
JE-003062,2026-03-09,2026-03,1200,Inventory - Raw Materials,1654.8,0,PO receipt PO-31004,INV,RCV-40004
JE-003063,2026-03-09,2026-03,2050,GR/IR Clearing (Received Not Invoiced),0,1654.8,PO receipt PO-31004,INV,RCV-40004
JE-000883,2026-03-10,2026-03,1100,Accounts Receivable,16583.38,0,Invoice INV-60190,AR,INV-60190
JE-000884,2026-03-10,2026-03,4000,Product Sales - Manufactured,0,15462.36,Invoice INV-60190,AR,INV-60190
JE-000885,2026-03-10,2026-03,2100,Accrued Expenses,0,1121.02,Sales tax payable,AR,INV-60190
JE-000886,2026-03-10,2026-03,5000,COGS - Materials,12804.56,0,COGS,AR,INV-60190
JE-000887,2026-03-10,2026-03,1220,Inventory - Finished Goods,0,12804.56,Inventory relief,AR,INV-60190
JE-001221,2026-03-10,2026-03,1100,Accounts Receivable,6989.04,0,Invoice INV-60262,AR,INV-60262
JE-001222,2026-03-10,2026-03,4000,Product Sales - Manufactured,0,6393.24,Invoice INV-60262,AR,INV-60262
JE-001223,2026-03-10,2026-03,4100,Freight Revenue,0,132.29,Freight billed,AR,INV-60262
JE-001224,2026-03-10,2026-03,2100,Accrued Expenses,0,463.51,Sales tax payable,AR,INV-60262
JE-001225,2026-03-10,2026-03,5000,COGS - Materials,5204.47,0,COGS,AR,INV-60262
JE-001226,2026-03-10,2026-03,1220,Inventory - Finished Goods,0,5204.47,Inventory relief,AR,INV-60262
JE-003426,2026-03-10,2026-03,1200,Inventory - Raw Materials,290.76,0,PO receipt PO-31195,INV,RCV-40186
JE-003427,2026-03-10,2026-03,2050,GR/IR Clearing (Received Not Invoiced),0,290.76,PO receipt PO-31195,INV,RCV-40186
JE-000389,2026-03-11,2026-03,1100,Accounts Receivable,24274.86,0,Invoice INV-60085,AR,INV-60085
JE-000390,2026-03-11,2026-03,4000,Product Sales - Manufactured,0,22411.99,Invoice INV-60085,AR,INV-60085
JE-000391,2026-03-11,2026-03,4100,Freight Revenue,0,238.0,Freight billed,AR,INV-60085
JE-000392,2026-03-11,2026-03,2100,Accrued Expenses,0,1624.87,Sales tax payable,AR,INV-60085
JE-000393,2026-03-11,2026-03,5000,COGS - Materials,16000.71,0,COGS,AR,INV-60085
JE-000394,2026-03-11,2026-03,1220,Inventory - Finished Goods,0,16000.71,Inventory relief,AR,INV-60085
JE-002315,2026-03-11,2026-03,1000,Operating Cash,7678.48,0,Customer payment,AR,NIC-CR00240
JE-002316,2026-03-11,2026-03,1100,Accounts Receivable,0,7678.48,Customer payment,AR,NIC-CR00240
JE-003326,2026-03-11,2026-03,1200,Inventory - Raw Materials,111.73,0,PO receipt PO-31144,INV,RCV-40136
JE-003327,2026-03-11,2026-03,2050,GR/IR Clearing (Received Not Invoiced),0,111.73,PO receipt PO-31144,INV,RCV-40136
JE-003376,2026-03-11,2026-03,1200,Inventory - Raw Materials,3697.69,0,PO receipt PO-31170,INV,RCV-40161
JE-003377,2026-03-11,2026-03,2050,GR/IR Clearing (Received Not Invoiced),0,3697.69,PO receipt PO-31170,INV,RCV-40161
JE-001810,2026-03-12,2026-03,1100,Accounts Receivable,2804.66,0,Invoice INV-60386,AR,INV-60386
JE-001811,2026-03-12,2026-03,4000,Product Sales - Manufactured,0,2787.57,Invoice INV-60386,AR,INV-60386
JE-001812,2026-03-12,2026-03,4100,Freight Revenue,0,17.09,Freight billed,AR,INV-60386
JE-001813,2026-03-12,2026-03,5000,COGS - Materials,2394.0,0,COGS,AR,INV-60386
JE-001814,2026-03-12,2026-03,1220,Inventory - Finished Goods,0,2394.0,Inventory relief,AR,INV-60386
JE-002135,2026-03-12,2026-03,1000,Operating Cash,21754.97,0,Customer payment,AR,NIC-CR00150
JE-002136,2026-03-12,2026-03,1100,Accounts Receivable,0,21754.97,Customer payment,AR,NIC-CR00150
JE-002505,2026-03-12,2026-03,2050,GR/IR Clearing (Received Not Invoiced),1737.12,0,Supplier inv SI6439580,AP,SI6439580
JE-002506,2026-03-12,2026-03,5300,Freight In,153.88,0,Freight in,AP,SI6439580
JE-002507,2026-03-12,2026-03,2000,Accounts Payable,0,1891.0,Supplier inv SI6439580,AP,SI6439580
JE-003412,2026-03-12,2026-03,1200,Inventory - Raw Materials,436.24,0,PO receipt PO-31188,INV,RCV-40179
JE-003413,2026-03-12,2026-03,2050,GR/IR Clearing (Received Not Invoiced),0,436.24,PO receipt PO-31188,INV,RCV-40179
JE-000948,2026-03-13,2026-03,1100,Accounts Receivable,10946.66,0,Invoice INV-60205,AR,INV-60205
JE-000949,2026-03-13,2026-03,4000,Product Sales - Manufactured,0,10946.66,Invoice INV-60205,AR,INV-60205
JE-000950,2026-03-13,2026-03,5000,COGS - Materials,7350.67,0,COGS,AR,INV-60205
JE-000951,2026-03-13,2026-03,1220,Inventory - Finished Goods,0,7350.67,Inventory relief,AR,INV-60205
JE-001377,2026-03-13,2026-03,1100,Accounts Receivable,9019.79,0,Invoice INV-60294,AR,INV-60294
JE-001378,2026-03-13,2026-03,4000,Product Sales - Manufactured,0,8787.14,Invoice INV-60294,AR,INV-60294
JE-001379,2026-03-13,2026-03,4100,Freight Revenue,0,232.65,Freight billed,AR,INV-60294
JE-001380,2026-03-13,2026-03,5000,COGS - Materials,5038.07,0,COGS,AR,INV-60294
JE-001381,2026-03-13,2026-03,1220,Inventory - Finished Goods,0,5038.07,Inventory relief,AR,INV-60294
JE-001533,2026-03-13,2026-03,1100,Accounts Receivable,2107.86,0,Invoice INV-60328,AR,INV-60328
JE-001534,2026-03-13,2026-03,4000,Product Sales - Manufactured,0,1864.34,Invoice INV-60328,AR,INV-60328
JE-001535,2026-03-13,2026-03,4100,Freight Revenue,0,108.36,Freight billed,AR,INV-60328
JE-001536,2026-03-13,2026-03,2100,Accrued Expenses,0,135.16,Sales tax payable,AR,INV-60328
JE-001537,2026-03-13,2026-03,5000,COGS - Materials,1391.3,0,COGS,AR,INV-60328
JE-001538,2026-03-13,2026-03,1220,Inventory - Finished Goods,0,1391.3,Inventory relief,AR,INV-60328
JE-002904,2026-03-13,2026-03,2050,GR/IR Clearing (Received Not Invoiced),436.24,0,Supplier inv 97725486,AP,97725486
JE-002905,2026-03-13,2026-03,2000,Accounts Payable,0,436.24,Supplier inv 97725486,AP,97725486
JE-001354,2026-03-14,2026-03,1100,Accounts Receivable,8089.4,0,Invoice INV-60289,AR,INV-60289
JE-001355,2026-03-14,2026-03,4000,Product Sales - Manufactured,0,8089.4,Invoice INV-60289,AR,INV-60289
JE-001356,2026-03-14,2026-03,5000,COGS - Materials,6054.46,0,COGS,AR,INV-60289
JE-001357,2026-03-14,2026-03,1220,Inventory - Finished Goods,0,6054.46,Inventory relief,AR,INV-60289
JE-002806,2026-03-14,2026-03,2050,GR/IR Clearing (Received Not Invoiced),111.73,0,Supplier inv 7159705,AP,7159705
JE-002807,2026-03-14,2026-03,2000,Accounts Payable,0,111.73,Supplier inv 7159705,AP,7159705
JE-003460,2026-03-14,2026-03,1200,Inventory - Raw Materials,765.0,0,PO receipt PO-31213,INV,RCV-40203
JE-003461,2026-03-14,2026-03,2050,GR/IR Clearing (Received Not Invoiced),0,765.0,PO receipt PO-31213,INV,RCV-40203
JE-000836,2026-03-15,2026-03,1100,Accounts Receivable,17124.69,0,Invoice INV-60179,AR,INV-60179
JE-000837,2026-03-15,2026-03,4000,Product Sales - Manufactured,0,17124.69,Invoice INV-60179,AR,INV-60179
JE-000838,2026-03-15,2026-03,5000,COGS - Materials,12919.42,0,COGS,AR,INV-60179
JE-000839,2026-03-15,2026-03,1220,Inventory - Finished Goods,0,12919.42,Inventory relief,AR,INV-60179
JE-001278,2026-03-15,2026-03,1100,Accounts Receivable,3056.68,0,Invoice INV-60273,AR,INV-60273
JE-001279,2026-03-15,2026-03,4000,Product Sales - Manufactured,0,3056.68,Invoice INV-60273,AR,INV-60273
JE-001280,2026-03-15,2026-03,5000,COGS - Materials,1739.22,0,COGS,AR,INV-60273
JE-001281,2026-03-15,2026-03,1220,Inventory - Finished Goods,0,1739.22,Inventory relief,AR,INV-60273
JE-002039,2026-03-15,2026-03,1000,Operating Cash,12529.08,0,Customer payment,AR,NIC-CR00102
JE-002040,2026-03-15,2026-03,1100,Accounts Receivable,0,12529.08,Customer payment,AR,NIC-CR00102
JE-002425,2026-03-15,2026-03,1000,Operating Cash,5762.06,0,Customer payment,AR,NIC-CR00295
JE-002426,2026-03-15,2026-03,1100,Accounts Receivable,0,5762.06,Customer payment,AR,NIC-CR00295
JE-003150,2026-03-15,2026-03,1200,Inventory - Raw Materials,16835.94,0,PO receipt PO-31048,INV,RCV-40048
JE-003151,2026-03-15,2026-03,2050,GR/IR Clearing (Received Not Invoiced),0,16835.94,PO receipt PO-31048,INV,RCV-40048
JE-001466,2026-03-16,2026-03,1100,Accounts Receivable,2840.25,0,Invoice INV-60314,AR,INV-60314
JE-001467,2026-03-16,2026-03,4000,Product Sales - Manufactured,0,2465.75,Invoice INV-60314,AR,INV-60314
JE-001468,2026-03-16,2026-03,4100,Freight Revenue,0,195.73,Freight billed,AR,INV-60314
JE-001469,2026-03-16,2026-03,2100,Accrued Expenses,0,178.77,Sales tax payable,AR,INV-60314
JE-001470,2026-03-16,2026-03,5000,COGS - Materials,1518.44,0,COGS,AR,INV-60314
JE-001471,2026-03-16,2026-03,1220,Inventory - Finished Goods,0,1518.44,Inventory relief,AR,INV-60314
JE-002921,2026-03-16,2026-03,2050,GR/IR Clearing (Received Not Invoiced),299.52,0,Supplier inv 93058235,AP,93058235
JE-002922,2026-03-16,2026-03,2000,Accounts Payable,0,299.52,Supplier inv 93058235,AP,93058235
JE-003296,2026-03-16,2026-03,1200,Inventory - Raw Materials,1030.64,0,PO receipt PO-31129,INV,RCV-40121
JE-003297,2026-03-16,2026-03,2050,GR/IR Clearing (Received Not Invoiced),0,1030.64,PO receipt PO-31129,INV,RCV-40121
JE-000236,2026-03-17,2026-03,1100,Accounts Receivable,9874.94,0,Invoice INV-60051,AR,INV-60051
JE-000237,2026-03-17,2026-03,4000,Product Sales - Manufactured,0,9207.4,Invoice INV-60051,AR,INV-60051
JE-000238,2026-03-17,2026-03,2100,Accrued Expenses,0,667.54,Sales tax payable,AR,INV-60051
JE-000239,2026-03-17,2026-03,5000,COGS - Materials,7205.4,0,COGS,AR,INV-60051
JE-000240,2026-03-17,2026-03,1220,Inventory - Finished Goods,0,7205.4,Inventory relief,AR,INV-60051
JE-001520,2026-03-17,2026-03,1100,Accounts Receivable,30810.88,0,Invoice INV-60325,AR,INV-60325
JE-001521,2026-03-17,2026-03,4000,Product Sales - Manufactured,0,30810.88,Invoice INV-60325,AR,INV-60325
JE-001522,2026-03-17,2026-03,5000,COGS - Materials,20689.35,0,COGS,AR,INV-60325
JE-001523,2026-03-17,2026-03,1220,Inventory - Finished Goods,0,20689.35,Inventory relief,AR,INV-60325
JE-002862,2026-03-17,2026-03,2050,GR/IR Clearing (Received Not Invoiced),3882.87,0,Supplier inv 9948635,AP,9948635
JE-002863,2026-03-17,2026-03,2000,Accounts Payable,0,3882.87,Supplier inv 9948635,AP,9948635
JE-002826,2026-03-18,2026-03,2050,GR/IR Clearing (Received Not Invoiced),75.2,0,Supplier inv 6734166,AP,6734166
JE-002827,2026-03-18,2026-03,2000,Accounts Payable,0,75.2,Supplier inv 6734166,AP,6734166
JE-002957,2026-03-18,2026-03,2050,GR/IR Clearing (Received Not Invoiced),760.0,0,Supplier inv INV4203567,AP,INV4203567
JE-002958,2026-03-18,2026-03,2000,Accounts Payable,0,760.0,Supplier inv INV4203567,AP,INV4203567
JE-003148,2026-03-18,2026-03,1200,Inventory - Raw Materials,939.06,0,PO receipt PO-31047,INV,RCV-40047
JE-003149,2026-03-18,2026-03,2050,GR/IR Clearing (Received Not Invoiced),0,939.06,PO receipt PO-31047,INV,RCV-40047
JE-003344,2026-03-18,2026-03,1200,Inventory - Raw Materials,75.2,0,PO receipt PO-31154,INV,RCV-40145
JE-003345,2026-03-18,2026-03,2050,GR/IR Clearing (Received Not Invoiced),0,75.2,PO receipt PO-31154,INV,RCV-40145
JE-000275,2026-03-20,2026-03,1100,Accounts Receivable,5959.94,0,Invoice INV-60060,AR,INV-60060
JE-000276,2026-03-20,2026-03,4000,Product Sales - Manufactured,0,5959.94,Invoice INV-60060,AR,INV-60060
JE-000277,2026-03-20,2026-03,5000,COGS - Materials,3995.94,0,COGS,AR,INV-60060
JE-000278,2026-03-20,2026-03,1220,Inventory - Finished Goods,0,3995.94,Inventory relief,AR,INV-60060
JE-000823,2026-03-20,2026-03,1100,Accounts Receivable,1729.16,0,Invoice INV-60176,AR,INV-60176
JE-000824,2026-03-20,2026-03,4000,Product Sales - Manufactured,0,1526.86,Invoice INV-60176,AR,INV-60176
JE-000825,2026-03-20,2026-03,4100,Freight Revenue,0,202.3,Freight billed,AR,INV-60176
JE-000826,2026-03-20,2026-03,5000,COGS - Materials,1148.2,0,COGS,AR,INV-60176
JE-000827,2026-03-20,2026-03,1220,Inventory - Finished Goods,0,1148.2,Inventory relief,AR,INV-60176
JE-001511,2026-03-20,2026-03,1100,Accounts Receivable,7034.6,0,Invoice INV-60323,AR,INV-60323
JE-001512,2026-03-20,2026-03,4000,Product Sales - Manufactured,0,6769.25,Invoice INV-60323,AR,INV-60323
JE-001513,2026-03-20,2026-03,4100,Freight Revenue,0,265.35,Freight billed,AR,INV-60323
JE-001514,2026-03-20,2026-03,5000,COGS - Materials,4798.0,0,COGS,AR,INV-60323
JE-001515,2026-03-20,2026-03,1220,Inventory - Finished Goods,0,4798.0,Inventory relief,AR,INV-60323
JE-002605,2026-03-20,2026-03,2050,GR/IR Clearing (Received Not Invoiced),939.06,0,Supplier inv SI2071386,AP,SI2071386
JE-002606,2026-03-20,2026-03,2000,Accounts Payable,0,939.06,Supplier inv SI2071386,AP,SI2071386
JE-002824,2026-03-20,2026-03,2050,GR/IR Clearing (Received Not Invoiced),2234.87,0,Supplier inv INV1586204,AP,INV1586204
JE-002825,2026-03-20,2026-03,2000,Accounts Payable,0,2234.87,Supplier inv INV1586204,AP,INV1586204
JE-003146,2026-03-20,2026-03,1200,Inventory - Raw Materials,9664.21,0,PO receipt PO-31046,INV,RCV-40046
JE-003147,2026-03-20,2026-03,2050,GR/IR Clearing (Received Not Invoiced),0,9664.21,PO receipt PO-31046,INV,RCV-40046
JE-003342,2026-03-20,2026-03,1200,Inventory - Raw Materials,2234.21,0,PO receipt PO-31153,INV,RCV-40144
JE-003343,2026-03-20,2026-03,2050,GR/IR Clearing (Received Not Invoiced),0,2234.21,PO receipt PO-31153,INV,RCV-40144
JE-003448,2026-03-20,2026-03,1200,Inventory - Raw Materials,497.2,0,PO receipt PO-31207,INV,RCV-40197
JE-003449,2026-03-20,2026-03,2050,GR/IR Clearing (Received Not Invoiced),0,497.2,PO receipt PO-31207,INV,RCV-40197
JE-003500,2026-03-20,2026-03,1200,Inventory - Raw Materials,7672.82,0,PO receipt PO-31235,INV,RCV-40223
JE-003501,2026-03-20,2026-03,2050,GR/IR Clearing (Received Not Invoiced),0,7672.82,PO receipt PO-31235,INV,RCV-40223
JE-001557,2026-03-21,2026-03,1100,Accounts Receivable,1421.35,0,Invoice INV-60333,AR,INV-60333
JE-001558,2026-03-21,2026-03,4000,Product Sales - Manufactured,0,1325.27,Invoice INV-60333,AR,INV-60333
JE-001559,2026-03-21,2026-03,2100,Accrued Expenses,0,96.08,Sales tax payable,AR,INV-60333
JE-001560,2026-03-21,2026-03,5000,COGS - Materials,841.44,0,COGS,AR,INV-60333
JE-001561,2026-03-21,2026-03,1220,Inventory - Finished Goods,0,841.44,Inventory relief,AR,INV-60333
JE-001571,2026-03-21,2026-03,1100,Accounts Receivable,1672.62,0,Invoice INV-60336,AR,INV-60336
JE-001572,2026-03-21,2026-03,4000,Product Sales - Manufactured,0,1672.62,Invoice INV-60336,AR,INV-60336
JE-001573,2026-03-21,2026-03,5000,COGS - Materials,999.18,0,COGS,AR,INV-60336
JE-001574,2026-03-21,2026-03,1220,Inventory - Finished Goods,0,999.18,Inventory relief,AR,INV-60336
JE-002607,2026-03-21,2026-03,2050,GR/IR Clearing (Received Not Invoiced),16835.94,0,Supplier inv 92237159,AP,92237159
JE-002608,2026-03-21,2026-03,2000,Accounts Payable,0,16835.94,Supplier inv 92237159,AP,92237159
JE-002773,2026-03-21,2026-03,2050,GR/IR Clearing (Received Not Invoiced),1030.64,0,Supplier inv SI5919416,AP,SI5919416
JE-002774,2026-03-21,2026-03,2000,Accounts Payable,0,1030.64,Supplier inv SI5919416,AP,SI5919416
JE-000653,2026-03-22,2026-03,1100,Accounts Receivable,611.04,0,Invoice INV-60140,AR,INV-60140
JE-000654,2026-03-22,2026-03,4000,Product Sales - Manufactured,0,566.58,Invoice INV-60140,AR,INV-60140
JE-000655,2026-03-22,2026-03,4100,Freight Revenue,0,44.46,Freight billed,AR,INV-60140
JE-000656,2026-03-22,2026-03,5000,COGS - Materials,486.6,0,COGS,AR,INV-60140
JE-000657,2026-03-22,2026-03,1220,Inventory - Finished Goods,0,486.6,Inventory relief,AR,INV-60140
JE-000673,2026-03-22,2026-03,1100,Accounts Receivable,737.34,0,Invoice INV-60144,AR,INV-60144
JE-000674,2026-03-22,2026-03,4000,Product Sales - Manufactured,0,737.34,Invoice INV-60144,AR,INV-60144
JE-000675,2026-03-22,2026-03,5000,COGS - Materials,496.53,0,COGS,AR,INV-60144
JE-000676,2026-03-22,2026-03,1220,Inventory - Finished Goods,0,496.53,Inventory relief,AR,INV-60144
JE-000944,2026-03-22,2026-03,1100,Accounts Receivable,4230.81,0,Invoice INV-60204,AR,INV-60204
JE-000945,2026-03-22,2026-03,4000,Product Sales - Manufactured,0,4230.81,Invoice INV-60204,AR,INV-60204
JE-000946,2026-03-22,2026-03,5000,COGS - Materials,3428.36,0,COGS,AR,INV-60204
JE-000947,2026-03-22,2026-03,1220,Inventory - Finished Goods,0,3428.36,Inventory relief,AR,INV-60204
JE-001438,2026-03-22,2026-03,1100,Accounts Receivable,7327.0,0,Invoice INV-60308,AR,INV-60308
JE-001439,2026-03-22,2026-03,4000,Product Sales - Manufactured,0,6831.7,Invoice INV-60308,AR,INV-60308
JE-001440,2026-03-22,2026-03,2100,Accrued Expenses,0,495.3,Sales tax payable,AR,INV-60308
JE-001441,2026-03-22,2026-03,5000,COGS - Materials,4095.36,0,COGS,AR,INV-60308
JE-001442,2026-03-22,2026-03,1220,Inventory - Finished Goods,0,4095.36,Inventory relief,AR,INV-60308
JE-001815,2026-03-22,2026-03,1100,Accounts Receivable,7134.51,0,Invoice INV-60387,AR,INV-60387
JE-001816,2026-03-22,2026-03,4000,Product Sales - Manufactured,0,7134.51,Invoice INV-60387,AR,INV-60387
JE-001817,2026-03-22,2026-03,5000,COGS - Materials,5411.48,0,COGS,AR,INV-60387
JE-001818,2026-03-22,2026-03,1220,Inventory - Finished Goods,0,5411.48,Inventory relief,AR,INV-60387
JE-002057,2026-03-22,2026-03,1000,Operating Cash,2784.61,0,Customer payment,AR,NIC-CR00111
JE-002058,2026-03-22,2026-03,1100,Accounts Receivable,0,2784.61,Customer payment,AR,NIC-CR00111
JE-003116,2026-03-22,2026-03,1200,Inventory - Raw Materials,583.94,0,PO receipt PO-31031,INV,RCV-40031
JE-003117,2026-03-22,2026-03,2050,GR/IR Clearing (Received Not Invoiced),0,583.94,PO receipt PO-31031,INV,RCV-40031
JE-000328,2026-03-23,2026-03,1100,Accounts Receivable,14476.42,0,Invoice INV-60072,AR,INV-60072
JE-000329,2026-03-23,2026-03,4000,Product Sales - Manufactured,0,14302.44,Invoice INV-60072,AR,INV-60072
JE-000330,2026-03-23,2026-03,4100,Freight Revenue,0,173.98,Freight billed,AR,INV-60072
JE-000331,2026-03-23,2026-03,5000,COGS - Materials,10576.98,0,COGS,AR,INV-60072
JE-000332,2026-03-23,2026-03,1220,Inventory - Finished Goods,0,10576.98,Inventory relief,AR,INV-60072
JE-001626,2026-03-23,2026-03,1100,Accounts Receivable,435.03,0,Invoice INV-60348,AR,INV-60348
JE-001627,2026-03-23,2026-03,4000,Product Sales - Manufactured,0,405.62,Invoice INV-60348,AR,INV-60348
JE-001628,2026-03-23,2026-03,2100,Accrued Expenses,0,29.41,Sales tax payable,AR,INV-60348
JE-001629,2026-03-23,2026-03,5000,COGS - Materials,310.82,0,COGS,AR,INV-60348
JE-001630,2026-03-23,2026-03,1220,Inventory - Finished Goods,0,310.82,Inventory relief,AR,INV-60348
JE-001943,2026-03-23,2026-03,1000,Operating Cash,9388.93,0,Customer payment,AR,NIC-CR00054
JE-001944,2026-03-23,2026-03,1100,Accounts Receivable,0,9388.93,Customer payment,AR,NIC-CR00054
JE-002191,2026-03-23,2026-03,1000,Operating Cash,3342.4,0,Customer payment,AR,NIC-CR00178
JE-002192,2026-03-23,2026-03,1100,Accounts Receivable,0,3342.4,Customer payment,AR,NIC-CR00178
JE-002603,2026-03-23,2026-03,2050,GR/IR Clearing (Received Not Invoiced),9664.21,0,Supplier inv INV9355515,AP,INV9355515
JE-002604,2026-03-23,2026-03,2000,Accounts Payable,0,9664.21,Supplier inv INV9355515,AP,INV9355515
JE-003520,2026-03-23,2026-03,1200,Inventory - Raw Materials,33.83,0,PO receipt PO-31246,INV,RCV-40233
JE-003521,2026-03-23,2026-03,2050,GR/IR Clearing (Received Not Invoiced),0,33.83,PO receipt PO-31246,INV,RCV-40233
JE-000504,2026-03-24,2026-03,1100,Accounts Receivable,372.74,0,Invoice INV-60109,AR,INV-60109
JE-000505,2026-03-24,2026-03,4000,Product Sales - Manufactured,0,311.0,Invoice INV-60109,AR,INV-60109
JE-000506,2026-03-24,2026-03,4100,Freight Revenue,0,61.74,Freight billed,AR,INV-60109
JE-000507,2026-03-24,2026-03,5000,COGS - Materials,273.53,0,COGS,AR,INV-60109
JE-000508,2026-03-24,2026-03,1220,Inventory - Finished Goods,0,273.53,Inventory relief,AR,INV-60109
JE-001678,2026-03-24,2026-03,1100,Accounts Receivable,3114.1,0,Invoice INV-60359,AR,INV-60359
JE-001679,2026-03-24,2026-03,4000,Product Sales - Manufactured,0,2903.59,Invoice INV-60359,AR,INV-60359
JE-001680,2026-03-24,2026-03,2100,Accrued Expenses,0,210.51,Sales tax payable,AR,INV-60359
JE-001681,2026-03-24,2026-03,5000,COGS - Materials,1798.51,0,COGS,AR,INV-60359
JE-001682,2026-03-24,2026-03,1220,Inventory - Finished Goods,0,1798.51,Inventory relief,AR,INV-60359
JE-001711,2026-03-24,2026-03,1100,Accounts Receivable,267.18,0,Invoice INV-60366,AR,INV-60366
JE-001712,2026-03-24,2026-03,4000,Product Sales - Manufactured,0,223.49,Invoice INV-60366,AR,INV-60366
JE-001713,2026-03-24,2026-03,4100,Freight Revenue,0,43.69,Freight billed,AR,INV-60366
JE-001714,2026-03-24,2026-03,5000,COGS - Materials,176.98,0,COGS,AR,INV-60366
JE-001715,2026-03-24,2026-03,1220,Inventory - Finished Goods,0,176.98,Inventory relief,AR,INV-60366
JE-001885,2026-03-24,2026-03,1000,Operating Cash,2594.03,0,Customer payment,AR,NIC-CR00025
JE-001886,2026-03-24,2026-03,1100,Accounts Receivable,0,2594.03,Customer payment,AR,NIC-CR00025
JE-002107,2026-03-24,2026-03,1000,Operating Cash,7897.75,0,Customer payment,AR,NIC-CR00136
JE-002108,2026-03-24,2026-03,1100,Accounts Receivable,0,7897.75,Customer payment,AR,NIC-CR00136
JE-002307,2026-03-24,2026-03,1000,Operating Cash,5734.21,0,Customer payment,AR,NIC-CR00236
JE-002308,2026-03-24,2026-03,1100,Accounts Receivable,0,5734.21,Customer payment,AR,NIC-CR00236
JE-000120,2026-03-25,2026-03,1100,Accounts Receivable,7211.0,0,Invoice INV-60026,AR,INV-60026
JE-000121,2026-03-25,2026-03,4000,Product Sales - Manufactured,0,7211.0,Invoice INV-60026,AR,INV-60026
JE-000122,2026-03-25,2026-03,5000,COGS - Materials,4807.81,0,COGS,AR,INV-60026
JE-000123,2026-03-25,2026-03,1220,Inventory - Finished Goods,0,4807.81,Inventory relief,AR,INV-60026
JE-000181,2026-03-25,2026-03,1100,Accounts Receivable,3812.91,0,Invoice INV-60040,AR,INV-60040
JE-000182,2026-03-25,2026-03,4000,Product Sales - Manufactured,0,3428.23,Invoice INV-60040,AR,INV-60040
JE-000183,2026-03-25,2026-03,4100,Freight Revenue,0,136.13,Freight billed,AR,INV-60040
JE-000184,2026-03-25,2026-03,2100,Accrued Expenses,0,248.55,Sales tax payable,AR,INV-60040
JE-000185,2026-03-25,2026-03,5000,COGS - Materials,2580.35,0,COGS,AR,INV-60040
JE-000186,2026-03-25,2026-03,1220,Inventory - Finished Goods,0,2580.35,Inventory relief,AR,INV-60040
JE-000271,2026-03-25,2026-03,1100,Accounts Receivable,6243.35,0,Invoice INV-60059,AR,INV-60059
JE-000272,2026-03-25,2026-03,4000,Product Sales - Manufactured,0,6243.35,Invoice INV-60059,AR,INV-60059
JE-000273,2026-03-25,2026-03,5000,COGS - Materials,4573.64,0,COGS,AR,INV-60059
JE-000274,2026-03-25,2026-03,1220,Inventory - Finished Goods,0,4573.64,Inventory relief,AR,INV-60059
JE-000715,2026-03-25,2026-03,1100,Accounts Receivable,2963.86,0,Invoice INV-60153,AR,INV-60153
JE-000716,2026-03-25,2026-03,4000,Product Sales - Manufactured,0,2963.86,Invoice INV-60153,AR,INV-60153
JE-000717,2026-03-25,2026-03,5000,COGS - Materials,2580.18,0,COGS,AR,INV-60153
JE-000718,2026-03-25,2026-03,1220,Inventory - Finished Goods,0,2580.18,Inventory relief,AR,INV-60153
JE-000761,2026-03-25,2026-03,1100,Accounts Receivable,8326.06,0,Invoice INV-60163,AR,INV-60163
JE-000762,2026-03-25,2026-03,4000,Product Sales - Manufactured,0,7763.23,Invoice INV-60163,AR,INV-60163
JE-000763,2026-03-25,2026-03,2100,Accrued Expenses,0,562.83,Sales tax payable,AR,INV-60163
JE-000764,2026-03-25,2026-03,5000,COGS - Materials,5014.66,0,COGS,AR,INV-60163
JE-000765,2026-03-25,2026-03,1220,Inventory - Finished Goods,0,5014.66,Inventory relief,AR,INV-60163
JE-002003,2026-03-25,2026-03,1000,Operating Cash,3524.89,0,Customer payment,AR,NIC-CR00084
JE-002004,2026-03-25,2026-03,1100,Accounts Receivable,0,3524.89,Customer payment,AR,NIC-CR00084
JE-002569,2026-03-25,2026-03,2050,GR/IR Clearing (Received Not Invoiced),618.86,0,Supplier inv INV3862958,AP,INV3862958
JE-002570,2026-03-25,2026-03,2000,Accounts Payable,0,618.86,Supplier inv INV3862958,AP,INV3862958
JE-002655,2026-03-25,2026-03,2050,GR/IR Clearing (Received Not Invoiced),2907.0,0,Supplier inv 9275059,AP,9275059
JE-002656,2026-03-25,2026-03,5300,Freight In,139.58,0,Freight in,AP,9275059
JE-002657,2026-03-25,2026-03,2000,Accounts Payable,0,3046.58,Supplier inv 9275059,AP,9275059
JE-002945,2026-03-25,2026-03,2050,GR/IR Clearing (Received Not Invoiced),497.2,0,Supplier inv 92095316,AP,92095316
JE-002946,2026-03-25,2026-03,2000,Accounts Payable,0,497.2,Supplier inv 92095316,AP,92095316
JE-003001,2026-03-25,2026-03,2050,GR/IR Clearing (Received Not Invoiced),7672.82,0,Supplier inv SI1008898,AP,SI1008898
JE-003002,2026-03-25,2026-03,2000,Accounts Payable,0,7672.82,Supplier inv SI1008898,AP,SI1008898
JE-003190,2026-03-25,2026-03,1200,Inventory - Raw Materials,2850.0,0,PO receipt PO-31070,INV,RCV-40068
JE-003191,2026-03-25,2026-03,2050,GR/IR Clearing (Received Not Invoiced),0,2850.0,PO receipt PO-31070,INV,RCV-40068
JE-000124,2026-03-26,2026-03,1100,Accounts Receivable,9428.21,0,Invoice INV-60027,AR,INV-60027
JE-000125,2026-03-26,2026-03,4000,Product Sales - Manufactured,0,9428.21,Invoice INV-60027,AR,INV-60027
JE-000126,2026-03-26,2026-03,5000,COGS - Materials,6944.22,0,COGS,AR,INV-60027
JE-000127,2026-03-26,2026-03,1220,Inventory - Finished Goods,0,6944.22,Inventory relief,AR,INV-60027
JE-002035,2026-03-26,2026-03,1000,Operating Cash,38673.26,0,Customer payment,AR,NIC-CR00100
JE-002036,2026-03-26,2026-03,1100,Accounts Receivable,0,38673.26,Customer payment,AR,NIC-CR00100
JE-002285,2026-03-26,2026-03,1000,Operating Cash,13656.67,0,Customer payment,AR,NIC-CR00225
JE-002286,2026-03-26,2026-03,1100,Accounts Receivable,0,13656.67,Customer payment,AR,NIC-CR00225
JE-000582,2026-03-27,2026-03,1100,Accounts Receivable,234.66,0,Invoice INV-60125,AR,INV-60125
JE-000583,2026-03-27,2026-03,4000,Product Sales - Manufactured,0,218.8,Invoice INV-60125,AR,INV-60125
JE-000584,2026-03-27,2026-03,2100,Accrued Expenses,0,15.86,Sales tax payable,AR,INV-60125
JE-000585,2026-03-27,2026-03,5000,COGS - Materials,162.2,0,COGS,AR,INV-60125
JE-000586,2026-03-27,2026-03,1220,Inventory - Finished Goods,0,162.2,Inventory relief,AR,INV-60125
JE-000741,2026-03-27,2026-03,1100,Accounts Receivable,22023.67,0,Invoice INV-60159,AR,INV-60159
JE-000742,2026-03-27,2026-03,4000,Product Sales - Manufactured,0,21677.76,Invoice INV-60159,AR,INV-60159
JE-000743,2026-03-27,2026-03,4100,Freight Revenue,0,345.91,Freight billed,AR,INV-60159
JE-000744,2026-03-27,2026-03,5000,COGS - Materials,14198.4,0,COGS,AR,INV-60159
JE-000745,2026-03-27,2026-03,1220,Inventory - Finished Goods,0,14198.4,Inventory relief,AR,INV-60159
JE-001404,2026-03-27,2026-03,1100,Accounts Receivable,8287.16,0,Invoice INV-60300,AR,INV-60300
JE-001405,2026-03-27,2026-03,4000,Product Sales - Manufactured,0,8287.16,Invoice INV-60300,AR,INV-60300
JE-001406,2026-03-27,2026-03,5000,COGS - Materials,6890.48,0,COGS,AR,INV-60300
JE-001407,2026-03-27,2026-03,1220,Inventory - Finished Goods,0,6890.48,Inventory relief,AR,INV-60300
JE-002145,2026-03-27,2026-03,1000,Operating Cash,1479.56,0,Customer payment,AR,NIC-CR00155
JE-002146,2026-03-27,2026-03,1100,Accounts Receivable,0,1479.56,Customer payment,AR,NIC-CR00155
JE-003021,2026-03-27,2026-03,2050,GR/IR Clearing (Received Not Invoiced),33.17,0,Supplier inv SI8967692,AP,SI8967692
JE-003022,2026-03-27,2026-03,5300,Freight In,64.47,0,Freight in,AP,SI8967692
JE-003023,2026-03-27,2026-03,2000,Accounts Payable,0,97.64,Supplier inv SI8967692,AP,SI8967692
JE-002075,2026-03-28,2026-03,1000,Operating Cash,2949.59,0,Customer payment,AR,NIC-CR00120
JE-002076,2026-03-28,2026-03,1100,Accounts Receivable,0,2949.59,Customer payment,AR,NIC-CR00120
JE-003234,2026-03-28,2026-03,1200,Inventory - Raw Materials,4788.0,0,PO receipt PO-31095,INV,RCV-40090
JE-003235,2026-03-28,2026-03,2050,GR/IR Clearing (Received Not Invoiced),0,4788.0,PO receipt PO-31095,INV,RCV-40090
JE-002705,2026-03-29,2026-03,2050,GR/IR Clearing (Received Not Invoiced),4788.0,0,Supplier inv INV2195791,AP,INV2195791
JE-002706,2026-03-29,2026-03,5300,Freight In,157.11,0,Freight in,AP,INV2195791
JE-002707,2026-03-29,2026-03,2000,Accounts Payable,0,4945.11,Supplier inv INV2195791,AP,INV2195791
JE-003546,2026-03-29,2026-03,1200,Inventory - Raw Materials,5666.9,0,PO receipt PO-31259,INV,RCV-40246
JE-003547,2026-03-29,2026-03,2050,GR/IR Clearing (Received Not Invoiced),0,5666.9,PO receipt PO-31259,INV,RCV-40246
JE-002015,2026-03-30,2026-03,1000,Operating Cash,5594.84,0,Customer payment,AR,NIC-CR00090
JE-002016,2026-03-30,2026-03,1100,Accounts Receivable,0,5594.84,Customer payment,AR,NIC-CR00090
JE-001989,2026-03-31,2026-03,1000,Operating Cash,792.5,0,Customer payment,AR,NIC-CR00077
JE-001990,2026-03-31,2026-03,1100,Accounts Receivable,0,792.5,Customer payment,AR,NIC-CR00077
JE-002037,2026-03-31,2026-03,1000,Operating Cash,11071.63,0,Customer payment,AR,NIC-CR00101
JE-002038,2026-03-31,2026-03,1100,Accounts Receivable,0,11071.63,Customer payment,AR,NIC-CR00101
JE-002175,2026-03-31,2026-03,1000,Operating Cash,14155.07,0,Customer payment,AR,NIC-CR00170
JE-002176,2026-03-31,2026-03,1100,Accounts Receivable,0,14155.07,Customer payment,AR,NIC-CR00170
JE-002339,2026-03-31,2026-03,1000,Operating Cash,1296.27,0,Customer payment,AR,NIC-CR00252
JE-002340,2026-03-31,2026-03,1100,Accounts Receivable,0,1296.27,Customer payment,AR,NIC-CR00252
JE-002361,2026-03-31,2026-03,1000,Operating Cash,2462.92,0,Customer payment,AR,NIC-CR00263
JE-002362,2026-03-31,2026-03,1100,Accounts Receivable,0,2462.92,Customer payment,AR,NIC-CR00263
JE-002836,2026-03-31,2026-03,2050,GR/IR Clearing (Received Not Invoiced),2562.0,0,Supplier inv 2819564,AP,2819564
JE-002837,2026-03-31,2026-03,2000,Accounts Payable,0,2562.0,Supplier inv 2819564,AP,2819564
JE-002981,2026-03-31,2026-03,2050,GR/IR Clearing (Received Not Invoiced),4161.08,0,Supplier inv INV2607240,AP,INV2607240
JE-002982,2026-03-31,2026-03,2000,Accounts Payable,0,4161.08,Supplier inv INV2607240,AP,INV2607240
JE-003066,2026-03-31,2026-03,1200,Inventory - Raw Materials,1591.46,0,PO receipt PO-31006,INV,RCV-40006
JE-003067,2026-03-31,2026-03,2050,GR/IR Clearing (Received Not Invoiced),0,1591.46,PO receipt PO-31006,INV,RCV-40006
JE-003174,2026-03-31,2026-03,1200,Inventory - Raw Materials,775.0,0,PO receipt PO-31061,INV,RCV-40060
JE-003175,2026-03-31,2026-03,2050,GR/IR Clearing (Received Not Invoiced),0,775.0,PO receipt PO-31061,INV,RCV-40060
JE-003182,2026-03-31,2026-03,1200,Inventory - Raw Materials,8582.24,0,PO receipt PO-31066,INV,RCV-40064
JE-003183,2026-03-31,2026-03,2050,GR/IR Clearing (Received Not Invoiced),0,8582.24,PO receipt PO-31066,INV,RCV-40064
JE-003258,2026-03-31,2026-03,1200,Inventory - Raw Materials,3.15,0,PO receipt PO-31107,INV,RCV-40102
JE-003259,2026-03-31,2026-03,2050,GR/IR Clearing (Received Not Invoiced),0,3.15,PO receipt PO-31107,INV,RCV-40102
JE-003298,2026-03-31,2026-03,1200,Inventory - Raw Materials,6610.84,0,PO receipt PO-31130,INV,RCV-40122
JE-003299,2026-03-31,2026-03,2050,GR/IR Clearing (Received Not Invoiced),0,6610.84,PO receipt PO-31130,INV,RCV-40122
JE-003352,2026-03-31,2026-03,1200,Inventory - Raw Materials,2561.0,0,PO receipt PO-31158,INV,RCV-40149
JE-003353,2026-03-31,2026-03,2050,GR/IR Clearing (Received Not Invoiced),0,2561.0,PO receipt PO-31158,INV,RCV-40149
JE-003400,2026-03-31,2026-03,1200,Inventory - Raw Materials,42.1,0,PO receipt PO-31182,INV,RCV-40173
JE-003401,2026-03-31,2026-03,2050,GR/IR Clearing (Received Not Invoiced),0,42.1,PO receipt PO-31182,INV,RCV-40173
JE-003482,2026-03-31,2026-03,1200,Inventory - Raw Materials,4161.08,0,PO receipt PO-31225,INV,RCV-40214
JE-003483,2026-03-31,2026-03,2050,GR/IR Clearing (Received Not Invoiced),0,4161.08,PO receipt PO-31225,INV,RCV-40214
JE-003496,2026-03-31,2026-03,1200,Inventory - Raw Materials,4529.86,0,PO receipt PO-31233,INV,RCV-40221
JE-003497,2026-03-31,2026-03,2050,GR/IR Clearing (Received Not Invoiced),0,4529.86,PO receipt PO-31233,INV,RCV-40221
JE-003570,2026-03-31,2026-03,6700,Office & Supplies,3119.2,0,Iron Mountain Inc.,AP,NIC-AP00011
JE-003571,2026-03-31,2026-03,2000,Accounts Payable,0,3119.2,Iron Mountain Inc.,AP,NIC-AP00011
JE-003588,2026-03-31,2026-03,6700,Office & Supplies,3681.34,0,"W.W. Grainger, Inc.",AP,NIC-AP00020
JE-003589,2026-03-31,2026-03,2000,Accounts Payable,0,3681.34,"W.W. Grainger, Inc.",AP,NIC-AP00020
JE-003612,2026-03-31,2026-03,6700,Office & Supplies,801.87,0,Cintas Corporation,AP,NIC-AP00032
JE-003613,2026-03-31,2026-03,2000,Accounts Payable,0,801.87,Cintas Corporation,AP,NIC-AP00032
JE-003648,2026-03-31,2026-03,5300,Freight In,141.82,0,UPS,AP,NIC-AP00050
JE-003649,2026-03-31,2026-03,2000,Accounts Payable,0,141.82,UPS,AP,NIC-AP00050
JE-003660,2026-03-31,2026-03,5300,Freight In,103.72,0,FedEx,AP,NIC-AP00056
JE-003661,2026-03-31,2026-03,2000,Accounts Payable,0,103.72,FedEx,AP,NIC-AP00056
JE-003680,2026-03-31,2026-03,6700,Office & Supplies,2850.68,0,Sunbelt Rentals,AP,NIC-AP00066
JE-003681,2026-03-31,2026-03,2000,Accounts Payable,0,2850.68,Sunbelt Rentals,AP,NIC-AP00066
JE-003704,2026-03-31,2026-03,6300,Rent,38500,0,Rockford Industrial Park LLC,AP,NIC-AP00078
JE-003705,2026-03-31,2026-03,2000,Accounts Payable,0,38500,Rockford Industrial Park LLC,AP,NIC-AP00078
JE-003728,2026-03-31,2026-03,6400,Software Subscriptions,15750.0,0,Epicor Kinetic,AP,SW-EPICOR
JE-003729,2026-03-31,2026-03,2000,Accounts Payable,0,15750.0,Epicor Kinetic,AP,SW-EPICOR
JE-003752,2026-03-31,2026-03,6400,Software Subscriptions,1079.17,0,SolidWorks Standard,AP,SW-SOLIDW
JE-003753,2026-03-31,2026-03,2000,Accounts Payable,0,1079.17,SolidWorks Standard,AP,SW-SOLIDW
JE-003776,2026-03-31,2026-03,6400,Software Subscriptions,1000.0,0,MasterControl,AP,SW-MASTER
JE-003777,2026-03-31,2026-03,2000,Accounts Payable,0,1000.0,MasterControl,AP,SW-MASTER
JE-003800,2026-03-31,2026-03,6400,Software Subscriptions,1775.0,0,Microsoft 365 Business Standard,AP,SW-MICROS
JE-003801,2026-03-31,2026-03,2000,Accounts Payable,0,1775.0,Microsoft 365 Business Standard,AP,SW-MICROS
JE-003824,2026-03-31,2026-03,6400,Software Subscriptions,4920.0,0,ADP Workforce Now,AP,SW-ADPWO
JE-003825,2026-03-31,2026-03,2000,Accounts Payable,0,4920.0,ADP Workforce Now,AP,SW-ADPWO
JE-003848,2026-03-31,2026-03,6400,Software Subscriptions,900.0,0,Salesforce Sales Cloud,AP,SW-SALESF
JE-003849,2026-03-31,2026-03,2000,Accounts Payable,0,900.0,Salesforce Sales Cloud,AP,SW-SALESF
JE-003872,2026-03-31,2026-03,6400,Software Subscriptions,700.0,0,Bill.com,AP,SW-BILL.C
JE-003873,2026-03-31,2026-03,2000,Accounts Payable,0,700.0,Bill.com,AP,SW-BILL.C
JE-003896,2026-03-31,2026-03,6400,Software Subscriptions,3150.0,0,Box Business,AP,SW-BOXBU
JE-003897,2026-03-31,2026-03,2000,Accounts Payable,0,3150.0,Box Business,AP,SW-BOXBU
JE-003920,2026-03-31,2026-03,6400,Software Subscriptions,1440.0,0,Zoom Workplace,AP,SW-ZOOMW
JE-003921,2026-03-31,2026-03,2000,Accounts Payable,0,1440.0,Zoom Workplace,AP,SW-ZOOMW
JE-003944,2026-03-31,2026-03,6400,Software Subscriptions,1020.0,0,RingCentral MVP,AP,SW-RINGCE
JE-003945,2026-03-31,2026-03,2000,Accounts Payable,0,1020.0,RingCentral MVP,AP,SW-RINGCE
JE-003968,2026-03-31,2026-03,6400,Software Subscriptions,355.0,0,KnowBe4,AP,SW-KNOWBE
JE-003969,2026-03-31,2026-03,2000,Accounts Payable,0,355.0,KnowBe4,AP,SW-KNOWBE
JE-003992,2026-03-31,2026-03,6000,Salaries & Wages,652395.71,0,Monthly payroll,PR,PR-202603
JE-003993,2026-03-31,2026-03,2300,Payroll Liabilities,0,652395.71,Monthly payroll,PR,PR-202603
JE-003052,2026-04-01,2026-04,2050,GR/IR Clearing (Received Not Invoiced),5666.9,0,Supplier inv SI6646953,AP,SI6646953
JE-003053,2026-04-01,2026-04,2000,Accounts Payable,0,5666.9,Supplier inv SI6646953,AP,SI6646953
JE-002636,2026-04-02,2026-04,2050,GR/IR Clearing (Received Not Invoiced),775.0,0,Supplier inv SI3517527,AP,SI3517527
JE-002637,2026-04-02,2026-04,5300,Freight In,127.69,0,Freight in,AP,SI3517527
JE-002638,2026-04-02,2026-04,2000,Accounts Payable,0,902.69,Supplier inv SI3517527,AP,SI3517527
JE-002645,2026-04-02,2026-04,2050,GR/IR Clearing (Received Not Invoiced),8582.24,0,Supplier inv INV7937516,AP,INV7937516
JE-002646,2026-04-02,2026-04,5300,Freight In,7.82,0,Freight in,AP,INV7937516
JE-002647,2026-04-02,2026-04,2000,Accounts Payable,0,8590.06,Supplier inv INV7937516,AP,INV7937516
JE-002775,2026-04-03,2026-04,2050,GR/IR Clearing (Received Not Invoiced),6610.84,0,Supplier inv 92145940,AP,92145940
JE-002776,2026-04-03,2026-04,2000,Accounts Payable,0,6610.84,Supplier inv 92145940,AP,92145940
JE-002890,2026-04-04,2026-04,2050,GR/IR Clearing (Received Not Invoiced),42.1,0,Supplier inv INV3323362,AP,INV3323362
JE-002891,2026-04-04,2026-04,2000,Accounts Payable,0,42.1,Supplier inv INV3323362,AP,INV3323362
JE-002997,2026-04-04,2026-04,2050,GR/IR Clearing (Received Not Invoiced),4529.86,0,Supplier inv SI5597422,AP,SI5597422
JE-002998,2026-04-04,2026-04,2000,Accounts Payable,0,4529.86,Supplier inv SI5597422,AP,SI5597422
JE-002510,2026-04-05,2026-04,2050,GR/IR Clearing (Received Not Invoiced),1591.46,0,Supplier inv INV3055995,AP,INV3055995
JE-002511,2026-04-05,2026-04,2000,Accounts Payable,0,1591.46,Supplier inv INV3055995,AP,INV3055995
JE-002732,2026-04-06,2026-04,2050,GR/IR Clearing (Received Not Invoiced),3.15,0,Supplier inv SI3587005,AP,SI3587005
JE-002733,2026-04-06,2026-04,2000,Accounts Payable,0,3.15,Supplier inv SI3587005,AP,SI3587005
