event_id,company_id,workflow_type,object_type,object_id,timestamp,actor,action,previous_state,new_state,source_document,confidence,requires_review
EV-000086,northfield_industrial_components,quote_to_order,quote,Q-26086,2025-03-12T11:03:00,E070,quote_sent,draft,sent,Q-26086.pdf,1.0,N
EV-000050,northfield_industrial_components,quote_to_order,quote,Q-26050,2025-03-20T10:57:00,E067,quote_sent,draft,sent,Q-26050.pdf,1.0,N
EV-000170,northfield_industrial_components,quote_to_order,quote,Q-26170,2025-03-21T10:47:00,E064,quote_sent,draft,sent,Q-26170.pdf,1.0,N
EV-000091,northfield_industrial_components,quote_to_order,quote,Q-26091,2025-03-21T16:35:00,E072,quote_sent,draft,sent,Q-26091.pdf,1.0,N
EV-000049,northfield_industrial_components,quote_to_order,quote,Q-26049,2025-03-27T16:24:00,E071,quote_sent,draft,sent,Q-26049.pdf,1.0,N
EV-000025,northfield_industrial_components,quote_to_order,quote,Q-26025,2025-03-28T07:58:00,E072,quote_sent,draft,sent,Q-26025.pdf,1.0,N
EV-000335,northfield_industrial_components,quote_to_order,sales_order,SO-26138,2025-04-01T10:02:00,E065,order_entered,,open,customer_po_PUR-117911,1.0,N
EV-002601,northfield_industrial_components,manufacturing,work_order,WO-70061,2025-04-01T13:52:00,E057,wo_released,planned,released,MRP,1.0,N
EV-000563,northfield_industrial_components,quote_to_order,sales_order,SO-26359,2025-04-02T09:12:00,E075,order_entered,,open,customer_po_P717585,0.9,N
EV-000469,northfield_industrial_components,quote_to_order,sales_order,SO-26271,2025-04-02T10:52:00,E073,order_entered,,open,customer_po_PO654162,0.9,N
EV-000371,northfield_industrial_components,quote_to_order,sales_order,SO-26174,2025-04-02T14:13:00,E065,order_entered,,open,customer_po_PO810713,0.9,N
EV-000167,northfield_industrial_components,quote_to_order,quote,Q-26167,2025-04-02T17:29:00,E070,quote_sent,draft,sent,Q-26167.pdf,1.0,N
EV-000452,northfield_industrial_components,credit_control,sales_order,SO-26254,2025-04-03T11:34:00,E002,credit_hold_applied,open,credit_hold,credit_checks,1.0,N
EV-000500,northfield_industrial_components,quote_to_order,sales_order,SO-26301,2025-04-03T12:04:00,E064,order_entered,,open,customer_po_PUR-527408,0.9,N
EV-000451,northfield_industrial_components,quote_to_order,sales_order,SO-26254,2025-04-03T16:30:00,E074,order_entered,,open,customer_po_4500742521,0.9,Y
EV-000308,northfield_industrial_components,quote_to_order,sales_order,SO-26111,2025-04-04T09:14:00,E075,order_entered,,open,customer_po_PUR-996834,1.0,N
EV-000123,northfield_industrial_components,quote_to_order,quote,Q-26123,2025-04-04T14:43:00,E068,quote_sent,draft,sent,Q-26123.pdf,1.0,N
EV-002795,northfield_industrial_components,manufacturing,work_order,WO-70165,2025-04-04T15:39:00,E073,wo_released,planned,released,MRP,1.0,N
EV-001987,northfield_industrial_components,procure_to_pay,purchase_order,PO-31249,2025-04-05T09:42:00,E061,po_issued,draft,open,PO-31249.pdf,1.0,N
EV-000492,northfield_industrial_components,quote_to_order,sales_order,SO-26293,2025-04-05T13:18:00,E075,order_entered,,open,customer_po_PUR-684517,0.9,N
EV-001810,northfield_industrial_components,procure_to_pay,purchase_order,PO-31072,2025-04-05T14:14:00,E062,po_issued,draft,open,PO-31072.pdf,1.0,N
EV-001991,northfield_industrial_components,procure_to_pay,purchase_order,PO-31253,2025-04-06T10:43:00,E062,po_issued,draft,open,PO-31253.pdf,1.0,N
EV-002553,northfield_industrial_components,manufacturing,work_order,WO-70033,2025-04-06T10:47:00,E022,wo_released,planned,released,MRP,1.0,N
EV-000387,northfield_industrial_components,quote_to_order,sales_order,SO-26190,2025-04-06T13:45:00,E075,order_entered,,open,customer_po_PO398781,0.9,N
EV-001838,northfield_industrial_components,procure_to_pay,purchase_order,PO-31100,2025-04-06T15:22:00,E062,po_issued,draft,open,PO-31100.pdf,1.0,N
EV-000173,northfield_industrial_components,quote_to_order,quote,Q-26173,2025-04-06T15:58:00,E069,quote_sent,draft,sent,Q-26173.pdf,1.0,N
EV-000259,northfield_industrial_components,quote_to_order,sales_order,SO-26062,2025-04-07T10:16:00,E073,order_entered,,open,customer_po_4500348302,0.9,N
EV-001846,northfield_industrial_components,procure_to_pay,purchase_order,PO-31108,2025-04-07T12:23:00,E063,po_issued,draft,open,PO-31108.pdf,1.0,N
EV-000301,northfield_industrial_components,quote_to_order,sales_order,SO-26104,2025-04-08T10:12:00,E075,order_entered,,open,customer_po_PO369732,1.0,N
EV-001858,northfield_industrial_components,procure_to_pay,purchase_order,PO-31120,2025-04-08T16:32:00,E060,po_issued,draft,open,PO-31120.pdf,1.0,N
EV-000040,northfield_industrial_components,quote_to_order,quote,Q-26040,2025-04-08T17:41:00,E068,quote_sent,draft,sent,Q-26040.pdf,1.0,N
EV-002653,northfield_industrial_components,manufacturing,work_order,WO-70089,2025-04-09T11:39:00,E005,wo_released,planned,released,MRP,1.0,N
EV-000379,northfield_industrial_components,quote_to_order,sales_order,SO-26182,2025-04-09T15:01:00,E064,order_entered,,open,customer_po_PO270096,0.9,N
EV-002747,northfield_industrial_components,manufacturing,work_order,WO-70140,2025-04-10T08:38:00,E036,wo_released,planned,released,MRP,1.0,N
EV-002810,northfield_industrial_components,manufacturing,work_order,WO-70173,2025-04-10T08:52:00,E074,wo_released,planned,released,MRP,1.0,N
EV-000566,northfield_industrial_components,quote_to_order,sales_order,SO-26362,2025-04-10T09:06:00,E075,order_entered,,open,customer_po_PO150255,0.9,N
EV-000254,northfield_industrial_components,quote_to_order,sales_order,SO-26057,2025-04-10T09:27:00,E064,order_entered,,open,customer_po_PO253685,1.0,N
EV-002542,northfield_industrial_components,manufacturing,work_order,WO-70027,2025-04-10T09:28:00,E073,wo_released,planned,released,MRP,1.0,N
EV-001956,northfield_industrial_components,procure_to_pay,purchase_order,PO-31218,2025-04-11T08:32:00,E060,po_issued,draft,open,PO-31218.pdf,1.0,N
EV-000786,northfield_industrial_components,fulfillment,shipment,SH-50161,2025-04-11T09:29:00,E083,shipment_confirmed,picked,shipped,PS-SH-50161.pdf,1.0,N
EV-001177,northfield_industrial_components,order_to_cash,customer_invoice,INV-60161,2025-04-11T11:41:00,E002,invoice_issued,,open,INV-60161.pdf,1.0,N
EV-000519,northfield_industrial_components,quote_to_order,sales_order,SO-26318,2025-04-11T12:22:00,E067,order_entered,,open,customer_po_4500447974,0.9,N
EV-002726,northfield_industrial_components,manufacturing,work_order,WO-70128,2025-04-11T12:43:00,E100,wo_released,planned,released,MRP,1.0,N
EV-001755,northfield_industrial_components,procure_to_pay,purchase_order,PO-31017,2025-04-11T16:16:00,E061,po_issued,draft,open,PO-31017.pdf,1.0,N
EV-001840,northfield_industrial_components,procure_to_pay,purchase_order,PO-31102,2025-04-12T09:36:00,E061,po_issued,draft,open,PO-31102.pdf,1.0,N
EV-001869,northfield_industrial_components,procure_to_pay,purchase_order,PO-31131,2025-04-12T11:07:00,E061,po_issued,draft,open,PO-31131.pdf,1.0,N
EV-000353,northfield_industrial_components,quote_to_order,sales_order,SO-26156,2025-04-12T14:02:00,E075,order_entered,,open,customer_po_P614898,0.9,N
EV-000272,northfield_industrial_components,quote_to_order,sales_order,SO-26075,2025-04-13T11:24:00,E073,order_entered,,open,customer_po_PO433637,0.9,N
EV-000592,northfield_industrial_components,quote_to_order,sales_order,SO-26388,2025-04-13T11:56:00,E067,order_entered,,open,customer_po_P961946,1.0,N
EV-002520,northfield_industrial_components,manufacturing,work_order,WO-70015,2025-04-13T16:07:00,E068,wo_released,planned,released,MRP,1.0,N
EV-000051,northfield_industrial_components,quote_to_order,quote,Q-26051,2025-04-13T17:01:00,E072,quote_sent,draft,sent,Q-26051.pdf,1.0,N
EV-000046,northfield_industrial_components,quote_to_order,quote,Q-26046,2025-04-14T09:31:00,E072,quote_sent,draft,sent,Q-26046.pdf,1.0,N
EV-000615,northfield_industrial_components,quote_to_order,sales_order,SO-26410,2025-04-14T10:38:00,E074,order_entered,,open,customer_po_P385088,1.0,N
EV-000558,northfield_industrial_components,quote_to_order,sales_order,SO-26355,2025-04-14T13:59:00,E065,order_entered,,open,customer_po_P949365,1.0,N
EV-000233,northfield_industrial_components,quote_to_order,sales_order,SO-26036,2025-04-14T16:11:00,E066,order_entered,,open,customer_po_PO398887,0.9,N
EV-002234,northfield_industrial_components,procure_to_pay,receipt,RCV-40236,2025-04-15T13:23:00,E079,goods_received,open,received,PS247037,0.85,Y
EV-000300,northfield_industrial_components,quote_to_order,sales_order,SO-26103,2025-04-15T17:47:00,E068,order_entered,,open,customer_po_4500617988,0.9,N
EV-001879,northfield_industrial_components,procure_to_pay,purchase_order,PO-31141,2025-04-15T17:58:00,E061,po_issued,draft,open,PO-31141.pdf,1.0,N
EV-001193,northfield_industrial_components,order_to_cash,customer_invoice,INV-60177,2025-04-16T09:31:00,E002,invoice_issued,,open,INV-60177.pdf,1.0,N
EV-002602,northfield_industrial_components,manufacturing,work_order,WO-70061,2025-04-16T12:25:00,E055,wo_closed,in_process,closed,COC-WO-70061.pdf,1.0,N
EV-000124,northfield_industrial_components,quote_to_order,quote,Q-26124,2025-04-16T15:19:00,E069,quote_sent,draft,sent,Q-26124.pdf,1.0,N
EV-002868,northfield_industrial_components,manufacturing,work_order,WO-70203,2025-04-16T16:18:00,E055,wo_released,planned,released,MRP,1.0,N
EV-000802,northfield_industrial_components,fulfillment,shipment,SH-50177,2025-04-16T16:39:00,E083,shipment_confirmed,picked,shipped,PS-SH-50177.pdf,1.0,N
EV-000193,northfield_industrial_components,quote_to_order,quote,Q-26193,2025-04-17T07:40:00,E071,quote_sent,draft,sent,Q-26193.pdf,1.0,N
EV-001952,northfield_industrial_components,procure_to_pay,purchase_order,PO-31214,2025-04-17T08:00:00,E063,po_issued,draft,open,PO-31214.pdf,1.0,N
EV-001817,northfield_industrial_components,procure_to_pay,purchase_order,PO-31079,2025-04-17T08:46:00,E062,po_issued,draft,open,PO-31079.pdf,1.0,N
EV-001751,northfield_industrial_components,procure_to_pay,purchase_order,PO-31013,2025-04-17T13:41:00,E061,po_issued,draft,open,PO-31013.pdf,1.0,N
EV-000249,northfield_industrial_components,quote_to_order,sales_order,SO-26052,2025-04-17T13:51:00,E075,order_entered,,open,customer_po_PUR-828456,0.9,N
EV-000485,northfield_industrial_components,quote_to_order,sales_order,SO-26287,2025-04-17T17:50:00,E065,order_entered,,open,customer_po_PUR-948390,0.9,N
EV-001812,northfield_industrial_components,procure_to_pay,purchase_order,PO-31074,2025-04-18T08:42:00,E060,po_issued,draft,open,PO-31074.pdf,1.0,N
EV-000302,northfield_industrial_components,quote_to_order,sales_order,SO-26105,2025-04-18T15:45:00,E068,order_entered,,open,customer_po_P114555,1.0,N
EV-002600,northfield_industrial_components,manufacturing,work_order,WO-70060,2025-04-19T07:22:00,E049,wo_released,planned,released,MRP,1.0,N
EV-000284,northfield_industrial_components,quote_to_order,sales_order,SO-26087,2025-04-19T09:21:00,E075,order_entered,,open,customer_po_P883910,0.9,N
EV-002772,northfield_industrial_components,manufacturing,work_order,WO-70153,2025-04-19T11:02:00,E044,wo_released,planned,released,MRP,1.0,N
EV-001983,northfield_industrial_components,procure_to_pay,purchase_order,PO-31245,2025-04-19T13:03:00,E061,po_issued,draft,open,PO-31245.pdf,1.0,N
EV-001837,northfield_industrial_components,procure_to_pay,purchase_order,PO-31099,2025-04-19T13:44:00,E062,po_issued,draft,open,PO-31099.pdf,1.0,N
EV-002093,northfield_industrial_components,procure_to_pay,receipt,RCV-40095,2025-04-20T07:01:00,E100,goods_received,open,received,PS897076,1.0,N
EV-001299,northfield_industrial_components,order_to_cash,customer_invoice,INV-60283,2025-04-20T07:39:00,E002,invoice_issued,,open,INV-60283.pdf,1.0,N
EV-001877,northfield_industrial_components,procure_to_pay,purchase_order,PO-31139,2025-04-20T09:52:00,E061,po_issued,draft,open,PO-31139.pdf,1.0,N
EV-000078,northfield_industrial_components,quote_to_order,quote,Q-26078,2025-04-20T11:36:00,E064,quote_sent,draft,sent,Q-26078.pdf,1.0,N
EV-000908,northfield_industrial_components,fulfillment,shipment,SH-50283,2025-04-20T16:46:00,E101,shipment_confirmed,picked,shipped,PS-SH-50283.pdf,1.0,N
EV-001764,northfield_industrial_components,procure_to_pay,purchase_order,PO-31026,2025-04-20T17:34:00,E060,po_issued,draft,open,PO-31026.pdf,1.0,N
EV-002514,northfield_industrial_components,manufacturing,work_order,WO-70012,2025-04-21T07:22:00,E096,wo_released,planned,released,MRP,1.0,N
EV-001351,northfield_industrial_components,order_to_cash,customer_invoice,INV-60335,2025-04-21T07:40:00,E002,invoice_issued,,open,INV-60335.pdf,1.0,N
EV-000960,northfield_industrial_components,fulfillment,shipment,SH-50335,2025-04-21T08:45:00,E103,shipment_confirmed,picked,shipped,PS-SH-50335.pdf,1.0,N
EV-002900,northfield_industrial_components,quality,ncr,NCR-0001,2025-04-21T14:16:00,E059,ncr_opened,,open,RCV-40095,1.0,Y
EV-000075,northfield_industrial_components,quote_to_order,quote,Q-26075,2025-04-21T14:45:00,E072,quote_sent,draft,sent,Q-26075.pdf,1.0,N
EV-002743,northfield_industrial_components,manufacturing,work_order,WO-70138,2025-04-21T14:52:00,E093,wo_released,planned,released,MRP,1.0,N
EV-000447,northfield_industrial_components,quote_to_order,sales_order,SO-26250,2025-04-21T15:57:00,E066,order_entered,,open,customer_po_P326779,0.9,N
EV-001821,northfield_industrial_components,procure_to_pay,purchase_order,PO-31083,2025-04-21T16:40:00,E061,po_issued,draft,open,PO-31083.pdf,1.0,N
EV-002683,northfield_industrial_components,manufacturing,work_order,WO-70105,2025-04-21T17:07:00,E043,wo_released,planned,released,MRP,1.0,N
EV-000453,northfield_industrial_components,quote_to_order,sales_order,SO-26255,2025-04-21T17:13:00,E074,order_entered,,open,customer_po_4500230993,0.9,N
EV-001143,northfield_industrial_components,order_to_cash,customer_invoice,INV-60127,2025-04-22T07:59:00,E002,invoice_issued,,open,INV-60127.pdf,1.0,N
EV-000101,northfield_industrial_components,quote_to_order,quote,Q-26101,2025-04-22T08:20:00,E064,quote_sent,draft,sent,Q-26101.pdf,1.0,N
EV-000752,northfield_industrial_components,fulfillment,shipment,SH-50127,2025-04-22T11:23:00,E079,shipment_confirmed,picked,shipped,PS-SH-50127.pdf,1.0,N
EV-000036,northfield_industrial_components,quote_to_order,quote,Q-26036,2025-04-22T12:10:00,E069,quote_sent,draft,sent,Q-26036.pdf,1.0,N
EV-001376,northfield_industrial_components,order_to_cash,customer_invoice,INV-60360,2025-04-22T14:14:00,E002,invoice_issued,,open,INV-60360.pdf,1.0,N
EV-000985,northfield_industrial_components,fulfillment,shipment,SH-50360,2025-04-22T14:33:00,E103,shipment_confirmed,picked,shipped,PS-SH-50360.pdf,1.0,N
EV-002131,northfield_industrial_components,procure_to_pay,receipt,RCV-40133,2025-04-23T07:30:00,E079,goods_received,open,received,PS245003,1.0,N
EV-001803,northfield_industrial_components,procure_to_pay,purchase_order,PO-31065,2025-04-23T09:33:00,E063,po_issued,draft,open,PO-31065.pdf,1.0,N
EV-001968,northfield_industrial_components,procure_to_pay,purchase_order,PO-31230,2025-04-23T10:08:00,E062,po_issued,draft,open,PO-31230.pdf,1.0,N
EV-002654,northfield_industrial_components,manufacturing,work_order,WO-70089,2025-04-23T14:20:00,E055,wo_closed,in_process,closed,COC-WO-70089.pdf,1.0,N
EV-002378,northfield_industrial_components,procure_to_pay,supplier_invoice,4280659,2025-04-24T10:19:00,E002,invoice_matched,received,paid,4280659,1.0,N
EV-002110,northfield_industrial_components,procure_to_pay,receipt,RCV-40112,2025-04-24T15:55:00,E082,goods_received,open,received,PS441976,1.0,N
EV-002481,northfield_industrial_components,procure_to_pay,supplier_invoice,SI2597314,2025-04-24T17:47:00,E002,invoice_matched,received,paid,SI2597314,1.0,N
EV-001255,northfield_industrial_components,order_to_cash,customer_invoice,INV-60239,2025-04-25T07:18:00,E002,invoice_issued,,open,INV-60239.pdf,1.0,N
EV-001943,northfield_industrial_components,procure_to_pay,purchase_order,PO-31205,2025-04-25T09:03:00,E060,po_issued,draft,open,PO-31205.pdf,1.0,N
EV-000864,northfield_industrial_components,fulfillment,shipment,SH-50239,2025-04-25T09:34:00,E083,shipment_confirmed,picked,shipped,PS-SH-50239.pdf,1.0,N
EV-002521,northfield_industrial_components,manufacturing,work_order,WO-70015,2025-04-25T10:11:00,E055,wo_closed,in_process,closed,COC-WO-70015.pdf,1.0,N
EV-000399,northfield_industrial_components,quote_to_order,sales_order,SO-26202,2025-04-25T10:27:00,E065,order_entered,,open,customer_po_P680870,0.9,N
EV-001857,northfield_industrial_components,procure_to_pay,purchase_order,PO-31119,2025-04-25T12:16:00,E062,po_issued,draft,open,PO-31119.pdf,1.0,N
EV-000043,northfield_industrial_components,quote_to_order,quote,Q-26043,2025-04-25T15:28:00,E069,quote_sent,draft,sent,Q-26043.pdf,1.0,N
EV-000004,northfield_industrial_components,quote_to_order,quote,Q-26004,2025-04-25T17:06:00,E072,quote_sent,draft,sent,Q-26004.pdf,1.0,N
EV-000794,northfield_industrial_components,fulfillment,shipment,SH-50169,2025-04-26T10:34:00,E105,shipment_confirmed,picked,shipped,PS-SH-50169.pdf,1.0,N
EV-000172,northfield_industrial_components,quote_to_order,quote,Q-26172,2025-04-26T11:10:00,E072,quote_sent,draft,sent,Q-26172.pdf,1.0,N
EV-002109,northfield_industrial_components,procure_to_pay,receipt,RCV-40111,2025-04-26T13:19:00,E105,goods_received,open,received,PS748671,1.0,N
EV-001185,northfield_industrial_components,order_to_cash,customer_invoice,INV-60169,2025-04-26T13:20:00,E002,invoice_issued,,open,INV-60169.pdf,1.0,N
EV-002340,northfield_industrial_components,procure_to_pay,supplier_invoice,555849,2025-04-27T09:18:00,E002,match_exception,received,paid,555849,0.7,Y
EV-002074,northfield_industrial_components,procure_to_pay,receipt,RCV-40076,2025-04-27T12:07:00,E106,goods_received,open,received,PS108626,1.0,N
EV-000726,northfield_industrial_components,fulfillment,shipment,SH-50101,2025-04-27T16:03:00,E079,shipment_confirmed,picked,shipped,PS-SH-50101.pdf,1.0,N
EV-001117,northfield_industrial_components,order_to_cash,customer_invoice,INV-60101,2025-04-27T17:07:00,E002,invoice_issued,,open,INV-60101.pdf,1.0,N
EV-000276,northfield_industrial_components,quote_to_order,sales_order,SO-26079,2025-04-27T17:47:00,E066,order_entered,,open,customer_po_PO245064,0.9,N
EV-002869,northfield_industrial_components,manufacturing,work_order,WO-70203,2025-04-28T09:42:00,E055,wo_closed,in_process,closed,COC-WO-70203.pdf,1.0,N
EV-000382,northfield_industrial_components,quote_to_order,sales_order,SO-26185,2025-04-28T10:08:00,E067,order_entered,,open,customer_po_PO156653,0.9,N
EV-000163,northfield_industrial_components,quote_to_order,quote,Q-26163,2025-04-28T10:38:00,E067,quote_sent,draft,sent,Q-26163.pdf,1.0,N
EV-001074,northfield_industrial_components,order_to_cash,customer_invoice,INV-60058,2025-04-28T10:51:00,E002,invoice_issued,,open,INV-60058.pdf,1.0,N
EV-002356,northfield_industrial_components,procure_to_pay,supplier_invoice,SI198626,2025-04-28T12:14:00,E002,invoice_matched,received,paid,SI198626,1.0,N
EV-001861,northfield_industrial_components,procure_to_pay,purchase_order,PO-31123,2025-04-28T14:16:00,E063,po_issued,draft,open,PO-31123.pdf,1.0,N
EV-000683,northfield_industrial_components,fulfillment,shipment,SH-50058,2025-04-28T16:17:00,E076,shipment_confirmed,picked,shipped,PS-SH-50058.pdf,1.0,N
EV-002529,northfield_industrial_components,manufacturing,work_order,WO-70020,2025-04-29T07:01:00,E010,wo_released,planned,released,MRP,1.0,N
EV-000024,northfield_industrial_components,quote_to_order,quote,Q-26024,2025-04-29T07:24:00,E068,quote_sent,draft,sent,Q-26024.pdf,1.0,N
EV-001291,northfield_industrial_components,order_to_cash,customer_invoice,INV-60275,2025-04-29T08:40:00,E002,invoice_issued,,open,INV-60275.pdf,1.0,N
EV-000288,northfield_industrial_components,quote_to_order,sales_order,SO-26091,2025-04-29T12:39:00,E066,order_entered,,open,customer_po_PO366401,0.9,N
EV-000900,northfield_industrial_components,fulfillment,shipment,SH-50275,2025-04-29T13:41:00,E101,shipment_confirmed,picked,shipped,PS-SH-50275.pdf,1.0,N
EV-001763,northfield_industrial_components,procure_to_pay,purchase_order,PO-31025,2025-04-29T16:48:00,E063,po_issued,draft,open,PO-31025.pdf,1.0,N
EV-002129,northfield_industrial_components,procure_to_pay,receipt,RCV-40131,2025-04-30T07:57:00,E099,goods_received,open,received,PS662102,1.0,N
EV-001086,northfield_industrial_components,order_to_cash,customer_invoice,INV-60070,2025-04-30T09:38:00,E002,invoice_issued,,open,INV-60070.pdf,1.0,N
EV-000609,northfield_industrial_components,quote_to_order,sales_order,SO-26405,2025-04-30T11:13:00,E067,order_entered,,open,customer_po_4500792549,1.0,Y
EV-000610,northfield_industrial_components,credit_control,sales_order,SO-26405,2025-04-30T11:18:00,E002,credit_hold_applied,open,credit_hold,credit_checks,1.0,N
EV-000695,northfield_industrial_components,fulfillment,shipment,SH-50070,2025-04-30T11:28:00,E103,shipment_confirmed,picked,shipped,PS-SH-50070.pdf,1.0,N
EV-000448,northfield_industrial_components,quote_to_order,sales_order,SO-26251,2025-04-30T15:28:00,E067,order_entered,,open,customer_po_4500223064,1.0,N
EV-000572,northfield_industrial_components,quote_to_order,sales_order,SO-26368,2025-04-30T16:14:00,E068,order_entered,,open,customer_po_PUR-772111,0.9,N
EV-000211,northfield_industrial_components,quote_to_order,sales_order,SO-26014,2025-04-30T17:27:00,E066,order_entered,,open,customer_po_PO217589,0.9,N
EV-002015,northfield_industrial_components,procure_to_pay,receipt,RCV-40017,2025-05-01T08:29:00,E078,goods_received,open,received,PS861360,1.0,N
EV-001347,northfield_industrial_components,order_to_cash,customer_invoice,INV-60331,2025-05-01T08:36:00,E002,invoice_issued,,open,INV-60331.pdf,1.0,N
EV-000956,northfield_industrial_components,fulfillment,shipment,SH-50331,2025-05-01T08:58:00,E076,shipment_confirmed,picked,shipped,PS-SH-50331.pdf,1.0,N
EV-002023,northfield_industrial_components,procure_to_pay,receipt,RCV-40025,2025-05-01T10:37:00,E076,goods_received,open,received,PS178900,1.0,N
EV-000879,northfield_industrial_components,fulfillment,shipment,SH-50254,2025-05-01T10:52:00,E081,shipment_confirmed,picked,shipped,PS-SH-50254.pdf,1.0,N
EV-001270,northfield_industrial_components,order_to_cash,customer_invoice,INV-60254,2025-05-01T16:05:00,E002,invoice_issued,,open,INV-60254.pdf,1.0,N
EV-001824,northfield_industrial_components,procure_to_pay,purchase_order,PO-31086,2025-05-01T16:46:00,E061,po_issued,draft,open,PO-31086.pdf,1.0,N
EV-002791,northfield_industrial_components,manufacturing,work_order,WO-70163,2025-05-01T17:35:00,E033,wo_released,planned,released,MRP,1.0,N
EV-002357,northfield_industrial_components,procure_to_pay,supplier_invoice,91704147,2025-05-02T09:46:00,E002,invoice_matched,received,paid,91704147,1.0,N
EV-001315,northfield_industrial_components,order_to_cash,customer_invoice,INV-60299,2025-05-02T10:01:00,E002,invoice_issued,,open,INV-60299.pdf,1.0,N
EV-000346,northfield_industrial_components,quote_to_order,sales_order,SO-26149,2025-05-02T10:17:00,E073,order_entered,,open,customer_po_PO986382,1.0,N
EV-002061,northfield_industrial_components,procure_to_pay,receipt,RCV-40063,2025-05-02T10:20:00,E106,goods_received,open,received,PS749607,0.85,Y
EV-002796,northfield_industrial_components,manufacturing,work_order,WO-70165,2025-05-02T12:11:00,E055,wo_closed,in_process,closed,COC-WO-70165.pdf,1.0,N
EV-002321,northfield_industrial_components,procure_to_pay,supplier_invoice,SI8662411,2025-05-02T15:29:00,E002,invoice_matched,received,paid,SI8662411,1.0,N
EV-000924,northfield_industrial_components,fulfillment,shipment,SH-50299,2025-05-02T17:09:00,E082,shipment_confirmed,picked,shipped,PS-SH-50299.pdf,1.0,N
EV-000581,northfield_industrial_components,quote_to_order,sales_order,SO-26377,2025-05-03T09:02:00,E075,order_entered,,open,customer_po_P985443,1.0,N
EV-000678,northfield_industrial_components,fulfillment,shipment,SH-50053,2025-05-03T09:35:00,E105,shipment_confirmed,picked,shipped,PS-SH-50053.pdf,1.0,N
EV-002812,northfield_industrial_components,manufacturing,work_order,WO-70174,2025-05-03T09:44:00,E009,wo_released,planned,released,MRP,1.0,N
EV-002684,northfield_industrial_components,manufacturing,work_order,WO-70105,2025-05-03T09:56:00,E055,wo_closed,in_process,closed,COC-WO-70105.pdf,1.0,N
EV-000248,northfield_industrial_components,quote_to_order,sales_order,SO-26051,2025-05-03T13:07:00,E064,order_entered,,open,customer_po_PUR-309771,1.0,N
EV-000106,northfield_industrial_components,quote_to_order,quote,Q-26106,2025-05-03T14:54:00,E066,quote_sent,draft,sent,Q-26106.pdf,1.0,N
EV-001069,northfield_industrial_components,order_to_cash,customer_invoice,INV-60053,2025-05-03T15:12:00,E002,invoice_issued,,open,INV-60053.pdf,1.0,N
EV-002238,northfield_industrial_components,procure_to_pay,receipt,RCV-40240,2025-05-04T09:43:00,E079,goods_received,open,received,PS373290,1.0,N
EV-002773,northfield_industrial_components,manufacturing,work_order,WO-70153,2025-05-04T10:04:00,E055,wo_closed,in_process,closed,COC-WO-70153.pdf,1.0,N
EV-000865,northfield_industrial_components,fulfillment,shipment,SH-50240,2025-05-04T10:57:00,E080,shipment_confirmed,picked,shipped,PS-SH-50240.pdf,1.0,N
EV-000136,northfield_industrial_components,quote_to_order,quote,Q-26136,2025-05-04T11:11:00,E072,quote_sent,draft,sent,Q-26136.pdf,1.0,N
EV-001256,northfield_industrial_components,order_to_cash,customer_invoice,INV-60240,2025-05-04T16:01:00,E002,invoice_issued,,open,INV-60240.pdf,1.0,N
EV-002662,northfield_industrial_components,manufacturing,work_order,WO-70094,2025-05-05T09:18:00,E082,wo_released,planned,released,MRP,1.0,N
EV-000291,northfield_industrial_components,quote_to_order,sales_order,SO-26094,2025-05-05T09:52:00,E066,order_entered,,open,customer_po_P778911,0.9,N
EV-002077,northfield_industrial_components,procure_to_pay,receipt,RCV-40079,2025-05-05T11:17:00,E078,goods_received,open,received,PS930966,1.0,N
EV-000895,northfield_industrial_components,fulfillment,shipment,SH-50270,2025-05-05T12:18:00,E082,shipment_confirmed,picked,shipped,PS-SH-50270.pdf,1.0,N
EV-000498,northfield_industrial_components,quote_to_order,sales_order,SO-26299,2025-05-05T12:35:00,E074,order_entered,,open,customer_po_PO460387,1.0,N
EV-001286,northfield_industrial_components,order_to_cash,customer_invoice,INV-60270,2025-05-05T15:04:00,E002,invoice_issued,,open,INV-60270.pdf,1.0,N
EV-001648,northfield_industrial_components,order_to_cash,customer_invoice,INV-60275,2025-05-05T15:10:00,system,payment_applied,open,paid,Email remittance,0.95,N
EV-001855,northfield_industrial_components,procure_to_pay,purchase_order,PO-31117,2025-05-05T15:11:00,E061,po_issued,draft,open,PO-31117.pdf,1.0,N
EV-002638,northfield_industrial_components,manufacturing,work_order,WO-70081,2025-05-05T15:43:00,E101,wo_released,planned,released,MRP,1.0,N
EV-002744,northfield_industrial_components,manufacturing,work_order,WO-70138,2025-05-06T07:42:00,E055,wo_closed,in_process,closed,COC-WO-70138.pdf,1.0,N
EV-001397,northfield_industrial_components,order_to_cash,customer_invoice,INV-60381,2025-05-06T09:17:00,E002,invoice_issued,,open,INV-60381.pdf,1.0,N
EV-002068,northfield_industrial_components,procure_to_pay,receipt,RCV-40070,2025-05-06T10:41:00,E102,goods_received,open,received,PS656159,1.0,N
EV-000963,northfield_industrial_components,fulfillment,shipment,SH-50338,2025-05-06T10:52:00,E100,shipment_confirmed,picked,shipped,PS-SH-50338.pdf,1.0,N
EV-000247,northfield_industrial_components,quote_to_order,sales_order,SO-26050,2025-05-06T11:55:00,E065,order_entered,,open,customer_po_P307946,1.0,N
EV-001354,northfield_industrial_components,order_to_cash,customer_invoice,INV-60338,2025-05-06T12:57:00,E002,invoice_issued,,open,INV-60338.pdf,1.0,N
EV-002818,northfield_industrial_components,manufacturing,work_order,WO-70177,2025-05-06T13:43:00,E043,wo_released,planned,released,MRP,1.0,N
EV-002799,northfield_industrial_components,manufacturing,work_order,WO-70167,2025-05-06T13:54:00,E054,wo_released,planned,released,MRP,1.0,N
EV-001559,northfield_industrial_components,order_to_cash,customer_invoice,INV-60177,2025-05-06T16:43:00,system,payment_applied,open,paid,Lockbox,1.0,N
EV-001006,northfield_industrial_components,fulfillment,shipment,SH-50381,2025-05-06T17:36:00,E100,shipment_confirmed,picked,shipped,PS-SH-50381.pdf,1.0,N
EV-001745,northfield_industrial_components,procure_to_pay,purchase_order,PO-31007,2025-05-07T08:36:00,E060,po_issued,draft,open,PO-31007.pdf,1.0,N
EV-002811,northfield_industrial_components,manufacturing,work_order,WO-70173,2025-05-07T10:01:00,E055,wo_closed,in_process,closed,COC-WO-70173.pdf,1.0,N
EV-000556,northfield_industrial_components,quote_to_order,sales_order,SO-26353,2025-05-07T15:29:00,E067,order_entered,,open,customer_po_4500766997,1.0,N
EV-002774,northfield_industrial_components,manufacturing,work_order,WO-70154,2025-05-07T17:31:00,E078,wo_released,planned,released,MRP,1.0,N
EV-002839,northfield_industrial_components,manufacturing,work_order,WO-70188,2025-05-07T17:47:00,E001,wo_released,planned,released,MRP,1.0,N
EV-002270,northfield_industrial_components,procure_to_pay,supplier_invoice,INV6802647,2025-05-08T07:07:00,E002,invoice_matched,received,paid,INV6802647,1.0,N
EV-000720,northfield_industrial_components,fulfillment,shipment,SH-50095,2025-05-08T08:15:00,E105,shipment_confirmed,picked,shipped,PS-SH-50095.pdf,1.0,N
EV-000237,northfield_industrial_components,quote_to_order,sales_order,SO-26040,2025-05-08T09:02:00,E065,order_entered,,open,customer_po_4500933901,0.9,N
EV-001110,northfield_industrial_components,order_to_cash,customer_invoice,INV-60094,2025-05-08T10:16:00,E002,invoice_issued,,open,INV-60094.pdf,1.0,N
EV-002262,northfield_industrial_components,procure_to_pay,supplier_invoice,306348,2025-05-08T10:59:00,E002,invoice_matched,received,paid,306348,1.0,N
EV-002748,northfield_industrial_components,manufacturing,work_order,WO-70140,2025-05-08T11:20:00,E055,wo_closed,in_process,closed,COC-WO-70140.pdf,1.0,N
EV-002324,northfield_industrial_components,procure_to_pay,supplier_invoice,INV1066654,2025-05-08T12:35:00,E002,match_exception,received,paid,INV1066654,0.7,Y
EV-000719,northfield_industrial_components,fulfillment,shipment,SH-50094,2025-05-08T14:55:00,E080,shipment_confirmed,picked,shipped,PS-SH-50094.pdf,1.0,N
EV-001111,northfield_industrial_components,order_to_cash,customer_invoice,INV-60095,2025-05-08T16:52:00,E002,invoice_issued,,open,INV-60095.pdf,1.0,N
EV-000186,northfield_industrial_components,quote_to_order,quote,Q-26186,2025-05-08T17:49:00,E064,quote_sent,draft,sent,Q-26186.pdf,1.0,N
EV-001743,northfield_industrial_components,procure_to_pay,purchase_order,PO-31005,2025-05-09T07:44:00,E061,po_issued,draft,open,PO-31005.pdf,1.0,N
EV-002776,northfield_industrial_components,manufacturing,work_order,WO-70155,2025-05-09T09:11:00,E067,wo_released,planned,released,MRP,1.0,N
EV-002598,northfield_industrial_components,manufacturing,work_order,WO-70059,2025-05-09T10:18:00,E027,wo_released,planned,released,MRP,1.0,N
EV-002376,northfield_industrial_components,procure_to_pay,supplier_invoice,91932295,2025-05-09T12:18:00,E002,invoice_matched,received,paid,91932295,1.0,N
EV-000459,northfield_industrial_components,quote_to_order,sales_order,SO-26261,2025-05-09T13:03:00,E067,order_entered,,open,customer_po_P413150,0.9,N
EV-002070,northfield_industrial_components,procure_to_pay,receipt,RCV-40072,2025-05-09T14:03:00,E076,goods_received,open,received,PS718463,0.85,Y
EV-000544,northfield_industrial_components,quote_to_order,sales_order,SO-26341,2025-05-09T15:44:00,E074,order_entered,,open,customer_po_4500856609,0.9,N
EV-002783,northfield_industrial_components,manufacturing,work_order,WO-70159,2025-05-09T16:48:00,E077,wo_released,planned,released,MRP,1.0,N
EV-000196,northfield_industrial_components,quote_to_order,quote,Q-26196,2025-05-10T07:21:00,E070,quote_sent,draft,sent,Q-26196.pdf,1.0,N
EV-002193,northfield_industrial_components,procure_to_pay,receipt,RCV-40195,2025-05-10T07:53:00,E099,goods_received,open,received,PS316896,0.85,Y
EV-001096,northfield_industrial_components,order_to_cash,customer_invoice,INV-60080,2025-05-10T08:51:00,E002,invoice_issued,,open,INV-60080.pdf,1.0,N
EV-000536,northfield_industrial_components,quote_to_order,sales_order,SO-26333,2025-05-10T09:58:00,E075,order_entered,,open,customer_po_PUR-507860,0.9,N
EV-002308,northfield_industrial_components,procure_to_pay,supplier_invoice,INV5944082,2025-05-10T12:04:00,E002,invoice_matched,received,paid,INV5944082,1.0,N
EV-000122,northfield_industrial_components,quote_to_order,quote,Q-26122,2025-05-10T15:53:00,E064,quote_sent,draft,sent,Q-26122.pdf,1.0,N
EV-002485,northfield_industrial_components,procure_to_pay,supplier_invoice,INV8674354,2025-05-10T17:06:00,E002,match_exception,received,paid,INV8674354,0.7,Y
EV-000705,northfield_industrial_components,fulfillment,shipment,SH-50080,2025-05-10T17:29:00,E106,shipment_confirmed,picked,shipped,PS-SH-50080.pdf,1.0,N
EV-000164,northfield_industrial_components,quote_to_order,quote,Q-26164,2025-05-11T07:42:00,E071,quote_sent,draft,sent,Q-26164.pdf,1.0,N
EV-000420,northfield_industrial_components,quote_to_order,sales_order,SO-26223,2025-05-11T08:57:00,E064,order_entered,,open,customer_po_PUR-648768,0.9,N
EV-000340,northfield_industrial_components,quote_to_order,sales_order,SO-26143,2025-05-11T10:31:00,E074,order_entered,,open,customer_po_4500276314,1.0,N
EV-002938,northfield_industrial_components,returns,rma,RMA-0023,2025-05-11T11:15:00,E067,rma_approved,requested,approved,INV-60094,1.0,N
EV-002890,northfield_industrial_components,manufacturing,work_order,WO-70216,2025-05-11T11:26:00,E056,wo_released,planned,released,MRP,1.0,N
EV-000161,northfield_industrial_components,quote_to_order,quote,Q-26161,2025-05-11T14:45:00,E068,quote_sent,draft,sent,Q-26161.pdf,1.0,N
EV-000475,northfield_industrial_components,quote_to_order,sales_order,SO-26277,2025-05-11T17:51:00,E068,order_entered,,open,customer_po_P163528,0.9,N
EV-001161,northfield_industrial_components,order_to_cash,customer_invoice,INV-60145,2025-05-12T07:02:00,E002,invoice_issued,,open,INV-60145.pdf,1.0,N
EV-001064,northfield_industrial_components,order_to_cash,customer_invoice,INV-60048,2025-05-12T07:39:00,E002,invoice_issued,,open,INV-60048.pdf,1.0,N
EV-002630,northfield_industrial_components,manufacturing,work_order,WO-70077,2025-05-12T08:46:00,E059,wo_released,planned,released,MRP,1.0,N
EV-001978,northfield_industrial_components,procure_to_pay,purchase_order,PO-31240,2025-05-12T08:59:00,E061,po_issued,draft,open,PO-31240.pdf,1.0,N
EV-000770,northfield_industrial_components,fulfillment,shipment,SH-50145,2025-05-12T09:48:00,E100,shipment_confirmed,picked,shipped,PS-SH-50145.pdf,1.0,N
EV-000673,northfield_industrial_components,fulfillment,shipment,SH-50048,2025-05-12T10:01:00,E103,shipment_confirmed,picked,shipped,PS-SH-50048.pdf,1.0,N
EV-002315,northfield_industrial_components,procure_to_pay,supplier_invoice,INV1561691,2025-05-12T15:09:00,E002,invoice_matched,received,paid,INV1561691,1.0,N
EV-002317,northfield_industrial_components,procure_to_pay,supplier_invoice,INV6064633,2025-05-12T17:05:00,E002,invoice_matched,received,paid,INV6064633,1.0,N
EV-000936,northfield_industrial_components,fulfillment,shipment,SH-50311,2025-05-13T08:47:00,E106,shipment_confirmed,picked,shipped,PS-SH-50311.pdf,1.0,N
EV-001327,northfield_industrial_components,order_to_cash,customer_invoice,INV-60311,2025-05-13T11:36:00,E002,invoice_issued,,open,INV-60311.pdf,1.0,N
EV-001049,northfield_industrial_components,order_to_cash,customer_invoice,INV-60033,2025-05-13T11:39:00,E002,invoice_issued,,open,INV-60033.pdf,1.0,N
EV-002440,northfield_industrial_components,procure_to_pay,supplier_invoice,8799739,2025-05-13T13:17:00,E002,invoice_matched,received,paid,8799739,1.0,N
EV-001154,northfield_industrial_components,order_to_cash,customer_invoice,INV-60138,2025-05-13T13:47:00,E002,invoice_issued,,open,INV-60138.pdf,1.0,N
EV-000763,northfield_industrial_components,fulfillment,shipment,SH-50138,2025-05-13T14:09:00,E100,shipment_confirmed,picked,shipped,PS-SH-50138.pdf,1.0,N
EV-000658,northfield_industrial_components,fulfillment,shipment,SH-50033,2025-05-13T14:24:00,E076,shipment_confirmed,picked,shipped,PS-SH-50033.pdf,1.0,N
EV-000497,northfield_industrial_components,quote_to_order,sales_order,SO-26298,2025-05-13T17:12:00,E068,order_entered,,open,customer_po_P903571,0.9,N
EV-000149,northfield_industrial_components,quote_to_order,quote,Q-26149,2025-05-14T07:12:00,E072,quote_sent,draft,sent,Q-26149.pdf,1.0,N
EV-000565,northfield_industrial_components,quote_to_order,sales_order,SO-26361,2025-05-14T08:25:00,E064,order_entered,,open,customer_po_PO186601,0.9,N
EV-000813,northfield_industrial_components,fulfillment,shipment,SH-50188,2025-05-14T08:33:00,E083,shipment_confirmed,picked,shipped,PS-SH-50188.pdf,1.0,N
EV-001880,northfield_industrial_components,procure_to_pay,purchase_order,PO-31142,2025-05-14T10:46:00,E061,po_issued,draft,open,PO-31142.pdf,1.0,N
EV-002864,northfield_industrial_components,manufacturing,work_order,WO-70201,2025-05-14T12:22:00,E010,wo_released,planned,released,MRP,1.0,N
EV-001204,northfield_industrial_components,order_to_cash,customer_invoice,INV-60188,2025-05-14T13:59:00,E002,invoice_issued,,open,INV-60188.pdf,1.0,N
EV-000057,northfield_industrial_components,quote_to_order,quote,Q-26057,2025-05-15T07:02:00,E066,quote_sent,draft,sent,Q-26057.pdf,1.0,N
EV-000202,northfield_industrial_components,quote_to_order,sales_order,SO-26005,2025-05-15T08:49:00,E074,order_entered,,open,customer_po_P177208,1.0,N
EV-001392,northfield_industrial_components,order_to_cash,customer_invoice,INV-60376,2025-05-15T12:54:00,E002,invoice_issued,,open,INV-60376.pdf,1.0,N
EV-000584,northfield_industrial_components,quote_to_order,sales_order,SO-26380,2025-05-15T15:14:00,E064,order_entered,,open,customer_po_P105934,0.9,N
EV-001001,northfield_industrial_components,fulfillment,shipment,SH-50376,2025-05-15T16:34:00,E079,shipment_confirmed,picked,shipped,PS-SH-50376.pdf,1.0,N
EV-002530,northfield_industrial_components,manufacturing,work_order,WO-70020,2025-05-15T17:55:00,E055,wo_closed,in_process,closed,COC-WO-70020.pdf,1.0,N
EV-002230,northfield_industrial_components,procure_to_pay,receipt,RCV-40232,2025-05-15T17:58:00,E082,goods_received,open,received,PS769005,1.0,N
EV-000538,northfield_industrial_components,quote_to_order,sales_order,SO-26335,2025-05-16T08:24:00,E065,order_entered,,open,customer_po_P263857,1.0,N
EV-001112,northfield_industrial_components,order_to_cash,customer_invoice,INV-60096,2025-05-16T09:09:00,E002,invoice_issued,,open,INV-60096.pdf,1.0,N
EV-000623,northfield_industrial_components,quote_to_order,sales_order,SO-26418,2025-05-16T09:11:00,E065,order_entered,,open,customer_po_PUR-963495,1.0,N
EV-002538,northfield_industrial_components,manufacturing,work_order,WO-70025,2025-05-16T09:53:00,E044,wo_released,planned,released,MRP,1.0,N
EV-000721,northfield_industrial_components,fulfillment,shipment,SH-50096,2025-05-16T11:02:00,E102,shipment_confirmed,picked,shipped,PS-SH-50096.pdf,1.0,N
EV-001765,northfield_industrial_components,procure_to_pay,purchase_order,PO-31027,2025-05-16T13:23:00,E062,po_issued,draft,open,PO-31027.pdf,1.0,N
EV-001695,northfield_industrial_components,order_to_cash,customer_invoice,INV-60335,2025-05-16T17:56:00,system,payment_applied,open,paid,Bank feed,1.0,N
EV-002775,northfield_industrial_components,manufacturing,work_order,WO-70154,2025-05-17T07:48:00,E055,wo_closed,in_process,closed,COC-WO-70154.pdf,1.0,N
EV-001921,northfield_industrial_components,procure_to_pay,purchase_order,PO-31183,2025-05-17T08:33:00,E063,po_issued,draft,open,PO-31183.pdf,1.0,N
EV-001100,northfield_industrial_components,order_to_cash,customer_invoice,INV-60084,2025-05-17T09:31:00,E002,invoice_issued,,open,INV-60084.pdf,1.0,N
EV-002543,northfield_industrial_components,manufacturing,work_order,WO-70028,2025-05-17T09:33:00,E089,wo_released,planned,released,MRP,1.0,N
EV-002095,northfield_industrial_components,procure_to_pay,receipt,RCV-40097,2025-05-17T12:03:00,E079,goods_received,open,received,PS990324,1.0,N
EV-000038,northfield_industrial_components,quote_to_order,quote,Q-26038,2025-05-17T13:40:00,E069,quote_sent,draft,sent,Q-26038.pdf,1.0,N
EV-000709,northfield_industrial_components,fulfillment,shipment,SH-50084,2025-05-17T13:40:00,E101,shipment_confirmed,picked,shipped,PS-SH-50084.pdf,1.0,N
EV-001251,northfield_industrial_components,order_to_cash,customer_invoice,INV-60235,2025-05-17T15:00:00,E002,invoice_issued,,open,INV-60235.pdf,1.0,N
EV-000860,northfield_industrial_components,fulfillment,shipment,SH-50235,2025-05-17T16:01:00,E099,shipment_confirmed,picked,shipped,PS-SH-50235.pdf,1.0,N
EV-000042,northfield_industrial_components,quote_to_order,quote,Q-26042,2025-05-18T15:17:00,E068,quote_sent,draft,sent,Q-26042.pdf,1.0,N
EV-002202,northfield_industrial_components,procure_to_pay,receipt,RCV-40204,2025-05-18T15:55:00,E079,goods_received,open,received,PS769458,1.0,N
EV-000159,northfield_industrial_components,quote_to_order,quote,Q-26159,2025-05-19T10:40:00,E071,quote_sent,draft,sent,Q-26159.pdf,1.0,N
EV-000461,northfield_industrial_components,quote_to_order,sales_order,SO-26263,2025-05-19T11:33:00,E074,order_entered,,open,customer_po_PUR-315016,1.0,N
EV-001495,northfield_industrial_components,order_to_cash,customer_invoice,INV-60101,2025-05-19T14:27:00,system,payment_applied,open,paid,Bank feed,1.0,N
EV-000444,northfield_industrial_components,quote_to_order,sales_order,SO-26247,2025-05-19T15:25:00,E075,order_entered,,open,customer_po_PO173617,1.0,N
EV-001787,northfield_industrial_components,procure_to_pay,purchase_order,PO-31049,2025-05-20T07:25:00,E060,po_issued,draft,open,PO-31049.pdf,1.0,N
EV-001252,northfield_industrial_components,order_to_cash,customer_invoice,INV-60236,2025-05-20T08:58:00,E002,invoice_issued,,open,INV-60236.pdf,1.0,N
EV-001959,northfield_industrial_components,procure_to_pay,purchase_order,PO-31221,2025-05-20T11:53:00,E063,po_issued,draft,open,PO-31221.pdf,1.0,N
EV-000861,northfield_industrial_components,fulfillment,shipment,SH-50236,2025-05-20T12:11:00,E076,shipment_confirmed,picked,shipped,PS-SH-50236.pdf,1.0,N
EV-002515,northfield_industrial_components,manufacturing,work_order,WO-70012,2025-05-20T14:38:00,E055,wo_closed,in_process,closed,COC-WO-70012.pdf,1.0,N
EV-000504,northfield_industrial_components,quote_to_order,sales_order,SO-26305,2025-05-20T15:28:00,E075,order_entered,,open,customer_po_PUR-776471,0.9,N
EV-001450,northfield_industrial_components,order_to_cash,customer_invoice,INV-60048,2025-05-20T17:38:00,system,payment_applied,open,paid,Bank feed,1.0,N
EV-000246,northfield_industrial_components,quote_to_order,sales_order,SO-26049,2025-05-21T07:28:00,E065,order_entered,,open,customer_po_4500242513,0.9,N
EV-000313,northfield_industrial_components,quote_to_order,sales_order,SO-26116,2025-05-21T11:21:00,E073,order_entered,,open,customer_po_4500118555,0.9,N
EV-002688,northfield_industrial_components,manufacturing,work_order,WO-70108,2025-05-21T13:25:00,E046,wo_released,planned,released,MRP,1.0,N
EV-000279,northfield_industrial_components,quote_to_order,sales_order,SO-26082,2025-05-21T14:34:00,E075,order_entered,,open,customer_po_PO742224,1.0,N
EV-002681,northfield_industrial_components,manufacturing,work_order,WO-70104,2025-05-22T07:22:00,E093,wo_released,planned,released,MRP,1.0,N
EV-002011,northfield_industrial_components,procure_to_pay,receipt,RCV-40013,2025-05-22T12:21:00,E076,goods_received,open,received,PS475841,1.0,N
EV-000221,northfield_industrial_components,quote_to_order,sales_order,SO-26024,2025-05-22T12:35:00,E068,order_entered,,open,customer_po_4500292391,0.9,N
EV-002792,northfield_industrial_components,manufacturing,work_order,WO-70163,2025-05-22T13:42:00,E055,wo_closed,in_process,closed,COC-WO-70163.pdf,1.0,N
EV-002624,northfield_industrial_components,manufacturing,work_order,WO-70074,2025-05-23T07:02:00,E032,wo_released,planned,released,MRP,1.0,N
EV-002216,northfield_industrial_components,procure_to_pay,receipt,RCV-40218,2025-05-23T08:29:00,E105,goods_received,open,received,PS919886,1.0,N
EV-001188,northfield_industrial_components,order_to_cash,customer_invoice,INV-60172,2025-05-23T08:36:00,E002,invoice_issued,,open,INV-60172.pdf,1.0,N
EV-000213,northfield_industrial_components,quote_to_order,sales_order,SO-26016,2025-05-23T10:15:00,E074,order_entered,,open,customer_po_4500178650,0.9,N
EV-002539,northfield_industrial_components,manufacturing,work_order,WO-70025,2025-05-23T10:57:00,E055,wo_closed,in_process,closed,COC-WO-70025.pdf,1.0,N
EV-002226,northfield_industrial_components,procure_to_pay,receipt,RCV-40228,2025-05-23T15:43:00,E082,goods_received,open,received,PS459168,1.0,N
EV-000797,northfield_industrial_components,fulfillment,shipment,SH-50172,2025-05-23T16:41:00,E078,shipment_confirmed,picked,shipped,PS-SH-50172.pdf,1.0,N
EV-002079,northfield_industrial_components,procure_to_pay,receipt,RCV-40081,2025-05-24T07:37:00,E101,goods_received,open,received,PS377034,1.0,N
EV-001297,northfield_industrial_components,order_to_cash,customer_invoice,INV-60281,2025-05-24T08:01:00,E002,invoice_issued,,open,INV-60281.pdf,1.0,N
EV-000098,northfield_industrial_components,quote_to_order,quote,Q-26098,2025-05-24T08:29:00,E067,quote_sent,draft,sent,Q-26098.pdf,1.0,N
EV-000410,northfield_industrial_components,quote_to_order,sales_order,SO-26213,2025-05-24T08:40:00,E075,order_entered,,open,customer_po_P871366,0.9,N
EV-002663,northfield_industrial_components,manufacturing,work_order,WO-70094,2025-05-24T10:25:00,E055,wo_closed,in_process,closed,COC-WO-70094.pdf,1.0,N
EV-000906,northfield_industrial_components,fulfillment,shipment,SH-50281,2025-05-24T11:26:00,E100,shipment_confirmed,picked,shipped,PS-SH-50281.pdf,1.0,N
EV-002342,northfield_industrial_components,procure_to_pay,supplier_invoice,93163940,2025-05-24T15:47:00,E002,invoice_matched,received,paid,93163940,1.0,N
EV-002903,northfield_industrial_components,quality,ncr,NCR-0004,2025-05-24T16:06:00,E055,ncr_opened,,open,RCV-40218,1.0,Y
EV-000355,northfield_industrial_components,quote_to_order,sales_order,SO-26158,2025-05-24T16:51:00,E067,order_entered,,open,customer_po_PO588414,1.0,N
EV-001758,northfield_industrial_components,procure_to_pay,purchase_order,PO-31020,2025-05-24T17:51:00,E061,po_issued,draft,open,PO-31020.pdf,1.0,N
EV-000531,northfield_industrial_components,quote_to_order,sales_order,SO-26329,2025-05-25T08:00:00,E074,order_entered,,open,customer_po_PUR-304268,1.0,N
EV-001358,northfield_industrial_components,order_to_cash,customer_invoice,INV-60342,2025-05-25T08:56:00,E002,invoice_issued,,open,INV-60342.pdf,1.0,N
EV-002003,northfield_industrial_components,procure_to_pay,receipt,RCV-40005,2025-05-25T10:57:00,E100,goods_received,open,received,PS537448,0.85,Y
EV-000662,northfield_industrial_components,fulfillment,shipment,SH-50037,2025-05-25T11:37:00,E099,shipment_confirmed,picked,shipped,PS-SH-50037.pdf,1.0,N
EV-002831,northfield_industrial_components,manufacturing,work_order,WO-70184,2025-05-25T12:25:00,E019,wo_released,planned,released,MRP,1.0,N
EV-002326,northfield_industrial_components,procure_to_pay,supplier_invoice,SI2257488,2025-05-25T12:26:00,E002,invoice_matched,received,paid,SI2257488,1.0,N
EV-000967,northfield_industrial_components,fulfillment,shipment,SH-50342,2025-05-25T13:17:00,E102,shipment_confirmed,picked,shipped,PS-SH-50342.pdf,1.0,N
EV-001053,northfield_industrial_components,order_to_cash,customer_invoice,INV-60037,2025-05-25T14:04:00,E002,invoice_issued,,open,INV-60037.pdf,1.0,N
EV-000244,northfield_industrial_components,quote_to_order,sales_order,SO-26047,2025-05-26T12:01:00,E074,order_entered,,open,customer_po_PO632590,0.9,N
EV-000698,northfield_industrial_components,fulfillment,shipment,SH-50073,2025-05-26T12:07:00,E102,shipment_confirmed,picked,shipped,PS-SH-50073.pdf,1.0,N
EV-000638,northfield_industrial_components,fulfillment,shipment,SH-50013,2025-05-26T12:18:00,E106,shipment_confirmed,picked,shipped,PS-SH-50013.pdf,1.0,N
EV-001029,northfield_industrial_components,order_to_cash,customer_invoice,INV-60013,2025-05-26T13:14:00,E002,invoice_issued,,open,INV-60013.pdf,1.0,N
EV-000873,northfield_industrial_components,fulfillment,shipment,SH-50248,2025-05-26T13:48:00,E080,shipment_confirmed,picked,shipped,PS-SH-50248.pdf,1.0,N
EV-002477,northfield_industrial_components,procure_to_pay,supplier_invoice,8644998,2025-05-26T14:58:00,E002,invoice_matched,received,paid,8644998,1.0,N
EV-001517,northfield_industrial_components,order_to_cash,customer_invoice,INV-60127,2025-05-26T15:33:00,system,payment_applied,open,paid,Lockbox,1.0,N
EV-001264,northfield_industrial_components,order_to_cash,customer_invoice,INV-60248,2025-05-26T17:43:00,E002,invoice_issued,,open,INV-60248.pdf,1.0,N
EV-001089,northfield_industrial_components,order_to_cash,customer_invoice,INV-60073,2025-05-26T17:58:00,E002,invoice_issued,,open,INV-60073.pdf,1.0,N
EV-001102,northfield_industrial_components,order_to_cash,customer_invoice,INV-60086,2025-05-27T12:27:00,E002,invoice_issued,,open,INV-60086.pdf,1.0,N
EV-000711,northfield_industrial_components,fulfillment,shipment,SH-50086,2025-05-27T13:37:00,E101,shipment_confirmed,picked,shipped,PS-SH-50086.pdf,1.0,N
EV-002816,northfield_industrial_components,manufacturing,work_order,WO-70176,2025-05-27T13:54:00,E103,wo_released,planned,released,MRP,1.0,N
EV-002800,northfield_industrial_components,manufacturing,work_order,WO-70167,2025-05-27T14:42:00,E055,wo_closed,in_process,closed,COC-WO-70167.pdf,1.0,N
EV-000871,northfield_industrial_components,fulfillment,shipment,SH-50246,2025-05-28T07:48:00,E079,shipment_confirmed,picked,shipped,PS-SH-50246.pdf,1.0,N
EV-002819,northfield_industrial_components,manufacturing,work_order,WO-70177,2025-05-28T10:16:00,E055,wo_closed,in_process,closed,COC-WO-70177.pdf,1.0,N
EV-001262,northfield_industrial_components,order_to_cash,customer_invoice,INV-60246,2025-05-28T10:29:00,E002,invoice_issued,,open,INV-60246.pdf,1.0,N
EV-001063,northfield_industrial_components,order_to_cash,customer_invoice,INV-60047,2025-05-28T10:33:00,E002,invoice_issued,,open,INV-60047.pdf,1.0,N
EV-001947,northfield_industrial_components,procure_to_pay,purchase_order,PO-31209,2025-05-28T11:03:00,E063,po_issued,draft,open,PO-31209.pdf,1.0,N
EV-002172,northfield_industrial_components,procure_to_pay,receipt,RCV-40174,2025-05-28T11:50:00,E100,goods_received,open,received,PS509239,1.0,N
EV-000672,northfield_industrial_components,fulfillment,shipment,SH-50047,2025-05-28T12:37:00,E076,shipment_confirmed,picked,shipped,PS-SH-50047.pdf,1.0,N
EV-002837,northfield_industrial_components,manufacturing,work_order,WO-70187,2025-05-28T13:55:00,E028,wo_released,planned,released,MRP,1.0,N
EV-002092,northfield_industrial_components,procure_to_pay,receipt,RCV-40094,2025-05-28T14:29:00,E106,goods_received,open,received,PS383974,0.85,Y
EV-002449,northfield_industrial_components,procure_to_pay,supplier_invoice,SI1016405,2025-05-28T14:37:00,E002,invoice_matched,received,paid,SI1016405,1.0,N
EV-002463,northfield_industrial_components,procure_to_pay,supplier_invoice,7169175,2025-05-28T14:37:00,E002,invoice_matched,received,paid,7169175,1.0,N
EV-001924,northfield_industrial_components,procure_to_pay,purchase_order,PO-31186,2025-05-28T15:19:00,E061,po_issued,draft,open,PO-31186.pdf,1.0,N
EV-002887,northfield_industrial_components,manufacturing,work_order,WO-70214,2025-05-28T16:05:00,E057,wo_released,planned,released,MRP,1.0,N
EV-001062,northfield_industrial_components,order_to_cash,customer_invoice,INV-60046,2025-05-28T17:22:00,E002,invoice_issued,,open,INV-60046.pdf,1.0,N
EV-000671,northfield_industrial_components,fulfillment,shipment,SH-50046,2025-05-28T17:23:00,E082,shipment_confirmed,picked,shipped,PS-SH-50046.pdf,1.0,N
EV-002813,northfield_industrial_components,manufacturing,work_order,WO-70174,2025-05-28T17:41:00,E055,wo_closed,in_process,closed,COC-WO-70174.pdf,1.0,N
EV-001225,northfield_industrial_components,order_to_cash,customer_invoice,INV-60209,2025-05-29T09:04:00,E002,invoice_issued,,open,INV-60209.pdf,1.0,N
EV-000834,northfield_industrial_components,fulfillment,shipment,SH-50209,2025-05-29T10:23:00,E078,shipment_confirmed,picked,shipped,PS-SH-50209.pdf,1.0,N
EV-000143,northfield_industrial_components,quote_to_order,quote,Q-26143,2025-05-29T11:45:00,E072,quote_sent,draft,sent,Q-26143.pdf,1.0,N
EV-000624,northfield_industrial_components,quote_to_order,sales_order,SO-26419,2025-05-29T13:09:00,E066,order_entered,,open,customer_po_PO406920,1.0,N
EV-002121,northfield_industrial_components,procure_to_pay,receipt,RCV-40123,2025-05-30T08:21:00,E101,goods_received,open,received,PS759929,1.0,N
EV-002631,northfield_industrial_components,manufacturing,work_order,WO-70077,2025-05-30T08:49:00,E055,wo_closed,in_process,closed,COC-WO-70077.pdf,1.0,N
EV-000285,northfield_industrial_components,quote_to_order,sales_order,SO-26088,2025-05-30T11:46:00,E074,order_entered,,open,customer_po_PUR-948158,1.0,N
EV-001618,northfield_industrial_components,order_to_cash,customer_invoice,INV-60240,2025-05-30T16:00:00,system,payment_applied,open,paid,Email remittance,0.95,N
EV-002473,northfield_industrial_components,procure_to_pay,supplier_invoice,5982708,2025-05-30T16:03:00,E002,invoice_matched,received,paid,5982708,1.0,N
EV-002860,northfield_industrial_components,manufacturing,work_order,WO-70199,2025-05-30T17:37:00,E074,wo_released,planned,released,MRP,1.0,N
EV-002206,northfield_industrial_components,procure_to_pay,receipt,RCV-40208,2025-05-31T07:44:00,E078,goods_received,open,received,PS556642,1.0,N
EV-002250,northfield_industrial_components,procure_to_pay,supplier_invoice,98997823,2025-05-31T07:48:00,E002,invoice_matched,received,paid,98997823,1.0,N
EV-002682,northfield_industrial_components,manufacturing,work_order,WO-70104,2025-05-31T10:05:00,E055,wo_closed,in_process,closed,COC-WO-70104.pdf,1.0,N
EV-000545,northfield_industrial_components,quote_to_order,sales_order,SO-26342,2025-05-31T10:58:00,E074,order_entered,,open,customer_po_PUR-658538,0.9,N
EV-000366,northfield_industrial_components,quote_to_order,sales_order,SO-26169,2025-05-31T14:37:00,E066,order_entered,,open,customer_po_PUR-582697,1.0,N
EV-002599,northfield_industrial_components,manufacturing,work_order,WO-70059,2025-05-31T15:20:00,E055,wo_closed,in_process,closed,COC-WO-70059.pdf,1.0,N
EV-002258,northfield_industrial_components,procure_to_pay,supplier_invoice,SI7035380,2025-05-31T17:30:00,E002,invoice_matched,received,paid,SI7035380,1.0,N
EV-000885,northfield_industrial_components,fulfillment,shipment,SH-50260,2025-06-01T07:15:00,E076,shipment_confirmed,picked,shipped,PS-SH-50260.pdf,1.0,N
EV-000287,northfield_industrial_components,quote_to_order,sales_order,SO-26090,2025-06-01T07:57:00,E075,order_entered,,open,customer_po_PUR-230144,0.9,N
EV-002639,northfield_industrial_components,manufacturing,work_order,WO-70081,2025-06-01T09:37:00,E055,wo_closed,in_process,closed,COC-WO-70081.pdf,1.0,N
EV-002339,northfield_industrial_components,procure_to_pay,supplier_invoice,7256388,2025-06-01T10:54:00,E002,invoice_matched,received,paid,7256388,1.0,N
EV-000974,northfield_industrial_components,fulfillment,shipment,SH-50349,2025-06-01T11:58:00,E079,shipment_confirmed,picked,shipped,PS-SH-50349.pdf,1.0,N
EV-000757,northfield_industrial_components,fulfillment,shipment,SH-50132,2025-06-01T12:12:00,E100,shipment_confirmed,picked,shipped,PS-SH-50132.pdf,1.0,N
EV-001276,northfield_industrial_components,order_to_cash,customer_invoice,INV-60260,2025-06-01T12:24:00,E002,invoice_issued,,open,INV-60260.pdf,1.0,N
EV-001148,northfield_industrial_components,order_to_cash,customer_invoice,INV-60132,2025-06-01T13:07:00,E002,invoice_issued,,open,INV-60132.pdf,1.0,N
EV-001809,northfield_industrial_components,procure_to_pay,purchase_order,PO-31071,2025-06-01T13:27:00,E062,po_issued,draft,open,PO-31071.pdf,1.0,N
EV-001365,northfield_industrial_components,order_to_cash,customer_invoice,INV-60349,2025-06-01T15:19:00,E002,invoice_issued,,open,INV-60349.pdf,1.0,N
EV-000396,northfield_industrial_components,quote_to_order,sales_order,SO-26199,2025-06-02T11:13:00,E067,order_entered,,open,customer_po_PO467508,0.9,N
EV-001692,northfield_industrial_components,order_to_cash,customer_invoice,INV-60331,2025-06-02T14:41:00,system,payment_applied,open,paid,Bank feed,1.0,N
EV-002584,northfield_industrial_components,manufacturing,work_order,WO-70052,2025-06-02T15:33:00,E102,wo_released,planned,released,MRP,1.0,N
EV-002024,northfield_industrial_components,procure_to_pay,receipt,RCV-40026,2025-06-03T08:01:00,E104,goods_received,open,received,PS319362,0.85,Y
EV-000630,northfield_industrial_components,fulfillment,shipment,SH-50005,2025-06-03T08:04:00,E081,shipment_confirmed,picked,shipped,PS-SH-50005.pdf,1.0,N
EV-001248,northfield_industrial_components,order_to_cash,customer_invoice,INV-60232,2025-06-03T08:57:00,E002,invoice_issued,,open,INV-60232.pdf,1.0,N
EV-001021,northfield_industrial_components,order_to_cash,customer_invoice,INV-60005,2025-06-03T10:13:00,E002,invoice_issued,,open,INV-60005.pdf,1.0,N
EV-000405,northfield_industrial_components,quote_to_order,sales_order,SO-26208,2025-06-03T11:31:00,E064,order_entered,,open,customer_po_P460800,1.0,N
EV-001654,northfield_industrial_components,order_to_cash,customer_invoice,INV-60283,2025-06-03T13:11:00,system,payment_applied,open,paid,Portal,1.0,N
EV-001936,northfield_industrial_components,procure_to_pay,purchase_order,PO-31198,2025-06-03T14:20:00,E063,po_issued,draft,open,PO-31198.pdf,1.0,N
EV-000857,northfield_industrial_components,fulfillment,shipment,SH-50232,2025-06-03T16:07:00,E082,shipment_confirmed,picked,shipped,PS-SH-50232.pdf,1.0,N
EV-001977,northfield_industrial_components,procure_to_pay,purchase_order,PO-31239,2025-06-03T17:55:00,E061,po_issued,draft,open,PO-31239.pdf,1.0,N
EV-002025,northfield_industrial_components,procure_to_pay,receipt,RCV-40027,2025-06-04T11:38:00,E079,goods_received,open,received,PS836938,0.85,Y
EV-001760,northfield_industrial_components,procure_to_pay,purchase_order,PO-31022,2025-06-04T15:00:00,E062,po_issued,draft,open,PO-31022.pdf,1.0,N
EV-000943,northfield_industrial_components,fulfillment,shipment,SH-50318,2025-06-05T08:57:00,E079,shipment_confirmed,picked,shipped,PS-SH-50318.pdf,1.0,N
EV-002271,northfield_industrial_components,procure_to_pay,supplier_invoice,91769614,2025-06-05T09:19:00,E002,invoice_matched,received,paid,91769614,1.0,N
EV-001772,northfield_industrial_components,procure_to_pay,purchase_order,PO-31034,2025-06-05T09:20:00,E062,po_issued,draft,open,PO-31034.pdf,1.0,N
EV-001345,northfield_industrial_components,order_to_cash,customer_invoice,INV-60329,2025-06-05T09:54:00,E002,invoice_issued,,open,INV-60329.pdf,1.0,N
EV-001546,northfield_industrial_components,order_to_cash,customer_invoice,INV-60161,2025-06-05T10:11:00,system,payment_applied,open,paid,Bank feed,1.0,N
EV-001475,northfield_industrial_components,order_to_cash,customer_invoice,INV-60080,2025-06-05T10:13:00,system,payment_applied,open,paid,Bank feed,1.0,N
EV-001617,northfield_industrial_components,order_to_cash,customer_invoice,INV-60239,2025-06-05T10:47:00,system,payment_applied,open,paid,Email remittance,0.95,N
EV-000232,northfield_industrial_components,quote_to_order,sales_order,SO-26035,2025-06-05T11:26:00,E073,order_entered,,open,customer_po_4500167838,0.9,N
EV-001334,northfield_industrial_components,order_to_cash,customer_invoice,INV-60318,2025-06-05T12:33:00,E002,invoice_issued,,open,INV-60318.pdf,1.0,N
EV-002113,northfield_industrial_components,procure_to_pay,receipt,RCV-40115,2025-06-05T16:15:00,E076,goods_received,open,received,PS406767,0.85,Y
EV-000119,northfield_industrial_components,quote_to_order,quote,Q-26119,2025-06-05T16:24:00,E072,quote_sent,draft,sent,Q-26119.pdf,1.0,N
EV-002544,northfield_industrial_components,manufacturing,work_order,WO-70028,2025-06-05T16:30:00,E055,wo_closed,in_process,closed,COC-WO-70028.pdf,1.0,N
EV-002419,northfield_industrial_components,procure_to_pay,supplier_invoice,INV183023,2025-06-05T17:03:00,E002,invoice_matched,received,paid,INV183023,1.0,N
EV-000954,northfield_industrial_components,fulfillment,shipment,SH-50329,2025-06-05T17:16:00,E081,shipment_confirmed,picked,shipped,PS-SH-50329.pdf,1.0,N
EV-002272,northfield_industrial_components,procure_to_pay,supplier_invoice,INV6367144,2025-06-05T17:51:00,E002,invoice_matched,received,paid,INV6367144,1.0,N
EV-000537,northfield_industrial_components,quote_to_order,sales_order,SO-26334,2025-06-06T07:11:00,E074,order_entered,,open,customer_po_PO743862,0.9,N
EV-002360,northfield_industrial_components,procure_to_pay,supplier_invoice,SI635022,2025-06-06T08:21:00,E002,invoice_matched,received,paid,SI635022,1.0,N
EV-000069,northfield_industrial_components,quote_to_order,quote,Q-26069,2025-06-06T08:24:00,E064,quote_sent,draft,sent,Q-26069.pdf,1.0,N
EV-001630,northfield_industrial_components,order_to_cash,customer_invoice,INV-60254,2025-06-06T09:09:00,system,payment_applied,open,paid,Portal,1.0,N
EV-001918,northfield_industrial_components,procure_to_pay,purchase_order,PO-31180,2025-06-06T14:36:00,E062,po_issued,draft,open,PO-31180.pdf,1.0,N
EV-002507,northfield_industrial_components,manufacturing,work_order,WO-70008,2025-06-06T16:37:00,E046,wo_released,planned,released,MRP,1.0,N
EV-002784,northfield_industrial_components,manufacturing,work_order,WO-70159,2025-06-06T17:29:00,E055,wo_closed,in_process,closed,COC-WO-70159.pdf,1.0,N
EV-001878,northfield_industrial_components,procure_to_pay,purchase_order,PO-31140,2025-06-06T17:45:00,E062,po_issued,draft,open,PO-31140.pdf,1.0,N
EV-001917,northfield_industrial_components,procure_to_pay,purchase_order,PO-31179,2025-06-06T17:58:00,E060,po_issued,draft,open,PO-31179.pdf,1.0,N
EV-002891,northfield_industrial_components,manufacturing,work_order,WO-70216,2025-06-07T08:33:00,E055,wo_closed,in_process,closed,COC-WO-70216.pdf,1.0,N
EV-001353,northfield_industrial_components,order_to_cash,customer_invoice,INV-60337,2025-06-07T14:06:00,E002,invoice_issued,,open,INV-60337.pdf,1.0,N
EV-000962,northfield_industrial_components,fulfillment,shipment,SH-50337,2025-06-07T14:45:00,E106,shipment_confirmed,picked,shipped,PS-SH-50337.pdf,1.0,N
EV-001296,northfield_industrial_components,order_to_cash,customer_invoice,INV-60280,2025-06-08T07:04:00,E002,invoice_issued,,open,INV-60280.pdf,1.0,N
EV-000083,northfield_industrial_components,quote_to_order,quote,Q-26083,2025-06-08T07:38:00,E071,quote_sent,draft,sent,Q-26083.pdf,1.0,N
EV-000934,northfield_industrial_components,fulfillment,shipment,SH-50309,2025-06-08T11:03:00,E099,shipment_confirmed,picked,shipped,PS-SH-50309.pdf,1.0,N
EV-002453,northfield_industrial_components,procure_to_pay,supplier_invoice,INV5616204,2025-06-08T12:19:00,E002,invoice_matched,received,paid,INV5616204,1.0,N
EV-002505,northfield_industrial_components,manufacturing,work_order,WO-70007,2025-06-08T13:38:00,E047,wo_released,planned,released,MRP,1.0,N
EV-001325,northfield_industrial_components,order_to_cash,customer_invoice,INV-60309,2025-06-08T15:20:00,E002,invoice_issued,,open,INV-60309.pdf,1.0,N
EV-001715,northfield_industrial_components,order_to_cash,customer_invoice,INV-60360,2025-06-08T15:21:00,system,payment_applied,open,paid,Bank feed,1.0,N
EV-000526,northfield_industrial_components,quote_to_order,sales_order,SO-26325,2025-06-08T15:27:00,E074,order_entered,,open,customer_po_4500932563,0.9,N
EV-000421,northfield_industrial_components,quote_to_order,sales_order,SO-26224,2025-06-08T16:05:00,E064,order_entered,,open,customer_po_PUR-870568,0.9,N
EV-002368,northfield_industrial_components,procure_to_pay,supplier_invoice,SI5886563,2025-06-08T16:05:00,E002,invoice_matched,received,paid,SI5886563,1.0,N
EV-000905,northfield_industrial_components,fulfillment,shipment,SH-50280,2025-06-08T16:54:00,E078,shipment_confirmed,picked,shipped,PS-SH-50280.pdf,1.0,N
EV-001960,northfield_industrial_components,procure_to_pay,purchase_order,PO-31222,2025-06-08T17:39:00,E060,po_issued,draft,open,PO-31222.pdf,1.0,N
EV-002749,northfield_industrial_components,manufacturing,work_order,WO-70141,2025-06-09T09:27:00,E070,wo_released,planned,released,MRP,1.0,N
EV-000439,northfield_industrial_components,quote_to_order,sales_order,SO-26242,2025-06-09T10:28:00,E065,order_entered,,open,customer_po_PO215085,1.0,N
EV-000073,northfield_industrial_components,quote_to_order,quote,Q-26073,2025-06-09T12:10:00,E071,quote_sent,draft,sent,Q-26073.pdf,1.0,N
EV-001853,northfield_industrial_components,procure_to_pay,purchase_order,PO-31115,2025-06-09T12:18:00,E062,po_issued,draft,open,PO-31115.pdf,1.0,N
EV-002730,northfield_industrial_components,manufacturing,work_order,WO-70131,2025-06-09T13:52:00,E014,wo_released,planned,released,MRP,1.0,N
EV-000182,northfield_industrial_components,quote_to_order,quote,Q-26182,2025-06-10T09:04:00,E070,quote_sent,draft,sent,Q-26182.pdf,1.0,N
EV-000516,northfield_industrial_components,quote_to_order,sales_order,SO-26315,2025-06-10T09:38:00,E074,order_entered,,open,customer_po_PUR-212689,0.9,N
EV-002865,northfield_industrial_components,manufacturing,work_order,WO-70201,2025-06-10T10:37:00,E055,wo_closed,in_process,closed,COC-WO-70201.pdf,1.0,N
EV-002018,northfield_industrial_components,procure_to_pay,receipt,RCV-40020,2025-06-10T16:55:00,E100,goods_received,open,received,PS795080,1.0,N
EV-000977,northfield_industrial_components,fulfillment,shipment,SH-50352,2025-06-11T12:34:00,E101,shipment_confirmed,picked,shipped,PS-SH-50352.pdf,1.0,N
EV-000338,northfield_industrial_components,quote_to_order,sales_order,SO-26141,2025-06-11T14:37:00,E068,order_entered,,open,customer_po_PO465920,0.9,N
EV-001368,northfield_industrial_components,order_to_cash,customer_invoice,INV-60352,2025-06-11T15:32:00,E002,invoice_issued,,open,INV-60352.pdf,1.0,N
EV-000310,northfield_industrial_components,quote_to_order,sales_order,SO-26113,2025-06-12T08:38:00,E073,order_entered,,open,customer_po_PO790201,0.9,N
EV-001932,northfield_industrial_components,procure_to_pay,purchase_order,PO-31194,2025-06-12T09:40:00,E060,po_issued,draft,open,PO-31194.pdf,1.0,N
EV-001767,northfield_industrial_components,procure_to_pay,purchase_order,PO-31029,2025-06-12T09:45:00,E061,po_issued,draft,open,PO-31029.pdf,1.0,N
EV-001884,northfield_industrial_components,procure_to_pay,purchase_order,PO-31146,2025-06-12T12:18:00,E060,po_issued,draft,open,PO-31146.pdf,1.0,N
EV-000487,northfield_industrial_components,quote_to_order,sales_order,SO-26289,2025-06-12T13:44:00,E066,order_entered,,open,customer_po_PO172576,0.9,N
EV-002197,northfield_industrial_components,procure_to_pay,receipt,RCV-40199,2025-06-13T07:23:00,E079,goods_received,open,received,PS431334,1.0,N
EV-002741,northfield_industrial_components,manufacturing,work_order,WO-70137,2025-06-13T09:49:00,E046,wo_released,planned,released,MRP,1.0,N
EV-000299,northfield_industrial_components,quote_to_order,sales_order,SO-26102,2025-06-13T09:55:00,E066,order_entered,,open,customer_po_PUR-696075,1.0,N
EV-001162,northfield_industrial_components,order_to_cash,customer_invoice,INV-60146,2025-06-13T10:04:00,E002,invoice_issued,,open,INV-60146.pdf,1.0,N
EV-002888,northfield_industrial_components,manufacturing,work_order,WO-70214,2025-06-13T10:51:00,E055,wo_closed,in_process,closed,COC-WO-70214.pdf,1.0,N
EV-000771,northfield_industrial_components,fulfillment,shipment,SH-50146,2025-06-13T12:55:00,E100,shipment_confirmed,picked,shipped,PS-SH-50146.pdf,1.0,N
EV-002168,northfield_industrial_components,procure_to_pay,receipt,RCV-40170,2025-06-13T15:47:00,E102,goods_received,open,received,PS252063,1.0,N
EV-002186,northfield_industrial_components,procure_to_pay,receipt,RCV-40188,2025-06-13T17:34:00,E100,goods_received,open,received,PS519874,1.0,N
EV-002625,northfield_industrial_components,manufacturing,work_order,WO-70074,2025-06-13T17:40:00,E055,wo_closed,in_process,closed,COC-WO-70074.pdf,1.0,N
EV-001489,northfield_industrial_components,order_to_cash,customer_invoice,INV-60095,2025-06-14T09:02:00,system,payment_applied,open,paid,Email remittance,0.95,N
EV-002433,northfield_industrial_components,procure_to_pay,supplier_invoice,SI8745663,2025-06-14T12:27:00,E002,invoice_matched,received,paid,SI8745663,1.0,N
EV-001014,northfield_industrial_components,fulfillment,shipment,SH-50389,2025-06-14T13:39:00,E106,shipment_confirmed,picked,shipped,PS-SH-50389.pdf,1.0,N
EV-002210,northfield_industrial_components,procure_to_pay,receipt,RCV-40212,2025-06-14T13:58:00,E104,goods_received,open,received,PS660873,1.0,N
EV-000112,northfield_industrial_components,quote_to_order,quote,Q-26112,2025-06-14T14:43:00,E064,quote_sent,draft,sent,Q-26112.pdf,1.0,N
EV-001405,northfield_industrial_components,order_to_cash,customer_invoice,INV-60389,2025-06-14T16:07:00,E002,invoice_issued,,open,INV-60389.pdf,1.0,N
EV-000243,northfield_industrial_components,quote_to_order,sales_order,SO-26046,2025-06-15T15:06:00,E065,order_entered,,open,customer_po_4500273298,1.0,N
EV-000513,northfield_industrial_components,quote_to_order,sales_order,SO-26312,2025-06-15T16:44:00,E066,order_entered,,open,customer_po_4500587699,1.0,N
EV-002817,northfield_industrial_components,manufacturing,work_order,WO-70176,2025-06-15T17:39:00,E055,wo_closed,in_process,closed,COC-WO-70176.pdf,1.0,N
EV-002132,northfield_industrial_components,procure_to_pay,receipt,RCV-40134,2025-06-15T17:52:00,E102,goods_received,open,received,PS562286,0.85,Y
EV-001210,northfield_industrial_components,order_to_cash,customer_invoice,INV-60194,2025-06-16T07:36:00,E002,invoice_issued,,open,INV-60194.pdf,1.0,N
EV-000002,northfield_industrial_components,quote_to_order,quote,Q-26002,2025-06-16T08:49:00,E068,quote_sent,draft,sent,Q-26002.pdf,1.0,N
EV-002175,northfield_industrial_components,procure_to_pay,receipt,RCV-40177,2025-06-16T10:16:00,E101,goods_received,open,received,PS533770,1.0,N
EV-000430,northfield_industrial_components,quote_to_order,sales_order,SO-26233,2025-06-16T11:01:00,E075,order_entered,,open,customer_po_PO242974,1.0,N
EV-002506,northfield_industrial_components,manufacturing,work_order,WO-70007,2025-06-16T12:00:00,E055,wo_closed,in_process,closed,COC-WO-70007.pdf,1.0,N
EV-001678,northfield_industrial_components,order_to_cash,customer_invoice,INV-60311,2025-06-16T13:57:00,system,payment_applied,open,paid,Bank feed,1.0,N
EV-001490,northfield_industrial_components,order_to_cash,customer_invoice,INV-60096,2025-06-16T14:42:00,system,payment_applied,open,paid,Bank feed,1.0,N
EV-000438,northfield_industrial_components,quote_to_order,sales_order,SO-26241,2025-06-16T16:59:00,E067,order_entered,,open,customer_po_PUR-996921,0.9,N
EV-001834,northfield_industrial_components,procure_to_pay,purchase_order,PO-31096,2025-06-16T17:03:00,E062,po_issued,draft,open,PO-31096.pdf,1.0,N
EV-000819,northfield_industrial_components,fulfillment,shipment,SH-50194,2025-06-16T17:22:00,E082,shipment_confirmed,picked,shipped,PS-SH-50194.pdf,1.0,N
EV-001122,northfield_industrial_components,order_to_cash,customer_invoice,INV-60106,2025-06-17T08:08:00,E002,invoice_issued,,open,INV-60106.pdf,1.0,N
EV-002705,northfield_industrial_components,manufacturing,work_order,WO-70117,2025-06-17T08:35:00,E091,wo_released,planned,released,MRP,1.0,N
EV-000501,northfield_industrial_components,quote_to_order,sales_order,SO-26302,2025-06-17T11:20:00,E068,order_entered,,open,customer_po_P703720,1.0,N
EV-002493,northfield_industrial_components,manufacturing,work_order,WO-70001,2025-06-17T12:27:00,E085,wo_released,planned,released,MRP,1.0,N
EV-002005,northfield_industrial_components,procure_to_pay,receipt,RCV-40007,2025-06-17T12:32:00,E105,goods_received,open,received,PS234291,0.85,Y
EV-001448,northfield_industrial_components,order_to_cash,customer_invoice,INV-60046,2025-06-17T14:05:00,system,payment_applied,open,paid,Portal,1.0,N
EV-002444,northfield_industrial_components,procure_to_pay,supplier_invoice,INV636475,2025-06-17T15:10:00,E002,invoice_matched,received,paid,INV636475,1.0,N
EV-000731,northfield_industrial_components,fulfillment,shipment,SH-50106,2025-06-17T16:14:00,E079,shipment_confirmed,picked,shipped,PS-SH-50106.pdf,1.0,N
EV-001696,northfield_industrial_components,order_to_cash,customer_invoice,INV-60337,2025-06-18T10:51:00,system,payment_applied,open,paid,Portal,1.0,N
EV-000199,northfield_industrial_components,quote_to_order,sales_order,SO-26002,2025-06-18T11:45:00,E074,order_entered,,open,customer_po_4500163417,1.0,N
EV-000068,northfield_industrial_components,quote_to_order,quote,Q-26068,2025-06-18T12:09:00,E067,quote_sent,draft,sent,Q-26068.pdf,1.0,N
EV-001900,northfield_industrial_components,procure_to_pay,purchase_order,PO-31162,2025-06-18T12:43:00,E063,po_issued,draft,open,PO-31162.pdf,1.0,N
EV-002136,northfield_industrial_components,procure_to_pay,receipt,RCV-40138,2025-06-18T12:50:00,E099,goods_received,open,received,PS874134,1.0,N
EV-001528,northfield_industrial_components,order_to_cash,customer_invoice,INV-60138,2025-06-18T13:01:00,system,payment_applied,open,paid,Portal,1.0,N
EV-001061,northfield_industrial_components,order_to_cash,customer_invoice,INV-60045,2025-06-18T15:53:00,E002,invoice_issued,,open,INV-60045.pdf,1.0,N
EV-000670,northfield_industrial_components,fulfillment,shipment,SH-50045,2025-06-18T17:11:00,E102,shipment_confirmed,picked,shipped,PS-SH-50045.pdf,1.0,N
EV-002936,northfield_industrial_components,returns,rma,RMA-0021,2025-06-19T07:02:00,E074,rma_approved,requested,approved,INV-60283,1.0,N
EV-001039,northfield_industrial_components,order_to_cash,customer_invoice,INV-60023,2025-06-19T07:41:00,E002,invoice_issued,,open,INV-60023.pdf,1.0,N
EV-002107,northfield_industrial_components,procure_to_pay,receipt,RCV-40109,2025-06-19T10:03:00,E105,goods_received,open,received,PS301016,1.0,N
EV-000603,northfield_industrial_components,quote_to_order,sales_order,SO-26399,2025-06-19T11:17:00,E074,order_entered,,open,customer_po_PO413925,1.0,N
EV-002265,northfield_industrial_components,procure_to_pay,supplier_invoice,2510331,2025-06-19T12:10:00,E002,invoice_matched,received,paid,2510331,1.0,N
EV-002832,northfield_industrial_components,manufacturing,work_order,WO-70184,2025-06-19T12:27:00,E055,wo_closed,in_process,closed,COC-WO-70184.pdf,1.0,N
EV-002850,northfield_industrial_components,manufacturing,work_order,WO-70194,2025-06-19T13:10:00,E099,wo_released,planned,released,MRP,1.0,N
EV-001329,northfield_industrial_components,order_to_cash,customer_invoice,INV-60313,2025-06-19T13:38:00,E002,invoice_issued,,open,INV-60313.pdf,1.0,N
EV-000493,northfield_industrial_components,quote_to_order,sales_order,SO-26294,2025-06-19T14:51:00,E075,order_entered,,open,customer_po_P886102,1.0,N
EV-000648,northfield_industrial_components,fulfillment,shipment,SH-50023,2025-06-19T17:05:00,E083,shipment_confirmed,picked,shipped,PS-SH-50023.pdf,1.0,N
EV-000938,northfield_industrial_components,fulfillment,shipment,SH-50313,2025-06-19T17:29:00,E103,shipment_confirmed,picked,shipped,PS-SH-50313.pdf,1.0,N
EV-002689,northfield_industrial_components,manufacturing,work_order,WO-70108,2025-06-19T17:36:00,E055,wo_closed,in_process,closed,COC-WO-70108.pdf,1.0,N
EV-002808,northfield_industrial_components,manufacturing,work_order,WO-70172,2025-06-20T08:01:00,E055,wo_released,planned,released,MRP,1.0,N
EV-000824,northfield_industrial_components,fulfillment,shipment,SH-50199,2025-06-20T11:27:00,E076,shipment_confirmed,picked,shipped,PS-SH-50199.pdf,1.0,N
EV-001060,northfield_industrial_components,order_to_cash,customer_invoice,INV-60044,2025-06-20T12:09:00,E002,invoice_issued,,open,INV-60044.pdf,1.0,N
EV-000669,northfield_industrial_components,fulfillment,shipment,SH-50044,2025-06-20T12:21:00,E082,shipment_confirmed,picked,shipped,PS-SH-50044.pdf,1.0,N
EV-001215,northfield_industrial_components,order_to_cash,customer_invoice,INV-60199,2025-06-20T16:15:00,E002,invoice_issued,,open,INV-60199.pdf,1.0,N
EV-002642,northfield_industrial_components,manufacturing,work_order,WO-70083,2025-06-21T08:49:00,E102,wo_released,planned,released,MRP,1.0,N
EV-000151,northfield_industrial_components,quote_to_order,quote,Q-26151,2025-06-21T10:14:00,E071,quote_sent,draft,sent,Q-26151.pdf,1.0,N
EV-001587,northfield_industrial_components,order_to_cash,customer_invoice,INV-60209,2025-06-21T11:00:00,system,payment_applied,open,paid,Portal,1.0,N
EV-002555,northfield_industrial_components,manufacturing,work_order,WO-70035,2025-06-21T11:05:00,E034,wo_released,planned,released,MRP,1.0,N
EV-002711,northfield_industrial_components,manufacturing,work_order,WO-70120,2025-06-21T13:23:00,E098,wo_released,planned,released,MRP,1.0,N
EV-002105,northfield_industrial_components,procure_to_pay,receipt,RCV-40107,2025-06-21T14:30:00,E103,goods_received,open,received,PS478970,0.85,Y
EV-002457,northfield_industrial_components,procure_to_pay,supplier_invoice,SI1258872,2025-06-21T14:44:00,E002,invoice_matched,received,paid,SI1258872,1.0,N
EV-000944,northfield_industrial_components,fulfillment,shipment,SH-50319,2025-06-21T16:22:00,E081,shipment_confirmed,picked,shipped,PS-SH-50319.pdf,1.0,N
EV-001780,northfield_industrial_components,procure_to_pay,purchase_order,PO-31042,2025-06-21T16:33:00,E062,po_issued,draft,open,PO-31042.pdf,1.0,N
EV-001335,northfield_industrial_components,order_to_cash,customer_invoice,INV-60319,2025-06-21T16:53:00,E002,invoice_issued,,open,INV-60319.pdf,1.0,N
EV-001613,northfield_industrial_components,order_to_cash,customer_invoice,INV-60235,2025-06-21T16:54:00,system,payment_applied,open,paid,Bank feed,1.0,N
EV-002415,northfield_industrial_components,procure_to_pay,supplier_invoice,7786573,2025-06-22T10:26:00,E002,match_exception,received,paid,7786573,0.7,Y
EV-000700,northfield_industrial_components,fulfillment,shipment,SH-50075,2025-06-22T10:53:00,E081,shipment_confirmed,picked,shipped,PS-SH-50075.pdf,1.0,N
EV-002379,northfield_industrial_components,procure_to_pay,supplier_invoice,9190768,2025-06-22T13:23:00,E002,invoice_matched,received,paid,9190768,1.0,N
EV-001746,northfield_industrial_components,procure_to_pay,purchase_order,PO-31008,2025-06-22T14:33:00,E060,po_issued,draft,open,PO-31008.pdf,1.0,N
EV-001697,northfield_industrial_components,order_to_cash,customer_invoice,INV-60338,2025-06-22T15:24:00,system,payment_applied,open,paid,Bank feed,1.0,N
EV-000404,northfield_industrial_components,quote_to_order,sales_order,SO-26207,2025-06-22T15:28:00,E064,order_entered,,open,customer_po_P414215,0.9,N
EV-002354,northfield_industrial_components,procure_to_pay,supplier_invoice,SI8315891,2025-06-22T15:40:00,E002,invoice_matched,received,paid,SI8315891,1.0,N
EV-002252,northfield_industrial_components,procure_to_pay,supplier_invoice,97116053,2025-06-22T15:54:00,E002,invoice_matched,received,paid,97116053,1.0,N
EV-002922,northfield_industrial_components,returns,rma,RMA-0007,2025-06-22T16:09:00,E068,rma_approved,requested,approved,INV-60053,1.0,N
EV-002516,northfield_industrial_components,manufacturing,work_order,WO-70013,2025-06-22T16:44:00,E078,wo_released,planned,released,MRP,1.0,N
EV-000084,northfield_industrial_components,quote_to_order,quote,Q-26084,2025-06-22T16:49:00,E069,quote_sent,draft,sent,Q-26084.pdf,1.0,N
EV-001091,northfield_industrial_components,order_to_cash,customer_invoice,INV-60075,2025-06-22T17:30:00,E002,invoice_issued,,open,INV-60075.pdf,1.0,N
EV-000575,northfield_industrial_components,quote_to_order,sales_order,SO-26371,2025-06-23T07:57:00,E074,order_entered,,open,customer_po_4500393982,0.9,N
EV-002169,northfield_industrial_components,procure_to_pay,receipt,RCV-40171,2025-06-23T08:00:00,E104,goods_received,open,received,PS649141,0.85,Y
EV-001911,northfield_industrial_components,procure_to_pay,purchase_order,PO-31173,2025-06-23T14:02:00,E060,po_issued,draft,open,PO-31173.pdf,1.0,N
EV-002047,northfield_industrial_components,procure_to_pay,receipt,RCV-40049,2025-06-23T14:03:00,E100,goods_received,open,received,PS246931,1.0,N
EV-001488,northfield_industrial_components,order_to_cash,customer_invoice,INV-60094,2025-06-23T14:55:00,system,payment_applied,open,paid,Bank feed,1.0,N
EV-000010,northfield_industrial_components,quote_to_order,quote,Q-26010,2025-06-23T15:24:00,E068,quote_sent,draft,sent,Q-26010.pdf,1.0,N
EV-001453,northfield_industrial_components,order_to_cash,customer_invoice,INV-60053,2025-06-23T16:16:00,system,payment_applied,open,paid,Email remittance,0.95,N
EV-002383,northfield_industrial_components,procure_to_pay,supplier_invoice,INV1794858,2025-06-23T16:51:00,E002,invoice_matched,received,paid,INV1794858,1.0,N
EV-002714,northfield_industrial_components,manufacturing,work_order,WO-70122,2025-06-23T17:31:00,E040,wo_released,planned,released,MRP,1.0,N
EV-001790,northfield_industrial_components,procure_to_pay,purchase_order,PO-31052,2025-06-23T17:59:00,E061,po_issued,draft,open,PO-31052.pdf,1.0,N
EV-000640,northfield_industrial_components,fulfillment,shipment,SH-50015,2025-06-24T07:28:00,E076,shipment_confirmed,picked,shipped,PS-SH-50015.pdf,1.0,N
EV-001302,northfield_industrial_components,order_to_cash,customer_invoice,INV-60286,2025-06-24T11:31:00,E002,invoice_issued,,open,INV-60286.pdf,1.0,N
EV-001522,northfield_industrial_components,order_to_cash,customer_invoice,INV-60132,2025-06-24T12:12:00,system,payment_applied,open,paid,Lockbox,1.0,N
EV-002522,northfield_industrial_components,manufacturing,work_order,WO-70016,2025-06-24T12:40:00,E036,wo_released,planned,released,MRP,1.0,N
EV-002742,northfield_industrial_components,manufacturing,work_order,WO-70137,2025-06-24T13:29:00,E055,wo_closed,in_process,closed,COC-WO-70137.pdf,1.0,N
EV-000157,northfield_industrial_components,quote_to_order,quote,Q-26157,2025-06-24T13:52:00,E070,quote_sent,draft,sent,Q-26157.pdf,1.0,N
EV-000911,northfield_industrial_components,fulfillment,shipment,SH-50286,2025-06-24T14:20:00,E106,shipment_confirmed,picked,shipped,PS-SH-50286.pdf,1.0,N
EV-001614,northfield_industrial_components,order_to_cash,customer_invoice,INV-60236,2025-06-24T14:27:00,system,payment_applied,open,paid,Portal,1.0,N
EV-002838,northfield_industrial_components,manufacturing,work_order,WO-70187,2025-06-24T16:08:00,E055,wo_closed,in_process,closed,COC-WO-70187.pdf,1.0,N
EV-002814,northfield_industrial_components,manufacturing,work_order,WO-70175,2025-06-24T17:03:00,E020,wo_released,planned,released,MRP,1.0,N
EV-001652,northfield_industrial_components,order_to_cash,customer_invoice,INV-60281,2025-06-24T17:28:00,system,payment_applied,open,paid,Portal,1.0,N
EV-001031,northfield_industrial_components,order_to_cash,customer_invoice,INV-60015,2025-06-24T17:39:00,E002,invoice_issued,,open,INV-60015.pdf,1.0,N
EV-000706,northfield_industrial_components,fulfillment,shipment,SH-50081,2025-06-25T08:56:00,E104,shipment_confirmed,picked,shipped,PS-SH-50081.pdf,1.0,N
EV-001097,northfield_industrial_components,order_to_cash,customer_invoice,INV-60081,2025-06-25T10:26:00,E002,invoice_issued,,open,INV-60081.pdf,1.0,N
EV-002686,northfield_industrial_components,manufacturing,work_order,WO-70107,2025-06-25T11:24:00,E097,wo_released,planned,released,MRP,1.0,N
EV-000062,northfield_industrial_components,quote_to_order,quote,Q-26062,2025-06-25T11:44:00,E070,quote_sent,draft,sent,Q-26062.pdf,1.0,N
EV-002422,northfield_industrial_components,procure_to_pay,supplier_invoice,INV4647621,2025-06-25T12:14:00,E002,invoice_matched,received,paid,INV4647621,1.0,N
EV-000209,northfield_industrial_components,quote_to_order,sales_order,SO-26012,2025-06-25T14:40:00,E074,order_entered,,open,customer_po_P592293,0.9,N
EV-000031,northfield_industrial_components,quote_to_order,quote,Q-26031,2025-06-25T14:42:00,E070,quote_sent,draft,sent,Q-26031.pdf,1.0,N
EV-001552,northfield_industrial_components,order_to_cash,customer_invoice,INV-60169,2025-06-25T15:13:00,system,payment_applied,open,paid,Bank feed,1.0,N
EV-000089,northfield_industrial_components,quote_to_order,quote,Q-26089,2025-06-25T17:13:00,E068,quote_sent,draft,sent,Q-26089.pdf,1.0,N
EV-002861,northfield_industrial_components,manufacturing,work_order,WO-70199,2025-06-25T17:34:00,E055,wo_closed,in_process,closed,COC-WO-70199.pdf,1.0,N
EV-002675,northfield_industrial_components,manufacturing,work_order,WO-70101,2025-06-26T07:37:00,E031,wo_released,planned,released,MRP,1.0,N
EV-001542,northfield_industrial_components,order_to_cash,customer_invoice,INV-60156,2025-06-26T08:00:00,system,payment_applied,open,paid,Bank feed,1.0,N
EV-002750,northfield_industrial_components,manufacturing,work_order,WO-70141,2025-06-26T08:24:00,E055,wo_closed,in_process,closed,COC-WO-70141.pdf,1.0,N
EV-000070,northfield_industrial_components,quote_to_order,quote,Q-26070,2025-06-26T10:28:00,E071,quote_sent,draft,sent,Q-26070.pdf,1.0,N
EV-002209,northfield_industrial_components,procure_to_pay,receipt,RCV-40211,2025-06-26T10:43:00,E081,goods_received,open,received,PS459351,1.0,N
EV-000332,northfield_industrial_components,quote_to_order,sales_order,SO-26135,2025-06-26T14:30:00,E073,order_entered,,open,customer_po_PUR-118465,0.9,N
EV-001731,northfield_industrial_components,order_to_cash,customer_invoice,INV-60381,2025-06-27T08:13:00,system,payment_applied,open,paid,Lockbox,1.0,N
EV-002032,northfield_industrial_components,procure_to_pay,receipt,RCV-40034,2025-06-27T10:39:00,E100,goods_received,open,received,PS880265,1.0,N
EV-001201,northfield_industrial_components,order_to_cash,customer_invoice,INV-60185,2025-06-27T10:53:00,E002,invoice_issued,,open,INV-60185.pdf,1.0,N
EV-002930,northfield_industrial_components,returns,rma,RMA-0015,2025-06-27T10:53:00,E067,rma_approved,requested,approved,INV-60046,1.0,N
EV-001701,northfield_industrial_components,order_to_cash,customer_invoice,INV-60342,2025-06-27T12:27:00,system,payment_applied,open,paid,Email remittance,0.95,N
EV-000810,northfield_industrial_components,fulfillment,shipment,SH-50185,2025-06-27T13:40:00,E102,shipment_confirmed,picked,shipped,PS-SH-50185.pdf,1.0,N
EV-001555,northfield_industrial_components,order_to_cash,customer_invoice,INV-60172,2025-06-27T16:10:00,system,payment_applied,open,paid,Email remittance,0.95,N
EV-001146,northfield_industrial_components,order_to_cash,customer_invoice,INV-60130,2025-06-28T07:28:00,E002,invoice_issued,,open,INV-60130.pdf,1.0,N
EV-000937,northfield_industrial_components,fulfillment,shipment,SH-50312,2025-06-28T09:02:00,E083,shipment_confirmed,picked,shipped,PS-SH-50312.pdf,1.0,N
EV-001569,northfield_industrial_components,order_to_cash,customer_invoice,INV-60188,2025-06-28T10:15:00,system,payment_applied,open,paid,Portal,1.0,N
EV-002416,northfield_industrial_components,procure_to_pay,supplier_invoice,INV9625346,2025-06-28T10:44:00,E002,invoice_matched,received,paid,INV9625346,1.0,N
EV-002905,northfield_industrial_components,quality,ncr,NCR-0006,2025-06-28T12:57:00,E055,ncr_opened,,open,RCV-40164,1.0,Y
EV-002089,northfield_industrial_components,procure_to_pay,receipt,RCV-40091,2025-06-28T13:35:00,E101,goods_received,open,received,PS825858,1.0,N
EV-000755,northfield_industrial_components,fulfillment,shipment,SH-50130,2025-06-28T15:08:00,E081,shipment_confirmed,picked,shipped,PS-SH-50130.pdf,1.0,N
EV-001328,northfield_industrial_components,order_to_cash,customer_invoice,INV-60312,2025-06-28T16:25:00,E002,invoice_issued,,open,INV-60312.pdf,1.0,N
EV-002050,northfield_industrial_components,procure_to_pay,receipt,RCV-40052,2025-06-28T16:29:00,E105,goods_received,open,received,PS801231,1.0,N
EV-001897,northfield_industrial_components,procure_to_pay,purchase_order,PO-31159,2025-06-28T17:32:00,E062,po_issued,draft,open,PO-31159.pdf,1.0,N
EV-002162,northfield_industrial_components,procure_to_pay,receipt,RCV-40164,2025-06-28T17:41:00,E101,goods_received,open,received,PS635349,1.0,N
EV-001974,northfield_industrial_components,procure_to_pay,purchase_order,PO-31236,2025-06-29T11:29:00,E062,po_issued,draft,open,PO-31236.pdf,1.0,N
EV-000362,northfield_industrial_components,quote_to_order,sales_order,SO-26165,2025-06-29T12:49:00,E075,order_entered,,open,customer_po_PO887835,0.9,N
EV-002297,northfield_industrial_components,procure_to_pay,supplier_invoice,INV461497,2025-06-29T15:35:00,E002,match_exception,received,paid,INV461497,0.7,Y
EV-002352,northfield_industrial_components,procure_to_pay,supplier_invoice,SI1203417,2025-06-29T17:58:00,E002,invoice_matched,received,paid,SI1203417,1.0,N
EV-000256,northfield_industrial_components,quote_to_order,sales_order,SO-26059,2025-06-30T09:03:00,E067,order_entered,,open,customer_po_P241940,0.9,N
EV-001944,northfield_industrial_components,procure_to_pay,purchase_order,PO-31206,2025-06-30T09:09:00,E062,po_issued,draft,open,PO-31206.pdf,1.0,N
EV-001828,northfield_industrial_components,procure_to_pay,purchase_order,PO-31090,2025-06-30T09:46:00,E061,po_issued,draft,open,PO-31090.pdf,1.0,N
EV-000417,northfield_industrial_components,quote_to_order,sales_order,SO-26220,2025-06-30T11:14:00,E075,order_entered,,open,customer_po_PUR-708982,0.9,N
EV-000220,northfield_industrial_components,quote_to_order,sales_order,SO-26023,2025-06-30T11:23:00,E073,order_entered,,open,customer_po_P204296,1.0,N
EV-001815,northfield_industrial_components,procure_to_pay,purchase_order,PO-31077,2025-06-30T12:32:00,E062,po_issued,draft,open,PO-31077.pdf,1.0,N
EV-002937,northfield_industrial_components,returns,rma,RMA-0022,2025-07-01T08:49:00,E073,rma_approved,requested,approved,INV-60013,1.0,N
EV-000377,northfield_industrial_components,quote_to_order,sales_order,SO-26180,2025-07-01T09:26:00,E075,order_entered,,open,customer_po_P881933,0.9,N
EV-000668,northfield_industrial_components,fulfillment,shipment,SH-50043,2025-07-01T13:03:00,E105,shipment_confirmed,picked,shipped,PS-SH-50043.pdf,1.0,N
EV-000578,northfield_industrial_components,quote_to_order,sales_order,SO-26374,2025-07-01T16:49:00,E073,order_entered,,open,customer_po_P349442,1.0,N
EV-001059,northfield_industrial_components,order_to_cash,customer_invoice,INV-60043,2025-07-01T17:22:00,E002,invoice_issued,,open,INV-60043.pdf,1.0,N
EV-001811,northfield_industrial_components,procure_to_pay,purchase_order,PO-31073,2025-07-02T08:48:00,E062,po_issued,draft,open,PO-31073.pdf,1.0,N
EV-000657,northfield_industrial_components,fulfillment,shipment,SH-50032,2025-07-02T09:46:00,E099,shipment_confirmed,picked,shipped,PS-SH-50032.pdf,1.0,N
EV-002279,northfield_industrial_components,procure_to_pay,supplier_invoice,92321886,2025-07-02T10:23:00,E002,invoice_matched,received,paid,92321886,1.0,N
EV-002912,northfield_industrial_components,quality,ncr,NCR-0013,2025-07-02T11:58:00,E058,ncr_opened,,open,WO-70052,1.0,Y
EV-000006,northfield_industrial_components,quote_to_order,quote,Q-26006,2025-07-02T12:06:00,E064,quote_sent,draft,sent,Q-26006.pdf,1.0,N
EV-001015,northfield_industrial_components,fulfillment,shipment,SH-50390,2025-07-02T13:33:00,E083,shipment_confirmed,picked,shipped,PS-SH-50390.pdf,1.0,N
EV-002040,northfield_industrial_components,procure_to_pay,receipt,RCV-40042,2025-07-02T13:35:00,E079,goods_received,open,received,PS951531,1.0,N
EV-001406,northfield_industrial_components,order_to_cash,customer_invoice,INV-60390,2025-07-02T14:13:00,E002,invoice_issued,,open,INV-60390.pdf,1.0,N
EV-000365,northfield_industrial_components,quote_to_order,sales_order,SO-26168,2025-07-02T14:42:00,E066,order_entered,,open,customer_po_4500661712,1.0,N
EV-002027,northfield_industrial_components,procure_to_pay,receipt,RCV-40029,2025-07-02T15:05:00,E077,goods_received,open,received,PS947302,0.85,Y
EV-002920,northfield_industrial_components,returns,rma,RMA-0005,2025-07-02T15:19:00,E064,rma_approved,requested,approved,INV-60081,1.0,N
EV-002585,northfield_industrial_components,manufacturing,work_order,WO-70052,2025-07-02T15:27:00,E055,wo_closed,in_process,closed,COC-WO-70052.pdf,1.0,N
EV-001048,northfield_industrial_components,order_to_cash,customer_invoice,INV-60032,2025-07-02T16:43:00,E002,invoice_issued,,open,INV-60032.pdf,1.0,N
EV-001831,northfield_industrial_components,procure_to_pay,purchase_order,PO-31093,2025-07-02T17:06:00,E063,po_issued,draft,open,PO-31093.pdf,1.0,N
EV-000135,northfield_industrial_components,quote_to_order,quote,Q-26135,2025-07-02T17:46:00,E066,quote_sent,draft,sent,Q-26135.pdf,1.0,N
EV-001109,northfield_industrial_components,order_to_cash,customer_invoice,INV-60093,2025-07-03T11:12:00,E002,invoice_issued,,open,INV-60093.pdf,1.0,N
EV-000718,northfield_industrial_components,fulfillment,shipment,SH-50093,2025-07-03T13:31:00,E082,shipment_confirmed,picked,shipped,PS-SH-50093.pdf,1.0,N
EV-001902,northfield_industrial_components,procure_to_pay,purchase_order,PO-31164,2025-07-03T13:53:00,E060,po_issued,draft,open,PO-31164.pdf,1.0,N
EV-002183,northfield_industrial_components,procure_to_pay,receipt,RCV-40185,2025-07-03T14:26:00,E081,goods_received,open,received,PS735885,0.85,Y
EV-002669,northfield_industrial_components,manufacturing,work_order,WO-70098,2025-07-03T16:27:00,E050,wo_released,planned,released,MRP,1.0,N
EV-001644,northfield_industrial_components,order_to_cash,customer_invoice,INV-60270,2025-07-03T17:33:00,system,payment_applied,open,paid,Lockbox,1.0,N
EV-000708,northfield_industrial_components,fulfillment,shipment,SH-50083,2025-07-04T08:12:00,E102,shipment_confirmed,picked,shipped,PS-SH-50083.pdf,1.0,N
EV-002694,northfield_industrial_components,manufacturing,work_order,WO-70111,2025-07-04T09:47:00,E044,wo_released,planned,released,MRP,1.0,N
EV-001727,northfield_industrial_components,order_to_cash,customer_invoice,INV-60376,2025-07-04T12:30:00,system,payment_applied,open,paid,Email remittance,0.95,N
EV-000627,northfield_industrial_components,fulfillment,shipment,SH-50002,2025-07-04T12:56:00,E082,shipment_confirmed,picked,shipped,PS-SH-50002.pdf,1.0,N
EV-000009,northfield_industrial_components,quote_to_order,quote,Q-26009,2025-07-04T13:11:00,E066,quote_sent,draft,sent,Q-26009.pdf,1.0,N
EV-000835,northfield_industrial_components,fulfillment,shipment,SH-50210,2025-07-04T13:14:00,E079,shipment_confirmed,picked,shipped,PS-SH-50210.pdf,1.0,N
EV-000781,northfield_industrial_components,fulfillment,shipment,SH-50156,2025-07-04T13:27:00,E083,shipment_confirmed,picked,shipped,PS-SH-50156.pdf,1.0,N
EV-001172,northfield_industrial_components,order_to_cash,customer_invoice,INV-60156,2025-07-04T13:58:00,E002,invoice_issued,,open,INV-60156.pdf,1.0,N
EV-000331,northfield_industrial_components,quote_to_order,sales_order,SO-26134,2025-07-04T14:23:00,E067,order_entered,,open,customer_po_PUR-269470,1.0,N
EV-001018,northfield_industrial_components,order_to_cash,customer_invoice,INV-60002,2025-07-04T14:28:00,E002,invoice_issued,,open,INV-60002.pdf,1.0,N
EV-001226,northfield_industrial_components,order_to_cash,customer_invoice,INV-60210,2025-07-04T15:38:00,E002,invoice_issued,,open,INV-60210.pdf,1.0,N
EV-002456,northfield_industrial_components,procure_to_pay,supplier_invoice,SI2169966,2025-07-04T15:49:00,E002,invoice_matched,received,paid,SI2169966,1.0,N
EV-000383,northfield_industrial_components,quote_to_order,sales_order,SO-26186,2025-07-04T16:06:00,E075,order_entered,,open,customer_po_PO584345,0.9,N
EV-002687,northfield_industrial_components,manufacturing,work_order,WO-70107,2025-07-04T16:15:00,E055,wo_closed,in_process,closed,COC-WO-70107.pdf,1.0,N
EV-002336,northfield_industrial_components,procure_to_pay,supplier_invoice,SI2316064,2025-07-04T16:32:00,E002,invoice_matched,received,paid,SI2316064,1.0,N
EV-001793,northfield_industrial_components,procure_to_pay,purchase_order,PO-31055,2025-07-04T16:44:00,E063,po_issued,draft,open,PO-31055.pdf,1.0,N
EV-001441,northfield_industrial_components,order_to_cash,customer_invoice,INV-60037,2025-07-04T16:59:00,system,payment_applied,open,paid,Portal,1.0,N
EV-001099,northfield_industrial_components,order_to_cash,customer_invoice,INV-60083,2025-07-04T17:31:00,E002,invoice_issued,,open,INV-60083.pdf,1.0,N
EV-002731,northfield_industrial_components,manufacturing,work_order,WO-70131,2025-07-04T17:55:00,E055,wo_closed,in_process,closed,COC-WO-70131.pdf,1.0,N
EV-000851,northfield_industrial_components,fulfillment,shipment,SH-50226,2025-07-05T07:43:00,E100,shipment_confirmed,picked,shipped,PS-SH-50226.pdf,1.0,N
EV-001360,northfield_industrial_components,order_to_cash,customer_invoice,INV-60344,2025-07-05T08:47:00,E002,invoice_issued,,open,INV-60344.pdf,1.0,N
EV-000969,northfield_industrial_components,fulfillment,shipment,SH-50344,2025-07-05T12:02:00,E082,shipment_confirmed,picked,shipped,PS-SH-50344.pdf,1.0,N
EV-002294,northfield_industrial_components,procure_to_pay,supplier_invoice,4063167,2025-07-05T12:43:00,E002,invoice_matched,received,paid,4063167,1.0,N
EV-001242,northfield_industrial_components,order_to_cash,customer_invoice,INV-60226,2025-07-05T12:46:00,E002,invoice_issued,,open,INV-60226.pdf,1.0,N
EV-002676,northfield_industrial_components,manufacturing,work_order,WO-70101,2025-07-06T07:38:00,E055,wo_closed,in_process,closed,COC-WO-70101.pdf,1.0,N
EV-000322,northfield_industrial_components,quote_to_order,sales_order,SO-26125,2025-07-06T09:47:00,E066,order_entered,,open,customer_po_PUR-460445,0.9,N
EV-000597,northfield_industrial_components,quote_to_order,sales_order,SO-26393,2025-07-06T14:48:00,E073,order_entered,,open,customer_po_PO944505,1.0,N
EV-000208,northfield_industrial_components,quote_to_order,sales_order,SO-26011,2025-07-06T16:52:00,E065,order_entered,,open,customer_po_PO481878,0.9,N
EV-002409,northfield_industrial_components,procure_to_pay,supplier_invoice,SI9163921,2025-07-07T07:45:00,E002,invoice_matched,received,paid,SI9163921,1.0,N
EV-001288,northfield_industrial_components,order_to_cash,customer_invoice,INV-60272,2025-07-07T08:46:00,E002,invoice_issued,,open,INV-60272.pdf,1.0,N
EV-001438,northfield_industrial_components,order_to_cash,customer_invoice,INV-60033,2025-07-07T10:01:00,system,payment_applied,open,paid,Lockbox,1.0,N
EV-000897,northfield_industrial_components,fulfillment,shipment,SH-50272,2025-07-07T10:09:00,E079,shipment_confirmed,picked,shipped,PS-SH-50272.pdf,1.0,N
EV-002873,northfield_industrial_components,manufacturing,work_order,WO-70206,2025-07-07T11:00:00,E086,wo_released,planned,released,MRP,1.0,N
EV-002067,northfield_industrial_components,procure_to_pay,receipt,RCV-40069,2025-07-07T14:47:00,E083,goods_received,open,received,PS643449,1.0,N
EV-000188,northfield_industrial_components,quote_to_order,quote,Q-26188,2025-07-07T16:07:00,E071,quote_sent,draft,sent,Q-26188.pdf,1.0,N
EV-002494,northfield_industrial_components,manufacturing,work_order,WO-70001,2025-07-08T07:09:00,E055,wo_closed,in_process,closed,COC-WO-70001.pdf,1.0,N
EV-002006,northfield_industrial_components,procure_to_pay,receipt,RCV-40008,2025-07-08T09:09:00,E102,goods_received,open,received,PS880250,1.0,N
EV-000217,northfield_industrial_components,quote_to_order,sales_order,SO-26020,2025-07-08T09:43:00,E073,order_entered,,open,customer_po_PUR-512932,0.9,N
EV-002621,northfield_industrial_components,manufacturing,work_order,WO-70072,2025-07-08T10:23:00,E048,wo_released,planned,released,MRP,1.0,N
EV-000067,northfield_industrial_components,quote_to_order,quote,Q-26067,2025-07-08T13:41:00,E067,quote_sent,draft,sent,Q-26067.pdf,1.0,N
EV-001467,northfield_industrial_components,order_to_cash,customer_invoice,INV-60070,2025-07-08T15:59:00,system,payment_applied,open,paid,Email remittance,0.95,N
EV-001651,northfield_industrial_components,order_to_cash,customer_invoice,INV-60280,2025-07-08T16:12:00,system,payment_applied,open,paid,Bank feed,1.0,N
EV-000585,northfield_industrial_components,quote_to_order,sales_order,SO-26381,2025-07-08T17:58:00,E073,order_entered,,open,customer_po_PUR-586671,0.9,N
EV-000918,northfield_industrial_components,fulfillment,shipment,SH-50293,2025-07-09T08:39:00,E078,shipment_confirmed,picked,shipped,PS-SH-50293.pdf,1.0,N
EV-002866,northfield_industrial_components,manufacturing,work_order,WO-70202,2025-07-09T09:07:00,E019,wo_released,planned,released,MRP,1.0,N
EV-001300,northfield_industrial_components,order_to_cash,customer_invoice,INV-60284,2025-07-09T09:25:00,E002,invoice_issued,,open,INV-60284.pdf,1.0,N
EV-002287,northfield_industrial_components,procure_to_pay,supplier_invoice,SI7461425,2025-07-09T10:52:00,E002,invoice_matched,received,paid,SI7461425,1.0,N
EV-002929,northfield_industrial_components,returns,rma,RMA-0014,2025-07-09T11:00:00,E064,rma_approved,requested,approved,INV-60096,1.0,N
EV-001243,northfield_industrial_components,order_to_cash,customer_invoice,INV-60227,2025-07-09T12:49:00,E002,invoice_issued,,open,INV-60227.pdf,1.0,N
EV-001309,northfield_industrial_components,order_to_cash,customer_invoice,INV-60293,2025-07-09T13:21:00,E002,invoice_issued,,open,INV-60293.pdf,1.0,N
EV-000852,northfield_industrial_components,fulfillment,shipment,SH-50227,2025-07-09T13:49:00,E104,shipment_confirmed,picked,shipped,PS-SH-50227.pdf,1.0,N
EV-002545,northfield_industrial_components,manufacturing,work_order,WO-70029,2025-07-09T14:31:00,E055,wo_released,planned,released,MRP,1.0,N
EV-001683,northfield_industrial_components,order_to_cash,customer_invoice,INV-60318,2025-07-09T15:35:00,system,payment_applied,open,paid,Email remittance,0.95,N
EV-000263,northfield_industrial_components,quote_to_order,sales_order,SO-26066,2025-07-09T17:24:00,E065,order_entered,,open,customer_po_4500588464,0.9,N
EV-000909,northfield_industrial_components,fulfillment,shipment,SH-50284,2025-07-09T17:31:00,E105,shipment_confirmed,picked,shipped,PS-SH-50284.pdf,1.0,N
EV-000406,northfield_industrial_components,quote_to_order,sales_order,SO-26209,2025-07-10T07:25:00,E068,order_entered,,open,customer_po_PUR-817599,0.9,N
EV-001623,northfield_industrial_components,order_to_cash,customer_invoice,INV-60246,2025-07-10T08:16:00,system,payment_applied,open,paid,Lockbox,1.0,N
EV-001739,northfield_industrial_components,procure_to_pay,purchase_order,PO-31001,2025-07-10T09:05:00,E061,po_issued,draft,open,PO-31001.pdf,1.0,N
EV-002274,northfield_industrial_components,procure_to_pay,supplier_invoice,156484,2025-07-10T09:08:00,E002,invoice_matched,received,paid,156484,1.0,N
EV-000312,northfield_industrial_components,quote_to_order,sales_order,SO-26115,2025-07-10T09:10:00,E067,order_entered,,open,customer_po_P896188,0.9,N
EV-001676,northfield_industrial_components,order_to_cash,customer_invoice,INV-60309,2025-07-10T09:10:00,system,payment_applied,open,paid,Lockbox,1.0,N
EV-001657,northfield_industrial_components,order_to_cash,customer_invoice,INV-60286,2025-07-10T09:11:00,system,payment_applied,open,paid,Lockbox,1.0,N
EV-001680,northfield_industrial_components,order_to_cash,customer_invoice,INV-60313,2025-07-10T10:44:00,system,payment_applied,open,paid,Bank feed,1.0,N
EV-000511,northfield_industrial_components,credit_control,sales_order,SO-26310,2025-07-10T11:01:00,E002,credit_hold_applied,open,credit_hold,credit_checks,1.0,N
EV-000510,northfield_industrial_components,quote_to_order,sales_order,SO-26310,2025-07-10T11:34:00,E073,order_entered,,open,customer_po_4500523235,0.9,Y
EV-000216,northfield_industrial_components,quote_to_order,sales_order,SO-26019,2025-07-10T14:37:00,E066,order_entered,,open,customer_po_PO269328,0.9,N
EV-002921,northfield_industrial_components,returns,rma,RMA-0006,2025-07-10T15:34:00,E065,rma_approved,requested,approved,INV-60188,1.0,N
EV-001625,northfield_industrial_components,order_to_cash,customer_invoice,INV-60248,2025-07-10T15:59:00,system,payment_applied,open,paid,Email remittance,0.95,N
EV-002130,northfield_industrial_components,procure_to_pay,receipt,RCV-40132,2025-07-10T16:14:00,E102,goods_received,open,received,PS940423,1.0,N
EV-000334,northfield_industrial_components,quote_to_order,sales_order,SO-26137,2025-07-10T16:29:00,E067,order_entered,,open,customer_po_4500311874,0.9,N
EV-000141,northfield_industrial_components,quote_to_order,quote,Q-26141,2025-07-11T07:46:00,E070,quote_sent,draft,sent,Q-26141.pdf,1.0,N
EV-002020,northfield_industrial_components,procure_to_pay,receipt,RCV-40022,2025-07-11T10:22:00,E076,goods_received,open,received,PS127414,0.85,Y
EV-000282,northfield_industrial_components,quote_to_order,sales_order,SO-26085,2025-07-11T15:03:00,E074,order_entered,,open,customer_po_PUR-841350,0.9,N
EV-002934,northfield_industrial_components,returns,rma,RMA-0019,2025-07-12T07:05:00,E068,rma_approved,requested,approved,INV-60293,1.0,N
EV-000347,northfield_industrial_components,quote_to_order,sales_order,SO-26150,2025-07-12T07:19:00,E065,order_entered,,open,customer_po_PUR-950229,1.0,N
EV-002225,northfield_industrial_components,procure_to_pay,receipt,RCV-40227,2025-07-12T11:03:00,E080,goods_received,open,received,PS837632,0.85,Y
EV-002706,northfield_industrial_components,manufacturing,work_order,WO-70117,2025-07-12T16:30:00,E055,wo_closed,in_process,closed,COC-WO-70117.pdf,1.0,N
EV-001752,northfield_industrial_components,procure_to_pay,purchase_order,PO-31014,2025-07-12T17:18:00,E062,po_issued,draft,open,PO-31014.pdf,1.0,N
EV-002314,northfield_industrial_components,procure_to_pay,supplier_invoice,INV739993,2025-07-12T17:28:00,E002,invoice_matched,received,paid,INV739993,1.0,N
EV-002430,northfield_industrial_components,procure_to_pay,supplier_invoice,2572925,2025-07-12T17:51:00,E002,invoice_matched,received,paid,2572925,1.0,N
EV-001881,northfield_industrial_components,procure_to_pay,purchase_order,PO-31143,2025-07-13T07:43:00,E060,po_issued,draft,open,PO-31143.pdf,1.0,N
EV-001034,northfield_industrial_components,order_to_cash,customer_invoice,INV-60018,2025-07-13T09:38:00,E002,invoice_issued,,open,INV-60018.pdf,1.0,N
EV-000074,northfield_industrial_components,quote_to_order,quote,Q-26074,2025-07-13T10:56:00,E071,quote_sent,draft,sent,Q-26074.pdf,1.0,N
EV-001119,northfield_industrial_components,order_to_cash,customer_invoice,INV-60103,2025-07-13T14:35:00,E002,invoice_issued,,open,INV-60103.pdf,1.0,N
EV-002815,northfield_industrial_components,manufacturing,work_order,WO-70175,2025-07-13T15:30:00,E055,wo_closed,in_process,closed,COC-WO-70175.pdf,1.0,N
EV-000643,northfield_industrial_components,fulfillment,shipment,SH-50018,2025-07-13T16:57:00,E081,shipment_confirmed,picked,shipped,PS-SH-50018.pdf,1.0,N
EV-000728,northfield_industrial_components,fulfillment,shipment,SH-50103,2025-07-13T17:14:00,E079,shipment_confirmed,picked,shipped,PS-SH-50103.pdf,1.0,N
EV-001865,northfield_industrial_components,procure_to_pay,purchase_order,PO-31127,2025-07-14T07:23:00,E060,po_issued,draft,open,PO-31127.pdf,1.0,N
EV-000524,northfield_industrial_components,quote_to_order,sales_order,SO-26323,2025-07-14T07:25:00,E074,order_entered,,open,customer_po_PUR-206730,1.0,N
EV-002712,northfield_industrial_components,manufacturing,work_order,WO-70120,2025-07-14T07:40:00,E055,wo_closed,in_process,closed,COC-WO-70120.pdf,1.0,N
EV-002222,northfield_industrial_components,procure_to_pay,receipt,RCV-40224,2025-07-14T11:36:00,E102,goods_received,open,received,PS894291,1.0,N
EV-002253,northfield_industrial_components,procure_to_pay,supplier_invoice,INV6292630,2025-07-14T12:20:00,E002,invoice_matched,received,paid,INV6292630,1.0,N
EV-000262,northfield_industrial_components,quote_to_order,sales_order,SO-26065,2025-07-14T13:19:00,E064,order_entered,,open,customer_po_PUR-622973,1.0,N
EV-000212,northfield_industrial_components,quote_to_order,sales_order,SO-26015,2025-07-14T13:49:00,E066,order_entered,,open,customer_po_PO804847,1.0,N
EV-002835,northfield_industrial_components,manufacturing,work_order,WO-70186,2025-07-14T14:23:00,E001,wo_released,planned,released,MRP,1.0,N
EV-002854,northfield_industrial_components,manufacturing,work_order,WO-70196,2025-07-14T15:28:00,E014,wo_released,planned,released,MRP,1.0,N
EV-002852,northfield_industrial_components,manufacturing,work_order,WO-70195,2025-07-15T07:10:00,E050,wo_released,planned,released,MRP,1.0,N
EV-002604,northfield_industrial_components,manufacturing,work_order,WO-70063,2025-07-15T08:15:00,E058,wo_released,planned,released,MRP,1.0,N
EV-002851,northfield_industrial_components,manufacturing,work_order,WO-70194,2025-07-15T08:59:00,E055,wo_closed,in_process,closed,COC-WO-70194.pdf,1.0,N
EV-001209,northfield_industrial_components,order_to_cash,customer_invoice,INV-60193,2025-07-15T09:00:00,E002,invoice_issued,,open,INV-60193.pdf,1.0,N
EV-002670,northfield_industrial_components,manufacturing,work_order,WO-70098,2025-07-15T10:45:00,E055,wo_closed,in_process,closed,COC-WO-70098.pdf,1.0,N
EV-001420,northfield_industrial_components,order_to_cash,customer_invoice,INV-60013,2025-07-15T11:14:00,system,payment_applied,open,paid,Email remittance,0.95,N
EV-000818,northfield_industrial_components,fulfillment,shipment,SH-50193,2025-07-15T11:56:00,E100,shipment_confirmed,picked,shipped,PS-SH-50193.pdf,1.0,N
EV-000996,northfield_industrial_components,fulfillment,shipment,SH-50371,2025-07-15T12:34:00,E083,shipment_confirmed,picked,shipped,PS-SH-50371.pdf,1.0,N
EV-002643,northfield_industrial_components,manufacturing,work_order,WO-70083,2025-07-15T12:38:00,E055,wo_closed,in_process,closed,COC-WO-70083.pdf,1.0,N
EV-001387,northfield_industrial_components,order_to_cash,customer_invoice,INV-60371,2025-07-15T13:21:00,E002,invoice_issued,,open,INV-60371.pdf,1.0,N
EV-001312,northfield_industrial_components,order_to_cash,customer_invoice,INV-60296,2025-07-15T14:23:00,E002,invoice_issued,,open,INV-60296.pdf,1.0,N
EV-002469,northfield_industrial_components,procure_to_pay,supplier_invoice,INV1216867,2025-07-15T15:12:00,E002,invoice_matched,received,paid,INV1216867,1.0,N
EV-002809,northfield_industrial_components,manufacturing,work_order,WO-70172,2025-07-15T15:52:00,E055,wo_closed,in_process,closed,COC-WO-70172.pdf,1.0,N
EV-000423,northfield_industrial_components,quote_to_order,sales_order,SO-26226,2025-07-15T16:50:00,E074,order_entered,,open,customer_po_PO484236,1.0,N
EV-000921,northfield_industrial_components,fulfillment,shipment,SH-50296,2025-07-15T16:50:00,E105,shipment_confirmed,picked,shipped,PS-SH-50296.pdf,1.0,N
EV-001534,northfield_industrial_components,order_to_cash,customer_invoice,INV-60146,2025-07-15T17:20:00,system,payment_applied,open,paid,Email remittance,0.95,N
EV-000146,northfield_industrial_components,quote_to_order,quote,Q-26146,2025-07-15T17:24:00,E069,quote_sent,draft,sent,Q-26146.pdf,1.0,N
EV-002876,northfield_industrial_components,manufacturing,work_order,WO-70208,2025-07-16T12:35:00,E038,wo_released,planned,released,MRP,1.0,N
EV-002874,northfield_industrial_components,manufacturing,work_order,WO-70206,2025-07-16T12:51:00,E055,wo_closed,in_process,closed,COC-WO-70206.pdf,1.0,N
EV-000100,northfield_industrial_components,quote_to_order,quote,Q-26100,2025-07-16T13:52:00,E072,quote_sent,draft,sent,Q-26100.pdf,1.0,N
EV-001235,northfield_industrial_components,order_to_cash,customer_invoice,INV-60219,2025-07-16T15:05:00,E002,invoice_issued,,open,INV-60219.pdf,1.0,N
EV-000844,northfield_industrial_components,fulfillment,shipment,SH-50219,2025-07-16T17:33:00,E106,shipment_confirmed,picked,shipped,PS-SH-50219.pdf,1.0,N
EV-001292,northfield_industrial_components,order_to_cash,customer_invoice,INV-60276,2025-07-17T09:51:00,E002,invoice_issued,,open,INV-60276.pdf,1.0,N
EV-002615,northfield_industrial_components,manufacturing,work_order,WO-70069,2025-07-17T11:29:00,E101,wo_released,planned,released,MRP,1.0,N
EV-002763,northfield_industrial_components,manufacturing,work_order,WO-70148,2025-07-17T11:32:00,E036,wo_released,planned,released,MRP,1.0,N
EV-001886,northfield_industrial_components,procure_to_pay,purchase_order,PO-31148,2025-07-17T12:31:00,E061,po_issued,draft,open,PO-31148.pdf,1.0,N
EV-000971,northfield_industrial_components,fulfillment,shipment,SH-50346,2025-07-17T13:33:00,E082,shipment_confirmed,picked,shipped,PS-SH-50346.pdf,1.0,N
EV-001362,northfield_industrial_components,order_to_cash,customer_invoice,INV-60346,2025-07-17T14:22:00,E002,invoice_issued,,open,INV-60346.pdf,1.0,N
EV-000292,northfield_industrial_components,quote_to_order,sales_order,SO-26095,2025-07-17T16:53:00,E068,order_entered,,open,customer_po_PUR-559324,0.9,N
EV-000901,northfield_industrial_components,fulfillment,shipment,SH-50276,2025-07-17T17:26:00,E079,shipment_confirmed,picked,shipped,PS-SH-50276.pdf,1.0,N
EV-000204,northfield_industrial_components,quote_to_order,sales_order,SO-26007,2025-07-18T11:26:00,E065,order_entered,,open,customer_po_P201174,0.9,N
EV-002377,northfield_industrial_components,procure_to_pay,supplier_invoice,9832979,2025-07-18T13:31:00,E002,invoice_matched,received,paid,9832979,1.0,N
EV-002759,northfield_industrial_components,manufacturing,work_order,WO-70146,2025-07-18T16:22:00,E052,wo_released,planned,released,MRP,1.0,N
EV-001533,northfield_industrial_components,order_to_cash,customer_invoice,INV-60145,2025-07-18T17:17:00,system,payment_applied,open,paid,Lockbox,1.0,N
EV-000102,northfield_industrial_components,quote_to_order,quote,Q-26102,2025-07-19T10:56:00,E067,quote_sent,draft,sent,Q-26102.pdf,1.0,N
EV-001480,northfield_industrial_components,order_to_cash,customer_invoice,INV-60086,2025-07-19T13:30:00,system,payment_applied,open,paid,Lockbox,1.0,N
EV-002267,northfield_industrial_components,procure_to_pay,supplier_invoice,INV858820,2025-07-19T13:32:00,E002,invoice_matched,received,paid,INV858820,1.0,N
EV-002517,northfield_industrial_components,manufacturing,work_order,WO-70013,2025-07-19T14:16:00,E055,wo_closed,in_process,closed,COC-WO-70013.pdf,1.0,N
EV-001778,northfield_industrial_components,procure_to_pay,purchase_order,PO-31040,2025-07-19T15:43:00,E061,po_issued,draft,open,PO-31040.pdf,1.0,N
EV-000474,northfield_industrial_components,quote_to_order,sales_order,SO-26276,2025-07-20T07:31:00,E067,order_entered,,open,customer_po_P186738,1.0,N
EV-002508,northfield_industrial_components,manufacturing,work_order,WO-70009,2025-07-20T08:52:00,E091,wo_released,planned,released,MRP,1.0,N
EV-001931,northfield_industrial_components,procure_to_pay,purchase_order,PO-31193,2025-07-20T10:26:00,E061,po_issued,draft,open,PO-31193.pdf,1.0,N
EV-001457,northfield_industrial_components,order_to_cash,customer_invoice,INV-60058,2025-07-20T13:57:00,system,payment_applied,open,paid,Email remittance,0.95,N
EV-002472,northfield_industrial_components,procure_to_pay,supplier_invoice,INV6930678,2025-07-20T15:38:00,E002,invoice_matched,received,paid,INV6930678,1.0,N
EV-002133,northfield_industrial_components,procure_to_pay,receipt,RCV-40135,2025-07-20T16:21:00,E077,goods_received,open,received,PS769787,1.0,N
EV-001777,northfield_industrial_components,procure_to_pay,purchase_order,PO-31039,2025-07-21T07:08:00,E063,po_issued,draft,open,PO-31039.pdf,1.0,N
EV-002715,northfield_industrial_components,manufacturing,work_order,WO-70122,2025-07-21T10:15:00,E055,wo_closed,in_process,closed,COC-WO-70122.pdf,1.0,N
EV-002536,northfield_industrial_components,manufacturing,work_order,WO-70024,2025-07-21T10:17:00,E094,wo_released,planned,released,MRP,1.0,N
EV-002499,northfield_industrial_components,manufacturing,work_order,WO-70004,2025-07-21T10:29:00,E049,wo_released,planned,released,MRP,1.0,N
EV-001479,northfield_industrial_components,order_to_cash,customer_invoice,INV-60084,2025-07-21T15:28:00,system,payment_applied,open,paid,Lockbox,1.0,N
EV-000003,northfield_industrial_components,quote_to_order,quote,Q-26003,2025-07-22T08:48:00,E070,quote_sent,draft,sent,Q-26003.pdf,1.0,N
EV-001848,northfield_industrial_components,procure_to_pay,purchase_order,PO-31110,2025-07-22T09:39:00,E061,po_issued,draft,open,PO-31110.pdf,1.0,N
EV-002855,northfield_industrial_components,manufacturing,work_order,WO-70196,2025-07-22T10:40:00,E055,wo_closed,in_process,closed,COC-WO-70196.pdf,1.0,N
EV-002546,northfield_industrial_components,manufacturing,work_order,WO-70029,2025-07-22T13:46:00,E055,wo_closed,in_process,closed,COC-WO-70029.pdf,1.0,N
EV-000197,northfield_industrial_components,quote_to_order,quote,Q-26197,2025-07-22T14:38:00,E069,quote_sent,draft,sent,Q-26197.pdf,1.0,N
EV-001635,northfield_industrial_components,order_to_cash,customer_invoice,INV-60260,2025-07-23T07:40:00,system,payment_applied,open,paid,Lockbox,1.0,N
EV-001898,northfield_industrial_components,procure_to_pay,purchase_order,PO-31160,2025-07-23T08:17:00,E063,po_issued,draft,open,PO-31160.pdf,1.0,N
EV-002083,northfield_industrial_components,procure_to_pay,receipt,RCV-40085,2025-07-23T08:32:00,E105,goods_received,open,received,PS680394,1.0,N
EV-001574,northfield_industrial_components,order_to_cash,customer_invoice,INV-60194,2025-07-23T09:14:00,system,payment_applied,open,paid,Portal,1.0,N
EV-000076,northfield_industrial_components,quote_to_order,quote,Q-26076,2025-07-23T09:58:00,E067,quote_sent,draft,sent,Q-26076.pdf,1.0,N
EV-001999,northfield_industrial_components,procure_to_pay,receipt,RCV-40001,2025-07-23T11:24:00,E076,goods_received,open,received,PS499278,1.0,N
EV-000636,northfield_industrial_components,fulfillment,shipment,SH-50011,2025-07-23T11:43:00,E082,shipment_confirmed,picked,shipped,PS-SH-50011.pdf,1.0,N
EV-001668,northfield_industrial_components,order_to_cash,customer_invoice,INV-60299,2025-07-23T14:06:00,system,payment_applied,open,paid,Bank feed,1.0,N
EV-001027,northfield_industrial_components,order_to_cash,customer_invoice,INV-60011,2025-07-23T17:32:00,E002,invoice_issued,,open,INV-60011.pdf,1.0,N
EV-001905,northfield_industrial_components,procure_to_pay,purchase_order,PO-31167,2025-07-23T17:33:00,E062,po_issued,draft,open,PO-31167.pdf,1.0,N
EV-002380,northfield_industrial_components,procure_to_pay,supplier_invoice,INV2867870,2025-07-24T07:16:00,E002,invoice_matched,received,paid,INV2867870,1.0,N
EV-000328,northfield_industrial_components,quote_to_order,sales_order,SO-26131,2025-07-24T07:41:00,E074,order_entered,,open,customer_po_P542052,1.0,N
EV-000831,northfield_industrial_components,fulfillment,shipment,SH-50206,2025-07-24T08:44:00,E077,shipment_confirmed,picked,shipped,PS-SH-50206.pdf,1.0,N
EV-000048,northfield_industrial_components,quote_to_order,quote,Q-26048,2025-07-24T13:15:00,E066,quote_sent,draft,sent,Q-26048.pdf,1.0,N
EV-000483,northfield_industrial_components,quote_to_order,sales_order,SO-26285,2025-07-24T14:20:00,E074,order_entered,,open,customer_po_4500350027,0.9,N
EV-001222,northfield_industrial_components,order_to_cash,customer_invoice,INV-60206,2025-07-24T14:50:00,E002,invoice_issued,,open,INV-60206.pdf,1.0,N
EV-002878,northfield_industrial_components,manufacturing,work_order,WO-70209,2025-07-24T15:13:00,E036,wo_released,planned,released,MRP,1.0,N
EV-001748,northfield_industrial_components,procure_to_pay,purchase_order,PO-31010,2025-07-24T15:49:00,E062,po_issued,draft,open,PO-31010.pdf,1.0,N
EV-001684,northfield_industrial_components,order_to_cash,customer_invoice,INV-60319,2025-07-24T16:09:00,system,payment_applied,open,paid,Portal,1.0,N
EV-001866,northfield_industrial_components,procure_to_pay,purchase_order,PO-31128,2025-07-24T16:15:00,E060,po_issued,draft,open,PO-31128.pdf,1.0,N
EV-000298,northfield_industrial_components,quote_to_order,sales_order,SO-26101,2025-07-24T17:00:00,E064,order_entered,,open,customer_po_PUR-185180,0.9,N
EV-000398,northfield_industrial_components,quote_to_order,sales_order,SO-26201,2025-07-24T17:23:00,E074,order_entered,,open,customer_po_P715761,1.0,N
EV-002330,northfield_industrial_components,procure_to_pay,supplier_invoice,INV8101322,2025-07-25T08:11:00,E002,invoice_matched,received,paid,INV8101322,1.0,N
EV-001071,northfield_industrial_components,order_to_cash,customer_invoice,INV-60055,2025-07-25T08:43:00,E002,invoice_issued,,open,INV-60055.pdf,1.0,N
EV-000680,northfield_industrial_components,fulfillment,shipment,SH-50055,2025-07-25T09:47:00,E102,shipment_confirmed,picked,shipped,PS-SH-50055.pdf,1.0,N
EV-001783,northfield_industrial_components,procure_to_pay,purchase_order,PO-31045,2025-07-25T10:22:00,E063,po_issued,draft,open,PO-31045.pdf,1.0,N
EV-000087,northfield_industrial_components,quote_to_order,quote,Q-26087,2025-07-25T14:06:00,E068,quote_sent,draft,sent,Q-26087.pdf,1.0,N
EV-000001,northfield_industrial_components,quote_to_order,quote,Q-26001,2025-07-25T15:42:00,E072,quote_sent,draft,sent,Q-26001.pdf,1.0,N
EV-000349,northfield_industrial_components,quote_to_order,sales_order,SO-26152,2025-07-25T16:21:00,E067,order_entered,,open,customer_po_PO249817,1.0,N
EV-002769,northfield_industrial_components,manufacturing,work_order,WO-70151,2025-07-25T16:56:00,E089,wo_released,planned,released,MRP,1.0,N
EV-000588,northfield_industrial_components,quote_to_order,sales_order,SO-26384,2025-07-25T17:46:00,E068,order_entered,,open,customer_po_4500431720,0.9,N
EV-002069,northfield_industrial_components,procure_to_pay,receipt,RCV-40071,2025-07-26T08:34:00,E105,goods_received,open,received,PS778630,0.85,Y
EV-000777,northfield_industrial_components,fulfillment,shipment,SH-50152,2025-07-26T11:15:00,E102,shipment_confirmed,picked,shipped,PS-SH-50152.pdf,1.0,N
EV-001168,northfield_industrial_components,order_to_cash,customer_invoice,INV-60152,2025-07-26T12:11:00,E002,invoice_issued,,open,INV-60152.pdf,1.0,N
EV-001907,northfield_industrial_components,procure_to_pay,purchase_order,PO-31169,2025-07-26T13:44:00,E062,po_issued,draft,open,PO-31169.pdf,1.0,N
EV-001228,northfield_industrial_components,order_to_cash,customer_invoice,INV-60212,2025-07-26T15:00:00,E002,invoice_issued,,open,INV-60212.pdf,1.0,N
EV-000837,northfield_industrial_components,fulfillment,shipment,SH-50212,2025-07-26T16:21:00,E103,shipment_confirmed,picked,shipped,PS-SH-50212.pdf,1.0,N
EV-002805,northfield_industrial_components,manufacturing,work_order,WO-70170,2025-07-26T17:11:00,E081,wo_released,planned,released,MRP,1.0,N
EV-000162,northfield_industrial_components,quote_to_order,quote,Q-26162,2025-07-26T17:15:00,E066,quote_sent,draft,sent,Q-26162.pdf,1.0,N
EV-002764,northfield_industrial_components,manufacturing,work_order,WO-70148,2025-07-26T17:37:00,E055,wo_closed,in_process,closed,COC-WO-70148.pdf,1.0,N
EV-000200,northfield_industrial_components,quote_to_order,sales_order,SO-26003,2025-07-27T07:42:00,E073,order_entered,,open,customer_po_P960254,0.9,N
EV-001478,northfield_industrial_components,order_to_cash,customer_invoice,INV-60083,2025-07-27T09:50:00,system,payment_applied,open,paid,Bank feed,1.0,N
EV-002858,northfield_industrial_components,manufacturing,work_order,WO-70198,2025-07-27T13:24:00,E038,wo_released,planned,released,MRP,1.0,N
EV-001520,northfield_industrial_components,order_to_cash,customer_invoice,INV-60130,2025-07-27T16:12:00,system,payment_applied,open,paid,Portal,1.0,N
EV-001679,northfield_industrial_components,order_to_cash,customer_invoice,INV-60312,2025-07-27T17:15:00,system,payment_applied,open,paid,Lockbox,1.0,N
EV-000449,northfield_industrial_components,quote_to_order,sales_order,SO-26252,2025-07-27T17:36:00,E065,order_entered,,open,customer_po_PUR-608928,0.9,N
EV-001412,northfield_industrial_components,order_to_cash,customer_invoice,INV-60005,2025-07-28T07:34:00,system,payment_applied,open,paid,Lockbox,1.0,N
EV-002628,northfield_industrial_components,manufacturing,work_order,WO-70076,2025-07-28T07:58:00,E081,wo_released,planned,released,MRP,1.0,N
EV-001077,northfield_industrial_components,order_to_cash,customer_invoice,INV-60061,2025-07-28T09:13:00,E002,invoice_issued,,open,INV-60061.pdf,1.0,N
EV-000117,northfield_industrial_components,quote_to_order,quote,Q-26117,2025-07-28T10:22:00,E068,quote_sent,draft,sent,Q-26117.pdf,1.0,N
EV-001775,northfield_industrial_components,procure_to_pay,purchase_order,PO-31037,2025-07-28T12:40:00,E063,po_issued,draft,open,PO-31037.pdf,1.0,N
EV-000152,northfield_industrial_components,quote_to_order,quote,Q-26152,2025-07-28T12:48:00,E064,quote_sent,draft,sent,Q-26152.pdf,1.0,N
EV-000054,northfield_industrial_components,quote_to_order,quote,Q-26054,2025-07-28T13:15:00,E072,quote_sent,draft,sent,Q-26054.pdf,1.0,N
EV-000792,northfield_industrial_components,fulfillment,shipment,SH-50167,2025-07-28T13:56:00,E080,shipment_confirmed,picked,shipped,PS-SH-50167.pdf,1.0,N
EV-001183,northfield_industrial_components,order_to_cash,customer_invoice,INV-60167,2025-07-28T14:56:00,E002,invoice_issued,,open,INV-60167.pdf,1.0,N
EV-000686,northfield_industrial_components,fulfillment,shipment,SH-50061,2025-07-28T15:04:00,E106,shipment_confirmed,picked,shipped,PS-SH-50061.pdf,1.0,N
EV-000916,northfield_industrial_components,fulfillment,shipment,SH-50291,2025-07-28T16:00:00,E077,shipment_confirmed,picked,shipped,PS-SH-50291.pdf,1.0,N
EV-001307,northfield_industrial_components,order_to_cash,customer_invoice,INV-60291,2025-07-28T16:08:00,E002,invoice_issued,,open,INV-60291.pdf,1.0,N
EV-002148,northfield_industrial_components,procure_to_pay,receipt,RCV-40150,2025-07-29T07:07:00,E102,goods_received,open,received,PS418754,0.85,Y
EV-002072,northfield_industrial_components,procure_to_pay,receipt,RCV-40074,2025-07-29T08:24:00,E099,goods_received,open,received,PS600361,1.0,N
EV-002500,northfield_industrial_components,manufacturing,work_order,WO-70004,2025-07-29T09:55:00,E055,wo_closed,in_process,closed,COC-WO-70004.pdf,1.0,N
EV-002101,northfield_industrial_components,procure_to_pay,receipt,RCV-40103,2025-07-29T10:55:00,E099,goods_received,open,received,PS697260,0.85,Y
EV-002867,northfield_industrial_components,manufacturing,work_order,WO-70202,2025-07-29T12:48:00,E055,wo_closed,in_process,closed,COC-WO-70202.pdf,1.0,N
EV-000297,northfield_industrial_components,quote_to_order,sales_order,SO-26100,2025-07-29T13:56:00,E075,order_entered,,open,customer_po_PO455078,1.0,N
EV-001447,northfield_industrial_components,order_to_cash,customer_invoice,INV-60045,2025-07-29T14:39:00,system,payment_applied,open,paid,Portal,1.0,N
EV-002316,northfield_industrial_components,procure_to_pay,supplier_invoice,SI9285576,2025-07-29T16:23:00,E002,invoice_matched,received,paid,SI9285576,1.0,N
EV-000339,northfield_industrial_components,quote_to_order,sales_order,SO-26142,2025-07-29T16:45:00,E073,order_entered,,open,customer_po_P406658,0.9,N
EV-002647,northfield_industrial_components,manufacturing,work_order,WO-70086,2025-07-29T17:41:00,E098,wo_released,planned,released,MRP,1.0,N
EV-000305,northfield_industrial_components,quote_to_order,sales_order,SO-26108,2025-07-30T08:19:00,E075,order_entered,,open,customer_po_PO350805,1.0,N
EV-001990,northfield_industrial_components,procure_to_pay,purchase_order,PO-31252,2025-07-30T08:24:00,E063,po_issued,draft,open,PO-31252.pdf,1.0,N
EV-001706,northfield_industrial_components,order_to_cash,customer_invoice,INV-60349,2025-07-30T08:51:00,system,payment_applied,open,paid,Portal,1.0,N
EV-000512,northfield_industrial_components,quote_to_order,sales_order,SO-26311,2025-07-30T10:59:00,E065,order_entered,,open,customer_po_4500565029,0.9,N
EV-002246,northfield_industrial_components,procure_to_pay,supplier_invoice,98988635,2025-07-30T13:08:00,E002,invoice_matched,received,paid,98988635,1.0,N
EV-000820,northfield_industrial_components,fulfillment,shipment,SH-50195,2025-07-31T08:29:00,E101,shipment_confirmed,picked,shipped,PS-SH-50195.pdf,1.0,N
EV-000647,northfield_industrial_components,fulfillment,shipment,SH-50022,2025-07-31T08:46:00,E082,shipment_confirmed,picked,shipped,PS-SH-50022.pdf,1.0,N
EV-001140,northfield_industrial_components,order_to_cash,customer_invoice,INV-60124,2025-07-31T09:02:00,E002,invoice_issued,,open,INV-60124.pdf,1.0,N
EV-002348,northfield_industrial_components,procure_to_pay,supplier_invoice,INV2020069,2025-07-31T09:04:00,E002,invoice_matched,received,paid,INV2020069,1.0,N
EV-001035,northfield_industrial_components,order_to_cash,customer_invoice,INV-60019,2025-07-31T11:07:00,E002,invoice_issued,,open,INV-60019.pdf,1.0,N
EV-000749,northfield_industrial_components,fulfillment,shipment,SH-50124,2025-07-31T11:35:00,E099,shipment_confirmed,picked,shipped,PS-SH-50124.pdf,1.0,N
EV-001038,northfield_industrial_components,order_to_cash,customer_invoice,INV-60022,2025-07-31T13:02:00,E002,invoice_issued,,open,INV-60022.pdf,1.0,N
EV-001986,northfield_industrial_components,procure_to_pay,purchase_order,PO-31248,2025-07-31T13:05:00,E063,po_issued,draft,open,PO-31248.pdf,1.0,N
EV-001422,northfield_industrial_components,order_to_cash,customer_invoice,INV-60015,2025-07-31T14:23:00,system,payment_applied,open,paid,Lockbox,1.0,N
EV-001211,northfield_industrial_components,order_to_cash,customer_invoice,INV-60195,2025-07-31T14:38:00,E002,invoice_issued,,open,INV-60195.pdf,1.0,N
EV-000644,northfield_industrial_components,fulfillment,shipment,SH-50019,2025-07-31T15:57:00,E101,shipment_confirmed,picked,shipped,PS-SH-50019.pdf,1.0,N
EV-002622,northfield_industrial_components,manufacturing,work_order,WO-70072,2025-07-31T17:18:00,E055,wo_closed,in_process,closed,COC-WO-70072.pdf,1.0,N
EV-001469,northfield_industrial_components,order_to_cash,customer_invoice,INV-60073,2025-07-31T17:40:00,system,payment_applied,open,paid,Lockbox,1.0,N
EV-001372,northfield_industrial_components,order_to_cash,customer_invoice,INV-60356,2025-08-01T07:18:00,E002,invoice_issued,,open,INV-60356.pdf,1.0,N
EV-001189,northfield_industrial_components,order_to_cash,customer_invoice,INV-60173,2025-08-01T07:45:00,E002,invoice_issued,,open,INV-60173.pdf,1.0,N
EV-000981,northfield_industrial_components,fulfillment,shipment,SH-50356,2025-08-01T08:29:00,E076,shipment_confirmed,picked,shipped,PS-SH-50356.pdf,1.0,N
EV-000154,northfield_industrial_components,quote_to_order,quote,Q-26154,2025-08-01T08:50:00,E072,quote_sent,draft,sent,Q-26154.pdf,1.0,N
EV-000798,northfield_industrial_components,fulfillment,shipment,SH-50173,2025-08-01T13:11:00,E101,shipment_confirmed,picked,shipped,PS-SH-50173.pdf,1.0,N
EV-000341,northfield_industrial_components,quote_to_order,sales_order,SO-26144,2025-08-01T13:25:00,E064,order_entered,,open,customer_po_PO224917,0.9,N
EV-002829,northfield_industrial_components,manufacturing,work_order,WO-70183,2025-08-01T13:42:00,E030,wo_released,planned,released,MRP,1.0,N
EV-000780,northfield_industrial_components,fulfillment,shipment,SH-50155,2025-08-01T14:01:00,E081,shipment_confirmed,picked,shipped,PS-SH-50155.pdf,1.0,N
EV-001171,northfield_industrial_components,order_to_cash,customer_invoice,INV-60155,2025-08-01T14:14:00,E002,invoice_issued,,open,INV-60155.pdf,1.0,N
EV-000400,northfield_industrial_components,quote_to_order,sales_order,SO-26203,2025-08-01T16:56:00,E074,order_entered,,open,customer_po_PUR-573937,0.9,N
EV-000739,northfield_industrial_components,fulfillment,shipment,SH-50114,2025-08-02T07:56:00,E105,shipment_confirmed,picked,shipped,PS-SH-50114.pdf,1.0,N
EV-001130,northfield_industrial_components,order_to_cash,customer_invoice,INV-60114,2025-08-02T09:36:00,E002,invoice_issued,,open,INV-60114.pdf,1.0,N
EV-000402,northfield_industrial_components,quote_to_order,sales_order,SO-26205,2025-08-02T09:43:00,E074,order_entered,,open,customer_po_4500454903,0.9,N
EV-001690,northfield_industrial_components,order_to_cash,customer_invoice,INV-60329,2025-08-02T10:26:00,system,payment_applied,open,paid,Lockbox,1.0,N
EV-001115,northfield_industrial_components,order_to_cash,customer_invoice,INV-60099,2025-08-02T11:12:00,E002,invoice_issued,,open,INV-60099.pdf,1.0,N
EV-000434,northfield_industrial_components,quote_to_order,sales_order,SO-26237,2025-08-02T11:38:00,E073,order_entered,,open,customer_po_P814600,1.0,N
EV-002842,northfield_industrial_components,manufacturing,work_order,WO-70190,2025-08-02T11:45:00,E036,wo_released,planned,released,MRP,1.0,N
EV-001754,northfield_industrial_components,procure_to_pay,purchase_order,PO-31016,2025-08-02T11:59:00,E062,po_issued,draft,open,PO-31016.pdf,1.0,N
EV-001078,northfield_industrial_components,order_to_cash,customer_invoice,INV-60062,2025-08-02T13:15:00,E002,invoice_issued,,open,INV-60062.pdf,1.0,N
EV-002806,northfield_industrial_components,manufacturing,work_order,WO-70170,2025-08-02T15:36:00,E055,wo_closed,in_process,closed,COC-WO-70170.pdf,1.0,N
EV-000724,northfield_industrial_components,fulfillment,shipment,SH-50099,2025-08-02T17:26:00,E077,shipment_confirmed,picked,shipped,PS-SH-50099.pdf,1.0,N
EV-000541,northfield_industrial_components,quote_to_order,sales_order,SO-26338,2025-08-02T17:53:00,E067,order_entered,,open,customer_po_PUR-304760,1.0,N
EV-000687,northfield_industrial_components,fulfillment,shipment,SH-50062,2025-08-02T17:55:00,E099,shipment_confirmed,picked,shipped,PS-SH-50062.pdf,1.0,N
EV-000008,northfield_industrial_components,quote_to_order,quote,Q-26008,2025-08-03T07:54:00,E072,quote_sent,draft,sent,Q-26008.pdf,1.0,N
EV-001142,northfield_industrial_components,order_to_cash,customer_invoice,INV-60126,2025-08-03T11:41:00,E002,invoice_issued,,open,INV-60126.pdf,1.0,N
EV-001709,northfield_industrial_components,order_to_cash,customer_invoice,INV-60352,2025-08-03T14:38:00,system,payment_applied,open,paid,Portal,1.0,N
EV-000751,northfield_industrial_components,fulfillment,shipment,SH-50126,2025-08-03T15:34:00,E083,shipment_confirmed,picked,shipped,PS-SH-50126.pdf,1.0,N
EV-001103,northfield_industrial_components,order_to_cash,customer_invoice,INV-60087,2025-08-03T15:51:00,E002,invoice_issued,,open,INV-60087.pdf,1.0,N
EV-000494,northfield_industrial_components,quote_to_order,sales_order,SO-26295,2025-08-03T16:41:00,E067,order_entered,,open,customer_po_PUR-499716,0.9,N
EV-000712,northfield_industrial_components,fulfillment,shipment,SH-50087,2025-08-03T17:17:00,E079,shipment_confirmed,picked,shipped,PS-SH-50087.pdf,1.0,N
EV-001910,northfield_industrial_components,procure_to_pay,purchase_order,PO-31172,2025-08-04T07:06:00,E061,po_issued,draft,open,PO-31172.pdf,1.0,N
EV-002395,northfield_industrial_components,procure_to_pay,supplier_invoice,INV8628655,2025-08-04T08:19:00,E002,invoice_matched,received,paid,INV8628655,1.0,N
EV-000978,northfield_industrial_components,fulfillment,shipment,SH-50353,2025-08-04T11:45:00,E105,shipment_confirmed,picked,shipped,PS-SH-50353.pdf,1.0,N
EV-001139,northfield_industrial_components,order_to_cash,customer_invoice,INV-60123,2025-08-04T11:52:00,E002,invoice_issued,,open,INV-60123.pdf,1.0,N
EV-001155,northfield_industrial_components,order_to_cash,customer_invoice,INV-60139,2025-08-04T12:49:00,E002,invoice_issued,,open,INV-60139.pdf,1.0,N
EV-000198,northfield_industrial_components,quote_to_order,sales_order,SO-26001,2025-08-04T15:22:00,E066,order_entered,,open,customer_po_PUR-865992,0.9,N
EV-000748,northfield_industrial_components,fulfillment,shipment,SH-50123,2025-08-04T16:03:00,E077,shipment_confirmed,picked,shipped,PS-SH-50123.pdf,1.0,N
EV-000764,northfield_industrial_components,fulfillment,shipment,SH-50139,2025-08-04T16:17:00,E083,shipment_confirmed,picked,shipped,PS-SH-50139.pdf,1.0,N
EV-002156,northfield_industrial_components,procure_to_pay,receipt,RCV-40158,2025-08-04T16:17:00,E105,goods_received,open,received,PS124202,1.0,N
EV-001369,northfield_industrial_components,order_to_cash,customer_invoice,INV-60353,2025-08-04T16:29:00,E002,invoice_issued,,open,INV-60353.pdf,1.0,N
EV-002137,northfield_industrial_components,procure_to_pay,receipt,RCV-40139,2025-08-04T17:04:00,E105,goods_received,open,received,PS511783,1.0,N
EV-001736,northfield_industrial_components,order_to_cash,customer_invoice,INV-60389,2025-08-04T17:42:00,system,payment_applied,open,paid,Portal,1.0,N
EV-002319,northfield_industrial_components,procure_to_pay,supplier_invoice,SI5183212,2025-08-04T17:46:00,E002,match_exception,received,paid,SI5183212,0.7,Y
EV-000730,northfield_industrial_components,fulfillment,shipment,SH-50105,2025-08-05T09:15:00,E102,shipment_confirmed,picked,shipped,PS-SH-50105.pdf,1.0,N
EV-000108,northfield_industrial_components,quote_to_order,quote,Q-26108,2025-08-05T09:27:00,E067,quote_sent,draft,sent,Q-26108.pdf,1.0,N
EV-000990,northfield_industrial_components,fulfillment,shipment,SH-50365,2025-08-05T10:35:00,E100,shipment_confirmed,picked,shipped,PS-SH-50365.pdf,1.0,N
EV-001121,northfield_industrial_components,order_to_cash,customer_invoice,INV-60105,2025-08-05T11:29:00,E002,invoice_issued,,open,INV-60105.pdf,1.0,N
EV-001862,northfield_industrial_components,procure_to_pay,purchase_order,PO-31124,2025-08-05T12:29:00,E061,po_issued,draft,open,PO-31124.pdf,1.0,N
EV-001381,northfield_industrial_components,order_to_cash,customer_invoice,INV-60365,2025-08-05T14:53:00,E002,invoice_issued,,open,INV-60365.pdf,1.0,N
EV-001756,northfield_industrial_components,procure_to_pay,purchase_order,PO-31018,2025-08-05T15:03:00,E063,po_issued,draft,open,PO-31018.pdf,1.0,N
EV-001774,northfield_industrial_components,procure_to_pay,purchase_order,PO-31036,2025-08-05T15:47:00,E061,po_issued,draft,open,PO-31036.pdf,1.0,N
EV-002629,northfield_industrial_components,manufacturing,work_order,WO-70076,2025-08-05T17:43:00,E055,wo_closed,in_process,closed,COC-WO-70076.pdf,1.0,N
EV-002149,northfield_industrial_components,procure_to_pay,receipt,RCV-40151,2025-08-06T08:01:00,E100,goods_received,open,received,PS661642,1.0,N
EV-001094,northfield_industrial_components,order_to_cash,customer_invoice,INV-60078,2025-08-06T09:57:00,E002,invoice_issued,,open,INV-60078.pdf,1.0,N
EV-001776,northfield_industrial_components,procure_to_pay,purchase_order,PO-31038,2025-08-06T10:34:00,E062,po_issued,draft,open,PO-31038.pdf,1.0,N
EV-001980,northfield_industrial_components,procure_to_pay,purchase_order,PO-31242,2025-08-06T13:06:00,E061,po_issued,draft,open,PO-31242.pdf,1.0,N
EV-000201,northfield_industrial_components,quote_to_order,sales_order,SO-26004,2025-08-06T13:34:00,E067,order_entered,,open,customer_po_PUR-500260,0.9,N
EV-000372,northfield_industrial_components,quote_to_order,sales_order,SO-26175,2025-08-06T13:42:00,E073,order_entered,,open,customer_po_PO789334,0.9,N
EV-002531,northfield_industrial_components,manufacturing,work_order,WO-70021,2025-08-06T13:42:00,E057,wo_released,planned,released,MRP,1.0,N
EV-000703,northfield_industrial_components,fulfillment,shipment,SH-50078,2025-08-06T14:51:00,E082,shipment_confirmed,picked,shipped,PS-SH-50078.pdf,1.0,N
EV-000215,northfield_industrial_components,quote_to_order,sales_order,SO-26018,2025-08-06T15:26:00,E075,order_entered,,open,customer_po_4500737202,0.9,N
EV-000442,northfield_industrial_components,quote_to_order,sales_order,SO-26245,2025-08-06T15:52:00,E075,order_entered,,open,customer_po_4500128287,0.9,N
EV-001946,northfield_industrial_components,procure_to_pay,purchase_order,PO-31208,2025-08-07T12:52:00,E060,po_issued,draft,open,PO-31208.pdf,1.0,N
EV-002760,northfield_industrial_components,manufacturing,work_order,WO-70146,2025-08-07T15:02:00,E055,wo_closed,in_process,closed,COC-WO-70146.pdf,1.0,N
EV-000929,northfield_industrial_components,fulfillment,shipment,SH-50304,2025-08-08T07:15:00,E102,shipment_confirmed,picked,shipped,PS-SH-50304.pdf,1.0,N
EV-001320,northfield_industrial_components,order_to_cash,customer_invoice,INV-60304,2025-08-08T07:26:00,E002,invoice_issued,,open,INV-60304.pdf,1.0,N
EV-001026,northfield_industrial_components,order_to_cash,customer_invoice,INV-60010,2025-08-08T11:17:00,E002,invoice_issued,,open,INV-60010.pdf,1.0,N
EV-001859,northfield_industrial_components,procure_to_pay,purchase_order,PO-31121,2025-08-08T11:38:00,E063,po_issued,draft,open,PO-31121.pdf,1.0,N
EV-001449,northfield_industrial_components,order_to_cash,customer_invoice,INV-60047,2025-08-08T11:48:00,system,payment_applied,open,paid,Lockbox,1.0,N
EV-001430,northfield_industrial_components,order_to_cash,customer_invoice,INV-60023,2025-08-08T13:16:00,system,payment_applied,open,paid,Portal,1.0,N
EV-000635,northfield_industrial_components,fulfillment,shipment,SH-50010,2025-08-08T13:18:00,E077,shipment_confirmed,picked,shipped,PS-SH-50010.pdf,1.0,N
EV-001899,northfield_industrial_components,procure_to_pay,purchase_order,PO-31161,2025-08-08T14:05:00,E062,po_issued,draft,open,PO-31161.pdf,1.0,N
EV-002151,northfield_industrial_components,procure_to_pay,receipt,RCV-40153,2025-08-08T16:35:00,E100,goods_received,open,received,PS845517,0.85,Y
EV-002616,northfield_industrial_components,manufacturing,work_order,WO-70069,2025-08-08T16:44:00,E055,wo_closed,in_process,closed,COC-WO-70069.pdf,1.0,N
EV-001939,northfield_industrial_components,procure_to_pay,purchase_order,PO-31201,2025-08-08T17:27:00,E063,po_issued,draft,open,PO-31201.pdf,1.0,N
EV-000058,northfield_industrial_components,quote_to_order,quote,Q-26058,2025-08-09T09:42:00,E066,quote_sent,draft,sent,Q-26058.pdf,1.0,N
EV-001805,northfield_industrial_components,procure_to_pay,purchase_order,PO-31067,2025-08-09T11:29:00,E061,po_issued,draft,open,PO-31067.pdf,1.0,N
EV-000902,northfield_industrial_components,fulfillment,shipment,SH-50277,2025-08-09T13:41:00,E103,shipment_confirmed,picked,shipped,PS-SH-50277.pdf,1.0,N
EV-001293,northfield_industrial_components,order_to_cash,customer_invoice,INV-60277,2025-08-09T13:56:00,E002,invoice_issued,,open,INV-60277.pdf,1.0,N
EV-001646,northfield_industrial_components,order_to_cash,customer_invoice,INV-60272,2025-08-09T14:50:00,system,payment_applied,open,paid,Bank feed,1.0,N
EV-001446,northfield_industrial_components,order_to_cash,customer_invoice,INV-60044,2025-08-09T16:31:00,system,payment_applied,open,paid,Email remittance,0.95,N
EV-002853,northfield_industrial_components,manufacturing,work_order,WO-70195,2025-08-09T17:08:00,E055,wo_closed,in_process,closed,COC-WO-70195.pdf,1.0,N
EV-001610,northfield_industrial_components,order_to_cash,customer_invoice,INV-60232,2025-08-09T17:11:00,system,payment_applied,open,paid,Portal,1.0,N
EV-001030,northfield_industrial_components,order_to_cash,customer_invoice,INV-60014,2025-08-10T07:49:00,E002,invoice_issued,,open,INV-60014.pdf,1.0,N
EV-000499,northfield_industrial_components,quote_to_order,sales_order,SO-26300,2025-08-10T09:05:00,E068,order_entered,,open,customer_po_PO144513,0.9,N
EV-000639,northfield_industrial_components,fulfillment,shipment,SH-50014,2025-08-10T09:46:00,E082,shipment_confirmed,picked,shipped,PS-SH-50014.pdf,1.0,N
EV-002403,northfield_industrial_components,procure_to_pay,supplier_invoice,93112313,2025-08-10T14:53:00,E002,invoice_matched,received,paid,93112313,1.0,N
EV-000625,northfield_industrial_components,quote_to_order,sales_order,SO-26420,2025-08-11T07:00:00,E064,order_entered,,open,customer_po_PUR-373625,0.9,N
EV-002396,northfield_industrial_components,procure_to_pay,supplier_invoice,INV4597068,2025-08-11T08:46:00,E002,invoice_matched,received,paid,INV4597068,1.0,N
EV-002052,northfield_industrial_components,procure_to_pay,receipt,RCV-40054,2025-08-11T12:26:00,E080,goods_received,open,received,PS313759,1.0,N
EV-002036,northfield_industrial_components,procure_to_pay,receipt,RCV-40038,2025-08-11T14:10:00,E102,goods_received,open,received,PS316033,1.0,N
EV-000007,northfield_industrial_components,quote_to_order,quote,Q-26007,2025-08-11T16:17:00,E072,quote_sent,draft,sent,Q-26007.pdf,1.0,N
EV-002836,northfield_industrial_components,manufacturing,work_order,WO-70186,2025-08-11T16:20:00,E055,wo_closed,in_process,closed,COC-WO-70186.pdf,1.0,N
EV-002384,northfield_industrial_components,procure_to_pay,supplier_invoice,SI2440693,2025-08-11T17:10:00,E002,invoice_matched,received,paid,SI2440693,1.0,N
EV-002233,northfield_industrial_components,procure_to_pay,receipt,RCV-40235,2025-08-12T08:09:00,E099,goods_received,open,received,PS683772,1.0,N
EV-000235,northfield_industrial_components,quote_to_order,sales_order,SO-26038,2025-08-12T11:03:00,E073,order_entered,,open,customer_po_PO502945,0.9,N
EV-002770,northfield_industrial_components,manufacturing,work_order,WO-70152,2025-08-12T11:45:00,E020,wo_released,planned,released,MRP,1.0,N
EV-000368,northfield_industrial_components,quote_to_order,sales_order,SO-26171,2025-08-12T12:12:00,E066,order_entered,,open,customer_po_4500813487,1.0,N
EV-002779,northfield_industrial_components,manufacturing,work_order,WO-70157,2025-08-12T13:55:00,E063,wo_released,planned,released,MRP,1.0,N
EV-001421,northfield_industrial_components,order_to_cash,customer_invoice,INV-60014,2025-08-12T16:07:00,system,payment_applied,open,paid,Lockbox,1.0,N
EV-000480,northfield_industrial_components,quote_to_order,sales_order,SO-26282,2025-08-13T09:23:00,E074,order_entered,,open,customer_po_PO892775,0.9,N
EV-001566,northfield_industrial_components,order_to_cash,customer_invoice,INV-60185,2025-08-13T09:26:00,system,payment_applied,open,paid,Bank feed,1.0,N
EV-001550,northfield_industrial_components,order_to_cash,customer_invoice,INV-60167,2025-08-13T12:32:00,system,payment_applied,open,paid,Bank feed,1.0,N
EV-002037,northfield_industrial_components,procure_to_pay,receipt,RCV-40039,2025-08-13T13:36:00,E100,goods_received,open,received,PS106114,1.0,N
EV-002877,northfield_industrial_components,manufacturing,work_order,WO-70208,2025-08-13T14:53:00,E055,wo_closed,in_process,closed,COC-WO-70208.pdf,1.0,N
EV-002158,northfield_industrial_components,procure_to_pay,receipt,RCV-40160,2025-08-13T17:58:00,E076,goods_received,open,received,PS715085,1.0,N
EV-001568,northfield_industrial_components,order_to_cash,customer_invoice,INV-60187,2025-08-14T08:51:00,system,payment_applied,open,paid,Bank feed,1.0,N
EV-002605,northfield_industrial_components,manufacturing,work_order,WO-70063,2025-08-14T09:26:00,E055,wo_closed,in_process,closed,COC-WO-70063.pdf,1.0,N
EV-002480,northfield_industrial_components,procure_to_pay,supplier_invoice,9567718,2025-08-14T10:35:00,E002,invoice_matched,received,paid,9567718,1.0,N
EV-000515,northfield_industrial_components,quote_to_order,sales_order,SO-26314,2025-08-14T10:52:00,E066,order_entered,,open,customer_po_PUR-361828,1.0,N
EV-002398,northfield_industrial_components,procure_to_pay,supplier_invoice,8099990,2025-08-14T10:56:00,E002,invoice_matched,received,paid,8099990,1.0,N
EV-000884,northfield_industrial_components,fulfillment,shipment,SH-50259,2025-08-15T07:05:00,E105,shipment_confirmed,picked,shipped,PS-SH-50259.pdf,1.0,N
EV-002931,northfield_industrial_components,returns,rma,RMA-0016,2025-08-15T09:40:00,E067,rma_approved,requested,approved,INV-60353,1.0,N
EV-000016,northfield_industrial_components,quote_to_order,quote,Q-26016,2025-08-15T10:36:00,E069,quote_sent,draft,sent,Q-26016.pdf,1.0,N
EV-000033,northfield_industrial_components,quote_to_order,quote,Q-26033,2025-08-15T10:41:00,E071,quote_sent,draft,sent,Q-26033.pdf,1.0,N
EV-001238,northfield_industrial_components,order_to_cash,customer_invoice,INV-60222,2025-08-15T13:33:00,E002,invoice_issued,,open,INV-60222.pdf,1.0,N
EV-002879,northfield_industrial_components,manufacturing,work_order,WO-70209,2025-08-15T13:33:00,E055,wo_closed,in_process,closed,COC-WO-70209.pdf,1.0,N
EV-001757,northfield_industrial_components,procure_to_pay,purchase_order,PO-31019,2025-08-15T13:34:00,E060,po_issued,draft,open,PO-31019.pdf,1.0,N
EV-001275,northfield_industrial_components,order_to_cash,customer_invoice,INV-60259,2025-08-15T13:45:00,E002,invoice_issued,,open,INV-60259.pdf,1.0,N
EV-001816,northfield_industrial_components,procure_to_pay,purchase_order,PO-31078,2025-08-15T14:30:00,E061,po_issued,draft,open,PO-31078.pdf,1.0,N
EV-001737,northfield_industrial_components,order_to_cash,customer_invoice,INV-60390,2025-08-15T14:40:00,system,payment_applied,open,paid,Portal,1.0,N
EV-001998,northfield_industrial_components,procure_to_pay,purchase_order,PO-31260,2025-08-15T16:07:00,E062,po_issued,draft,open,PO-31260.pdf,1.0,N
EV-002153,northfield_industrial_components,procure_to_pay,receipt,RCV-40155,2025-08-15T16:52:00,E077,goods_received,open,received,PS482068,0.85,Y
EV-000847,northfield_industrial_components,fulfillment,shipment,SH-50222,2025-08-15T17:06:00,E102,shipment_confirmed,picked,shipped,PS-SH-50222.pdf,1.0,N
EV-000178,northfield_industrial_components,quote_to_order,quote,Q-26178,2025-08-16T07:32:00,E072,quote_sent,draft,sent,Q-26178.pdf,1.0,N
EV-000090,northfield_industrial_components,quote_to_order,quote,Q-26090,2025-08-16T11:08:00,E069,quote_sent,draft,sent,Q-26090.pdf,1.0,N
EV-000529,northfield_industrial_components,quote_to_order,sales_order,SO-26327,2025-08-16T12:21:00,E068,order_entered,,open,customer_po_4500212378,1.0,N
EV-002848,northfield_industrial_components,manufacturing,work_order,WO-70193,2025-08-16T12:27:00,E095,wo_released,planned,released,MRP,1.0,N
EV-001418,northfield_industrial_components,order_to_cash,customer_invoice,INV-60011,2025-08-16T14:22:00,system,payment_applied,open,paid,Email remittance,0.95,N
EV-000716,northfield_industrial_components,fulfillment,shipment,SH-50091,2025-08-16T16:12:00,E077,shipment_confirmed,picked,shipped,PS-SH-50091.pdf,1.0,N
EV-001437,northfield_industrial_components,order_to_cash,customer_invoice,INV-60032,2025-08-16T17:10:00,system,payment_applied,open,paid,Email remittance,0.95,N
EV-001107,northfield_industrial_components,order_to_cash,customer_invoice,INV-60091,2025-08-16T17:37:00,E002,invoice_issued,,open,INV-60091.pdf,1.0,N
EV-000027,northfield_industrial_components,quote_to_order,quote,Q-26027,2025-08-17T09:32:00,E069,quote_sent,draft,sent,Q-26027.pdf,1.0,N
EV-000412,northfield_industrial_components,quote_to_order,sales_order,SO-26215,2025-08-17T10:08:00,E068,order_entered,,open,customer_po_PO168051,0.9,N
EV-001703,northfield_industrial_components,order_to_cash,customer_invoice,INV-60344,2025-08-17T10:48:00,system,payment_applied,open,paid,Lockbox,1.0,N
EV-000766,northfield_industrial_components,fulfillment,shipment,SH-50141,2025-08-17T10:58:00,E106,shipment_confirmed,picked,shipped,PS-SH-50141.pdf,1.0,N
EV-001157,northfield_industrial_components,order_to_cash,customer_invoice,INV-60141,2025-08-17T12:24:00,E002,invoice_issued,,open,INV-60141.pdf,1.0,N
EV-001136,northfield_industrial_components,order_to_cash,customer_invoice,INV-60120,2025-08-17T13:08:00,E002,invoice_issued,,open,INV-60120.pdf,1.0,N
EV-000745,northfield_industrial_components,fulfillment,shipment,SH-50120,2025-08-17T13:44:00,E102,shipment_confirmed,picked,shipped,PS-SH-50120.pdf,1.0,N
EV-002843,northfield_industrial_components,manufacturing,work_order,WO-70190,2025-08-17T15:20:00,E055,wo_closed,in_process,closed,COC-WO-70190.pdf,1.0,N
EV-000756,northfield_industrial_components,fulfillment,shipment,SH-50131,2025-08-17T17:14:00,E079,shipment_confirmed,picked,shipped,PS-SH-50131.pdf,1.0,N
EV-001147,northfield_industrial_components,order_to_cash,customer_invoice,INV-60131,2025-08-17T17:28:00,E002,invoice_issued,,open,INV-60131.pdf,1.0,N
EV-002870,northfield_industrial_components,manufacturing,work_order,WO-70204,2025-08-18T07:32:00,E083,wo_released,planned,released,MRP,1.0,N
EV-002509,northfield_industrial_components,manufacturing,work_order,WO-70009,2025-08-18T08:52:00,E055,wo_closed,in_process,closed,COC-WO-70009.pdf,1.0,N
EV-002284,northfield_industrial_components,procure_to_pay,supplier_invoice,SI8647283,2025-08-18T09:04:00,E002,invoice_matched,received,paid,SI8647283,1.0,N
EV-002405,northfield_industrial_components,procure_to_pay,supplier_invoice,96533985,2025-08-18T10:30:00,E002,invoice_matched,received,paid,96533985,1.0,N
EV-002194,northfield_industrial_components,procure_to_pay,receipt,RCV-40196,2025-08-18T12:10:00,E102,goods_received,open,received,PS332964,1.0,N
EV-002012,northfield_industrial_components,procure_to_pay,receipt,RCV-40014,2025-08-18T13:39:00,E099,goods_received,open,received,PS187376,1.0,N
EV-000521,northfield_industrial_components,quote_to_order,sales_order,SO-26320,2025-08-19T07:21:00,E067,order_entered,,open,customer_po_PUR-487585,0.9,N
EV-002299,northfield_industrial_components,procure_to_pay,supplier_invoice,SI422963,2025-08-19T09:23:00,E002,invoice_matched,received,paid,SI422963,1.0,N
EV-002283,northfield_industrial_components,procure_to_pay,supplier_invoice,91425565,2025-08-19T09:52:00,E002,invoice_matched,received,paid,91425565,1.0,N
EV-000315,northfield_industrial_components,quote_to_order,sales_order,SO-26118,2025-08-19T10:34:00,E066,order_entered,,open,customer_po_PO793458,0.9,N
EV-002537,northfield_industrial_components,manufacturing,work_order,WO-70024,2025-08-19T11:20:00,E055,wo_closed,in_process,closed,COC-WO-70024.pdf,1.0,N
EV-002735,northfield_industrial_components,manufacturing,work_order,WO-70134,2025-08-19T11:22:00,E021,wo_released,planned,released,MRP,1.0,N
EV-001818,northfield_industrial_components,procure_to_pay,purchase_order,PO-31080,2025-08-19T11:56:00,E062,po_issued,draft,open,PO-31080.pdf,1.0,N
EV-000077,northfield_industrial_components,quote_to_order,quote,Q-26077,2025-08-19T12:33:00,E072,quote_sent,draft,sent,Q-26077.pdf,1.0,N
EV-001830,northfield_industrial_components,procure_to_pay,purchase_order,PO-31092,2025-08-19T14:31:00,E061,po_issued,draft,open,PO-31092.pdf,1.0,N
EV-001409,northfield_industrial_components,order_to_cash,customer_invoice,INV-60002,2025-08-19T17:01:00,system,payment_applied,open,paid,Bank feed,1.0,N
EV-000893,northfield_industrial_components,fulfillment,shipment,SH-50268,2025-08-20T11:41:00,E100,shipment_confirmed,picked,shipped,PS-SH-50268.pdf,1.0,N
EV-002086,northfield_industrial_components,procure_to_pay,receipt,RCV-40088,2025-08-20T12:05:00,E099,goods_received,open,received,PS542201,1.0,N
EV-001284,northfield_industrial_components,order_to_cash,customer_invoice,INV-60268,2025-08-20T12:21:00,E002,invoice_issued,,open,INV-60268.pdf,1.0,N
EV-000628,northfield_industrial_components,fulfillment,shipment,SH-50003,2025-08-20T14:53:00,E082,shipment_confirmed,picked,shipped,PS-SH-50003.pdf,1.0,N
EV-002833,northfield_industrial_components,manufacturing,work_order,WO-70185,2025-08-20T15:15:00,E064,wo_released,planned,released,MRP,1.0,N
EV-001019,northfield_industrial_components,order_to_cash,customer_invoice,INV-60003,2025-08-20T15:39:00,E002,invoice_issued,,open,INV-60003.pdf,1.0,N
EV-002400,northfield_industrial_components,procure_to_pay,supplier_invoice,INV7471162,2025-08-20T17:24:00,E002,invoice_matched,received,paid,INV7471162,1.0,N
EV-001203,northfield_industrial_components,order_to_cash,customer_invoice,INV-60187,2025-08-21T11:49:00,E002,invoice_issued,,open,INV-60187.pdf,1.0,N
EV-001835,northfield_industrial_components,procure_to_pay,purchase_order,PO-31097,2025-08-21T12:25:00,E060,po_issued,draft,open,PO-31097.pdf,1.0,N
EV-000156,northfield_industrial_components,quote_to_order,quote,Q-26156,2025-08-21T13:24:00,E067,quote_sent,draft,sent,Q-26156.pdf,1.0,N
EV-001864,northfield_industrial_components,procure_to_pay,purchase_order,PO-31126,2025-08-21T13:34:00,E060,po_issued,draft,open,PO-31126.pdf,1.0,N
EV-000318,northfield_industrial_components,quote_to_order,sales_order,SO-26121,2025-08-21T14:09:00,E068,order_entered,,open,customer_po_PO433113,0.9,N
EV-000126,northfield_industrial_components,quote_to_order,quote,Q-26126,2025-08-21T14:15:00,E067,quote_sent,draft,sent,Q-26126.pdf,1.0,N
EV-002771,northfield_industrial_components,manufacturing,work_order,WO-70152,2025-08-21T14:34:00,E055,wo_closed,in_process,closed,COC-WO-70152.pdf,1.0,N
EV-002114,northfield_industrial_components,procure_to_pay,receipt,RCV-40116,2025-08-21T14:52:00,E082,goods_received,open,received,PS674723,1.0,N
EV-000812,northfield_industrial_components,fulfillment,shipment,SH-50187,2025-08-21T15:09:00,E077,shipment_confirmed,picked,shipped,PS-SH-50187.pdf,1.0,N
EV-002063,northfield_industrial_components,procure_to_pay,receipt,RCV-40065,2025-08-21T17:32:00,E078,goods_received,open,received,PS665474,1.0,N
EV-000543,northfield_industrial_components,quote_to_order,sales_order,SO-26340,2025-08-21T17:45:00,E066,order_entered,,open,customer_po_PO559473,1.0,N
EV-000758,northfield_industrial_components,fulfillment,shipment,SH-50133,2025-08-22T07:03:00,E105,shipment_confirmed,picked,shipped,PS-SH-50133.pdf,1.0,N
EV-001749,northfield_industrial_components,procure_to_pay,purchase_order,PO-31011,2025-08-22T07:58:00,E060,po_issued,draft,open,PO-31011.pdf,1.0,N
EV-000088,northfield_industrial_components,quote_to_order,quote,Q-26088,2025-08-22T09:05:00,E069,quote_sent,draft,sent,Q-26088.pdf,1.0,N
EV-002648,northfield_industrial_components,manufacturing,work_order,WO-70086,2025-08-22T12:04:00,E055,wo_closed,in_process,closed,COC-WO-70086.pdf,1.0,N
EV-001149,northfield_industrial_components,order_to_cash,customer_invoice,INV-60133,2025-08-22T14:48:00,E002,invoice_issued,,open,INV-60133.pdf,1.0,N
EV-002914,northfield_industrial_components,quality,ncr,NCR-0015,2025-08-22T15:03:00,E056,ncr_opened,,open,WO-70086,1.0,Y
EV-002035,northfield_industrial_components,procure_to_pay,receipt,RCV-40037,2025-08-23T09:34:00,E102,goods_received,open,received,PS617449,1.0,N
EV-002859,northfield_industrial_components,manufacturing,work_order,WO-70198,2025-08-23T10:18:00,E055,wo_closed,in_process,closed,COC-WO-70198.pdf,1.0,N
EV-002043,northfield_industrial_components,procure_to_pay,receipt,RCV-40045,2025-08-23T12:23:00,E105,goods_received,open,received,PS260577,1.0,N
EV-001813,northfield_industrial_components,procure_to_pay,purchase_order,PO-31075,2025-08-23T13:06:00,E060,po_issued,draft,open,PO-31075.pdf,1.0,N
EV-002259,northfield_industrial_components,procure_to_pay,supplier_invoice,97227594,2025-08-23T16:01:00,E002,invoice_matched,received,paid,97227594,1.0,N
EV-002563,northfield_industrial_components,manufacturing,work_order,WO-70040,2025-08-24T07:10:00,E003,wo_released,planned,released,MRP,1.0,N
EV-000816,northfield_industrial_components,fulfillment,shipment,SH-50191,2025-08-24T08:29:00,E100,shipment_confirmed,picked,shipped,PS-SH-50191.pdf,1.0,N
EV-001665,northfield_industrial_components,order_to_cash,customer_invoice,INV-60296,2025-08-24T10:16:00,system,payment_applied,open,paid,Portal,1.0,N
EV-001207,northfield_industrial_components,order_to_cash,customer_invoice,INV-60191,2025-08-24T10:17:00,E002,invoice_issued,,open,INV-60191.pdf,1.0,N
EV-000862,northfield_industrial_components,fulfillment,shipment,SH-50237,2025-08-24T12:53:00,E082,shipment_confirmed,picked,shipped,PS-SH-50237.pdf,1.0,N
EV-002182,northfield_industrial_components,procure_to_pay,receipt,RCV-40184,2025-08-24T12:56:00,E103,goods_received,open,received,PS387920,0.85,Y
EV-001253,northfield_industrial_components,order_to_cash,customer_invoice,INV-60237,2025-08-24T13:32:00,E002,invoice_issued,,open,INV-60237.pdf,1.0,N
EV-000446,northfield_industrial_components,quote_to_order,sales_order,SO-26249,2025-08-24T14:56:00,E067,order_entered,,open,customer_po_PUR-775786,0.9,N
EV-002626,northfield_industrial_components,manufacturing,work_order,WO-70075,2025-08-24T14:56:00,E093,wo_released,planned,released,MRP,1.0,N
EV-001429,northfield_industrial_components,order_to_cash,customer_invoice,INV-60022,2025-08-24T15:05:00,system,payment_applied,open,paid,Bank feed,1.0,N
EV-001445,northfield_industrial_components,order_to_cash,customer_invoice,INV-60043,2025-08-25T07:40:00,system,payment_applied,open,paid,Bank feed,1.0,N
EV-002016,northfield_industrial_components,procure_to_pay,receipt,RCV-40018,2025-08-25T09:07:00,E105,goods_received,open,received,PS464140,1.0,N
EV-002038,northfield_industrial_components,procure_to_pay,receipt,RCV-40040,2025-08-25T10:26:00,E105,goods_received,open,received,PS129551,1.0,N
EV-002932,northfield_industrial_components,returns,rma,RMA-0017,2025-08-25T13:05:00,E075,rma_approved,requested,approved,INV-60099,1.0,N
EV-000041,northfield_industrial_components,quote_to_order,quote,Q-26041,2025-08-25T13:47:00,E072,quote_sent,draft,sent,Q-26041.pdf,1.0,N
EV-000457,northfield_industrial_components,quote_to_order,sales_order,SO-26259,2025-08-25T16:17:00,E068,order_entered,,open,customer_po_PUR-696274,0.9,N
EV-002830,northfield_industrial_components,manufacturing,work_order,WO-70183,2025-08-25T16:54:00,E055,wo_closed,in_process,closed,COC-WO-70183.pdf,1.0,N
EV-000210,northfield_industrial_components,quote_to_order,sales_order,SO-26013,2025-08-26T08:59:00,E075,order_entered,,open,customer_po_P495595,1.0,N
EV-000717,northfield_industrial_components,fulfillment,shipment,SH-50092,2025-08-26T09:28:00,E100,shipment_confirmed,picked,shipped,PS-SH-50092.pdf,1.0,N
EV-001108,northfield_industrial_components,order_to_cash,customer_invoice,INV-60092,2025-08-26T10:32:00,E002,invoice_issued,,open,INV-60092.pdf,1.0,N
EV-001604,northfield_industrial_components,order_to_cash,customer_invoice,INV-60226,2025-08-26T11:07:00,system,payment_applied,open,paid,Bank feed,1.0,N
EV-002540,northfield_industrial_components,manufacturing,work_order,WO-70026,2025-08-26T11:10:00,E090,wo_released,planned,released,MRP,1.0,N
EV-001514,northfield_industrial_components,order_to_cash,customer_invoice,INV-60123,2025-08-26T12:43:00,system,payment_applied,open,paid,Bank feed,1.0,N
EV-001964,northfield_industrial_components,procure_to_pay,purchase_order,PO-31226,2025-08-26T12:47:00,E061,po_issued,draft,open,PO-31226.pdf,1.0,N
EV-001308,northfield_industrial_components,order_to_cash,customer_invoice,INV-60292,2025-08-26T13:25:00,E002,invoice_issued,,open,INV-60292.pdf,1.0,N
EV-001539,northfield_industrial_components,order_to_cash,customer_invoice,INV-60152,2025-08-26T14:14:00,system,payment_applied,open,paid,Bank feed,1.0,N
EV-002117,northfield_industrial_components,procure_to_pay,receipt,RCV-40119,2025-08-26T14:32:00,E078,goods_received,open,received,PS262104,0.85,Y
EV-000917,northfield_industrial_components,fulfillment,shipment,SH-50292,2025-08-26T16:44:00,E076,shipment_confirmed,picked,shipped,PS-SH-50292.pdf,1.0,N
EV-001471,northfield_industrial_components,order_to_cash,customer_invoice,INV-60075,2025-08-26T16:48:00,system,payment_applied,open,paid,Lockbox,1.0,N
EV-000113,northfield_industrial_components,quote_to_order,quote,Q-26113,2025-08-27T07:12:00,E066,quote_sent,draft,sent,Q-26113.pdf,1.0,N
EV-000099,northfield_industrial_components,quote_to_order,quote,Q-26099,2025-08-27T07:53:00,E072,quote_sent,draft,sent,Q-26099.pdf,1.0,N
EV-000814,northfield_industrial_components,fulfillment,shipment,SH-50189,2025-08-27T09:07:00,E100,shipment_confirmed,picked,shipped,PS-SH-50189.pdf,1.0,N
EV-002441,northfield_industrial_components,procure_to_pay,supplier_invoice,92967701,2025-08-27T11:18:00,E002,invoice_matched,received,paid,92967701,1.0,N
EV-000374,northfield_industrial_components,quote_to_order,sales_order,SO-26177,2025-08-27T12:04:00,E067,order_entered,,open,customer_po_PO200581,1.0,N
EV-000060,northfield_industrial_components,quote_to_order,quote,Q-26060,2025-08-27T12:21:00,E072,quote_sent,draft,sent,Q-26060.pdf,1.0,N
EV-001661,northfield_industrial_components,order_to_cash,customer_invoice,INV-60291,2025-08-27T13:17:00,system,payment_applied,open,paid,Email remittance,0.95,N
EV-000017,northfield_industrial_components,quote_to_order,quote,Q-26017,2025-08-27T14:19:00,E071,quote_sent,draft,sent,Q-26017.pdf,1.0,N
EV-001719,northfield_industrial_components,order_to_cash,customer_invoice,INV-60365,2025-08-27T15:33:00,system,payment_applied,open,paid,Bank feed,1.0,N
EV-001849,northfield_industrial_components,procure_to_pay,purchase_order,PO-31111,2025-08-27T17:06:00,E061,po_issued,draft,open,PO-31111.pdf,1.0,N
EV-001205,northfield_industrial_components,order_to_cash,customer_invoice,INV-60189,2025-08-27T17:55:00,E002,invoice_issued,,open,INV-60189.pdf,1.0,N
EV-001020,northfield_industrial_components,order_to_cash,customer_invoice,INV-60004,2025-08-28T07:49:00,E002,invoice_issued,,open,INV-60004.pdf,1.0,N
EV-002008,northfield_industrial_components,procure_to_pay,receipt,RCV-40010,2025-08-28T08:12:00,E076,goods_received,open,received,PS875664,1.0,N
EV-002586,northfield_industrial_components,manufacturing,work_order,WO-70053,2025-08-28T12:08:00,E024,wo_released,planned,released,MRP,1.0,N
EV-001487,northfield_industrial_components,order_to_cash,customer_invoice,INV-60093,2025-08-28T12:09:00,system,payment_applied,open,paid,Bank feed,1.0,N
EV-000629,northfield_industrial_components,fulfillment,shipment,SH-50004,2025-08-28T14:03:00,E106,shipment_confirmed,picked,shipped,PS-SH-50004.pdf,1.0,N
EV-000266,northfield_industrial_components,quote_to_order,sales_order,SO-26069,2025-08-28T14:21:00,E066,order_entered,,open,customer_po_4500362893,0.9,N
EV-000611,northfield_industrial_components,quote_to_order,sales_order,SO-26406,2025-08-28T14:29:00,E066,order_entered,,open,customer_po_PUR-756250,1.0,N
EV-002917,northfield_industrial_components,returns,rma,RMA-0002,2025-08-28T14:34:00,E065,rma_approved,requested,approved,INV-60304,1.0,N
EV-002333,northfield_industrial_components,procure_to_pay,supplier_invoice,99936777,2025-08-28T15:12:00,E002,invoice_matched,received,paid,99936777,1.0,N
EV-001033,northfield_industrial_components,order_to_cash,customer_invoice,INV-60017,2025-08-29T08:40:00,E002,invoice_issued,,open,INV-60017.pdf,1.0,N
EV-002612,northfield_industrial_components,manufacturing,work_order,WO-70067,2025-08-29T09:23:00,E100,wo_released,planned,released,MRP,1.0,N
EV-000932,northfield_industrial_components,fulfillment,shipment,SH-50307,2025-08-29T13:35:00,E083,shipment_confirmed,picked,shipped,PS-SH-50307.pdf,1.0,N
EV-001323,northfield_industrial_components,order_to_cash,customer_invoice,INV-60307,2025-08-29T13:56:00,E002,invoice_issued,,open,INV-60307.pdf,1.0,N
EV-000642,northfield_industrial_components,fulfillment,shipment,SH-50017,2025-08-29T13:58:00,E105,shipment_confirmed,picked,shipped,PS-SH-50017.pdf,1.0,N
EV-002263,northfield_industrial_components,procure_to_pay,supplier_invoice,94297536,2025-08-29T14:19:00,E002,invoice_matched,received,paid,94297536,1.0,N
EV-001579,northfield_industrial_components,order_to_cash,customer_invoice,INV-60199,2025-08-29T14:34:00,system,payment_applied,open,paid,Bank feed,1.0,N
EV-002429,northfield_industrial_components,procure_to_pay,supplier_invoice,INV1425654,2025-08-29T15:34:00,E002,invoice_matched,received,paid,INV1425654,1.0,N
EV-000230,northfield_industrial_components,quote_to_order,sales_order,SO-26033,2025-08-29T15:36:00,E073,order_entered,,open,customer_po_P778508,0.9,N
EV-002518,northfield_industrial_components,manufacturing,work_order,WO-70014,2025-08-29T17:46:00,E036,wo_released,planned,released,MRP,1.0,N
EV-002118,northfield_industrial_components,procure_to_pay,receipt,RCV-40120,2025-08-30T07:10:00,E099,goods_received,open,received,PS312994,1.0,N
EV-000443,northfield_industrial_components,quote_to_order,sales_order,SO-26246,2025-08-30T09:06:00,E068,order_entered,,open,customer_po_P351924,1.0,N
EV-001605,northfield_industrial_components,order_to_cash,customer_invoice,INV-60227,2025-08-30T11:47:00,system,payment_applied,open,paid,Portal,1.0,N
EV-002310,northfield_industrial_components,procure_to_pay,supplier_invoice,SI1384947,2025-08-30T12:08:00,E002,invoice_matched,received,paid,SI1384947,1.0,N
EV-001332,northfield_industrial_components,order_to_cash,customer_invoice,INV-60316,2025-08-30T13:24:00,E002,invoice_issued,,open,INV-60316.pdf,1.0,N
EV-000941,northfield_industrial_components,fulfillment,shipment,SH-50316,2025-08-30T13:44:00,E079,shipment_confirmed,picked,shipped,PS-SH-50316.pdf,1.0,N
EV-002667,northfield_industrial_components,manufacturing,work_order,WO-70097,2025-08-30T13:48:00,E081,wo_released,planned,released,MRP,1.0,N
EV-001704,northfield_industrial_components,order_to_cash,customer_invoice,INV-60346,2025-08-30T14:15:00,system,payment_applied,open,paid,Lockbox,1.0,N
EV-001663,northfield_industrial_components,order_to_cash,customer_invoice,INV-60293,2025-08-30T15:48:00,system,payment_applied,open,paid,Bank feed,1.0,N
EV-002290,northfield_industrial_components,procure_to_pay,supplier_invoice,INV1808582,2025-08-31T09:24:00,E002,invoice_matched,received,paid,INV1808582,1.0,N
EV-000436,northfield_industrial_components,quote_to_order,sales_order,SO-26239,2025-08-31T11:49:00,E073,order_entered,,open,customer_po_P816210,0.9,N
EV-002150,northfield_industrial_components,procure_to_pay,receipt,RCV-40152,2025-08-31T14:01:00,E106,goods_received,open,received,PS308915,0.85,Y
EV-002596,northfield_industrial_components,manufacturing,work_order,WO-70058,2025-09-01T07:20:00,E074,wo_released,planned,released,MRP,1.0,N
EV-000787,northfield_industrial_components,fulfillment,shipment,SH-50162,2025-09-01T07:38:00,E083,shipment_confirmed,picked,shipped,PS-SH-50162.pdf,1.0,N
EV-000344,northfield_industrial_components,quote_to_order,sales_order,SO-26147,2025-09-01T07:46:00,E068,order_entered,,open,customer_po_4500732882,0.9,N
EV-001781,northfield_industrial_components,procure_to_pay,purchase_order,PO-31043,2025-09-01T07:53:00,E061,po_issued,draft,open,PO-31043.pdf,1.0,N
EV-001178,northfield_industrial_components,order_to_cash,customer_invoice,INV-60162,2025-09-01T08:35:00,E002,invoice_issued,,open,INV-60162.pdf,1.0,N
EV-001590,northfield_industrial_components,order_to_cash,customer_invoice,INV-60212,2025-09-01T09:20:00,system,payment_applied,open,paid,Lockbox,1.0,N
EV-002657,northfield_industrial_components,manufacturing,work_order,WO-70091,2025-09-01T10:26:00,E012,wo_released,planned,released,MRP,1.0,N
EV-002834,northfield_industrial_components,manufacturing,work_order,WO-70185,2025-09-01T10:32:00,E055,wo_closed,in_process,closed,COC-WO-70185.pdf,1.0,N
EV-002282,northfield_industrial_components,procure_to_pay,supplier_invoice,9813480,2025-09-01T13:36:00,E002,invoice_matched,received,paid,9813480,1.0,N
EV-002364,northfield_industrial_components,procure_to_pay,supplier_invoice,INV6541915,2025-09-02T10:51:00,E002,invoice_matched,received,paid,INV6541915,1.0,N
EV-001723,northfield_industrial_components,order_to_cash,customer_invoice,INV-60371,2025-09-02T13:11:00,system,payment_applied,open,paid,Email remittance,0.95,N
EV-002255,northfield_industrial_components,procure_to_pay,supplier_invoice,SI7169632,2025-09-02T13:43:00,E002,invoice_matched,received,paid,SI7169632,1.0,N
EV-000255,northfield_industrial_components,quote_to_order,sales_order,SO-26058,2025-09-02T13:44:00,E065,order_entered,,open,customer_po_P988735,1.0,N
EV-000277,northfield_industrial_components,quote_to_order,sales_order,SO-26080,2025-09-02T16:41:00,E064,order_entered,,open,customer_po_PUR-507704,0.9,N
EV-002361,northfield_industrial_components,procure_to_pay,supplier_invoice,SI1409718,2025-09-02T16:53:00,E002,invoice_matched,received,paid,SI1409718,1.0,N
EV-002014,northfield_industrial_components,procure_to_pay,receipt,RCV-40016,2025-09-02T17:41:00,E076,goods_received,open,received,PS764863,0.85,Y
EV-002285,northfield_industrial_components,procure_to_pay,supplier_invoice,INV4730161,2025-09-03T07:24:00,E002,invoice_matched,received,paid,INV4730161,1.0,N
EV-001515,northfield_industrial_components,order_to_cash,customer_invoice,INV-60124,2025-09-03T07:28:00,system,payment_applied,open,paid,Bank feed,1.0,N
EV-000626,northfield_industrial_components,fulfillment,shipment,SH-50001,2025-09-03T09:13:00,E099,shipment_confirmed,picked,shipped,PS-SH-50001.pdf,1.0,N
EV-002034,northfield_industrial_components,procure_to_pay,receipt,RCV-40036,2025-09-03T13:53:00,E082,goods_received,open,received,PS196159,0.85,Y
EV-000378,northfield_industrial_components,quote_to_order,sales_order,SO-26181,2025-09-03T14:06:00,E074,order_entered,,open,customer_po_P179700,0.9,N
EV-002564,northfield_industrial_components,manufacturing,work_order,WO-70040,2025-09-03T14:24:00,E055,wo_closed,in_process,closed,COC-WO-70040.pdf,1.0,N
EV-002245,northfield_industrial_components,procure_to_pay,receipt,RCV-40247,2025-09-03T14:36:00,E080,goods_received,open,received,PS669509,1.0,N
EV-001710,northfield_industrial_components,order_to_cash,customer_invoice,INV-60353,2025-09-03T16:15:00,system,payment_applied,open,paid,Portal,1.0,N
EV-001017,northfield_industrial_components,order_to_cash,customer_invoice,INV-60001,2025-09-03T17:39:00,E002,invoice_issued,,open,INV-60001.pdf,1.0,N
EV-002780,northfield_industrial_components,manufacturing,work_order,WO-70157,2025-09-03T17:54:00,E055,wo_closed,in_process,closed,COC-WO-70157.pdf,1.0,N
EV-001496,northfield_industrial_components,order_to_cash,customer_invoice,INV-60103,2025-09-04T08:05:00,system,payment_applied,open,paid,Lockbox,1.0,N
EV-000907,northfield_industrial_components,fulfillment,shipment,SH-50282,2025-09-04T09:25:00,E078,shipment_confirmed,picked,shipped,PS-SH-50282.pdf,1.0,N
EV-000920,northfield_industrial_components,fulfillment,shipment,SH-50295,2025-09-04T09:47:00,E078,shipment_confirmed,picked,shipped,PS-SH-50295.pdf,1.0,N
EV-001934,northfield_industrial_components,procure_to_pay,purchase_order,PO-31196,2025-09-04T09:57:00,E062,po_issued,draft,open,PO-31196.pdf,1.0,N
EV-002587,northfield_industrial_components,manufacturing,work_order,WO-70053,2025-09-04T09:57:00,E055,wo_closed,in_process,closed,COC-WO-70053.pdf,1.0,N
EV-002237,northfield_industrial_components,procure_to_pay,receipt,RCV-40239,2025-09-04T10:31:00,E076,goods_received,open,received,PS124709,1.0,N
EV-000055,northfield_industrial_components,quote_to_order,quote,Q-26055,2025-09-04T11:37:00,E070,quote_sent,draft,sent,Q-26055.pdf,1.0,N
EV-000523,northfield_industrial_components,quote_to_order,sales_order,SO-26322,2025-09-04T11:42:00,E065,order_entered,,open,customer_po_P720814,0.9,N
EV-000032,northfield_industrial_components,quote_to_order,quote,Q-26032,2025-09-04T13:15:00,E066,quote_sent,draft,sent,Q-26032.pdf,1.0,N
EV-002510,northfield_industrial_components,manufacturing,work_order,WO-70010,2025-09-04T13:57:00,E041,wo_released,planned,released,MRP,1.0,N
EV-001311,northfield_industrial_components,order_to_cash,customer_invoice,INV-60295,2025-09-04T16:13:00,E002,invoice_issued,,open,INV-60295.pdf,1.0,N
EV-001298,northfield_industrial_components,order_to_cash,customer_invoice,INV-60282,2025-09-04T16:41:00,E002,invoice_issued,,open,INV-60282.pdf,1.0,N
EV-002849,northfield_industrial_components,manufacturing,work_order,WO-70193,2025-09-05T07:18:00,E055,wo_closed,in_process,closed,COC-WO-70193.pdf,1.0,N
EV-000783,northfield_industrial_components,fulfillment,shipment,SH-50158,2025-09-05T07:42:00,E077,shipment_confirmed,picked,shipped,PS-SH-50158.pdf,1.0,N
EV-000132,northfield_industrial_components,quote_to_order,quote,Q-26132,2025-09-05T07:54:00,E064,quote_sent,draft,sent,Q-26132.pdf,1.0,N
EV-002228,northfield_industrial_components,procure_to_pay,receipt,RCV-40230,2025-09-05T10:17:00,E083,goods_received,open,received,PS564263,1.0,N
EV-001246,northfield_industrial_components,order_to_cash,customer_invoice,INV-60230,2025-09-05T10:28:00,E002,invoice_issued,,open,INV-60230.pdf,1.0,N
EV-002613,northfield_industrial_components,manufacturing,work_order,WO-70067,2025-09-05T13:59:00,E055,wo_closed,in_process,closed,COC-WO-70067.pdf,1.0,N
EV-000855,northfield_industrial_components,fulfillment,shipment,SH-50230,2025-09-05T14:31:00,E104,shipment_confirmed,picked,shipped,PS-SH-50230.pdf,1.0,N
EV-000343,northfield_industrial_components,quote_to_order,sales_order,SO-26146,2025-09-05T16:25:00,E067,order_entered,,open,customer_po_PO449054,0.9,N
EV-001481,northfield_industrial_components,order_to_cash,customer_invoice,INV-60087,2025-09-05T17:19:00,system,payment_applied,open,paid,Lockbox,1.0,N
EV-001174,northfield_industrial_components,order_to_cash,customer_invoice,INV-60158,2025-09-05T17:33:00,E002,invoice_issued,,open,INV-60158.pdf,1.0,N
EV-001996,northfield_industrial_components,procure_to_pay,purchase_order,PO-31258,2025-09-06T08:23:00,E063,po_issued,draft,open,PO-31258.pdf,1.0,N
EV-000571,northfield_industrial_components,quote_to_order,sales_order,SO-26367,2025-09-06T11:26:00,E064,order_entered,,open,customer_po_4500829218,1.0,N
EV-001474,northfield_industrial_components,order_to_cash,customer_invoice,INV-60078,2025-09-06T13:28:00,system,payment_applied,open,paid,Portal,1.0,N
EV-001317,northfield_industrial_components,order_to_cash,customer_invoice,INV-60301,2025-09-06T13:37:00,E002,invoice_issued,,open,INV-60301.pdf,1.0,N
EV-000190,northfield_industrial_components,quote_to_order,quote,Q-26190,2025-09-06T15:10:00,E070,quote_sent,draft,sent,Q-26190.pdf,1.0,N
EV-000926,northfield_industrial_components,fulfillment,shipment,SH-50301,2025-09-06T16:21:00,E105,shipment_confirmed,picked,shipped,PS-SH-50301.pdf,1.0,N
EV-001955,northfield_industrial_components,procure_to_pay,purchase_order,PO-31217,2025-09-07T07:45:00,E060,po_issued,draft,open,PO-31217.pdf,1.0,N
EV-001791,northfield_industrial_components,procure_to_pay,purchase_order,PO-31053,2025-09-07T07:52:00,E061,po_issued,draft,open,PO-31053.pdf,1.0,N
EV-001521,northfield_industrial_components,order_to_cash,customer_invoice,INV-60131,2025-09-07T10:08:00,system,payment_applied,open,paid,Lockbox,1.0,N
EV-001333,northfield_industrial_components,order_to_cash,customer_invoice,INV-60317,2025-09-07T10:16:00,E002,invoice_issued,,open,INV-60317.pdf,1.0,N
EV-001016,northfield_industrial_components,fulfillment,shipment,SH-50391,2025-09-07T10:21:00,E106,shipment_confirmed,picked,shipped,PS-SH-50391.pdf,1.0,N
EV-001493,northfield_industrial_components,order_to_cash,customer_invoice,INV-60099,2025-09-07T10:34:00,system,payment_applied,open,paid,Lockbox,1.0,N
EV-000397,northfield_industrial_components,quote_to_order,sales_order,SO-26200,2025-09-07T11:36:00,E067,order_entered,,open,customer_po_4500436621,0.9,N
EV-002492,northfield_industrial_components,procure_to_pay,supplier_invoice,SI644656,2025-09-07T12:42:00,E002,invoice_matched,received,paid,SI644656,1.0,N
EV-002261,northfield_industrial_components,procure_to_pay,supplier_invoice,SI3801666,2025-09-07T13:19:00,E002,invoice_matched,received,paid,SI3801666,1.0,N
EV-001770,northfield_industrial_components,procure_to_pay,purchase_order,PO-31032,2025-09-07T14:01:00,E061,po_issued,draft,open,PO-31032.pdf,1.0,N
EV-001407,northfield_industrial_components,order_to_cash,customer_invoice,INV-60391,2025-09-07T14:19:00,E002,invoice_issued,,open,INV-60391.pdf,1.0,N
EV-000942,northfield_industrial_components,fulfillment,shipment,SH-50317,2025-09-07T15:10:00,E081,shipment_confirmed,picked,shipped,PS-SH-50317.pdf,1.0,N
EV-001588,northfield_industrial_components,order_to_cash,customer_invoice,INV-60210,2025-09-07T16:32:00,system,payment_applied,open,paid,Bank feed,1.0,N
EV-000467,northfield_industrial_components,quote_to_order,sales_order,SO-26269,2025-09-07T17:46:00,E065,order_entered,,open,customer_po_PUR-497571,0.9,N
EV-000424,northfield_industrial_components,quote_to_order,sales_order,SO-26227,2025-09-08T09:39:00,E065,order_entered,,open,customer_po_PO671445,1.0,N
EV-000206,northfield_industrial_components,quote_to_order,sales_order,SO-26009,2025-09-08T13:27:00,E067,order_entered,,open,customer_po_PUR-172077,1.0,N
EV-001476,northfield_industrial_components,order_to_cash,customer_invoice,INV-60081,2025-09-08T14:16:00,system,payment_applied,open,paid,Lockbox,1.0,N
EV-002281,northfield_industrial_components,procure_to_pay,supplier_invoice,INV1107305,2025-09-08T15:03:00,E002,invoice_matched,received,paid,INV1107305,1.0,N
EV-002365,northfield_industrial_components,procure_to_pay,supplier_invoice,3315451,2025-09-08T16:00:00,E002,invoice_matched,received,paid,3315451,1.0,N
EV-000306,northfield_industrial_components,quote_to_order,sales_order,SO-26109,2025-09-09T08:20:00,E066,order_entered,,open,customer_po_PO681376,1.0,N
EV-000125,northfield_industrial_components,quote_to_order,quote,Q-26125,2025-09-09T08:24:00,E071,quote_sent,draft,sent,Q-26125.pdf,1.0,N
EV-000370,northfield_industrial_components,quote_to_order,sales_order,SO-26173,2025-09-09T11:38:00,E066,order_entered,,open,customer_po_P725668,1.0,N
EV-001985,northfield_industrial_components,procure_to_pay,purchase_order,PO-31247,2025-09-09T11:57:00,E061,po_issued,draft,open,PO-31247.pdf,1.0,N
EV-002475,northfield_industrial_components,procure_to_pay,supplier_invoice,SI4293488,2025-09-09T12:10:00,E002,invoice_matched,received,paid,SI4293488,1.0,N
EV-002665,northfield_industrial_components,manufacturing,work_order,WO-70096,2025-09-09T12:45:00,E027,wo_released,planned,released,MRP,1.0,N
EV-001529,northfield_industrial_components,order_to_cash,customer_invoice,INV-60139,2025-09-09T13:37:00,system,payment_applied,open,paid,Email remittance,0.95,N
EV-001915,northfield_industrial_components,procure_to_pay,purchase_order,PO-31177,2025-09-09T15:17:00,E060,po_issued,draft,open,PO-31177.pdf,1.0,N
EV-002213,northfield_industrial_components,procure_to_pay,receipt,RCV-40215,2025-09-09T15:17:00,E104,goods_received,open,received,PS906999,0.85,Y
EV-000602,northfield_industrial_components,quote_to_order,sales_order,SO-26398,2025-09-09T15:24:00,E065,order_entered,,open,customer_po_PO552156,0.9,N
EV-001499,northfield_industrial_components,order_to_cash,customer_invoice,INV-60106,2025-09-09T15:32:00,system,payment_applied,open,paid,Bank feed,1.0,N
EV-001459,northfield_industrial_components,order_to_cash,customer_invoice,INV-60062,2025-09-09T16:01:00,system,payment_applied,open,paid,Bank feed,1.0,N
EV-000890,northfield_industrial_components,fulfillment,shipment,SH-50265,2025-09-10T08:45:00,E077,shipment_confirmed,picked,shipped,PS-SH-50265.pdf,1.0,N
EV-000169,northfield_industrial_components,quote_to_order,quote,Q-26169,2025-09-10T12:21:00,E064,quote_sent,draft,sent,Q-26169.pdf,1.0,N
EV-002484,northfield_industrial_components,procure_to_pay,supplier_invoice,97467262,2025-09-10T14:12:00,E002,invoice_matched,received,paid,97467262,1.0,N
EV-001914,northfield_industrial_components,procure_to_pay,purchase_order,PO-31176,2025-09-10T15:15:00,E060,po_issued,draft,open,PO-31176.pdf,1.0,N
EV-001281,northfield_industrial_components,order_to_cash,customer_invoice,INV-60265,2025-09-10T17:13:00,E002,invoice_issued,,open,INV-60265.pdf,1.0,N
EV-002713,northfield_industrial_components,manufacturing,work_order,WO-70121,2025-09-11T07:21:00,E088,wo_released,planned,released,MRP,1.0,N
EV-002090,northfield_industrial_components,procure_to_pay,receipt,RCV-40092,2025-09-11T08:00:00,E103,goods_received,open,received,PS228677,1.0,N
EV-002940,northfield_industrial_components,returns,rma,RMA-0025,2025-09-11T11:07:00,E065,rma_approved,requested,approved,INV-60124,1.0,N
EV-001655,northfield_industrial_components,order_to_cash,customer_invoice,INV-60284,2025-09-11T11:34:00,system,payment_applied,open,paid,Lockbox,1.0,N
EV-002009,northfield_industrial_components,procure_to_pay,receipt,RCV-40011,2025-09-11T11:49:00,E102,goods_received,open,received,PS733807,1.0,N
EV-001782,northfield_industrial_components,procure_to_pay,purchase_order,PO-31044,2025-09-11T11:56:00,E060,po_issued,draft,open,PO-31044.pdf,1.0,N
EV-002397,northfield_industrial_components,procure_to_pay,supplier_invoice,INV7755295,2025-09-11T13:31:00,E002,invoice_matched,received,paid,INV7755295,1.0,N
EV-001530,northfield_industrial_components,order_to_cash,customer_invoice,INV-60141,2025-09-11T15:26:00,system,payment_applied,open,paid,Lockbox,1.0,N
EV-000286,northfield_industrial_components,quote_to_order,sales_order,SO-26089,2025-09-12T10:10:00,E075,order_entered,,open,customer_po_P837402,1.0,N
EV-002575,northfield_industrial_components,manufacturing,work_order,WO-70047,2025-09-12T11:09:00,E026,wo_released,planned,released,MRP,1.0,N
EV-002871,northfield_industrial_components,manufacturing,work_order,WO-70204,2025-09-12T11:32:00,E055,wo_closed,in_process,closed,COC-WO-70204.pdf,1.0,N
EV-001575,northfield_industrial_components,order_to_cash,customer_invoice,INV-60195,2025-09-12T11:39:00,system,payment_applied,open,paid,Lockbox,1.0,N
EV-001615,northfield_industrial_components,order_to_cash,customer_invoice,INV-60237,2025-09-12T13:31:00,system,payment_applied,open,paid,Lockbox,1.0,N
EV-000535,northfield_industrial_components,quote_to_order,sales_order,SO-26332,2025-09-13T08:28:00,E068,order_entered,,open,customer_po_PUR-991754,1.0,N
EV-001851,northfield_industrial_components,procure_to_pay,purchase_order,PO-31113,2025-09-13T09:35:00,E060,po_issued,draft,open,PO-31113.pdf,1.0,N
EV-000622,northfield_industrial_components,quote_to_order,sales_order,SO-26417,2025-09-13T09:53:00,E068,order_entered,,open,customer_po_4500166710,0.9,N
EV-002651,northfield_industrial_components,manufacturing,work_order,WO-70088,2025-09-13T10:58:00,E100,wo_released,planned,released,MRP,1.0,N
EV-001938,northfield_industrial_components,procure_to_pay,purchase_order,PO-31200,2025-09-13T12:21:00,E063,po_issued,draft,open,PO-31200.pdf,1.0,N
EV-000264,northfield_industrial_components,quote_to_order,sales_order,SO-26067,2025-09-13T13:37:00,E064,order_entered,,open,customer_po_PO797180,0.9,N
EV-002690,northfield_industrial_components,manufacturing,work_order,WO-70109,2025-09-13T14:27:00,E007,wo_released,planned,released,MRP,1.0,N
EV-002256,northfield_industrial_components,procure_to_pay,supplier_invoice,INV5588710,2025-09-13T16:57:00,E002,match_exception,received,paid,INV5588710,0.7,Y
EV-002789,northfield_industrial_components,manufacturing,work_order,WO-70162,2025-09-14T07:45:00,E050,wo_released,planned,released,MRP,1.0,N
EV-000320,northfield_industrial_components,quote_to_order,sales_order,SO-26123,2025-09-14T08:02:00,E068,order_entered,,open,customer_po_4500330381,0.9,N
EV-001860,northfield_industrial_components,procure_to_pay,purchase_order,PO-31122,2025-09-14T08:51:00,E060,po_issued,draft,open,PO-31122.pdf,1.0,N
EV-002189,northfield_industrial_components,procure_to_pay,receipt,RCV-40191,2025-09-14T08:54:00,E106,goods_received,open,received,PS934642,1.0,N
EV-002736,northfield_industrial_components,manufacturing,work_order,WO-70134,2025-09-14T11:04:00,E055,wo_closed,in_process,closed,COC-WO-70134.pdf,1.0,N
EV-002785,northfield_industrial_components,manufacturing,work_order,WO-70160,2025-09-14T11:38:00,E016,wo_released,planned,released,MRP,1.0,N
EV-001820,northfield_industrial_components,procure_to_pay,purchase_order,PO-31082,2025-09-14T13:06:00,E061,po_issued,draft,open,PO-31082.pdf,1.0,N
EV-002519,northfield_industrial_components,manufacturing,work_order,WO-70014,2025-09-14T16:08:00,E055,wo_closed,in_process,closed,COC-WO-70014.pdf,1.0,N
EV-002632,northfield_industrial_components,manufacturing,work_order,WO-70078,2025-09-14T17:21:00,E062,wo_released,planned,released,MRP,1.0,N
EV-002017,northfield_industrial_components,procure_to_pay,receipt,RCV-40019,2025-09-14T17:26:00,E106,goods_received,open,received,PS419055,0.85,Y
EV-001498,northfield_industrial_components,order_to_cash,customer_invoice,INV-60105,2025-09-14T17:46:00,system,payment_applied,open,paid,Lockbox,1.0,N
EV-000011,northfield_industrial_components,quote_to_order,quote,Q-26011,2025-09-14T17:50:00,E069,quote_sent,draft,sent,Q-26011.pdf,1.0,N
EV-000150,northfield_industrial_components,quote_to_order,quote,Q-26150,2025-09-15T08:55:00,E068,quote_sent,draft,sent,Q-26150.pdf,1.0,N
EV-000849,northfield_industrial_components,fulfillment,shipment,SH-50224,2025-09-15T09:18:00,E082,shipment_confirmed,picked,shipped,PS-SH-50224.pdf,1.0,N
EV-001051,northfield_industrial_components,order_to_cash,customer_invoice,INV-60035,2025-09-15T09:25:00,E002,invoice_issued,,open,INV-60035.pdf,1.0,N
EV-000660,northfield_industrial_components,fulfillment,shipment,SH-50035,2025-09-15T09:38:00,E103,shipment_confirmed,picked,shipped,PS-SH-50035.pdf,1.0,N
EV-000826,northfield_industrial_components,fulfillment,shipment,SH-50201,2025-09-15T12:00:00,E099,shipment_confirmed,picked,shipped,PS-SH-50201.pdf,1.0,N
EV-001240,northfield_industrial_components,order_to_cash,customer_invoice,INV-60224,2025-09-15T14:05:00,E002,invoice_issued,,open,INV-60224.pdf,1.0,N
EV-001152,northfield_industrial_components,order_to_cash,customer_invoice,INV-60136,2025-09-15T15:46:00,E002,invoice_issued,,open,INV-60136.pdf,1.0,N
EV-001217,northfield_industrial_components,order_to_cash,customer_invoice,INV-60201,2025-09-15T16:38:00,E002,invoice_issued,,open,INV-60201.pdf,1.0,N
EV-000761,northfield_industrial_components,fulfillment,shipment,SH-50136,2025-09-15T17:49:00,E083,shipment_confirmed,picked,shipped,PS-SH-50136.pdf,1.0,N
EV-000735,northfield_industrial_components,fulfillment,shipment,SH-50110,2025-09-16T09:42:00,E078,shipment_confirmed,picked,shipped,PS-SH-50110.pdf,1.0,N
EV-002534,northfield_industrial_components,manufacturing,work_order,WO-70023,2025-09-16T10:57:00,E088,wo_released,planned,released,MRP,1.0,N
EV-000562,northfield_industrial_components,credit_control,sales_order,SO-26358,2025-09-16T11:24:00,E002,credit_hold_applied,open,credit_hold,credit_checks,1.0,N
EV-002460,northfield_industrial_components,procure_to_pay,supplier_invoice,92893976,2025-09-16T13:51:00,E002,invoice_matched,received,paid,92893976,1.0,N
EV-001126,northfield_industrial_components,order_to_cash,customer_invoice,INV-60110,2025-09-16T15:15:00,E002,invoice_issued,,open,INV-60110.pdf,1.0,N
EV-000231,northfield_industrial_components,quote_to_order,sales_order,SO-26034,2025-09-16T15:25:00,E066,order_entered,,open,customer_po_P432085,0.9,N
EV-002559,northfield_industrial_components,manufacturing,work_order,WO-70038,2025-09-16T15:31:00,E009,wo_released,planned,released,MRP,1.0,N
EV-000561,northfield_industrial_components,quote_to_order,sales_order,SO-26358,2025-09-16T17:42:00,E067,order_entered,,open,customer_po_P979559,0.9,Y
EV-001124,northfield_industrial_components,order_to_cash,customer_invoice,INV-60108,2025-09-17T10:15:00,E002,invoice_issued,,open,INV-60108.pdf,1.0,N
EV-000733,northfield_industrial_components,fulfillment,shipment,SH-50108,2025-09-17T12:01:00,E099,shipment_confirmed,picked,shipped,PS-SH-50108.pdf,1.0,N
EV-000486,northfield_industrial_components,quote_to_order,sales_order,SO-26288,2025-09-17T13:09:00,E075,order_entered,,open,customer_po_PO581048,1.0,N
EV-002597,northfield_industrial_components,manufacturing,work_order,WO-70058,2025-09-17T13:49:00,E055,wo_closed,in_process,closed,COC-WO-70058.pdf,1.0,N
EV-000869,northfield_industrial_components,fulfillment,shipment,SH-50244,2025-09-17T14:03:00,E082,shipment_confirmed,picked,shipped,PS-SH-50244.pdf,1.0,N
EV-002777,northfield_industrial_components,manufacturing,work_order,WO-70156,2025-09-17T14:45:00,E045,wo_released,planned,released,MRP,1.0,N
EV-002640,northfield_industrial_components,manufacturing,work_order,WO-70082,2025-09-17T15:45:00,E057,wo_released,planned,released,MRP,1.0,N
EV-000127,northfield_industrial_components,quote_to_order,quote,Q-26127,2025-09-17T16:26:00,E072,quote_sent,draft,sent,Q-26127.pdf,1.0,N
EV-001260,northfield_industrial_components,order_to_cash,customer_invoice,INV-60244,2025-09-17T17:42:00,E002,invoice_issued,,open,INV-60244.pdf,1.0,N
EV-002196,northfield_industrial_components,procure_to_pay,receipt,RCV-40198,2025-09-17T17:50:00,E080,goods_received,open,received,PS933221,1.0,N
EV-001247,northfield_industrial_components,order_to_cash,customer_invoice,INV-60231,2025-09-18T09:29:00,E002,invoice_issued,,open,INV-60231.pdf,1.0,N
EV-002075,northfield_industrial_components,procure_to_pay,receipt,RCV-40077,2025-09-18T10:57:00,E080,goods_received,open,received,PS481271,0.85,Y
EV-002165,northfield_industrial_components,procure_to_pay,receipt,RCV-40167,2025-09-18T11:12:00,E078,goods_received,open,received,PS853993,0.85,Y
EV-002111,northfield_industrial_components,procure_to_pay,receipt,RCV-40113,2025-09-18T11:23:00,E082,goods_received,open,received,PS360393,0.85,Y
EV-001090,northfield_industrial_components,order_to_cash,customer_invoice,INV-60074,2025-09-18T11:56:00,E002,invoice_issued,,open,INV-60074.pdf,1.0,N
EV-000699,northfield_industrial_components,fulfillment,shipment,SH-50074,2025-09-18T15:01:00,E106,shipment_confirmed,picked,shipped,PS-SH-50074.pdf,1.0,N
EV-000856,northfield_industrial_components,fulfillment,shipment,SH-50231,2025-09-18T16:55:00,E105,shipment_confirmed,picked,shipped,PS-SH-50231.pdf,1.0,N
EV-001903,northfield_industrial_components,procure_to_pay,purchase_order,PO-31165,2025-09-18T17:30:00,E061,po_issued,draft,open,PO-31165.pdf,1.0,N
EV-001458,northfield_industrial_components,order_to_cash,customer_invoice,INV-60061,2025-09-19T10:25:00,system,payment_applied,open,paid,Email remittance,0.95,N
EV-002264,northfield_industrial_components,procure_to_pay,supplier_invoice,SI8867698,2025-09-19T10:38:00,E002,invoice_matched,received,paid,SI8867698,1.0,N
EV-002576,northfield_industrial_components,manufacturing,work_order,WO-70047,2025-09-19T14:06:00,E055,wo_closed,in_process,closed,COC-WO-70047.pdf,1.0,N
EV-001823,northfield_industrial_components,procure_to_pay,purchase_order,PO-31085,2025-09-19T14:12:00,E061,po_issued,draft,open,PO-31085.pdf,1.0,N
EV-000505,northfield_industrial_components,quote_to_order,sales_order,SO-26306,2025-09-19T15:21:00,E065,order_entered,,open,customer_po_4500684284,1.0,N
EV-002337,northfield_industrial_components,procure_to_pay,supplier_invoice,4127748,2025-09-20T08:17:00,E002,invoice_matched,received,paid,4127748,1.0,N
EV-002627,northfield_industrial_components,manufacturing,work_order,WO-70075,2025-09-20T12:10:00,E055,wo_closed,in_process,closed,COC-WO-70075.pdf,1.0,N
EV-002745,northfield_industrial_components,manufacturing,work_order,WO-70139,2025-09-20T15:40:00,E022,wo_released,planned,released,MRP,1.0,N
EV-002166,northfield_industrial_components,procure_to_pay,receipt,RCV-40168,2025-09-20T15:50:00,E077,goods_received,open,received,PS798182,1.0,N
EV-001649,northfield_industrial_components,order_to_cash,customer_invoice,INV-60276,2025-09-20T16:41:00,system,payment_applied,open,paid,Bank feed,1.0,N
EV-002102,northfield_industrial_components,procure_to_pay,receipt,RCV-40104,2025-09-20T16:45:00,E101,goods_received,open,received,PS163591,1.0,N
EV-001411,northfield_industrial_components,order_to_cash,customer_invoice,INV-60004,2025-09-20T17:39:00,system,payment_applied,open,paid,Lockbox,1.0,N
EV-000655,northfield_industrial_components,fulfillment,shipment,SH-50030,2025-09-21T07:16:00,E102,shipment_confirmed,picked,shipped,PS-SH-50030.pdf,1.0,N
EV-001506,northfield_industrial_components,order_to_cash,customer_invoice,INV-60114,2025-09-21T07:19:00,system,payment_applied,open,paid,Bank feed,1.0,N
EV-002413,northfield_industrial_components,procure_to_pay,supplier_invoice,2509053,2025-09-21T07:42:00,E002,invoice_matched,received,paid,2509053,1.0,N
EV-001584,northfield_industrial_components,order_to_cash,customer_invoice,INV-60206,2025-09-21T09:39:00,system,payment_applied,open,paid,Lockbox,1.0,N
EV-000096,northfield_industrial_components,quote_to_order,quote,Q-26096,2025-09-21T10:08:00,E069,quote_sent,draft,sent,Q-26096.pdf,1.0,N
EV-002071,northfield_industrial_components,procure_to_pay,receipt,RCV-40073,2025-09-21T10:30:00,E105,goods_received,open,received,PS169646,1.0,N
EV-000455,northfield_industrial_components,quote_to_order,sales_order,SO-26257,2025-09-21T11:36:00,E065,order_entered,,open,customer_po_P385402,0.9,N
EV-002541,northfield_industrial_components,manufacturing,work_order,WO-70026,2025-09-21T12:27:00,E055,wo_closed,in_process,closed,COC-WO-70026.pdf,1.0,N
EV-002512,northfield_industrial_components,manufacturing,work_order,WO-70011,2025-09-21T13:13:00,E069,wo_released,planned,released,MRP,1.0,N
EV-000174,northfield_industrial_components,quote_to_order,quote,Q-26174,2025-09-21T13:24:00,E069,quote_sent,draft,sent,Q-26174.pdf,1.0,N
EV-001046,northfield_industrial_components,order_to_cash,customer_invoice,INV-60030,2025-09-21T13:53:00,E002,invoice_issued,,open,INV-60030.pdf,1.0,N
EV-000859,northfield_industrial_components,fulfillment,shipment,SH-50234,2025-09-21T14:27:00,E080,shipment_confirmed,picked,shipped,PS-SH-50234.pdf,1.0,N
EV-000205,northfield_industrial_components,quote_to_order,sales_order,SO-26008,2025-09-21T14:59:00,E066,order_entered,,open,customer_po_PO753237,0.9,N
EV-001250,northfield_industrial_components,order_to_cash,customer_invoice,INV-60234,2025-09-21T15:32:00,E002,invoice_issued,,open,INV-60234.pdf,1.0,N
EV-001672,northfield_industrial_components,order_to_cash,customer_invoice,INV-60304,2025-09-21T16:00:00,system,payment_applied,open,paid,Portal,1.0,N
EV-002232,northfield_industrial_components,procure_to_pay,receipt,RCV-40234,2025-09-21T16:09:00,E080,goods_received,open,received,PS527012,1.0,N
EV-002668,northfield_industrial_components,manufacturing,work_order,WO-70097,2025-09-21T17:24:00,E055,wo_closed,in_process,closed,COC-WO-70097.pdf,1.0,N
EV-000637,northfield_industrial_components,fulfillment,shipment,SH-50012,2025-09-22T07:42:00,E080,shipment_confirmed,picked,shipped,PS-SH-50012.pdf,1.0,N
EV-000789,northfield_industrial_components,fulfillment,shipment,SH-50164,2025-09-22T08:06:00,E080,shipment_confirmed,picked,shipped,PS-SH-50164.pdf,1.0,N
EV-001180,northfield_industrial_components,order_to_cash,customer_invoice,INV-60164,2025-09-22T10:11:00,E002,invoice_issued,,open,INV-60164.pdf,1.0,N
EV-002479,northfield_industrial_components,procure_to_pay,supplier_invoice,9618166,2025-09-22T10:58:00,E002,invoice_matched,received,paid,9618166,1.0,N
EV-002322,northfield_industrial_components,procure_to_pay,supplier_invoice,SI3849539,2025-09-22T11:01:00,E002,invoice_matched,received,paid,SI3849539,1.0,N
EV-002161,northfield_industrial_components,procure_to_pay,receipt,RCV-40163,2025-09-22T11:29:00,E081,goods_received,open,received,PS228381,0.85,Y
EV-001028,northfield_industrial_components,order_to_cash,customer_invoice,INV-60012,2025-09-22T12:25:00,E002,invoice_issued,,open,INV-60012.pdf,1.0,N
EV-002349,northfield_industrial_components,procure_to_pay,supplier_invoice,INV5089310,2025-09-22T14:43:00,E002,invoice_matched,received,paid,INV5089310,1.0,N
EV-000109,northfield_industrial_components,quote_to_order,quote,Q-26109,2025-09-22T16:10:00,E070,quote_sent,draft,sent,Q-26109.pdf,1.0,N
EV-001516,northfield_industrial_components,order_to_cash,customer_invoice,INV-60126,2025-09-22T16:18:00,system,payment_applied,open,paid,Email remittance,0.95,N
EV-001875,northfield_industrial_components,procure_to_pay,purchase_order,PO-31137,2025-09-23T08:38:00,E062,po_issued,draft,open,PO-31137.pdf,1.0,N
EV-002085,northfield_industrial_components,procure_to_pay,receipt,RCV-40087,2025-09-23T09:47:00,E081,goods_received,open,received,PS463932,0.85,Y
EV-000092,northfield_industrial_components,quote_to_order,quote,Q-26092,2025-09-23T10:06:00,E064,quote_sent,draft,sent,Q-26092.pdf,1.0,N
EV-001426,northfield_industrial_components,order_to_cash,customer_invoice,INV-60019,2025-09-23T10:06:00,system,payment_applied,open,paid,Lockbox,1.0,N
EV-001600,northfield_industrial_components,order_to_cash,customer_invoice,INV-60222,2025-09-23T12:05:00,system,payment_applied,open,paid,Email remittance,0.95,N
EV-002801,northfield_industrial_components,manufacturing,work_order,WO-70168,2025-09-23T12:12:00,E061,wo_released,planned,released,MRP,1.0,N
EV-002412,northfield_industrial_components,procure_to_pay,supplier_invoice,98583679,2025-09-23T14:12:00,E002,invoice_matched,received,paid,98583679,1.0,N
EV-002443,northfield_industrial_components,procure_to_pay,supplier_invoice,INV4712284,2025-09-23T17:46:00,E002,invoice_matched,received,paid,INV4712284,1.0,N
EV-001425,northfield_industrial_components,order_to_cash,customer_invoice,INV-60018,2025-09-23T17:54:00,system,payment_applied,open,paid,Portal,1.0,N
EV-002497,northfield_industrial_components,manufacturing,work_order,WO-70003,2025-09-24T07:54:00,E074,wo_released,planned,released,MRP,1.0,N
EV-002408,northfield_industrial_components,procure_to_pay,supplier_invoice,6802601,2025-09-24T13:46:00,E002,invoice_matched,received,paid,6802601,1.0,N
EV-002716,northfield_industrial_components,manufacturing,work_order,WO-70123,2025-09-24T14:16:00,E079,wo_released,planned,released,MRP,1.0,N
EV-000072,northfield_industrial_components,quote_to_order,quote,Q-26072,2025-09-24T17:48:00,E071,quote_sent,draft,sent,Q-26072.pdf,1.0,N
EV-001712,northfield_industrial_components,order_to_cash,customer_invoice,INV-60356,2025-09-25T08:14:00,system,payment_applied,open,paid,Lockbox,1.0,N
EV-002436,northfield_industrial_components,procure_to_pay,supplier_invoice,8260079,2025-09-25T08:57:00,E002,invoice_matched,received,paid,8260079,1.0,N
EV-001573,northfield_industrial_components,order_to_cash,customer_invoice,INV-60193,2025-09-25T09:56:00,system,payment_applied,open,paid,Portal,1.0,N
EV-002358,northfield_industrial_components,procure_to_pay,supplier_invoice,7385578,2025-09-25T09:57:00,E002,invoice_matched,received,paid,7385578,1.0,N
EV-000381,northfield_industrial_components,quote_to_order,sales_order,SO-26184,2025-09-25T10:01:00,E073,order_entered,,open,customer_po_4500429648,0.9,N
EV-001202,northfield_industrial_components,order_to_cash,customer_invoice,INV-60186,2025-09-25T10:59:00,E002,invoice_issued,,open,INV-60186.pdf,1.0,N
EV-001942,northfield_industrial_components,procure_to_pay,purchase_order,PO-31204,2025-09-25T11:14:00,E061,po_issued,draft,open,PO-31204.pdf,1.0,N
EV-001417,northfield_industrial_components,order_to_cash,customer_invoice,INV-60010,2025-09-25T11:17:00,system,payment_applied,open,paid,Bank feed,1.0,N
EV-000811,northfield_industrial_components,fulfillment,shipment,SH-50186,2025-09-25T12:43:00,E099,shipment_confirmed,picked,shipped,PS-SH-50186.pdf,1.0,N
EV-001393,northfield_industrial_components,order_to_cash,customer_invoice,INV-60377,2025-09-25T12:48:00,E002,invoice_issued,,open,INV-60377.pdf,1.0,N
EV-002073,northfield_industrial_components,procure_to_pay,receipt,RCV-40075,2025-09-25T13:20:00,E106,goods_received,open,received,PS336789,1.0,N
EV-000559,northfield_industrial_components,quote_to_order,sales_order,SO-26356,2025-09-25T13:48:00,E073,order_entered,,open,customer_po_PUR-283511,0.9,N
EV-001002,northfield_industrial_components,fulfillment,shipment,SH-50377,2025-09-25T16:33:00,E102,shipment_confirmed,picked,shipped,PS-SH-50377.pdf,1.0,N
EV-001669,northfield_industrial_components,order_to_cash,customer_invoice,INV-60301,2025-09-25T17:42:00,system,payment_applied,open,paid,Portal,1.0,N
EV-002633,northfield_industrial_components,manufacturing,work_order,WO-70078,2025-09-26T08:34:00,E055,wo_closed,in_process,closed,COC-WO-70078.pdf,1.0,N
EV-000551,northfield_industrial_components,quote_to_order,sales_order,SO-26348,2025-09-26T10:57:00,E073,order_entered,,open,customer_po_PO783585,1.0,N
EV-001916,northfield_industrial_components,procure_to_pay,purchase_order,PO-31178,2025-09-26T17:36:00,E063,po_issued,draft,open,PO-31178.pdf,1.0,N
EV-002916,northfield_industrial_components,returns,rma,RMA-0001,2025-09-27T10:41:00,E074,rma_approved,requested,approved,INV-60307,1.0,N
EV-001098,northfield_industrial_components,order_to_cash,customer_invoice,INV-60082,2025-09-27T10:43:00,E002,invoice_issued,,open,INV-60082.pdf,1.0,N
EV-000707,northfield_industrial_components,fulfillment,shipment,SH-50082,2025-09-27T10:52:00,E099,shipment_confirmed,picked,shipped,PS-SH-50082.pdf,1.0,N
EV-002658,northfield_industrial_components,manufacturing,work_order,WO-70091,2025-09-27T11:14:00,E055,wo_closed,in_process,closed,COC-WO-70091.pdf,1.0,N
EV-002318,northfield_industrial_components,procure_to_pay,supplier_invoice,95122887,2025-09-27T12:08:00,E002,invoice_matched,received,paid,95122887,1.0,N
EV-000218,northfield_industrial_components,quote_to_order,sales_order,SO-26021,2025-09-27T13:24:00,E075,order_entered,,open,customer_po_4500179165,0.9,N
EV-000518,northfield_industrial_components,quote_to_order,sales_order,SO-26317,2025-09-27T13:44:00,E066,order_entered,,open,customer_po_P285761,0.9,N
EV-002154,northfield_industrial_components,procure_to_pay,receipt,RCV-40156,2025-09-27T14:49:00,E081,goods_received,open,received,PS160996,1.0,N
EV-000337,northfield_industrial_components,quote_to_order,sales_order,SO-26140,2025-09-27T15:11:00,E065,order_entered,,open,customer_po_PUR-871653,1.0,N
EV-000928,northfield_industrial_components,fulfillment,shipment,SH-50303,2025-09-28T07:24:00,E082,shipment_confirmed,picked,shipped,PS-SH-50303.pdf,1.0,N
EV-001798,northfield_industrial_components,procure_to_pay,purchase_order,PO-31060,2025-09-28T08:11:00,E063,po_issued,draft,open,PO-31060.pdf,1.0,N
EV-000557,northfield_industrial_components,quote_to_order,sales_order,SO-26354,2025-09-28T09:26:00,E065,order_entered,,open,customer_po_4500886229,0.9,N
EV-001081,northfield_industrial_components,order_to_cash,customer_invoice,INV-60065,2025-09-28T10:58:00,E002,invoice_issued,,open,INV-60065.pdf,1.0,N
EV-000391,northfield_industrial_components,quote_to_order,sales_order,SO-26194,2025-09-28T12:17:00,E066,order_entered,,open,customer_po_P757368,1.0,N
EV-000785,northfield_industrial_components,fulfillment,shipment,SH-50160,2025-09-28T13:19:00,E083,shipment_confirmed,picked,shipped,PS-SH-50160.pdf,1.0,N
EV-001176,northfield_industrial_components,order_to_cash,customer_invoice,INV-60160,2025-09-28T14:41:00,E002,invoice_issued,,open,INV-60160.pdf,1.0,N
EV-002332,northfield_industrial_components,procure_to_pay,supplier_invoice,INV4150002,2025-09-28T15:31:00,E002,match_exception,received,paid,INV4150002,0.7,Y
EV-001319,northfield_industrial_components,order_to_cash,customer_invoice,INV-60303,2025-09-28T16:02:00,E002,invoice_issued,,open,INV-60303.pdf,1.0,N
EV-000690,northfield_industrial_components,fulfillment,shipment,SH-50065,2025-09-28T17:08:00,E077,shipment_confirmed,picked,shipped,PS-SH-50065.pdf,1.0,N
EV-001894,northfield_industrial_components,procure_to_pay,purchase_order,PO-31156,2025-09-29T07:26:00,E062,po_issued,draft,open,PO-31156.pdf,1.0,N
EV-000114,northfield_industrial_components,quote_to_order,quote,Q-26114,2025-09-29T08:20:00,E067,quote_sent,draft,sent,Q-26114.pdf,1.0,N
EV-002320,northfield_industrial_components,procure_to_pay,supplier_invoice,INV3059718,2025-09-29T08:43:00,E002,invoice_matched,received,paid,INV3059718,1.0,N
EV-000966,northfield_industrial_components,fulfillment,shipment,SH-50341,2025-09-29T09:30:00,E083,shipment_confirmed,picked,shipped,PS-SH-50341.pdf,1.0,N
EV-000725,northfield_industrial_components,fulfillment,shipment,SH-50100,2025-09-29T10:29:00,E100,shipment_confirmed,picked,shipped,PS-SH-50100.pdf,1.0,N
EV-001870,northfield_industrial_components,procure_to_pay,purchase_order,PO-31132,2025-09-29T11:03:00,E062,po_issued,draft,open,PO-31132.pdf,1.0,N
EV-001981,northfield_industrial_components,procure_to_pay,purchase_order,PO-31243,2025-09-29T14:11:00,E060,po_issued,draft,open,PO-31243.pdf,1.0,N
EV-001116,northfield_industrial_components,order_to_cash,customer_invoice,INV-60100,2025-09-29T14:15:00,E002,invoice_issued,,open,INV-60100.pdf,1.0,N
EV-001357,northfield_industrial_components,order_to_cash,customer_invoice,INV-60341,2025-09-29T16:07:00,E002,invoice_issued,,open,INV-60341.pdf,1.0,N
EV-001070,northfield_industrial_components,order_to_cash,customer_invoice,INV-60054,2025-09-30T08:22:00,E002,invoice_issued,,open,INV-60054.pdf,1.0,N
EV-001386,northfield_industrial_components,order_to_cash,customer_invoice,INV-60370,2025-09-30T08:38:00,E002,invoice_issued,,open,INV-60370.pdf,1.0,N
EV-002042,northfield_industrial_components,procure_to_pay,receipt,RCV-40044,2025-09-30T12:21:00,E102,goods_received,open,received,PS669759,0.85,Y
EV-000281,northfield_industrial_components,quote_to_order,sales_order,SO-26084,2025-09-30T13:39:00,E067,order_entered,,open,customer_po_4500113797,1.0,N
EV-000995,northfield_industrial_components,fulfillment,shipment,SH-50370,2025-09-30T14:40:00,E099,shipment_confirmed,picked,shipped,PS-SH-50370.pdf,1.0,N
EV-001184,northfield_industrial_components,order_to_cash,customer_invoice,INV-60168,2025-09-30T16:15:00,E002,invoice_issued,,open,INV-60168.pdf,1.0,N
EV-002051,northfield_industrial_components,procure_to_pay,receipt,RCV-40053,2025-09-30T16:15:00,E106,goods_received,open,received,PS655423,1.0,N
EV-002778,northfield_industrial_components,manufacturing,work_order,WO-70156,2025-09-30T16:26:00,E055,wo_closed,in_process,closed,COC-WO-70156.pdf,1.0,N
EV-000793,northfield_industrial_components,fulfillment,shipment,SH-50168,2025-09-30T16:36:00,E081,shipment_confirmed,picked,shipped,PS-SH-50168.pdf,1.0,N
EV-000679,northfield_industrial_components,fulfillment,shipment,SH-50054,2025-09-30T17:23:00,E102,shipment_confirmed,picked,shipped,PS-SH-50054.pdf,1.0,N
EV-001079,northfield_industrial_components,order_to_cash,customer_invoice,INV-60063,2025-10-01T13:02:00,E002,invoice_issued,,open,INV-60063.pdf,1.0,N
EV-001597,northfield_industrial_components,order_to_cash,customer_invoice,INV-60219,2025-10-01T14:31:00,system,payment_applied,open,paid,Email remittance,0.95,N
EV-000688,northfield_industrial_components,fulfillment,shipment,SH-50063,2025-10-01T15:12:00,E080,shipment_confirmed,picked,shipped,PS-SH-50063.pdf,1.0,N
EV-002104,northfield_industrial_components,procure_to_pay,receipt,RCV-40106,2025-10-01T15:34:00,E079,goods_received,open,received,PS892477,0.85,Y
EV-002205,northfield_industrial_components,procure_to_pay,receipt,RCV-40207,2025-10-01T17:02:00,E080,goods_received,open,received,PS312211,0.85,Y
EV-000600,northfield_industrial_components,quote_to_order,sales_order,SO-26396,2025-10-02T07:15:00,E073,order_entered,,open,customer_po_P487935,0.9,N
EV-002498,northfield_industrial_components,manufacturing,work_order,WO-70003,2025-10-02T07:45:00,E055,wo_closed,in_process,closed,COC-WO-70003.pdf,1.0,N
EV-001923,northfield_industrial_components,procure_to_pay,purchase_order,PO-31185,2025-10-02T08:36:00,E061,po_issued,draft,open,PO-31185.pdf,1.0,N
EV-001151,northfield_industrial_components,order_to_cash,customer_invoice,INV-60135,2025-10-02T10:35:00,E002,invoice_issued,,open,INV-60135.pdf,1.0,N
EV-001541,northfield_industrial_components,order_to_cash,customer_invoice,INV-60155,2025-10-02T12:01:00,system,payment_applied,open,paid,Lockbox,1.0,N
EV-002511,northfield_industrial_components,manufacturing,work_order,WO-70010,2025-10-02T12:01:00,E055,wo_closed,in_process,closed,COC-WO-70010.pdf,1.0,N
EV-001890,northfield_industrial_components,procure_to_pay,purchase_order,PO-31152,2025-10-02T14:13:00,E063,po_issued,draft,open,PO-31152.pdf,1.0,N
EV-000295,northfield_industrial_components,quote_to_order,sales_order,SO-26098,2025-10-02T15:51:00,E064,order_entered,,open,customer_po_PUR-683157,1.0,N
EV-002551,northfield_industrial_components,manufacturing,work_order,WO-70032,2025-10-02T15:59:00,E101,wo_released,planned,released,MRP,1.0,N
EV-000760,northfield_industrial_components,fulfillment,shipment,SH-50135,2025-10-02T16:13:00,E077,shipment_confirmed,picked,shipped,PS-SH-50135.pdf,1.0,N
EV-002691,northfield_industrial_components,manufacturing,work_order,WO-70109,2025-10-02T17:10:00,E055,wo_closed,in_process,closed,COC-WO-70109.pdf,1.0,N
EV-002078,northfield_industrial_components,procure_to_pay,receipt,RCV-40080,2025-10-02T17:33:00,E078,goods_received,open,received,PS795309,0.85,Y
EV-001571,northfield_industrial_components,order_to_cash,customer_invoice,INV-60191,2025-10-03T07:30:00,system,payment_applied,open,paid,Bank feed,1.0,N
EV-000567,northfield_industrial_components,quote_to_order,sales_order,SO-26363,2025-10-03T08:50:00,E073,order_entered,,open,customer_po_P726215,0.9,N
EV-002822,northfield_industrial_components,manufacturing,work_order,WO-70179,2025-10-03T10:37:00,E021,wo_released,planned,released,MRP,1.0,N
EV-001747,northfield_industrial_components,procure_to_pay,purchase_order,PO-31009,2025-10-03T11:31:00,E061,po_issued,draft,open,PO-31009.pdf,1.0,N
EV-001753,northfield_industrial_components,procure_to_pay,purchase_order,PO-31015,2025-10-03T12:15:00,E062,po_issued,draft,open,PO-31015.pdf,1.0,N
EV-000599,northfield_industrial_components,quote_to_order,sales_order,SO-26395,2025-10-03T12:30:00,E067,order_entered,,open,customer_po_P820792,1.0,N
EV-001556,northfield_industrial_components,order_to_cash,customer_invoice,INV-60173,2025-10-03T14:04:00,system,payment_applied,open,paid,Lockbox,1.0,N
EV-002452,northfield_industrial_components,procure_to_pay,supplier_invoice,INV4728054,2025-10-03T16:14:00,E002,invoice_matched,received,paid,INV4728054,1.0,N
EV-002076,northfield_industrial_components,procure_to_pay,receipt,RCV-40078,2025-10-04T10:12:00,E079,goods_received,open,received,PS980471,1.0,N
EV-002666,northfield_industrial_components,manufacturing,work_order,WO-70096,2025-10-04T10:35:00,E055,wo_closed,in_process,closed,COC-WO-70096.pdf,1.0,N
EV-001410,northfield_industrial_components,order_to_cash,customer_invoice,INV-60003,2025-10-04T11:13:00,system,payment_applied,open,paid,Email remittance,0.95,N
EV-000183,northfield_industrial_components,quote_to_order,quote,Q-26183,2025-10-04T12:27:00,E068,quote_sent,draft,sent,Q-26183.pdf,1.0,N
EV-002786,northfield_industrial_components,manufacturing,work_order,WO-70160,2025-10-04T12:42:00,E055,wo_closed,in_process,closed,COC-WO-70160.pdf,1.0,N
EV-002116,northfield_industrial_components,procure_to_pay,receipt,RCV-40118,2025-10-04T13:50:00,E105,goods_received,open,received,PS360520,1.0,N
EV-002746,northfield_industrial_components,manufacturing,work_order,WO-70139,2025-10-04T14:10:00,E055,wo_closed,in_process,closed,COC-WO-70139.pdf,1.0,N
EV-000608,northfield_industrial_components,quote_to_order,sales_order,SO-26404,2025-10-04T14:55:00,E065,order_entered,,open,customer_po_PUR-511351,0.9,N
EV-000414,northfield_industrial_components,quote_to_order,sales_order,SO-26217,2025-10-04T15:44:00,E066,order_entered,,open,customer_po_P368605,1.0,N
EV-001773,northfield_industrial_components,procure_to_pay,purchase_order,PO-31035,2025-10-04T17:17:00,E062,po_issued,draft,open,PO-31035.pdf,1.0,N
EV-000838,northfield_industrial_components,fulfillment,shipment,SH-50213,2025-10-05T07:51:00,E105,shipment_confirmed,picked,shipped,PS-SH-50213.pdf,1.0,N
EV-001024,northfield_industrial_components,order_to_cash,customer_invoice,INV-60008,2025-10-05T08:14:00,E002,invoice_issued,,open,INV-60008.pdf,1.0,N
EV-000737,northfield_industrial_components,fulfillment,shipment,SH-50112,2025-10-05T08:20:00,E105,shipment_confirmed,picked,shipped,PS-SH-50112.pdf,1.0,N
EV-000612,northfield_industrial_components,quote_to_order,sales_order,SO-26407,2025-10-05T09:04:00,E067,order_entered,,open,customer_po_P784319,0.9,N
EV-001662,northfield_industrial_components,order_to_cash,customer_invoice,INV-60292,2025-10-05T10:28:00,system,payment_applied,open,paid,Portal,1.0,N
EV-001303,northfield_industrial_components,order_to_cash,customer_invoice,INV-60287,2025-10-05T10:36:00,E002,invoice_issued,,open,INV-60287.pdf,1.0,N
EV-002188,northfield_industrial_components,procure_to_pay,receipt,RCV-40190,2025-10-05T11:54:00,E076,goods_received,open,received,PS518969,1.0,N
EV-000912,northfield_industrial_components,fulfillment,shipment,SH-50287,2025-10-05T12:38:00,E081,shipment_confirmed,picked,shipped,PS-SH-50287.pdf,1.0,N
EV-000425,northfield_industrial_components,quote_to_order,sales_order,SO-26228,2025-10-05T14:18:00,E066,order_entered,,open,customer_po_4500199634,0.9,N
EV-000314,northfield_industrial_components,quote_to_order,sales_order,SO-26117,2025-10-05T14:19:00,E068,order_entered,,open,customer_po_PO487229,0.9,N
EV-001485,northfield_industrial_components,order_to_cash,customer_invoice,INV-60091,2025-10-05T14:30:00,system,payment_applied,open,paid,Bank feed,1.0,N
EV-000633,northfield_industrial_components,fulfillment,shipment,SH-50008,2025-10-05T16:13:00,E079,shipment_confirmed,picked,shipped,PS-SH-50008.pdf,1.0,N
EV-002351,northfield_industrial_components,procure_to_pay,supplier_invoice,92591690,2025-10-05T16:33:00,E002,invoice_matched,received,paid,92591690,1.0,N
EV-001229,northfield_industrial_components,order_to_cash,customer_invoice,INV-60213,2025-10-05T17:07:00,E002,invoice_issued,,open,INV-60213.pdf,1.0,N
EV-001128,northfield_industrial_components,order_to_cash,customer_invoice,INV-60112,2025-10-05T17:31:00,E002,invoice_issued,,open,INV-60112.pdf,1.0,N
EV-001906,northfield_industrial_components,procure_to_pay,purchase_order,PO-31168,2025-10-06T07:11:00,E063,po_issued,draft,open,PO-31168.pdf,1.0,N
EV-002401,northfield_industrial_components,procure_to_pay,supplier_invoice,SI1220396,2025-10-06T07:21:00,E002,invoice_matched,received,paid,SI1220396,1.0,N
EV-001269,northfield_industrial_components,order_to_cash,customer_invoice,INV-60253,2025-10-06T08:37:00,E002,invoice_issued,,open,INV-60253.pdf,1.0,N
EV-002363,northfield_industrial_components,procure_to_pay,supplier_invoice,3300669,2025-10-06T09:34:00,E002,invoice_matched,received,paid,3300669,1.0,N
EV-000351,northfield_industrial_components,quote_to_order,sales_order,SO-26154,2025-10-06T09:40:00,E067,order_entered,,open,customer_po_PUR-971988,0.9,N
EV-001523,northfield_industrial_components,order_to_cash,customer_invoice,INV-60133,2025-10-06T09:45:00,system,payment_applied,open,paid,Email remittance,0.95,N
EV-002535,northfield_industrial_components,manufacturing,work_order,WO-70023,2025-10-06T14:18:00,E055,wo_closed,in_process,closed,COC-WO-70023.pdf,1.0,N
EV-000427,northfield_industrial_components,quote_to_order,sales_order,SO-26230,2025-10-06T15:21:00,E073,order_entered,,open,customer_po_4500816352,1.0,N
EV-000878,northfield_industrial_components,fulfillment,shipment,SH-50253,2025-10-06T15:40:00,E082,shipment_confirmed,picked,shipped,PS-SH-50253.pdf,1.0,N
EV-001547,northfield_industrial_components,order_to_cash,customer_invoice,INV-60162,2025-10-07T07:42:00,system,payment_applied,open,paid,Lockbox,1.0,N
EV-001326,northfield_industrial_components,order_to_cash,customer_invoice,INV-60310,2025-10-07T09:46:00,E002,invoice_issued,,open,INV-60310.pdf,1.0,N
EV-000935,northfield_industrial_components,fulfillment,shipment,SH-50310,2025-10-07T09:59:00,E100,shipment_confirmed,picked,shipped,PS-SH-50310.pdf,1.0,N
EV-000579,northfield_industrial_components,quote_to_order,sales_order,SO-26375,2025-10-07T10:09:00,E067,order_entered,,open,customer_po_PO192000,0.9,N
EV-001511,northfield_industrial_components,order_to_cash,customer_invoice,INV-60120,2025-10-07T15:16:00,system,payment_applied,open,paid,Lockbox,1.0,N
EV-002641,northfield_industrial_components,manufacturing,work_order,WO-70082,2025-10-07T16:15:00,E055,wo_closed,in_process,closed,COC-WO-70082.pdf,1.0,N
EV-000656,northfield_industrial_components,fulfillment,shipment,SH-50031,2025-10-08T07:59:00,E078,shipment_confirmed,picked,shipped,PS-SH-50031.pdf,1.0,N
EV-001047,northfield_industrial_components,order_to_cash,customer_invoice,INV-60031,2025-10-08T11:55:00,E002,invoice_issued,,open,INV-60031.pdf,1.0,N
EV-002323,northfield_industrial_components,procure_to_pay,supplier_invoice,3598184,2025-10-08T12:16:00,E002,invoice_matched,received,paid,3598184,1.0,N
EV-001856,northfield_industrial_components,procure_to_pay,purchase_order,PO-31118,2025-10-08T12:49:00,E062,po_issued,draft,open,PO-31118.pdf,1.0,N
EV-000458,northfield_industrial_components,quote_to_order,sales_order,SO-26260,2025-10-08T17:53:00,E074,order_entered,,open,customer_po_4500189715,1.0,N
EV-001404,northfield_industrial_components,order_to_cash,customer_invoice,INV-60388,2025-10-09T09:51:00,E002,invoice_issued,,open,INV-60388.pdf,1.0,N
EV-002883,northfield_industrial_components,manufacturing,work_order,WO-70212,2025-10-09T11:49:00,E033,wo_released,planned,released,MRP,1.0,N
EV-002513,northfield_industrial_components,manufacturing,work_order,WO-70011,2025-10-09T12:48:00,E055,wo_closed,in_process,closed,COC-WO-70011.pdf,1.0,N
EV-000356,northfield_industrial_components,quote_to_order,sales_order,SO-26159,2025-10-09T13:05:00,E073,order_entered,,open,customer_po_P360810,1.0,N
EV-000472,northfield_industrial_components,quote_to_order,sales_order,SO-26274,2025-10-09T14:34:00,E064,order_entered,,open,customer_po_P796202,1.0,N
EV-001761,northfield_industrial_components,procure_to_pay,purchase_order,PO-31023,2025-10-09T15:28:00,E063,po_issued,draft,open,PO-31023.pdf,1.0,N
EV-001013,northfield_industrial_components,fulfillment,shipment,SH-50388,2025-10-09T17:25:00,E079,shipment_confirmed,picked,shipped,PS-SH-50388.pdf,1.0,N
EV-002041,northfield_industrial_components,procure_to_pay,receipt,RCV-40043,2025-10-10T07:10:00,E106,goods_received,open,received,PS233637,1.0,N
EV-000022,northfield_industrial_components,quote_to_order,quote,Q-26022,2025-10-10T07:42:00,E072,quote_sent,draft,sent,Q-26022.pdf,1.0,N
EV-002167,northfield_industrial_components,procure_to_pay,receipt,RCV-40169,2025-10-10T11:25:00,E079,goods_received,open,received,PS684204,1.0,N
EV-002289,northfield_industrial_components,procure_to_pay,supplier_invoice,96186701,2025-10-10T12:45:00,E002,invoice_matched,received,paid,96186701,1.0,N
EV-001642,northfield_industrial_components,order_to_cash,customer_invoice,INV-60268,2025-10-10T14:33:00,system,payment_applied,open,paid,Lockbox,1.0,N
EV-002325,northfield_industrial_components,procure_to_pay,supplier_invoice,773817,2025-10-10T14:47:00,E002,invoice_matched,received,paid,773817,1.0,N
EV-002790,northfield_industrial_components,manufacturing,work_order,WO-70162,2025-10-10T15:00:00,E055,wo_closed,in_process,closed,COC-WO-70162.pdf,1.0,N
EV-002298,northfield_industrial_components,procure_to_pay,supplier_invoice,99669852,2025-10-11T07:18:00,E002,invoice_matched,received,paid,99669852,1.0,N
EV-002926,northfield_industrial_components,returns,rma,RMA-0011,2025-10-11T08:58:00,E067,rma_approved,requested,approved,INV-60213,1.0,N
EV-002673,northfield_industrial_components,manufacturing,work_order,WO-70100,2025-10-11T09:51:00,E103,wo_released,planned,released,MRP,1.0,N
EV-001455,northfield_industrial_components,order_to_cash,customer_invoice,INV-60055,2025-10-11T12:34:00,system,payment_applied,open,paid,Bank feed,1.0,N
EV-001969,northfield_industrial_components,procure_to_pay,purchase_order,PO-31231,2025-10-11T15:41:00,E063,po_issued,draft,open,PO-31231.pdf,1.0,N
EV-002560,northfield_industrial_components,manufacturing,work_order,WO-70038,2025-10-11T16:22:00,E055,wo_closed,in_process,closed,COC-WO-70038.pdf,1.0,N
EV-002112,northfield_industrial_components,procure_to_pay,receipt,RCV-40114,2025-10-11T16:29:00,E099,goods_received,open,received,PS436514,1.0,N
EV-002007,northfield_industrial_components,procure_to_pay,receipt,RCV-40009,2025-10-11T17:12:00,E076,goods_received,open,received,PS260778,0.85,Y
EV-000527,northfield_industrial_components,quote_to_order,sales_order,SO-26326,2025-10-12T09:19:00,E064,order_entered,,open,customer_po_PUR-280983,0.9,Y
EV-000528,northfield_industrial_components,credit_control,sales_order,SO-26326,2025-10-12T10:30:00,E002,credit_hold_applied,open,credit_hold,credit_checks,1.0,N
EV-000139,northfield_industrial_components,quote_to_order,quote,Q-26139,2025-10-12T13:57:00,E067,quote_sent,draft,sent,Q-26139.pdf,1.0,N
EV-000118,northfield_industrial_components,quote_to_order,quote,Q-26118,2025-10-12T14:22:00,E067,quote_sent,draft,sent,Q-26118.pdf,1.0,N
EV-000554,northfield_industrial_components,quote_to_order,sales_order,SO-26351,2025-10-12T14:51:00,E067,order_entered,,open,customer_po_PUR-418614,1.0,N
EV-002359,northfield_industrial_components,procure_to_pay,supplier_invoice,SI1413653,2025-10-12T15:12:00,E002,invoice_matched,received,paid,SI1413653,1.0,N
EV-002229,northfield_industrial_components,procure_to_pay,receipt,RCV-40231,2025-10-12T17:04:00,E080,goods_received,open,received,PS582218,1.0,N
EV-001419,northfield_industrial_components,order_to_cash,customer_invoice,INV-60012,2025-10-13T08:19:00,system,payment_applied,open,paid,Email remittance,0.95,N
EV-002243,northfield_industrial_components,procure_to_pay,receipt,RCV-40245,2025-10-13T08:24:00,E082,goods_received,open,received,PS130048,1.0,N
EV-002030,northfield_industrial_components,procure_to_pay,receipt,RCV-40032,2025-10-13T09:00:00,E105,goods_received,open,received,PS472801,1.0,N
EV-002652,northfield_industrial_components,manufacturing,work_order,WO-70088,2025-10-13T12:00:00,E055,wo_closed,in_process,closed,COC-WO-70088.pdf,1.0,N
EV-001350,northfield_industrial_components,order_to_cash,customer_invoice,INV-60334,2025-10-13T12:13:00,E002,invoice_issued,,open,INV-60334.pdf,1.0,N
EV-002846,northfield_industrial_components,manufacturing,work_order,WO-70192,2025-10-13T12:23:00,E075,wo_released,planned,released,MRP,1.0,N
EV-002915,northfield_industrial_components,quality,ncr,NCR-0016,2025-10-13T12:26:00,E058,ncr_opened,,open,WO-70088,1.0,Y
EV-002547,northfield_industrial_components,manufacturing,work_order,WO-70030,2025-10-13T13:25:00,E053,wo_released,planned,released,MRP,1.0,N
EV-002718,northfield_industrial_components,manufacturing,work_order,WO-70124,2025-10-13T15:06:00,E056,wo_released,planned,released,MRP,1.0,N
EV-000959,northfield_industrial_components,fulfillment,shipment,SH-50334,2025-10-13T15:53:00,E080,shipment_confirmed,picked,shipped,PS-SH-50334.pdf,1.0,N
EV-001187,northfield_industrial_components,order_to_cash,customer_invoice,INV-60171,2025-10-14T09:09:00,E002,invoice_issued,,open,INV-60171.pdf,1.0,N
EV-000896,northfield_industrial_components,fulfillment,shipment,SH-50271,2025-10-14T10:16:00,E082,shipment_confirmed,picked,shipped,PS-SH-50271.pdf,1.0,N
EV-002435,northfield_industrial_components,procure_to_pay,supplier_invoice,98845131,2025-10-14T11:17:00,E002,invoice_matched,received,paid,98845131,1.0,N
EV-001883,northfield_industrial_components,procure_to_pay,purchase_order,PO-31145,2025-10-14T12:02:00,E062,po_issued,draft,open,PO-31145.pdf,1.0,N
EV-001608,northfield_industrial_components,order_to_cash,customer_invoice,INV-60230,2025-10-14T13:33:00,system,payment_applied,open,paid,Lockbox,1.0,N
EV-002787,northfield_industrial_components,manufacturing,work_order,WO-70161,2025-10-14T13:40:00,E080,wo_released,planned,released,MRP,1.0,N
EV-001693,northfield_industrial_components,order_to_cash,customer_invoice,INV-60332,2025-10-14T14:10:00,system,payment_applied,open,paid,Lockbox,1.0,N
EV-000140,northfield_industrial_components,quote_to_order,quote,Q-26140,2025-10-14T14:12:00,E067,quote_sent,draft,sent,Q-26140.pdf,1.0,N
EV-000796,northfield_industrial_components,fulfillment,shipment,SH-50171,2025-10-14T17:00:00,E101,shipment_confirmed,picked,shipped,PS-SH-50171.pdf,1.0,N
EV-001287,northfield_industrial_components,order_to_cash,customer_invoice,INV-60271,2025-10-14T17:14:00,E002,invoice_issued,,open,INV-60271.pdf,1.0,N
EV-000616,northfield_industrial_components,quote_to_order,sales_order,SO-26411,2025-10-15T07:42:00,E064,order_entered,,open,customer_po_PUR-679478,0.9,N
EV-001675,northfield_industrial_components,order_to_cash,customer_invoice,INV-60307,2025-10-15T11:54:00,system,payment_applied,open,paid,Bank feed,1.0,N
EV-002174,northfield_industrial_components,procure_to_pay,receipt,RCV-40176,2025-10-15T11:57:00,E079,goods_received,open,received,PS403169,0.85,Y
EV-001424,northfield_industrial_components,order_to_cash,customer_invoice,INV-60017,2025-10-15T12:05:00,system,payment_applied,open,paid,Lockbox,1.0,N
EV-000241,northfield_industrial_components,quote_to_order,sales_order,SO-26044,2025-10-15T12:30:00,E068,order_entered,,open,customer_po_4500927151,1.0,N
EV-002414,northfield_industrial_components,procure_to_pay,supplier_invoice,SI6682578,2025-10-15T14:18:00,E002,invoice_matched,received,paid,SI6682578,1.0,N
EV-002288,northfield_industrial_components,procure_to_pay,supplier_invoice,INV4118589,2025-10-15T14:23:00,E002,invoice_matched,received,paid,INV4118589,1.0,N
EV-000437,northfield_industrial_components,quote_to_order,sales_order,SO-26240,2025-10-15T14:46:00,E075,order_entered,,open,customer_po_PO409096,0.9,N
EV-000407,northfield_industrial_components,quote_to_order,sales_order,SO-26210,2025-10-16T07:07:00,E074,order_entered,,open,customer_po_PUR-174780,1.0,N
EV-000957,northfield_industrial_components,fulfillment,shipment,SH-50332,2025-10-16T12:13:00,E076,shipment_confirmed,picked,shipped,PS-SH-50332.pdf,1.0,N
EV-001348,northfield_industrial_components,order_to_cash,customer_invoice,INV-60332,2025-10-16T13:49:00,E002,invoice_issued,,open,INV-60332.pdf,1.0,N
EV-000059,northfield_industrial_components,quote_to_order,quote,Q-26059,2025-10-16T17:54:00,E069,quote_sent,draft,sent,Q-26059.pdf,1.0,N
EV-000359,northfield_industrial_components,quote_to_order,sales_order,SO-26162,2025-10-17T07:02:00,E066,order_entered,,open,customer_po_P831065,1.0,N
EV-002717,northfield_industrial_components,manufacturing,work_order,WO-70123,2025-10-17T08:05:00,E055,wo_closed,in_process,closed,COC-WO-70123.pdf,1.0,N
EV-001340,northfield_industrial_components,order_to_cash,customer_invoice,INV-60324,2025-10-17T08:13:00,E002,invoice_issued,,open,INV-60324.pdf,1.0,N
EV-000867,northfield_industrial_components,fulfillment,shipment,SH-50242,2025-10-17T09:20:00,E077,shipment_confirmed,picked,shipped,PS-SH-50242.pdf,1.0,N
EV-002490,northfield_industrial_components,procure_to_pay,supplier_invoice,INV6286207,2025-10-17T10:42:00,E002,invoice_matched,received,paid,INV6286207,1.0,N
EV-000949,northfield_industrial_components,fulfillment,shipment,SH-50324,2025-10-17T11:09:00,E076,shipment_confirmed,picked,shipped,PS-SH-50324.pdf,1.0,N
EV-000614,northfield_industrial_components,quote_to_order,sales_order,SO-26409,2025-10-17T12:48:00,E075,order_entered,,open,customer_po_PO202938,0.9,N
EV-001145,northfield_industrial_components,order_to_cash,customer_invoice,INV-60129,2025-10-17T12:56:00,E002,invoice_issued,,open,INV-60129.pdf,1.0,N
EV-000645,northfield_industrial_components,fulfillment,shipment,SH-50020,2025-10-17T13:04:00,E106,shipment_confirmed,picked,shipped,PS-SH-50020.pdf,1.0,N
EV-001258,northfield_industrial_components,order_to_cash,customer_invoice,INV-60242,2025-10-17T13:46:00,E002,invoice_issued,,open,INV-60242.pdf,1.0,N
EV-002141,northfield_industrial_components,procure_to_pay,receipt,RCV-40143,2025-10-17T13:49:00,E104,goods_received,open,received,PS454885,0.85,Y
EV-001036,northfield_industrial_components,order_to_cash,customer_invoice,INV-60020,2025-10-17T15:11:00,E002,invoice_issued,,open,INV-60020.pdf,1.0,N
EV-000754,northfield_industrial_components,fulfillment,shipment,SH-50129,2025-10-17T17:52:00,E079,shipment_confirmed,picked,shipped,PS-SH-50129.pdf,1.0,N
EV-000393,northfield_industrial_components,quote_to_order,sales_order,SO-26196,2025-10-18T07:35:00,E066,order_entered,,open,customer_po_4500547208,0.9,N
EV-001807,northfield_industrial_components,procure_to_pay,purchase_order,PO-31069,2025-10-18T09:21:00,E062,po_issued,draft,open,PO-31069.pdf,1.0,N
EV-001909,northfield_industrial_components,procure_to_pay,purchase_order,PO-31171,2025-10-18T10:17:00,E063,po_issued,draft,open,PO-31171.pdf,1.0,N
EV-001023,northfield_industrial_components,order_to_cash,customer_invoice,INV-60007,2025-10-18T12:04:00,E002,invoice_issued,,open,INV-60007.pdf,1.0,N
EV-000632,northfield_industrial_components,fulfillment,shipment,SH-50007,2025-10-18T13:58:00,E082,shipment_confirmed,picked,shipped,PS-SH-50007.pdf,1.0,N
EV-001958,northfield_industrial_components,procure_to_pay,purchase_order,PO-31220,2025-10-18T14:25:00,E061,po_issued,draft,open,PO-31220.pdf,1.0,N
EV-002254,northfield_industrial_components,procure_to_pay,supplier_invoice,7264178,2025-10-18T15:59:00,E002,invoice_matched,received,paid,7264178,1.0,N
EV-001901,northfield_industrial_components,procure_to_pay,purchase_order,PO-31163,2025-10-18T17:46:00,E063,po_issued,draft,open,PO-31163.pdf,1.0,N
EV-000176,northfield_industrial_components,quote_to_order,quote,Q-26176,2025-10-19T09:03:00,E070,quote_sent,draft,sent,Q-26176.pdf,1.0,N
EV-001545,northfield_industrial_components,order_to_cash,customer_invoice,INV-60160,2025-10-19T10:18:00,system,payment_applied,open,paid,Lockbox,1.0,N
EV-000376,northfield_industrial_components,quote_to_order,sales_order,SO-26179,2025-10-19T10:54:00,E073,order_entered,,open,customer_po_P498752,0.9,N
EV-001602,northfield_industrial_components,order_to_cash,customer_invoice,INV-60224,2025-10-19T11:03:00,system,payment_applied,open,paid,Bank feed,1.0,N
EV-001874,northfield_industrial_components,procure_to_pay,purchase_order,PO-31136,2025-10-19T13:32:00,E063,po_issued,draft,open,PO-31136.pdf,1.0,N
EV-002570,northfield_industrial_components,manufacturing,work_order,WO-70044,2025-10-19T14:13:00,E026,wo_released,planned,released,MRP,1.0,N
EV-002277,northfield_industrial_components,procure_to_pay,supplier_invoice,SI256267,2025-10-20T07:05:00,E002,invoice_matched,received,paid,SI256267,1.0,N
EV-002592,northfield_industrial_components,manufacturing,work_order,WO-70056,2025-10-20T08:26:00,E086,wo_released,planned,released,MRP,1.0,N
EV-001548,northfield_industrial_components,order_to_cash,customer_invoice,INV-60164,2025-10-20T10:31:00,system,payment_applied,open,paid,Lockbox,1.0,N
EV-002727,northfield_industrial_components,manufacturing,work_order,WO-70129,2025-10-20T10:42:00,E099,wo_released,planned,released,MRP,1.0,N
EV-001925,northfield_industrial_components,procure_to_pay,purchase_order,PO-31187,2025-10-20T13:28:00,E063,po_issued,draft,open,PO-31187.pdf,1.0,N
EV-002823,northfield_industrial_components,manufacturing,work_order,WO-70179,2025-10-20T14:34:00,E055,wo_closed,in_process,closed,COC-WO-70179.pdf,1.0,N
EV-001570,northfield_industrial_components,order_to_cash,customer_invoice,INV-60189,2025-10-21T08:22:00,system,payment_applied,open,paid,Email remittance,0.95,N
EV-000955,northfield_industrial_components,fulfillment,shipment,SH-50330,2025-10-21T11:32:00,E078,shipment_confirmed,picked,shipped,PS-SH-50330.pdf,1.0,N
EV-001346,northfield_industrial_components,order_to_cash,customer_invoice,INV-60330,2025-10-21T11:47:00,E002,invoice_issued,,open,INV-60330.pdf,1.0,N
EV-002476,northfield_industrial_components,procure_to_pay,supplier_invoice,SI8668631,2025-10-21T12:07:00,E002,invoice_matched,received,paid,SI8668631,1.0,N
EV-001664,northfield_industrial_components,order_to_cash,customer_invoice,INV-60295,2025-10-21T12:32:00,system,payment_applied,open,paid,Portal,1.0,N
EV-002552,northfield_industrial_components,manufacturing,work_order,WO-70032,2025-10-21T15:56:00,E055,wo_closed,in_process,closed,COC-WO-70032.pdf,1.0,N
EV-000107,northfield_industrial_components,quote_to_order,quote,Q-26107,2025-10-21T16:07:00,E066,quote_sent,draft,sent,Q-26107.pdf,1.0,N
EV-001163,northfield_industrial_components,order_to_cash,customer_invoice,INV-60147,2025-10-22T09:45:00,E002,invoice_issued,,open,INV-60147.pdf,1.0,N
EV-000772,northfield_industrial_components,fulfillment,shipment,SH-50147,2025-10-22T10:35:00,E105,shipment_confirmed,picked,shipped,PS-SH-50147.pdf,1.0,N
EV-002388,northfield_industrial_components,procure_to_pay,supplier_invoice,INV7656742,2025-10-22T10:35:00,E002,invoice_matched,received,paid,INV7656742,1.0,N
EV-002185,northfield_industrial_components,procure_to_pay,receipt,RCV-40187,2025-10-22T13:44:00,E102,goods_received,open,received,PS432390,0.85,Y
EV-000586,northfield_industrial_components,quote_to_order,sales_order,SO-26382,2025-10-22T14:06:00,E065,order_entered,,open,customer_po_4500474087,1.0,N
EV-000702,northfield_industrial_components,fulfillment,shipment,SH-50077,2025-10-23T07:03:00,E102,shipment_confirmed,picked,shipped,PS-SH-50077.pdf,1.0,N
EV-001470,northfield_industrial_components,order_to_cash,customer_invoice,INV-60074,2025-10-23T07:56:00,system,payment_applied,open,paid,Email remittance,0.95,N
EV-001526,northfield_industrial_components,order_to_cash,customer_invoice,INV-60136,2025-10-23T08:55:00,system,payment_applied,open,paid,Portal,1.0,N
EV-000993,northfield_industrial_components,fulfillment,shipment,SH-50368,2025-10-23T10:34:00,E106,shipment_confirmed,picked,shipped,PS-SH-50368.pdf,1.0,N
EV-002176,northfield_industrial_components,procure_to_pay,receipt,RCV-40178,2025-10-23T11:28:00,E081,goods_received,open,received,PS746854,1.0,N
EV-000319,northfield_industrial_components,quote_to_order,sales_order,SO-26122,2025-10-23T12:02:00,E067,order_entered,,open,customer_po_4500184348,0.9,N
EV-001384,northfield_industrial_components,order_to_cash,customer_invoice,INV-60368,2025-10-23T13:59:00,E002,invoice_issued,,open,INV-60368.pdf,1.0,N
EV-002126,northfield_industrial_components,procure_to_pay,receipt,RCV-40128,2025-10-23T14:11:00,E078,goods_received,open,received,PS405678,1.0,N
EV-001093,northfield_industrial_components,order_to_cash,customer_invoice,INV-60077,2025-10-23T14:30:00,E002,invoice_issued,,open,INV-60077.pdf,1.0,N
EV-001634,northfield_industrial_components,order_to_cash,customer_invoice,INV-60259,2025-10-23T14:31:00,system,payment_applied,open,paid,Bank feed,1.0,N
EV-002802,northfield_industrial_components,manufacturing,work_order,WO-70168,2025-10-23T16:52:00,E055,wo_closed,in_process,closed,COC-WO-70168.pdf,1.0,N
EV-001806,northfield_industrial_components,procure_to_pay,purchase_order,PO-31068,2025-10-23T17:21:00,E060,po_issued,draft,open,PO-31068.pdf,1.0,N
EV-001700,northfield_industrial_components,order_to_cash,customer_invoice,INV-60341,2025-10-24T12:49:00,system,payment_applied,open,paid,Email remittance,0.95,N
EV-000850,northfield_industrial_components,fulfillment,shipment,SH-50225,2025-10-24T13:30:00,E099,shipment_confirmed,picked,shipped,PS-SH-50225.pdf,1.0,N
EV-001241,northfield_industrial_components,order_to_cash,customer_invoice,INV-60225,2025-10-24T13:42:00,E002,invoice_issued,,open,INV-60225.pdf,1.0,N
EV-002884,northfield_industrial_components,manufacturing,work_order,WO-70212,2025-10-24T16:05:00,E055,wo_closed,in_process,closed,COC-WO-70212.pdf,1.0,N
EV-002781,northfield_industrial_components,manufacturing,work_order,WO-70158,2025-10-24T17:33:00,E098,wo_released,planned,released,MRP,1.0,N
EV-001439,northfield_industrial_components,order_to_cash,customer_invoice,INV-60035,2025-10-25T07:08:00,system,payment_applied,open,paid,Portal,1.0,N
EV-000137,northfield_industrial_components,quote_to_order,quote,Q-26137,2025-10-25T07:44:00,E066,quote_sent,draft,sent,Q-26137.pdf,1.0,N
EV-001682,northfield_industrial_components,order_to_cash,customer_invoice,INV-60317,2025-10-25T07:56:00,system,payment_applied,open,paid,Portal,1.0,N
EV-000582,northfield_industrial_components,quote_to_order,sales_order,SO-26378,2025-10-25T10:30:00,E068,order_entered,,open,customer_po_4500719463,0.9,N
EV-002671,northfield_industrial_components,manufacturing,work_order,WO-70099,2025-10-25T16:22:00,E016,wo_released,planned,released,MRP,1.0,N
EV-000870,northfield_industrial_components,fulfillment,shipment,SH-50245,2025-10-26T07:10:00,E080,shipment_confirmed,picked,shipped,PS-SH-50245.pdf,1.0,N
EV-001650,northfield_industrial_components,order_to_cash,customer_invoice,INV-60277,2025-10-26T07:55:00,system,payment_applied,open,paid,Bank feed,1.0,N
EV-002421,northfield_industrial_components,procure_to_pay,supplier_invoice,SI1904120,2025-10-26T08:03:00,E002,invoice_matched,received,paid,SI1904120,1.0,N
EV-001722,northfield_industrial_components,order_to_cash,customer_invoice,INV-60370,2025-10-26T08:28:00,system,payment_applied,open,paid,Email remittance,0.95,N
EV-000931,northfield_industrial_components,fulfillment,shipment,SH-50306,2025-10-26T09:02:00,E077,shipment_confirmed,picked,shipped,PS-SH-50306.pdf,1.0,N
EV-001612,northfield_industrial_components,order_to_cash,customer_invoice,INV-60234,2025-10-26T09:46:00,system,payment_applied,open,paid,Bank feed,1.0,N
EV-000194,northfield_industrial_components,quote_to_order,quote,Q-26194,2025-10-26T10:10:00,E064,quote_sent,draft,sent,Q-26194.pdf,1.0,N
EV-002021,northfield_industrial_components,procure_to_pay,receipt,RCV-40023,2025-10-26T10:32:00,E103,goods_received,open,received,PS598280,0.85,Y
EV-001930,northfield_industrial_components,procure_to_pay,purchase_order,PO-31192,2025-10-26T11:53:00,E061,po_issued,draft,open,PO-31192.pdf,1.0,N
EV-001322,northfield_industrial_components,order_to_cash,customer_invoice,INV-60306,2025-10-26T13:21:00,E002,invoice_issued,,open,INV-60306.pdf,1.0,N
EV-001261,northfield_industrial_components,order_to_cash,customer_invoice,INV-60245,2025-10-26T15:55:00,E002,invoice_issued,,open,INV-60245.pdf,1.0,N
EV-002709,northfield_industrial_components,manufacturing,work_order,WO-70119,2025-10-26T17:01:00,E051,wo_released,planned,released,MRP,1.0,N
EV-002145,northfield_industrial_components,procure_to_pay,receipt,RCV-40147,2025-10-27T09:50:00,E082,goods_received,open,received,PS722915,1.0,N
EV-001486,northfield_industrial_components,order_to_cash,customer_invoice,INV-60092,2025-10-27T12:06:00,system,payment_applied,open,paid,Bank feed,1.0,N
EV-000039,northfield_industrial_components,quote_to_order,quote,Q-26039,2025-10-27T12:38:00,E072,quote_sent,draft,sent,Q-26039.pdf,1.0,N
EV-002122,northfield_industrial_components,procure_to_pay,receipt,RCV-40124,2025-10-27T14:51:00,E081,goods_received,open,received,PS427370,0.85,Y
EV-000768,northfield_industrial_components,fulfillment,shipment,SH-50143,2025-10-27T15:02:00,E100,shipment_confirmed,picked,shipped,PS-SH-50143.pdf,1.0,N
EV-001159,northfield_industrial_components,order_to_cash,customer_invoice,INV-60143,2025-10-27T16:51:00,E002,invoice_issued,,open,INV-60143.pdf,1.0,N
EV-001408,northfield_industrial_components,order_to_cash,customer_invoice,INV-60001,2025-10-28T07:24:00,system,payment_applied,open,paid,Lockbox,1.0,N
EV-000992,northfield_industrial_components,fulfillment,shipment,SH-50367,2025-10-28T08:16:00,E106,shipment_confirmed,picked,shipped,PS-SH-50367.pdf,1.0,N
EV-000330,northfield_industrial_components,quote_to_order,sales_order,SO-26133,2025-10-28T08:44:00,E067,order_entered,,open,customer_po_PO437644,1.0,N
EV-001196,northfield_industrial_components,order_to_cash,customer_invoice,INV-60180,2025-10-28T09:42:00,E002,invoice_issued,,open,INV-60180.pdf,1.0,N
EV-002571,northfield_industrial_components,manufacturing,work_order,WO-70044,2025-10-28T09:52:00,E055,wo_closed,in_process,closed,COC-WO-70044.pdf,1.0,N
EV-001219,northfield_industrial_components,order_to_cash,customer_invoice,INV-60203,2025-10-28T10:27:00,E002,invoice_issued,,open,INV-60203.pdf,1.0,N
EV-000828,northfield_industrial_components,fulfillment,shipment,SH-50203,2025-10-28T10:46:00,E082,shipment_confirmed,picked,shipped,PS-SH-50203.pdf,1.0,N
EV-001653,northfield_industrial_components,order_to_cash,customer_invoice,INV-60282,2025-10-28T11:02:00,system,payment_applied,open,paid,Email remittance,0.95,N
EV-001166,northfield_industrial_components,order_to_cash,customer_invoice,INV-60150,2025-10-28T11:11:00,E002,invoice_issued,,open,INV-60150.pdf,1.0,N
EV-002057,northfield_industrial_components,procure_to_pay,receipt,RCV-40059,2025-10-28T11:28:00,E103,goods_received,open,received,PS369166,1.0,N
EV-000805,northfield_industrial_components,fulfillment,shipment,SH-50180,2025-10-28T11:34:00,E081,shipment_confirmed,picked,shipped,PS-SH-50180.pdf,1.0,N
EV-000775,northfield_industrial_components,fulfillment,shipment,SH-50150,2025-10-28T13:06:00,E105,shipment_confirmed,picked,shipped,PS-SH-50150.pdf,1.0,N
EV-001383,northfield_industrial_components,order_to_cash,customer_invoice,INV-60367,2025-10-28T14:25:00,E002,invoice_issued,,open,INV-60367.pdf,1.0,N
EV-001581,northfield_industrial_components,order_to_cash,customer_invoice,INV-60201,2025-10-28T15:08:00,system,payment_applied,open,paid,Portal,1.0,N
EV-002152,northfield_industrial_components,procure_to_pay,receipt,RCV-40154,2025-10-28T15:37:00,E101,goods_received,open,received,PS525775,1.0,N
EV-000329,northfield_industrial_components,quote_to_order,sales_order,SO-26132,2025-10-28T16:51:00,E065,order_entered,,open,customer_po_PUR-120429,0.9,N
EV-000476,northfield_industrial_components,quote_to_order,sales_order,SO-26278,2025-10-28T16:57:00,E065,order_entered,,open,customer_po_PO415284,0.9,N
EV-002924,northfield_industrial_components,returns,rma,RMA-0009,2025-10-28T17:03:00,E075,rma_approved,requested,approved,INV-60368,1.0,N
EV-002369,northfield_industrial_components,procure_to_pay,supplier_invoice,INV4307492,2025-10-28T17:25:00,E002,invoice_matched,received,paid,INV4307492,1.0,N
EV-002033,northfield_industrial_components,procure_to_pay,receipt,RCV-40035,2025-10-28T17:52:00,E101,goods_received,open,received,PS503255,1.0,N
EV-001003,northfield_industrial_components,fulfillment,shipment,SH-50378,2025-10-29T09:33:00,E077,shipment_confirmed,picked,shipped,PS-SH-50378.pdf,1.0,N
EV-000097,northfield_industrial_components,quote_to_order,quote,Q-26097,2025-10-29T10:17:00,E069,quote_sent,draft,sent,Q-26097.pdf,1.0,N
EV-001394,northfield_industrial_components,order_to_cash,customer_invoice,INV-60378,2025-10-29T11:43:00,E002,invoice_issued,,open,INV-60378.pdf,1.0,N
EV-002373,northfield_industrial_components,procure_to_pay,supplier_invoice,94962123,2025-10-29T16:08:00,E002,invoice_matched,received,paid,94962123,1.0,N
EV-000116,northfield_industrial_components,quote_to_order,quote,Q-26116,2025-10-30T08:40:00,E072,quote_sent,draft,sent,Q-26116.pdf,1.0,N
EV-000979,northfield_industrial_components,fulfillment,shipment,SH-50354,2025-10-30T11:07:00,E081,shipment_confirmed,picked,shipped,PS-SH-50354.pdf,1.0,N
EV-001370,northfield_industrial_components,order_to_cash,customer_invoice,INV-60354,2025-10-30T11:16:00,E002,invoice_issued,,open,INV-60354.pdf,1.0,N
EV-001738,northfield_industrial_components,order_to_cash,customer_invoice,INV-60391,2025-10-30T12:29:00,system,payment_applied,open,paid,Email remittance,0.95,N
EV-000569,northfield_industrial_components,quote_to_order,sales_order,SO-26365,2025-10-30T13:41:00,E066,order_entered,,open,customer_po_4500862774,1.0,N
EV-000219,northfield_industrial_components,quote_to_order,sales_order,SO-26022,2025-10-30T14:47:00,E065,order_entered,,open,customer_po_PO398069,0.9,N
EV-001639,northfield_industrial_components,order_to_cash,customer_invoice,INV-60265,2025-10-30T16:54:00,system,payment_applied,open,paid,Lockbox,1.0,N
EV-000411,northfield_industrial_components,quote_to_order,sales_order,SO-26214,2025-10-30T17:39:00,E068,order_entered,,open,customer_po_4500744482,0.9,N
EV-000478,northfield_industrial_components,quote_to_order,sales_order,SO-26280,2025-10-31T07:20:00,E067,order_entered,,open,customer_po_P749839,0.9,N
EV-001391,northfield_industrial_components,order_to_cash,customer_invoice,INV-60375,2025-10-31T07:37:00,E002,invoice_issued,,open,INV-60375.pdf,1.0,N
EV-002127,northfield_industrial_components,procure_to_pay,receipt,RCV-40129,2025-10-31T10:29:00,E103,goods_received,open,received,PS622899,1.0,N
EV-001762,northfield_industrial_components,procure_to_pay,purchase_order,PO-31024,2025-10-31T11:33:00,E060,po_issued,draft,open,PO-31024.pdf,1.0,N
EV-000714,northfield_industrial_components,fulfillment,shipment,SH-50089,2025-10-31T11:37:00,E076,shipment_confirmed,picked,shipped,PS-SH-50089.pdf,1.0,N
EV-001000,northfield_industrial_components,fulfillment,shipment,SH-50375,2025-10-31T13:16:00,E076,shipment_confirmed,picked,shipped,PS-SH-50375.pdf,1.0,N
EV-000509,northfield_industrial_components,quote_to_order,sales_order,SO-26309,2025-10-31T13:30:00,E068,order_entered,,open,customer_po_PO991348,0.9,N
EV-000061,northfield_industrial_components,quote_to_order,quote,Q-26061,2025-10-31T14:50:00,E064,quote_sent,draft,sent,Q-26061.pdf,1.0,N
EV-000607,northfield_industrial_components,quote_to_order,sales_order,SO-26403,2025-10-31T15:41:00,E073,order_entered,,open,customer_po_PUR-613430,0.9,N
EV-001105,northfield_industrial_components,order_to_cash,customer_invoice,INV-60089,2025-10-31T16:38:00,E002,invoice_issued,,open,INV-60089.pdf,1.0,N
EV-000053,northfield_industrial_components,quote_to_order,quote,Q-26053,2025-11-01T07:13:00,E066,quote_sent,draft,sent,Q-26053.pdf,1.0,N
EV-000841,northfield_industrial_components,fulfillment,shipment,SH-50216,2025-11-01T09:38:00,E101,shipment_confirmed,picked,shipped,PS-SH-50216.pdf,1.0,N
EV-000964,northfield_industrial_components,fulfillment,shipment,SH-50339,2025-11-01T10:00:00,E103,shipment_confirmed,picked,shipped,PS-SH-50339.pdf,1.0,N
EV-002217,northfield_industrial_components,procure_to_pay,receipt,RCV-40219,2025-11-01T11:07:00,E081,goods_received,open,received,PS923492,0.85,Y
EV-001314,northfield_industrial_components,order_to_cash,customer_invoice,INV-60298,2025-11-01T11:39:00,E002,invoice_issued,,open,INV-60298.pdf,1.0,N
EV-001232,northfield_industrial_components,order_to_cash,customer_invoice,INV-60216,2025-11-01T11:44:00,E002,invoice_issued,,open,INV-60216.pdf,1.0,N
EV-001532,northfield_industrial_components,order_to_cash,customer_invoice,INV-60143,2025-11-01T12:50:00,system,payment_applied,open,paid,Lockbox,1.0,N
EV-002677,northfield_industrial_components,manufacturing,work_order,WO-70102,2025-11-01T16:06:00,E095,wo_released,planned,released,MRP,1.0,N
EV-000923,northfield_industrial_components,fulfillment,shipment,SH-50298,2025-11-01T16:18:00,E100,shipment_confirmed,picked,shipped,PS-SH-50298.pdf,1.0,N
EV-002280,northfield_industrial_components,procure_to_pay,supplier_invoice,3547981,2025-11-01T16:56:00,E002,invoice_matched,received,paid,3547981,1.0,N
EV-001355,northfield_industrial_components,order_to_cash,customer_invoice,INV-60339,2025-11-01T17:21:00,E002,invoice_issued,,open,INV-60339.pdf,1.0,N
EV-000482,northfield_industrial_components,quote_to_order,sales_order,SO-26284,2025-11-02T11:29:00,E073,order_entered,,open,customer_po_P130825,0.9,N
EV-001230,northfield_industrial_components,order_to_cash,customer_invoice,INV-60214,2025-11-02T11:45:00,E002,invoice_issued,,open,INV-60214.pdf,1.0,N
EV-001436,northfield_industrial_components,order_to_cash,customer_invoice,INV-60031,2025-11-02T12:26:00,system,payment_applied,open,paid,Bank feed,1.0,N
EV-000839,northfield_industrial_components,fulfillment,shipment,SH-50214,2025-11-02T16:44:00,E077,shipment_confirmed,picked,shipped,PS-SH-50214.pdf,1.0,N
EV-002432,northfield_industrial_components,procure_to_pay,supplier_invoice,4617623,2025-11-02T17:55:00,E002,invoice_matched,received,paid,4617623,1.0,N
EV-000269,northfield_industrial_components,quote_to_order,sales_order,SO-26072,2025-11-03T08:32:00,E064,order_entered,,open,customer_po_PO847264,1.0,N
EV-000120,northfield_industrial_components,quote_to_order,quote,Q-26120,2025-11-03T08:48:00,E070,quote_sent,draft,sent,Q-26120.pdf,1.0,N
EV-002423,northfield_industrial_components,procure_to_pay,supplier_invoice,7110649,2025-11-03T10:32:00,E002,invoice_matched,received,paid,7110649,1.0,N
EV-002392,northfield_industrial_components,procure_to_pay,supplier_invoice,97118396,2025-11-03T10:52:00,E002,invoice_matched,received,paid,97118396,1.0,N
EV-002268,northfield_industrial_components,procure_to_pay,supplier_invoice,6301400,2025-11-03T11:40:00,E002,invoice_matched,received,paid,6301400,1.0,N
EV-000732,northfield_industrial_components,fulfillment,shipment,SH-50107,2025-11-03T13:31:00,E076,shipment_confirmed,picked,shipped,PS-SH-50107.pdf,1.0,N
EV-000034,northfield_industrial_components,quote_to_order,quote,Q-26034,2025-11-03T15:48:00,E070,quote_sent,draft,sent,Q-26034.pdf,1.0,N
EV-001123,northfield_industrial_components,order_to_cash,customer_invoice,INV-60107,2025-11-03T15:49:00,E002,invoice_issued,,open,INV-60107.pdf,1.0,N
EV-000746,northfield_industrial_components,fulfillment,shipment,SH-50121,2025-11-04T07:30:00,E077,shipment_confirmed,picked,shipped,PS-SH-50121.pdf,1.0,N
EV-000972,northfield_industrial_components,fulfillment,shipment,SH-50347,2025-11-04T08:00:00,E104,shipment_confirmed,picked,shipped,PS-SH-50347.pdf,1.0,N
EV-001363,northfield_industrial_components,order_to_cash,customer_invoice,INV-60347,2025-11-04T11:04:00,E002,invoice_issued,,open,INV-60347.pdf,1.0,N
EV-001137,northfield_industrial_components,order_to_cash,customer_invoice,INV-60121,2025-11-04T11:57:00,E002,invoice_issued,,open,INV-60121.pdf,1.0,N
EV-000547,northfield_industrial_components,quote_to_order,sales_order,SO-26344,2025-11-04T13:12:00,E065,order_entered,,open,customer_po_PUR-560504,0.9,N
EV-001525,northfield_industrial_components,order_to_cash,customer_invoice,INV-60135,2025-11-04T14:07:00,system,payment_applied,open,paid,Bank feed,1.0,N
EV-002719,northfield_industrial_components,manufacturing,work_order,WO-70124,2025-11-04T14:38:00,E055,wo_closed,in_process,closed,COC-WO-70124.pdf,1.0,N
EV-001887,northfield_industrial_components,procure_to_pay,purchase_order,PO-31149,2025-11-04T16:08:00,E060,po_issued,draft,open,PO-31149.pdf,1.0,N
EV-002567,northfield_industrial_components,manufacturing,work_order,WO-70042,2025-11-05T07:14:00,E045,wo_released,planned,released,MRP,1.0,N
EV-002593,northfield_industrial_components,manufacturing,work_order,WO-70056,2025-11-05T10:33:00,E055,wo_closed,in_process,closed,COC-WO-70056.pdf,1.0,N
EV-002399,northfield_industrial_components,procure_to_pay,supplier_invoice,INV1646354,2025-11-05T11:56:00,E002,invoice_matched,received,paid,INV1646354,1.0,N
EV-000454,northfield_industrial_components,quote_to_order,sales_order,SO-26256,2025-11-05T12:10:00,E073,order_entered,,open,customer_po_PO789438,1.0,N
EV-002927,northfield_industrial_components,returns,rma,RMA-0012,2025-11-05T12:31:00,E073,rma_approved,requested,approved,INV-60063,1.0,N
EV-000268,northfield_industrial_components,quote_to_order,sales_order,SO-26071,2025-11-05T15:06:00,E075,order_entered,,open,customer_po_PUR-406863,0.9,N
EV-001645,northfield_industrial_components,order_to_cash,customer_invoice,INV-60271,2025-11-05T16:30:00,system,payment_applied,open,paid,Portal,1.0,N
EV-002674,northfield_industrial_components,manufacturing,work_order,WO-70100,2025-11-05T17:04:00,E055,wo_closed,in_process,closed,COC-WO-70100.pdf,1.0,N
EV-001273,northfield_industrial_components,order_to_cash,customer_invoice,INV-60257,2025-11-06T07:03:00,E002,invoice_issued,,open,INV-60257.pdf,1.0,N
EV-000882,northfield_industrial_components,fulfillment,shipment,SH-50257,2025-11-06T09:53:00,E081,shipment_confirmed,picked,shipped,PS-SH-50257.pdf,1.0,N
EV-002108,northfield_industrial_components,procure_to_pay,receipt,RCV-40110,2025-11-06T09:55:00,E078,goods_received,open,received,PS827537,0.85,Y
EV-001841,northfield_industrial_components,procure_to_pay,purchase_order,PO-31103,2025-11-06T16:56:00,E063,po_issued,draft,open,PO-31103.pdf,1.0,N
EV-002304,northfield_industrial_components,procure_to_pay,supplier_invoice,SI449685,2025-11-07T07:15:00,E002,invoice_matched,received,paid,SI449685,1.0,N
EV-001279,northfield_industrial_components,order_to_cash,customer_invoice,INV-60263,2025-11-07T08:08:00,E002,invoice_issued,,open,INV-60263.pdf,1.0,N
EV-002644,northfield_industrial_components,manufacturing,work_order,WO-70084,2025-11-07T10:18:00,E018,wo_released,planned,released,MRP,1.0,N
EV-002374,northfield_industrial_components,procure_to_pay,supplier_invoice,INV8915439,2025-11-07T10:21:00,E002,invoice_matched,received,paid,INV8915439,1.0,N
EV-001658,northfield_industrial_components,order_to_cash,customer_invoice,INV-60287,2025-11-07T10:39:00,system,payment_applied,open,paid,Email remittance,0.95,N
EV-001681,northfield_industrial_components,order_to_cash,customer_invoice,INV-60316,2025-11-07T10:41:00,system,payment_applied,open,paid,Bank feed,1.0,N
EV-000134,northfield_industrial_components,quote_to_order,quote,Q-26134,2025-11-07T11:33:00,E068,quote_sent,draft,sent,Q-26134.pdf,1.0,N
EV-002782,northfield_industrial_components,manufacturing,work_order,WO-70158,2025-11-07T13:46:00,E055,wo_closed,in_process,closed,COC-WO-70158.pdf,1.0,N
EV-000888,northfield_industrial_components,fulfillment,shipment,SH-50263,2025-11-07T16:41:00,E077,shipment_confirmed,picked,shipped,PS-SH-50263.pdf,1.0,N
EV-001454,northfield_industrial_components,order_to_cash,customer_invoice,INV-60054,2025-11-07T16:59:00,system,payment_applied,open,paid,Bank feed,1.0,N
EV-000028,northfield_industrial_components,quote_to_order,quote,Q-26028,2025-11-08T07:35:00,E070,quote_sent,draft,sent,Q-26028.pdf,1.0,N
EV-001343,northfield_industrial_components,order_to_cash,customer_invoice,INV-60327,2025-11-08T11:29:00,E002,invoice_issued,,open,INV-60327.pdf,1.0,N
EV-000435,northfield_industrial_components,quote_to_order,sales_order,SO-26238,2025-11-08T13:41:00,E065,order_entered,,open,customer_po_4500944894,0.9,N
EV-002847,northfield_industrial_components,manufacturing,work_order,WO-70192,2025-11-08T13:58:00,E055,wo_closed,in_process,closed,COC-WO-70192.pdf,1.0,N
EV-002464,northfield_industrial_components,procure_to_pay,supplier_invoice,8268442,2025-11-08T14:07:00,E002,invoice_matched,received,paid,8268442,1.0,N
EV-000821,northfield_industrial_components,fulfillment,shipment,SH-50196,2025-11-08T14:22:00,E082,shipment_confirmed,picked,shipped,PS-SH-50196.pdf,1.0,N
EV-001212,northfield_industrial_components,order_to_cash,customer_invoice,INV-60196,2025-11-08T14:31:00,E002,invoice_issued,,open,INV-60196.pdf,1.0,N
EV-000952,northfield_industrial_components,fulfillment,shipment,SH-50327,2025-11-08T14:45:00,E106,shipment_confirmed,picked,shipped,PS-SH-50327.pdf,1.0,N
EV-002192,northfield_industrial_components,procure_to_pay,receipt,RCV-40194,2025-11-08T14:48:00,E079,goods_received,open,received,PS974499,1.0,N
EV-000128,northfield_industrial_components,quote_to_order,quote,Q-26128,2025-11-08T15:53:00,E070,quote_sent,draft,sent,Q-26128.pdf,1.0,N
EV-000047,northfield_industrial_components,quote_to_order,quote,Q-26047,2025-11-08T16:47:00,E072,quote_sent,draft,sent,Q-26047.pdf,1.0,N
EV-000618,northfield_industrial_components,quote_to_order,sales_order,SO-26413,2025-11-08T17:04:00,E064,order_entered,,open,customer_po_4500787735,1.0,N
EV-002896,northfield_industrial_components,manufacturing,work_order,WO-70219,2025-11-08T17:09:00,E011,wo_released,planned,released,MRP,1.0,N
EV-000595,northfield_industrial_components,quote_to_order,sales_order,SO-26391,2025-11-08T17:55:00,E074,order_entered,,open,customer_po_PO801429,1.0,N
EV-001007,northfield_industrial_components,fulfillment,shipment,SH-50382,2025-11-09T07:19:00,E078,shipment_confirmed,picked,shipped,PS-SH-50382.pdf,1.0,N
EV-001972,northfield_industrial_components,procure_to_pay,purchase_order,PO-31234,2025-11-09T10:21:00,E062,po_issued,draft,open,PO-31234.pdf,1.0,N
EV-002672,northfield_industrial_components,manufacturing,work_order,WO-70099,2025-11-09T10:33:00,E055,wo_closed,in_process,closed,COC-WO-70099.pdf,1.0,N
EV-001398,northfield_industrial_components,order_to_cash,customer_invoice,INV-60382,2025-11-09T11:54:00,E002,invoice_issued,,open,INV-60382.pdf,1.0,N
EV-001567,northfield_industrial_components,order_to_cash,customer_invoice,INV-60186,2025-11-09T12:39:00,system,payment_applied,open,paid,Lockbox,1.0,N
EV-002013,northfield_industrial_components,procure_to_pay,receipt,RCV-40015,2025-11-09T13:22:00,E079,goods_received,open,received,PS162733,0.85,Y
EV-001057,northfield_industrial_components,order_to_cash,customer_invoice,INV-60041,2025-11-09T13:36:00,E002,invoice_issued,,open,INV-60041.pdf,1.0,N
EV-002701,northfield_industrial_components,manufacturing,work_order,WO-70115,2025-11-09T14:58:00,E090,wo_released,planned,released,MRP,1.0,N
EV-000357,northfield_industrial_components,quote_to_order,sales_order,SO-26160,2025-11-09T16:16:00,E074,order_entered,,open,customer_po_PUR-844644,1.0,N
EV-000666,northfield_industrial_components,fulfillment,shipment,SH-50041,2025-11-09T16:31:00,E083,shipment_confirmed,picked,shipped,PS-SH-50041.pdf,1.0,N
EV-002525,northfield_industrial_components,manufacturing,work_order,WO-70018,2025-11-09T17:33:00,E083,wo_released,planned,released,MRP,1.0,N
EV-000189,northfield_industrial_components,quote_to_order,quote,Q-26189,2025-11-10T07:52:00,E070,quote_sent,draft,sent,Q-26189.pdf,1.0,N
EV-002548,northfield_industrial_components,manufacturing,work_order,WO-70030,2025-11-10T09:51:00,E055,wo_closed,in_process,closed,COC-WO-70030.pdf,1.0,N
EV-000271,northfield_industrial_components,quote_to_order,sales_order,SO-26074,2025-11-10T12:19:00,E067,order_entered,,open,customer_po_PUR-478299,0.9,N
EV-002355,northfield_industrial_components,procure_to_pay,supplier_invoice,INV3552367,2025-11-10T12:39:00,E002,invoice_matched,received,paid,INV3552367,1.0,N
EV-001396,northfield_industrial_components,order_to_cash,customer_invoice,INV-60380,2025-11-10T13:28:00,E002,invoice_issued,,open,INV-60380.pdf,1.0,N
EV-000426,northfield_industrial_components,quote_to_order,sales_order,SO-26229,2025-11-10T14:00:00,E066,order_entered,,open,customer_po_PUR-984961,1.0,N
EV-000321,northfield_industrial_components,quote_to_order,sales_order,SO-26124,2025-11-10T15:35:00,E065,order_entered,,open,customer_po_PUR-226906,0.9,N
EV-001005,northfield_industrial_components,fulfillment,shipment,SH-50380,2025-11-10T15:45:00,E079,shipment_confirmed,picked,shipped,PS-SH-50380.pdf,1.0,N
EV-000103,northfield_industrial_components,quote_to_order,quote,Q-26103,2025-11-10T17:47:00,E067,quote_sent,draft,sent,Q-26103.pdf,1.0,N
EV-000479,northfield_industrial_components,quote_to_order,sales_order,SO-26281,2025-11-11T09:39:00,E068,order_entered,,open,customer_po_PUR-979147,0.9,N
EV-000082,northfield_industrial_components,quote_to_order,quote,Q-26082,2025-11-11T10:19:00,E070,quote_sent,draft,sent,Q-26082.pdf,1.0,N
EV-000440,northfield_industrial_components,quote_to_order,sales_order,SO-26243,2025-11-11T14:15:00,E066,order_entered,,open,customer_po_4500478302,0.9,N
EV-000228,northfield_industrial_components,quote_to_order,sales_order,SO-26031,2025-11-12T07:53:00,E073,order_entered,,open,customer_po_4500234897,1.0,N
EV-001182,northfield_industrial_components,order_to_cash,customer_invoice,INV-60166,2025-11-12T08:05:00,E002,invoice_issued,,open,INV-60166.pdf,1.0,N
EV-002788,northfield_industrial_components,manufacturing,work_order,WO-70161,2025-11-12T08:08:00,E055,wo_closed,in_process,closed,COC-WO-70161.pdf,1.0,N
EV-002138,northfield_industrial_components,procure_to_pay,receipt,RCV-40140,2025-11-12T11:56:00,E083,goods_received,open,received,PS622152,1.0,N
EV-000593,northfield_industrial_components,quote_to_order,sales_order,SO-26389,2025-11-12T12:24:00,E065,order_entered,,open,customer_po_PUR-375312,0.9,N
EV-002728,northfield_industrial_components,manufacturing,work_order,WO-70129,2025-11-12T13:14:00,E055,wo_closed,in_process,closed,COC-WO-70129.pdf,1.0,N
EV-002157,northfield_industrial_components,procure_to_pay,receipt,RCV-40159,2025-11-12T15:21:00,E099,goods_received,open,received,PS720652,1.0,N
EV-000791,northfield_industrial_components,fulfillment,shipment,SH-50166,2025-11-12T15:30:00,E083,shipment_confirmed,picked,shipped,PS-SH-50166.pdf,1.0,N
EV-001839,northfield_industrial_components,procure_to_pay,purchase_order,PO-31101,2025-11-12T17:04:00,E063,po_issued,draft,open,PO-31101.pdf,1.0,N
EV-002181,northfield_industrial_components,procure_to_pay,receipt,RCV-40183,2025-11-12T17:52:00,E103,goods_received,open,received,PS208226,1.0,N
EV-001494,northfield_industrial_components,order_to_cash,customer_invoice,INV-60100,2025-11-12T17:55:00,system,payment_applied,open,paid,Email remittance,0.95,N
EV-002755,northfield_industrial_components,manufacturing,work_order,WO-70144,2025-11-13T08:20:00,E090,wo_released,planned,released,MRP,1.0,N
EV-001083,northfield_industrial_components,order_to_cash,customer_invoice,INV-60067,2025-11-13T09:30:00,E002,invoice_issued,,open,INV-60067.pdf,1.0,N
EV-000280,northfield_industrial_components,quote_to_order,sales_order,SO-26083,2025-11-13T16:21:00,E073,order_entered,,open,customer_po_4500394347,0.9,N
EV-002561,northfield_industrial_components,manufacturing,work_order,WO-70039,2025-11-13T16:46:00,E077,wo_released,planned,released,MRP,1.0,N
EV-000692,northfield_industrial_components,fulfillment,shipment,SH-50067,2025-11-13T17:22:00,E100,shipment_confirmed,picked,shipped,PS-SH-50067.pdf,1.0,N
EV-000807,northfield_industrial_components,fulfillment,shipment,SH-50182,2025-11-14T07:32:00,E100,shipment_confirmed,picked,shipped,PS-SH-50182.pdf,1.0,N
EV-002910,northfield_industrial_components,quality,ncr,NCR-0011,2025-11-14T07:43:00,E059,ncr_opened,,open,WO-70042,1.0,Y
EV-001975,northfield_industrial_components,procure_to_pay,purchase_order,PO-31237,2025-11-14T08:05:00,E061,po_issued,draft,open,PO-31237.pdf,1.0,N
EV-001198,northfield_industrial_components,order_to_cash,customer_invoice,INV-60182,2025-11-14T09:23:00,E002,invoice_issued,,open,INV-60182.pdf,1.0,N
EV-000848,northfield_industrial_components,fulfillment,shipment,SH-50223,2025-11-14T10:34:00,E100,shipment_confirmed,picked,shipped,PS-SH-50223.pdf,1.0,N
EV-002767,northfield_industrial_components,manufacturing,work_order,WO-70150,2025-11-14T11:12:00,E101,wo_released,planned,released,MRP,1.0,N
EV-001462,northfield_industrial_components,order_to_cash,customer_invoice,INV-60065,2025-11-14T11:33:00,system,payment_applied,open,paid,Bank feed,1.0,N
EV-002568,northfield_industrial_components,manufacturing,work_order,WO-70042,2025-11-14T12:02:00,E055,wo_closed,in_process,closed,COC-WO-70042.pdf,1.0,N
EV-001239,northfield_industrial_components,order_to_cash,customer_invoice,INV-60223,2025-11-14T13:54:00,E002,invoice_issued,,open,INV-60223.pdf,1.0,N
EV-001728,northfield_industrial_components,order_to_cash,customer_invoice,INV-60377,2025-11-14T15:58:00,system,payment_applied,open,paid,Bank feed,1.0,N
EV-001519,northfield_industrial_components,order_to_cash,customer_invoice,INV-60129,2025-11-15T08:17:00,system,payment_applied,open,paid,Lockbox,1.0,N
EV-000747,northfield_industrial_components,fulfillment,shipment,SH-50122,2025-11-15T10:38:00,E078,shipment_confirmed,picked,shipped,PS-SH-50122.pdf,1.0,N
EV-001847,northfield_industrial_components,procure_to_pay,purchase_order,PO-31109,2025-11-15T10:40:00,E061,po_issued,draft,open,PO-31109.pdf,1.0,N
EV-001231,northfield_industrial_components,order_to_cash,customer_invoice,INV-60215,2025-11-15T11:32:00,E002,invoice_issued,,open,INV-60215.pdf,1.0,N
EV-000840,northfield_industrial_components,fulfillment,shipment,SH-50215,2025-11-15T12:48:00,E099,shipment_confirmed,picked,shipped,PS-SH-50215.pdf,1.0,N
EV-002897,northfield_industrial_components,manufacturing,work_order,WO-70219,2025-11-15T13:56:00,E055,wo_closed,in_process,closed,COC-WO-70219.pdf,1.0,N
EV-001435,northfield_industrial_components,order_to_cash,customer_invoice,INV-60030,2025-11-15T14:22:00,system,payment_applied,open,paid,Bank feed,1.0,N
EV-001138,northfield_industrial_components,order_to_cash,customer_invoice,INV-60122,2025-11-15T14:27:00,E002,invoice_issued,,open,INV-60122.pdf,1.0,N
EV-001694,northfield_industrial_components,order_to_cash,customer_invoice,INV-60334,2025-11-15T15:38:00,system,payment_applied,open,paid,Lockbox,1.0,N
EV-001802,northfield_industrial_components,procure_to_pay,purchase_order,PO-31064,2025-11-16T10:48:00,E063,po_issued,draft,open,PO-31064.pdf,1.0,N
EV-002803,northfield_industrial_components,manufacturing,work_order,WO-70169,2025-11-16T12:04:00,E080,wo_released,planned,released,MRP,1.0,N
EV-000304,northfield_industrial_components,quote_to_order,sales_order,SO-26107,2025-11-16T13:51:00,E066,order_entered,,open,customer_po_PUR-680788,0.9,N
EV-001895,northfield_industrial_components,procure_to_pay,purchase_order,PO-31157,2025-11-16T14:49:00,E062,po_issued,draft,open,PO-31157.pdf,1.0,N
EV-002385,northfield_industrial_components,procure_to_pay,supplier_invoice,92342777,2025-11-16T15:53:00,E002,match_exception,received,paid,92342777,0.7,Y
EV-002582,northfield_industrial_components,manufacturing,work_order,WO-70051,2025-11-16T15:54:00,E073,wo_released,planned,released,MRP,1.0,N
EV-000005,northfield_industrial_components,quote_to_order,quote,Q-26005,2025-11-16T16:00:00,E068,quote_sent,draft,sent,Q-26005.pdf,1.0,N
EV-002439,northfield_industrial_components,procure_to_pay,supplier_invoice,8107540,2025-11-16T17:23:00,E002,invoice_matched,received,paid,8107540,1.0,N
EV-001591,northfield_industrial_components,order_to_cash,customer_invoice,INV-60213,2025-11-16T17:45:00,system,payment_applied,open,paid,Portal,1.0,N
EV-001082,northfield_industrial_components,order_to_cash,customer_invoice,INV-60066,2025-11-17T10:49:00,E002,invoice_issued,,open,INV-60066.pdf,1.0,N
EV-002702,northfield_industrial_components,manufacturing,work_order,WO-70115,2025-11-17T12:23:00,E055,wo_closed,in_process,closed,COC-WO-70115.pdf,1.0,N
EV-002923,northfield_industrial_components,returns,rma,RMA-0008,2025-11-17T12:23:00,E068,rma_approved,requested,approved,INV-60008,1.0,N
EV-000691,northfield_industrial_components,fulfillment,shipment,SH-50066,2025-11-17T12:37:00,E105,shipment_confirmed,picked,shipped,PS-SH-50066.pdf,1.0,N
EV-000525,northfield_industrial_components,quote_to_order,sales_order,SO-26324,2025-11-17T14:27:00,E064,order_entered,,open,customer_po_4500726129,1.0,N
EV-000257,northfield_industrial_components,quote_to_order,sales_order,SO-26060,2025-11-17T14:56:00,E066,order_entered,,open,customer_po_P173108,0.9,N
EV-001356,northfield_industrial_components,order_to_cash,customer_invoice,INV-60340,2025-11-18T08:09:00,E002,invoice_issued,,open,INV-60340.pdf,1.0,N
EV-001992,northfield_industrial_components,procure_to_pay,purchase_order,PO-31254,2025-11-18T10:43:00,E062,po_issued,draft,open,PO-31254.pdf,1.0,N
EV-002753,northfield_industrial_components,manufacturing,work_order,WO-70143,2025-11-18T11:35:00,E042,wo_released,planned,released,MRP,1.0,N
EV-000965,northfield_industrial_components,fulfillment,shipment,SH-50340,2025-11-18T14:15:00,E103,shipment_confirmed,picked,shipped,PS-SH-50340.pdf,1.0,N
EV-000432,northfield_industrial_components,quote_to_order,sales_order,SO-26235,2025-11-18T15:15:00,E067,order_entered,,open,customer_po_P261432,0.9,N
EV-002645,northfield_industrial_components,manufacturing,work_order,WO-70084,2025-11-18T15:59:00,E055,wo_closed,in_process,closed,COC-WO-70084.pdf,1.0,N
EV-000403,northfield_industrial_components,quote_to_order,sales_order,SO-26206,2025-11-18T16:30:00,E065,order_entered,,open,customer_po_4500524908,0.9,N
EV-002710,northfield_industrial_components,manufacturing,work_order,WO-70119,2025-11-18T17:03:00,E055,wo_closed,in_process,closed,COC-WO-70119.pdf,1.0,N
EV-001660,northfield_industrial_components,order_to_cash,customer_invoice,INV-60290,2025-11-18T17:23:00,system,payment_applied,open,paid,Lockbox,1.0,N
EV-001366,northfield_industrial_components,order_to_cash,customer_invoice,INV-60350,2025-11-19T07:10:00,E002,invoice_issued,,open,INV-60350.pdf,1.0,N
EV-000464,northfield_industrial_components,quote_to_order,sales_order,SO-26266,2025-11-19T07:23:00,E074,order_entered,,open,customer_po_P232825,1.0,N
EV-000395,northfield_industrial_components,quote_to_order,sales_order,SO-26198,2025-11-19T08:29:00,E073,order_entered,,open,customer_po_PUR-698834,0.9,N
EV-001460,northfield_industrial_components,order_to_cash,customer_invoice,INV-60063,2025-11-19T10:51:00,system,payment_applied,open,paid,Lockbox,1.0,N
EV-001913,northfield_industrial_components,procure_to_pay,purchase_order,PO-31175,2025-11-19T13:07:00,E061,po_issued,draft,open,PO-31175.pdf,1.0,N
EV-000975,northfield_industrial_components,fulfillment,shipment,SH-50350,2025-11-19T13:32:00,E102,shipment_confirmed,picked,shipped,PS-SH-50350.pdf,1.0,N
EV-002428,northfield_industrial_components,procure_to_pay,supplier_invoice,INV8024555,2025-11-19T14:20:00,E002,invoice_matched,received,paid,INV8024555,1.0,N
EV-000394,northfield_industrial_components,quote_to_order,sales_order,SO-26197,2025-11-19T16:59:00,E073,order_entered,,open,customer_po_4500654301,1.0,N
EV-001888,northfield_industrial_components,procure_to_pay,purchase_order,PO-31150,2025-11-19T17:00:00,E061,po_issued,draft,open,PO-31150.pdf,1.0,N
EV-001795,northfield_industrial_components,procure_to_pay,purchase_order,PO-31057,2025-11-19T17:12:00,E062,po_issued,draft,open,PO-31057.pdf,1.0,N
EV-001850,northfield_industrial_components,procure_to_pay,purchase_order,PO-31112,2025-11-19T17:44:00,E060,po_issued,draft,open,PO-31112.pdf,1.0,N
EV-000130,northfield_industrial_components,quote_to_order,quote,Q-26130,2025-11-20T07:07:00,E064,quote_sent,draft,sent,Q-26130.pdf,1.0,N
EV-001592,northfield_industrial_components,order_to_cash,customer_invoice,INV-60214,2025-11-20T08:29:00,system,payment_applied,open,paid,Portal,1.0,N
EV-001216,northfield_industrial_components,order_to_cash,customer_invoice,INV-60200,2025-11-20T09:34:00,E002,invoice_issued,,open,INV-60200.pdf,1.0,N
EV-000825,northfield_industrial_components,fulfillment,shipment,SH-50200,2025-11-20T10:07:00,E103,shipment_confirmed,picked,shipped,PS-SH-50200.pdf,1.0,N
EV-002135,northfield_industrial_components,procure_to_pay,receipt,RCV-40137,2025-11-20T10:29:00,E077,goods_received,open,received,PS169727,0.85,Y
EV-002925,northfield_industrial_components,returns,rma,RMA-0010,2025-11-20T12:43:00,E073,rma_approved,requested,approved,INV-60020,1.0,N
EV-000736,northfield_industrial_components,fulfillment,shipment,SH-50111,2025-11-20T14:48:00,E100,shipment_confirmed,picked,shipped,PS-SH-50111.pdf,1.0,N
EV-000419,northfield_industrial_components,quote_to_order,sales_order,SO-26222,2025-11-20T16:52:00,E066,order_entered,,open,customer_po_4500689482,0.9,N
EV-001127,northfield_industrial_components,order_to_cash,customer_invoice,INV-60111,2025-11-20T17:22:00,E002,invoice_issued,,open,INV-60111.pdf,1.0,N
EV-000915,northfield_industrial_components,fulfillment,shipment,SH-50290,2025-11-21T07:44:00,E079,shipment_confirmed,picked,shipped,PS-SH-50290.pdf,1.0,N
EV-001504,northfield_industrial_components,order_to_cash,customer_invoice,INV-60112,2025-11-21T09:16:00,system,payment_applied,open,paid,Lockbox,1.0,N
EV-002208,northfield_industrial_components,procure_to_pay,receipt,RCV-40210,2025-11-21T12:52:00,E076,goods_received,open,received,PS238003,0.85,Y
EV-001306,northfield_industrial_components,order_to_cash,customer_invoice,INV-60290,2025-11-21T14:41:00,E002,invoice_issued,,open,INV-60290.pdf,1.0,N
EV-002404,northfield_industrial_components,procure_to_pay,supplier_invoice,6667389,2025-11-21T15:49:00,E002,invoice_matched,received,paid,6667389,1.0,N
EV-002260,northfield_industrial_components,procure_to_pay,supplier_invoice,1891463,2025-11-21T17:09:00,E002,invoice_matched,received,paid,1891463,1.0,N
EV-001415,northfield_industrial_components,order_to_cash,customer_invoice,INV-60008,2025-11-22T09:50:00,system,payment_applied,open,paid,Bank feed,1.0,N
EV-000105,northfield_industrial_components,quote_to_order,quote,Q-26105,2025-11-22T10:16:00,E070,quote_sent,draft,sent,Q-26105.pdf,1.0,N
EV-002532,northfield_industrial_components,manufacturing,work_order,WO-70022,2025-11-22T10:45:00,E045,wo_released,planned,released,MRP,1.0,N
EV-001957,northfield_industrial_components,procure_to_pay,purchase_order,PO-31219,2025-11-22T13:14:00,E062,po_issued,draft,open,PO-31219.pdf,1.0,N
EV-001551,northfield_industrial_components,order_to_cash,customer_invoice,INV-60168,2025-11-22T14:14:00,system,payment_applied,open,paid,Portal,1.0,N
EV-000460,northfield_industrial_components,quote_to_order,sales_order,SO-26262,2025-11-22T14:49:00,E075,order_entered,,open,customer_po_P442294,0.9,N
EV-001502,northfield_industrial_components,order_to_cash,customer_invoice,INV-60110,2025-11-22T15:46:00,system,payment_applied,open,paid,Bank feed,1.0,N
EV-000465,northfield_industrial_components,quote_to_order,sales_order,SO-26267,2025-11-22T16:12:00,E068,order_entered,,open,customer_po_P347610,0.9,N
EV-000433,northfield_industrial_components,quote_to_order,sales_order,SO-26236,2025-11-23T07:26:00,E066,order_entered,,open,customer_po_P659143,0.9,N
EV-001629,northfield_industrial_components,order_to_cash,customer_invoice,INV-60253,2025-11-23T08:20:00,system,payment_applied,open,paid,Bank feed,1.0,N
EV-000079,northfield_industrial_components,quote_to_order,quote,Q-26079,2025-11-23T08:23:00,E069,quote_sent,draft,sent,Q-26079.pdf,1.0,N
EV-001321,northfield_industrial_components,order_to_cash,customer_invoice,INV-60305,2025-11-23T09:56:00,E002,invoice_issued,,open,INV-60305.pdf,1.0,N
EV-000866,northfield_industrial_components,fulfillment,shipment,SH-50241,2025-11-23T10:27:00,E076,shipment_confirmed,picked,shipped,PS-SH-50241.pdf,1.0,N
EV-000930,northfield_industrial_components,fulfillment,shipment,SH-50305,2025-11-23T11:31:00,E080,shipment_confirmed,picked,shipped,PS-SH-50305.pdf,1.0,N
EV-000470,northfield_industrial_components,quote_to_order,sales_order,SO-26272,2025-11-23T16:38:00,E074,order_entered,,open,customer_po_P318790,0.9,N
EV-001257,northfield_industrial_components,order_to_cash,customer_invoice,INV-60241,2025-11-23T16:55:00,E002,invoice_issued,,open,INV-60241.pdf,1.0,N
EV-002678,northfield_industrial_components,manufacturing,work_order,WO-70102,2025-11-23T17:23:00,E055,wo_closed,in_process,closed,COC-WO-70102.pdf,1.0,N
EV-001544,northfield_industrial_components,order_to_cash,customer_invoice,INV-60158,2025-11-24T07:03:00,system,payment_applied,open,paid,Lockbox,1.0,N
EV-002096,northfield_industrial_components,procure_to_pay,receipt,RCV-40098,2025-11-24T07:15:00,E104,goods_received,open,received,PS490639,0.85,Y
EV-000646,northfield_industrial_components,fulfillment,shipment,SH-50021,2025-11-24T07:44:00,E080,shipment_confirmed,picked,shipped,PS-SH-50021.pdf,1.0,N
EV-001037,northfield_industrial_components,order_to_cash,customer_invoice,INV-60021,2025-11-24T12:17:00,E002,invoice_issued,,open,INV-60021.pdf,1.0,N
EV-001603,northfield_industrial_components,order_to_cash,customer_invoice,INV-60225,2025-11-24T12:21:00,system,payment_applied,open,paid,Email remittance,0.95,N
EV-000020,northfield_industrial_components,quote_to_order,quote,Q-26020,2025-11-24T13:13:00,E069,quote_sent,draft,sent,Q-26020.pdf,1.0,N
EV-000546,northfield_industrial_components,quote_to_order,sales_order,SO-26343,2025-11-24T14:25:00,E067,order_entered,,open,customer_po_4500534394,0.9,N
EV-001954,northfield_industrial_components,procure_to_pay,purchase_order,PO-31216,2025-11-24T16:06:00,E063,po_issued,draft,open,PO-31216.pdf,1.0,N
EV-001721,northfield_industrial_components,order_to_cash,customer_invoice,INV-60368,2025-11-24T17:03:00,system,payment_applied,open,paid,Bank feed,1.0,N
EV-002455,northfield_industrial_components,procure_to_pay,supplier_invoice,INV1365800,2025-11-24T17:04:00,E002,invoice_matched,received,paid,INV1365800,1.0,N
EV-000253,northfield_industrial_components,quote_to_order,sales_order,SO-26056,2025-11-25T08:41:00,E066,order_entered,,open,customer_po_P875914,1.0,N
EV-001726,northfield_industrial_components,order_to_cash,customer_invoice,INV-60375,2025-11-25T09:55:00,system,payment_applied,open,paid,Email remittance,0.95,N
EV-002022,northfield_industrial_components,procure_to_pay,receipt,RCV-40024,2025-11-25T14:58:00,E080,goods_received,open,received,PS686070,1.0,N
EV-002664,northfield_industrial_components,manufacturing,work_order,WO-70095,2025-11-26T09:04:00,E019,wo_released,planned,released,MRP,1.0,N
EV-002756,northfield_industrial_components,manufacturing,work_order,WO-70144,2025-11-26T10:14:00,E055,wo_closed,in_process,closed,COC-WO-70144.pdf,1.0,N
EV-001390,northfield_industrial_components,order_to_cash,customer_invoice,INV-60374,2025-11-26T11:07:00,E002,invoice_issued,,open,INV-60374.pdf,1.0,N
EV-002751,northfield_industrial_components,manufacturing,work_order,WO-70142,2025-11-26T13:58:00,E093,wo_released,planned,released,MRP,1.0,N
EV-001283,northfield_industrial_components,order_to_cash,customer_invoice,INV-60267,2025-11-26T14:43:00,E002,invoice_issued,,open,INV-60267.pdf,1.0,N
EV-002343,northfield_industrial_components,procure_to_pay,supplier_invoice,91147507,2025-11-26T17:17:00,E002,invoice_matched,received,paid,91147507,1.0,N
EV-000999,northfield_industrial_components,fulfillment,shipment,SH-50374,2025-11-26T17:33:00,E102,shipment_confirmed,picked,shipped,PS-SH-50374.pdf,1.0,N
EV-000892,northfield_industrial_components,fulfillment,shipment,SH-50267,2025-11-26T17:43:00,E103,shipment_confirmed,picked,shipped,PS-SH-50267.pdf,1.0,N
EV-000358,northfield_industrial_components,quote_to_order,sales_order,SO-26161,2025-11-27T07:51:00,E064,order_entered,,open,customer_po_4500857630,1.0,N
EV-000364,northfield_industrial_components,quote_to_order,sales_order,SO-26167,2025-11-27T07:55:00,E068,order_entered,,open,customer_po_4500186619,0.9,N
EV-001637,northfield_industrial_components,order_to_cash,customer_invoice,INV-60263,2025-11-27T08:06:00,system,payment_applied,open,paid,Email remittance,0.95,N
EV-000596,northfield_industrial_components,quote_to_order,sales_order,SO-26392,2025-11-27T08:32:00,E064,order_entered,,open,customer_po_PO700060,0.9,N
EV-000294,northfield_industrial_components,quote_to_order,sales_order,SO-26097,2025-11-27T10:42:00,E066,order_entered,,open,customer_po_PO489870,1.0,N
EV-001759,northfield_industrial_components,procure_to_pay,purchase_order,PO-31021,2025-11-27T11:00:00,E063,po_issued,draft,open,PO-31021.pdf,1.0,N
EV-000875,northfield_industrial_components,fulfillment,shipment,SH-50250,2025-11-27T12:42:00,E100,shipment_confirmed,picked,shipped,PS-SH-50250.pdf,1.0,N
EV-002580,northfield_industrial_components,manufacturing,work_order,WO-70050,2025-11-27T12:54:00,E035,wo_released,planned,released,MRP,1.0,N
EV-001609,northfield_industrial_components,order_to_cash,customer_invoice,INV-60231,2025-11-27T13:31:00,system,payment_applied,open,paid,Lockbox,1.0,N
EV-001266,northfield_industrial_components,order_to_cash,customer_invoice,INV-60250,2025-11-27T16:48:00,E002,invoice_issued,,open,INV-60250.pdf,1.0,N
EV-002527,northfield_industrial_components,manufacturing,work_order,WO-70019,2025-11-28T09:42:00,E102,wo_released,planned,released,MRP,1.0,N
EV-002094,northfield_industrial_components,procure_to_pay,receipt,RCV-40096,2025-11-28T10:13:00,E102,goods_received,open,received,PS189957,0.85,Y
EV-002606,northfield_industrial_components,manufacturing,work_order,WO-70064,2025-11-28T10:45:00,E017,wo_released,planned,released,MRP,1.0,N
EV-001501,northfield_industrial_components,order_to_cash,customer_invoice,INV-60108,2025-11-28T12:54:00,system,payment_applied,open,paid,Email remittance,0.95,N
EV-002103,northfield_industrial_components,procure_to_pay,receipt,RCV-40105,2025-11-28T14:04:00,E103,goods_received,open,received,PS711204,1.0,N
EV-002495,northfield_industrial_components,manufacturing,work_order,WO-70002,2025-11-28T15:08:00,E019,wo_released,planned,released,MRP,1.0,N
EV-001621,northfield_industrial_components,order_to_cash,customer_invoice,INV-60244,2025-11-28T15:46:00,system,payment_applied,open,paid,Portal,1.0,N
EV-000094,northfield_industrial_components,quote_to_order,quote,Q-26094,2025-11-28T17:03:00,E069,quote_sent,draft,sent,Q-26094.pdf,1.0,N
EV-001941,northfield_industrial_components,procure_to_pay,purchase_order,PO-31203,2025-11-28T17:26:00,E060,po_issued,draft,open,PO-31203.pdf,1.0,N
EV-001689,northfield_industrial_components,order_to_cash,customer_invoice,INV-60327,2025-11-29T08:13:00,system,payment_applied,open,paid,Bank feed,1.0,N
EV-000988,northfield_industrial_components,fulfillment,shipment,SH-50363,2025-11-29T09:03:00,E099,shipment_confirmed,picked,shipped,PS-SH-50363.pdf,1.0,N
EV-001633,northfield_industrial_components,order_to_cash,customer_invoice,INV-60257,2025-11-29T09:29:00,system,payment_applied,open,paid,Lockbox,1.0,N
EV-001244,northfield_industrial_components,order_to_cash,customer_invoice,INV-60228,2025-11-29T10:37:00,E002,invoice_issued,,open,INV-60228.pdf,1.0,N
EV-000853,northfield_industrial_components,fulfillment,shipment,SH-50228,2025-11-29T11:56:00,E104,shipment_confirmed,picked,shipped,PS-SH-50228.pdf,1.0,N
EV-001379,northfield_industrial_components,order_to_cash,customer_invoice,INV-60363,2025-11-29T12:38:00,E002,invoice_issued,,open,INV-60363.pdf,1.0,N
EV-001620,northfield_industrial_components,order_to_cash,customer_invoice,INV-60242,2025-11-29T13:49:00,system,payment_applied,open,paid,Bank feed,1.0,N
EV-002382,northfield_industrial_components,procure_to_pay,supplier_invoice,SI3661724,2025-11-29T15:08:00,E002,invoice_matched,received,paid,SI3661724,1.0,N
EV-000350,northfield_industrial_components,quote_to_order,sales_order,SO-26153,2025-11-29T16:07:00,E074,order_entered,,open,customer_po_PO782188,0.9,N
EV-001377,northfield_industrial_components,order_to_cash,customer_invoice,INV-60361,2025-11-30T08:16:00,E002,invoice_issued,,open,INV-60361.pdf,1.0,N
EV-000886,northfield_industrial_components,fulfillment,shipment,SH-50261,2025-11-30T09:10:00,E081,shipment_confirmed,picked,shipped,PS-SH-50261.pdf,1.0,N
EV-002739,northfield_industrial_components,manufacturing,work_order,WO-70136,2025-11-30T09:39:00,E008,wo_released,planned,released,MRP,1.0,N
EV-002160,northfield_industrial_components,procure_to_pay,receipt,RCV-40162,2025-11-30T10:13:00,E082,goods_received,open,received,PS397711,0.85,Y
EV-001336,northfield_industrial_components,order_to_cash,customer_invoice,INV-60320,2025-11-30T10:49:00,E002,invoice_issued,,open,INV-60320.pdf,1.0,N
EV-002695,northfield_industrial_components,manufacturing,work_order,WO-70112,2025-11-30T11:05:00,E101,wo_released,planned,released,MRP,1.0,N
EV-002526,northfield_industrial_components,manufacturing,work_order,WO-70018,2025-11-30T12:02:00,E055,wo_closed,in_process,closed,COC-WO-70018.pdf,1.0,N
EV-001277,northfield_industrial_components,order_to_cash,customer_invoice,INV-60261,2025-11-30T13:14:00,E002,invoice_issued,,open,INV-60261.pdf,1.0,N
EV-000015,northfield_industrial_components,quote_to_order,quote,Q-26015,2025-11-30T13:30:00,E067,quote_sent,draft,sent,Q-26015.pdf,1.0,N
EV-001337,northfield_industrial_components,order_to_cash,customer_invoice,INV-60321,2025-11-30T14:02:00,E002,invoice_issued,,open,INV-60321.pdf,1.0,N
EV-000946,northfield_industrial_components,fulfillment,shipment,SH-50321,2025-11-30T15:05:00,E104,shipment_confirmed,picked,shipped,PS-SH-50321.pdf,1.0,N
EV-002928,northfield_industrial_components,returns,rma,RMA-0013,2025-11-30T16:06:00,E075,rma_approved,requested,approved,INV-60067,1.0,N
EV-002501,northfield_industrial_components,manufacturing,work_order,WO-70005,2025-11-30T16:18:00,E058,wo_released,planned,released,MRP,1.0,N
EV-000986,northfield_industrial_components,fulfillment,shipment,SH-50361,2025-11-30T16:27:00,E076,shipment_confirmed,picked,shipped,PS-SH-50361.pdf,1.0,N
EV-002191,northfield_industrial_components,procure_to_pay,receipt,RCV-40193,2025-11-30T17:32:00,E078,goods_received,open,received,PS359879,0.85,Y
EV-000945,northfield_industrial_components,fulfillment,shipment,SH-50320,2025-11-30T17:35:00,E105,shipment_confirmed,picked,shipped,PS-SH-50320.pdf,1.0,N
EV-000066,northfield_industrial_components,quote_to_order,quote,Q-26066,2025-12-01T07:14:00,E068,quote_sent,draft,sent,Q-26066.pdf,1.0,N
EV-001844,northfield_industrial_components,procure_to_pay,purchase_order,PO-31106,2025-12-01T15:07:00,E060,po_issued,draft,open,PO-31106.pdf,1.0,N
EV-002902,northfield_industrial_components,quality,ncr,NCR-0003,2025-12-01T15:55:00,E058,ncr_opened,,open,RCV-40193,1.0,Y
EV-002757,northfield_industrial_components,manufacturing,work_order,WO-70145,2025-12-02T08:40:00,E084,wo_released,planned,released,MRP,1.0,N
EV-001477,northfield_industrial_components,order_to_cash,customer_invoice,INV-60082,2025-12-02T08:59:00,system,payment_applied,open,paid,Lockbox,1.0,N
EV-001929,northfield_industrial_components,procure_to_pay,purchase_order,PO-31191,2025-12-02T10:06:00,E063,po_issued,draft,open,PO-31191.pdf,1.0,N
EV-000517,northfield_industrial_components,quote_to_order,sales_order,SO-26316,2025-12-02T13:11:00,E073,order_entered,,open,customer_po_PO342748,0.9,N
EV-002065,northfield_industrial_components,procure_to_pay,receipt,RCV-40067,2025-12-02T14:01:00,E083,goods_received,open,received,PS955496,1.0,N
EV-002350,northfield_industrial_components,procure_to_pay,supplier_invoice,91220841,2025-12-02T16:14:00,E002,match_exception,received,paid,91220841,0.7,Y
EV-002269,northfield_industrial_components,procure_to_pay,supplier_invoice,SI6179706,2025-12-03T07:43:00,E002,invoice_matched,received,paid,SI6179706,1.0,N
EV-000428,northfield_industrial_components,quote_to_order,sales_order,SO-26231,2025-12-03T11:43:00,E075,order_entered,,open,customer_po_PO834374,1.0,N
EV-000203,northfield_industrial_components,quote_to_order,sales_order,SO-26006,2025-12-03T12:48:00,E073,order_entered,,open,customer_po_PUR-792542,0.9,N
EV-000385,northfield_industrial_components,quote_to_order,sales_order,SO-26188,2025-12-03T13:09:00,E067,order_entered,,open,customer_po_PUR-858628,1.0,N
EV-002768,northfield_industrial_components,manufacturing,work_order,WO-70150,2025-12-03T15:24:00,E055,wo_closed,in_process,closed,COC-WO-70150.pdf,1.0,N
EV-000214,northfield_industrial_components,quote_to_order,sales_order,SO-26017,2025-12-04T08:39:00,E066,order_entered,,open,customer_po_PUR-626421,0.9,N
EV-000694,northfield_industrial_components,fulfillment,shipment,SH-50069,2025-12-04T08:52:00,E104,shipment_confirmed,picked,shipped,PS-SH-50069.pdf,1.0,N
EV-001085,northfield_industrial_components,order_to_cash,customer_invoice,INV-60069,2025-12-04T11:40:00,E002,invoice_issued,,open,INV-60069.pdf,1.0,N
EV-000774,northfield_industrial_components,fulfillment,shipment,SH-50149,2025-12-04T11:55:00,E099,shipment_confirmed,picked,shipped,PS-SH-50149.pdf,1.0,N
EV-002407,northfield_industrial_components,procure_to_pay,supplier_invoice,INV6956676,2025-12-04T14:15:00,E002,invoice_matched,received,paid,INV6956676,1.0,N
EV-002239,northfield_industrial_components,procure_to_pay,receipt,RCV-40241,2025-12-04T14:16:00,E101,goods_received,open,received,PS484141,1.0,N
EV-000450,northfield_industrial_components,quote_to_order,sales_order,SO-26253,2025-12-04T15:03:00,E073,order_entered,,open,customer_po_PUR-678038,0.9,N
EV-000701,northfield_industrial_components,fulfillment,shipment,SH-50076,2025-12-04T15:28:00,E099,shipment_confirmed,picked,shipped,PS-SH-50076.pdf,1.0,N
EV-001092,northfield_industrial_components,order_to_cash,customer_invoice,INV-60076,2025-12-04T16:01:00,E002,invoice_issued,,open,INV-60076.pdf,1.0,N
EV-002139,northfield_industrial_components,procure_to_pay,receipt,RCV-40141,2025-12-04T16:43:00,E076,goods_received,open,received,PS776965,0.85,Y
EV-001165,northfield_industrial_components,order_to_cash,customer_invoice,INV-60149,2025-12-04T17:01:00,E002,invoice_issued,,open,INV-60149.pdf,1.0,N
EV-000056,northfield_industrial_components,quote_to_order,quote,Q-26056,2025-12-04T17:33:00,E067,quote_sent,draft,sent,Q-26056.pdf,1.0,N
EV-000388,northfield_industrial_components,quote_to_order,sales_order,SO-26191,2025-12-05T08:35:00,E074,order_entered,,open,customer_po_4500765499,1.0,N
EV-001691,northfield_industrial_components,order_to_cash,customer_invoice,INV-60330,2025-12-05T11:38:00,system,payment_applied,open,paid,Portal,1.0,N
EV-001400,northfield_industrial_components,order_to_cash,customer_invoice,INV-60384,2025-12-05T12:02:00,E002,invoice_issued,,open,INV-60384.pdf,1.0,N
EV-000389,northfield_industrial_components,quote_to_order,sales_order,SO-26192,2025-12-05T12:48:00,E074,order_entered,,open,customer_po_PO103590,1.0,N
EV-001009,northfield_industrial_components,fulfillment,shipment,SH-50384,2025-12-05T17:15:00,E076,shipment_confirmed,picked,shipped,PS-SH-50384.pdf,1.0,N
EV-002064,northfield_industrial_components,procure_to_pay,receipt,RCV-40066,2025-12-05T17:20:00,E076,goods_received,open,received,PS220611,1.0,N
EV-000327,northfield_industrial_components,quote_to_order,sales_order,SO-26130,2025-12-06T08:46:00,E066,order_entered,,open,customer_po_P621511,1.0,N
EV-002341,northfield_industrial_components,procure_to_pay,supplier_invoice,1058062,2025-12-06T10:39:00,E002,invoice_matched,received,paid,1058062,1.0,N
EV-002060,northfield_industrial_components,procure_to_pay,receipt,RCV-40062,2025-12-06T11:27:00,E101,goods_received,open,received,PS448386,1.0,N
EV-001280,northfield_industrial_components,order_to_cash,customer_invoice,INV-60264,2025-12-06T12:30:00,E002,invoice_issued,,open,INV-60264.pdf,1.0,N
EV-000889,northfield_industrial_components,fulfillment,shipment,SH-50264,2025-12-06T15:10:00,E101,shipment_confirmed,picked,shipped,PS-SH-50264.pdf,1.0,N
EV-002692,northfield_industrial_components,manufacturing,work_order,WO-70110,2025-12-06T15:13:00,E094,wo_released,planned,released,MRP,1.0,N
EV-001741,northfield_industrial_components,procure_to_pay,purchase_order,PO-31003,2025-12-06T16:48:00,E062,po_issued,draft,open,PO-31003.pdf,1.0,N
EV-001730,northfield_industrial_components,order_to_cash,customer_invoice,INV-60380,2025-12-07T07:47:00,system,payment_applied,open,paid,Lockbox,1.0,N
EV-001688,northfield_industrial_components,order_to_cash,customer_invoice,INV-60324,2025-12-07T09:42:00,system,payment_applied,open,paid,Email remittance,0.95,N
EV-000409,northfield_industrial_components,quote_to_order,sales_order,SO-26212,2025-12-07T11:02:00,E073,order_entered,,open,customer_po_P210855,0.9,N
EV-000773,northfield_industrial_components,fulfillment,shipment,SH-50148,2025-12-08T07:16:00,E077,shipment_confirmed,picked,shipped,PS-SH-50148.pdf,1.0,N
EV-000422,northfield_industrial_components,quote_to_order,sales_order,SO-26225,2025-12-08T07:55:00,E067,order_entered,,open,customer_po_4500370123,1.0,N
EV-001129,northfield_industrial_components,order_to_cash,customer_invoice,INV-60113,2025-12-08T11:03:00,E002,invoice_issued,,open,INV-60113.pdf,1.0,N
EV-000681,northfield_industrial_components,fulfillment,shipment,SH-50056,2025-12-08T11:48:00,E099,shipment_confirmed,picked,shipped,PS-SH-50056.pdf,1.0,N
EV-002311,northfield_industrial_components,procure_to_pay,supplier_invoice,5163627,2025-12-08T12:34:00,E002,invoice_matched,received,paid,5163627,1.0,N
EV-002312,northfield_industrial_components,procure_to_pay,supplier_invoice,96586239,2025-12-08T12:49:00,E002,invoice_matched,received,paid,96586239,1.0,N
EV-001164,northfield_industrial_components,order_to_cash,customer_invoice,INV-60148,2025-12-08T13:37:00,E002,invoice_issued,,open,INV-60148.pdf,1.0,N
EV-002697,northfield_industrial_components,manufacturing,work_order,WO-70113,2025-12-08T15:29:00,E025,wo_released,planned,released,MRP,1.0,N
EV-000738,northfield_industrial_components,fulfillment,shipment,SH-50113,2025-12-08T15:41:00,E082,shipment_confirmed,picked,shipped,PS-SH-50113.pdf,1.0,N
EV-001072,northfield_industrial_components,order_to_cash,customer_invoice,INV-60056,2025-12-08T16:17:00,E002,invoice_issued,,open,INV-60056.pdf,1.0,N
EV-001535,northfield_industrial_components,order_to_cash,customer_invoice,INV-60147,2025-12-08T17:09:00,system,payment_applied,open,paid,Portal,1.0,N
EV-002583,northfield_industrial_components,manufacturing,work_order,WO-70051,2025-12-09T07:23:00,E055,wo_closed,in_process,closed,COC-WO-70051.pdf,1.0,N
EV-002164,northfield_industrial_components,procure_to_pay,receipt,RCV-40166,2025-12-09T08:55:00,E102,goods_received,open,received,PS867926,1.0,N
EV-001512,northfield_industrial_components,order_to_cash,customer_invoice,INV-60121,2025-12-09T14:29:00,system,payment_applied,open,paid,Bank feed,1.0,N
EV-002486,northfield_industrial_components,procure_to_pay,supplier_invoice,270330,2025-12-09T15:03:00,E002,invoice_matched,received,paid,270330,1.0,N
EV-002496,northfield_industrial_components,manufacturing,work_order,WO-70002,2025-12-09T16:03:00,E055,wo_closed,in_process,closed,COC-WO-70002.pdf,1.0,N
EV-002634,northfield_industrial_components,manufacturing,work_order,WO-70079,2025-12-09T16:13:00,E095,wo_released,planned,released,MRP,1.0,N
EV-002386,northfield_industrial_components,procure_to_pay,supplier_invoice,92459026,2025-12-10T09:49:00,E002,invoice_matched,received,paid,92459026,1.0,N
EV-002438,northfield_industrial_components,procure_to_pay,supplier_invoice,SI3569738,2025-12-10T11:21:00,E002,invoice_matched,received,paid,SI3569738,1.0,N
EV-001766,northfield_industrial_components,procure_to_pay,purchase_order,PO-31028,2025-12-10T11:54:00,E063,po_issued,draft,open,PO-31028.pdf,1.0,N
EV-000653,northfield_industrial_components,fulfillment,shipment,SH-50028,2025-12-10T13:05:00,E105,shipment_confirmed,picked,shipped,PS-SH-50028.pdf,1.0,N
EV-001044,northfield_industrial_components,order_to_cash,customer_invoice,INV-60028,2025-12-10T13:28:00,E002,invoice_issued,,open,INV-60028.pdf,1.0,N
EV-001598,northfield_industrial_components,order_to_cash,customer_invoice,INV-60220,2025-12-10T15:21:00,system,payment_applied,open,paid,Lockbox,1.0,N
EV-002804,northfield_industrial_components,manufacturing,work_order,WO-70169,2025-12-10T17:09:00,E055,wo_closed,in_process,closed,COC-WO-70169.pdf,1.0,N
EV-000019,northfield_industrial_components,quote_to_order,quote,Q-26019,2025-12-11T11:32:00,E064,quote_sent,draft,sent,Q-26019.pdf,1.0,N
EV-000239,northfield_industrial_components,quote_to_order,sales_order,SO-26042,2025-12-11T13:19:00,E068,order_entered,,open,customer_po_PUR-578547,1.0,N
EV-001995,northfield_industrial_components,procure_to_pay,purchase_order,PO-31257,2025-12-12T09:08:00,E063,po_issued,draft,open,PO-31257.pdf,1.0,N
EV-002019,northfield_industrial_components,procure_to_pay,receipt,RCV-40021,2025-12-12T09:42:00,E100,goods_received,open,received,PS224255,1.0,N
EV-000071,northfield_industrial_components,quote_to_order,quote,Q-26071,2025-12-12T14:52:00,E066,quote_sent,draft,sent,Q-26071.pdf,1.0,N
EV-000989,northfield_industrial_components,fulfillment,shipment,SH-50364,2025-12-12T15:29:00,E099,shipment_confirmed,picked,shipped,PS-SH-50364.pdf,1.0,N
EV-001380,northfield_industrial_components,order_to_cash,customer_invoice,INV-60364,2025-12-12T15:33:00,E002,invoice_issued,,open,INV-60364.pdf,1.0,N
EV-001414,northfield_industrial_components,order_to_cash,customer_invoice,INV-60007,2025-12-12T16:10:00,system,payment_applied,open,paid,Email remittance,0.95,N
EV-000429,northfield_industrial_components,quote_to_order,sales_order,SO-26232,2025-12-12T17:23:00,E064,order_entered,,open,customer_po_PO462817,0.9,N
EV-002581,northfield_industrial_components,manufacturing,work_order,WO-70050,2025-12-12T17:58:00,E055,wo_closed,in_process,closed,COC-WO-70050.pdf,1.0,N
EV-001962,northfield_industrial_components,procure_to_pay,purchase_order,PO-31224,2025-12-13T08:56:00,E060,po_issued,draft,open,PO-31224.pdf,1.0,N
EV-002411,northfield_industrial_components,procure_to_pay,supplier_invoice,9531385,2025-12-13T09:06:00,E002,invoice_matched,received,paid,9531385,1.0,N
EV-001842,northfield_industrial_components,procure_to_pay,purchase_order,PO-31104,2025-12-13T09:31:00,E060,po_issued,draft,open,PO-31104.pdf,1.0,N
EV-002754,northfield_industrial_components,manufacturing,work_order,WO-70143,2025-12-13T09:36:00,E055,wo_closed,in_process,closed,COC-WO-70143.pdf,1.0,N
EV-002562,northfield_industrial_components,manufacturing,work_order,WO-70039,2025-12-13T12:00:00,E055,wo_closed,in_process,closed,COC-WO-70039.pdf,1.0,N
EV-000392,northfield_industrial_components,quote_to_order,sales_order,SO-26195,2025-12-13T13:02:00,E067,order_entered,,open,customer_po_PO160525,0.9,N
EV-001413,northfield_industrial_components,order_to_cash,customer_invoice,INV-60006,2025-12-13T13:04:00,system,payment_applied,open,paid,Email remittance,0.95,N
EV-002909,northfield_industrial_components,quality,ncr,NCR-0010,2025-12-13T13:30:00,E057,ncr_opened,,open,WO-70039,1.0,Y
EV-001199,northfield_industrial_components,order_to_cash,customer_invoice,INV-60183,2025-12-13T15:57:00,E002,invoice_issued,,open,INV-60183.pdf,1.0,N
EV-001836,northfield_industrial_components,procure_to_pay,purchase_order,PO-31098,2025-12-13T16:05:00,E060,po_issued,draft,open,PO-31098.pdf,1.0,N
EV-000808,northfield_industrial_components,fulfillment,shipment,SH-50183,2025-12-13T17:03:00,E081,shipment_confirmed,picked,shipped,PS-SH-50183.pdf,1.0,N
EV-002307,northfield_industrial_components,procure_to_pay,supplier_invoice,9443587,2025-12-14T07:14:00,E002,invoice_matched,received,paid,9443587,1.0,N
EV-001428,northfield_industrial_components,order_to_cash,customer_invoice,INV-60021,2025-12-14T08:53:00,system,payment_applied,open,paid,Lockbox,1.0,N
EV-000238,northfield_industrial_components,quote_to_order,sales_order,SO-26041,2025-12-14T09:28:00,E068,order_entered,,open,customer_po_P667013,0.9,N
EV-001674,northfield_industrial_components,order_to_cash,customer_invoice,INV-60306,2025-12-14T10:35:00,system,payment_applied,open,paid,Portal,1.0,N
EV-001565,northfield_industrial_components,order_to_cash,customer_invoice,INV-60184,2025-12-14T11:21:00,system,payment_applied,open,paid,Email remittance,0.95,N
EV-002533,northfield_industrial_components,manufacturing,work_order,WO-70022,2025-12-14T11:24:00,E055,wo_closed,in_process,closed,COC-WO-70022.pdf,1.0,N
EV-002797,northfield_industrial_components,manufacturing,work_order,WO-70166,2025-12-14T12:14:00,E068,wo_released,planned,released,MRP,1.0,N
EV-002528,northfield_industrial_components,manufacturing,work_order,WO-70019,2025-12-15T07:28:00,E055,wo_closed,in_process,closed,COC-WO-70019.pdf,1.0,N
EV-001677,northfield_industrial_components,order_to_cash,customer_invoice,INV-60310,2025-12-15T09:36:00,system,payment_applied,open,paid,Portal,1.0,N
EV-002724,northfield_industrial_components,manufacturing,work_order,WO-70127,2025-12-15T10:06:00,E057,wo_released,planned,released,MRP,1.0,N
EV-000803,northfield_industrial_components,fulfillment,shipment,SH-50178,2025-12-15T10:47:00,E103,shipment_confirmed,picked,shipped,PS-SH-50178.pdf,1.0,N
EV-001735,northfield_industrial_components,order_to_cash,customer_invoice,INV-60388,2025-12-15T14:17:00,system,payment_applied,open,paid,Email remittance,0.95,N
EV-001720,northfield_industrial_components,order_to_cash,customer_invoice,INV-60367,2025-12-15T15:25:00,system,payment_applied,open,paid,Bank feed,1.0,N
EV-001473,northfield_industrial_components,order_to_cash,customer_invoice,INV-60077,2025-12-15T15:40:00,system,payment_applied,open,paid,Bank feed,1.0,N
EV-001208,northfield_industrial_components,order_to_cash,customer_invoice,INV-60192,2025-12-15T16:43:00,E002,invoice_issued,,open,INV-60192.pdf,1.0,N
EV-001194,northfield_industrial_components,order_to_cash,customer_invoice,INV-60178,2025-12-15T16:55:00,E002,invoice_issued,,open,INV-60178.pdf,1.0,N
EV-000503,northfield_industrial_components,quote_to_order,sales_order,SO-26304,2025-12-15T17:07:00,E067,order_entered,,open,customer_po_P930560,0.9,N
EV-001740,northfield_industrial_components,procure_to_pay,purchase_order,PO-31002,2025-12-15T17:12:00,E063,po_issued,draft,open,PO-31002.pdf,1.0,N
EV-000548,northfield_industrial_components,quote_to_order,sales_order,SO-26345,2025-12-15T17:27:00,E074,order_entered,,open,customer_po_PO448655,0.9,N
EV-000817,northfield_industrial_components,fulfillment,shipment,SH-50192,2025-12-15T17:52:00,E104,shipment_confirmed,picked,shipped,PS-SH-50192.pdf,1.0,N
EV-000833,northfield_industrial_components,fulfillment,shipment,SH-50208,2025-12-16T10:05:00,E099,shipment_confirmed,picked,shipped,PS-SH-50208.pdf,1.0,N
EV-001224,northfield_industrial_components,order_to_cash,customer_invoice,INV-60208,2025-12-16T11:24:00,E002,invoice_issued,,open,INV-60208.pdf,1.0,N
EV-001729,northfield_industrial_components,order_to_cash,customer_invoice,INV-60378,2025-12-16T13:07:00,system,payment_applied,open,paid,Portal,1.0,N
EV-000845,northfield_industrial_components,fulfillment,shipment,SH-50220,2025-12-16T14:14:00,E077,shipment_confirmed,picked,shipped,PS-SH-50220.pdf,1.0,N
EV-001236,northfield_industrial_components,order_to_cash,customer_invoice,INV-60220,2025-12-16T16:14:00,E002,invoice_issued,,open,INV-60220.pdf,1.0,N
EV-002679,northfield_industrial_components,manufacturing,work_order,WO-70103,2025-12-16T16:49:00,E044,wo_released,planned,released,MRP,1.0,N
EV-001825,northfield_industrial_components,procure_to_pay,purchase_order,PO-31087,2025-12-16T16:54:00,E062,po_issued,draft,open,PO-31087.pdf,1.0,N
EV-000026,northfield_industrial_components,quote_to_order,quote,Q-26026,2025-12-16T17:28:00,E068,quote_sent,draft,sent,Q-26026.pdf,1.0,N
EV-002204,northfield_industrial_components,procure_to_pay,receipt,RCV-40206,2025-12-17T07:13:00,E101,goods_received,open,received,PS303939,0.85,Y
EV-001711,northfield_industrial_components,order_to_cash,customer_invoice,INV-60354,2025-12-17T08:17:00,system,payment_applied,open,paid,Lockbox,1.0,N
EV-000677,northfield_industrial_components,fulfillment,shipment,SH-50052,2025-12-17T08:27:00,E106,shipment_confirmed,picked,shipped,PS-SH-50052.pdf,1.0,N
EV-000809,northfield_industrial_components,fulfillment,shipment,SH-50184,2025-12-17T09:32:00,E100,shipment_confirmed,picked,shipped,PS-SH-50184.pdf,1.0,N
EV-001114,northfield_industrial_components,order_to_cash,customer_invoice,INV-60098,2025-12-17T10:16:00,E002,invoice_issued,,open,INV-60098.pdf,1.0,N
EV-000270,northfield_industrial_components,quote_to_order,sales_order,SO-26073,2025-12-17T11:08:00,E068,order_entered,,open,customer_po_PO174359,1.0,N
EV-001068,northfield_industrial_components,order_to_cash,customer_invoice,INV-60052,2025-12-17T11:20:00,E002,invoice_issued,,open,INV-60052.pdf,1.0,N
EV-002220,northfield_industrial_components,procure_to_pay,receipt,RCV-40222,2025-12-17T11:22:00,E080,goods_received,open,received,PS103029,1.0,N
EV-000723,northfield_industrial_components,fulfillment,shipment,SH-50098,2025-12-17T12:22:00,E080,shipment_confirmed,picked,shipped,PS-SH-50098.pdf,1.0,N
EV-000181,northfield_industrial_components,quote_to_order,quote,Q-26181,2025-12-17T12:37:00,E064,quote_sent,draft,sent,Q-26181.pdf,1.0,N
EV-001705,northfield_industrial_components,order_to_cash,customer_invoice,INV-60347,2025-12-17T13:26:00,system,payment_applied,open,paid,Email remittance,0.95,N
EV-001583,northfield_industrial_components,order_to_cash,customer_invoice,INV-60203,2025-12-17T14:01:00,system,payment_applied,open,paid,Bank feed,1.0,N
EV-001200,northfield_industrial_components,order_to_cash,customer_invoice,INV-60184,2025-12-17T15:11:00,E002,invoice_issued,,open,INV-60184.pdf,1.0,N
EV-001500,northfield_industrial_components,order_to_cash,customer_invoice,INV-60107,2025-12-17T15:24:00,system,payment_applied,open,paid,Portal,1.0,N
EV-000229,northfield_industrial_components,quote_to_order,sales_order,SO-26032,2025-12-17T15:32:00,E068,order_entered,,open,customer_po_P731566,1.0,N
EV-000274,northfield_industrial_components,quote_to_order,sales_order,SO-26077,2025-12-17T16:07:00,E073,order_entered,,open,customer_po_4500813434,1.0,N
EV-001483,northfield_industrial_components,order_to_cash,customer_invoice,INV-60089,2025-12-18T09:45:00,system,payment_applied,open,paid,Bank feed,1.0,N
EV-001561,northfield_industrial_components,order_to_cash,customer_invoice,INV-60180,2025-12-18T10:00:00,system,payment_applied,open,paid,Bank feed,1.0,N
EV-000207,northfield_industrial_components,quote_to_order,sales_order,SO-26010,2025-12-18T10:21:00,E067,order_entered,,open,customer_po_PO596940,1.0,N
EV-000471,northfield_industrial_components,quote_to_order,sales_order,SO-26273,2025-12-18T10:49:00,E067,order_entered,,open,customer_po_4500103104,1.0,N
EV-001237,northfield_industrial_components,order_to_cash,customer_invoice,INV-60221,2025-12-18T12:38:00,E002,invoice_issued,,open,INV-60221.pdf,1.0,N
EV-002619,northfield_industrial_components,manufacturing,work_order,WO-70071,2025-12-18T13:32:00,E006,wo_released,planned,released,MRP,1.0,N
EV-002099,northfield_industrial_components,procure_to_pay,receipt,RCV-40101,2025-12-18T13:56:00,E079,goods_received,open,received,PS459608,0.85,Y
EV-000846,northfield_industrial_components,fulfillment,shipment,SH-50221,2025-12-18T15:08:00,E082,shipment_confirmed,picked,shipped,PS-SH-50221.pdf,1.0,N
EV-002610,northfield_industrial_components,manufacturing,work_order,WO-70066,2025-12-18T16:11:00,E008,wo_released,planned,released,MRP,1.0,N
EV-000131,northfield_industrial_components,quote_to_order,quote,Q-26131,2025-12-18T16:40:00,E069,quote_sent,draft,sent,Q-26131.pdf,1.0,N
EV-001950,northfield_industrial_components,procure_to_pay,purchase_order,PO-31212,2025-12-18T17:41:00,E063,po_issued,draft,open,PO-31212.pdf,1.0,N
EV-001789,northfield_industrial_components,procure_to_pay,purchase_order,PO-31051,2025-12-19T07:51:00,E062,po_issued,draft,open,PO-31051.pdf,1.0,N
EV-000311,northfield_industrial_components,quote_to_order,sales_order,SO-26114,2025-12-19T07:55:00,E065,order_entered,,open,customer_po_4500966480,1.0,N
EV-002266,northfield_industrial_components,procure_to_pay,supplier_invoice,SI5525005,2025-12-19T08:42:00,E002,invoice_matched,received,paid,SI5525005,1.0,N
EV-000922,northfield_industrial_components,fulfillment,shipment,SH-50297,2025-12-19T08:52:00,E083,shipment_confirmed,picked,shipped,PS-SH-50297.pdf,1.0,N
EV-000342,northfield_industrial_components,quote_to_order,sales_order,SO-26145,2025-12-19T10:25:00,E075,order_entered,,open,customer_po_4500255461,0.9,N
EV-001554,northfield_industrial_components,order_to_cash,customer_invoice,INV-60171,2025-12-19T12:14:00,system,payment_applied,open,paid,Bank feed,1.0,N
EV-000191,northfield_industrial_components,quote_to_order,quote,Q-26191,2025-12-19T14:26:00,E070,quote_sent,draft,sent,Q-26191.pdf,1.0,N
EV-001558,northfield_industrial_components,order_to_cash,customer_invoice,INV-60175,2025-12-19T16:27:00,system,payment_applied,open,paid,Portal,1.0,N
EV-001313,northfield_industrial_components,order_to_cash,customer_invoice,INV-60297,2025-12-19T16:48:00,E002,invoice_issued,,open,INV-60297.pdf,1.0,N
EV-000144,northfield_industrial_components,quote_to_order,quote,Q-26144,2025-12-20T07:04:00,E068,quote_sent,draft,sent,Q-26144.pdf,1.0,N
EV-002146,northfield_industrial_components,procure_to_pay,receipt,RCV-40148,2025-12-20T07:13:00,E105,goods_received,open,received,PS944205,1.0,N
EV-001513,northfield_industrial_components,order_to_cash,customer_invoice,INV-60122,2025-12-20T07:48:00,system,payment_applied,open,paid,Lockbox,1.0,N
EV-001271,northfield_industrial_components,order_to_cash,customer_invoice,INV-60255,2025-12-20T08:05:00,E002,invoice_issued,,open,INV-60255.pdf,1.0,N
EV-000880,northfield_industrial_components,fulfillment,shipment,SH-50255,2025-12-20T10:08:00,E099,shipment_confirmed,picked,shipped,PS-SH-50255.pdf,1.0,N
EV-001953,northfield_industrial_components,procure_to_pay,purchase_order,PO-31215,2025-12-20T13:12:00,E062,po_issued,draft,open,PO-31215.pdf,1.0,N
EV-002844,northfield_industrial_components,manufacturing,work_order,WO-70191,2025-12-20T16:19:00,E033,wo_released,planned,released,MRP,1.0,N
EV-002889,northfield_industrial_components,manufacturing,work_order,WO-70215,2025-12-20T16:39:00,E012,wo_released,planned,released,MRP,1.0,N
EV-001872,northfield_industrial_components,procure_to_pay,purchase_order,PO-31134,2025-12-21T07:23:00,E062,po_issued,draft,open,PO-31134.pdf,1.0,N
EV-001671,northfield_industrial_components,order_to_cash,customer_invoice,INV-60303,2025-12-21T08:33:00,system,payment_applied,open,paid,Lockbox,1.0,N
EV-002880,northfield_industrial_components,manufacturing,work_order,WO-70210,2025-12-21T08:43:00,E031,wo_released,planned,released,MRP,1.0,N
EV-000631,northfield_industrial_components,fulfillment,shipment,SH-50006,2025-12-21T09:29:00,E080,shipment_confirmed,picked,shipped,PS-SH-50006.pdf,1.0,N
EV-002451,northfield_industrial_components,procure_to_pay,supplier_invoice,INV8045928,2025-12-21T10:52:00,E002,match_exception,received,paid,INV8045928,0.7,Y
EV-000121,northfield_industrial_components,quote_to_order,quote,Q-26121,2025-12-21T12:30:00,E070,quote_sent,draft,sent,Q-26121.pdf,1.0,N
EV-000744,northfield_industrial_components,fulfillment,shipment,SH-50119,2025-12-21T12:59:00,E106,shipment_confirmed,picked,shipped,PS-SH-50119.pdf,1.0,N
EV-001135,northfield_industrial_components,order_to_cash,customer_invoice,INV-60119,2025-12-21T13:02:00,E002,invoice_issued,,open,INV-60119.pdf,1.0,N
EV-001267,northfield_industrial_components,order_to_cash,customer_invoice,INV-60251,2025-12-21T13:54:00,E002,invoice_issued,,open,INV-60251.pdf,1.0,N
EV-001022,northfield_industrial_components,order_to_cash,customer_invoice,INV-60006,2025-12-21T14:09:00,E002,invoice_issued,,open,INV-60006.pdf,1.0,N
EV-000142,northfield_industrial_components,quote_to_order,quote,Q-26142,2025-12-21T14:54:00,E072,quote_sent,draft,sent,Q-26142.pdf,1.0,N
EV-000065,northfield_industrial_components,quote_to_order,quote,Q-26065,2025-12-21T14:58:00,E069,quote_sent,draft,sent,Q-26065.pdf,1.0,N
EV-001622,northfield_industrial_components,order_to_cash,customer_invoice,INV-60245,2025-12-21T15:04:00,system,payment_applied,open,paid,Portal,1.0,N
EV-000876,northfield_industrial_components,fulfillment,shipment,SH-50251,2025-12-21T16:13:00,E078,shipment_confirmed,picked,shipped,PS-SH-50251.pdf,1.0,N
EV-001427,northfield_industrial_components,order_to_cash,customer_invoice,INV-60020,2025-12-21T17:17:00,system,payment_applied,open,paid,Email remittance,0.95,N
EV-002698,northfield_industrial_components,manufacturing,work_order,WO-70113,2025-12-21T17:59:00,E055,wo_closed,in_process,closed,COC-WO-70113.pdf,1.0,N
EV-000872,northfield_industrial_components,fulfillment,shipment,SH-50247,2025-12-22T08:09:00,E101,shipment_confirmed,picked,shipped,PS-SH-50247.pdf,1.0,N
EV-002752,northfield_industrial_components,manufacturing,work_order,WO-70142,2025-12-22T08:33:00,E055,wo_closed,in_process,closed,COC-WO-70142.pdf,1.0,N
EV-001970,northfield_industrial_components,procure_to_pay,purchase_order,PO-31232,2025-12-22T13:50:00,E063,po_issued,draft,open,PO-31232.pdf,1.0,N
EV-001627,northfield_industrial_components,order_to_cash,customer_invoice,INV-60250,2025-12-22T16:48:00,system,payment_applied,open,paid,Email remittance,0.95,N
EV-001263,northfield_industrial_components,order_to_cash,customer_invoice,INV-60247,2025-12-22T16:52:00,E002,invoice_issued,,open,INV-60247.pdf,1.0,N
EV-000445,northfield_industrial_components,quote_to_order,sales_order,SO-26248,2025-12-23T08:32:00,E073,order_entered,,open,customer_po_4500613568,1.0,N
EV-002223,northfield_industrial_components,procure_to_pay,receipt,RCV-40225,2025-12-23T08:56:00,E104,goods_received,open,received,PS198160,0.85,Y
EV-000413,northfield_industrial_components,quote_to_order,sales_order,SO-26216,2025-12-23T09:10:00,E068,order_entered,,open,customer_po_P664051,0.9,N
EV-000590,northfield_industrial_components,quote_to_order,sales_order,SO-26386,2025-12-23T10:40:00,E073,order_entered,,open,customer_po_PO553246,0.9,N
EV-000863,northfield_industrial_components,fulfillment,shipment,SH-50238,2025-12-23T10:41:00,E099,shipment_confirmed,picked,shipped,PS-SH-50238.pdf,1.0,N
EV-001988,northfield_industrial_components,procure_to_pay,purchase_order,PO-31250,2025-12-23T13:32:00,E063,po_issued,draft,open,PO-31250.pdf,1.0,N
EV-001254,northfield_industrial_components,order_to_cash,customer_invoice,INV-60238,2025-12-23T14:58:00,E002,invoice_issued,,open,INV-60238.pdf,1.0,N
EV-002502,northfield_industrial_components,manufacturing,work_order,WO-70005,2025-12-23T15:22:00,E055,wo_closed,in_process,closed,COC-WO-70005.pdf,1.0,N
EV-002696,northfield_industrial_components,manufacturing,work_order,WO-70112,2025-12-23T15:46:00,E055,wo_closed,in_process,closed,COC-WO-70112.pdf,1.0,N
EV-000251,northfield_industrial_components,quote_to_order,sales_order,SO-26054,2025-12-23T16:38:00,E065,order_entered,,open,customer_po_PUR-494909,1.0,N
EV-000018,northfield_industrial_components,quote_to_order,quote,Q-26018,2025-12-23T16:39:00,E064,quote_sent,draft,sent,Q-26018.pdf,1.0,N
EV-001732,northfield_industrial_components,order_to_cash,customer_invoice,INV-60382,2025-12-23T16:59:00,system,payment_applied,open,paid,Portal,1.0,N
EV-000462,northfield_industrial_components,quote_to_order,sales_order,SO-26264,2025-12-24T09:03:00,E074,order_entered,,open,customer_po_4500475106,1.0,N
EV-001854,northfield_industrial_components,procure_to_pay,purchase_order,PO-31116,2025-12-24T10:52:00,E063,po_issued,draft,open,PO-31116.pdf,1.0,N
EV-002346,northfield_industrial_components,procure_to_pay,supplier_invoice,93820667,2025-12-24T12:16:00,E002,invoice_matched,received,paid,93820667,1.0,N
EV-002577,northfield_industrial_components,manufacturing,work_order,WO-70048,2025-12-24T15:56:00,E050,wo_released,planned,released,MRP,1.0,N
EV-001967,northfield_industrial_components,procure_to_pay,purchase_order,PO-31229,2025-12-24T17:59:00,E062,po_issued,draft,open,PO-31229.pdf,1.0,N
EV-000779,northfield_industrial_components,fulfillment,shipment,SH-50154,2025-12-25T09:13:00,E076,shipment_confirmed,picked,shipped,PS-SH-50154.pdf,1.0,N
EV-002611,northfield_industrial_components,manufacturing,work_order,WO-70066,2025-12-25T09:27:00,E055,wo_closed,in_process,closed,COC-WO-70066.pdf,1.0,N
EV-000713,northfield_industrial_components,fulfillment,shipment,SH-50088,2025-12-25T10:50:00,E079,shipment_confirmed,picked,shipped,PS-SH-50088.pdf,1.0,N
EV-001170,northfield_industrial_components,order_to_cash,customer_invoice,INV-60154,2025-12-25T11:16:00,E002,invoice_issued,,open,INV-60154.pdf,1.0,N
EV-001104,northfield_industrial_components,order_to_cash,customer_invoice,INV-60088,2025-12-25T12:54:00,E002,invoice_issued,,open,INV-60088.pdf,1.0,N
EV-001191,northfield_industrial_components,order_to_cash,customer_invoice,INV-60175,2025-12-25T16:07:00,E002,invoice_issued,,open,INV-60175.pdf,1.0,N
EV-000336,northfield_industrial_components,quote_to_order,sales_order,SO-26139,2025-12-25T16:53:00,E065,order_entered,,open,customer_po_4500694520,0.9,N
EV-000800,northfield_industrial_components,fulfillment,shipment,SH-50175,2025-12-25T17:10:00,E082,shipment_confirmed,picked,shipped,PS-SH-50175.pdf,1.0,N
EV-002798,northfield_industrial_components,manufacturing,work_order,WO-70166,2025-12-25T17:25:00,E055,wo_closed,in_process,closed,COC-WO-70166.pdf,1.0,N
EV-001444,northfield_industrial_components,order_to_cash,customer_invoice,INV-60041,2025-12-26T07:45:00,system,payment_applied,open,paid,Bank feed,1.0,N
EV-002758,northfield_industrial_components,manufacturing,work_order,WO-70145,2025-12-26T08:21:00,E055,wo_closed,in_process,closed,COC-WO-70145.pdf,1.0,N
EV-001801,northfield_industrial_components,procure_to_pay,purchase_order,PO-31063,2025-12-26T09:19:00,E061,po_issued,draft,open,PO-31063.pdf,1.0,N
EV-002211,northfield_industrial_components,procure_to_pay,receipt,RCV-40213,2025-12-26T10:00:00,E105,goods_received,open,received,PS737760,1.0,N
EV-001601,northfield_industrial_components,order_to_cash,customer_invoice,INV-60223,2025-12-26T10:47:00,system,payment_applied,open,paid,Portal,1.0,N
EV-000052,northfield_industrial_components,quote_to_order,quote,Q-26052,2025-12-26T11:40:00,E066,quote_sent,draft,sent,Q-26052.pdf,1.0,N
EV-002393,northfield_industrial_components,procure_to_pay,supplier_invoice,9295188,2025-12-26T12:29:00,E002,invoice_matched,received,paid,9295188,1.0,N
EV-002049,northfield_industrial_components,procure_to_pay,receipt,RCV-40051,2025-12-26T14:16:00,E103,goods_received,open,received,PS236663,1.0,N
EV-000236,northfield_industrial_components,quote_to_order,sales_order,SO-26039,2025-12-26T17:32:00,E074,order_entered,,open,customer_po_PUR-505037,0.9,N
EV-001158,northfield_industrial_components,order_to_cash,customer_invoice,INV-60142,2025-12-26T17:35:00,E002,invoice_issued,,open,INV-60142.pdf,1.0,N
EV-000767,northfield_industrial_components,fulfillment,shipment,SH-50142,2025-12-26T17:38:00,E078,shipment_confirmed,picked,shipped,PS-SH-50142.pdf,1.0,N
EV-002620,northfield_industrial_components,manufacturing,work_order,WO-70071,2025-12-27T08:56:00,E055,wo_closed,in_process,closed,COC-WO-70071.pdf,1.0,N
EV-000104,northfield_industrial_components,quote_to_order,quote,Q-26104,2025-12-27T12:22:00,E066,quote_sent,draft,sent,Q-26104.pdf,1.0,N
EV-001685,northfield_industrial_components,order_to_cash,customer_invoice,INV-60320,2025-12-27T15:04:00,system,payment_applied,open,paid,Email remittance,0.95,N
EV-002737,northfield_industrial_components,manufacturing,work_order,WO-70135,2025-12-27T17:57:00,E057,wo_released,planned,released,MRP,1.0,N
EV-001054,northfield_industrial_components,order_to_cash,customer_invoice,INV-60038,2025-12-28T08:00:00,E002,invoice_issued,,open,INV-60038.pdf,1.0,N
EV-001505,northfield_industrial_components,order_to_cash,customer_invoice,INV-60113,2025-12-28T08:06:00,system,payment_applied,open,paid,Bank feed,1.0,N
EV-001919,northfield_industrial_components,procure_to_pay,purchase_order,PO-31181,2025-12-28T10:10:00,E060,po_issued,draft,open,PO-31181.pdf,1.0,N
EV-000663,northfield_industrial_components,fulfillment,shipment,SH-50038,2025-12-28T10:22:00,E099,shipment_confirmed,picked,shipped,PS-SH-50038.pdf,1.0,N
EV-002054,northfield_industrial_components,procure_to_pay,receipt,RCV-40056,2025-12-28T10:32:00,E079,goods_received,open,received,PS638294,1.0,N
EV-002607,northfield_industrial_components,manufacturing,work_order,WO-70064,2025-12-28T11:06:00,E055,wo_closed,in_process,closed,COC-WO-70064.pdf,1.0,N
EV-002845,northfield_industrial_components,manufacturing,work_order,WO-70191,2025-12-28T11:12:00,E055,wo_closed,in_process,closed,COC-WO-70191.pdf,1.0,N
EV-002740,northfield_industrial_components,manufacturing,work_order,WO-70136,2025-12-28T11:26:00,E055,wo_closed,in_process,closed,COC-WO-70136.pdf,1.0,N
EV-002467,northfield_industrial_components,procure_to_pay,supplier_invoice,99145401,2025-12-28T11:35:00,E002,invoice_matched,received,paid,99145401,1.0,N
EV-001893,northfield_industrial_components,procure_to_pay,purchase_order,PO-31155,2025-12-28T12:57:00,E062,po_issued,draft,open,PO-31155.pdf,1.0,N
EV-001912,northfield_industrial_components,procure_to_pay,purchase_order,PO-31174,2025-12-28T16:31:00,E061,po_issued,draft,open,PO-31174.pdf,1.0,N
EV-002296,northfield_industrial_components,procure_to_pay,supplier_invoice,4317908,2025-12-28T16:43:00,E002,invoice_matched,received,paid,4317908,1.0,N
EV-001593,northfield_industrial_components,order_to_cash,customer_invoice,INV-60215,2025-12-28T17:03:00,system,payment_applied,open,paid,Lockbox,1.0,N
EV-000619,northfield_industrial_components,quote_to_order,sales_order,SO-26414,2025-12-29T08:25:00,E066,order_entered,,open,customer_po_4500674155,0.9,N
EV-000484,northfield_industrial_components,quote_to_order,sales_order,SO-26286,2025-12-29T09:39:00,E075,order_entered,,open,customer_po_4500610239,0.9,N
EV-001150,northfield_industrial_components,order_to_cash,customer_invoice,INV-60134,2025-12-29T10:25:00,E002,invoice_issued,,open,INV-60134.pdf,1.0,N
EV-000759,northfield_industrial_components,fulfillment,shipment,SH-50134,2025-12-29T11:31:00,E081,shipment_confirmed,picked,shipped,PS-SH-50134.pdf,1.0,N
EV-002906,northfield_industrial_components,quality,ncr,NCR-0007,2025-12-29T13:06:00,E057,ncr_opened,,open,RCV-40056,1.0,Y
EV-002458,northfield_industrial_components,procure_to_pay,supplier_invoice,SI225226,2025-12-29T13:32:00,E002,invoice_matched,received,paid,SI225226,1.0,N
EV-000326,northfield_industrial_components,quote_to_order,sales_order,SO-26129,2025-12-29T16:08:00,E065,order_entered,,open,customer_po_PO907961,1.0,N
EV-002725,northfield_industrial_components,manufacturing,work_order,WO-70127,2025-12-29T16:55:00,E055,wo_closed,in_process,closed,COC-WO-70127.pdf,1.0,N
EV-000604,northfield_industrial_components,quote_to_order,sales_order,SO-26400,2025-12-30T07:17:00,E067,order_entered,,open,customer_po_PO983102,0.9,N
EV-000063,northfield_industrial_components,quote_to_order,quote,Q-26063,2025-12-30T08:28:00,E067,quote_sent,draft,sent,Q-26063.pdf,1.0,N
EV-000634,northfield_industrial_components,fulfillment,shipment,SH-50009,2025-12-30T11:03:00,E099,shipment_confirmed,picked,shipped,PS-SH-50009.pdf,1.0,N
EV-001025,northfield_industrial_components,order_to_cash,customer_invoice,INV-60009,2025-12-30T12:18:00,E002,invoice_issued,,open,INV-60009.pdf,1.0,N
EV-001699,northfield_industrial_components,order_to_cash,customer_invoice,INV-60340,2025-12-30T12:52:00,system,payment_applied,open,paid,Lockbox,1.0,N
EV-002894,northfield_industrial_components,manufacturing,work_order,WO-70218,2025-12-30T13:15:00,E027,wo_released,planned,released,MRP,1.0,N
EV-000179,northfield_industrial_components,quote_to_order,quote,Q-26179,2025-12-30T14:18:00,E070,quote_sent,draft,sent,Q-26179.pdf,1.0,N
EV-002470,northfield_industrial_components,procure_to_pay,supplier_invoice,SI8806529,2025-12-30T15:47:00,E002,invoice_matched,received,paid,SI8806529,1.0,N
EV-001032,northfield_industrial_components,order_to_cash,customer_invoice,INV-60016,2025-12-30T15:53:00,E002,invoice_issued,,open,INV-60016.pdf,1.0,N
EV-002026,northfield_industrial_components,procure_to_pay,receipt,RCV-40028,2025-12-30T16:08:00,E081,goods_received,open,received,PS933197,1.0,N
EV-000641,northfield_industrial_components,fulfillment,shipment,SH-50016,2025-12-30T17:44:00,E082,shipment_confirmed,picked,shipped,PS-SH-50016.pdf,1.0,N
EV-000265,northfield_industrial_components,quote_to_order,sales_order,SO-26068,2025-12-31T07:18:00,E065,order_entered,,open,customer_po_4500904308,1.0,N
EV-002590,northfield_industrial_components,manufacturing,work_order,WO-70055,2025-12-31T09:06:00,E009,wo_released,planned,released,MRP,1.0,N
EV-000473,northfield_industrial_components,quote_to_order,sales_order,SO-26275,2025-12-31T14:59:00,E065,order_entered,,open,customer_po_4500994434,0.9,N
EV-001052,northfield_industrial_components,order_to_cash,customer_invoice,INV-60036,2025-12-31T15:00:00,E002,invoice_issued,,open,INV-60036.pdf,1.0,N
EV-001827,northfield_industrial_components,procure_to_pay,purchase_order,PO-31089,2025-12-31T16:16:00,E062,po_issued,draft,open,PO-31089.pdf,1.0,N
EV-000661,northfield_industrial_components,fulfillment,shipment,SH-50036,2025-12-31T17:06:00,E101,shipment_confirmed,picked,shipped,PS-SH-50036.pdf,1.0,N
EV-001576,northfield_industrial_components,order_to_cash,customer_invoice,INV-60196,2025-12-31T17:44:00,system,payment_applied,open,paid,Bank feed,1.0,N
EV-001214,northfield_industrial_components,order_to_cash,customer_invoice,INV-60198,2026-01-01T07:39:00,E002,invoice_issued,,open,INV-60198.pdf,1.0,N
EV-002215,northfield_industrial_components,procure_to_pay,receipt,RCV-40217,2026-01-01T07:40:00,E083,goods_received,open,received,PS688086,0.85,Y
EV-000823,northfield_industrial_components,fulfillment,shipment,SH-50198,2026-01-01T07:48:00,E081,shipment_confirmed,picked,shipped,PS-SH-50198.pdf,1.0,N
EV-001641,northfield_industrial_components,order_to_cash,customer_invoice,INV-60267,2026-01-01T10:57:00,system,payment_applied,open,paid,Lockbox,1.0,N
EV-002180,northfield_industrial_components,procure_to_pay,receipt,RCV-40182,2026-01-01T15:00:00,E104,goods_received,open,received,PS865174,1.0,N
EV-002729,northfield_industrial_components,manufacturing,work_order,WO-70130,2026-01-01T15:57:00,E046,wo_released,planned,released,MRP,1.0,N
EV-000573,northfield_industrial_components,quote_to_order,sales_order,SO-26369,2026-01-02T07:57:00,E075,order_entered,,open,customer_po_PO139905,0.9,N
EV-000827,northfield_industrial_components,fulfillment,shipment,SH-50202,2026-01-02T08:31:00,E103,shipment_confirmed,picked,shipped,PS-SH-50202.pdf,1.0,N
EV-001716,northfield_industrial_components,order_to_cash,customer_invoice,INV-60361,2026-01-02T09:25:00,system,payment_applied,open,paid,Email remittance,0.95,N
EV-000836,northfield_industrial_components,fulfillment,shipment,SH-50211,2026-01-02T11:20:00,E100,shipment_confirmed,picked,shipped,PS-SH-50211.pdf,1.0,N
EV-001227,northfield_industrial_components,order_to_cash,customer_invoice,INV-60211,2026-01-02T12:31:00,E002,invoice_issued,,open,INV-60211.pdf,1.0,N
EV-001464,northfield_industrial_components,order_to_cash,customer_invoice,INV-60067,2026-01-02T12:55:00,system,payment_applied,open,paid,Email remittance,0.95,N
EV-001218,northfield_industrial_components,order_to_cash,customer_invoice,INV-60202,2026-01-02T13:04:00,E002,invoice_issued,,open,INV-60202.pdf,1.0,N
EV-000418,northfield_industrial_components,quote_to_order,sales_order,SO-26221,2026-01-02T14:37:00,E075,order_entered,,open,customer_po_4500317147,1.0,N
EV-000490,northfield_industrial_components,quote_to_order,sales_order,SO-26291,2026-01-03T07:49:00,E065,order_entered,,open,customer_po_PO385297,0.9,N
EV-000806,northfield_industrial_components,fulfillment,shipment,SH-50181,2026-01-03T12:20:00,E099,shipment_confirmed,picked,shipped,PS-SH-50181.pdf,1.0,N
EV-001197,northfield_industrial_components,order_to_cash,customer_invoice,INV-60181,2026-01-03T12:45:00,E002,invoice_issued,,open,INV-60181.pdf,1.0,N
EV-002693,northfield_industrial_components,manufacturing,work_order,WO-70110,2026-01-03T12:49:00,E055,wo_closed,in_process,closed,COC-WO-70110.pdf,1.0,N
EV-001904,northfield_industrial_components,procure_to_pay,purchase_order,PO-31166,2026-01-03T13:39:00,E063,po_issued,draft,open,PO-31166.pdf,1.0,N
EV-000858,northfield_industrial_components,fulfillment,shipment,SH-50233,2026-01-03T14:31:00,E103,shipment_confirmed,picked,shipped,PS-SH-50233.pdf,1.0,N
EV-001249,northfield_industrial_components,order_to_cash,customer_invoice,INV-60233,2026-01-03T17:34:00,E002,invoice_issued,,open,INV-60233.pdf,1.0,N
EV-000466,northfield_industrial_components,quote_to_order,sales_order,SO-26268,2026-01-03T17:42:00,E066,order_entered,,open,customer_po_P863707,1.0,N
EV-000380,northfield_industrial_components,quote_to_order,sales_order,SO-26183,2026-01-04T07:54:00,E067,order_entered,,open,customer_po_PUR-933446,0.9,N
EV-000654,northfield_industrial_components,fulfillment,shipment,SH-50029,2026-01-04T08:40:00,E100,shipment_confirmed,picked,shipped,PS-SH-50029.pdf,1.0,N
EV-001045,northfield_industrial_components,order_to_cash,customer_invoice,INV-60029,2026-01-04T09:21:00,E002,invoice_issued,,open,INV-60029.pdf,1.0,N
EV-001233,northfield_industrial_components,order_to_cash,customer_invoice,INV-60217,2026-01-04T10:23:00,E002,invoice_issued,,open,INV-60217.pdf,1.0,N
EV-000408,northfield_industrial_components,quote_to_order,sales_order,SO-26211,2026-01-04T11:21:00,E065,order_entered,,open,customer_po_4500312302,0.9,N
EV-000617,northfield_industrial_components,quote_to_order,sales_order,SO-26412,2026-01-04T12:30:00,E066,order_entered,,open,customer_po_P245169,1.0,N
EV-002242,northfield_industrial_components,procure_to_pay,receipt,RCV-40244,2026-01-04T14:27:00,E080,goods_received,open,received,PS403367,1.0,N
EV-001084,northfield_industrial_components,order_to_cash,customer_invoice,INV-60068,2026-01-04T14:31:00,E002,invoice_issued,,open,INV-60068.pdf,1.0,N
EV-002703,northfield_industrial_components,manufacturing,work_order,WO-70116,2026-01-04T14:54:00,E100,wo_released,planned,released,MRP,1.0,N
EV-002273,northfield_industrial_components,procure_to_pay,supplier_invoice,3109501,2026-01-04T14:57:00,E002,invoice_matched,received,paid,3109501,1.0,N
EV-000842,northfield_industrial_components,fulfillment,shipment,SH-50217,2026-01-04T16:01:00,E104,shipment_confirmed,picked,shipped,PS-SH-50217.pdf,1.0,N
EV-002680,northfield_industrial_components,manufacturing,work_order,WO-70103,2026-01-04T16:21:00,E055,wo_closed,in_process,closed,COC-WO-70103.pdf,1.0,N
EV-001788,northfield_industrial_components,procure_to_pay,purchase_order,PO-31050,2026-01-04T17:07:00,E062,po_issued,draft,open,PO-31050.pdf,1.0,N
EV-000187,northfield_industrial_components,quote_to_order,quote,Q-26187,2026-01-04T17:39:00,E068,quote_sent,draft,sent,Q-26187.pdf,1.0,N
EV-000693,northfield_industrial_components,fulfillment,shipment,SH-50068,2026-01-04T17:42:00,E105,shipment_confirmed,picked,shipped,PS-SH-50068.pdf,1.0,N
EV-002059,northfield_industrial_components,procure_to_pay,receipt,RCV-40061,2026-01-05T07:19:00,E103,goods_received,open,received,PS353059,1.0,N
EV-000577,northfield_industrial_components,quote_to_order,sales_order,SO-26373,2026-01-05T09:23:00,E066,order_entered,,open,customer_po_P387271,0.9,N
EV-001829,northfield_industrial_components,procure_to_pay,purchase_order,PO-31091,2026-01-05T09:40:00,E063,po_issued,draft,open,PO-31091.pdf,1.0,N
EV-002207,northfield_industrial_components,procure_to_pay,receipt,RCV-40209,2026-01-05T11:41:00,E077,goods_received,open,received,PS614543,1.0,N
EV-002200,northfield_industrial_components,procure_to_pay,receipt,RCV-40202,2026-01-05T13:14:00,E083,goods_received,open,received,PS324658,1.0,N
EV-001594,northfield_industrial_components,order_to_cash,customer_invoice,INV-60216,2026-01-05T13:34:00,system,payment_applied,open,paid,Bank feed,1.0,N
EV-001794,northfield_industrial_components,procure_to_pay,purchase_order,PO-31056,2026-01-05T15:11:00,E060,po_issued,draft,open,PO-31056.pdf,1.0,N
EV-002235,northfield_industrial_components,procure_to_pay,receipt,RCV-40237,2026-01-05T15:23:00,E080,goods_received,open,received,PS488062,1.0,N
EV-000175,northfield_industrial_components,quote_to_order,quote,Q-26175,2026-01-05T16:00:00,E067,quote_sent,draft,sent,Q-26175.pdf,1.0,N
EV-000664,northfield_industrial_components,fulfillment,shipment,SH-50039,2026-01-06T07:04:00,E083,shipment_confirmed,picked,shipped,PS-SH-50039.pdf,1.0,N
EV-000064,northfield_industrial_components,quote_to_order,quote,Q-26064,2026-01-06T09:37:00,E070,quote_sent,draft,sent,Q-26064.pdf,1.0,N
EV-001538,northfield_industrial_components,order_to_cash,customer_invoice,INV-60150,2026-01-06T11:43:00,system,payment_applied,open,paid,Lockbox,1.0,N
EV-002462,northfield_industrial_components,procure_to_pay,supplier_invoice,3657413,2026-01-06T12:05:00,E002,invoice_matched,received,paid,3657413,1.0,N
EV-001055,northfield_industrial_components,order_to_cash,customer_invoice,INV-60039,2026-01-06T13:42:00,E002,invoice_issued,,open,INV-60039.pdf,1.0,N
EV-002447,northfield_industrial_components,procure_to_pay,supplier_invoice,98738245,2026-01-06T15:15:00,E002,invoice_matched,received,paid,98738245,1.0,N
EV-000303,northfield_industrial_components,quote_to_order,sales_order,SO-26106,2026-01-07T09:55:00,E073,order_entered,,open,customer_po_PO606870,1.0,N
EV-001871,northfield_industrial_components,procure_to_pay,purchase_order,PO-31133,2026-01-07T10:16:00,E063,po_issued,draft,open,PO-31133.pdf,1.0,N
EV-001338,northfield_industrial_components,order_to_cash,customer_invoice,INV-60322,2026-01-07T14:19:00,E002,invoice_issued,,open,INV-60322.pdf,1.0,N
EV-002635,northfield_industrial_components,manufacturing,work_order,WO-70079,2026-01-07T15:53:00,E055,wo_closed,in_process,closed,COC-WO-70079.pdf,1.0,N
EV-000947,northfield_industrial_components,fulfillment,shipment,SH-50322,2026-01-07T15:57:00,E100,shipment_confirmed,picked,shipped,PS-SH-50322.pdf,1.0,N
EV-001863,northfield_industrial_components,procure_to_pay,purchase_order,PO-31125,2026-01-08T07:56:00,E060,po_issued,draft,open,PO-31125.pdf,1.0,N
EV-000881,northfield_industrial_components,fulfillment,shipment,SH-50256,2026-01-08T09:57:00,E104,shipment_confirmed,picked,shipped,PS-SH-50256.pdf,1.0,N
EV-001472,northfield_industrial_components,order_to_cash,customer_invoice,INV-60076,2026-01-08T10:13:00,system,payment_applied,open,paid,Lockbox,1.0,N
EV-001272,northfield_industrial_components,order_to_cash,customer_invoice,INV-60256,2026-01-08T12:33:00,E002,invoice_issued,,open,INV-60256.pdf,1.0,N
EV-002941,northfield_industrial_components,returns,rma,RMA-0026,2026-01-08T12:56:00,E065,rma_approved,requested,approved,INV-60220,1.0,N
EV-000222,northfield_industrial_components,quote_to_order,sales_order,SO-26025,2026-01-08T16:47:00,E074,order_entered,,open,customer_po_4500490461,1.0,N
EV-001537,northfield_industrial_components,order_to_cash,customer_invoice,INV-60149,2026-01-09T07:23:00,system,payment_applied,open,paid,Email remittance,0.95,N
EV-000085,northfield_industrial_components,quote_to_order,quote,Q-26085,2026-01-09T07:29:00,E064,quote_sent,draft,sent,Q-26085.pdf,1.0,N
EV-002578,northfield_industrial_components,manufacturing,work_order,WO-70048,2026-01-09T09:27:00,E055,wo_closed,in_process,closed,COC-WO-70048.pdf,1.0,N
EV-002489,northfield_industrial_components,procure_to_pay,supplier_invoice,99280050,2026-01-09T09:49:00,E002,invoice_matched,received,paid,99280050,1.0,N
EV-002001,northfield_industrial_components,procure_to_pay,receipt,RCV-40003,2026-01-09T11:15:00,E104,goods_received,open,received,PS851120,0.85,Y
EV-001456,northfield_industrial_components,order_to_cash,customer_invoice,INV-60056,2026-01-09T11:17:00,system,payment_applied,open,paid,Email remittance,0.95,N
EV-001832,northfield_industrial_components,procure_to_pay,purchase_order,PO-31094,2026-01-09T12:17:00,E060,po_issued,draft,open,PO-31094.pdf,1.0,N
EV-001451,northfield_industrial_components,order_to_cash,customer_invoice,INV-60050,2026-01-09T14:26:00,system,payment_applied,open,paid,Email remittance,0.95,N
EV-002301,northfield_industrial_components,procure_to_pay,supplier_invoice,91640772,2026-01-09T14:41:00,E002,invoice_matched,received,paid,91640772,1.0,N
EV-000540,northfield_industrial_components,quote_to_order,sales_order,SO-26337,2026-01-09T15:01:00,E073,order_entered,,open,customer_po_P667527,1.0,N
EV-002911,northfield_industrial_components,quality,ncr,NCR-0012,2026-01-09T15:45:00,E056,ncr_opened,,open,WO-70048,1.0,Y
EV-000185,northfield_industrial_components,quote_to_order,quote,Q-26185,2026-01-09T16:27:00,E072,quote_sent,draft,sent,Q-26185.pdf,1.0,N
EV-001087,northfield_industrial_components,order_to_cash,customer_invoice,INV-60071,2026-01-10T11:20:00,E002,invoice_issued,,open,INV-60071.pdf,1.0,N
EV-002454,northfield_industrial_components,procure_to_pay,supplier_invoice,93331535,2026-01-10T12:25:00,E002,invoice_matched,received,paid,93331535,1.0,N
EV-001301,northfield_industrial_components,order_to_cash,customer_invoice,INV-60285,2026-01-10T15:43:00,E002,invoice_issued,,open,INV-60285.pdf,1.0,N
EV-002203,northfield_industrial_components,procure_to_pay,receipt,RCV-40205,2026-01-10T16:38:00,E076,goods_received,open,received,PS739050,1.0,N
EV-000910,northfield_industrial_components,fulfillment,shipment,SH-50285,2026-01-10T16:57:00,E104,shipment_confirmed,picked,shipped,PS-SH-50285.pdf,1.0,N
EV-000696,northfield_industrial_components,fulfillment,shipment,SH-50071,2026-01-10T17:51:00,E079,shipment_confirmed,picked,shipped,PS-SH-50071.pdf,1.0,N
EV-001066,northfield_industrial_components,order_to_cash,customer_invoice,INV-60050,2026-01-11T09:09:00,E002,invoice_issued,,open,INV-60050.pdf,1.0,N
EV-000323,northfield_industrial_components,quote_to_order,sales_order,SO-26126,2026-01-11T12:22:00,E067,order_entered,,open,customer_po_PO257664,0.9,N
EV-002427,northfield_industrial_components,procure_to_pay,supplier_invoice,131082,2026-01-11T12:37:00,E002,invoice_matched,received,paid,131082,1.0,N
EV-000441,northfield_industrial_components,quote_to_order,sales_order,SO-26244,2026-01-11T13:04:00,E067,order_entered,,open,customer_po_4500408005,1.0,N
EV-000013,northfield_industrial_components,quote_to_order,quote,Q-26013,2026-01-11T13:24:00,E070,quote_sent,draft,sent,Q-26013.pdf,1.0,N
EV-001979,northfield_industrial_components,procure_to_pay,purchase_order,PO-31241,2026-01-11T15:01:00,E062,po_issued,draft,open,PO-31241.pdf,1.0,N
EV-001937,northfield_industrial_components,procure_to_pay,purchase_order,PO-31199,2026-01-11T15:04:00,E063,po_issued,draft,open,PO-31199.pdf,1.0,N
EV-001599,northfield_industrial_components,order_to_cash,customer_invoice,INV-60221,2026-01-11T17:25:00,system,payment_applied,open,paid,Portal,1.0,N
EV-000675,northfield_industrial_components,fulfillment,shipment,SH-50050,2026-01-11T17:37:00,E083,shipment_confirmed,picked,shipped,PS-SH-50050.pdf,1.0,N
EV-000309,northfield_industrial_components,quote_to_order,sales_order,SO-26112,2026-01-12T07:28:00,E068,order_entered,,open,customer_po_P209590,0.9,N
EV-002218,northfield_industrial_components,procure_to_pay,receipt,RCV-40220,2026-01-12T08:02:00,E081,goods_received,open,received,PS908871,0.85,Y
EV-001503,northfield_industrial_components,order_to_cash,customer_invoice,INV-60111,2026-01-12T08:40:00,system,payment_applied,open,paid,Email remittance,0.95,N
EV-000481,northfield_industrial_components,quote_to_order,sales_order,SO-26283,2026-01-12T09:55:00,E068,order_entered,,open,customer_po_PO176959,0.9,N
EV-001993,northfield_industrial_components,procure_to_pay,purchase_order,PO-31255,2026-01-12T10:34:00,E061,po_issued,draft,open,PO-31255.pdf,1.0,N
EV-000234,northfield_industrial_components,quote_to_order,sales_order,SO-26037,2026-01-12T12:01:00,E065,order_entered,,open,customer_po_PUR-647455,1.0,N
EV-001673,northfield_industrial_components,order_to_cash,customer_invoice,INV-60305,2026-01-12T12:44:00,system,payment_applied,open,paid,Portal,1.0,N
EV-000367,northfield_industrial_components,quote_to_order,sales_order,SO-26170,2026-01-12T13:11:00,E073,order_entered,,open,customer_po_P751847,0.9,N
EV-001796,northfield_industrial_components,procure_to_pay,purchase_order,PO-31058,2026-01-12T15:09:00,E061,po_issued,draft,open,PO-31058.pdf,1.0,N
EV-002482,northfield_industrial_components,procure_to_pay,supplier_invoice,9039846,2026-01-12T15:39:00,E002,invoice_matched,received,paid,9039846,1.0,N
EV-001563,northfield_industrial_components,order_to_cash,customer_invoice,INV-60182,2026-01-12T15:49:00,system,payment_applied,open,paid,Portal,1.0,N
EV-000874,northfield_industrial_components,fulfillment,shipment,SH-50249,2026-01-13T09:06:00,E102,shipment_confirmed,picked,shipped,PS-SH-50249.pdf,1.0,N
EV-002895,northfield_industrial_components,manufacturing,work_order,WO-70218,2026-01-13T09:48:00,E055,wo_closed,in_process,closed,COC-WO-70218.pdf,1.0,N
EV-001433,northfield_industrial_components,order_to_cash,customer_invoice,INV-60028,2026-01-13T10:16:00,system,payment_applied,open,paid,Email remittance,0.95,N
EV-002919,northfield_industrial_components,returns,rma,RMA-0004,2026-01-13T11:13:00,E068,rma_approved,requested,approved,INV-60290,1.0,N
EV-001265,northfield_industrial_components,order_to_cash,customer_invoice,INV-60249,2026-01-13T11:15:00,E002,invoice_issued,,open,INV-60249.pdf,1.0,N
EV-000345,northfield_industrial_components,quote_to_order,sales_order,SO-26148,2026-01-13T11:18:00,E066,order_entered,,open,customer_po_4500875504,0.9,N
EV-001667,northfield_industrial_components,order_to_cash,customer_invoice,INV-60298,2026-01-13T12:04:00,system,payment_applied,open,paid,Portal,1.0,N
EV-001876,northfield_industrial_components,procure_to_pay,purchase_order,PO-31138,2026-01-13T14:18:00,E061,po_issued,draft,open,PO-31138.pdf,1.0,N
EV-001725,northfield_industrial_components,order_to_cash,customer_invoice,INV-60374,2026-01-13T14:26:00,system,payment_applied,open,paid,Email remittance,0.95,N
EV-001564,northfield_industrial_components,order_to_cash,customer_invoice,INV-60183,2026-01-13T15:06:00,system,payment_applied,open,paid,Lockbox,1.0,N
EV-001940,northfield_industrial_components,procure_to_pay,purchase_order,PO-31202,2026-01-13T15:48:00,E062,po_issued,draft,open,PO-31202.pdf,1.0,N
EV-001707,northfield_industrial_components,order_to_cash,customer_invoice,INV-60350,2026-01-13T16:28:00,system,payment_applied,open,paid,Portal,1.0,N
EV-000589,northfield_industrial_components,quote_to_order,sales_order,SO-26385,2026-01-14T11:36:00,E066,order_entered,,open,customer_po_PO211303,0.9,N
EV-000729,northfield_industrial_components,fulfillment,shipment,SH-50104,2026-01-14T12:17:00,E079,shipment_confirmed,picked,shipped,PS-SH-50104.pdf,1.0,N
EV-001922,northfield_industrial_components,procure_to_pay,purchase_order,PO-31184,2026-01-14T13:41:00,E060,po_issued,draft,open,PO-31184.pdf,1.0,N
EV-002732,northfield_industrial_components,manufacturing,work_order,WO-70132,2026-01-14T13:45:00,E086,wo_released,planned,released,MRP,1.0,N
EV-002097,northfield_industrial_components,procure_to_pay,receipt,RCV-40099,2026-01-14T14:02:00,E076,goods_received,open,received,PS704827,1.0,N
EV-001120,northfield_industrial_components,order_to_cash,customer_invoice,INV-60104,2026-01-14T14:11:00,E002,invoice_issued,,open,INV-60104.pdf,1.0,N
EV-001144,northfield_industrial_components,order_to_cash,customer_invoice,INV-60128,2026-01-15T07:26:00,E002,invoice_issued,,open,INV-60128.pdf,1.0,N
EV-001927,northfield_industrial_components,procure_to_pay,purchase_order,PO-31189,2026-01-15T08:13:00,E061,po_issued,draft,open,PO-31189.pdf,1.0,N
EV-000360,northfield_industrial_components,quote_to_order,sales_order,SO-26163,2026-01-15T09:14:00,E075,order_entered,,open,customer_po_P437876,1.0,N
EV-002704,northfield_industrial_components,manufacturing,work_order,WO-70116,2026-01-15T10:48:00,E055,wo_closed,in_process,closed,COC-WO-70116.pdf,1.0,N
EV-001873,northfield_industrial_components,procure_to_pay,purchase_order,PO-31135,2026-01-15T14:13:00,E063,po_issued,draft,open,PO-31135.pdf,1.0,N
EV-000753,northfield_industrial_components,fulfillment,shipment,SH-50128,2026-01-15T14:26:00,E102,shipment_confirmed,picked,shipped,PS-SH-50128.pdf,1.0,N
EV-002144,northfield_industrial_components,procure_to_pay,receipt,RCV-40146,2026-01-15T15:17:00,E101,goods_received,open,received,PS640168,1.0,N
EV-001536,northfield_industrial_components,order_to_cash,customer_invoice,INV-60148,2026-01-15T16:29:00,system,payment_applied,open,paid,Lockbox,1.0,N
EV-002248,northfield_industrial_components,procure_to_pay,supplier_invoice,706779,2026-01-15T17:32:00,E002,invoice_matched,received,paid,706779,1.0,N
EV-000605,northfield_industrial_components,quote_to_order,sales_order,SO-26401,2026-01-16T08:23:00,E066,order_entered,,open,customer_po_PO796545,0.9,N
EV-001234,northfield_industrial_components,order_to_cash,customer_invoice,INV-60218,2026-01-16T09:26:00,E002,invoice_issued,,open,INV-60218.pdf,1.0,N
EV-001976,northfield_industrial_components,procure_to_pay,purchase_order,PO-31238,2026-01-16T09:36:00,E062,po_issued,draft,open,PO-31238.pdf,1.0,N
EV-000325,northfield_industrial_components,quote_to_order,sales_order,SO-26128,2026-01-16T11:47:00,E075,order_entered,,open,customer_po_4500126344,0.9,N
EV-000258,northfield_industrial_components,quote_to_order,sales_order,SO-26061,2026-01-16T12:03:00,E068,order_entered,,open,customer_po_PO284863,0.9,N
EV-000843,northfield_industrial_components,fulfillment,shipment,SH-50218,2026-01-16T13:26:00,E103,shipment_confirmed,picked,shipped,PS-SH-50218.pdf,1.0,N
EV-002084,northfield_industrial_components,procure_to_pay,receipt,RCV-40086,2026-01-16T14:07:00,E106,goods_received,open,received,PS847376,1.0,N
EV-000324,northfield_industrial_components,quote_to_order,sales_order,SO-26127,2026-01-16T17:41:00,E074,order_entered,,open,customer_po_PUR-206728,0.9,N
EV-002827,northfield_industrial_components,manufacturing,work_order,WO-70182,2026-01-17T07:38:00,E044,wo_released,planned,released,MRP,1.0,N
EV-002738,northfield_industrial_components,manufacturing,work_order,WO-70135,2026-01-17T08:20:00,E055,wo_closed,in_process,closed,COC-WO-70135.pdf,1.0,N
EV-002306,northfield_industrial_components,procure_to_pay,supplier_invoice,INV5453534,2026-01-17T08:32:00,E002,invoice_matched,received,paid,INV5453534,1.0,N
EV-002881,northfield_industrial_components,manufacturing,work_order,WO-70210,2026-01-17T10:44:00,E055,wo_closed,in_process,closed,COC-WO-70210.pdf,1.0,N
EV-001989,northfield_industrial_components,procure_to_pay,purchase_order,PO-31251,2026-01-18T11:38:00,E063,po_issued,draft,open,PO-31251.pdf,1.0,N
EV-000601,northfield_industrial_components,quote_to_order,sales_order,SO-26397,2026-01-18T14:16:00,E064,order_entered,,open,customer_po_PO650775,1.0,N
EV-002465,northfield_industrial_components,procure_to_pay,supplier_invoice,SI4785499,2026-01-18T14:19:00,E002,invoice_matched,received,paid,SI4785499,1.0,N
EV-001463,northfield_industrial_components,order_to_cash,customer_invoice,INV-60066,2026-01-18T16:46:00,system,payment_applied,open,paid,Lockbox,1.0,N
EV-000983,northfield_industrial_components,fulfillment,shipment,SH-50358,2026-01-19T07:42:00,E079,shipment_confirmed,picked,shipped,PS-SH-50358.pdf,1.0,N
EV-001698,northfield_industrial_components,order_to_cash,customer_invoice,INV-60339,2026-01-19T08:00:00,system,payment_applied,open,paid,Portal,1.0,N
EV-001549,northfield_industrial_components,order_to_cash,customer_invoice,INV-60166,2026-01-19T08:14:00,system,payment_applied,open,paid,Bank feed,1.0,N
EV-000594,northfield_industrial_components,quote_to_order,sales_order,SO-26390,2026-01-19T11:12:00,E073,order_entered,,open,customer_po_P893995,1.0,N
EV-001374,northfield_industrial_components,order_to_cash,customer_invoice,INV-60358,2026-01-19T12:43:00,E002,invoice_issued,,open,INV-60358.pdf,1.0,N
EV-000384,northfield_industrial_components,quote_to_order,sales_order,SO-26187,2026-01-20T08:17:00,E075,order_entered,,open,customer_po_PUR-115724,0.9,N
EV-002391,northfield_industrial_components,procure_to_pay,supplier_invoice,SI3687653,2026-01-20T10:50:00,E002,invoice_matched,received,paid,SI3687653,1.0,N
EV-001580,northfield_industrial_components,order_to_cash,customer_invoice,INV-60200,2026-01-20T14:38:00,system,payment_applied,open,paid,Email remittance,0.95,N
EV-002591,northfield_industrial_components,manufacturing,work_order,WO-70055,2026-01-21T07:22:00,E055,wo_closed,in_process,closed,COC-WO-70055.pdf,1.0,N
EV-001388,northfield_industrial_components,order_to_cash,customer_invoice,INV-60372,2026-01-21T08:17:00,E002,invoice_issued,,open,INV-60372.pdf,1.0,N
EV-001510,northfield_industrial_components,order_to_cash,customer_invoice,INV-60119,2026-01-21T09:05:00,system,payment_applied,open,paid,Bank feed,1.0,N
EV-000970,northfield_industrial_components,fulfillment,shipment,SH-50345,2026-01-21T09:31:00,E081,shipment_confirmed,picked,shipped,PS-SH-50345.pdf,1.0,N
EV-001843,northfield_industrial_components,procure_to_pay,purchase_order,PO-31105,2026-01-21T10:22:00,E062,po_issued,draft,open,PO-31105.pdf,1.0,N
EV-001631,northfield_industrial_components,order_to_cash,customer_invoice,INV-60255,2026-01-21T10:25:00,system,payment_applied,open,paid,Portal,1.0,N
EV-002655,northfield_industrial_components,manufacturing,work_order,WO-70090,2026-01-21T10:29:00,E093,wo_released,planned,released,MRP,1.0,N
EV-002450,northfield_industrial_components,procure_to_pay,supplier_invoice,5015556,2026-01-21T11:37:00,E002,invoice_matched,received,paid,5015556,1.0,N
EV-000997,northfield_industrial_components,fulfillment,shipment,SH-50372,2026-01-21T12:25:00,E100,shipment_confirmed,picked,shipped,PS-SH-50372.pdf,1.0,N
EV-001010,northfield_industrial_components,fulfillment,shipment,SH-50385,2026-01-21T12:55:00,E105,shipment_confirmed,picked,shipped,PS-SH-50385.pdf,1.0,N
EV-001965,northfield_industrial_components,procure_to_pay,purchase_order,PO-31227,2026-01-21T13:21:00,E062,po_issued,draft,open,PO-31227.pdf,1.0,N
EV-002344,northfield_industrial_components,procure_to_pay,supplier_invoice,98491932,2026-01-21T16:20:00,E002,invoice_matched,received,paid,98491932,1.0,N
EV-001361,northfield_industrial_components,order_to_cash,customer_invoice,INV-60345,2026-01-21T16:52:00,E002,invoice_issued,,open,INV-60345.pdf,1.0,N
EV-001401,northfield_industrial_components,order_to_cash,customer_invoice,INV-60385,2026-01-21T17:36:00,E002,invoice_issued,,open,INV-60385.pdf,1.0,N
EV-000832,northfield_industrial_components,fulfillment,shipment,SH-50207,2026-01-22T07:19:00,E106,shipment_confirmed,picked,shipped,PS-SH-50207.pdf,1.0,N
EV-001223,northfield_industrial_components,order_to_cash,customer_invoice,INV-60207,2026-01-22T09:26:00,E002,invoice_issued,,open,INV-60207.pdf,1.0,N
EV-002178,northfield_industrial_components,procure_to_pay,receipt,RCV-40180,2026-01-22T09:32:00,E104,goods_received,open,received,PS766761,1.0,N
EV-001186,northfield_industrial_components,order_to_cash,customer_invoice,INV-60170,2026-01-22T16:49:00,E002,invoice_issued,,open,INV-60170.pdf,1.0,N
EV-000795,northfield_industrial_components,fulfillment,shipment,SH-50170,2026-01-22T17:17:00,E105,shipment_confirmed,picked,shipped,PS-SH-50170.pdf,1.0,N
EV-001750,northfield_industrial_components,procure_to_pay,purchase_order,PO-31012,2026-01-22T17:35:00,E062,po_issued,draft,open,PO-31012.pdf,1.0,N
EV-002331,northfield_industrial_components,procure_to_pay,supplier_invoice,6104089,2026-01-23T07:14:00,E002,invoice_matched,received,paid,6104089,1.0,N
EV-001466,northfield_industrial_components,order_to_cash,customer_invoice,INV-60069,2026-01-23T07:41:00,system,payment_applied,open,paid,Portal,1.0,N
EV-001889,northfield_industrial_components,procure_to_pay,purchase_order,PO-31151,2026-01-23T08:02:00,E061,po_issued,draft,open,PO-31151.pdf,1.0,N
EV-001666,northfield_industrial_components,order_to_cash,customer_invoice,INV-60297,2026-01-23T15:10:00,system,payment_applied,open,paid,Lockbox,1.0,N
EV-002173,northfield_industrial_components,procure_to_pay,receipt,RCV-40175,2026-01-24T10:28:00,E100,goods_received,open,received,PS186838,1.0,N
EV-000568,northfield_industrial_components,quote_to_order,sales_order,SO-26364,2026-01-24T12:42:00,E073,order_entered,,open,customer_po_PO316198,1.0,N
EV-000587,northfield_industrial_components,quote_to_order,sales_order,SO-26383,2026-01-25T09:09:00,E065,order_entered,,open,customer_po_PUR-596653,0.9,N
EV-002572,northfield_industrial_components,manufacturing,work_order,WO-70045,2026-01-25T10:14:00,E024,wo_released,planned,released,MRP,1.0,N
EV-002227,northfield_industrial_components,procure_to_pay,receipt,RCV-40229,2026-01-25T10:42:00,E104,goods_received,open,received,PS272980,0.85,Y
EV-002124,northfield_industrial_components,procure_to_pay,receipt,RCV-40126,2026-01-25T11:28:00,E100,goods_received,open,received,PS647013,1.0,N
EV-000456,northfield_industrial_components,quote_to_order,sales_order,SO-26258,2026-01-25T12:00:00,E073,order_entered,,open,customer_po_P192636,0.9,N
EV-001619,northfield_industrial_components,order_to_cash,customer_invoice,INV-60241,2026-01-25T17:27:00,system,payment_applied,open,paid,Lockbox,1.0,N
EV-001359,northfield_industrial_components,order_to_cash,customer_invoice,INV-60343,2026-01-26T07:57:00,E002,invoice_issued,,open,INV-60343.pdf,1.0,N
EV-000743,northfield_industrial_components,fulfillment,shipment,SH-50118,2026-01-26T11:46:00,E080,shipment_confirmed,picked,shipped,PS-SH-50118.pdf,1.0,N
EV-000894,northfield_industrial_components,fulfillment,shipment,SH-50269,2026-01-26T13:15:00,E104,shipment_confirmed,picked,shipped,PS-SH-50269.pdf,1.0,N
EV-001134,northfield_industrial_components,order_to_cash,customer_invoice,INV-60118,2026-01-26T13:41:00,E002,invoice_issued,,open,INV-60118.pdf,1.0,N
EV-000968,northfield_industrial_components,fulfillment,shipment,SH-50343,2026-01-26T13:56:00,E081,shipment_confirmed,picked,shipped,PS-SH-50343.pdf,1.0,N
EV-001611,northfield_industrial_components,order_to_cash,customer_invoice,INV-60233,2026-01-26T15:51:00,system,payment_applied,open,paid,Email remittance,0.95,N
EV-001285,northfield_industrial_components,order_to_cash,customer_invoice,INV-60269,2026-01-26T16:55:00,E002,invoice_issued,,open,INV-60269.pdf,1.0,N
EV-002425,northfield_industrial_components,procure_to_pay,supplier_invoice,99669115,2026-01-26T17:03:00,E002,invoice_matched,received,paid,99669115,1.0,N
EV-001718,northfield_industrial_components,order_to_cash,customer_invoice,INV-60364,2026-01-26T17:43:00,system,payment_applied,open,paid,Lockbox,1.0,N
EV-001638,northfield_industrial_components,order_to_cash,customer_invoice,INV-60264,2026-01-27T07:22:00,system,payment_applied,open,paid,Bank feed,1.0,N
EV-001274,northfield_industrial_components,order_to_cash,customer_invoice,INV-60258,2026-01-27T07:49:00,E002,invoice_issued,,open,INV-60258.pdf,1.0,N
EV-001213,northfield_industrial_components,order_to_cash,customer_invoice,INV-60197,2026-01-27T07:58:00,E002,invoice_issued,,open,INV-60197.pdf,1.0,N
EV-000495,northfield_industrial_components,quote_to_order,sales_order,SO-26296,2026-01-27T10:51:00,E066,order_entered,,open,customer_po_PO864168,0.9,N
EV-000583,northfield_industrial_components,quote_to_order,sales_order,SO-26379,2026-01-27T12:08:00,E068,order_entered,,open,customer_po_4500535210,0.9,N
EV-000822,northfield_industrial_components,fulfillment,shipment,SH-50197,2026-01-27T12:13:00,E078,shipment_confirmed,picked,shipped,PS-SH-50197.pdf,1.0,N
EV-001686,northfield_industrial_components,order_to_cash,customer_invoice,INV-60321,2026-01-27T12:30:00,system,payment_applied,open,paid,Lockbox,1.0,N
EV-000883,northfield_industrial_components,fulfillment,shipment,SH-50258,2026-01-27T16:04:00,E083,shipment_confirmed,picked,shipped,PS-SH-50258.pdf,1.0,N
EV-002608,northfield_industrial_components,manufacturing,work_order,WO-70065,2026-01-28T07:32:00,E050,wo_released,planned,released,MRP,1.0,N
EV-002733,northfield_industrial_components,manufacturing,work_order,WO-70132,2026-01-28T09:20:00,E055,wo_closed,in_process,closed,COC-WO-70132.pdf,1.0,N
EV-000982,northfield_industrial_components,fulfillment,shipment,SH-50357,2026-01-28T09:38:00,E103,shipment_confirmed,picked,shipped,PS-SH-50357.pdf,1.0,N
EV-001373,northfield_industrial_components,order_to_cash,customer_invoice,INV-60357,2026-01-28T11:14:00,E002,invoice_issued,,open,INV-60357.pdf,1.0,N
EV-002000,northfield_industrial_components,procure_to_pay,receipt,RCV-40002,2026-01-28T11:43:00,E103,goods_received,open,received,PS777866,1.0,N
EV-001786,northfield_industrial_components,procure_to_pay,purchase_order,PO-31048,2026-01-28T14:27:00,E063,po_issued,draft,open,PO-31048.pdf,1.0,N
EV-001771,northfield_industrial_components,procure_to_pay,purchase_order,PO-31033,2026-01-28T15:43:00,E060,po_issued,draft,open,PO-31033.pdf,1.0,N
EV-002557,northfield_industrial_components,manufacturing,work_order,WO-70037,2026-01-28T15:54:00,E088,wo_released,planned,released,MRP,1.0,N
EV-002885,northfield_industrial_components,manufacturing,work_order,WO-70213,2026-01-28T17:13:00,E090,wo_released,planned,released,MRP,1.0,N
EV-002828,northfield_industrial_components,manufacturing,work_order,WO-70182,2026-01-28T17:56:00,E055,wo_closed,in_process,closed,COC-WO-70182.pdf,1.0,N
EV-000689,northfield_industrial_components,fulfillment,shipment,SH-50064,2026-01-29T08:26:00,E101,shipment_confirmed,picked,shipped,PS-SH-50064.pdf,1.0,N
EV-001282,northfield_industrial_components,order_to_cash,customer_invoice,INV-60266,2026-01-29T09:25:00,E002,invoice_issued,,open,INV-60266.pdf,1.0,N
EV-000891,northfield_industrial_components,fulfillment,shipment,SH-50266,2026-01-29T09:34:00,E079,shipment_confirmed,picked,shipped,PS-SH-50266.pdf,1.0,N
EV-002055,northfield_industrial_components,procure_to_pay,receipt,RCV-40057,2026-01-29T10:07:00,E102,goods_received,open,received,PS145909,0.85,Y
EV-001153,northfield_industrial_components,order_to_cash,customer_invoice,INV-60137,2026-01-29T10:24:00,E002,invoice_issued,,open,INV-60137.pdf,1.0,N
EV-001624,northfield_industrial_components,order_to_cash,customer_invoice,INV-60247,2026-01-29T10:40:00,system,payment_applied,open,paid,Lockbox,1.0,N
EV-001040,northfield_industrial_components,order_to_cash,customer_invoice,INV-60024,2026-01-29T10:46:00,E002,invoice_issued,,open,INV-60024.pdf,1.0,N
EV-001080,northfield_industrial_components,order_to_cash,customer_invoice,INV-60064,2026-01-29T11:30:00,E002,invoice_issued,,open,INV-60064.pdf,1.0,N
EV-001616,northfield_industrial_components,order_to_cash,customer_invoice,INV-60238,2026-01-29T11:31:00,system,payment_applied,open,paid,Email remittance,0.95,N
EV-001785,northfield_industrial_components,procure_to_pay,purchase_order,PO-31047,2026-01-29T11:31:00,E060,po_issued,draft,open,PO-31047.pdf,1.0,N
EV-001734,northfield_industrial_components,order_to_cash,customer_invoice,INV-60384,2026-01-29T11:43:00,system,payment_applied,open,paid,Email remittance,0.95,N
EV-002080,northfield_industrial_components,procure_to_pay,receipt,RCV-40082,2026-01-29T12:02:00,E104,goods_received,open,received,PS367065,1.0,N
EV-000649,northfield_industrial_components,fulfillment,shipment,SH-50024,2026-01-29T13:59:00,E076,shipment_confirmed,picked,shipped,PS-SH-50024.pdf,1.0,N
EV-002420,northfield_industrial_components,procure_to_pay,supplier_invoice,INV2937891,2026-01-29T15:19:00,E002,invoice_matched,received,paid,INV2937891,1.0,N
EV-000762,northfield_industrial_components,fulfillment,shipment,SH-50137,2026-01-29T16:54:00,E080,shipment_confirmed,picked,shipped,PS-SH-50137.pdf,1.0,N
EV-001891,northfield_industrial_components,procure_to_pay,purchase_order,PO-31153,2026-01-29T17:19:00,E063,po_issued,draft,open,PO-31153.pdf,1.0,N
EV-001826,northfield_industrial_components,procure_to_pay,purchase_order,PO-31088,2026-01-29T17:43:00,E060,po_issued,draft,open,PO-31088.pdf,1.0,N
EV-000613,northfield_industrial_components,quote_to_order,sales_order,SO-26408,2026-01-30T07:42:00,E065,order_entered,,open,customer_po_P161468,0.9,N
EV-000899,northfield_industrial_components,fulfillment,shipment,SH-50274,2026-01-30T08:38:00,E083,shipment_confirmed,picked,shipped,PS-SH-50274.pdf,1.0,N
EV-000242,northfield_industrial_components,quote_to_order,sales_order,SO-26045,2026-01-30T10:08:00,E066,order_entered,,open,customer_po_PUR-424240,0.9,N
EV-001926,northfield_industrial_components,procure_to_pay,purchase_order,PO-31188,2026-01-30T11:10:00,E060,po_issued,draft,open,PO-31188.pdf,1.0,N
EV-000296,northfield_industrial_components,quote_to_order,sales_order,SO-26099,2026-01-30T11:55:00,E074,order_entered,,open,customer_po_P384883,1.0,N
EV-000155,northfield_industrial_components,quote_to_order,quote,Q-26155,2026-01-30T12:54:00,E066,quote_sent,draft,sent,Q-26155.pdf,1.0,N
EV-000138,northfield_industrial_components,quote_to_order,quote,Q-26138,2026-01-30T13:31:00,E070,quote_sent,draft,sent,Q-26138.pdf,1.0,N
EV-001290,northfield_industrial_components,order_to_cash,customer_invoice,INV-60274,2026-01-30T14:53:00,E002,invoice_issued,,open,INV-60274.pdf,1.0,N
EV-001586,northfield_industrial_components,order_to_cash,customer_invoice,INV-60208,2026-01-30T15:41:00,system,payment_applied,open,paid,Portal,1.0,N
EV-001399,northfield_industrial_components,order_to_cash,customer_invoice,INV-60383,2026-01-31T08:16:00,E002,invoice_issued,,open,INV-60383.pdf,1.0,N
EV-002106,northfield_industrial_components,procure_to_pay,receipt,RCV-40108,2026-01-31T08:18:00,E099,goods_received,open,received,PS697780,0.85,Y
EV-002410,northfield_industrial_components,procure_to_pay,supplier_invoice,9753446,2026-01-31T08:37:00,E002,invoice_matched,received,paid,9753446,1.0,N
EV-001008,northfield_industrial_components,fulfillment,shipment,SH-50383,2026-01-31T12:19:00,E100,shipment_confirmed,picked,shipped,PS-SH-50383.pdf,1.0,N
EV-002163,northfield_industrial_components,procure_to_pay,receipt,RCV-40165,2026-01-31T14:28:00,E076,goods_received,open,received,PS359264,1.0,N
EV-002091,northfield_industrial_components,procure_to_pay,receipt,RCV-40093,2026-01-31T16:04:00,E104,goods_received,open,received,PS229588,1.0,N
EV-000224,northfield_industrial_components,quote_to_order,sales_order,SO-26027,2026-01-31T16:20:00,E068,order_entered,,open,customer_po_PO391629,0.9,N
EV-002820,northfield_industrial_components,manufacturing,work_order,WO-70178,2026-01-31T16:27:00,E047,wo_released,planned,released,MRP,1.0,N
EV-000147,northfield_industrial_components,quote_to_order,quote,Q-26147,2026-02-01T07:38:00,E072,quote_sent,draft,sent,Q-26147.pdf,1.0,N
EV-001113,northfield_industrial_components,order_to_cash,customer_invoice,INV-60097,2026-02-01T07:52:00,E002,invoice_issued,,open,INV-60097.pdf,1.0,N
EV-002474,northfield_industrial_components,procure_to_pay,supplier_invoice,INV5367363,2026-02-01T09:02:00,E002,invoice_matched,received,paid,INV5367363,1.0,N
EV-002933,northfield_industrial_components,returns,rma,RMA-0018,2026-02-01T09:28:00,E065,rma_approved,requested,approved,INV-60221,1.0,N
EV-001994,northfield_industrial_components,procure_to_pay,purchase_order,PO-31256,2026-02-01T09:36:00,E061,po_issued,draft,open,PO-31256.pdf,1.0,N
EV-000506,northfield_industrial_components,quote_to_order,sales_order,SO-26307,2026-02-01T10:10:00,E064,order_entered,,open,customer_po_4500810570,0.9,N
EV-000776,northfield_industrial_components,fulfillment,shipment,SH-50151,2026-02-01T12:56:00,E099,shipment_confirmed,picked,shipped,PS-SH-50151.pdf,1.0,N
EV-001167,northfield_industrial_components,order_to_cash,customer_invoice,INV-60151,2026-02-01T13:22:00,E002,invoice_issued,,open,INV-60151.pdf,1.0,N
EV-002214,northfield_industrial_components,procure_to_pay,receipt,RCV-40216,2026-02-01T13:52:00,E076,goods_received,open,received,PS678999,0.85,Y
EV-000722,northfield_industrial_components,fulfillment,shipment,SH-50097,2026-02-01T14:15:00,E103,shipment_confirmed,picked,shipped,PS-SH-50097.pdf,1.0,N
EV-001628,northfield_industrial_components,order_to_cash,customer_invoice,INV-60251,2026-02-01T14:41:00,system,payment_applied,open,paid,Bank feed,1.0,N
EV-002302,northfield_industrial_components,procure_to_pay,supplier_invoice,SI8382615,2026-02-01T15:14:00,E002,invoice_matched,received,paid,SI8382615,1.0,N
EV-002010,northfield_industrial_components,procure_to_pay,receipt,RCV-40012,2026-02-01T16:13:00,E080,goods_received,open,received,PS620400,1.0,N
EV-001531,northfield_industrial_components,order_to_cash,customer_invoice,INV-60142,2026-02-02T07:47:00,system,payment_applied,open,paid,Email remittance,0.95,N
EV-002371,northfield_industrial_components,procure_to_pay,supplier_invoice,4345370,2026-02-02T08:10:00,E002,invoice_matched,received,paid,4345370,1.0,N
EV-000522,northfield_industrial_components,quote_to_order,sales_order,SO-26321,2026-02-02T10:58:00,E066,order_entered,,open,customer_po_PO396105,0.9,N
EV-002594,northfield_industrial_components,manufacturing,work_order,WO-70057,2026-02-03T08:33:00,E071,wo_released,planned,released,MRP,1.0,N
EV-002236,northfield_industrial_components,procure_to_pay,receipt,RCV-40238,2026-02-03T11:42:00,E104,goods_received,open,received,PS977587,1.0,N
EV-002125,northfield_industrial_components,procure_to_pay,receipt,RCV-40127,2026-02-03T12:04:00,E104,goods_received,open,received,PS868533,1.0,N
EV-002327,northfield_industrial_components,procure_to_pay,supplier_invoice,9775848,2026-02-03T15:03:00,E002,invoice_matched,received,paid,9775848,1.0,N
EV-001595,northfield_industrial_components,order_to_cash,customer_invoice,INV-60217,2026-02-03T15:46:00,system,payment_applied,open,paid,Lockbox,1.0,N
EV-000553,northfield_industrial_components,quote_to_order,sales_order,SO-26350,2026-02-03T16:15:00,E074,order_entered,,open,customer_po_4500552799,0.9,N
EV-002155,northfield_industrial_components,procure_to_pay,receipt,RCV-40157,2026-02-03T16:48:00,E099,goods_received,open,received,PS478052,1.0,N
EV-001596,northfield_industrial_components,order_to_cash,customer_invoice,INV-60218,2026-02-04T07:03:00,system,payment_applied,open,paid,Bank feed,1.0,N
EV-002886,northfield_industrial_components,manufacturing,work_order,WO-70213,2026-02-04T08:02:00,E055,wo_closed,in_process,closed,COC-WO-70213.pdf,1.0,N
EV-002483,northfield_industrial_components,procure_to_pay,supplier_invoice,SI5332460,2026-02-04T09:44:00,E002,match_exception,received,paid,SI5332460,0.7,Y
EV-001948,northfield_industrial_components,procure_to_pay,purchase_order,PO-31210,2026-02-04T10:25:00,E062,po_issued,draft,open,PO-31210.pdf,1.0,N
EV-001768,northfield_industrial_components,procure_to_pay,purchase_order,PO-31030,2026-02-04T16:06:00,E060,po_issued,draft,open,PO-31030.pdf,1.0,N
EV-000111,northfield_industrial_components,quote_to_order,quote,Q-26111,2026-02-05T11:16:00,E070,quote_sent,draft,sent,Q-26111.pdf,1.0,N
EV-001606,northfield_industrial_components,order_to_cash,customer_invoice,INV-60228,2026-02-05T13:03:00,system,payment_applied,open,paid,Email remittance,0.95,N
EV-000375,northfield_industrial_components,quote_to_order,sales_order,SO-26178,2026-02-05T13:31:00,E073,order_entered,,open,customer_po_4500127484,0.9,N
EV-001268,northfield_industrial_components,order_to_cash,customer_invoice,INV-60252,2026-02-05T14:56:00,E002,invoice_issued,,open,INV-60252.pdf,1.0,N
EV-002224,northfield_industrial_components,procure_to_pay,receipt,RCV-40226,2026-02-05T15:27:00,E105,goods_received,open,received,PS733921,1.0,N
EV-000877,northfield_industrial_components,fulfillment,shipment,SH-50252,2026-02-05T17:54:00,E105,shipment_confirmed,picked,shipped,PS-SH-50252.pdf,1.0,N
EV-000166,northfield_industrial_components,quote_to_order,quote,Q-26166,2026-02-06T07:05:00,E070,quote_sent,draft,sent,Q-26166.pdf,1.0,N
EV-000659,northfield_industrial_components,fulfillment,shipment,SH-50034,2026-02-06T08:58:00,E080,shipment_confirmed,picked,shipped,PS-SH-50034.pdf,1.0,N
EV-002461,northfield_industrial_components,procure_to_pay,supplier_invoice,5366927,2026-02-06T13:45:00,E002,invoice_matched,received,paid,5366927,1.0,N
EV-001132,northfield_industrial_components,order_to_cash,customer_invoice,INV-60116,2026-02-06T16:23:00,E002,invoice_issued,,open,INV-60116.pdf,1.0,N
EV-001050,northfield_industrial_components,order_to_cash,customer_invoice,INV-60034,2026-02-06T16:28:00,E002,invoice_issued,,open,INV-60034.pdf,1.0,N
EV-000741,northfield_industrial_components,fulfillment,shipment,SH-50116,2026-02-06T16:59:00,E101,shipment_confirmed,picked,shipped,PS-SH-50116.pdf,1.0,N
EV-001717,northfield_industrial_components,order_to_cash,customer_invoice,INV-60363,2026-02-06T17:15:00,system,payment_applied,open,paid,Email remittance,0.95,N
EV-000177,northfield_industrial_components,quote_to_order,quote,Q-26177,2026-02-06T17:23:00,E069,quote_sent,draft,sent,Q-26177.pdf,1.0,N
EV-001331,northfield_industrial_components,order_to_cash,customer_invoice,INV-60315,2026-02-07T10:02:00,E002,invoice_issued,,open,INV-60315.pdf,1.0,N
EV-000940,northfield_industrial_components,fulfillment,shipment,SH-50315,2026-02-07T10:07:00,E104,shipment_confirmed,picked,shipped,PS-SH-50315.pdf,1.0,N
EV-001131,northfield_industrial_components,order_to_cash,customer_invoice,INV-60115,2026-02-07T10:47:00,E002,invoice_issued,,open,INV-60115.pdf,1.0,N
EV-000854,northfield_industrial_components,fulfillment,shipment,SH-50229,2026-02-07T11:05:00,E106,shipment_confirmed,picked,shipped,PS-SH-50229.pdf,1.0,N
EV-002821,northfield_industrial_components,manufacturing,work_order,WO-70178,2026-02-07T11:44:00,E055,wo_closed,in_process,closed,COC-WO-70178.pdf,1.0,N
EV-002856,northfield_industrial_components,manufacturing,work_order,WO-70197,2026-02-07T12:45:00,E034,wo_released,planned,released,MRP,1.0,N
EV-000740,northfield_industrial_components,fulfillment,shipment,SH-50115,2026-02-07T13:33:00,E106,shipment_confirmed,picked,shipped,PS-SH-50115.pdf,1.0,N
EV-002115,northfield_industrial_components,procure_to_pay,receipt,RCV-40117,2026-02-07T14:30:00,E080,goods_received,open,received,PS435265,1.0,N
EV-000496,northfield_industrial_components,quote_to_order,sales_order,SO-26297,2026-02-07T16:24:00,E064,order_entered,,open,customer_po_4500438936,1.0,N
EV-001245,northfield_industrial_components,order_to_cash,customer_invoice,INV-60229,2026-02-07T17:12:00,E002,invoice_issued,,open,INV-60229.pdf,1.0,N
EV-000045,northfield_industrial_components,quote_to_order,quote,Q-26045,2026-02-08T07:24:00,E072,quote_sent,draft,sent,Q-26045.pdf,1.0,N
EV-002187,northfield_industrial_components,procure_to_pay,receipt,RCV-40189,2026-02-08T11:14:00,E105,goods_received,open,received,PS556137,1.0,N
EV-002793,northfield_industrial_components,manufacturing,work_order,WO-70164,2026-02-08T12:14:00,E047,wo_released,planned,released,MRP,1.0,N
EV-000401,northfield_industrial_components,quote_to_order,sales_order,SO-26204,2026-02-08T12:49:00,E064,order_entered,,open,customer_po_4500705392,0.9,N
EV-002935,northfield_industrial_components,returns,rma,RMA-0020,2026-02-08T13:49:00,E066,rma_approved,requested,approved,INV-60052,1.0,N
EV-001442,northfield_industrial_components,order_to_cash,customer_invoice,INV-60038,2026-02-08T15:29:00,system,payment_applied,open,paid,Portal,1.0,N
EV-002247,northfield_industrial_components,procure_to_pay,supplier_invoice,INV4751801,2026-02-09T08:28:00,E002,invoice_matched,received,paid,INV4751801,1.0,N
EV-001041,northfield_industrial_components,order_to_cash,customer_invoice,INV-60025,2026-02-09T08:41:00,E002,invoice_issued,,open,INV-60025.pdf,1.0,N
EV-000650,northfield_industrial_components,fulfillment,shipment,SH-50025,2026-02-09T10:23:00,E080,shipment_confirmed,picked,shipped,PS-SH-50025.pdf,1.0,N
EV-001482,northfield_industrial_components,order_to_cash,customer_invoice,INV-60088,2026-02-09T12:55:00,system,payment_applied,open,paid,Portal,1.0,N
EV-001452,northfield_industrial_components,order_to_cash,customer_invoice,INV-60052,2026-02-09T14:04:00,system,payment_applied,open,paid,Portal,1.0,N
EV-002031,northfield_industrial_components,procure_to_pay,receipt,RCV-40033,2026-02-09T14:37:00,E078,goods_received,open,received,PS279060,0.85,Y
EV-002257,northfield_industrial_components,procure_to_pay,supplier_invoice,4562913,2026-02-09T17:05:00,E002,invoice_matched,received,paid,4562913,1.0,N
EV-000158,northfield_industrial_components,quote_to_order,quote,Q-26158,2026-02-09T17:14:00,E070,quote_sent,draft,sent,Q-26158.pdf,1.0,N
EV-002901,northfield_industrial_components,quality,ncr,NCR-0002,2026-02-10T07:41:00,E059,ncr_opened,,open,RCV-40189,1.0,Y
EV-000913,northfield_industrial_components,fulfillment,shipment,SH-50288,2026-02-10T08:44:00,E101,shipment_confirmed,picked,shipped,PS-SH-50288.pdf,1.0,N
EV-002471,northfield_industrial_components,procure_to_pay,supplier_invoice,SI468828,2026-02-10T09:53:00,E002,invoice_matched,received,paid,SI468828,1.0,N
EV-002362,northfield_industrial_components,procure_to_pay,supplier_invoice,92787697,2026-02-10T14:03:00,E002,invoice_matched,received,paid,92787697,1.0,N
EV-002048,northfield_industrial_components,procure_to_pay,receipt,RCV-40050,2026-02-10T14:05:00,E102,goods_received,open,received,PS349359,0.85,Y
EV-000307,northfield_industrial_components,quote_to_order,sales_order,SO-26110,2026-02-10T14:38:00,E075,order_entered,,open,customer_po_P142350,1.0,N
EV-000416,northfield_industrial_components,quote_to_order,sales_order,SO-26219,2026-02-10T15:01:00,E073,order_entered,,open,customer_po_PUR-516924,1.0,N
EV-002372,northfield_industrial_components,procure_to_pay,supplier_invoice,92310980,2026-02-10T16:33:00,E002,invoice_matched,received,paid,92310980,1.0,N
EV-001304,northfield_industrial_components,order_to_cash,customer_invoice,INV-60288,2026-02-10T16:39:00,E002,invoice_issued,,open,INV-60288.pdf,1.0,N
EV-002170,northfield_industrial_components,procure_to_pay,receipt,RCV-40172,2026-02-10T17:02:00,E080,goods_received,open,received,PS677611,1.0,N
EV-002198,northfield_industrial_components,procure_to_pay,receipt,RCV-40200,2026-02-10T17:31:00,E100,goods_received,open,received,PS967864,1.0,N
EV-000976,northfield_industrial_components,fulfillment,shipment,SH-50351,2026-02-11T07:32:00,E099,shipment_confirmed,picked,shipped,PS-SH-50351.pdf,1.0,N
EV-002558,northfield_industrial_components,manufacturing,work_order,WO-70037,2026-02-11T07:38:00,E055,wo_closed,in_process,closed,COC-WO-70037.pdf,1.0,N
EV-002353,northfield_industrial_components,procure_to_pay,supplier_invoice,5341287,2026-02-11T07:48:00,E002,invoice_matched,received,paid,5341287,1.0,N
EV-001367,northfield_industrial_components,order_to_cash,customer_invoice,INV-60351,2026-02-11T07:50:00,E002,invoice_issued,,open,INV-60351.pdf,1.0,N
EV-001073,northfield_industrial_components,order_to_cash,customer_invoice,INV-60057,2026-02-11T08:21:00,E002,invoice_issued,,open,INV-60057.pdf,1.0,N
EV-000682,northfield_industrial_components,fulfillment,shipment,SH-50057,2026-02-11T09:56:00,E103,shipment_confirmed,picked,shipped,PS-SH-50057.pdf,1.0,N
EV-001744,northfield_industrial_components,procure_to_pay,purchase_order,PO-31006,2026-02-11T10:02:00,E062,po_issued,draft,open,PO-31006.pdf,1.0,N
EV-001318,northfield_industrial_components,order_to_cash,customer_invoice,INV-60302,2026-02-11T10:59:00,E002,invoice_issued,,open,INV-60302.pdf,1.0,N
EV-001423,northfield_industrial_components,order_to_cash,customer_invoice,INV-60016,2026-02-11T11:50:00,system,payment_applied,open,paid,Lockbox,1.0,N
EV-000782,northfield_industrial_components,fulfillment,shipment,SH-50157,2026-02-11T12:22:00,E082,shipment_confirmed,picked,shipped,PS-SH-50157.pdf,1.0,N
EV-001540,northfield_industrial_components,order_to_cash,customer_invoice,INV-60154,2026-02-11T14:19:00,system,payment_applied,open,paid,Lockbox,1.0,N
EV-001173,northfield_industrial_components,order_to_cash,customer_invoice,INV-60157,2026-02-11T15:09:00,E002,invoice_issued,,open,INV-60157.pdf,1.0,N
EV-000927,northfield_industrial_components,fulfillment,shipment,SH-50302,2026-02-11T16:19:00,E082,shipment_confirmed,picked,shipped,PS-SH-50302.pdf,1.0,N
EV-001582,northfield_industrial_components,order_to_cash,customer_invoice,INV-60202,2026-02-11T16:57:00,system,payment_applied,open,paid,Lockbox,1.0,N
EV-002402,northfield_industrial_components,procure_to_pay,supplier_invoice,4296062,2026-02-12T07:24:00,E002,invoice_matched,received,paid,4296062,1.0,N
EV-000799,northfield_industrial_components,fulfillment,shipment,SH-50174,2026-02-12T07:35:00,E104,shipment_confirmed,picked,shipped,PS-SH-50174.pdf,1.0,N
EV-002840,northfield_industrial_components,manufacturing,work_order,WO-70189,2026-02-12T07:43:00,E026,wo_released,planned,released,MRP,1.0,N
EV-000742,northfield_industrial_components,fulfillment,shipment,SH-50117,2026-02-12T11:48:00,E079,shipment_confirmed,picked,shipped,PS-SH-50117.pdf,1.0,N
EV-000110,northfield_industrial_components,quote_to_order,quote,Q-26110,2026-02-12T11:56:00,E064,quote_sent,draft,sent,Q-26110.pdf,1.0,N
EV-001133,northfield_industrial_components,order_to_cash,customer_invoice,INV-60117,2026-02-12T14:02:00,E002,invoice_issued,,open,INV-60117.pdf,1.0,N
EV-002338,northfield_industrial_components,procure_to_pay,supplier_invoice,SI7025118,2026-02-12T14:28:00,E002,invoice_matched,received,paid,SI7025118,1.0,N
EV-001190,northfield_industrial_components,order_to_cash,customer_invoice,INV-60174,2026-02-12T15:20:00,E002,invoice_issued,,open,INV-60174.pdf,1.0,N
EV-000153,northfield_industrial_components,quote_to_order,quote,Q-26153,2026-02-12T15:28:00,E072,quote_sent,draft,sent,Q-26153.pdf,1.0,N
EV-002609,northfield_industrial_components,manufacturing,work_order,WO-70065,2026-02-12T16:04:00,E055,wo_closed,in_process,closed,COC-WO-70065.pdf,1.0,N
EV-002722,northfield_industrial_components,manufacturing,work_order,WO-70126,2026-02-12T16:07:00,E070,wo_released,planned,released,MRP,1.0,N
EV-001395,northfield_industrial_components,order_to_cash,customer_invoice,INV-60379,2026-02-13T07:47:00,E002,invoice_issued,,open,INV-60379.pdf,1.0,N
EV-001389,northfield_industrial_components,order_to_cash,customer_invoice,INV-60373,2026-02-13T08:24:00,E002,invoice_issued,,open,INV-60373.pdf,1.0,N
EV-001004,northfield_industrial_components,fulfillment,shipment,SH-50379,2026-02-13T08:41:00,E102,shipment_confirmed,picked,shipped,PS-SH-50379.pdf,1.0,N
EV-000489,northfield_industrial_components,credit_control,sales_order,SO-26290,2026-02-13T08:42:00,E002,credit_hold_applied,open,credit_hold,credit_checks,1.0,N
EV-000029,northfield_industrial_components,quote_to_order,quote,Q-26029,2026-02-13T10:02:00,E070,quote_sent,draft,sent,Q-26029.pdf,1.0,N
EV-002656,northfield_industrial_components,manufacturing,work_order,WO-70090,2026-02-13T10:03:00,E055,wo_closed,in_process,closed,COC-WO-70090.pdf,1.0,N
EV-001882,northfield_industrial_components,procure_to_pay,purchase_order,PO-31144,2026-02-13T11:14:00,E061,po_issued,draft,open,PO-31144.pdf,1.0,N
EV-002765,northfield_industrial_components,manufacturing,work_order,WO-70149,2026-02-13T12:20:00,E081,wo_released,planned,released,MRP,1.0,N
EV-000283,northfield_industrial_components,quote_to_order,sales_order,SO-26086,2026-02-13T12:36:00,E064,order_entered,,open,customer_po_P338052,0.9,N
EV-001687,northfield_industrial_components,order_to_cash,customer_invoice,INV-60322,2026-02-13T13:16:00,system,payment_applied,open,paid,Portal,1.0,N
EV-002140,northfield_industrial_components,procure_to_pay,receipt,RCV-40142,2026-02-13T14:46:00,E076,goods_received,open,received,PS672014,1.0,N
EV-000998,northfield_industrial_components,fulfillment,shipment,SH-50373,2026-02-13T16:20:00,E100,shipment_confirmed,picked,shipped,PS-SH-50373.pdf,1.0,N
EV-000488,northfield_industrial_components,quote_to_order,sales_order,SO-26290,2026-02-13T17:35:00,E074,order_entered,,open,customer_po_PUR-808428,0.9,Y
EV-002595,northfield_industrial_components,manufacturing,work_order,WO-70057,2026-02-14T09:48:00,E055,wo_closed,in_process,closed,COC-WO-70057.pdf,1.0,N
EV-000093,northfield_industrial_components,quote_to_order,quote,Q-26093,2026-02-14T11:46:00,E070,quote_sent,draft,sent,Q-26093.pdf,1.0,N
EV-001434,northfield_industrial_components,order_to_cash,customer_invoice,INV-60029,2026-02-14T12:01:00,system,payment_applied,open,paid,Lockbox,1.0,N
EV-002857,northfield_industrial_components,manufacturing,work_order,WO-70197,2026-02-14T12:32:00,E055,wo_closed,in_process,closed,COC-WO-70197.pdf,1.0,N
EV-002942,northfield_industrial_components,returns,rma,RMA-0027,2026-02-14T13:53:00,E064,rma_approved,requested,approved,INV-60322,1.0,N
EV-001779,northfield_industrial_components,procure_to_pay,purchase_order,PO-31041,2026-02-14T16:08:00,E060,po_issued,draft,open,PO-31041.pdf,1.0,N
EV-002278,northfield_industrial_components,procure_to_pay,supplier_invoice,4786721,2026-02-14T17:28:00,E002,invoice_matched,received,paid,4786721,1.0,N
EV-001492,northfield_industrial_components,order_to_cash,customer_invoice,INV-60098,2026-02-14T17:35:00,system,payment_applied,open,paid,Portal,1.0,N
EV-001784,northfield_industrial_components,procure_to_pay,purchase_order,PO-31046,2026-02-15T08:31:00,E063,po_issued,draft,open,PO-31046.pdf,1.0,N
EV-001928,northfield_industrial_components,procure_to_pay,purchase_order,PO-31190,2026-02-15T09:55:00,E062,po_issued,draft,open,PO-31190.pdf,1.0,N
EV-002939,northfield_industrial_components,returns,rma,RMA-0024,2026-02-15T12:50:00,E065,rma_approved,requested,approved,INV-60009,1.0,N
EV-002503,northfield_industrial_components,manufacturing,work_order,WO-70006,2026-02-15T15:48:00,E077,wo_released,planned,released,MRP,1.0,N
EV-002445,northfield_industrial_components,procure_to_pay,supplier_invoice,SI629919,2026-02-15T15:51:00,E002,invoice_matched,received,approved,SI629919,1.0,N
EV-002549,northfield_industrial_components,manufacturing,work_order,WO-70031,2026-02-16T07:58:00,E067,wo_released,planned,released,MRP,1.0,N
EV-001800,northfield_industrial_components,procure_to_pay,purchase_order,PO-31062,2026-02-16T08:57:00,E062,po_issued,draft,open,PO-31062.pdf,1.0,N
EV-000727,northfield_industrial_components,fulfillment,shipment,SH-50102,2026-02-16T11:28:00,E106,shipment_confirmed,picked,shipped,PS-SH-50102.pdf,1.0,N
EV-001118,northfield_industrial_components,order_to_cash,customer_invoice,INV-60102,2026-02-16T12:26:00,E002,invoice_issued,,open,INV-60102.pdf,1.0,N
EV-001416,northfield_industrial_components,order_to_cash,customer_invoice,INV-60009,2026-02-16T16:29:00,system,payment_applied,open,paid,Email remittance,0.95,N
EV-000790,northfield_industrial_components,fulfillment,shipment,SH-50165,2026-02-17T08:37:00,E076,shipment_confirmed,picked,shipped,PS-SH-50165.pdf,1.0,N
EV-002862,northfield_industrial_components,manufacturing,work_order,WO-70200,2026-02-17T09:33:00,E044,wo_released,planned,released,MRP,1.0,N
EV-000195,northfield_industrial_components,quote_to_order,quote,Q-26195,2026-02-17T09:34:00,E069,quote_sent,draft,sent,Q-26195.pdf,1.0,N
EV-002082,northfield_industrial_components,procure_to_pay,receipt,RCV-40084,2026-02-17T09:57:00,E105,goods_received,open,received,PS514994,0.85,Y
EV-002295,northfield_industrial_components,procure_to_pay,supplier_invoice,SI3934842,2026-02-17T10:26:00,E002,invoice_matched,received,approved,SI3934842,1.0,N
EV-001181,northfield_industrial_components,order_to_cash,customer_invoice,INV-60165,2026-02-17T14:44:00,E002,invoice_issued,,open,INV-60165.pdf,1.0,N
EV-001342,northfield_industrial_components,order_to_cash,customer_invoice,INV-60326,2026-02-17T14:44:00,E002,invoice_issued,,open,INV-60326.pdf,1.0,N
EV-002761,northfield_industrial_components,manufacturing,work_order,WO-70147,2026-02-17T14:53:00,E091,wo_released,planned,released,MRP,1.0,N
EV-000951,northfield_industrial_components,fulfillment,shipment,SH-50326,2026-02-17T15:06:00,E077,shipment_confirmed,picked,shipped,PS-SH-50326.pdf,1.0,N
EV-002434,northfield_industrial_components,procure_to_pay,supplier_invoice,SI8342819,2026-02-17T15:17:00,E002,invoice_matched,received,paid,SI8342819,1.0,N
EV-000477,northfield_industrial_components,quote_to_order,sales_order,SO-26279,2026-02-18T07:42:00,E065,order_entered,,open,customer_po_PUR-665155,1.0,N
EV-002028,northfield_industrial_components,procure_to_pay,receipt,RCV-40030,2026-02-18T07:59:00,E106,goods_received,open,received,PS756143,1.0,N
EV-002387,northfield_industrial_components,procure_to_pay,supplier_invoice,94179131,2026-02-18T08:15:00,E002,invoice_matched,received,approved,94179131,1.0,N
EV-002081,northfield_industrial_components,procure_to_pay,receipt,RCV-40083,2026-02-18T10:28:00,E105,goods_received,open,received,PS455237,1.0,N
EV-002417,northfield_industrial_components,procure_to_pay,supplier_invoice,INV6283473,2026-02-18T11:07:00,E002,invoice_matched,received,approved,INV6283473,1.0,N
EV-000095,northfield_industrial_components,quote_to_order,quote,Q-26095,2026-02-18T14:27:00,E066,quote_sent,draft,sent,Q-26095.pdf,1.0,N
EV-002128,northfield_industrial_components,procure_to_pay,receipt,RCV-40130,2026-02-18T15:46:00,E106,goods_received,open,received,PS918733,1.0,N
EV-002053,northfield_industrial_components,procure_to_pay,receipt,RCV-40055,2026-02-18T17:42:00,E076,goods_received,open,received,PS792499,0.85,Y
EV-000987,northfield_industrial_components,fulfillment,shipment,SH-50362,2026-02-19T07:50:00,E078,shipment_confirmed,picked,shipped,PS-SH-50362.pdf,1.0,N
EV-002039,northfield_industrial_components,procure_to_pay,receipt,RCV-40041,2026-02-19T08:35:00,E100,goods_received,open,received,PS321616,1.0,N
EV-001385,northfield_industrial_components,order_to_cash,customer_invoice,INV-60369,2026-02-19T09:08:00,E002,invoice_issued,,open,INV-60369.pdf,1.0,N
EV-001636,northfield_industrial_components,order_to_cash,customer_invoice,INV-60261,2026-02-19T09:26:00,system,payment_applied,open,paid,Email remittance,0.95,N
EV-000508,northfield_industrial_components,credit_control,sales_order,SO-26308,2026-02-19T09:40:00,E002,credit_hold_applied,open,credit_hold,credit_checks,1.0,N
EV-002241,northfield_industrial_components,procure_to_pay,receipt,RCV-40243,2026-02-19T09:47:00,E103,goods_received,open,received,PS602737,0.85,Y
EV-000994,northfield_industrial_components,fulfillment,shipment,SH-50369,2026-02-19T09:52:00,E076,shipment_confirmed,picked,shipped,PS-SH-50369.pdf,1.0,N
EV-000552,northfield_industrial_components,quote_to_order,sales_order,SO-26349,2026-02-19T11:12:00,E075,order_entered,,open,customer_po_4500193749,1.0,N
EV-002300,northfield_industrial_components,procure_to_pay,supplier_invoice,INV2949188,2026-02-19T12:02:00,E002,invoice_matched,received,approved,INV2949188,1.0,N
EV-001378,northfield_industrial_components,order_to_cash,customer_invoice,INV-60362,2026-02-19T12:35:00,E002,invoice_issued,,open,INV-60362.pdf,1.0,N
EV-001949,northfield_industrial_components,procure_to_pay,purchase_order,PO-31211,2026-02-19T14:49:00,E062,po_issued,draft,open,PO-31211.pdf,1.0,N
EV-000290,northfield_industrial_components,quote_to_order,sales_order,SO-26093,2026-02-19T15:07:00,E067,order_entered,,open,customer_po_P533361,1.0,N
EV-002649,northfield_industrial_components,manufacturing,work_order,WO-70087,2026-02-19T16:47:00,E063,wo_released,planned,released,MRP,1.0,N
EV-000507,northfield_industrial_components,quote_to_order,sales_order,SO-26308,2026-02-19T17:39:00,E075,order_entered,,open,customer_po_P978042,0.9,Y
EV-000667,northfield_industrial_components,fulfillment,shipment,SH-50042,2026-02-20T09:44:00,E105,shipment_confirmed,picked,shipped,PS-SH-50042.pdf,1.0,N
EV-001578,northfield_industrial_components,order_to_cash,customer_invoice,INV-60198,2026-02-20T09:58:00,system,payment_applied,open,paid,Portal,1.0,N
EV-001058,northfield_industrial_components,order_to_cash,customer_invoice,INV-60042,2026-02-20T10:39:00,E002,invoice_issued,,open,INV-60042.pdf,1.0,N
EV-002123,northfield_industrial_components,procure_to_pay,receipt,RCV-40125,2026-02-20T15:53:00,E099,goods_received,open,received,PS875234,0.85,Y
EV-002488,northfield_industrial_components,procure_to_pay,supplier_invoice,SI6063283,2026-02-20T16:38:00,E002,invoice_matched,received,approved,SI6063283,1.0,N
EV-000903,northfield_industrial_components,fulfillment,shipment,SH-50278,2026-02-21T10:03:00,E083,shipment_confirmed,picked,shipped,PS-SH-50278.pdf,1.0,N
EV-000252,northfield_industrial_components,quote_to_order,sales_order,SO-26055,2026-02-21T10:28:00,E074,order_entered,,open,customer_po_PUR-518723,0.9,N
EV-002636,northfield_industrial_components,manufacturing,work_order,WO-70080,2026-02-21T11:47:00,E028,wo_released,planned,released,MRP,1.0,N
EV-001294,northfield_industrial_components,order_to_cash,customer_invoice,INV-60278,2026-02-21T12:18:00,E002,invoice_issued,,open,INV-60278.pdf,1.0,N
EV-002087,northfield_industrial_components,procure_to_pay,receipt,RCV-40089,2026-02-21T13:54:00,E080,goods_received,open,received,PS650561,0.85,Y
EV-002190,northfield_industrial_components,procure_to_pay,receipt,RCV-40192,2026-02-21T14:34:00,E102,goods_received,open,received,PS242468,1.0,N
EV-001440,northfield_industrial_components,order_to_cash,customer_invoice,INV-60036,2026-02-21T14:42:00,system,payment_applied,open,paid,Lockbox,1.0,N
EV-000373,northfield_industrial_components,quote_to_order,sales_order,SO-26176,2026-02-21T15:52:00,E065,order_entered,,open,customer_po_PO217418,1.0,N
EV-002275,northfield_industrial_components,procure_to_pay,supplier_invoice,7675947,2026-02-21T16:09:00,E002,invoice_matched,received,approved,7675947,1.0,N
EV-002720,northfield_industrial_components,manufacturing,work_order,WO-70125,2026-02-21T16:24:00,E008,wo_released,planned,released,MRP,1.0,N
EV-002370,northfield_industrial_components,procure_to_pay,supplier_invoice,SI7289576,2026-02-21T17:04:00,E002,invoice_matched,received,approved,SI7289576,1.0,N
EV-002573,northfield_industrial_components,manufacturing,work_order,WO-70045,2026-02-21T17:57:00,E055,wo_closed,in_process,closed,COC-WO-70045.pdf,1.0,N
EV-000514,northfield_industrial_components,quote_to_order,sales_order,SO-26313,2026-02-22T07:10:00,E065,order_entered,,open,customer_po_4500498463,1.0,N
EV-002660,northfield_industrial_components,manufacturing,work_order,WO-70093,2026-02-22T14:43:00,E100,wo_released,planned,released,MRP,1.0,N
EV-002328,northfield_industrial_components,procure_to_pay,supplier_invoice,1504749,2026-02-22T16:50:00,E002,invoice_matched,received,approved,1504749,1.0,N
EV-001908,northfield_industrial_components,procure_to_pay,purchase_order,PO-31170,2026-02-22T16:53:00,E061,po_issued,draft,open,PO-31170.pdf,1.0,N
EV-000415,northfield_industrial_components,quote_to_order,sales_order,SO-26218,2026-02-23T08:00:00,E074,order_entered,,open,customer_po_PUR-231095,1.0,N
EV-001259,northfield_industrial_components,order_to_cash,customer_invoice,INV-60243,2026-02-23T08:16:00,E002,invoice_issued,,open,INV-60243.pdf,1.0,N
EV-001708,northfield_industrial_components,order_to_cash,customer_invoice,INV-60351,2026-02-23T08:52:00,system,payment_applied,open,paid,Portal,1.0,N
EV-000868,northfield_industrial_components,fulfillment,shipment,SH-50243,2026-02-23T09:26:00,E103,shipment_confirmed,picked,shipped,PS-SH-50243.pdf,1.0,N
EV-001626,northfield_industrial_components,order_to_cash,customer_invoice,INV-60249,2026-02-23T09:36:00,system,payment_applied,open,paid,Bank feed,1.0,N
EV-000621,northfield_industrial_components,quote_to_order,sales_order,SO-26416,2026-02-23T16:03:00,E066,order_entered,,open,customer_po_PUR-542736,0.9,N
EV-001656,northfield_industrial_components,order_to_cash,customer_invoice,INV-60285,2026-02-23T16:07:00,system,payment_applied,open,paid,Email remittance,0.95,N
EV-002329,northfield_industrial_components,procure_to_pay,supplier_invoice,96059004,2026-02-23T17:29:00,E002,invoice_matched,received,approved,96059004,1.0,N
EV-000035,northfield_industrial_components,quote_to_order,quote,Q-26035,2026-02-24T10:01:00,E071,quote_sent,draft,sent,Q-26035.pdf,1.0,N
EV-001951,northfield_industrial_components,procure_to_pay,purchase_order,PO-31213,2026-02-24T12:18:00,E063,po_issued,draft,open,PO-31213.pdf,1.0,N
EV-002841,northfield_industrial_components,manufacturing,work_order,WO-70189,2026-02-24T13:52:00,E055,wo_closed,in_process,closed,COC-WO-70189.pdf,1.0,N
EV-001797,northfield_industrial_components,procure_to_pay,purchase_order,PO-31059,2026-02-25T08:19:00,E061,po_issued,draft,open,PO-31059.pdf,1.0,N
EV-001733,northfield_industrial_components,order_to_cash,customer_invoice,INV-60383,2026-02-25T09:45:00,system,payment_applied,open,paid,Email remittance,0.95,N
EV-002240,northfield_industrial_components,procure_to_pay,receipt,RCV-40242,2026-02-25T11:25:00,E077,goods_received,open,received,PS614061,1.0,N
EV-000980,northfield_industrial_components,fulfillment,shipment,SH-50355,2026-02-25T13:40:00,E081,shipment_confirmed,picked,shipped,PS-SH-50355.pdf,1.0,N
EV-001933,northfield_industrial_components,procure_to_pay,purchase_order,PO-31195,2026-02-25T14:50:00,E061,po_issued,draft,open,PO-31195.pdf,1.0,N
EV-001371,northfield_industrial_components,order_to_cash,customer_invoice,INV-60355,2026-02-25T15:46:00,E002,invoice_issued,,open,INV-60355.pdf,1.0,N
EV-001819,northfield_industrial_components,procure_to_pay,purchase_order,PO-31081,2026-02-25T16:49:00,E061,po_issued,draft,open,PO-31081.pdf,1.0,N
EV-002375,northfield_industrial_components,procure_to_pay,supplier_invoice,SI7889822,2026-02-25T17:11:00,E002,invoice_matched,received,approved,SI7889822,1.0,N
EV-000591,northfield_industrial_components,quote_to_order,sales_order,SO-26387,2026-02-25T17:54:00,E068,order_entered,,open,customer_po_PO107200,0.9,N
EV-002565,northfield_industrial_components,manufacturing,work_order,WO-70041,2026-02-26T07:49:00,E037,wo_released,planned,released,MRP,1.0,N
EV-000030,northfield_industrial_components,quote_to_order,quote,Q-26030,2026-02-26T08:09:00,E070,quote_sent,draft,sent,Q-26030.pdf,1.0,N
EV-000530,northfield_industrial_components,quote_to_order,sales_order,SO-26328,2026-02-26T08:12:00,E064,order_entered,,open,customer_po_P950223,0.9,N
EV-001724,northfield_industrial_components,order_to_cash,customer_invoice,INV-60372,2026-02-26T09:12:00,system,payment_applied,open,paid,Portal,1.0,N
EV-000555,northfield_industrial_components,quote_to_order,sales_order,SO-26352,2026-02-26T10:03:00,E065,order_entered,,open,customer_po_PUR-154227,1.0,N
EV-000260,northfield_industrial_components,quote_to_order,sales_order,SO-26063,2026-02-26T10:57:00,E073,order_entered,,open,customer_po_P976663,0.9,N
EV-002723,northfield_industrial_components,manufacturing,work_order,WO-70126,2026-02-26T11:06:00,E055,wo_closed,in_process,closed,COC-WO-70126.pdf,1.0,N
EV-000570,northfield_industrial_components,quote_to_order,sales_order,SO-26366,2026-02-26T15:21:00,E065,order_entered,,open,customer_po_PUR-784764,0.9,N
EV-002437,northfield_industrial_components,procure_to_pay,supplier_invoice,SI9885817,2026-02-26T16:51:00,E002,invoice_matched,received,approved,SI9885817,1.0,N
EV-001640,northfield_industrial_components,order_to_cash,customer_invoice,INV-60266,2026-02-27T10:01:00,system,payment_applied,open,paid,Bank feed,1.0,N
EV-001867,northfield_industrial_components,procure_to_pay,purchase_order,PO-31129,2026-02-27T11:29:00,E061,po_issued,draft,open,PO-31129.pdf,1.0,N
EV-001607,northfield_industrial_components,order_to_cash,customer_invoice,INV-60229,2026-02-27T11:32:00,system,payment_applied,open,paid,Portal,1.0,N
EV-002794,northfield_industrial_components,manufacturing,work_order,WO-70164,2026-02-27T11:57:00,E055,wo_closed,in_process,closed,COC-WO-70164.pdf,1.0,N
EV-002707,northfield_industrial_components,manufacturing,work_order,WO-70118,2026-02-27T12:34:00,E085,wo_released,planned,released,MRP,1.0,N
EV-001465,northfield_industrial_components,order_to_cash,customer_invoice,INV-60068,2026-02-27T16:05:00,system,payment_applied,open,paid,Email remittance,0.95,N
EV-002334,northfield_industrial_components,procure_to_pay,supplier_invoice,8609659,2026-02-27T17:18:00,E002,invoice_matched,received,approved,8609659,1.0,N
EV-002286,northfield_industrial_components,procure_to_pay,supplier_invoice,SI4039045,2026-02-28T08:00:00,E002,invoice_matched,received,approved,SI4039045,1.0,N
EV-001106,northfield_industrial_components,order_to_cash,customer_invoice,INV-60090,2026-02-28T12:55:00,E002,invoice_issued,,open,INV-60090.pdf,1.0,N
EV-000715,northfield_industrial_components,fulfillment,shipment,SH-50090,2026-02-28T13:13:00,E078,shipment_confirmed,picked,shipped,PS-SH-50090.pdf,1.0,N
EV-002762,northfield_industrial_components,manufacturing,work_order,WO-70147,2026-02-28T13:15:00,E055,wo_closed,in_process,closed,COC-WO-70147.pdf,1.0,N
EV-000168,northfield_industrial_components,quote_to_order,quote,Q-26168,2026-02-28T14:48:00,E072,quote_sent,draft,sent,Q-26168.pdf,1.0,N
EV-001945,northfield_industrial_components,procure_to_pay,purchase_order,PO-31207,2026-03-02T09:41:00,E061,po_issued,draft,open,PO-31207.pdf,1.0,N
EV-000250,northfield_industrial_components,quote_to_order,sales_order,SO-26053,2026-03-02T10:24:00,E064,order_entered,,open,customer_po_4500330839,0.9,N
EV-002807,northfield_industrial_components,manufacturing,work_order,WO-70171,2026-03-02T10:24:00,E105,wo_released,planned,released,MRP,1.0,N
EV-000021,northfield_industrial_components,quote_to_order,quote,Q-26021,2026-03-02T11:45:00,E068,quote_sent,draft,sent,Q-26021.pdf,1.0,N
EV-001431,northfield_industrial_components,order_to_cash,customer_invoice,INV-60024,2026-03-02T14:34:00,system,payment_applied,open,paid,Email remittance,0.95,N
EV-002898,northfield_industrial_components,manufacturing,work_order,WO-70220,2026-03-02T16:00:00,E006,wo_released,planned,released,MRP,1.0,N
EV-000171,northfield_industrial_components,quote_to_order,quote,Q-26171,2026-03-02T16:03:00,E067,quote_sent,draft,sent,Q-26171.pdf,1.0,N
EV-000369,northfield_industrial_components,quote_to_order,sales_order,SO-26172,2026-03-03T07:23:00,E067,order_entered,,open,customer_po_PO855056,1.0,N
EV-000539,northfield_industrial_components,quote_to_order,sales_order,SO-26336,2026-03-03T08:08:00,E067,order_entered,,open,customer_po_PUR-448855,1.0,N
EV-001997,northfield_industrial_components,procure_to_pay,purchase_order,PO-31259,2026-03-03T08:49:00,E062,po_issued,draft,open,PO-31259.pdf,1.0,N
EV-000620,northfield_industrial_components,quote_to_order,sales_order,SO-26415,2026-03-03T09:01:00,E073,order_entered,,open,customer_po_P320235,1.0,N
EV-000014,northfield_industrial_components,quote_to_order,quote,Q-26014,2026-03-03T09:48:00,E071,quote_sent,draft,sent,Q-26014.pdf,1.0,N
EV-002646,northfield_industrial_components,manufacturing,work_order,WO-70085,2026-03-03T17:51:00,E040,wo_released,planned,released,MRP,1.0,N
EV-002699,northfield_industrial_components,manufacturing,work_order,WO-70114,2026-03-04T07:08:00,E056,wo_released,planned,released,MRP,1.0,N
EV-001814,northfield_industrial_components,procure_to_pay,purchase_order,PO-31076,2026-03-04T07:17:00,E060,po_issued,draft,open,PO-31076.pdf,1.0,N
EV-002579,northfield_industrial_components,manufacturing,work_order,WO-70049,2026-03-04T10:35:00,E006,wo_released,planned,released,MRP,1.0,N
EV-000386,northfield_industrial_components,quote_to_order,sales_order,SO-26189,2026-03-04T11:21:00,E065,order_entered,,open,customer_po_PUR-833952,0.9,N
EV-000184,northfield_industrial_components,quote_to_order,quote,Q-26184,2026-03-04T11:29:00,E072,quote_sent,draft,sent,Q-26184.pdf,1.0,N
EV-001742,northfield_industrial_components,procure_to_pay,purchase_order,PO-31004,2026-03-04T14:52:00,E063,po_issued,draft,open,PO-31004.pdf,1.0,N
EV-001524,northfield_industrial_components,order_to_cash,customer_invoice,INV-60134,2026-03-04T16:20:00,system,payment_applied,open,paid,Email remittance,0.95,N
EV-000275,northfield_industrial_components,quote_to_order,sales_order,SO-26078,2026-03-04T16:28:00,E073,order_entered,,open,customer_po_PUR-583900,0.9,N
EV-000390,northfield_industrial_components,quote_to_order,sales_order,SO-26193,2026-03-04T17:50:00,E068,order_entered,,open,customer_po_PUR-460134,1.0,N
EV-001553,northfield_industrial_components,order_to_cash,customer_invoice,INV-60170,2026-03-05T07:25:00,system,payment_applied,open,paid,Bank feed,1.0,N
EV-000240,northfield_industrial_components,quote_to_order,sales_order,SO-26043,2026-03-05T08:22:00,E075,order_entered,,open,customer_po_P683241,1.0,N
EV-001468,northfield_industrial_components,order_to_cash,customer_invoice,INV-60071,2026-03-05T09:11:00,system,payment_applied,open,paid,Email remittance,0.95,N
EV-002056,northfield_industrial_components,procure_to_pay,receipt,RCV-40058,2026-03-05T09:37:00,E103,goods_received,open,received,PS882806,1.0,N
EV-002179,northfield_industrial_components,procure_to_pay,receipt,RCV-40181,2026-03-05T10:29:00,E082,goods_received,open,received,PS197507,0.85,Y
EV-000361,northfield_industrial_components,quote_to_order,sales_order,SO-26164,2026-03-05T11:42:00,E064,order_entered,,open,customer_po_PUR-137715,1.0,N
EV-002487,northfield_industrial_components,procure_to_pay,supplier_invoice,3598568,2026-03-05T11:52:00,E002,invoice_matched,received,approved,3598568,1.0,N
EV-002904,northfield_industrial_components,quality,ncr,NCR-0005,2026-03-05T12:07:00,E057,ncr_opened,,open,RCV-40058,1.0,Y
EV-002574,northfield_industrial_components,manufacturing,work_order,WO-70046,2026-03-05T12:18:00,E080,wo_released,planned,released,MRP,1.0,N
EV-001443,northfield_industrial_components,order_to_cash,customer_invoice,INV-60039,2026-03-05T12:35:00,system,payment_applied,open,paid,Email remittance,0.95,N
EV-002199,northfield_industrial_components,procure_to_pay,receipt,RCV-40201,2026-03-05T13:08:00,E106,goods_received,open,received,PS662446,0.85,Y
EV-000226,northfield_industrial_components,quote_to_order,sales_order,SO-26029,2026-03-05T14:02:00,E064,order_entered,,open,customer_po_P568610,1.0,N
EV-001982,northfield_industrial_components,procure_to_pay,purchase_order,PO-31244,2026-03-05T14:45:00,E061,po_issued,draft,open,PO-31244.pdf,1.0,N
EV-000363,northfield_industrial_components,quote_to_order,sales_order,SO-26166,2026-03-05T15:44:00,E075,order_entered,,open,customer_po_4500290536,0.9,N
EV-002098,northfield_industrial_components,procure_to_pay,receipt,RCV-40100,2026-03-05T17:51:00,E103,goods_received,open,received,PS914134,1.0,N
EV-001572,northfield_industrial_components,order_to_cash,customer_invoice,INV-60192,2026-03-05T17:55:00,system,payment_applied,open,paid,Lockbox,1.0,N
EV-001799,northfield_industrial_components,procure_to_pay,purchase_order,PO-31061,2026-03-06T08:01:00,E060,po_issued,draft,open,PO-31061.pdf,1.0,N
EV-000520,northfield_industrial_components,quote_to_order,sales_order,SO-26319,2026-03-06T12:05:00,E067,order_entered,,open,customer_po_PUR-786270,1.0,N
EV-002303,northfield_industrial_components,procure_to_pay,supplier_invoice,SI3556625,2026-03-06T12:38:00,E002,invoice_matched,received,approved,SI3556625,1.0,N
EV-000317,northfield_industrial_components,quote_to_order,sales_order,SO-26120,2026-03-06T13:40:00,E065,order_entered,,open,customer_po_P931561,0.9,N
EV-000674,northfield_industrial_components,fulfillment,shipment,SH-50049,2026-03-06T14:01:00,E081,shipment_confirmed,picked,shipped,PS-SH-50049.pdf,1.0,N
EV-001065,northfield_industrial_components,order_to_cash,customer_invoice,INV-60049,2026-03-06T14:27:00,E002,invoice_issued,,open,INV-60049.pdf,1.0,N
EV-001892,northfield_industrial_components,procure_to_pay,purchase_order,PO-31154,2026-03-06T16:29:00,E061,po_issued,draft,open,PO-31154.pdf,1.0,N
EV-001589,northfield_industrial_components,order_to_cash,customer_invoice,INV-60211,2026-03-06T16:35:00,system,payment_applied,open,paid,Lockbox,1.0,N
EV-000904,northfield_industrial_components,fulfillment,shipment,SH-50279,2026-03-07T10:03:00,E081,shipment_confirmed,picked,shipped,PS-SH-50279.pdf,1.0,N
EV-001295,northfield_industrial_components,order_to_cash,customer_invoice,INV-60279,2026-03-07T12:22:00,E002,invoice_issued,,open,INV-60279.pdf,1.0,N
EV-000145,northfield_industrial_components,quote_to_order,quote,Q-26145,2026-03-07T12:58:00,E072,quote_sent,draft,sent,Q-26145.pdf,1.0,N
EV-002345,northfield_industrial_components,procure_to_pay,supplier_invoice,94075810,2026-03-07T13:11:00,E002,invoice_matched,received,approved,94075810,1.0,N
EV-002523,northfield_industrial_components,manufacturing,work_order,WO-70017,2026-03-07T14:17:00,E049,wo_released,planned,released,MRP,1.0,N
EV-002603,northfield_industrial_components,manufacturing,work_order,WO-70062,2026-03-07T16:06:00,E103,wo_released,planned,released,MRP,1.0,N
EV-001713,northfield_industrial_components,order_to_cash,customer_invoice,INV-60357,2026-03-07T16:09:00,system,payment_applied,open,paid,Email remittance,0.95,N
EV-002863,northfield_industrial_components,manufacturing,work_order,WO-70200,2026-03-07T17:28:00,E055,wo_closed,in_process,closed,COC-WO-70200.pdf,1.0,N
EV-002824,northfield_industrial_components,manufacturing,work_order,WO-70180,2026-03-08T10:25:00,E037,wo_released,planned,released,MRP,1.0,N
EV-001714,northfield_industrial_components,order_to_cash,customer_invoice,INV-60358,2026-03-08T10:45:00,system,payment_applied,open,paid,Lockbox,1.0,N
EV-002825,northfield_industrial_components,manufacturing,work_order,WO-70181,2026-03-08T11:05:00,E041,wo_released,planned,released,MRP,1.0,N
EV-001966,northfield_industrial_components,procure_to_pay,purchase_order,PO-31228,2026-03-08T12:35:00,E060,po_issued,draft,open,PO-31228.pdf,1.0,N
EV-000129,northfield_industrial_components,quote_to_order,quote,Q-26129,2026-03-08T13:33:00,E069,quote_sent,draft,sent,Q-26129.pdf,1.0,N
EV-002446,northfield_industrial_components,procure_to_pay,supplier_invoice,SI5797069,2026-03-08T15:42:00,E002,invoice_matched,received,approved,SI5797069,1.0,N
EV-000080,northfield_industrial_components,quote_to_order,quote,Q-26080,2026-03-08T16:46:00,E066,quote_sent,draft,sent,Q-26080.pdf,1.0,N
EV-002002,northfield_industrial_components,procure_to_pay,receipt,RCV-40004,2026-03-09T09:10:00,E082,goods_received,open,received,PS999342,0.85,Y
EV-000704,northfield_industrial_components,fulfillment,shipment,SH-50079,2026-03-09T10:02:00,E083,shipment_confirmed,picked,shipped,PS-SH-50079.pdf,1.0,N
EV-000115,northfield_industrial_components,quote_to_order,quote,Q-26115,2026-03-09T14:07:00,E067,quote_sent,draft,sent,Q-26115.pdf,1.0,N
EV-001560,northfield_industrial_components,order_to_cash,customer_invoice,INV-60178,2026-03-09T14:17:00,system,payment_applied,open,paid,Portal,1.0,N
EV-001095,northfield_industrial_components,order_to_cash,customer_invoice,INV-60079,2026-03-09T15:36:00,E002,invoice_issued,,open,INV-60079.pdf,1.0,N
EV-002650,northfield_industrial_components,manufacturing,work_order,WO-70087,2026-03-09T15:51:00,E055,wo_closed,in_process,closed,COC-WO-70087.pdf,1.0,N
EV-000165,northfield_industrial_components,quote_to_order,quote,Q-26165,2026-03-09T16:01:00,E072,quote_sent,draft,sent,Q-26165.pdf,1.0,N
EV-000815,northfield_industrial_components,fulfillment,shipment,SH-50190,2026-03-10T07:44:00,E079,shipment_confirmed,picked,shipped,PS-SH-50190.pdf,1.0,N
EV-000549,northfield_industrial_components,quote_to_order,sales_order,SO-26346,2026-03-10T07:45:00,E068,order_entered,,open,customer_po_PUR-489855,1.0,N
EV-001868,northfield_industrial_components,procure_to_pay,purchase_order,PO-31130,2026-03-10T07:54:00,E062,po_issued,draft,open,PO-31130.pdf,1.0,N
EV-001278,northfield_industrial_components,order_to_cash,customer_invoice,INV-60262,2026-03-10T08:06:00,E002,invoice_issued,,open,INV-60262.pdf,1.0,N
EV-002184,northfield_industrial_components,procure_to_pay,receipt,RCV-40186,2026-03-10T08:57:00,E082,goods_received,open,received,PS594656,1.0,N
EV-000887,northfield_industrial_components,fulfillment,shipment,SH-50262,2026-03-10T14:17:00,E103,shipment_confirmed,picked,shipped,PS-SH-50262.pdf,1.0,N
EV-002659,northfield_industrial_components,manufacturing,work_order,WO-70092,2026-03-10T14:53:00,E050,wo_released,planned,released,MRP,1.0,N
EV-000037,northfield_industrial_components,quote_to_order,quote,Q-26037,2026-03-10T15:44:00,E067,quote_sent,draft,sent,Q-26037.pdf,1.0,N
EV-001206,northfield_industrial_components,order_to_cash,customer_invoice,INV-60190,2026-03-10T17:18:00,E002,invoice_issued,,open,INV-60190.pdf,1.0,N
EV-000348,northfield_industrial_components,quote_to_order,sales_order,SO-26151,2026-03-11T07:12:00,E074,order_entered,,open,customer_po_4500647037,1.0,N
EV-002134,northfield_industrial_components,procure_to_pay,receipt,RCV-40136,2026-03-11T07:38:00,E106,goods_received,open,received,PS201104,1.0,N
EV-001845,northfield_industrial_components,procure_to_pay,purchase_order,PO-31107,2026-03-11T10:11:00,E063,po_issued,draft,open,PO-31107.pdf,1.0,N
EV-000710,northfield_industrial_components,fulfillment,shipment,SH-50085,2026-03-11T12:57:00,E081,shipment_confirmed,picked,shipped,PS-SH-50085.pdf,1.0,N
EV-001647,northfield_industrial_components,order_to_cash,customer_invoice,INV-60274,2026-03-11T13:41:00,system,payment_applied,open,paid,Email remittance,0.95,N
EV-000598,northfield_industrial_components,quote_to_order,sales_order,SO-26394,2026-03-11T13:59:00,E067,order_entered,,open,customer_po_PUR-305125,0.9,N
EV-002550,northfield_industrial_components,manufacturing,work_order,WO-70031,2026-03-11T14:18:00,E055,wo_closed,in_process,closed,COC-WO-70031.pdf,1.0,N
EV-001973,northfield_industrial_components,procure_to_pay,purchase_order,PO-31235,2026-03-11T16:04:00,E063,po_issued,draft,open,PO-31235.pdf,1.0,N
EV-001101,northfield_industrial_components,order_to_cash,customer_invoice,INV-60085,2026-03-11T16:06:00,E002,invoice_issued,,open,INV-60085.pdf,1.0,N
EV-002766,northfield_industrial_components,manufacturing,work_order,WO-70149,2026-03-11T16:49:00,E055,wo_closed,in_process,closed,COC-WO-70149.pdf,1.0,N
EV-002159,northfield_industrial_components,procure_to_pay,receipt,RCV-40161,2026-03-11T17:03:00,E100,goods_received,open,received,PS998556,1.0,N
EV-001402,northfield_industrial_components,order_to_cash,customer_invoice,INV-60386,2026-03-12T07:28:00,E002,invoice_issued,,open,INV-60386.pdf,1.0,N
EV-000192,northfield_industrial_components,quote_to_order,quote,Q-26192,2026-03-12T09:20:00,E071,quote_sent,draft,sent,Q-26192.pdf,1.0,N
EV-002504,northfield_industrial_components,manufacturing,work_order,WO-70006,2026-03-12T09:22:00,E055,wo_closed,in_process,closed,COC-WO-70006.pdf,1.0,N
EV-002566,northfield_industrial_components,manufacturing,work_order,WO-70041,2026-03-12T12:45:00,E055,wo_closed,in_process,closed,COC-WO-70041.pdf,1.0,N
EV-002177,northfield_industrial_components,procure_to_pay,receipt,RCV-40179,2026-03-12T13:14:00,E081,goods_received,open,received,PS809668,1.0,N
EV-001557,northfield_industrial_components,order_to_cash,customer_invoice,INV-60174,2026-03-12T13:41:00,system,payment_applied,open,paid,Bank feed,1.0,N
EV-001822,northfield_industrial_components,procure_to_pay,purchase_order,PO-31084,2026-03-12T15:43:00,E062,po_issued,draft,open,PO-31084.pdf,1.0,N
EV-000293,northfield_industrial_components,quote_to_order,sales_order,SO-26096,2026-03-12T16:02:00,E067,order_entered,,open,customer_po_PO831148,0.9,N
EV-001011,northfield_industrial_components,fulfillment,shipment,SH-50386,2026-03-12T16:11:00,E082,shipment_confirmed,picked,shipped,PS-SH-50386.pdf,1.0,N
EV-002588,northfield_industrial_components,manufacturing,work_order,WO-70054,2026-03-12T17:05:00,E106,wo_released,planned,released,MRP,1.0,N
EV-002892,northfield_industrial_components,manufacturing,work_order,WO-70217,2026-03-12T17:59:00,E009,wo_released,planned,released,MRP,1.0,N
EV-002617,northfield_industrial_components,manufacturing,work_order,WO-70070,2026-03-13T07:26:00,E079,wo_released,planned,released,MRP,1.0,N
EV-002426,northfield_industrial_components,procure_to_pay,supplier_invoice,SI4268072,2026-03-13T07:29:00,E002,invoice_matched,received,approved,SI4268072,1.0,N
EV-000953,northfield_industrial_components,fulfillment,shipment,SH-50328,2026-03-13T07:54:00,E083,shipment_confirmed,picked,shipped,PS-SH-50328.pdf,1.0,N
EV-001310,northfield_industrial_components,order_to_cash,customer_invoice,INV-60294,2026-03-13T09:57:00,E002,invoice_issued,,open,INV-60294.pdf,1.0,N
EV-000261,northfield_industrial_components,quote_to_order,sales_order,SO-26064,2026-03-13T11:30:00,E074,order_entered,,open,customer_po_P271160,1.0,N
EV-000352,northfield_industrial_components,quote_to_order,sales_order,SO-26155,2026-03-13T11:45:00,E075,order_entered,,open,customer_po_4500552299,0.9,N
EV-000564,northfield_industrial_components,quote_to_order,sales_order,SO-26360,2026-03-13T12:00:00,E064,order_entered,,open,customer_po_PUR-580577,0.9,N
EV-000012,northfield_industrial_components,quote_to_order,quote,Q-26012,2026-03-13T12:23:00,E067,quote_sent,draft,sent,Q-26012.pdf,1.0,N
EV-000830,northfield_industrial_components,fulfillment,shipment,SH-50205,2026-03-13T12:28:00,E080,shipment_confirmed,picked,shipped,PS-SH-50205.pdf,1.0,N
EV-000180,northfield_industrial_components,quote_to_order,quote,Q-26180,2026-03-13T12:38:00,E069,quote_sent,draft,sent,Q-26180.pdf,1.0,N
EV-000919,northfield_industrial_components,fulfillment,shipment,SH-50294,2026-03-13T13:34:00,E083,shipment_confirmed,picked,shipped,PS-SH-50294.pdf,1.0,N
EV-001344,northfield_industrial_components,order_to_cash,customer_invoice,INV-60328,2026-03-13T13:37:00,E002,invoice_issued,,open,INV-60328.pdf,1.0,N
EV-001221,northfield_industrial_components,order_to_cash,customer_invoice,INV-60205,2026-03-13T15:07:00,E002,invoice_issued,,open,INV-60205.pdf,1.0,N
EV-001305,northfield_industrial_components,order_to_cash,customer_invoice,INV-60289,2026-03-14T10:30:00,E002,invoice_issued,,open,INV-60289.pdf,1.0,N
EV-002201,northfield_industrial_components,procure_to_pay,receipt,RCV-40203,2026-03-14T10:59:00,E104,goods_received,open,received,PS386992,0.85,Y
EV-002899,northfield_industrial_components,manufacturing,work_order,WO-70220,2026-03-14T13:07:00,E055,wo_closed,in_process,closed,COC-WO-70220.pdf,1.0,N
EV-000914,northfield_industrial_components,fulfillment,shipment,SH-50289,2026-03-14T15:53:00,E083,shipment_confirmed,picked,shipped,PS-SH-50289.pdf,1.0,N
EV-002700,northfield_industrial_components,manufacturing,work_order,WO-70114,2026-03-14T16:37:00,E055,wo_closed,in_process,closed,COC-WO-70114.pdf,1.0,N
EV-001984,northfield_industrial_components,procure_to_pay,purchase_order,PO-31246,2026-03-15T07:14:00,E061,po_issued,draft,open,PO-31246.pdf,1.0,N
EV-001769,northfield_industrial_components,procure_to_pay,purchase_order,PO-31031,2026-03-15T07:59:00,E061,po_issued,draft,open,PO-31031.pdf,1.0,N
EV-000898,northfield_industrial_components,fulfillment,shipment,SH-50273,2026-03-15T08:09:00,E105,shipment_confirmed,picked,shipped,PS-SH-50273.pdf,1.0,N
EV-001289,northfield_industrial_components,order_to_cash,customer_invoice,INV-60273,2026-03-15T08:20:00,E002,invoice_issued,,open,INV-60273.pdf,1.0,N
EV-001702,northfield_industrial_components,order_to_cash,customer_invoice,INV-60343,2026-03-15T10:58:00,system,payment_applied,open,paid,Email remittance,0.95,N
EV-001509,northfield_industrial_components,order_to_cash,customer_invoice,INV-60118,2026-03-15T12:06:00,system,payment_applied,open,paid,Email remittance,0.95,N
EV-000542,northfield_industrial_components,quote_to_order,sales_order,SO-26339,2026-03-15T14:24:00,E065,order_entered,,open,customer_po_PUR-392918,0.9,N
EV-002046,northfield_industrial_components,procure_to_pay,receipt,RCV-40048,2026-03-15T14:41:00,E102,goods_received,open,received,PS480133,0.85,Y
EV-000804,northfield_industrial_components,fulfillment,shipment,SH-50179,2026-03-15T15:38:00,E080,shipment_confirmed,picked,shipped,PS-SH-50179.pdf,1.0,N
EV-001195,northfield_industrial_components,order_to_cash,customer_invoice,INV-60179,2026-03-15T16:18:00,E002,invoice_issued,,open,INV-60179.pdf,1.0,N
EV-001330,northfield_industrial_components,order_to_cash,customer_invoice,INV-60314,2026-03-16T10:25:00,E002,invoice_issued,,open,INV-60314.pdf,1.0,N
EV-000044,northfield_industrial_components,quote_to_order,quote,Q-26044,2026-03-16T11:15:00,E070,quote_sent,draft,sent,Q-26044.pdf,1.0,N
EV-000333,northfield_industrial_components,quote_to_order,sales_order,SO-26136,2026-03-16T11:41:00,E066,order_entered,,open,customer_po_PO824511,0.9,N
EV-002249,northfield_industrial_components,procure_to_pay,supplier_invoice,SI6439580,2026-03-16T12:34:00,E002,match_exception,received,on hold,SI6439580,0.7,Y
EV-002119,northfield_industrial_components,procure_to_pay,receipt,RCV-40121,2026-03-16T15:32:00,E099,goods_received,open,received,PS690043,0.85,Y
EV-000939,northfield_industrial_components,fulfillment,shipment,SH-50314,2026-03-16T16:05:00,E106,shipment_confirmed,picked,shipped,PS-SH-50314.pdf,1.0,N
EV-002826,northfield_industrial_components,manufacturing,work_order,WO-70181,2026-03-16T16:07:00,E055,wo_closed,in_process,closed,COC-WO-70181.pdf,1.0,N
EV-000148,northfield_industrial_components,quote_to_order,quote,Q-26148,2026-03-16T16:11:00,E072,quote_sent,draft,sent,Q-26148.pdf,1.0,N
EV-002381,northfield_industrial_components,procure_to_pay,supplier_invoice,7159705,2026-03-16T16:30:00,E002,invoice_matched,received,approved,7159705,1.0,N
EV-002431,northfield_industrial_components,procure_to_pay,supplier_invoice,93058235,2026-03-17T08:03:00,E002,match_exception,received,on hold,93058235,0.7,Y
EV-000676,northfield_industrial_components,fulfillment,shipment,SH-50051,2026-03-17T08:32:00,E102,shipment_confirmed,picked,shipped,PS-SH-50051.pdf,1.0,N
EV-002424,northfield_industrial_components,procure_to_pay,supplier_invoice,97725486,2026-03-17T09:28:00,E002,invoice_matched,received,approved,97725486,1.0,N
EV-001067,northfield_industrial_components,order_to_cash,customer_invoice,INV-60051,2026-03-17T13:33:00,E002,invoice_issued,,open,INV-60051.pdf,1.0,N
EV-001341,northfield_industrial_components,order_to_cash,customer_invoice,INV-60325,2026-03-17T15:09:00,E002,invoice_issued,,open,INV-60325.pdf,1.0,N
EV-001961,northfield_industrial_components,procure_to_pay,purchase_order,PO-31223,2026-03-17T15:38:00,E060,po_issued,draft,open,PO-31223.pdf,1.0,N
EV-000950,northfield_industrial_components,fulfillment,shipment,SH-50325,2026-03-17T17:33:00,E077,shipment_confirmed,picked,shipped,PS-SH-50325.pdf,1.0,N
EV-002569,northfield_industrial_components,manufacturing,work_order,WO-70043,2026-03-18T09:26:00,E068,wo_released,planned,released,MRP,1.0,N
EV-002143,northfield_industrial_components,procure_to_pay,receipt,RCV-40145,2026-03-18T09:32:00,E079,goods_received,open,received,PS437687,1.0,N
EV-002390,northfield_industrial_components,procure_to_pay,supplier_invoice,6734166,2026-03-18T09:33:00,E002,invoice_matched,received,approved,6734166,1.0,N
EV-000133,northfield_industrial_components,quote_to_order,quote,Q-26133,2026-03-18T10:10:00,E067,quote_sent,draft,sent,Q-26133.pdf,1.0,N
EV-002406,northfield_industrial_components,procure_to_pay,supplier_invoice,9948635,2026-03-18T10:40:00,E002,match_exception,received,on hold,9948635,0.7,Y
EV-002045,northfield_industrial_components,procure_to_pay,receipt,RCV-40047,2026-03-18T10:42:00,E102,goods_received,open,received,PS952304,0.85,Y
EV-002661,northfield_industrial_components,manufacturing,work_order,WO-70093,2026-03-18T17:55:00,E055,wo_closed,in_process,closed,COC-WO-70093.pdf,1.0,N
EV-002448,northfield_industrial_components,procure_to_pay,supplier_invoice,INV4203567,2026-03-19T07:48:00,E002,invoice_matched,received,approved,INV4203567,1.0,N
EV-001808,northfield_industrial_components,procure_to_pay,purchase_order,PO-31070,2026-03-19T11:02:00,E061,po_issued,draft,open,PO-31070.pdf,1.0,N
EV-000267,northfield_industrial_components,quote_to_order,sales_order,SO-26070,2026-03-19T12:02:00,E066,order_entered,,open,customer_po_PO880452,1.0,N
EV-000023,northfield_industrial_components,quote_to_order,quote,Q-26023,2026-03-19T12:41:00,E066,quote_sent,draft,sent,Q-26023.pdf,1.0,N
EV-000560,northfield_industrial_components,quote_to_order,sales_order,SO-26357,2026-03-19T13:23:00,E064,order_entered,,open,customer_po_P121845,1.0,N
EV-001833,northfield_industrial_components,procure_to_pay,purchase_order,PO-31095,2026-03-19T14:12:00,E061,po_issued,draft,open,PO-31095.pdf,1.0,N
EV-000431,northfield_industrial_components,quote_to_order,sales_order,SO-26234,2026-03-19T14:26:00,E075,order_entered,,open,customer_po_4500148122,1.0,N
EV-000227,northfield_industrial_components,quote_to_order,sales_order,SO-26030,2026-03-19T16:25:00,E065,order_entered,,open,customer_po_PO354799,1.0,N
EV-002292,northfield_industrial_components,procure_to_pay,supplier_invoice,SI2071386,2026-03-20T08:24:00,E002,invoice_matched,received,approved,SI2071386,1.0,N
EV-002221,northfield_industrial_components,procure_to_pay,receipt,RCV-40223,2026-03-20T09:39:00,E080,goods_received,open,received,PS310871,1.0,N
EV-000948,northfield_industrial_components,fulfillment,shipment,SH-50323,2026-03-20T10:04:00,E100,shipment_confirmed,picked,shipped,PS-SH-50323.pdf,1.0,N
EV-002142,northfield_industrial_components,procure_to_pay,receipt,RCV-40144,2026-03-20T11:19:00,E099,goods_received,open,received,PS312372,1.0,N
EV-001192,northfield_industrial_components,order_to_cash,customer_invoice,INV-60176,2026-03-20T11:24:00,E002,invoice_issued,,open,INV-60176.pdf,1.0,N
EV-002195,northfield_industrial_components,procure_to_pay,receipt,RCV-40197,2026-03-20T11:54:00,E103,goods_received,open,received,PS321175,0.85,Y
EV-000801,northfield_industrial_components,fulfillment,shipment,SH-50176,2026-03-20T12:36:00,E078,shipment_confirmed,picked,shipped,PS-SH-50176.pdf,1.0,N
EV-002044,northfield_industrial_components,procure_to_pay,receipt,RCV-40046,2026-03-20T13:29:00,E076,goods_received,open,received,PS587279,1.0,N
EV-000316,northfield_industrial_components,quote_to_order,sales_order,SO-26119,2026-03-20T13:50:00,E064,order_entered,,open,customer_po_4500814338,0.9,N
EV-000685,northfield_industrial_components,fulfillment,shipment,SH-50060,2026-03-20T14:09:00,E101,shipment_confirmed,picked,shipped,PS-SH-50060.pdf,1.0,N
EV-001339,northfield_industrial_components,order_to_cash,customer_invoice,INV-60323,2026-03-20T15:38:00,E002,invoice_issued,,open,INV-60323.pdf,1.0,N
EV-001076,northfield_industrial_components,order_to_cash,customer_invoice,INV-60060,2026-03-20T16:03:00,E002,invoice_issued,,open,INV-60060.pdf,1.0,N
EV-001963,northfield_industrial_components,procure_to_pay,purchase_order,PO-31225,2026-03-20T17:47:00,E060,po_issued,draft,open,PO-31225.pdf,1.0,N
EV-001804,northfield_industrial_components,procure_to_pay,purchase_order,PO-31066,2026-03-21T07:08:00,E060,po_issued,draft,open,PO-31066.pdf,1.0,N
EV-002589,northfield_industrial_components,manufacturing,work_order,WO-70054,2026-03-21T07:53:00,E055,wo_closed,in_process,closed,COC-WO-70054.pdf,1.0,N
EV-002875,northfield_industrial_components,manufacturing,work_order,WO-70207,2026-03-21T08:30:00,E010,wo_released,planned,released,MRP,1.0,N
EV-000225,northfield_industrial_components,quote_to_order,sales_order,SO-26028,2026-03-21T08:35:00,E074,order_entered,,open,customer_po_PO301504,1.0,N
EV-001352,northfield_industrial_components,order_to_cash,customer_invoice,INV-60336,2026-03-21T09:47:00,E002,invoice_issued,,open,INV-60336.pdf,1.0,N
EV-000278,northfield_industrial_components,quote_to_order,sales_order,SO-26081,2026-03-21T10:35:00,E068,order_entered,,open,customer_po_4500590153,1.0,N
EV-000463,northfield_industrial_components,quote_to_order,sales_order,SO-26265,2026-03-21T12:33:00,E073,order_entered,,open,customer_po_PO503681,0.9,N
EV-001349,northfield_industrial_components,order_to_cash,customer_invoice,INV-60333,2026-03-21T12:34:00,E002,invoice_issued,,open,INV-60333.pdf,1.0,N
EV-002618,northfield_industrial_components,manufacturing,work_order,WO-70070,2026-03-21T14:35:00,E055,wo_closed,in_process,closed,COC-WO-70070.pdf,1.0,N
EV-002913,northfield_industrial_components,quality,ncr,NCR-0014,2026-03-21T14:51:00,E056,ncr_opened,,open,WO-70054,1.0,Y
EV-000961,northfield_industrial_components,fulfillment,shipment,SH-50336,2026-03-21T15:39:00,E105,shipment_confirmed,picked,shipped,PS-SH-50336.pdf,1.0,N
EV-000958,northfield_industrial_components,fulfillment,shipment,SH-50333,2026-03-21T17:03:00,E100,shipment_confirmed,picked,shipped,PS-SH-50333.pdf,1.0,N
EV-000580,northfield_industrial_components,quote_to_order,sales_order,SO-26376,2026-03-21T17:07:00,E068,order_entered,,open,customer_po_PUR-927134,1.0,N
EV-000933,northfield_industrial_components,fulfillment,shipment,SH-50308,2026-03-22T08:11:00,E082,shipment_confirmed,picked,shipped,PS-SH-50308.pdf,1.0,N
EV-001935,northfield_industrial_components,procure_to_pay,purchase_order,PO-31197,2026-03-22T08:24:00,E063,po_issued,draft,open,PO-31197.pdf,1.0,N
EV-002872,northfield_industrial_components,manufacturing,work_order,WO-70205,2026-03-22T08:54:00,E001,wo_released,planned,released,MRP,1.0,N
EV-001156,northfield_industrial_components,order_to_cash,customer_invoice,INV-60140,2026-03-22T10:23:00,E002,invoice_issued,,open,INV-60140.pdf,1.0,N
EV-001160,northfield_industrial_components,order_to_cash,customer_invoice,INV-60144,2026-03-22T10:33:00,E002,invoice_issued,,open,INV-60144.pdf,1.0,N
EV-002029,northfield_industrial_components,procure_to_pay,receipt,RCV-40031,2026-03-22T11:13:00,E076,goods_received,open,received,PS103388,1.0,N
EV-001324,northfield_industrial_components,order_to_cash,customer_invoice,INV-60308,2026-03-22T11:24:00,E002,invoice_issued,,open,INV-60308.pdf,1.0,N
EV-001220,northfield_industrial_components,order_to_cash,customer_invoice,INV-60204,2026-03-22T11:32:00,E002,invoice_issued,,open,INV-60204.pdf,1.0,N
EV-001012,northfield_industrial_components,fulfillment,shipment,SH-50387,2026-03-22T13:38:00,E077,shipment_confirmed,picked,shipped,PS-SH-50387.pdf,1.0,N
EV-000765,northfield_industrial_components,fulfillment,shipment,SH-50140,2026-03-22T13:44:00,E105,shipment_confirmed,picked,shipped,PS-SH-50140.pdf,1.0,N
EV-000829,northfield_industrial_components,fulfillment,shipment,SH-50204,2026-03-22T14:40:00,E102,shipment_confirmed,picked,shipped,PS-SH-50204.pdf,1.0,N
EV-001403,northfield_industrial_components,order_to_cash,customer_invoice,INV-60387,2026-03-22T14:57:00,E002,invoice_issued,,open,INV-60387.pdf,1.0,N
EV-002882,northfield_industrial_components,manufacturing,work_order,WO-70211,2026-03-22T15:33:00,E047,wo_released,planned,released,MRP,1.0,N
EV-002637,northfield_industrial_components,manufacturing,work_order,WO-70080,2026-03-22T15:47:00,E055,wo_closed,in_process,closed,COC-WO-70080.pdf,1.0,N
EV-001518,northfield_industrial_components,order_to_cash,customer_invoice,INV-60128,2026-03-22T17:13:00,system,payment_applied,open,paid,Bank feed,1.0,N
EV-000769,northfield_industrial_components,fulfillment,shipment,SH-50144,2026-03-22T17:46:00,E079,shipment_confirmed,picked,shipped,PS-SH-50144.pdf,1.0,N
EV-001088,northfield_industrial_components,order_to_cash,customer_invoice,INV-60072,2026-03-23T07:40:00,E002,invoice_issued,,open,INV-60072.pdf,1.0,N
EV-001364,northfield_industrial_components,order_to_cash,customer_invoice,INV-60348,2026-03-23T07:44:00,E002,invoice_issued,,open,INV-60348.pdf,1.0,N
EV-002623,northfield_industrial_components,manufacturing,work_order,WO-70073,2026-03-23T07:51:00,E068,wo_released,planned,released,MRP,1.0,N
EV-002231,northfield_industrial_components,procure_to_pay,receipt,RCV-40233,2026-03-23T11:06:00,E077,goods_received,open,received,PS315902,1.0,N
EV-000697,northfield_industrial_components,fulfillment,shipment,SH-50072,2026-03-23T12:54:00,E082,shipment_confirmed,picked,shipped,PS-SH-50072.pdf,1.0,N
EV-002389,northfield_industrial_components,procure_to_pay,supplier_invoice,INV1586204,2026-03-23T13:03:00,E002,invoice_matched,received,approved,INV1586204,1.0,N
EV-001461,northfield_industrial_components,order_to_cash,customer_invoice,INV-60064,2026-03-23T13:18:00,system,payment_applied,open,paid,Lockbox,1.0,N
EV-000973,northfield_industrial_components,fulfillment,shipment,SH-50348,2026-03-23T14:22:00,E101,shipment_confirmed,picked,shipped,PS-SH-50348.pdf,1.0,N
EV-001792,northfield_industrial_components,procure_to_pay,purchase_order,PO-31054,2026-03-23T15:30:00,E061,po_issued,draft,open,PO-31054.pdf,1.0,N
EV-001896,northfield_industrial_components,procure_to_pay,purchase_order,PO-31158,2026-03-23T15:43:00,E060,po_issued,draft,open,PO-31158.pdf,1.0,N
EV-001585,northfield_industrial_components,order_to_cash,customer_invoice,INV-60207,2026-03-23T16:11:00,system,payment_applied,open,paid,Portal,1.0,N
EV-002524,northfield_industrial_components,manufacturing,work_order,WO-70017,2026-03-23T16:35:00,E055,wo_closed,in_process,closed,COC-WO-70017.pdf,1.0,N
EV-000273,northfield_industrial_components,quote_to_order,sales_order,SO-26076,2026-03-23T16:42:00,E065,order_entered,,open,customer_po_P351611,0.9,N
EV-002721,northfield_industrial_components,manufacturing,work_order,WO-70125,2026-03-23T17:09:00,E055,wo_closed,in_process,closed,COC-WO-70125.pdf,1.0,N
EV-001885,northfield_industrial_components,procure_to_pay,purchase_order,PO-31147,2026-03-23T17:31:00,E061,po_issued,draft,open,PO-31147.pdf,1.0,N
EV-002908,northfield_industrial_components,quality,ncr,NCR-0009,2026-03-23T17:32:00,E056,ncr_opened,,open,WO-70017,1.0,Y
EV-001125,northfield_industrial_components,order_to_cash,customer_invoice,INV-60109,2026-03-24T08:21:00,E002,invoice_issued,,open,INV-60109.pdf,1.0,N
EV-001382,northfield_industrial_components,order_to_cash,customer_invoice,INV-60366,2026-03-24T10:15:00,E002,invoice_issued,,open,INV-60366.pdf,1.0,N
EV-002554,northfield_industrial_components,manufacturing,work_order,WO-70034,2026-03-24T10:29:00,E062,wo_released,planned,released,MRP,1.0,N
EV-000984,northfield_industrial_components,fulfillment,shipment,SH-50359,2026-03-24T13:01:00,E078,shipment_confirmed,picked,shipped,PS-SH-50359.pdf,1.0,N
EV-001375,northfield_industrial_components,order_to_cash,customer_invoice,INV-60359,2026-03-24T13:48:00,E002,invoice_issued,,open,INV-60359.pdf,1.0,N
EV-000734,northfield_industrial_components,fulfillment,shipment,SH-50109,2026-03-24T14:14:00,E104,shipment_confirmed,picked,shipped,PS-SH-50109.pdf,1.0,N
EV-001432,northfield_industrial_components,order_to_cash,customer_invoice,INV-60025,2026-03-24T14:39:00,system,payment_applied,open,paid,Portal,1.0,N
EV-000991,northfield_industrial_components,fulfillment,shipment,SH-50366,2026-03-24T14:54:00,E081,shipment_confirmed,picked,shipped,PS-SH-50366.pdf,1.0,N
EV-001543,northfield_industrial_components,order_to_cash,customer_invoice,INV-60157,2026-03-24T15:37:00,system,payment_applied,open,paid,Portal,1.0,N
EV-002893,northfield_industrial_components,manufacturing,work_order,WO-70217,2026-03-24T16:30:00,E055,wo_closed,in_process,closed,COC-WO-70217.pdf,1.0,N
EV-001643,northfield_industrial_components,order_to_cash,customer_invoice,INV-60269,2026-03-24T17:08:00,system,payment_applied,open,paid,Email remittance,0.95,N
EV-002918,northfield_industrial_components,returns,rma,RMA-0003,2026-03-25T08:25:00,E075,rma_approved,requested,approved,INV-60205,1.0,N
EV-001075,northfield_industrial_components,order_to_cash,customer_invoice,INV-60059,2026-03-25T08:28:00,E002,invoice_issued,,open,INV-60059.pdf,1.0,N
EV-000081,northfield_industrial_components,quote_to_order,quote,Q-26081,2026-03-25T08:33:00,E070,quote_sent,draft,sent,Q-26081.pdf,1.0,N
EV-001179,northfield_industrial_components,order_to_cash,customer_invoice,INV-60163,2026-03-25T08:47:00,E002,invoice_issued,,open,INV-60163.pdf,1.0,N
EV-001056,northfield_industrial_components,order_to_cash,customer_invoice,INV-60040,2026-03-25T09:10:00,E002,invoice_issued,,open,INV-60040.pdf,1.0,N
EV-000684,northfield_industrial_components,fulfillment,shipment,SH-50059,2026-03-25T09:32:00,E080,shipment_confirmed,picked,shipped,PS-SH-50059.pdf,1.0,N
EV-000576,northfield_industrial_components,quote_to_order,sales_order,SO-26372,2026-03-25T10:14:00,E073,order_entered,,open,customer_po_PUR-992911,1.0,N
EV-001169,northfield_industrial_components,order_to_cash,customer_invoice,INV-60153,2026-03-25T12:12:00,E002,invoice_issued,,open,INV-60153.pdf,1.0,N
EV-000574,northfield_industrial_components,quote_to_order,sales_order,SO-26370,2026-03-25T12:27:00,E073,order_entered,,open,customer_po_PO155313,0.9,N
EV-000665,northfield_industrial_components,fulfillment,shipment,SH-50040,2026-03-25T13:05:00,E080,shipment_confirmed,picked,shipped,PS-SH-50040.pdf,1.0,N
EV-002293,northfield_industrial_components,procure_to_pay,supplier_invoice,92237159,2026-03-25T14:01:00,E002,invoice_matched,received,approved,92237159,1.0,N
EV-000788,northfield_industrial_components,fulfillment,shipment,SH-50163,2026-03-25T14:26:00,E104,shipment_confirmed,picked,shipped,PS-SH-50163.pdf,1.0,N
EV-002066,northfield_industrial_components,procure_to_pay,receipt,RCV-40068,2026-03-25T15:31:00,E080,goods_received,open,received,PS725520,0.85,Y
EV-000651,northfield_industrial_components,fulfillment,shipment,SH-50026,2026-03-25T15:58:00,E076,shipment_confirmed,picked,shipped,PS-SH-50026.pdf,1.0,N
EV-000778,northfield_industrial_components,fulfillment,shipment,SH-50153,2026-03-25T16:27:00,E081,shipment_confirmed,picked,shipped,PS-SH-50153.pdf,1.0,N
EV-002366,northfield_industrial_components,procure_to_pay,supplier_invoice,SI5919416,2026-03-25T17:15:00,E002,invoice_matched,received,approved,SI5919416,1.0,N
EV-001491,northfield_industrial_components,order_to_cash,customer_invoice,INV-60097,2026-03-25T17:30:00,system,payment_applied,open,paid,Portal,1.0,N
EV-002708,northfield_industrial_components,manufacturing,work_order,WO-70118,2026-03-25T17:33:00,E055,wo_closed,in_process,closed,COC-WO-70118.pdf,1.0,N
EV-001042,northfield_industrial_components,order_to_cash,customer_invoice,INV-60026,2026-03-25T17:49:00,E002,invoice_issued,,open,INV-60026.pdf,1.0,N
EV-000652,northfield_industrial_components,fulfillment,shipment,SH-50027,2026-03-26T07:15:00,E078,shipment_confirmed,picked,shipped,PS-SH-50027.pdf,1.0,N
EV-001043,northfield_industrial_components,order_to_cash,customer_invoice,INV-60027,2026-03-26T08:38:00,E002,invoice_issued,,open,INV-60027.pdf,1.0,N
EV-002614,northfield_industrial_components,manufacturing,work_order,WO-70068,2026-03-26T09:42:00,E023,wo_released,planned,released,MRP,1.0,N
EV-001507,northfield_industrial_components,order_to_cash,customer_invoice,INV-60115,2026-03-26T09:56:00,system,payment_applied,open,paid,Email remittance,0.95,N
EV-000491,northfield_industrial_components,quote_to_order,sales_order,SO-26292,2026-03-26T10:14:00,E068,order_entered,,open,customer_po_4500708273,0.9,N
EV-000289,northfield_industrial_components,quote_to_order,sales_order,SO-26092,2026-03-26T12:50:00,E074,order_entered,,open,customer_po_PO621376,0.9,N
EV-001632,northfield_industrial_components,order_to_cash,customer_invoice,INV-60256,2026-03-26T13:51:00,system,payment_applied,open,paid,Email remittance,0.95,N
EV-002291,northfield_industrial_components,procure_to_pay,supplier_invoice,INV9355515,2026-03-26T15:04:00,E002,invoice_matched,received,approved,INV9355515,1.0,N
EV-000245,northfield_industrial_components,quote_to_order,sales_order,SO-26048,2026-03-26T15:18:00,E064,order_entered,,open,customer_po_PUR-682007,0.9,N
EV-002734,northfield_industrial_components,manufacturing,work_order,WO-70133,2026-03-26T17:48:00,E105,wo_released,planned,released,MRP,1.0,N
EV-000925,northfield_industrial_components,fulfillment,shipment,SH-50300,2026-03-27T10:09:00,E082,shipment_confirmed,picked,shipped,PS-SH-50300.pdf,1.0,N
EV-000750,northfield_industrial_components,fulfillment,shipment,SH-50125,2026-03-27T11:25:00,E102,shipment_confirmed,picked,shipped,PS-SH-50125.pdf,1.0,N
EV-002556,northfield_industrial_components,manufacturing,work_order,WO-70036,2026-03-27T11:53:00,E033,wo_released,planned,released,MRP,1.0,N
EV-001316,northfield_industrial_components,order_to_cash,customer_invoice,INV-60300,2026-03-27T12:38:00,E002,invoice_issued,,open,INV-60300.pdf,1.0,N
EV-001175,northfield_industrial_components,order_to_cash,customer_invoice,INV-60159,2026-03-27T12:49:00,E002,invoice_issued,,open,INV-60159.pdf,1.0,N
EV-001141,northfield_industrial_components,order_to_cash,customer_invoice,INV-60125,2026-03-27T12:54:00,E002,invoice_issued,,open,INV-60125.pdf,1.0,N
EV-001562,northfield_industrial_components,order_to_cash,customer_invoice,INV-60181,2026-03-27T13:43:00,system,payment_applied,open,paid,Email remittance,0.95,N
EV-000160,northfield_industrial_components,quote_to_order,quote,Q-26160,2026-03-27T14:10:00,E072,quote_sent,draft,sent,Q-26160.pdf,1.0,N
EV-000784,northfield_industrial_components,fulfillment,shipment,SH-50159,2026-03-27T15:21:00,E102,shipment_confirmed,picked,shipped,PS-SH-50159.pdf,1.0,N
EV-002088,northfield_industrial_components,procure_to_pay,receipt,RCV-40090,2026-03-28T07:20:00,E078,goods_received,open,received,PS517673,1.0,N
EV-000223,northfield_industrial_components,quote_to_order,sales_order,SO-26026,2026-03-28T08:31:00,E075,order_entered,,open,customer_po_P720718,0.9,N
EV-002468,northfield_industrial_components,procure_to_pay,supplier_invoice,SI1008898,2026-03-28T08:48:00,E002,invoice_matched,received,approved,SI1008898,1.0,N
EV-001527,northfield_industrial_components,order_to_cash,customer_invoice,INV-60137,2026-03-28T15:10:00,system,payment_applied,open,paid,Portal,1.0,N
EV-002276,northfield_industrial_components,procure_to_pay,supplier_invoice,INV3862958,2026-03-28T15:40:00,E002,match_exception,received,on hold,INV3862958,0.7,Y
EV-000468,northfield_industrial_components,quote_to_order,sales_order,SO-26270,2026-03-29T08:54:00,E075,order_entered,,open,customer_po_PUR-312765,1.0,N
EV-001971,northfield_industrial_components,procure_to_pay,purchase_order,PO-31233,2026-03-29T09:20:00,E060,po_issued,draft,open,PO-31233.pdf,1.0,N
EV-002244,northfield_industrial_components,procure_to_pay,receipt,RCV-40246,2026-03-29T09:48:00,E078,goods_received,open,received,PS943836,1.0,N
EV-000534,northfield_industrial_components,credit_control,sales_order,SO-26331,2026-03-29T13:00:00,E002,credit_hold_applied,open,credit_hold,credit_checks,1.0,N
EV-001852,northfield_industrial_components,procure_to_pay,purchase_order,PO-31114,2026-03-29T13:00:00,E061,po_issued,draft,open,PO-31114.pdf,1.0,N
EV-000502,northfield_industrial_components,quote_to_order,sales_order,SO-26303,2026-03-29T14:53:00,E068,order_entered,,open,customer_po_P392945,0.9,N
EV-001920,northfield_industrial_components,procure_to_pay,purchase_order,PO-31182,2026-03-29T15:30:00,E060,po_issued,draft,open,PO-31182.pdf,1.0,N
EV-000532,northfield_industrial_components,quote_to_order,sales_order,SO-26330,2026-03-29T16:05:00,E068,order_entered,,open,customer_po_4500148212,0.9,N
EV-000533,northfield_industrial_components,quote_to_order,sales_order,SO-26331,2026-03-29T16:25:00,E066,order_entered,,open,customer_po_P779525,1.0,Y
EV-000550,northfield_industrial_components,quote_to_order,sales_order,SO-26347,2026-03-29T16:27:00,E064,order_entered,,open,customer_po_PUR-675215,0.9,N
EV-002442,northfield_industrial_components,procure_to_pay,supplier_invoice,92095316,2026-03-30T10:08:00,E002,invoice_matched,received,approved,92095316,1.0,N
EV-002907,northfield_industrial_components,quality,ncr,NCR-0008,2026-03-30T12:55:00,E059,ncr_opened,,open,RCV-40246,1.0,Y
EV-000606,northfield_industrial_components,quote_to_order,sales_order,SO-26402,2026-03-30T14:01:00,E074,order_entered,,open,customer_po_PUR-731905,1.0,N
EV-001497,northfield_industrial_components,order_to_cash,customer_invoice,INV-60104,2026-03-30T14:55:00,system,payment_applied,open,paid,Portal,1.0,N
EV-002685,northfield_industrial_components,manufacturing,work_order,WO-70106,2026-03-30T16:13:00,E007,wo_released,planned,released,MRP,1.0,N
EV-002313,northfield_industrial_components,procure_to_pay,supplier_invoice,9275059,2026-03-30T16:27:00,E002,match_exception,received,on hold,9275059,0.7,Y
EV-001577,northfield_industrial_components,order_to_cash,customer_invoice,INV-60197,2026-03-31T08:07:00,system,payment_applied,open,paid,Email remittance,0.95,N
EV-002120,northfield_industrial_components,procure_to_pay,receipt,RCV-40122,2026-03-31T08:19:00,E099,goods_received,open,received,PS730437,1.0,N
EV-002058,northfield_industrial_components,procure_to_pay,receipt,RCV-40060,2026-03-31T09:54:00,E102,goods_received,open,received,PS306387,1.0,N
EV-001508,northfield_industrial_components,order_to_cash,customer_invoice,INV-60117,2026-03-31T10:21:00,system,payment_applied,open,paid,Email remittance,0.95,N
EV-000354,northfield_industrial_components,quote_to_order,sales_order,SO-26157,2026-03-31T11:24:00,E065,order_entered,,open,customer_po_PUR-882653,0.9,N
EV-002219,northfield_industrial_components,procure_to_pay,receipt,RCV-40221,2026-03-31T12:00:00,E106,goods_received,open,received,PS531492,0.85,Y
EV-002100,northfield_industrial_components,procure_to_pay,receipt,RCV-40102,2026-03-31T13:00:00,E083,goods_received,open,received,PS504550,1.0,N
EV-002004,northfield_industrial_components,procure_to_pay,receipt,RCV-40006,2026-03-31T13:32:00,E106,goods_received,open,received,PS774437,0.85,Y
EV-002171,northfield_industrial_components,procure_to_pay,receipt,RCV-40173,2026-03-31T13:39:00,E104,goods_received,open,received,PS830099,1.0,N
EV-002062,northfield_industrial_components,procure_to_pay,receipt,RCV-40064,2026-03-31T15:02:00,E101,goods_received,open,received,PS679028,1.0,N
EV-001659,northfield_industrial_components,order_to_cash,customer_invoice,INV-60288,2026-03-31T15:18:00,system,payment_applied,open,paid,Portal,1.0,N
EV-002212,northfield_industrial_components,procure_to_pay,receipt,RCV-40214,2026-03-31T15:33:00,E076,goods_received,open,received,PS384057,1.0,N
EV-001484,northfield_industrial_components,order_to_cash,customer_invoice,INV-60090,2026-03-31T16:23:00,system,payment_applied,open,paid,Email remittance,0.95,N
EV-002147,northfield_industrial_components,procure_to_pay,receipt,RCV-40149,2026-03-31T17:06:00,E099,goods_received,open,received,PS547891,1.0,N
EV-001670,northfield_industrial_components,order_to_cash,customer_invoice,INV-60302,2026-03-31T17:42:00,system,payment_applied,open,paid,Portal,1.0,N
EV-002335,northfield_industrial_components,procure_to_pay,supplier_invoice,INV2195791,2026-04-01T09:40:00,E002,invoice_matched,received,approved,INV2195791,1.0,N
EV-002478,northfield_industrial_components,procure_to_pay,supplier_invoice,SI8967692,2026-04-01T10:41:00,E002,invoice_matched,received,approved,SI8967692,1.0,N
EV-002459,northfield_industrial_components,procure_to_pay,supplier_invoice,INV2607240,2026-04-02T08:02:00,E002,invoice_matched,received,approved,INV2607240,1.0,N
EV-002394,northfield_industrial_components,procure_to_pay,supplier_invoice,2819564,2026-04-03T16:03:00,E002,invoice_matched,received,approved,2819564,1.0,N
EV-002491,northfield_industrial_components,procure_to_pay,supplier_invoice,SI6646953,2026-04-04T09:44:00,E002,invoice_matched,received,approved,SI6646953,1.0,N
EV-002305,northfield_industrial_components,procure_to_pay,supplier_invoice,SI3517527,2026-04-04T12:06:00,E002,invoice_matched,received,approved,SI3517527,1.0,N
EV-002466,northfield_industrial_components,procure_to_pay,supplier_invoice,SI5597422,2026-04-05T11:08:00,E002,invoice_matched,received,approved,SI5597422,1.0,N
EV-002309,northfield_industrial_components,procure_to_pay,supplier_invoice,INV7937516,2026-04-05T15:00:00,E002,invoice_matched,received,approved,INV7937516,1.0,N
EV-002367,northfield_industrial_components,procure_to_pay,supplier_invoice,92145940,2026-04-07T07:37:00,E002,invoice_matched,received,approved,92145940,1.0,N
EV-002251,northfield_industrial_components,procure_to_pay,supplier_invoice,INV3055995,2026-04-07T09:07:00,E002,invoice_matched,received,approved,INV3055995,1.0,N
EV-002418,northfield_industrial_components,procure_to_pay,supplier_invoice,INV3323362,2026-04-08T08:17:00,E002,invoice_matched,received,approved,INV3323362,1.0,N
EV-002347,northfield_industrial_components,procure_to_pay,supplier_invoice,SI3587005,2026-04-09T09:36:00,E002,invoice_matched,received,approved,SI3587005,1.0,N
