pay_period_end,employee_id,department,regular_hours,overtime_hours,gross_pay,overtime_pay,federal_tax,state_tax,fica,401k,health_deduction,net_pay
2025-04-30,E001,Executive,,0,13208.33,0,1585.0,653.81,1010.44,660.42,0,9298.66
2025-04-30,E002,Finance,,0,10833.33,0,1300.0,536.25,828.75,0.0,410.0,7758.33
2025-04-30,E003,Finance,,0,7666.67,0,920.0,379.5,586.5,460.0,142.5,5178.17
2025-04-30,E004,Finance,,0,6458.33,0,775.0,319.69,494.06,322.92,410.0,4136.66
2025-04-30,E005,Operations,,0,10208.33,0,1225.0,505.31,780.94,612.5,142.5,6942.08
2025-04-30,E006,Operations,,0,6833.33,0,820.0,338.25,522.75,341.67,142.5,4668.16
2025-04-30,E007,Operations,,0,6791.67,0,815.0,336.19,519.56,339.58,142.5,4638.84
2025-04-30,E008,Operations,,0,13625.0,0,1635.0,674.44,1042.31,681.25,410.0,9182.0
2025-04-30,E009,Operations,173.3,5.0,4742.97,191.25,569.16,234.78,362.84,0.0,410.0,3166.19
2025-04-30,E010,Operations,173.3,1.0,5413.75,48.38,649.65,267.98,414.15,162.41,0,3919.56
2025-04-30,E011,Operations,173.3,1.0,3691.88,29.62,443.03,182.75,282.43,184.59,410.0,2189.08
2025-04-30,E012,Operations,173.3,12.0,5165.7,490.5,619.88,255.7,395.18,309.94,285.0,3300.0
2025-04-30,E013,Operations,173.3,17.0,6327.68,777.75,759.32,313.22,484.07,379.66,0,4391.41
2025-04-30,E014,Operations,173.3,8.0,4240.53,249.0,508.86,209.91,324.4,0.0,142.5,3054.86
2025-04-30,E015,Operations,173.3,8.0,4905.12,330.0,588.61,242.8,375.24,147.15,0,3551.32
2025-04-30,E016,Operations,173.3,8.0,4269.06,255.0,512.29,211.32,326.58,128.07,410.0,2680.8
2025-04-30,E017,Operations,173.3,3.0,6092.01,141.75,731.04,301.55,466.04,0.0,0,4593.38
2025-04-30,E018,Operations,173.3,16.0,3979.19,456.0,477.5,196.97,304.41,198.96,0,2801.35
2025-04-30,E019,Operations,173.3,13.0,5057.86,507.0,606.94,250.36,386.93,151.74,0,3661.89
2025-04-30,E020,Operations,173.3,9.0,4147.73,297.0,497.73,205.31,317.3,0.0,285.0,2842.39
2025-04-30,E021,Operations,173.3,0,4060.85,0.0,487.3,201.01,310.66,121.83,0,2940.05
2025-04-30,E022,Operations,173.3,17.0,6209.1,726.75,745.09,307.35,475.0,0.0,285.0,4396.66
2025-04-30,E023,Operations,173.3,4.0,4831.3,166.5,579.76,239.15,369.59,241.57,410.0,2991.23
2025-04-30,E024,Operations,173.3,3.0,4443.45,111.38,533.21,219.95,339.92,0.0,410.0,2940.37
2025-04-30,E025,Operations,173.3,4.0,4934.08,157.5,592.09,244.24,377.46,148.02,142.5,3429.77
2025-04-30,E026,Operations,173.3,13.0,4511.31,477.75,541.36,223.31,345.12,0.0,285.0,3116.52
2025-04-30,E027,Operations,173.3,12.0,4758.63,414.0,571.04,235.55,364.04,237.93,0,3350.07
2025-04-30,E028,Operations,173.3,2.0,5935.58,94.5,712.27,293.81,454.07,178.07,285.0,4012.36
2025-04-30,E029,Operations,173.3,15.0,3824.57,455.62,458.95,189.32,292.58,0.0,410.0,2473.72
2025-04-30,E030,Operations,173.3,1.0,3950.73,31.12,474.09,195.56,302.23,237.04,0,2741.81
2025-04-30,E031,Operations,173.3,7.0,4681.65,262.5,561.8,231.74,358.15,280.9,0,3249.06
2025-04-30,E032,Operations,173.3,17.0,5228.41,694.88,627.41,258.81,399.97,313.7,410.0,3218.52
2025-04-30,E033,Operations,173.3,0,4286.58,0.0,514.39,212.19,327.92,257.19,285.0,2689.89
2025-04-30,E034,Operations,173.3,3.0,3257.24,83.25,390.87,161.23,249.18,97.72,0,2358.24
2025-04-30,E035,Operations,173.3,19.0,5700.85,805.12,684.1,282.19,436.12,342.05,410.0,3546.39
2025-04-30,E036,Operations,173.3,5.0,4791.2,198.75,574.94,237.16,366.53,143.74,142.5,3326.33
2025-04-30,E037,Operations,173.3,2.0,5303.1,88.5,636.37,262.5,405.69,265.16,142.5,3590.88
2025-04-30,E038,Operations,173.3,14.0,3498.37,388.5,419.8,173.17,267.63,209.9,285.0,2142.87
2025-04-30,E039,Operations,173.3,18.0,4456.68,600.75,534.8,220.61,340.94,222.83,0,3137.5
2025-04-30,E040,Operations,173.3,14.0,3786.91,388.5,454.43,187.45,289.7,0.0,0,2855.33
2025-04-30,E041,Operations,173.3,8.0,4860.72,309.0,583.29,240.61,371.85,243.04,0,3421.93
2025-04-30,E042,Operations,173.3,0,6444.16,0.0,773.3,318.99,492.98,386.65,142.5,4329.74
2025-04-30,E043,Operations,173.3,0,5604.52,0.0,672.54,277.42,428.75,0.0,142.5,4083.31
2025-04-30,E044,Operations,173.3,2.0,4102.62,63.0,492.31,203.08,313.85,205.13,410.0,2478.25
2025-04-30,E045,Operations,173.3,14.0,4631.65,467.25,555.8,229.27,354.32,0.0,0,3492.26
2025-04-30,E046,Operations,173.3,2.0,3827.71,64.5,459.33,189.47,292.82,0.0,410.0,2476.09
2025-04-30,E047,Operations,173.3,7.0,5584.0,296.62,670.08,276.41,427.18,279.2,410.0,3521.13
2025-04-30,E048,Operations,173.3,13.0,4402.02,453.38,528.24,217.9,336.75,264.12,142.5,2912.51
2025-04-30,E049,Operations,173.3,2.0,5708.94,89.25,685.07,282.59,436.73,171.27,410.0,3723.28
2025-04-30,E050,Operations,173.3,16.0,5274.37,636.0,632.92,261.08,403.49,158.23,410.0,3408.65
2025-04-30,E051,Operations,173.3,22.0,5574.45,899.25,668.93,275.94,426.45,0.0,0,4203.13
2025-04-30,E053,Operations,173.3,19.0,3556.34,520.12,426.76,176.04,272.06,177.82,0,2503.66
2025-04-30,E054,Operations,173.3,16.0,4400.26,540.0,528.03,217.81,336.62,264.02,142.5,2911.28
2025-04-30,E055,Quality,,0,9458.33,0,1135.0,468.19,723.56,567.5,142.5,6421.58
2025-04-30,E056,Quality,173.3,4.0,5967.89,190.5,716.15,295.41,456.54,358.07,0,4141.72
2025-04-30,E057,Quality,173.3,20.0,5694.27,847.5,683.31,281.87,435.61,170.83,285.0,3837.65
2025-04-30,E058,Quality,173.3,17.0,6169.74,745.88,740.37,305.4,471.99,308.49,410.0,3933.49
2025-04-30,E059,Quality,173.3,1.0,5228.75,42.75,627.45,258.82,400.0,156.86,410.0,3375.62
2025-04-30,E060,Purchasing,,0,5583.33,0,670.0,276.37,427.12,167.5,285.0,3757.34
2025-04-30,E061,Purchasing,,0,6458.33,0,775.0,319.69,494.06,322.92,142.5,4404.16
2025-04-30,E062,Purchasing,,0,8791.67,0,1055.0,435.19,672.56,0.0,0,6628.92
2025-04-30,E063,Purchasing,,0,12041.67,0,1445.0,596.06,921.19,0.0,142.5,8936.92
2025-04-30,E064,Sales,,0,7583.33,0,910.0,375.37,580.12,227.5,285.0,5205.34
2025-04-30,E065,Sales,,0,5333.33,0,640.0,264.0,408.0,320.0,410.0,3291.33
2025-04-30,E066,Sales,,0,12583.33,0,1510.0,622.87,962.62,629.17,285.0,8573.67
2025-04-30,E067,Sales,,0,8083.33,0,970.0,400.12,618.37,242.5,410.0,5442.34
2025-04-30,E068,Sales,,0,6958.33,0,835.0,344.44,532.31,208.75,142.5,4895.33
2025-04-30,E069,Sales,,0,6791.67,0,815.0,336.19,519.56,0.0,0,5120.92
2025-04-30,E070,Sales,,0,10791.67,0,1295.0,534.19,825.56,323.75,142.5,7670.67
2025-04-30,E071,Sales,,0,13083.33,0,1570.0,647.62,1000.87,392.5,285.0,9187.34
2025-04-30,E072,Sales,,0,5625.0,0,675.0,278.44,430.31,337.5,142.5,3761.25
2025-04-30,E073,Sales,,0,8791.67,0,1055.0,435.19,672.56,0.0,142.5,6486.42
2025-04-30,E074,Sales,,0,11833.33,0,1420.0,585.75,905.25,355.0,0,8567.33
2025-04-30,E075,Sales,,0,4458.33,0,535.0,220.69,341.06,222.92,0,3138.66
2025-04-30,E076,Warehouse,173.3,8.0,4725.15,306.0,567.02,233.89,361.47,0.0,142.5,3420.27
2025-04-30,E077,Warehouse,173.3,10.0,6042.33,495.0,725.08,299.1,462.24,0.0,410.0,4145.91
2025-04-30,E078,Warehouse,173.3,15.0,5037.09,573.75,604.45,249.34,385.34,302.23,410.0,3085.73
2025-04-30,E079,Warehouse,173.3,21.0,4518.25,700.88,542.19,223.65,345.65,271.09,285.0,2850.67
2025-04-30,E080,Warehouse,173.3,4.0,5143.14,175.5,617.18,254.59,393.45,154.29,410.0,3313.63
2025-04-30,E081,Warehouse,173.3,5.0,3313.6,144.38,397.63,164.02,253.49,99.41,410.0,1989.05
2025-04-30,E082,Warehouse,173.3,16.0,6299.6,780.0,755.95,311.83,481.92,314.98,0,4434.92
2025-04-30,E083,Warehouse,173.3,7.0,6127.58,325.5,735.31,303.32,468.76,183.83,410.0,4026.36
2025-04-30,E084,Maintenance,173.3,16.0,4266.28,510.0,511.95,211.18,326.37,127.99,410.0,2678.79
2025-04-30,E085,Maintenance,173.3,9.0,5016.6,337.5,601.99,248.32,383.77,301.0,0,3481.52
2025-04-30,E086,Maintenance,173.3,15.0,6265.6,720.0,751.87,310.15,479.32,0.0,0,4724.26
2025-04-30,E087,Maintenance,173.3,4.0,6354.88,201.0,762.59,314.57,486.15,317.74,285.0,4188.83
2025-04-30,E088,Engineering,,0,8750.0,0,1050.0,433.12,669.38,437.5,142.5,6017.5
2025-04-30,E089,Engineering,,0,8125.0,0,975.0,402.19,621.56,487.5,285.0,5353.75
2025-04-30,E090,Engineering,,0,10833.33,0,1300.0,536.25,828.75,325.0,410.0,7433.33
2025-04-30,E091,Engineering,,0,7125.0,0,855.0,352.69,545.06,0.0,410.0,4962.25
2025-04-30,E092,Engineering,,0,13083.33,0,1570.0,647.62,1000.87,785.0,0,9079.84
2025-04-30,E093,Engineering,,0,6333.33,0,760.0,313.5,484.5,316.67,0,4458.66
2025-04-30,E094,Operations,173.3,2.0,4014.01,64.5,481.68,198.69,307.07,240.84,0,2785.73
2025-04-30,E095,Operations,173.3,16.0,4381.35,486.0,525.76,216.88,335.17,131.44,285.0,2887.1
2025-04-30,E096,HR,,0,6583.33,0,790.0,325.87,503.62,395.0,410.0,4158.84
2025-04-30,E097,HR,,0,4416.67,0,530.0,218.63,337.88,132.5,285.0,2912.66
2025-04-30,E098,IT,,0,9375.0,0,1125.0,464.06,717.19,562.5,142.5,6363.75
2025-04-30,E099,Warehouse,173.3,17.0,5491.45,669.38,658.97,271.83,420.1,0.0,142.5,3998.05
2025-04-30,E100,Warehouse,173.3,18.0,5019.61,627.75,602.35,248.47,384.0,250.98,410.0,3123.81
2025-04-30,E101,Warehouse,173.3,12.0,5594.35,495.0,671.32,276.92,427.97,0.0,410.0,3808.14
2025-04-30,E102,Warehouse,173.3,21.0,5730.32,819.0,687.64,283.65,438.37,0.0,410.0,3910.66
2025-04-30,E103,Warehouse,173.3,1.0,6262.19,50.25,751.46,309.98,479.06,187.87,0,4533.82
2025-04-30,E104,Warehouse,173.3,22.0,6034.31,981.75,724.12,298.7,461.62,301.72,410.0,3838.15
2025-04-30,E105,Warehouse,173.3,1.0,5119.97,45.75,614.4,253.44,391.68,0.0,285.0,3575.45
2025-04-30,E106,Warehouse,173.3,17.0,5431.47,656.62,651.78,268.86,415.51,325.89,285.0,3484.43
2025-05-31,E001,Executive,,0,13208.33,0,1585.0,653.81,1010.44,0.0,0,9959.08
2025-05-31,E002,Finance,,0,10833.33,0,1300.0,536.25,828.75,0.0,285.0,7883.33
2025-05-31,E003,Finance,,0,7666.67,0,920.0,379.5,586.5,383.33,285.0,5112.34
2025-05-31,E004,Finance,,0,6458.33,0,775.0,319.69,494.06,322.92,285.0,4261.66
2025-05-31,E005,Operations,,0,10208.33,0,1225.0,505.31,780.94,306.25,285.0,7105.83
2025-05-31,E006,Operations,,0,6833.33,0,820.0,338.25,522.75,410.0,0,4742.33
2025-05-31,E007,Operations,,0,6791.67,0,815.0,336.19,519.56,203.75,0,4917.17
2025-05-31,E008,Operations,,0,13625.0,0,1635.0,674.44,1042.31,408.75,142.5,9722.0
2025-05-31,E009,Operations,173.3,8.0,4946.11,306.0,593.53,244.83,378.38,148.38,142.5,3438.49
2025-05-31,E010,Operations,173.3,15.0,6817.55,725.62,818.11,337.47,521.54,204.53,142.5,4793.4
2025-05-31,E011,Operations,173.3,10.0,3890.06,296.25,466.81,192.56,297.59,0.0,285.0,2648.1
2025-05-31,E012,Operations,173.3,1.0,4952.2,40.88,594.26,245.13,378.84,247.61,0,3486.36
2025-05-31,E013,Operations,173.3,13.0,6144.68,594.75,737.36,304.16,470.07,368.68,142.5,4121.91
2025-05-31,E014,Operations,173.3,9.0,3912.05,280.12,469.45,193.65,299.27,117.36,142.5,2689.82
2025-05-31,E015,Operations,173.3,14.0,5581.54,577.5,669.78,276.29,426.99,334.89,285.0,3588.59
2025-05-31,E016,Operations,173.3,7.0,4274.01,223.12,512.88,211.56,326.96,213.7,285.0,2723.91
2025-05-31,E017,Operations,173.3,1.0,5669.97,47.25,680.4,280.66,433.75,0.0,285.0,3990.16
2025-05-31,E018,Operations,173.3,22.0,4084.34,627.0,490.12,202.17,312.45,0.0,410.0,2669.6
2025-05-31,E019,Operations,173.3,8.0,5358.5,312.0,643.02,265.25,409.93,160.75,0,3879.55
2025-05-31,E020,Operations,173.3,7.0,4348.61,231.0,521.83,215.26,332.67,0.0,142.5,3136.35
2025-05-31,E021,Operations,173.3,5.0,4428.6,170.62,531.43,219.22,338.79,132.86,0,3206.3
2025-05-31,E022,Operations,173.3,0,5087.22,0.0,610.47,251.82,389.17,305.23,410.0,3120.53
2025-05-31,E023,Operations,173.3,5.0,4872.92,208.12,584.75,241.21,372.78,146.19,410.0,3117.99
2025-05-31,E024,Operations,173.3,6.0,4640.6,222.75,556.87,229.71,355.01,278.44,0,3220.57
2025-05-31,E025,Operations,173.3,19.0,5615.68,748.12,673.88,277.98,429.6,0.0,285.0,3949.22
2025-05-31,E026,Operations,173.3,14.0,5227.39,514.5,627.29,258.76,399.9,261.37,410.0,3270.07
2025-05-31,E027,Operations,173.3,5.0,4517.13,172.5,542.06,223.6,345.56,225.86,0,3180.05
2025-05-31,E028,Operations,173.3,7.0,6226.42,330.75,747.17,308.21,476.32,0.0,285.0,4409.72
2025-05-31,E029,Operations,173.3,0,3368.95,0.0,404.27,166.76,257.72,0.0,285.0,2255.2
2025-05-31,E030,Operations,173.3,4.0,3936.23,124.5,472.35,194.84,301.12,0.0,410.0,2557.92
2025-05-31,E031,Operations,173.3,19.0,4915.02,712.5,589.8,243.29,376.0,294.9,0,3411.03
2025-05-31,E032,Operations,173.3,0,4627.98,0.0,555.36,229.09,354.04,0.0,0,3489.49
2025-05-31,E033,Operations,173.3,15.0,4992.9,573.75,599.15,247.15,381.96,299.57,142.5,3322.57
2025-05-31,E034,Operations,173.3,7.0,3624.72,194.25,434.97,179.42,277.29,181.24,410.0,2141.8
2025-05-31,E035,Operations,173.3,19.0,5553.97,805.12,666.48,274.92,424.88,0.0,410.0,3777.69
2025-05-31,E036,Operations,173.3,8.0,4680.83,318.0,561.7,231.7,358.08,234.04,410.0,2885.31
2025-05-31,E037,Operations,173.3,11.0,5394.61,486.75,647.35,267.03,412.69,269.73,285.0,3512.81
2025-05-31,E038,Operations,173.3,6.0,3244.31,166.5,389.32,160.59,248.19,0.0,285.0,2161.21
2025-05-31,E039,Operations,173.3,18.0,4302.44,600.75,516.29,212.97,329.14,215.12,0,3028.92
2025-05-31,E040,Operations,173.3,5.0,3376.86,138.75,405.22,167.15,258.33,202.61,0,2343.55
2025-05-31,E041,Operations,173.3,1.0,4545.72,38.62,545.49,225.01,347.75,272.74,285.0,2869.73
2025-05-31,E042,Operations,173.3,3.0,6014.36,150.75,721.72,297.71,460.1,180.43,410.0,3944.4
2025-05-31,E043,Operations,173.3,6.0,6073.09,297.0,728.77,300.62,464.59,0.0,410.0,4169.11
2025-05-31,E044,Operations,173.3,1.0,3488.84,31.5,418.66,172.7,266.9,104.67,142.5,2383.41
2025-05-31,E045,Operations,173.3,5.0,4099.92,166.88,491.99,202.95,313.64,0.0,285.0,2806.34
2025-05-31,E046,Operations,173.3,9.0,4016.2,290.25,481.94,198.8,307.24,240.97,0,2787.25
2025-05-31,E047,Operations,173.3,3.0,5512.42,127.12,661.49,272.86,421.7,330.75,285.0,3540.62
2025-05-31,E048,Operations,173.3,13.0,4724.36,453.38,566.92,233.86,361.41,283.46,142.5,3136.21
2025-05-31,E049,Operations,173.3,16.0,5766.56,714.0,691.99,285.44,441.14,288.33,142.5,3917.16
2025-05-31,E050,Operations,173.3,1.0,4907.75,39.75,588.93,242.93,375.44,294.46,410.0,2995.99
2025-05-31,E051,Operations,173.3,10.0,5178.4,408.75,621.41,256.33,396.15,0.0,410.0,3494.51
2025-05-31,E053,Operations,173.3,3.0,3402.98,82.12,408.36,168.45,260.33,0.0,0,2565.84
2025-05-31,E054,Operations,173.3,16.0,4322.27,540.0,518.67,213.95,330.65,216.11,285.0,2757.89
2025-05-31,E055,Quality,,0,9458.33,0,1135.0,468.19,723.56,0.0,410.0,6721.58
2025-05-31,E056,Quality,173.3,12.0,5798.66,571.5,695.84,287.03,443.6,0.0,142.5,4229.69
2025-05-31,E057,Quality,173.3,11.0,5802.46,466.12,696.3,287.22,443.89,174.07,410.0,3790.98
2025-05-31,E058,Quality,173.3,15.0,6234.05,658.12,748.09,308.59,476.9,374.04,0,4326.43
2025-05-31,E059,Quality,173.3,0,4790.88,0.0,574.91,237.15,366.5,287.45,285.0,3039.87
2025-05-31,E060,Purchasing,,0,5583.33,0,670.0,276.37,427.12,167.5,0,4042.34
2025-05-31,E061,Purchasing,,0,6458.33,0,775.0,319.69,494.06,387.5,285.0,4197.08
2025-05-31,E062,Purchasing,,0,8791.67,0,1055.0,435.19,672.56,527.5,142.5,5958.92
2025-05-31,E063,Purchasing,,0,12041.67,0,1445.0,596.06,921.19,0.0,0,9079.42
2025-05-31,E064,Sales,,0,7583.33,0,910.0,375.37,580.12,0.0,285.0,5432.84
2025-05-31,E065,Sales,,0,5333.33,0,640.0,264.0,408.0,160.0,410.0,3451.33
2025-05-31,E066,Sales,,0,12583.33,0,1510.0,622.87,962.62,0.0,410.0,9077.84
2025-05-31,E067,Sales,,0,8083.33,0,970.0,400.12,618.37,0.0,0,6094.84
2025-05-31,E068,Sales,,0,6958.33,0,835.0,344.44,532.31,0.0,0,5246.58
2025-05-31,E069,Sales,,0,6791.67,0,815.0,336.19,519.56,407.5,142.5,4570.92
2025-05-31,E070,Sales,,0,10791.67,0,1295.0,534.19,825.56,323.75,142.5,7670.67
2025-05-31,E071,Sales,,0,13083.33,0,1570.0,647.62,1000.87,785.0,410.0,8669.84
2025-05-31,E072,Sales,,0,5625.0,0,675.0,278.44,430.31,168.75,285.0,3787.5
2025-05-31,E073,Sales,,0,8791.67,0,1055.0,435.19,672.56,527.5,142.5,5958.92
2025-05-31,E074,Sales,,0,11833.33,0,1420.0,585.75,905.25,0.0,285.0,8637.33
2025-05-31,E075,Sales,,0,4458.33,0,535.0,220.69,341.06,133.75,0,3227.83
2025-05-31,E076,Warehouse,173.3,18.0,5416.99,688.5,650.04,268.14,414.4,0.0,410.0,3674.41
2025-05-31,E077,Warehouse,173.3,19.0,7345.67,940.5,881.48,363.61,561.94,367.28,0,5171.36
2025-05-31,E078,Warehouse,173.3,8.0,4592.58,306.0,551.11,227.33,351.33,275.55,285.0,2902.26
2025-05-31,E079,Warehouse,173.3,11.0,4415.84,367.12,529.9,218.58,337.81,220.79,410.0,2698.76
2025-05-31,E080,Warehouse,173.3,20.0,5895.83,877.5,707.5,291.84,451.03,353.75,285.0,3806.71
2025-05-31,E081,Warehouse,173.3,18.0,3989.22,519.75,478.71,197.47,305.18,239.35,410.0,2358.51
2025-05-31,E082,Warehouse,173.3,17.0,6517.32,828.75,782.08,322.61,498.57,0.0,0,4914.06
2025-05-31,E083,Warehouse,173.3,12.0,5715.41,558.0,685.85,282.91,437.23,0.0,410.0,3899.42
2025-05-31,E084,Maintenance,173.3,6.0,3800.22,191.25,456.03,188.11,290.72,190.01,0,2675.35
2025-05-31,E085,Maintenance,173.3,0,4505.8,0.0,540.7,223.04,344.69,135.17,285.0,2977.2
2025-05-31,E086,Maintenance,173.3,22.0,6435.23,1056.0,772.23,318.54,492.3,0.0,0,4852.16
2025-05-31,E087,Maintenance,173.3,7.0,6099.24,351.75,731.91,301.91,466.59,365.95,0,4232.88
2025-05-31,E088,Engineering,,0,8750.0,0,1050.0,433.12,669.38,437.5,410.0,5750.0
2025-05-31,E089,Engineering,,0,8125.0,0,975.0,402.19,621.56,243.75,142.5,5740.0
2025-05-31,E090,Engineering,,0,10833.33,0,1300.0,536.25,828.75,325.0,285.0,7558.33
2025-05-31,E091,Engineering,,0,7125.0,0,855.0,352.69,545.06,427.5,410.0,4534.75
2025-05-31,E092,Engineering,,0,13083.33,0,1570.0,647.62,1000.87,0.0,410.0,9454.84
2025-05-31,E093,Engineering,,0,6333.33,0,760.0,313.5,484.5,316.67,285.0,4173.66
2025-05-31,E094,Operations,173.3,17.0,4311.46,548.25,517.38,213.42,329.83,215.57,0,3035.26
2025-05-31,E095,Operations,173.3,22.0,4493.41,668.25,539.21,222.42,343.75,134.8,0,3253.23
2025-05-31,E096,HR,,0,6583.33,0,790.0,325.87,503.62,0.0,0,4963.84
2025-05-31,E097,HR,,0,4416.67,0,530.0,218.63,337.88,132.5,285.0,2912.66
2025-05-31,E098,IT,,0,9375.0,0,1125.0,464.06,717.19,468.75,0,6600.0
2025-05-31,E099,Warehouse,173.3,16.0,5588.55,630.0,670.63,276.63,427.52,279.43,285.0,3649.34
2025-05-31,E100,Warehouse,173.3,10.0,4660.02,348.75,559.2,230.67,356.49,279.6,142.5,3091.56
2025-05-31,E101,Warehouse,173.3,7.0,5340.45,288.75,640.85,264.35,408.54,267.02,142.5,3617.19
2025-05-31,E102,Warehouse,173.3,13.0,5147.97,507.0,617.76,254.82,393.82,308.88,142.5,3430.19
2025-05-31,E103,Warehouse,173.3,2.0,6428.55,100.5,771.43,318.21,491.78,321.43,142.5,4383.2
2025-05-31,E104,Warehouse,173.3,7.0,5725.84,312.38,687.1,283.43,438.03,286.29,142.5,3888.49
2025-05-31,E105,Warehouse,173.3,5.0,5250.12,228.75,630.01,259.88,401.63,262.51,142.5,3553.59
2025-05-31,E106,Warehouse,173.3,2.0,4628.97,77.25,555.48,229.13,354.12,138.87,0,3351.37
2025-06-30,E001,Executive,,0,13208.33,0,1585.0,653.81,1010.44,0.0,0,9959.08
2025-06-30,E002,Finance,,0,10833.33,0,1300.0,536.25,828.75,0.0,0,8168.33
2025-06-30,E003,Finance,,0,7666.67,0,920.0,379.5,586.5,0.0,285.0,5495.67
2025-06-30,E004,Finance,,0,6458.33,0,775.0,319.69,494.06,0.0,0,4869.58
2025-06-30,E005,Operations,,0,10208.33,0,1225.0,505.31,780.94,612.5,142.5,6942.08
2025-06-30,E006,Operations,,0,6833.33,0,820.0,338.25,522.75,410.0,0,4742.33
2025-06-30,E007,Operations,,0,6791.67,0,815.0,336.19,519.56,407.5,285.0,4428.42
2025-06-30,E008,Operations,,0,13625.0,0,1635.0,674.44,1042.31,817.5,285.0,9170.75
2025-06-30,E009,Operations,173.3,1.0,4369.02,38.25,524.28,216.27,334.23,262.14,142.5,2889.6
2025-06-30,E010,Operations,173.3,5.0,6054.36,241.88,726.52,299.69,463.16,302.72,285.0,3977.27
2025-06-30,E011,Operations,173.3,1.0,3486.52,29.62,418.38,172.58,266.72,174.33,142.5,2312.01
2025-06-30,E012,Operations,173.3,18.0,5505.4,735.75,660.65,272.52,421.16,165.16,285.0,3700.91
2025-06-30,E013,Operations,173.3,0,5761.36,0.0,691.36,285.19,440.74,172.84,142.5,4028.73
2025-06-30,E014,Operations,173.3,0,3991.53,0.0,478.98,197.58,305.35,119.75,0,2889.87
2025-06-30,E015,Operations,173.3,8.0,5572.33,330.0,668.68,275.83,426.28,334.34,142.5,3724.7
2025-06-30,E016,Operations,173.3,17.0,4150.85,541.88,498.1,205.47,317.54,0.0,285.0,2844.74
2025-06-30,E017,Operations,173.3,18.0,6309.45,850.5,757.13,312.32,482.67,0.0,285.0,4472.33
2025-06-30,E018,Operations,173.3,16.0,3682.85,456.0,441.94,182.3,281.74,220.97,285.0,2270.9
2025-06-30,E019,Operations,173.3,21.0,5144.57,819.0,617.35,254.66,393.56,308.67,142.5,3427.83
2025-06-30,E020,Operations,173.3,13.0,4432.23,429.0,531.87,219.4,339.07,0.0,285.0,3056.89
2025-06-30,E021,Operations,173.3,0,4415.68,0.0,529.88,218.58,337.8,0.0,285.0,3044.42
2025-06-30,E022,Operations,173.3,17.0,5468.24,726.75,656.19,270.68,418.32,273.41,410.0,3439.64
2025-06-30,E023,Operations,173.3,21.0,5971.74,874.12,716.61,295.6,456.84,358.3,142.5,4001.89
2025-06-30,E024,Operations,173.3,11.0,4654.66,408.38,558.56,230.41,356.08,279.28,285.0,2945.33
2025-06-30,E025,Operations,173.3,5.0,4927.97,196.88,591.36,243.93,376.99,246.4,285.0,3184.29
2025-06-30,E026,Operations,173.3,9.0,4491.68,330.75,539.0,222.34,343.61,269.5,410.0,2707.23
2025-06-30,E027,Operations,173.3,12.0,4559.34,414.0,547.12,225.69,348.79,136.78,285.0,3015.96
2025-06-30,E028,Operations,173.3,14.0,6447.99,661.5,773.76,319.18,493.27,386.88,0,4474.9
2025-06-30,E029,Operations,173.3,21.0,4112.11,637.88,493.45,203.55,314.58,0.0,285.0,2815.53
2025-06-30,E030,Operations,173.3,1.0,3950.73,31.12,474.09,195.56,302.23,0.0,142.5,2836.35
2025-06-30,E031,Operations,173.3,20.0,5212.48,750.0,625.5,258.02,398.75,0.0,0,3930.21
2025-06-30,E032,Operations,173.3,0,4911.32,0.0,589.36,243.11,375.72,294.68,142.5,3265.95
2025-06-30,E033,Operations,173.3,11.0,4928.28,420.75,591.39,243.95,377.01,0.0,285.0,3430.93
2025-06-30,E034,Operations,173.3,17.0,3934.28,471.75,472.11,194.75,300.97,196.71,285.0,2484.74
2025-06-30,E035,Operations,173.3,2.0,4931.52,84.75,591.78,244.11,377.26,147.95,410.0,3160.42
2025-06-30,E036,Operations,173.3,13.0,4971.43,516.75,596.57,246.09,380.31,298.29,410.0,3040.17
2025-06-30,E037,Operations,173.3,17.0,6273.59,752.25,752.83,310.54,479.93,376.42,285.0,4068.87
2025-06-30,E038,Operations,173.3,15.0,3558.18,416.25,426.98,176.13,272.2,213.49,0,2469.38
2025-06-30,E039,Operations,173.3,9.0,4349.1,300.38,521.89,215.28,332.71,260.95,142.5,2875.77
2025-06-30,E040,Operations,173.3,9.0,3680.22,249.75,441.63,182.17,281.54,0.0,285.0,2489.88
2025-06-30,E041,Operations,173.3,3.0,5069.23,115.88,608.31,250.93,387.8,304.15,410.0,3108.04
2025-06-30,E042,Operations,173.3,22.0,7491.61,1105.5,898.99,370.83,573.11,224.75,142.5,5281.43
2025-06-30,E043,Operations,173.3,5.0,6481.1,247.5,777.73,320.81,495.8,0.0,142.5,4744.26
2025-06-30,E044,Operations,173.3,22.0,4368.69,693.0,524.24,216.25,334.2,0.0,410.0,2884.0
2025-06-30,E045,Operations,173.3,22.0,4860.09,734.25,583.21,240.57,371.8,145.8,410.0,3108.71
2025-06-30,E046,Operations,173.3,4.0,4302.06,129.0,516.25,212.95,329.11,258.12,0,2985.63
2025-06-30,E047,Operations,173.3,14.0,5586.89,593.25,670.43,276.55,427.4,335.21,142.5,3734.8
2025-06-30,E048,Operations,173.3,2.0,4300.44,69.75,516.05,212.87,328.98,258.03,0,2984.51
2025-06-30,E049,Operations,173.3,1.0,5354.97,44.62,642.6,265.07,409.66,160.65,285.0,3591.99
2025-06-30,E050,Operations,173.3,10.0,5449.2,397.5,653.9,269.74,416.86,0.0,410.0,3698.7
2025-06-30,E051,Operations,173.3,16.0,5423.65,654.0,650.84,268.47,414.91,271.18,142.5,3675.75
2025-06-30,E053,Operations,173.3,21.0,3895.74,574.88,467.49,192.84,298.02,116.87,285.0,2535.52
2025-06-30,E054,Operations,173.3,0,4055.22,0.0,486.63,200.73,310.22,243.31,142.5,2671.83
2025-06-30,E055,Quality,,0,9458.33,0,1135.0,468.19,723.56,0.0,410.0,6721.58
2025-06-30,E056,Quality,173.3,7.0,6110.77,333.38,733.29,302.48,467.47,183.32,285.0,4139.21
2025-06-30,E057,Quality,173.3,21.0,6226.22,889.88,747.15,308.2,476.31,0.0,0,4694.56
2025-06-30,E058,Quality,173.3,0,5626.62,0.0,675.19,278.52,430.44,337.6,410.0,3494.87
2025-06-30,E059,Quality,173.3,20.0,6139.78,855.0,736.77,303.92,469.69,0.0,0,4629.4
2025-06-30,E060,Purchasing,,0,5583.33,0,670.0,276.37,427.12,167.5,142.5,3899.84
2025-06-30,E061,Purchasing,,0,6458.33,0,775.0,319.69,494.06,193.75,0,4675.83
2025-06-30,E062,Purchasing,,0,8791.67,0,1055.0,435.19,672.56,263.75,285.0,6080.17
2025-06-30,E063,Purchasing,,0,12041.67,0,1445.0,596.06,921.19,0.0,285.0,8794.42
2025-06-30,E064,Sales,,0,7583.33,0,910.0,375.37,580.12,455.0,285.0,4977.84
2025-06-30,E065,Sales,,0,5333.33,0,640.0,264.0,408.0,266.67,0,3754.66
2025-06-30,E066,Sales,,0,12583.33,0,1510.0,622.87,962.62,377.5,410.0,8700.34
2025-06-30,E067,Sales,,0,8083.33,0,970.0,400.12,618.37,404.17,142.5,5548.17
2025-06-30,E068,Sales,,0,6958.33,0,835.0,344.44,532.31,417.5,0,4829.08
2025-06-30,E069,Sales,,0,6791.67,0,815.0,336.19,519.56,339.58,410.0,4371.34
2025-06-30,E070,Sales,,0,10791.67,0,1295.0,534.19,825.56,539.58,410.0,7187.34
2025-06-30,E071,Sales,,0,13083.33,0,1570.0,647.62,1000.87,392.5,0,9472.34
2025-06-30,E072,Sales,,0,5625.0,0,675.0,278.44,430.31,281.25,142.5,3817.5
2025-06-30,E073,Sales,,0,8791.67,0,1055.0,435.19,672.56,439.58,285.0,5904.34
2025-06-30,E074,Sales,,0,11833.33,0,1420.0,585.75,905.25,710.0,142.5,8069.83
2025-06-30,E075,Sales,,0,4458.33,0,535.0,220.69,341.06,222.92,0,3138.66
2025-06-30,E076,Warehouse,173.3,2.0,4628.22,76.5,555.39,229.1,354.06,138.85,142.5,3208.32
2025-06-30,E077,Warehouse,173.3,3.0,6038.97,148.5,724.68,298.93,461.98,362.34,410.0,3781.04
2025-06-30,E078,Warehouse,173.3,22.0,5790.95,841.5,694.91,286.65,443.01,347.46,0,4018.92
2025-06-30,E079,Warehouse,173.3,21.0,4441.13,700.88,532.94,219.84,339.75,222.06,142.5,2984.04
2025-06-30,E080,Warehouse,173.3,1.0,5417.05,43.88,650.05,268.14,414.4,325.02,142.5,3616.94
2025-06-30,E081,Warehouse,173.3,15.0,3669.06,433.12,440.29,181.62,280.68,220.14,410.0,2136.33
2025-06-30,E082,Warehouse,173.3,15.0,6701.44,731.25,804.17,331.72,512.66,0.0,410.0,4642.89
2025-06-30,E083,Warehouse,173.3,12.0,5715.41,558.0,685.85,282.91,437.23,342.92,0,3966.5
2025-06-30,E084,Maintenance,173.3,17.0,4077.2,541.88,489.26,201.82,311.91,0.0,142.5,2931.71
2025-06-30,E085,Maintenance,173.3,20.0,5472.43,750.0,656.69,270.89,418.64,273.62,0,3852.59
2025-06-30,E086,Maintenance,173.3,12.0,5899.78,576.0,707.97,292.04,451.33,294.99,410.0,3743.45
2025-06-30,E087,Maintenance,173.3,7.0,6389.52,351.75,766.74,316.28,488.8,383.37,142.5,4291.83
2025-06-30,E088,Engineering,,0,8750.0,0,1050.0,433.12,669.38,0.0,142.5,6455.0
2025-06-30,E089,Engineering,,0,8125.0,0,975.0,402.19,621.56,406.25,410.0,5310.0
2025-06-30,E090,Engineering,,0,10833.33,0,1300.0,536.25,828.75,0.0,0,8168.33
2025-06-30,E091,Engineering,,0,7125.0,0,855.0,352.69,545.06,213.75,410.0,4748.5
2025-06-30,E092,Engineering,,0,13083.33,0,1570.0,647.62,1000.87,392.5,410.0,9062.34
2025-06-30,E093,Engineering,,0,6333.33,0,760.0,313.5,484.5,316.67,142.5,4316.16
2025-06-30,E094,Operations,173.3,12.0,4336.51,387.0,520.38,214.66,331.74,260.19,142.5,2867.04
2025-06-30,E095,Operations,173.3,7.0,3721.95,212.62,446.63,184.24,284.73,186.1,410.0,2210.25
2025-06-30,E096,HR,,0,6583.33,0,790.0,325.87,503.62,395.0,285.0,4283.84
2025-06-30,E097,HR,,0,4416.67,0,530.0,218.63,337.88,132.5,285.0,2912.66
2025-06-30,E098,IT,,0,9375.0,0,1125.0,464.06,717.19,281.25,285.0,6502.5
2025-06-30,E099,Warehouse,173.3,3.0,4985.68,118.12,598.28,246.79,381.4,249.28,142.5,3367.43
2025-06-30,E100,Warehouse,173.3,3.0,3972.68,104.62,476.72,196.65,303.91,238.36,285.0,2472.04
2025-06-30,E101,Warehouse,173.3,7.0,5102.16,288.75,612.26,252.56,390.32,153.06,410.0,3283.96
2025-06-30,E102,Warehouse,173.3,15.0,4910.57,585.0,589.27,243.07,375.66,245.53,0,3457.04
2025-06-30,E103,Warehouse,173.3,20.0,7391.11,1005.0,886.93,365.86,565.42,221.73,410.0,4941.17
2025-06-30,E104,Warehouse,173.3,4.0,5488.85,178.5,658.66,271.7,419.9,0.0,0,4138.59
2025-06-30,E105,Warehouse,173.3,10.0,5478.87,457.5,657.46,271.2,419.13,273.94,410.0,3447.14
2025-06-30,E106,Warehouse,173.3,15.0,4863.36,579.38,583.6,240.74,372.05,291.8,285.0,3090.17
2025-07-31,E001,Executive,,0,13208.33,0,1585.0,653.81,1010.44,660.42,0,9298.66
2025-07-31,E002,Finance,,0,10833.33,0,1300.0,536.25,828.75,541.67,285.0,7341.66
2025-07-31,E003,Finance,,0,7666.67,0,920.0,379.5,586.5,383.33,285.0,5112.34
2025-07-31,E004,Finance,,0,6458.33,0,775.0,319.69,494.06,387.5,410.0,4072.08
2025-07-31,E005,Operations,,0,10208.33,0,1225.0,505.31,780.94,0.0,142.5,7554.58
2025-07-31,E006,Operations,,0,6833.33,0,820.0,338.25,522.75,410.0,410.0,4332.33
2025-07-31,E007,Operations,,0,6791.67,0,815.0,336.19,519.56,407.5,410.0,4303.42
2025-07-31,E008,Operations,,0,13625.0,0,1635.0,674.44,1042.31,681.25,0,9592.0
2025-07-31,E009,Operations,173.3,18.0,4975.08,688.5,597.01,246.27,380.59,149.25,0,3601.96
2025-07-31,E010,Operations,173.3,15.0,6146.88,725.62,737.63,304.27,470.24,0.0,410.0,4224.74
2025-07-31,E011,Operations,173.3,3.0,3682.69,88.88,441.92,182.29,281.73,0.0,0,2776.75
2025-07-31,E012,Operations,173.3,11.0,4983.15,449.62,597.98,246.67,381.21,149.49,410.0,3197.8
2025-07-31,E013,Operations,173.3,2.0,5165.72,91.5,619.89,255.7,395.18,154.97,285.0,3454.98
2025-07-31,E014,Operations,173.3,0,3919.61,0.0,470.35,194.02,299.85,0.0,0,2955.39
2025-07-31,E015,Operations,173.3,7.0,5388.1,288.75,646.57,266.71,412.19,323.29,285.0,3454.34
2025-07-31,E016,Operations,173.3,16.0,4192.63,510.0,503.12,207.54,320.74,251.56,0,2909.67
2025-07-31,E017,Operations,173.3,8.0,5891.54,378.0,706.98,291.63,450.7,0.0,142.5,4299.73
2025-07-31,E018,Operations,173.3,5.0,3698.62,142.5,443.83,183.08,282.94,221.92,285.0,2281.85
2025-07-31,E019,Operations,173.3,7.0,4868.92,273.0,584.27,241.01,372.47,0.0,285.0,3386.17
2025-07-31,E020,Operations,173.3,3.0,3835.35,99.0,460.24,189.85,293.4,191.77,285.0,2415.09
2025-07-31,E021,Operations,173.3,22.0,4732.75,750.75,567.93,234.27,362.06,283.96,410.0,2874.53
2025-07-31,E022,Operations,173.3,16.0,5870.0,684.0,704.4,290.56,449.06,176.1,285.0,3964.88
2025-07-31,E023,Operations,173.3,22.0,5965.28,915.75,715.83,295.28,456.34,357.92,0,4139.91
2025-07-31,E024,Operations,173.3,19.0,5423.47,705.38,650.82,268.46,414.9,162.7,285.0,3641.59
2025-07-31,E025,Operations,173.3,18.0,5530.82,708.75,663.7,273.78,423.11,0.0,410.0,3760.23
2025-07-31,E026,Operations,173.3,5.0,4811.73,183.75,577.41,238.18,368.1,288.7,142.5,3196.84
2025-07-31,E027,Operations,173.3,0,4344.63,0.0,521.36,215.06,332.36,130.34,410.0,2735.51
2025-07-31,E028,Operations,173.3,8.0,5891.54,378.0,706.98,291.63,450.7,294.58,410.0,3737.65
2025-07-31,E029,Operations,173.3,5.0,3661.21,151.88,439.35,181.23,280.08,219.67,285.0,2255.88
2025-07-31,E030,Operations,173.3,16.0,4201.85,498.0,504.22,207.99,321.44,210.09,0,2958.11
2025-07-31,E031,Operations,173.3,22.0,4984.2,825.0,598.1,246.72,381.29,299.05,410.0,3049.04
2025-07-31,E032,Operations,173.3,17.0,5558.98,694.88,667.08,275.17,425.26,333.54,142.5,3715.43
2025-07-31,E033,Operations,173.3,13.0,4960.59,497.25,595.27,245.55,379.49,0.0,0,3740.28
2025-07-31,E034,Operations,173.3,12.0,3474.93,333.0,416.99,172.01,265.83,208.5,0,2411.6
2025-07-31,E035,Operations,173.3,12.0,5404.23,508.5,648.51,267.51,413.42,324.25,142.5,3608.04
2025-07-31,E036,Operations,173.3,20.0,5571.15,795.0,668.54,275.77,426.19,167.13,285.0,3748.52
2025-07-31,E037,Operations,173.3,9.0,5306.11,398.25,636.73,262.65,405.92,318.37,410.0,3272.44
2025-07-31,E038,Operations,173.3,13.0,3695.04,360.75,443.4,182.9,282.67,0.0,142.5,2643.57
2025-07-31,E039,Operations,173.3,13.0,4482.6,433.88,537.91,221.89,342.92,224.13,0,3155.75
2025-07-31,E040,Operations,173.3,6.0,3629.03,166.5,435.48,179.64,277.62,181.45,410.0,2144.84
2025-07-31,E041,Operations,173.3,5.0,4566.35,193.12,547.96,226.03,349.33,0.0,0,3443.03
2025-07-31,E042,Operations,173.3,16.0,6551.49,804.0,786.18,324.3,501.19,327.57,410.0,4202.25
2025-07-31,E043,Operations,173.3,20.0,7052.03,990.0,846.24,349.08,539.48,423.12,410.0,4484.11
2025-07-31,E044,Operations,173.3,2.0,3884.27,63.0,466.11,192.27,297.15,116.53,142.5,2669.71
2025-07-31,E045,Operations,173.3,22.0,4590.18,734.25,550.82,227.21,351.15,0.0,0,3461.0
2025-07-31,E046,Operations,173.3,16.0,4390.99,516.0,526.92,217.35,335.91,0.0,0,3310.81
2025-07-31,E047,Operations,173.3,3.0,5071.8,127.12,608.62,251.05,387.99,304.31,410.0,3109.83
2025-07-31,E048,Operations,173.3,4.0,4450.77,139.5,534.09,220.31,340.48,222.54,410.0,2723.35
2025-07-31,E049,Operations,173.3,5.0,5224.12,223.12,626.89,258.59,399.65,0.0,0,3938.99
2025-07-31,E050,Operations,173.3,5.0,5066.75,198.75,608.01,250.8,387.61,304.0,142.5,3373.83
2025-07-31,E051,Operations,173.3,15.0,5524.44,613.12,662.93,273.46,422.62,276.22,410.0,3479.21
2025-07-31,E053,Operations,173.3,22.0,3670.09,602.25,440.41,181.67,280.76,220.21,285.0,2262.04
2025-07-31,E054,Operations,173.3,13.0,4493.97,438.75,539.28,222.45,343.79,269.64,142.5,2976.31
2025-07-31,E055,Quality,,0,9458.33,0,1135.0,468.19,723.56,472.92,0,6658.66
2025-07-31,E056,Quality,173.3,13.0,6616.6,619.12,793.99,327.52,506.17,198.5,142.5,4647.92
2025-07-31,E057,Quality,173.3,8.0,5675.34,339.0,681.04,280.93,434.16,0.0,410.0,3869.21
2025-07-31,E058,Quality,173.3,5.0,5795.31,219.38,695.44,286.87,443.34,173.86,285.0,3910.8
2025-07-31,E059,Quality,173.3,3.0,5314.25,128.25,637.71,263.06,406.54,159.43,142.5,3705.01
2025-07-31,E060,Purchasing,,0,5583.33,0,670.0,276.37,427.12,335.0,142.5,3732.34
2025-07-31,E061,Purchasing,,0,6458.33,0,775.0,319.69,494.06,387.5,142.5,4339.58
2025-07-31,E062,Purchasing,,0,8791.67,0,1055.0,435.19,672.56,439.58,142.5,6046.84
2025-07-31,E063,Purchasing,,0,12041.67,0,1445.0,596.06,921.19,722.5,142.5,8214.42
2025-07-31,E064,Sales,,0,7583.33,0,910.0,375.37,580.12,227.5,410.0,5080.34
2025-07-31,E065,Sales,,0,5333.33,0,640.0,264.0,408.0,160.0,142.5,3718.83
2025-07-31,E066,Sales,,0,12583.33,0,1510.0,622.87,962.62,377.5,410.0,8700.34
2025-07-31,E067,Sales,,0,8083.33,0,970.0,400.12,618.37,485.0,285.0,5324.84
2025-07-31,E068,Sales,,0,6958.33,0,835.0,344.44,532.31,347.92,142.5,4756.16
2025-07-31,E069,Sales,,0,6791.67,0,815.0,336.19,519.56,0.0,142.5,4978.42
2025-07-31,E070,Sales,,0,10791.67,0,1295.0,534.19,825.56,323.75,0,7813.17
2025-07-31,E071,Sales,,0,13083.33,0,1570.0,647.62,1000.87,785.0,285.0,8794.84
2025-07-31,E072,Sales,,0,5625.0,0,675.0,278.44,430.31,337.5,410.0,3493.75
2025-07-31,E073,Sales,,0,8791.67,0,1055.0,435.19,672.56,0.0,410.0,6218.92
2025-07-31,E074,Sales,,0,11833.33,0,1420.0,585.75,905.25,355.0,0,8567.33
2025-07-31,E075,Sales,,0,4458.33,0,535.0,220.69,341.06,133.75,285.0,2942.83
2025-07-31,E076,Warehouse,173.3,20.0,5007.38,765.0,600.89,247.87,383.06,300.44,0,3475.12
2025-07-31,E077,Warehouse,173.3,10.0,6499.85,495.0,779.98,321.74,497.24,195.0,142.5,4563.39
2025-07-31,E078,Warehouse,173.3,13.0,4828.02,497.25,579.36,238.99,369.34,144.84,410.0,3085.49
2025-07-31,E079,Warehouse,173.3,16.0,4852.64,534.0,582.32,240.21,371.23,291.16,0,3367.72
2025-07-31,E080,Warehouse,173.3,6.0,5230.89,263.25,627.71,258.93,400.16,156.93,0,3787.16
2025-07-31,E081,Warehouse,173.3,15.0,4102.75,433.12,492.33,203.09,313.86,0.0,410.0,2683.47
2025-07-31,E082,Warehouse,173.3,18.0,6678.72,877.5,801.45,330.6,510.92,333.94,0,4701.81
2025-07-31,E083,Warehouse,173.3,15.0,6177.25,697.5,741.27,305.77,472.56,370.63,142.5,4144.52
2025-07-31,E084,Maintenance,173.3,9.0,3932.68,286.88,471.92,194.67,300.85,0.0,0,2965.24
2025-07-31,E085,Maintenance,173.3,10.0,4880.8,375.0,585.7,241.6,373.38,292.85,285.0,3102.27
2025-07-31,E086,Maintenance,173.3,18.0,6686.88,864.0,802.43,331.0,511.55,334.34,142.5,4565.06
2025-07-31,E087,Maintenance,173.3,15.0,6849.58,753.75,821.95,339.05,523.99,342.48,410.0,4412.11
2025-07-31,E088,Engineering,,0,8750.0,0,1050.0,433.12,669.38,437.5,410.0,5750.0
2025-07-31,E089,Engineering,,0,8125.0,0,975.0,402.19,621.56,0.0,285.0,5841.25
2025-07-31,E090,Engineering,,0,10833.33,0,1300.0,536.25,828.75,541.67,285.0,7341.66
2025-07-31,E091,Engineering,,0,7125.0,0,855.0,352.69,545.06,213.75,285.0,4873.5
2025-07-31,E092,Engineering,,0,13083.33,0,1570.0,647.62,1000.87,392.5,285.0,9187.34
2025-07-31,E093,Engineering,,0,6333.33,0,760.0,313.5,484.5,0.0,410.0,4365.33
2025-07-31,E094,Operations,173.3,2.0,3604.15,64.5,432.5,178.41,275.72,216.25,410.0,2091.27
2025-07-31,E095,Operations,173.3,14.0,3899.48,425.25,467.94,193.02,298.31,116.98,142.5,2680.73
2025-07-31,E096,HR,,0,6583.33,0,790.0,325.87,503.62,0.0,0,4963.84
2025-07-31,E097,HR,,0,4416.67,0,530.0,218.63,337.88,132.5,410.0,2787.66
2025-07-31,E098,IT,,0,9375.0,0,1125.0,464.06,717.19,468.75,0,6600.0
2025-07-31,E099,Warehouse,173.3,13.0,5515.92,511.88,661.91,273.04,421.97,0.0,142.5,4016.5
2025-07-31,E100,Warehouse,173.3,0,4311.27,0.0,517.35,213.41,329.81,258.68,410.0,2582.02
2025-07-31,E101,Warehouse,173.3,19.0,5406.53,783.75,648.78,267.62,413.6,324.39,0,3752.14
2025-07-31,E102,Warehouse,173.3,9.0,4721.63,351.0,566.6,233.72,361.2,283.3,0,3276.81
2025-07-31,E103,Warehouse,173.3,0,5747.49,0.0,689.7,284.5,439.68,344.85,142.5,3846.26
2025-07-31,E104,Warehouse,173.3,12.0,5845.85,535.5,701.5,289.37,447.21,0.0,410.0,3997.77
2025-07-31,E105,Warehouse,173.3,17.0,6010.54,777.75,721.26,297.52,459.81,300.53,142.5,4088.92
2025-07-31,E106,Warehouse,173.3,15.0,5220.35,579.38,626.44,258.41,399.36,313.22,410.0,3212.92
2025-08-31,E001,Executive,,0,13208.33,0,1585.0,653.81,1010.44,396.25,142.5,9420.33
2025-08-31,E002,Finance,,0,10833.33,0,1300.0,536.25,828.75,0.0,0,8168.33
2025-08-31,E003,Finance,,0,7666.67,0,920.0,379.5,586.5,460.0,285.0,5035.67
2025-08-31,E004,Finance,,0,6458.33,0,775.0,319.69,494.06,322.92,285.0,4261.66
2025-08-31,E005,Operations,,0,10208.33,0,1225.0,505.31,780.94,306.25,142.5,7248.33
2025-08-31,E006,Operations,,0,6833.33,0,820.0,338.25,522.75,410.0,142.5,4599.83
2025-08-31,E007,Operations,,0,6791.67,0,815.0,336.19,519.56,203.75,142.5,4774.67
2025-08-31,E008,Operations,,0,13625.0,0,1635.0,674.44,1042.31,817.5,410.0,9045.75
2025-08-31,E009,Operations,173.3,11.0,4928.28,420.75,591.39,243.95,377.01,147.85,410.0,3158.08
2025-08-31,E010,Operations,173.3,0,6259.6,0.0,751.15,309.85,478.86,312.98,285.0,4121.76
2025-08-31,E011,Operations,173.3,13.0,4150.06,385.12,498.01,205.43,317.48,0.0,142.5,2986.64
2025-08-31,E012,Operations,173.3,8.0,5616.12,327.0,673.93,278.0,429.63,280.81,0,3953.75
2025-08-31,E013,Operations,173.3,15.0,5866.19,686.25,703.94,290.38,448.76,351.97,0,4071.14
2025-08-31,E014,Operations,173.3,7.0,4209.41,217.88,505.13,208.37,322.02,0.0,410.0,2763.89
2025-08-31,E015,Operations,173.3,7.0,5578.73,288.75,669.45,276.15,426.77,278.94,285.0,3642.42
2025-08-31,E016,Operations,173.3,1.0,4156.42,31.88,498.77,205.74,317.97,249.39,410.0,2474.55
2025-08-31,E017,Operations,173.3,15.0,6713.6,708.75,805.63,332.32,513.59,201.41,142.5,4718.15
2025-08-31,E018,Operations,173.3,5.0,3698.62,142.5,443.83,183.08,282.94,184.93,0,2603.84
2025-08-31,E019,Operations,173.3,0,4550.86,0.0,546.1,225.27,348.14,273.05,285.0,2873.3
2025-08-31,E020,Operations,173.3,22.0,4462.35,726.0,535.48,220.89,341.37,0.0,285.0,3079.61
2025-08-31,E021,Operations,173.3,14.0,4617.45,477.75,554.09,228.56,353.23,0.0,142.5,3339.07
2025-08-31,E022,Operations,173.3,14.0,5389.38,598.5,646.73,266.77,412.29,269.47,0,3794.12
2025-08-31,E023,Operations,173.3,4.0,4879.39,166.5,585.53,241.53,373.27,146.38,410.0,3122.68
2025-08-31,E024,Operations,173.3,22.0,5491.95,816.75,659.03,271.85,420.13,274.6,285.0,3581.34
2025-08-31,E025,Operations,173.3,21.0,5421.5,826.88,650.58,268.36,414.74,325.29,410.0,3352.53
2025-08-31,E026,Operations,173.3,4.0,4520.23,147.0,542.43,223.75,345.8,135.61,410.0,2862.64
2025-08-31,E027,Operations,173.3,1.0,4139.98,34.5,496.8,204.93,316.71,0.0,285.0,2836.54
2025-08-31,E028,Operations,173.3,18.0,6909.93,850.5,829.19,342.04,528.61,0.0,0,5210.09
2025-08-31,E029,Operations,173.3,0,3754.98,0.0,450.6,185.87,287.26,112.65,0,2718.6
2025-08-31,E030,Operations,173.3,2.0,3586.31,62.25,430.36,177.52,274.35,107.59,285.0,2311.49
2025-08-31,E031,Operations,173.3,9.0,4583.35,337.5,550.0,226.88,350.63,275.0,285.0,2895.84
2025-08-31,E032,Operations,173.3,8.0,5002.2,327.0,600.26,247.61,382.67,300.13,0,3471.53
2025-08-31,E033,Operations,173.3,1.0,4545.78,38.25,545.49,225.02,347.75,136.37,410.0,2881.15
2025-08-31,E034,Operations,173.3,17.0,4030.47,471.75,483.66,199.51,308.33,120.91,285.0,2633.06
2025-08-31,E035,Operations,173.3,16.0,5720.6,678.0,686.47,283.17,437.63,286.03,142.5,3884.8
2025-08-31,E036,Operations,173.3,3.0,4941.32,119.25,592.96,244.6,378.01,0.0,410.0,3315.75
2025-08-31,E037,Operations,173.3,13.0,6249.96,575.25,750.0,309.37,478.12,187.5,285.0,4239.97
2025-08-31,E038,Operations,173.3,3.0,3289.3,83.25,394.72,162.82,251.63,0.0,410.0,2070.13
2025-08-31,E039,Operations,173.3,20.0,4484.87,667.5,538.18,222.0,343.09,224.24,0,3157.36
2025-08-31,E040,Operations,173.3,7.0,3272.06,194.25,392.65,161.97,250.31,98.16,410.0,1958.97
2025-08-31,E041,Operations,173.3,8.0,5039.22,309.0,604.71,249.44,385.5,302.35,0,3497.22
2025-08-31,E042,Operations,173.3,5.0,6637.36,251.25,796.48,328.55,507.76,331.87,285.0,4387.7
2025-08-31,E043,Operations,173.3,11.0,6835.29,544.5,820.23,338.35,522.9,410.12,410.0,4333.69
2025-08-31,E044,Operations,173.3,10.0,4172.66,315.0,500.72,206.55,319.21,125.18,0,3021.0
2025-08-31,E045,Operations,173.3,15.0,4317.99,500.62,518.16,213.74,330.33,259.08,0,2996.68
2025-08-31,E046,Operations,173.3,10.0,4383.79,322.5,526.05,217.0,335.36,263.03,410.0,2632.35
2025-08-31,E047,Operations,173.3,15.0,5874.05,635.62,704.89,290.77,449.36,293.7,142.5,3992.83
2025-08-31,E048,Operations,173.3,5.0,4284.19,174.38,514.1,212.07,327.74,0.0,410.0,2820.28
2025-08-31,E049,Operations,173.3,4.0,5179.5,178.5,621.54,256.39,396.23,155.38,0,3749.96
2025-08-31,E050,Operations,173.3,8.0,5048.22,318.0,605.79,249.89,386.19,151.45,410.0,3244.9
2025-08-31,E051,Operations,173.3,16.0,5659.77,654.0,679.17,280.16,432.97,0.0,142.5,4124.97
2025-08-31,E053,Operations,173.3,3.0,3276.47,82.12,393.18,162.19,250.65,196.59,410.0,1863.86
2025-08-31,E054,Operations,173.3,4.0,4229.21,135.0,507.51,209.35,323.53,211.46,285.0,2692.36
2025-08-31,E055,Quality,,0,9458.33,0,1135.0,468.19,723.56,283.75,142.5,6705.33
2025-08-31,E056,Quality,173.3,9.0,6371.08,428.62,764.53,315.37,487.39,191.13,0,4612.66
2025-08-31,E057,Quality,173.3,3.0,5120.76,127.12,614.49,253.48,391.74,307.25,410.0,3143.8
2025-08-31,E058,Quality,173.3,13.0,5639.41,570.38,676.73,279.15,431.41,281.97,142.5,3827.65
2025-08-31,E059,Quality,173.3,3.0,5166.08,128.25,619.93,255.72,395.21,0.0,410.0,3485.22
2025-08-31,E060,Purchasing,,0,5583.33,0,670.0,276.37,427.12,279.17,410.0,3520.67
2025-08-31,E061,Purchasing,,0,6458.33,0,775.0,319.69,494.06,322.92,0,4546.66
2025-08-31,E062,Purchasing,,0,8791.67,0,1055.0,435.19,672.56,0.0,142.5,6486.42
2025-08-31,E063,Purchasing,,0,12041.67,0,1445.0,596.06,921.19,602.08,0,8477.34
2025-08-31,E064,Sales,,0,7583.33,0,910.0,375.37,580.12,379.17,410.0,4928.67
2025-08-31,E065,Sales,,0,5333.33,0,640.0,264.0,408.0,160.0,0,3861.33
2025-08-31,E066,Sales,,0,12583.33,0,1510.0,622.87,962.62,629.17,285.0,8573.67
2025-08-31,E067,Sales,,0,8083.33,0,970.0,400.12,618.37,485.0,0,5609.84
2025-08-31,E068,Sales,,0,6958.33,0,835.0,344.44,532.31,208.75,410.0,4627.83
2025-08-31,E069,Sales,,0,6791.67,0,815.0,336.19,519.56,407.5,410.0,4303.42
2025-08-31,E070,Sales,,0,10791.67,0,1295.0,534.19,825.56,0.0,0,8136.92
2025-08-31,E071,Sales,,0,13083.33,0,1570.0,647.62,1000.87,785.0,142.5,8937.34
2025-08-31,E072,Sales,,0,5625.0,0,675.0,278.44,430.31,281.25,410.0,3550.0
2025-08-31,E073,Sales,,0,8791.67,0,1055.0,435.19,672.56,527.5,142.5,5958.92
2025-08-31,E074,Sales,,0,11833.33,0,1420.0,585.75,905.25,355.0,285.0,8282.33
2025-08-31,E075,Sales,,0,4458.33,0,535.0,220.69,341.06,222.92,410.0,2728.66
2025-08-31,E076,Warehouse,173.3,12.0,4878.15,459.0,585.38,241.47,373.18,292.69,285.0,3100.43
2025-08-31,E077,Warehouse,173.3,4.0,6545.98,198.0,785.52,324.03,500.77,196.38,0,4739.28
2025-08-31,E078,Warehouse,173.3,13.0,4783.83,497.25,574.06,236.8,365.96,0.0,410.0,3197.01
2025-08-31,E079,Warehouse,173.3,10.0,4382.47,333.75,525.9,216.93,335.26,262.95,142.5,2898.93
2025-08-31,E080,Warehouse,173.3,17.0,6423.19,745.88,770.78,317.95,491.37,321.16,0,4521.93
2025-08-31,E081,Warehouse,173.3,8.0,3466.94,231.0,416.03,171.61,265.22,208.02,410.0,1996.06
2025-08-31,E082,Warehouse,173.3,16.0,6750.19,780.0,810.02,334.13,516.39,0.0,410.0,4679.65
2025-08-31,E083,Warehouse,173.3,9.0,5898.25,418.5,707.79,291.96,451.22,353.89,0,4093.39
2025-08-31,E084,Maintenance,173.3,19.0,4435.55,605.62,532.27,219.56,339.32,221.78,0,3122.62
2025-08-31,E085,Maintenance,173.3,7.0,4595.0,262.5,551.4,227.45,351.52,137.85,410.0,2916.78
2025-08-31,E086,Maintenance,173.3,4.0,5515.78,192.0,661.89,273.03,421.96,330.95,410.0,3417.95
2025-08-31,E087,Maintenance,173.3,18.0,6419.77,904.5,770.37,317.78,491.11,385.19,142.5,4312.82
2025-08-31,E088,Engineering,,0,8750.0,0,1050.0,433.12,669.38,437.5,285.0,5875.0
2025-08-31,E089,Engineering,,0,8125.0,0,975.0,402.19,621.56,406.25,410.0,5310.0
2025-08-31,E090,Engineering,,0,10833.33,0,1300.0,536.25,828.75,650.0,142.5,7375.83
2025-08-31,E091,Engineering,,0,7125.0,0,855.0,352.69,545.06,213.75,285.0,4873.5
2025-08-31,E092,Engineering,,0,13083.33,0,1570.0,647.62,1000.87,785.0,142.5,8937.34
2025-08-31,E093,Engineering,,0,6333.33,0,760.0,313.5,484.5,190.0,142.5,4442.83
2025-08-31,E094,Operations,173.3,14.0,4177.45,451.5,501.29,206.78,319.57,0.0,410.0,2739.81
2025-08-31,E095,Operations,173.3,5.0,3801.58,151.88,456.19,188.18,290.82,114.05,410.0,2342.34
2025-08-31,E096,HR,,0,6583.33,0,790.0,325.87,503.62,329.17,410.0,4224.67
2025-08-31,E097,HR,,0,4416.67,0,530.0,218.63,337.88,220.83,285.0,2824.33
2025-08-31,E098,IT,,0,9375.0,0,1125.0,464.06,717.19,562.5,285.0,6221.25
2025-08-31,E099,Warehouse,173.3,3.0,4530.77,118.12,543.69,224.27,346.6,135.92,285.0,2995.29
2025-08-31,E100,Warehouse,173.3,1.0,4144.69,34.88,497.36,205.16,317.07,207.23,410.0,2507.87
2025-08-31,E102,Warehouse,173.3,13.0,4967.74,507.0,596.13,245.9,380.03,0.0,285.0,3460.68
2025-08-31,E103,Warehouse,173.3,6.0,6803.72,301.5,816.45,336.78,520.48,0.0,410.0,4720.01
2025-08-31,E104,Warehouse,173.3,12.0,6155.19,535.5,738.62,304.68,470.87,369.31,142.5,4129.21
2025-08-31,E105,Warehouse,173.3,10.0,5690.29,457.5,682.83,281.67,435.31,170.71,0,4119.77
2025-08-31,E106,Warehouse,173.3,5.0,4566.35,193.12,547.96,226.03,349.33,136.99,142.5,3163.54
2025-09-30,E001,Executive,,0,13208.33,0,1585.0,653.81,1010.44,792.5,410.0,8756.58
2025-09-30,E002,Finance,,0,10833.33,0,1300.0,536.25,828.75,541.67,285.0,7341.66
2025-09-30,E003,Finance,,0,7666.67,0,920.0,379.5,586.5,230.0,142.5,5408.17
2025-09-30,E004,Finance,,0,6458.33,0,775.0,319.69,494.06,387.5,0,4482.08
2025-09-30,E005,Operations,,0,10208.33,0,1225.0,505.31,780.94,306.25,142.5,7248.33
2025-09-30,E006,Operations,,0,6833.33,0,820.0,338.25,522.75,410.0,0,4742.33
2025-09-30,E007,Operations,,0,6791.67,0,815.0,336.19,519.56,203.75,410.0,4507.17
2025-09-30,E008,Operations,,0,13625.0,0,1635.0,674.44,1042.31,681.25,142.5,9449.5
2025-09-30,E009,Operations,173.3,7.0,4907.86,267.75,588.94,242.94,375.45,245.39,0,3455.14
2025-09-30,E010,Operations,173.3,20.0,6891.76,967.5,827.01,341.14,527.22,206.75,410.0,4579.64
2025-09-30,E011,Operations,173.3,21.0,4215.93,622.12,505.91,208.69,322.52,210.8,285.0,2683.01
2025-09-30,E012,Operations,173.3,22.0,5716.12,899.25,685.93,282.95,437.28,285.81,285.0,3739.15
2025-09-30,E013,Operations,173.3,7.0,6028.75,320.25,723.45,298.42,461.2,180.86,410.0,3954.82
2025-09-30,E014,Operations,173.3,15.0,4458.41,466.88,535.01,220.69,341.07,133.75,410.0,2817.89
2025-09-30,E015,Operations,173.3,1.0,5188.26,41.25,622.59,256.82,396.9,0.0,0,3911.95
2025-09-30,E016,Operations,173.3,0,4050.89,0.0,486.11,200.52,309.89,243.05,285.0,2526.32
2025-09-30,E017,Operations,173.3,6.0,5687.86,283.5,682.54,281.55,435.12,0.0,142.5,4146.15
2025-09-30,E018,Operations,173.3,10.0,3808.19,285.0,456.98,188.51,291.33,0.0,142.5,2728.87
2025-09-30,E019,Operations,173.3,2.0,4448.63,78.0,533.84,220.21,340.32,266.92,0,3087.34
2025-09-30,E020,Operations,173.3,8.0,4229.1,264.0,507.49,209.34,323.53,0.0,285.0,2903.74
2025-09-30,E021,Operations,173.3,12.0,4746.33,409.5,569.56,234.94,363.09,237.32,410.0,2931.42
2025-09-30,E022,Operations,173.3,9.0,5867.1,384.75,704.05,290.42,448.83,176.01,410.0,3837.79
2025-09-30,E023,Operations,173.3,10.0,5658.14,416.25,678.98,280.08,432.85,339.49,410.0,3516.74
2025-09-30,E024,Operations,173.3,17.0,5177.65,631.12,621.32,256.29,396.09,258.88,0,3645.07
2025-09-30,E025,Operations,173.3,22.0,5415.37,866.25,649.84,268.06,414.28,270.77,142.5,3669.92
2025-09-30,E026,Operations,173.3,3.0,4441.02,110.25,532.92,219.83,339.74,0.0,0,3348.53
2025-09-30,E027,Operations,173.3,16.0,4936.49,552.0,592.38,244.36,377.64,148.09,0,3574.02
2025-09-30,E028,Operations,173.3,10.0,5658.5,472.5,679.02,280.1,432.88,169.75,410.0,3686.75
2025-09-30,E029,Operations,173.3,9.0,3712.52,273.38,445.5,183.77,284.01,111.38,410.0,2277.86
2025-09-30,E030,Operations,173.3,0,3703.85,0.0,444.46,183.34,283.34,222.23,142.5,2427.98
2025-09-30,E031,Operations,173.3,8.0,5065.75,300.0,607.89,250.75,387.53,0.0,0,3819.58
2025-09-30,E032,Operations,173.3,5.0,4737.91,204.38,568.55,234.53,362.45,142.14,142.5,3287.74
2025-09-30,E033,Operations,173.3,9.0,4630.83,344.25,555.7,229.23,354.26,231.54,410.0,2850.1
2025-09-30,E034,Operations,173.3,21.0,4109.41,582.75,493.13,203.42,314.37,0.0,142.5,2955.99
2025-09-30,E035,Operations,173.3,10.0,5466.35,423.75,655.96,270.58,418.18,163.99,410.0,3547.64
2025-09-30,E036,Operations,173.3,8.0,5369.7,318.0,644.36,265.8,410.78,322.18,142.5,3584.08
2025-09-30,E037,Operations,173.3,22.0,6392.59,973.5,767.11,316.43,489.03,0.0,410.0,4410.02
2025-09-30,E038,Operations,173.3,4.0,3509.41,111.0,421.13,173.72,268.47,0.0,285.0,2361.09
2025-09-30,E039,Operations,173.3,4.0,4066.54,133.5,487.98,201.29,311.09,203.33,285.0,2577.85
2025-09-30,E040,Operations,173.3,21.0,3756.74,582.75,450.81,185.96,287.39,0.0,142.5,2690.08
2025-09-30,E041,Operations,173.3,11.0,5021.23,424.88,602.55,248.55,384.12,150.64,285.0,3350.37
2025-09-30,E042,Operations,173.3,1.0,5681.63,50.25,681.8,281.24,434.64,170.45,142.5,3971.0
2025-09-30,E043,Operations,173.3,14.0,6183.14,693.0,741.98,306.07,473.01,185.49,142.5,4334.09
2025-09-30,E044,Operations,173.3,6.0,3646.34,189.0,437.56,180.49,278.95,182.32,142.5,2424.52
2025-09-30,E045,Operations,173.3,8.0,4007.25,267.0,480.87,198.36,306.55,240.44,410.0,2371.03
2025-09-30,E046,Operations,173.3,18.0,4492.75,580.5,539.13,222.39,343.7,269.56,142.5,2975.47
2025-09-30,E047,Operations,173.3,18.0,5805.35,762.75,696.64,287.36,444.11,0.0,410.0,3967.24
2025-09-30,E048,Operations,173.3,3.0,4496.48,104.62,539.58,222.58,343.98,224.82,0,3165.52
2025-09-30,E049,Operations,173.3,1.0,5818.98,44.62,698.28,288.04,445.15,174.57,410.0,3802.94
2025-09-30,E050,Operations,173.3,18.0,5767.2,715.5,692.06,285.48,441.19,0.0,0,4348.47
2025-09-30,E051,Operations,173.3,5.0,5162.93,204.38,619.55,255.57,394.96,154.89,142.5,3595.46
2025-09-30,E052,Operations,173.3,1.0,3589.2,29.62,430.7,177.67,274.57,107.68,410.0,2188.58
2025-09-30,E053,Operations,173.3,22.0,3764.98,602.25,451.8,186.37,288.02,225.9,285.0,2327.89
2025-09-30,E054,Operations,173.3,6.0,4413.69,202.5,529.64,218.48,337.65,220.68,142.5,2964.74
2025-09-30,E055,Quality,,0,9458.33,0,1135.0,468.19,723.56,472.92,285.0,6373.66
2025-09-30,E056,Quality,173.3,1.0,6210.17,47.62,745.22,307.4,475.08,186.31,0,4496.16
2025-09-30,E057,Quality,173.3,9.0,5619.81,381.38,674.38,278.18,429.92,0.0,142.5,4094.83
2025-09-30,E058,Quality,173.3,3.0,5454.1,131.62,654.49,269.98,417.24,163.62,285.0,3663.77
2025-09-30,E059,Quality,173.3,12.0,5748.39,513.0,689.81,284.55,439.75,172.45,0,4161.83
2025-09-30,E060,Purchasing,,0,5583.33,0,670.0,276.37,427.12,279.17,0,3930.67
2025-09-30,E061,Purchasing,,0,6458.33,0,775.0,319.69,494.06,387.5,410.0,4072.08
2025-09-30,E062,Purchasing,,0,8791.67,0,1055.0,435.19,672.56,0.0,285.0,6343.92
2025-09-30,E063,Purchasing,,0,12041.67,0,1445.0,596.06,921.19,722.5,285.0,8071.92
2025-09-30,E064,Sales,,0,7583.33,0,910.0,375.37,580.12,455.0,410.0,4852.84
2025-09-30,E065,Sales,,0,5333.33,0,640.0,264.0,408.0,266.67,142.5,3612.16
2025-09-30,E066,Sales,,0,12583.33,0,1510.0,622.87,962.62,629.17,285.0,8573.67
2025-09-30,E067,Sales,,0,8083.33,0,970.0,400.12,618.37,242.5,410.0,5442.34
2025-09-30,E068,Sales,,0,6958.33,0,835.0,344.44,532.31,347.92,410.0,4488.66
2025-09-30,E069,Sales,,0,6791.67,0,815.0,336.19,519.56,203.75,0,4917.17
2025-09-30,E070,Sales,,0,10791.67,0,1295.0,534.19,825.56,0.0,285.0,7851.92
2025-09-30,E071,Sales,,0,13083.33,0,1570.0,647.62,1000.87,0.0,142.5,9722.34
2025-09-30,E072,Sales,,0,5625.0,0,675.0,278.44,430.31,281.25,285.0,3675.0
2025-09-30,E073,Sales,,0,8791.67,0,1055.0,435.19,672.56,439.58,285.0,5904.34
2025-09-30,E074,Sales,,0,11833.33,0,1420.0,585.75,905.25,591.67,142.5,8188.16
2025-09-30,E075,Sales,,0,4458.33,0,535.0,220.69,341.06,133.75,0,3227.83
2025-09-30,E076,Warehouse,173.3,2.0,4981.76,76.5,597.81,246.6,381.1,0.0,410.0,3346.25
2025-09-30,E077,Warehouse,173.3,13.0,6076.46,643.5,729.18,300.78,464.85,182.29,142.5,4256.86
2025-09-30,E078,Warehouse,173.3,13.0,5225.74,497.25,627.09,258.67,399.77,261.29,410.0,3268.92
2025-09-30,E079,Warehouse,173.3,13.0,4251.25,433.88,510.15,210.44,325.22,127.54,410.0,2667.9
2025-09-30,E080,Warehouse,173.3,19.0,6054.72,833.62,726.57,299.71,463.19,302.74,0,4262.51
2025-09-30,E081,Warehouse,173.3,5.0,3780.65,144.38,453.68,187.14,289.22,0.0,0,2850.61
2025-09-30,E082,Warehouse,173.3,18.0,6453.43,877.5,774.41,319.44,493.69,322.67,142.5,4400.72
2025-09-30,E083,Warehouse,173.3,21.0,6671.14,976.5,800.54,330.22,510.34,333.56,142.5,4553.98
2025-09-30,E084,Maintenance,173.3,6.0,4278.96,191.25,513.48,211.81,327.34,256.74,0,2969.59
2025-09-30,E085,Maintenance,173.3,10.0,5140.75,375.0,616.89,254.47,393.27,0.0,410.0,3466.12
2025-09-30,E086,Maintenance,173.3,21.0,6664.51,1008.0,799.74,329.89,509.84,199.94,410.0,4415.1
2025-09-30,E087,Maintenance,173.3,7.0,6737.86,351.75,808.54,333.52,515.45,404.27,142.5,4533.58
2025-09-30,E088,Engineering,,0,8750.0,0,1050.0,433.12,669.38,525.0,142.5,5930.0
2025-09-30,E089,Engineering,,0,8125.0,0,975.0,402.19,621.56,406.25,0,5720.0
2025-09-30,E090,Engineering,,0,10833.33,0,1300.0,536.25,828.75,541.67,0,7626.66
2025-09-30,E091,Engineering,,0,7125.0,0,855.0,352.69,545.06,427.5,142.5,4802.25
2025-09-30,E092,Engineering,,0,13083.33,0,1570.0,647.62,1000.87,654.17,142.5,9068.17
2025-09-30,E093,Engineering,,0,6333.33,0,760.0,313.5,484.5,190.0,285.0,4300.33
2025-09-30,E094,Operations,173.3,14.0,4102.93,451.5,492.35,203.1,313.87,246.18,410.0,2437.43
2025-09-30,E095,Operations,173.3,10.0,4023.63,303.75,482.84,199.17,307.81,201.18,0,2832.63
2025-09-30,E096,HR,,0,6583.33,0,790.0,325.87,503.62,395.0,285.0,4283.84
2025-09-30,E097,HR,,0,4416.67,0,530.0,218.63,337.88,265.0,0,3065.16
2025-09-30,E098,IT,,0,9375.0,0,1125.0,464.06,717.19,0.0,285.0,6783.75
2025-09-30,E099,Warehouse,173.3,22.0,5460.87,866.25,655.3,270.31,417.76,163.83,410.0,3543.67
2025-09-30,E100,Warehouse,173.3,22.0,4997.94,767.25,599.75,247.4,382.34,249.9,142.5,3376.05
2025-09-30,E102,Warehouse,173.3,0,4821.21,0.0,578.55,238.65,368.82,241.06,285.0,3109.13
2025-09-30,E103,Warehouse,173.3,6.0,6339.27,301.5,760.71,313.79,484.95,380.36,410.0,3989.46
2025-09-30,E104,Warehouse,173.3,22.0,6085.87,981.75,730.3,301.25,465.57,182.58,142.5,4263.67
2025-09-30,E105,Warehouse,173.3,21.0,6034.97,960.75,724.2,298.73,461.68,0.0,0,4550.36
2025-09-30,E106,Warehouse,173.3,21.0,5407.47,811.12,648.9,267.67,413.67,270.37,142.5,3664.36
2025-10-31,E001,Executive,,0,13208.33,0,1585.0,653.81,1010.44,396.25,0,9562.83
2025-10-31,E002,Finance,,0,10833.33,0,1300.0,536.25,828.75,541.67,0,7626.66
2025-10-31,E003,Finance,,0,7666.67,0,920.0,379.5,586.5,230.0,285.0,5265.67
2025-10-31,E004,Finance,,0,6458.33,0,775.0,319.69,494.06,387.5,285.0,4197.08
2025-10-31,E005,Operations,,0,10208.33,0,1225.0,505.31,780.94,510.42,0,7186.66
2025-10-31,E006,Operations,,0,6833.33,0,820.0,338.25,522.75,0.0,285.0,4867.33
2025-10-31,E007,Operations,,0,6791.67,0,815.0,336.19,519.56,203.75,142.5,4774.67
2025-10-31,E008,Operations,,0,13625.0,0,1635.0,674.44,1042.31,817.5,142.5,9313.25
2025-10-31,E009,Operations,173.3,10.0,4801.65,382.5,576.2,237.68,367.33,0.0,0,3620.44
2025-10-31,E010,Operations,173.3,7.0,6151.1,338.62,738.13,304.48,470.56,184.53,142.5,4310.9
2025-10-31,E011,Operations,173.3,22.0,4416.69,651.75,530.0,218.63,337.88,132.5,285.0,2912.68
2025-10-31,E012,Operations,173.3,6.0,4873.23,245.25,584.79,241.22,372.8,0.0,410.0,3264.42
2025-10-31,E013,Operations,173.3,7.0,5870.18,320.25,704.42,290.57,449.07,0.0,142.5,4283.62
2025-10-31,E014,Operations,173.3,14.0,3887.89,435.75,466.55,192.45,297.42,116.64,410.0,2404.83
2025-10-31,E015,Operations,173.3,6.0,5108.57,247.5,613.03,252.87,390.81,0.0,142.5,3709.36
2025-10-31,E016,Operations,173.3,7.0,3832.09,223.12,459.85,189.69,293.15,191.6,285.0,2412.8
2025-10-31,E017,Operations,173.3,5.0,6241.1,236.25,748.93,308.93,477.44,187.23,142.5,4376.07
2025-10-31,E018,Operations,173.3,17.0,3711.35,484.5,445.36,183.71,283.92,0.0,285.0,2513.36
2025-10-31,E019,Operations,173.3,4.0,4706.86,156.0,564.82,232.99,360.07,282.41,0,3266.57
2025-10-31,E020,Operations,173.3,5.0,4435.11,165.0,532.21,219.54,339.29,0.0,142.5,3201.57
2025-10-31,E021,Operations,173.3,9.0,4683.38,307.12,562.01,231.83,358.28,140.5,0,3390.76
2025-10-31,E022,Operations,173.3,7.0,5830.99,299.25,699.72,288.63,446.07,0.0,410.0,3986.57
2025-10-31,E023,Operations,173.3,16.0,5330.8,666.0,639.7,263.87,407.81,266.54,142.5,3610.38
2025-10-31,E024,Operations,173.3,22.0,5063.03,816.75,607.56,250.62,387.32,303.78,285.0,3228.75
2025-10-31,E025,Operations,173.3,10.0,5215.82,393.75,625.9,258.18,399.01,156.47,410.0,3366.26
2025-10-31,E026,Operations,173.3,8.0,4582.31,294.0,549.88,226.82,350.55,229.12,285.0,2940.94
2025-10-31,E027,Operations,173.3,8.0,4501.05,276.0,540.13,222.8,344.33,0.0,285.0,3108.79
2025-10-31,E028,Operations,173.3,0,6059.43,0.0,727.13,299.94,463.55,181.78,142.5,4244.53
2025-10-31,E029,Operations,173.3,3.0,4021.56,91.12,482.59,199.07,307.65,120.65,0,2911.6
2025-10-31,E030,Operations,173.3,13.0,3856.76,404.62,462.81,190.91,295.04,0.0,142.5,2765.5
2025-10-31,E031,Operations,173.3,11.0,5134.93,412.5,616.19,254.18,392.82,256.75,0,3614.99
2025-10-31,E032,Operations,173.3,2.0,4756.95,81.75,570.83,235.47,363.91,142.71,0,3444.03
2025-10-31,E033,Operations,173.3,10.0,5022.61,382.5,602.71,248.62,384.23,0.0,285.0,3502.05
2025-10-31,E034,Operations,173.3,18.0,3641.43,499.5,436.97,180.25,278.57,182.07,142.5,2421.07
2025-10-31,E035,Operations,173.3,10.0,5613.22,423.75,673.59,277.85,429.41,336.79,410.0,3485.58
2025-10-31,E036,Operations,173.3,2.0,5085.27,79.5,610.23,251.72,389.02,305.12,142.5,3386.68
2025-10-31,E037,Operations,173.3,22.0,6494.84,973.5,779.38,321.49,496.86,389.69,142.5,4364.92
2025-10-31,E038,Operations,173.3,19.0,3957.72,527.25,474.93,195.91,302.77,237.46,0,2746.65
2025-10-31,E039,Operations,173.3,11.0,4223.05,367.12,506.77,209.04,323.06,126.69,0,3057.49
2025-10-31,E040,Operations,173.3,7.0,3624.72,194.25,434.97,179.42,277.29,0.0,285.0,2448.04
2025-10-31,E041,Operations,173.3,15.0,5041.86,579.38,605.02,249.57,385.7,151.26,0,3650.31
2025-10-31,E042,Operations,173.3,2.0,6544.66,100.5,785.36,323.96,500.67,196.34,142.5,4595.83
2025-10-31,E043,Operations,173.3,16.0,6396.52,792.0,767.58,316.63,489.33,191.9,285.0,4346.08
2025-10-31,E044,Operations,173.3,17.0,4174.8,535.5,500.98,206.65,319.37,208.74,285.0,2654.06
2025-10-31,E045,Operations,173.3,1.0,3966.42,33.38,475.97,196.34,303.43,118.99,142.5,2729.19
2025-10-31,E046,Operations,173.3,5.0,4036.24,161.25,484.35,199.79,308.77,121.09,410.0,2512.24
2025-10-31,E047,Operations,173.3,6.0,5590.59,254.25,670.87,276.73,427.68,335.44,285.0,3594.87
2025-10-31,E048,Operations,173.3,4.0,4088.14,139.5,490.58,202.36,312.74,204.41,0,2878.05
2025-10-31,E049,Operations,173.3,20.0,6048.18,892.5,725.78,299.38,462.69,181.45,410.0,3968.88
2025-10-31,E050,Operations,173.3,17.0,5176.35,675.75,621.16,256.23,395.99,155.29,0,3747.68
2025-10-31,E051,Operations,173.3,8.0,5285.55,327.0,634.27,261.63,404.34,264.28,0,3721.03
2025-10-31,E052,Operations,173.3,20.0,4323.22,592.5,518.79,214.0,330.73,129.7,142.5,2987.5
2025-10-31,E053,Operations,173.3,22.0,3986.37,602.25,478.36,197.33,304.96,239.18,0,2766.54
2025-10-31,E054,Operations,173.3,12.0,4616.19,405.0,553.94,228.5,353.14,276.97,410.0,2793.64
2025-10-31,E055,Quality,,0,9458.33,0,1135.0,468.19,723.56,567.5,410.0,6154.08
2025-10-31,E056,Quality,173.3,5.0,5520.3,238.12,662.44,273.25,422.3,0.0,0,4162.31
2025-10-31,E057,Quality,173.3,18.0,5854.3,762.75,702.52,289.79,447.85,175.63,410.0,3828.51
2025-10-31,E058,Quality,173.3,10.0,5659.85,438.75,679.18,280.16,432.98,169.8,142.5,3955.23
2025-10-31,E059,Quality,173.3,3.0,5413.03,128.25,649.56,267.94,414.1,270.65,285.0,3525.78
2025-10-31,E060,Purchasing,,0,5583.33,0,670.0,276.37,427.12,279.17,410.0,3520.67
2025-10-31,E061,Purchasing,,0,6458.33,0,775.0,319.69,494.06,0.0,142.5,4727.08
2025-10-31,E062,Purchasing,,0,8791.67,0,1055.0,435.19,672.56,263.75,0,6365.17
2025-10-31,E063,Purchasing,,0,12041.67,0,1445.0,596.06,921.19,361.25,410.0,8308.17
2025-10-31,E064,Sales,,0,7583.33,0,910.0,375.37,580.12,379.17,142.5,5196.17
2025-10-31,E065,Sales,,0,5333.33,0,640.0,264.0,408.0,266.67,410.0,3344.66
2025-10-31,E066,Sales,,0,12583.33,0,1510.0,622.87,962.62,377.5,0,9110.34
2025-10-31,E067,Sales,,0,8083.33,0,970.0,400.12,618.37,0.0,0,6094.84
2025-10-31,E068,Sales,,0,6958.33,0,835.0,344.44,532.31,347.92,285.0,4613.66
2025-10-31,E069,Sales,,0,6791.67,0,815.0,336.19,519.56,203.75,410.0,4507.17
2025-10-31,E070,Sales,,0,10791.67,0,1295.0,534.19,825.56,539.58,0,7597.34
2025-10-31,E071,Sales,,0,13083.33,0,1570.0,647.62,1000.87,654.17,0,9210.67
2025-10-31,E072,Sales,,0,5625.0,0,675.0,278.44,430.31,281.25,0,3960.0
2025-10-31,E073,Sales,,0,8791.67,0,1055.0,435.19,672.56,0.0,285.0,6343.92
2025-10-31,E074,Sales,,0,11833.33,0,1420.0,585.75,905.25,591.67,410.0,7920.66
2025-10-31,E075,Sales,,0,4458.33,0,535.0,220.69,341.06,222.92,0,3138.66
2025-10-31,E076,Warehouse,173.3,13.0,4916.4,497.25,589.97,243.36,376.1,0.0,410.0,3296.97
2025-10-31,E077,Warehouse,173.3,9.0,6450.35,445.5,774.04,319.29,493.45,193.51,285.0,4385.06
2025-10-31,E078,Warehouse,173.3,8.0,4548.38,306.0,545.81,225.14,347.95,0.0,0,3429.48
2025-10-31,E079,Warehouse,173.3,16.0,4274.25,534.0,512.91,211.58,326.98,0.0,285.0,2937.78
2025-10-31,E080,Warehouse,173.3,11.0,5551.65,482.62,666.2,274.81,424.7,166.55,410.0,3609.39
2025-10-31,E081,Warehouse,173.3,13.0,3811.49,375.38,457.38,188.67,291.58,228.69,410.0,2235.17
2025-10-31,E082,Warehouse,173.3,9.0,6521.58,438.75,782.59,322.82,498.9,391.29,410.0,4115.98
2025-10-31,E083,Warehouse,173.3,16.0,6653.53,744.0,798.42,329.35,509.0,399.21,410.0,4207.55
2025-10-31,E084,Maintenance,173.3,22.0,4568.01,701.25,548.16,226.12,349.45,274.08,0,3170.2
2025-10-31,E085,Maintenance,173.3,9.0,4756.65,337.5,570.8,235.45,363.88,285.4,285.0,3016.12
2025-10-31,E086,Maintenance,173.3,1.0,6148.16,48.0,737.78,304.33,470.33,0.0,0,4635.72
2025-10-31,E087,Maintenance,173.3,4.0,6412.94,201.0,769.55,317.44,490.59,192.39,142.5,4500.47
2025-10-31,E088,Engineering,,0,8750.0,0,1050.0,433.12,669.38,0.0,285.0,6312.5
2025-10-31,E089,Engineering,,0,8125.0,0,975.0,402.19,621.56,487.5,142.5,5496.25
2025-10-31,E090,Engineering,,0,10833.33,0,1300.0,536.25,828.75,650.0,410.0,7108.33
2025-10-31,E091,Engineering,,0,7125.0,0,855.0,352.69,545.06,213.75,285.0,4873.5
2025-10-31,E092,Engineering,,0,13083.33,0,1570.0,647.62,1000.87,392.5,0,9472.34
2025-10-31,E093,Engineering,,0,6333.33,0,760.0,313.5,484.5,380.0,0,4395.33
2025-10-31,E094,Operations,173.3,19.0,4674.04,612.75,560.88,231.36,357.56,140.22,410.0,2974.02
2025-10-31,E095,Operations,173.3,18.0,4161.35,546.75,499.36,205.99,318.34,249.68,285.0,2602.98
2025-10-31,E096,HR,,0,6583.33,0,790.0,325.87,503.62,197.5,0,4766.34
2025-10-31,E097,HR,,0,4416.67,0,530.0,218.63,337.88,265.0,142.5,2922.66
2025-10-31,E098,IT,,0,9375.0,0,1125.0,464.06,717.19,468.75,285.0,6315.0
2025-10-31,E099,Warehouse,173.3,11.0,5346.18,433.12,641.54,264.64,408.98,0.0,142.5,3888.52
2025-10-31,E100,Warehouse,173.3,5.0,4525.94,174.38,543.11,224.03,346.23,271.56,0,3141.01
2025-10-31,E102,Warehouse,173.3,18.0,5117.68,702.0,614.12,253.33,391.5,153.53,0,3705.2
2025-10-31,E103,Warehouse,173.3,22.0,6620.77,1105.5,794.49,327.73,506.49,331.04,410.0,4251.02
2025-10-31,E104,Warehouse,173.3,13.0,5942.02,580.12,713.04,294.13,454.56,297.1,142.5,4040.69
2025-10-31,E105,Warehouse,173.3,13.0,5721.83,594.75,686.62,283.23,437.72,0.0,142.5,4171.76
2025-10-31,E106,Warehouse,173.3,6.0,4872.72,231.75,584.73,241.2,372.76,146.18,285.0,3242.85
2025-11-30,E001,Executive,,0,13208.33,0,1585.0,653.81,1010.44,660.42,410.0,8888.66
2025-11-30,E002,Finance,,0,10833.33,0,1300.0,536.25,828.75,0.0,410.0,7758.33
2025-11-30,E003,Finance,,0,7666.67,0,920.0,379.5,586.5,460.0,410.0,4910.67
2025-11-30,E004,Finance,,0,6458.33,0,775.0,319.69,494.06,387.5,0,4482.08
2025-11-30,E005,Operations,,0,10208.33,0,1225.0,505.31,780.94,0.0,142.5,7554.58
2025-11-30,E006,Operations,,0,6833.33,0,820.0,338.25,522.75,341.67,142.5,4668.16
2025-11-30,E007,Operations,,0,6791.67,0,815.0,336.19,519.56,407.5,285.0,4428.42
2025-11-30,E008,Operations,,0,13625.0,0,1635.0,674.44,1042.31,817.5,410.0,9045.75
2025-11-30,E009,Operations,173.3,14.0,5440.76,535.5,652.89,269.32,416.22,163.22,0,3939.11
2025-11-30,E010,Operations,173.3,20.0,6724.09,967.5,806.89,332.84,514.39,403.45,142.5,4524.02
2025-11-30,E011,Operations,173.3,14.0,3666.29,414.75,439.95,181.48,280.47,109.99,0,2654.4
2025-11-30,E012,Operations,173.3,10.0,5556.19,408.75,666.74,275.03,425.05,0.0,410.0,3779.37
2025-11-30,E013,Operations,173.3,17.0,6116.26,777.75,733.95,302.75,467.89,366.98,0,4244.69
2025-11-30,E014,Operations,173.3,4.0,3972.19,124.5,476.66,196.62,303.87,198.61,142.5,2653.93
2025-11-30,E015,Operations,173.3,13.0,5349.66,536.25,641.96,264.81,409.25,0.0,410.0,3623.64
2025-11-30,E016,Operations,173.3,0,3682.63,0.0,441.92,182.29,281.72,110.48,0,2666.22
2025-11-30,E017,Operations,173.3,17.0,6644.33,803.25,797.32,328.89,508.29,398.66,0,4611.17
2025-11-30,E018,Operations,173.3,17.0,3810.13,484.5,457.22,188.6,291.47,228.61,285.0,2359.23
2025-11-30,E019,Operations,173.3,1.0,4815.15,39.0,577.82,238.35,368.36,0.0,0,3630.62
2025-11-30,E020,Operations,173.3,21.0,4543.73,693.0,545.25,224.91,347.6,136.31,410.0,2879.66
2025-11-30,E021,Operations,173.3,18.0,4596.25,614.25,551.55,227.51,351.61,275.77,285.0,2904.81
2025-11-30,E022,Operations,173.3,13.0,5741.75,555.75,689.01,284.22,439.24,344.5,0,3984.78
2025-11-30,E023,Operations,173.3,5.0,5017.2,208.12,602.06,248.35,383.82,250.86,285.0,3247.11
2025-11-30,E024,Operations,173.3,20.0,4945.89,742.5,593.51,244.82,378.36,148.38,142.5,3438.32
2025-11-30,E025,Operations,173.3,21.0,5466.99,826.88,656.04,270.62,418.22,164.01,285.0,3673.1
2025-11-30,E026,Operations,173.3,2.0,4786.39,73.5,574.37,236.93,366.16,239.32,410.0,2959.61
2025-11-30,E027,Operations,173.3,14.0,4349.32,483.0,521.92,215.29,332.72,0.0,0,3279.39
2025-11-30,E028,Operations,173.3,7.0,6281.01,330.75,753.72,310.91,480.5,314.05,0,4421.83
2025-11-30,E029,Operations,173.3,6.0,3761.76,182.25,451.41,186.21,287.77,188.09,285.0,2363.28
2025-11-30,E030,Operations,173.3,3.0,3581.48,93.38,429.78,177.28,273.98,214.89,0,2485.55
2025-11-30,E031,Operations,173.3,12.0,5302.4,450.0,636.29,262.47,405.63,159.07,285.0,3553.94
2025-11-30,E032,Operations,173.3,4.0,4980.37,163.5,597.64,246.53,381.0,249.02,410.0,3096.18
2025-11-30,E033,Operations,173.3,19.0,4969.13,726.75,596.3,245.97,380.14,149.07,0,3597.65
2025-11-30,E034,Operations,173.3,15.0,4007.03,416.25,480.84,198.35,306.54,120.21,410.0,2491.09
2025-11-30,E035,Operations,173.3,12.0,5649.01,508.5,677.88,279.63,432.15,169.47,410.0,3679.88
2025-11-30,E036,Operations,173.3,2.0,4855.65,79.5,582.68,240.35,371.46,145.67,410.0,3105.49
2025-11-30,E037,Operations,173.3,4.0,5442.72,177.0,653.13,269.41,416.37,272.14,0,3831.67
2025-11-30,E038,Operations,173.3,7.0,3496.48,194.25,419.58,173.08,267.48,174.82,142.5,2319.02
2025-11-30,E039,Operations,173.3,21.0,4749.6,700.88,569.95,235.11,363.34,237.48,285.0,3058.72
2025-11-30,E040,Operations,173.3,6.0,3693.16,166.5,443.18,182.81,282.53,110.79,0,2673.85
2025-11-30,E041,Operations,173.3,17.0,5074.47,656.62,608.94,251.19,388.2,253.72,285.0,3287.42
2025-11-30,E042,Operations,173.3,3.0,6072.41,150.75,728.69,300.58,464.54,0.0,0,4578.6
2025-11-30,E043,Operations,173.3,11.0,6720.91,544.5,806.51,332.69,514.15,403.25,0,4664.31
2025-11-30,E044,Operations,173.3,13.0,4048.8,409.5,485.86,200.42,309.73,242.93,410.0,2399.86
2025-11-30,E045,Operations,173.3,16.0,4736.96,534.0,568.44,234.48,362.38,0.0,285.0,3286.66
2025-11-30,E046,Operations,173.3,5.0,3924.46,161.25,470.94,194.26,300.22,117.73,142.5,2698.81
2025-11-30,E047,Operations,173.3,4.0,4967.31,169.5,596.08,245.88,380.0,149.02,410.0,3186.33
2025-11-30,E048,Operations,173.3,9.0,4705.74,313.88,564.69,232.93,359.99,282.34,285.0,2980.79
2025-11-30,E049,Operations,173.3,12.0,6052.07,535.5,726.25,299.58,462.98,181.56,285.0,4096.7
2025-11-30,E050,Operations,173.3,14.0,5011.18,556.5,601.34,248.05,383.36,150.34,0,3628.09
2025-11-30,E051,Operations,173.3,0,4816.87,0.0,578.02,238.44,368.49,144.51,285.0,3202.41
2025-11-30,E052,Operations,173.3,4.0,3917.67,118.5,470.12,193.92,299.7,0.0,410.0,2543.93
2025-11-30,E053,Operations,173.3,9.0,3598.87,246.38,431.86,178.14,275.31,0.0,142.5,2571.06
2025-11-30,E054,Operations,173.3,20.0,4496.27,675.0,539.55,222.57,343.96,0.0,142.5,3247.69
2025-11-30,E055,Quality,,0,9458.33,0,1135.0,468.19,723.56,472.92,142.5,6516.16
2025-11-30,E056,Quality,173.3,14.0,6169.03,666.75,740.28,305.37,471.93,308.45,142.5,4200.5
2025-11-30,E057,Quality,173.3,11.0,5263.93,466.12,631.67,260.56,402.69,315.84,410.0,3243.17
2025-11-30,E058,Quality,173.3,16.0,5771.03,702.0,692.52,285.67,441.48,288.55,142.5,3920.31
2025-11-30,E059,Quality,173.3,13.0,5396.02,555.75,647.52,267.1,412.8,323.76,142.5,3602.34
2025-11-30,E060,Purchasing,,0,5583.33,0,670.0,276.37,427.12,279.17,0,3930.67
2025-11-30,E061,Purchasing,,0,6458.33,0,775.0,319.69,494.06,387.5,0,4482.08
2025-11-30,E062,Purchasing,,0,8791.67,0,1055.0,435.19,672.56,263.75,0,6365.17
2025-11-30,E063,Purchasing,,0,12041.67,0,1445.0,596.06,921.19,722.5,0,8356.92
2025-11-30,E064,Sales,,0,7583.33,0,910.0,375.37,580.12,379.17,142.5,5196.17
2025-11-30,E065,Sales,,0,5333.33,0,640.0,264.0,408.0,266.67,142.5,3612.16
2025-11-30,E066,Sales,,0,12583.33,0,1510.0,622.87,962.62,629.17,410.0,8448.67
2025-11-30,E067,Sales,,0,8083.33,0,970.0,400.12,618.37,242.5,285.0,5567.34
2025-11-30,E068,Sales,,0,6958.33,0,835.0,344.44,532.31,0.0,142.5,5104.08
2025-11-30,E069,Sales,,0,6791.67,0,815.0,336.19,519.56,203.75,285.0,4632.17
2025-11-30,E070,Sales,,0,10791.67,0,1295.0,534.19,825.56,323.75,142.5,7670.67
2025-11-30,E071,Sales,,0,13083.33,0,1570.0,647.62,1000.87,0.0,142.5,9722.34
2025-11-30,E072,Sales,,0,5625.0,0,675.0,278.44,430.31,337.5,0,3903.75
2025-11-30,E073,Sales,,0,8791.67,0,1055.0,435.19,672.56,263.75,285.0,6080.17
2025-11-30,E074,Sales,,0,11833.33,0,1420.0,585.75,905.25,591.67,0,8330.66
2025-11-30,E075,Sales,,0,4458.33,0,535.0,220.69,341.06,222.92,0,3138.66
2025-11-30,E076,Warehouse,173.3,4.0,4572.15,153.0,548.66,226.32,349.77,274.33,285.0,2888.07
2025-11-30,E077,Warehouse,173.3,16.0,7025.6,792.0,843.07,347.77,537.46,0.0,410.0,4887.3
2025-11-30,E078,Warehouse,173.3,4.0,4660.53,153.0,559.26,230.7,356.53,233.03,142.5,3138.51
2025-11-30,E079,Warehouse,173.3,8.0,4547.08,267.0,545.65,225.08,347.85,0.0,285.0,3143.5
2025-11-30,E080,Warehouse,173.3,7.0,5832.36,307.12,699.88,288.7,446.18,174.97,285.0,3937.63
2025-11-30,E081,Warehouse,173.3,19.0,4251.61,548.62,510.19,210.45,325.25,255.1,410.0,2540.62
2025-11-30,E082,Warehouse,173.3,6.0,6319.01,292.5,758.28,312.79,483.4,0.0,142.5,4622.04
2025-11-30,E083,Warehouse,173.3,22.0,6556.47,1023.0,786.78,324.55,501.57,196.69,142.5,4604.38
2025-11-30,E084,Maintenance,173.3,10.0,4295.99,318.75,515.52,212.65,328.64,257.76,285.0,2696.42
2025-11-30,E085,Maintenance,173.3,17.0,5099.98,637.5,612.0,252.45,390.15,153.0,0,3692.38
2025-11-30,E086,Maintenance,173.3,0,5878.34,0.0,705.4,290.98,449.69,0.0,410.0,4022.27
2025-11-30,E087,Maintenance,173.3,6.0,5932.88,301.5,711.95,293.68,453.87,0.0,142.5,4330.88
2025-11-30,E088,Engineering,,0,8750.0,0,1050.0,433.12,669.38,0.0,285.0,6312.5
2025-11-30,E089,Engineering,,0,8125.0,0,975.0,402.19,621.56,243.75,410.0,5472.5
2025-11-30,E090,Engineering,,0,10833.33,0,1300.0,536.25,828.75,541.67,0,7626.66
2025-11-30,E091,Engineering,,0,7125.0,0,855.0,352.69,545.06,356.25,0,5016.0
2025-11-30,E092,Engineering,,0,13083.33,0,1570.0,647.62,1000.87,392.5,410.0,9062.34
2025-11-30,E093,Engineering,,0,6333.33,0,760.0,313.5,484.5,316.67,410.0,4048.66
2025-11-30,E094,Operations,173.3,9.0,4388.8,290.25,526.66,217.25,335.74,131.66,410.0,2767.49
2025-11-30,E095,Operations,173.3,13.0,3798.93,394.88,455.87,188.05,290.62,189.95,142.5,2531.94
2025-11-30,E096,HR,,0,6583.33,0,790.0,325.87,503.62,197.5,142.5,4623.84
2025-11-30,E097,HR,,0,4416.67,0,530.0,218.63,337.88,0.0,142.5,3187.66
2025-11-30,E098,IT,,0,9375.0,0,1125.0,464.06,717.19,281.25,0,6787.5
2025-11-30,E099,Warehouse,173.3,20.0,5336.62,787.5,640.39,264.16,408.25,0.0,285.0,3738.82
2025-11-30,E100,Warehouse,173.3,9.0,4383.4,313.88,526.01,216.98,335.33,263.0,0,3042.08
2025-11-30,E102,Warehouse,173.3,10.0,4850.74,390.0,582.09,240.11,371.08,291.04,142.5,3223.92
2025-11-30,E103,Warehouse,173.3,20.0,7391.11,1005.0,886.93,365.86,565.42,221.73,0,5351.17
2025-11-30,E104,Warehouse,173.3,6.0,5526.54,267.75,663.18,273.56,422.78,331.59,142.5,3692.93
2025-11-30,E105,Warehouse,173.3,4.0,6050.07,183.0,726.01,299.48,462.83,363.0,0,4198.75
2025-11-30,E106,Warehouse,173.3,8.0,4592.98,309.0,551.16,227.35,351.36,275.58,410.0,2777.53
2025-12-31,E001,Executive,,0,13208.33,0,1585.0,653.81,1010.44,0.0,142.5,9816.58
2025-12-31,E002,Finance,,0,10833.33,0,1300.0,536.25,828.75,325.0,410.0,7433.33
2025-12-31,E003,Finance,,0,7666.67,0,920.0,379.5,586.5,460.0,410.0,4910.67
2025-12-31,E004,Finance,,0,6458.33,0,775.0,319.69,494.06,193.75,142.5,4533.33
2025-12-31,E005,Operations,,0,10208.33,0,1225.0,505.31,780.94,510.42,285.0,6901.66
2025-12-31,E006,Operations,,0,6833.33,0,820.0,338.25,522.75,410.0,285.0,4457.33
2025-12-31,E007,Operations,,0,6791.67,0,815.0,336.19,519.56,407.5,0,4713.42
2025-12-31,E008,Operations,,0,13625.0,0,1635.0,674.44,1042.31,0.0,142.5,10130.75
2025-12-31,E009,Operations,173.3,6.0,4781.22,229.5,573.75,236.67,365.76,0.0,285.0,3320.04
2025-12-31,E010,Operations,173.3,14.0,6322.06,677.25,758.65,312.94,483.64,379.32,0,4387.51
2025-12-31,E011,Operations,173.3,3.0,3819.6,88.88,458.35,189.07,292.2,0.0,410.0,2469.98
2025-12-31,E012,Operations,173.3,1.0,5046.65,40.88,605.6,249.81,386.07,151.4,142.5,3511.27
2025-12-31,E013,Operations,173.3,3.0,5581.47,137.25,669.78,276.28,426.98,334.89,142.5,3731.04
2025-12-31,E014,Operations,173.3,5.0,4039.27,155.62,484.71,199.94,309.0,242.36,142.5,2660.76
2025-12-31,E015,Operations,173.3,17.0,5705.29,701.25,684.63,282.41,436.45,285.26,142.5,3874.04
2025-12-31,E016,Operations,173.3,21.0,4572.96,669.38,548.76,226.36,349.83,274.38,410.0,2763.63
2025-12-31,E017,Operations,173.3,12.0,6189.72,567.0,742.77,306.39,473.51,185.69,285.0,4196.36
2025-12-31,E018,Operations,173.3,6.0,3562.48,171.0,427.5,176.34,272.53,213.75,410.0,2062.36
2025-12-31,E019,Operations,173.3,5.0,4790.92,195.0,574.91,237.15,366.51,0.0,285.0,3327.35
2025-12-31,E020,Operations,173.3,13.0,4584.73,429.0,550.17,226.94,350.73,229.24,285.0,2942.65
2025-12-31,E021,Operations,173.3,11.0,4515.08,375.38,541.81,223.5,345.4,225.75,410.0,2768.62
2025-12-31,E022,Operations,173.3,18.0,5856.72,769.5,702.81,289.91,448.04,0.0,285.0,4130.96
2025-12-31,E023,Operations,173.3,19.0,6128.95,790.88,735.47,303.38,468.86,183.87,285.0,4152.37
2025-12-31,E024,Operations,173.3,14.0,5237.84,519.75,628.54,259.27,400.69,261.89,285.0,3402.45
2025-12-31,E025,Operations,173.3,1.0,4497.52,39.38,539.7,222.63,344.06,269.85,285.0,2836.28
2025-12-31,E026,Operations,173.3,22.0,5054.35,808.5,606.52,250.19,386.66,252.72,285.0,3273.26
2025-12-31,E027,Operations,173.3,21.0,5188.71,724.5,622.65,256.84,396.94,311.32,0,3600.96
2025-12-31,E028,Operations,173.3,0,5458.95,0.0,655.07,270.22,417.61,272.95,410.0,3433.1
2025-12-31,E029,Operations,173.3,0,3509.33,0.0,421.12,173.71,268.46,210.56,285.0,2150.48
2025-12-31,E030,Operations,173.3,5.0,3823.51,155.62,458.82,189.26,292.5,229.41,410.0,2243.52
2025-12-31,E031,Operations,173.3,0,4635.78,0.0,556.29,229.47,354.64,0.0,142.5,3352.88
2025-12-31,E032,Operations,173.3,0,5194.67,0.0,623.36,257.14,397.39,155.84,410.0,3350.94
2025-12-31,E033,Operations,173.3,21.0,5266.59,803.25,631.99,260.7,402.89,263.33,410.0,3297.68
2025-12-31,E034,Operations,173.3,17.0,3549.56,471.75,425.95,175.7,271.54,106.49,0,2569.88
2025-12-31,E035,Operations,173.3,17.0,6203.59,720.38,744.43,307.08,474.57,372.22,0,4305.29
2025-12-31,E036,Operations,173.3,18.0,5721.27,715.5,686.55,283.2,437.68,171.64,410.0,3732.2
2025-12-31,E037,Operations,173.3,1.0,5514.46,44.25,661.74,272.97,421.86,330.87,142.5,3684.52
2025-12-31,E038,Operations,173.3,6.0,3629.03,166.5,435.48,179.64,277.62,217.74,410.0,2108.55
2025-12-31,E039,Operations,173.3,5.0,4408.4,166.88,529.01,218.22,337.24,220.42,0,3103.51
2025-12-31,E040,Operations,173.3,1.0,3201.74,27.75,384.21,158.49,244.93,96.05,142.5,2175.56
2025-12-31,E041,Operations,173.3,19.0,5062.48,733.88,607.5,250.59,387.28,151.87,142.5,3522.74
2025-12-31,E042,Operations,173.3,6.0,5816.77,301.5,698.01,287.93,444.98,349.01,142.5,3894.34
2025-12-31,E043,Operations,173.3,13.0,6533.97,643.5,784.08,323.43,499.85,326.7,142.5,4457.41
2025-12-31,E044,Operations,173.3,7.0,4223.73,220.5,506.85,209.07,323.12,0.0,142.5,3042.19
2025-12-31,E045,Operations,173.3,0,3894.48,0.0,467.34,192.78,297.93,0.0,142.5,2793.93
2025-12-31,E046,Operations,173.3,17.0,4199.68,548.25,503.96,207.88,321.28,209.98,410.0,2546.58
2025-12-31,E047,Operations,173.3,12.0,5746.93,508.5,689.63,284.47,439.64,344.82,142.5,3845.87
2025-12-31,E048,Operations,173.3,13.0,4603.48,453.38,552.42,227.87,352.17,138.1,142.5,3190.42
2025-12-31,E049,Operations,173.3,17.0,6172.08,758.62,740.65,305.52,472.16,370.32,285.0,3998.43
2025-12-31,E050,Operations,173.3,19.0,5806.95,755.25,696.83,287.44,444.23,290.35,0,4088.1
2025-12-31,E051,Operations,173.3,11.0,5644.29,449.62,677.31,279.39,431.79,169.33,285.0,3801.47
2025-12-31,E052,Operations,173.3,8.0,3625.45,237.0,435.05,179.46,277.35,0.0,410.0,2323.59
2025-12-31,E053,Operations,173.3,5.0,3647.5,136.88,437.7,180.55,279.03,182.38,142.5,2425.34
2025-12-31,E054,Operations,173.3,17.0,4395.02,573.75,527.4,217.55,336.22,219.75,0,3094.1
2025-12-31,E055,Quality,,0,9458.33,0,1135.0,468.19,723.56,567.5,0,6564.08
2025-12-31,E056,Quality,173.3,17.0,6256.87,809.62,750.82,309.72,478.65,0.0,410.0,4307.68
2025-12-31,E057,Quality,173.3,7.0,5437.13,296.62,652.46,269.14,415.94,271.86,410.0,3417.73
2025-12-31,E058,Quality,173.3,21.0,6294.55,921.38,755.35,311.58,481.53,314.73,285.0,4146.36
2025-12-31,E059,Quality,173.3,4.0,5554.56,171.0,666.55,274.95,424.92,0.0,285.0,3903.14
2025-12-31,E060,Purchasing,,0,5583.33,0,670.0,276.37,427.12,0.0,410.0,3799.84
2025-12-31,E061,Purchasing,,0,6458.33,0,775.0,319.69,494.06,193.75,0,4675.83
2025-12-31,E062,Purchasing,,0,8791.67,0,1055.0,435.19,672.56,527.5,285.0,5816.42
2025-12-31,E063,Purchasing,,0,12041.67,0,1445.0,596.06,921.19,722.5,142.5,8214.42
2025-12-31,E064,Sales,,0,7583.33,0,910.0,375.37,580.12,227.5,410.0,5080.34
2025-12-31,E065,Sales,,0,5333.33,0,640.0,264.0,408.0,0.0,410.0,3611.33
2025-12-31,E066,Sales,,0,12583.33,0,1510.0,622.87,962.62,755.0,142.5,8590.34
2025-12-31,E067,Sales,,0,8083.33,0,970.0,400.12,618.37,485.0,0,5609.84
2025-12-31,E068,Sales,,0,6958.33,0,835.0,344.44,532.31,347.92,285.0,4613.66
2025-12-31,E069,Sales,,0,6791.67,0,815.0,336.19,519.56,0.0,285.0,4835.92
2025-12-31,E070,Sales,,0,10791.67,0,1295.0,534.19,825.56,647.5,285.0,7204.42
2025-12-31,E071,Sales,,0,13083.33,0,1570.0,647.62,1000.87,654.17,0,9210.67
2025-12-31,E072,Sales,,0,5625.0,0,675.0,278.44,430.31,0.0,142.5,4098.75
2025-12-31,E073,Sales,,0,8791.67,0,1055.0,435.19,672.56,527.5,410.0,5691.42
2025-12-31,E074,Sales,,0,11833.33,0,1420.0,585.75,905.25,0.0,142.5,8779.83
2025-12-31,E075,Sales,,0,4458.33,0,535.0,220.69,341.06,0.0,142.5,3219.08
2025-12-31,E076,Warehouse,173.3,19.0,5676.2,726.75,681.14,280.97,434.23,340.57,410.0,3529.29
2025-12-31,E077,Warehouse,173.3,18.0,6838.66,891.0,820.64,338.51,523.16,205.16,410.0,4541.19
2025-12-31,E078,Warehouse,173.3,0,4905.26,0.0,588.63,242.81,375.25,147.16,0,3551.41
2025-12-31,E079,Warehouse,173.3,4.0,4027.98,133.5,483.36,199.39,308.14,201.4,410.0,2425.69
2025-12-31,E080,Warehouse,173.3,7.0,5629.6,307.12,675.55,278.67,430.66,281.48,285.0,3678.24
2025-12-31,E081,Warehouse,173.3,6.0,3709.44,173.25,445.13,183.62,283.77,185.47,410.0,2201.45
2025-12-31,E082,Warehouse,173.3,0,6026.51,0.0,723.18,298.31,461.03,0.0,0,4543.99
2025-12-31,E083,Warehouse,173.3,16.0,6116.3,744.0,733.96,302.76,467.9,305.81,0,4305.87
2025-12-31,E084,Maintenance,173.3,6.0,4242.14,191.25,509.06,209.99,324.52,254.53,410.0,2534.04
2025-12-31,E085,Maintenance,173.3,0,4202.52,0.0,504.3,208.02,321.49,0.0,410.0,2758.71
2025-12-31,E086,Maintenance,173.3,8.0,6595.07,384.0,791.41,326.46,504.52,197.85,0,4774.83
2025-12-31,E087,Maintenance,173.3,4.0,6587.11,201.0,790.45,326.06,503.91,395.23,410.0,4161.46
2025-12-31,E088,Engineering,,0,8750.0,0,1050.0,433.12,669.38,0.0,142.5,6455.0
2025-12-31,E089,Engineering,,0,8125.0,0,975.0,402.19,621.56,243.75,142.5,5740.0
2025-12-31,E090,Engineering,,0,10833.33,0,1300.0,536.25,828.75,325.0,410.0,7433.33
2025-12-31,E091,Engineering,,0,7125.0,0,855.0,352.69,545.06,427.5,285.0,4659.75
2025-12-31,E092,Engineering,,0,13083.33,0,1570.0,647.62,1000.87,392.5,0,9472.34
2025-12-31,E093,Engineering,,0,6333.33,0,760.0,313.5,484.5,380.0,410.0,3985.33
2025-12-31,E094,Operations,173.3,17.0,4497.76,548.25,539.73,222.64,344.08,224.89,285.0,2881.42
2025-12-31,E095,Operations,173.3,9.0,4098.54,273.38,491.82,202.88,313.54,245.91,142.5,2701.89
2025-12-31,E096,HR,,0,6583.33,0,790.0,325.87,503.62,197.5,410.0,4356.34
2025-12-31,E097,HR,,0,4416.67,0,530.0,218.63,337.88,265.0,285.0,2780.16
2025-12-31,E098,IT,,0,9375.0,0,1125.0,464.06,717.19,468.75,142.5,6457.5
2025-12-31,E099,Warehouse,173.3,21.0,5603.46,826.88,672.42,277.37,428.66,0.0,410.0,3815.01
2025-12-31,E100,Warehouse,173.3,13.0,4603.48,453.38,552.42,227.87,352.17,0.0,142.5,3328.52
2025-12-31,E102,Warehouse,173.3,22.0,5273.68,858.0,632.84,261.05,403.44,263.68,142.5,3570.17
2025-12-31,E103,Warehouse,173.3,11.0,6184.13,552.75,742.1,306.11,473.09,185.52,285.0,4192.31
2025-12-31,E104,Warehouse,173.3,7.0,5932.07,312.38,711.85,293.64,453.8,0.0,410.0,4062.78
2025-12-31,E105,Warehouse,173.3,15.0,6236.18,686.25,748.34,308.69,477.07,311.81,0,4390.27
2025-12-31,E106,Warehouse,173.3,2.0,4762.85,77.25,571.54,235.76,364.36,238.14,0,3353.05
2026-01-31,E001,Executive,,0,13208.33,0,1585.0,653.81,1010.44,660.42,0,9298.66
2026-01-31,E002,Finance,,0,10833.33,0,1300.0,536.25,828.75,0.0,285.0,7883.33
2026-01-31,E003,Finance,,0,7666.67,0,920.0,379.5,586.5,230.0,285.0,5265.67
2026-01-31,E004,Finance,,0,6458.33,0,775.0,319.69,494.06,0.0,0,4869.58
2026-01-31,E005,Operations,,0,10208.33,0,1225.0,505.31,780.94,612.5,285.0,6799.58
2026-01-31,E006,Operations,,0,6833.33,0,820.0,338.25,522.75,341.67,142.5,4668.16
2026-01-31,E007,Operations,,0,6791.67,0,815.0,336.19,519.56,203.75,285.0,4632.17
2026-01-31,E008,Operations,,0,13625.0,0,1635.0,674.44,1042.31,817.5,285.0,9170.75
2026-01-31,E009,Operations,173.3,14.0,5043.03,535.5,605.16,249.63,385.79,0.0,142.5,3659.95
2026-01-31,E010,Operations,173.3,3.0,5622.27,145.12,674.67,278.3,430.1,0.0,0,4239.2
2026-01-31,E011,Operations,173.3,4.0,3712.31,118.5,445.48,183.76,283.99,222.74,285.0,2291.34
2026-01-31,E012,Operations,173.3,18.0,5883.19,735.75,705.98,291.22,450.06,294.16,285.0,3856.77
2026-01-31,E013,Operations,173.3,22.0,6186.44,1006.5,742.37,306.23,473.26,309.32,142.5,4212.76
2026-01-31,E014,Operations,173.3,19.0,4079.48,591.38,489.54,201.93,312.08,0.0,410.0,2665.93
2026-01-31,E015,Operations,173.3,16.0,5664.04,660.0,679.68,280.37,433.3,283.2,285.0,3702.49
2026-01-31,E016,Operations,173.3,5.0,3952.48,159.38,474.3,195.65,302.36,0.0,142.5,2837.67
2026-01-31,E017,Operations,173.3,21.0,6342.02,992.25,761.04,313.93,485.16,190.26,285.0,4306.63
2026-01-31,E018,Operations,173.3,19.0,3998.84,541.5,479.86,197.94,305.91,239.93,410.0,2365.2
2026-01-31,E019,Operations,173.3,6.0,4874.97,234.0,585.0,241.31,372.94,292.5,410.0,2973.22
2026-01-31,E020,Operations,173.3,6.0,4277.48,198.0,513.3,211.74,327.23,0.0,0,3225.21
2026-01-31,E021,Operations,173.3,4.0,4000.22,136.5,480.03,198.01,306.02,120.01,142.5,2753.65
2026-01-31,E022,Operations,173.3,1.0,5129.97,42.75,615.6,253.93,392.44,307.8,285.0,3275.2
2026-01-31,E023,Operations,173.3,7.0,5004.27,291.38,600.51,247.71,382.83,250.21,285.0,3238.01
2026-01-31,E024,Operations,173.3,13.0,5072.04,482.62,608.64,251.07,388.01,0.0,285.0,3539.32
2026-01-31,E025,Operations,173.3,20.0,5245.64,787.5,629.48,259.66,401.29,262.28,285.0,3407.93
2026-01-31,E026,Operations,173.3,21.0,5357.27,771.75,642.87,265.18,409.83,321.44,410.0,3307.95
2026-01-31,E027,Operations,173.3,16.0,4537.9,552.0,544.55,224.63,347.15,136.14,142.5,3142.93
2026-01-31,E028,Operations,173.3,10.0,6095.22,472.5,731.43,301.71,466.28,0.0,0,4595.8
2026-01-31,E029,Operations,173.3,12.0,3944.01,364.5,473.28,195.23,301.72,197.2,285.0,2491.58
2026-01-31,E030,Operations,173.3,12.0,4257.15,373.5,510.86,210.73,325.67,0.0,142.5,3067.39
2026-01-31,E031,Operations,173.3,16.0,5409.08,600.0,649.09,267.75,413.79,270.45,285.0,3523.0
2026-01-31,E032,Operations,173.3,10.0,4895.05,408.75,587.41,242.3,374.47,0.0,410.0,3280.87
2026-01-31,E033,Operations,173.3,0,4861.07,0.0,583.33,240.62,371.87,291.66,142.5,3231.09
2026-01-31,E034,Operations,173.3,7.0,3304.12,194.25,396.49,163.55,252.77,0.0,142.5,2348.81
2026-01-31,E035,Operations,173.3,17.0,5811.93,720.38,697.43,287.69,444.61,348.72,0,4033.48
2026-01-31,E036,Operations,173.3,2.0,4488.25,79.5,538.59,222.17,343.35,224.41,285.0,2874.73
2026-01-31,E037,Operations,173.3,7.0,5728.84,309.75,687.46,283.58,438.26,171.87,0,4147.67
2026-01-31,E038,Operations,173.3,11.0,3511.3,305.25,421.36,173.81,268.61,0.0,142.5,2505.02
2026-01-31,E039,Operations,173.3,5.0,4369.84,166.88,524.38,216.31,334.29,0.0,142.5,3152.36
2026-01-31,E040,Operations,173.3,18.0,3833.79,499.5,460.05,189.77,293.28,115.01,0,2775.68
2026-01-31,E041,Operations,173.3,17.0,5342.22,656.62,641.07,264.44,408.68,267.11,0,3760.92
2026-01-31,E042,Operations,173.3,22.0,7433.55,1105.5,892.03,367.96,568.67,223.01,410.0,4971.88
2026-01-31,E043,Operations,173.3,0,5776.09,0.0,693.13,285.92,441.87,288.8,142.5,3923.87
2026-01-31,E044,Operations,173.3,0,3930.44,0.0,471.65,194.56,300.68,235.83,285.0,2442.72
2026-01-31,E045,Operations,173.3,21.0,4980.96,700.88,597.72,246.56,381.04,249.05,142.5,3364.09
2026-01-31,E046,Operations,173.3,1.0,3869.98,32.25,464.4,191.56,296.05,116.1,142.5,2659.37
2026-01-31,E047,Operations,173.3,13.0,5887.22,550.88,706.47,291.42,450.37,0.0,142.5,4296.46
2026-01-31,E048,Operations,173.3,4.0,4007.56,139.5,480.91,198.37,306.58,240.45,285.0,2496.25
2026-01-31,E049,Operations,173.3,9.0,5711.97,401.62,685.44,282.74,436.97,171.36,0,4135.46
2026-01-31,E050,Operations,173.3,10.0,5173.65,397.5,620.84,256.1,395.78,310.42,142.5,3448.01
2026-01-31,E051,Operations,173.3,4.0,5452.62,163.5,654.31,269.9,417.13,163.58,142.5,3805.2
2026-01-31,E052,Operations,173.3,0,3559.58,0.0,427.15,176.2,272.31,177.98,142.5,2363.44
2026-01-31,E053,Operations,173.3,5.0,3552.62,136.88,426.31,175.85,271.78,106.58,142.5,2429.6
2026-01-31,E054,Operations,173.3,4.0,4073.24,135.0,488.79,201.63,311.6,122.2,285.0,2664.02
2026-01-31,E055,Quality,,0,9458.33,0,1135.0,468.19,723.56,283.75,285.0,6562.83
2026-01-31,E056,Quality,173.3,11.0,6466.34,523.88,775.96,320.08,494.68,193.99,410.0,4271.63
2026-01-31,E057,Quality,173.3,12.0,5893.8,508.5,707.26,291.74,450.88,353.63,142.5,3947.79
2026-01-31,E058,Quality,173.3,20.0,5845.14,877.5,701.42,289.33,447.15,350.71,410.0,3646.53
2026-01-31,E059,Quality,173.3,19.0,5701.91,812.25,684.23,282.24,436.2,342.11,285.0,3672.13
2026-01-31,E060,Purchasing,,0,5583.33,0,670.0,276.37,427.12,167.5,285.0,3757.34
2026-01-31,E061,Purchasing,,0,6458.33,0,775.0,319.69,494.06,193.75,285.0,4390.83
2026-01-31,E062,Purchasing,,0,8791.67,0,1055.0,435.19,672.56,0.0,142.5,6486.42
2026-01-31,E063,Purchasing,,0,12041.67,0,1445.0,596.06,921.19,722.5,0,8356.92
2026-01-31,E064,Sales,,0,7583.33,0,910.0,375.37,580.12,227.5,410.0,5080.34
2026-01-31,E065,Sales,,0,5333.33,0,640.0,264.0,408.0,0.0,142.5,3878.83
2026-01-31,E066,Sales,,0,12583.33,0,1510.0,622.87,962.62,629.17,285.0,8573.67
2026-01-31,E067,Sales,,0,8083.33,0,970.0,400.12,618.37,0.0,142.5,5952.34
2026-01-31,E068,Sales,,0,6958.33,0,835.0,344.44,532.31,208.75,285.0,4752.83
2026-01-31,E069,Sales,,0,6791.67,0,815.0,336.19,519.56,0.0,0,5120.92
2026-01-31,E070,Sales,,0,10791.67,0,1295.0,534.19,825.56,323.75,0,7813.17
2026-01-31,E071,Sales,,0,13083.33,0,1570.0,647.62,1000.87,392.5,285.0,9187.34
2026-01-31,E072,Sales,,0,5625.0,0,675.0,278.44,430.31,168.75,142.5,3930.0
2026-01-31,E073,Sales,,0,8791.67,0,1055.0,435.19,672.56,439.58,285.0,5904.34
2026-01-31,E074,Sales,,0,11833.33,0,1420.0,585.75,905.25,0.0,142.5,8779.83
2026-01-31,E075,Sales,,0,4458.33,0,535.0,220.69,341.06,133.75,142.5,3085.33
2026-01-31,E076,Warehouse,173.3,17.0,4981.02,650.25,597.72,246.56,381.05,298.86,285.0,3171.83
2026-01-31,E077,Warehouse,173.3,12.0,6541.66,594.0,785.0,323.81,500.44,0.0,0,4932.41
2026-01-31,E078,Warehouse,173.3,9.0,4763.4,344.25,571.61,235.79,364.4,285.8,142.5,3163.3
2026-01-31,E079,Warehouse,173.3,0,4241.52,0.0,508.98,209.96,324.48,127.25,410.0,2660.85
2026-01-31,E080,Warehouse,173.3,18.0,5960.16,789.75,715.22,295.03,455.95,357.61,142.5,3993.85
2026-01-31,E081,Warehouse,173.3,22.0,4071.36,635.25,488.56,201.53,311.46,122.14,410.0,2537.67
2026-01-31,E082,Warehouse,173.3,19.0,6276.89,926.25,753.23,310.71,480.18,0.0,142.5,4590.27
2026-01-31,E083,Warehouse,173.3,9.0,6435.48,418.5,772.26,318.56,492.31,193.06,142.5,4516.79
2026-01-31,E084,Maintenance,173.3,11.0,4180.55,350.62,501.67,206.94,319.81,250.83,285.0,2616.3
2026-01-31,E085,Maintenance,173.3,11.0,4831.65,412.5,579.8,239.17,369.62,0.0,410.0,3233.06
2026-01-31,E086,Maintenance,173.3,14.0,6716.7,672.0,806.0,332.48,513.83,0.0,410.0,4654.39
2026-01-31,E087,Maintenance,173.3,7.0,5983.13,351.75,717.98,296.16,457.71,299.16,0,4212.12
2026-01-31,E088,Engineering,,0,8750.0,0,1050.0,433.12,669.38,437.5,0,6160.0
2026-01-31,E089,Engineering,,0,8125.0,0,975.0,402.19,621.56,487.5,142.5,5496.25
2026-01-31,E090,Engineering,,0,10833.33,0,1300.0,536.25,828.75,650.0,0,7518.33
2026-01-31,E091,Engineering,,0,7125.0,0,855.0,352.69,545.06,427.5,285.0,4659.75
2026-01-31,E092,Engineering,,0,13083.33,0,1570.0,647.62,1000.87,785.0,285.0,8794.84
2026-01-31,E093,Engineering,,0,6333.33,0,760.0,313.5,484.5,380.0,410.0,3985.33
2026-01-31,E094,Operations,173.3,14.0,4587.3,451.5,550.48,227.07,350.93,0.0,285.0,3173.82
2026-01-31,E095,Operations,173.3,21.0,4498.14,637.88,539.78,222.66,344.11,134.94,285.0,2971.65
2026-01-31,E096,HR,,0,6583.33,0,790.0,325.87,503.62,0.0,410.0,4553.84
2026-01-31,E097,HR,,0,4416.67,0,530.0,218.63,337.88,132.5,410.0,2787.66
2026-01-31,E098,IT,,0,9375.0,0,1125.0,464.06,717.19,562.5,285.0,6221.25
2026-01-31,E099,Warehouse,173.3,19.0,5752.16,748.12,690.26,284.73,440.04,0.0,0,4337.13
2026-01-31,E100,Warehouse,173.3,16.0,4466.35,558.0,535.96,221.08,341.68,0.0,410.0,2957.63
2026-01-31,E102,Warehouse,173.3,1.0,4634.92,39.0,556.19,229.43,354.57,231.75,142.5,3120.48
2026-01-31,E103,Warehouse,173.3,19.0,6818.36,954.75,818.2,337.51,521.6,409.1,0,4731.95
2026-01-31,E104,Warehouse,173.3,9.0,5454.18,401.62,654.5,269.98,417.24,327.25,285.0,3500.21
2026-01-31,E105,Warehouse,173.3,1.0,5119.97,45.75,614.4,253.44,391.68,256.0,0,3604.45
2026-01-31,E106,Warehouse,173.3,5.0,4610.97,193.12,553.32,228.24,352.74,0.0,285.0,3191.67
2026-02-28,E001,Executive,,0,13208.33,0,1585.0,653.81,1010.44,660.42,410.0,8888.66
2026-02-28,E002,Finance,,0,10833.33,0,1300.0,536.25,828.75,650.0,285.0,7233.33
2026-02-28,E003,Finance,,0,7666.67,0,920.0,379.5,586.5,230.0,142.5,5408.17
2026-02-28,E004,Finance,,0,6458.33,0,775.0,319.69,494.06,193.75,285.0,4390.83
2026-02-28,E005,Operations,,0,10208.33,0,1225.0,505.31,780.94,306.25,410.0,6980.83
2026-02-28,E006,Operations,,0,6833.33,0,820.0,338.25,522.75,205.0,410.0,4537.33
2026-02-28,E007,Operations,,0,6791.67,0,815.0,336.19,519.56,203.75,285.0,4632.17
2026-02-28,E008,Operations,,0,13625.0,0,1635.0,674.44,1042.31,817.5,285.0,9170.75
2026-02-28,E009,Operations,173.3,20.0,5360.92,765.0,643.31,265.37,410.11,160.83,142.5,3738.8
2026-02-28,E010,Operations,173.3,5.0,5663.14,241.88,679.58,280.33,433.23,339.79,0,3930.21
2026-02-28,E011,Operations,173.3,4.0,3780.76,118.5,453.69,187.15,289.23,113.42,142.5,2594.77
2026-02-28,E012,Operations,173.3,18.0,5458.18,735.75,654.98,270.18,417.55,0.0,0,4115.47
2026-02-28,E013,Operations,173.3,10.0,5796.01,457.5,695.52,286.9,443.39,347.76,142.5,3879.94
2026-02-28,E014,Operations,173.3,7.0,4101.53,217.88,492.18,203.03,313.77,205.08,0,2887.47
2026-02-28,E015,Operations,173.3,4.0,5169.04,165.0,620.28,255.87,395.43,0.0,0,3897.46
2026-02-28,E016,Operations,173.3,8.0,3790.32,255.0,454.84,187.62,289.96,113.71,285.0,2459.19
2026-02-28,E017,Operations,173.3,12.0,5916.77,567.0,710.01,292.88,452.63,355.01,410.0,3696.24
2026-02-28,E018,Operations,173.3,16.0,3715.77,456.0,445.89,183.93,284.26,111.47,285.0,2405.22
2026-02-28,E019,Operations,173.3,7.0,5094.21,273.0,611.31,252.16,389.71,254.71,142.5,3443.82
2026-02-28,E020,Operations,173.3,17.0,4335.47,561.0,520.26,214.61,331.66,216.77,142.5,2909.67
2026-02-28,E021,Operations,173.3,1.0,4331.53,34.12,519.78,214.41,331.36,0.0,0,3265.98
2026-02-28,E022,Operations,173.3,8.0,5873.74,342.0,704.85,290.75,449.34,293.69,285.0,3850.11
2026-02-28,E023,Operations,173.3,22.0,5628.64,915.75,675.44,278.62,430.59,0.0,142.5,4101.49
2026-02-28,E024,Operations,173.3,1.0,4154.73,37.12,498.57,205.66,317.84,124.64,0,3008.02
2026-02-28,E025,Operations,173.3,15.0,5230.73,590.62,627.69,258.92,400.15,156.92,0,3787.05
2026-02-28,E026,Operations,173.3,2.0,4404.27,73.5,528.51,218.01,336.93,132.13,0,3188.69
2026-02-28,E027,Operations,173.3,21.0,4630.68,724.5,555.68,229.22,354.25,0.0,0,3491.53
2026-02-28,E028,Operations,173.3,7.0,5680.52,330.75,681.66,281.19,434.56,170.42,142.5,3970.19
2026-02-28,E029,Operations,173.3,11.0,3703.07,334.12,444.37,183.3,283.28,185.15,410.0,2196.97
2026-02-28,E030,Operations,173.3,9.0,4235.69,280.12,508.28,209.67,324.03,211.78,285.0,2696.93
2026-02-28,E031,Operations,173.3,19.0,5218.3,712.5,626.2,258.31,399.2,260.92,0,3673.67
2026-02-28,E032,Operations,173.3,6.0,4826.0,245.25,579.12,238.89,369.19,0.0,142.5,3496.3
2026-02-28,E033,Operations,173.3,10.0,4845.84,382.5,581.5,239.87,370.71,290.75,410.0,2953.01
2026-02-28,E034,Operations,173.3,2.0,3518.03,55.5,422.16,174.14,269.13,175.9,410.0,2066.7
2026-02-28,E035,Operations,173.3,2.0,5323.18,84.75,638.78,263.5,407.22,0.0,285.0,3728.68
2026-02-28,E036,Operations,173.3,1.0,4999.6,39.75,599.95,247.48,382.47,0.0,410.0,3359.7
2026-02-28,E037,Operations,173.3,7.0,5268.73,309.75,632.25,260.8,403.06,263.44,142.5,3566.68
2026-02-28,E038,Operations,173.3,13.0,3534.74,360.75,424.17,174.97,270.41,212.08,285.0,2168.11
2026-02-28,E039,Operations,173.3,3.0,4071.72,100.12,488.61,201.55,311.49,0.0,410.0,2660.07
2026-02-28,E040,Operations,173.3,10.0,3483.55,277.5,418.03,172.44,266.49,104.51,142.5,2379.58
2026-02-28,E041,Operations,173.3,19.0,5508.73,733.88,661.05,272.68,421.42,0.0,0,4153.58
2026-02-28,E042,Operations,173.3,0,5863.61,0.0,703.63,290.25,448.57,293.18,142.5,3985.48
2026-02-28,E043,Operations,173.3,0,6004.85,0.0,720.58,297.24,459.37,360.29,410.0,3757.37
2026-02-28,E044,Operations,173.3,3.0,3733.8,94.5,448.06,184.82,285.64,0.0,410.0,2405.28
2026-02-28,E045,Operations,173.3,19.0,4605.72,634.12,552.69,227.98,352.34,276.34,0,3196.37
2026-02-28,E046,Operations,173.3,4.0,3892.21,129.0,467.07,192.66,297.75,194.61,410.0,2330.12
2026-02-28,E047,Operations,173.3,21.0,5540.82,889.88,664.9,274.27,423.87,166.22,410.0,3601.56
2026-02-28,E048,Operations,173.3,7.0,4555.39,244.12,546.65,225.49,348.49,227.77,0,3206.99
2026-02-28,E049,Operations,173.3,11.0,5543.44,490.88,665.21,274.4,424.07,332.61,285.0,3562.15
2026-02-28,E050,Operations,173.3,9.0,5087.97,357.75,610.56,251.85,389.23,254.4,410.0,3171.93
2026-02-28,E051,Operations,173.3,14.0,5672.47,572.25,680.7,280.79,433.94,170.17,142.5,3964.37
2026-02-28,E052,Operations,173.3,2.0,3618.83,59.25,434.26,179.13,276.84,0.0,142.5,2586.1
2026-02-28,E053,Operations,173.3,14.0,3387.84,383.25,406.54,167.7,259.17,169.39,285.0,2100.04
2026-02-28,E054,Operations,173.3,20.0,4808.21,675.0,576.99,238.01,367.83,240.41,0,3384.97
2026-02-28,E055,Quality,,0,9458.33,0,1135.0,468.19,723.56,0.0,285.0,6846.58
2026-02-28,E056,Quality,173.3,5.0,5630.35,238.12,675.64,278.7,430.72,281.52,0,3963.77
2026-02-28,E057,Quality,173.3,4.0,5505.84,169.5,660.7,272.54,421.2,330.35,285.0,3536.05
2026-02-28,E058,Quality,173.3,9.0,5463.91,394.88,655.67,270.46,417.99,163.92,410.0,3545.87
2026-02-28,E059,Quality,173.3,17.0,5468.24,726.75,656.19,270.68,418.32,273.41,142.5,3707.14
2026-02-28,E060,Purchasing,,0,5583.33,0,670.0,276.37,427.12,335.0,410.0,3464.84
2026-02-28,E061,Purchasing,,0,6458.33,0,775.0,319.69,494.06,387.5,410.0,4072.08
2026-02-28,E062,Purchasing,,0,8791.67,0,1055.0,435.19,672.56,527.5,285.0,5816.42
2026-02-28,E063,Purchasing,,0,12041.67,0,1445.0,596.06,921.19,361.25,0,8718.17
2026-02-28,E064,Sales,,0,7583.33,0,910.0,375.37,580.12,0.0,410.0,5307.84
2026-02-28,E065,Sales,,0,5333.33,0,640.0,264.0,408.0,0.0,285.0,3736.33
2026-02-28,E066,Sales,,0,12583.33,0,1510.0,622.87,962.62,0.0,410.0,9077.84
2026-02-28,E067,Sales,,0,8083.33,0,970.0,400.12,618.37,0.0,410.0,5684.84
2026-02-28,E068,Sales,,0,6958.33,0,835.0,344.44,532.31,0.0,0,5246.58
2026-02-28,E069,Sales,,0,6791.67,0,815.0,336.19,519.56,339.58,142.5,4638.84
2026-02-28,E070,Sales,,0,10791.67,0,1295.0,534.19,825.56,323.75,410.0,7403.17
2026-02-28,E071,Sales,,0,13083.33,0,1570.0,647.62,1000.87,392.5,0,9472.34
2026-02-28,E072,Sales,,0,5625.0,0,675.0,278.44,430.31,281.25,285.0,3675.0
2026-02-28,E073,Sales,,0,8791.67,0,1055.0,435.19,672.56,527.5,0,6101.42
2026-02-28,E074,Sales,,0,11833.33,0,1420.0,585.75,905.25,0.0,0,8922.33
2026-02-28,E075,Sales,,0,4458.33,0,535.0,220.69,341.06,0.0,410.0,2951.58
2026-02-28,E076,Warehouse,173.3,18.0,5505.37,688.5,660.64,272.52,421.16,275.27,0,3875.78
2026-02-28,E077,Warehouse,173.3,13.0,6419.59,643.5,770.35,317.77,491.1,320.98,410.0,4109.39
2026-02-28,E078,Warehouse,173.3,1.0,4943.51,38.25,593.22,244.7,378.18,247.18,0,3480.23
2026-02-28,E079,Warehouse,173.3,1.0,3735.07,33.38,448.21,184.89,285.73,112.05,0,2704.19
2026-02-28,E080,Warehouse,173.3,10.0,5913.3,438.75,709.6,292.71,452.37,295.67,285.0,3877.95
2026-02-28,E081,Warehouse,173.3,6.0,3409.19,173.25,409.1,168.75,260.8,0.0,285.0,2285.54
2026-02-28,E082,Warehouse,173.3,21.0,6824.97,1023.75,819.0,337.84,522.11,341.25,142.5,4662.27
2026-02-28,E083,Warehouse,173.3,2.0,5304.13,93.0,636.5,262.55,405.77,265.21,142.5,3591.6
2026-02-28,E084,Maintenance,173.3,9.0,4079.98,286.88,489.6,201.96,312.12,204.0,142.5,2729.8
2026-02-28,E085,Maintenance,173.3,15.0,4721.7,562.5,566.6,233.72,361.21,236.09,285.0,3039.08
2026-02-28,E086,Maintenance,173.3,18.0,6908.7,864.0,829.04,341.98,528.52,0.0,285.0,4924.16
2026-02-28,E087,Maintenance,173.3,15.0,7081.8,753.75,849.82,350.55,541.76,212.45,410.0,4717.22
2026-02-28,E088,Engineering,,0,8750.0,0,1050.0,433.12,669.38,525.0,142.5,5930.0
2026-02-28,E089,Engineering,,0,8125.0,0,975.0,402.19,621.56,487.5,0,5638.75
2026-02-28,E090,Engineering,,0,10833.33,0,1300.0,536.25,828.75,325.0,0,7843.33
2026-02-28,E091,Engineering,,0,7125.0,0,855.0,352.69,545.06,0.0,410.0,4962.25
2026-02-28,E092,Engineering,,0,13083.33,0,1570.0,647.62,1000.87,392.5,410.0,9062.34
2026-02-28,E093,Engineering,,0,6333.33,0,760.0,313.5,484.5,190.0,142.5,4442.83
2026-02-28,E094,Operations,173.3,20.0,4259.17,645.0,511.1,210.83,325.83,255.55,0,2955.86
2026-02-28,E095,Operations,173.3,8.0,3647.05,243.0,437.65,180.53,279.0,0.0,410.0,2339.87
2026-02-28,E096,HR,,0,6583.33,0,790.0,325.87,503.62,395.0,410.0,4158.84
2026-02-28,E097,HR,,0,4416.67,0,530.0,218.63,337.88,265.0,0,3065.16
2026-02-28,E098,IT,,0,9375.0,0,1125.0,464.06,717.19,562.5,285.0,6221.25
2026-02-28,E099,Warehouse,173.3,21.0,5330.51,826.88,639.66,263.86,407.78,0.0,285.0,3734.21
2026-02-28,E100,Warehouse,173.3,0,4472.44,0.0,536.69,221.39,342.14,268.35,142.5,2961.37
2026-02-28,E102,Warehouse,173.3,17.0,5213.86,663.0,625.66,258.09,398.86,156.42,142.5,3632.33
2026-02-28,E103,Warehouse,173.3,13.0,6691.02,653.25,802.92,331.21,511.86,334.55,285.0,4425.48
2026-02-28,E104,Warehouse,173.3,19.0,5900.44,847.88,708.05,292.07,451.38,295.02,0,4153.92
2026-02-28,E105,Warehouse,173.3,11.0,6000.33,503.25,720.04,297.02,459.03,0.0,410.0,4114.24
2026-02-28,E106,Warehouse,173.3,12.0,4792.1,463.5,575.05,237.21,366.6,287.53,142.5,3183.21
2026-03-31,E001,Executive,,0,13208.33,0,1585.0,653.81,1010.44,0.0,142.5,9816.58
2026-03-31,E002,Finance,,0,10833.33,0,1300.0,536.25,828.75,325.0,142.5,7700.83
2026-03-31,E003,Finance,,0,7666.67,0,920.0,379.5,586.5,230.0,0,5550.67
2026-03-31,E004,Finance,,0,6458.33,0,775.0,319.69,494.06,387.5,142.5,4339.58
2026-03-31,E005,Operations,,0,10208.33,0,1225.0,505.31,780.94,510.42,0,7186.66
2026-03-31,E006,Operations,,0,6833.33,0,820.0,338.25,522.75,205.0,142.5,4804.83
2026-03-31,E007,Operations,,0,6791.67,0,815.0,336.19,519.56,407.5,285.0,4428.42
2026-03-31,E008,Operations,,0,13625.0,0,1635.0,674.44,1042.31,817.5,410.0,9045.75
2026-03-31,E009,Operations,173.3,5.0,4654.59,191.25,558.55,230.4,356.08,232.73,410.0,2866.83
2026-03-31,E010,Operations,173.3,15.0,6482.21,725.62,777.87,320.87,495.89,194.47,410.0,4283.11
2026-03-31,E011,Operations,173.3,4.0,3541.18,118.5,424.94,175.29,270.9,177.06,410.0,2082.99
2026-03-31,E012,Operations,173.3,13.0,5489.93,531.38,658.79,271.75,419.98,0.0,142.5,3996.91
2026-03-31,E013,Operations,173.3,1.0,5648.54,45.75,677.82,279.6,432.11,282.43,410.0,3566.58
2026-03-31,E014,Operations,173.3,3.0,3761.27,93.38,451.35,186.18,287.74,225.68,142.5,2467.82
2026-03-31,E015,Operations,173.3,9.0,5565.92,371.25,667.91,275.51,425.79,0.0,410.0,3786.71
2026-03-31,E016,Operations,173.3,9.0,4374.59,286.88,524.95,216.54,334.66,218.73,410.0,2669.71
2026-03-31,E017,Operations,173.3,12.0,6244.31,567.0,749.32,309.09,477.69,312.22,410.0,3985.99
2026-03-31,E018,Operations,173.3,22.0,3952.63,627.0,474.32,195.66,302.38,0.0,0,2980.27
2026-03-31,E019,Operations,173.3,13.0,4967.74,507.0,596.13,245.9,380.03,149.03,142.5,3454.15
2026-03-31,E020,Operations,173.3,8.0,4381.61,264.0,525.79,216.89,335.19,262.9,0,3040.84
2026-03-31,E021,Operations,173.3,15.0,4691.01,511.88,562.92,232.2,358.86,140.73,142.5,3253.8
2026-03-31,E022,Operations,173.3,3.0,4869.74,128.25,584.37,241.05,372.54,0.0,142.5,3529.28
2026-03-31,E023,Operations,173.3,3.0,5270.59,124.88,632.47,260.89,403.2,316.24,410.0,3247.79
2026-03-31,E024,Operations,173.3,0,4160.5,0.0,499.26,205.94,318.28,0.0,0,3137.02
2026-03-31,E025,Operations,173.3,22.0,5870.29,866.25,704.43,290.58,449.08,293.51,285.0,3847.69
2026-03-31,E026,Operations,173.3,4.0,4690.06,147.0,562.81,232.16,358.79,140.7,285.0,3110.6
2026-03-31,E027,Operations,173.3,12.0,4240.46,414.0,508.86,209.9,324.4,127.21,142.5,2927.59
2026-03-31,E028,Operations,173.3,17.0,6207.61,803.25,744.91,307.28,474.88,186.23,285.0,4209.31
2026-03-31,E029,Operations,173.3,0,3368.95,0.0,404.27,166.76,257.72,168.45,142.5,2229.25
2026-03-31,E030,Operations,173.3,12.0,4005.43,373.5,480.65,198.27,306.42,240.33,410.0,2369.76
2026-03-31,E031,Operations,173.3,5.0,4823.28,187.5,578.79,238.75,368.98,241.16,142.5,3253.1
2026-03-31,E032,Operations,173.3,16.0,5281.98,654.0,633.84,261.46,404.07,158.46,0,3824.15
2026-03-31,E033,Operations,173.3,21.0,5134.02,803.25,616.08,254.13,392.75,154.02,285.0,3432.04
2026-03-31,E034,Operations,173.3,5.0,3440.98,138.75,412.92,170.33,263.23,172.05,410.0,2012.45
2026-03-31,E035,Operations,173.3,21.0,6275.18,889.88,753.02,310.62,480.05,376.51,410.0,3944.98
2026-03-31,E036,Operations,173.3,16.0,5366.22,636.0,643.95,265.63,410.52,160.99,410.0,3475.13
2026-03-31,E037,Operations,173.3,20.0,5895.1,885.0,707.41,291.81,450.98,294.76,285.0,3865.14
2026-03-31,E038,Operations,173.3,13.0,3759.16,360.75,451.1,186.08,287.58,187.96,285.0,2361.44
2026-03-31,E039,Operations,173.3,18.0,4456.68,600.75,534.8,220.61,340.94,267.4,285.0,2807.93
2026-03-31,E040,Operations,173.3,7.0,3496.48,194.25,419.58,173.08,267.48,174.82,142.5,2319.02
2026-03-31,E041,Operations,173.3,1.0,4501.1,38.62,540.13,222.8,344.33,0.0,285.0,3108.84
2026-03-31,E042,Operations,173.3,16.0,6609.55,804.0,793.15,327.17,505.63,330.48,142.5,4510.62
2026-03-31,E043,Operations,173.3,8.0,6743.98,396.0,809.28,333.83,515.91,337.2,142.5,4605.26
2026-03-31,E044,Operations,173.3,4.0,3910.87,126.0,469.3,193.59,299.18,234.65,0,2714.15
2026-03-31,E045,Operations,173.3,4.0,4220.78,133.5,506.49,208.93,322.89,0.0,0,3182.47
2026-03-31,E046,Operations,173.3,22.0,4360.93,709.5,523.31,215.87,333.61,261.66,410.0,2616.48
2026-03-31,E047,Operations,173.3,5.0,5205.52,211.88,624.66,257.67,398.22,156.17,410.0,3358.8
2026-03-31,E048,Operations,173.3,20.0,4807.31,697.5,576.88,237.96,367.76,240.37,285.0,3099.34
2026-03-31,E049,Operations,173.3,12.0,5484.95,535.5,658.19,271.51,419.6,329.1,285.0,3521.55
2026-03-31,E050,Operations,173.3,12.0,5023.53,477.0,602.82,248.66,384.3,150.71,0,3637.04
2026-03-31,E051,Operations,173.3,9.0,5657.0,367.88,678.84,280.02,432.76,282.85,410.0,3572.53
2026-03-31,E052,Operations,173.3,12.0,4051.99,355.5,486.24,200.57,309.98,121.56,0,2933.64
2026-03-31,E053,Operations,173.3,8.0,3476.61,219.0,417.19,172.09,265.96,0.0,410.0,2211.37
2026-03-31,E054,Operations,173.3,15.0,4600.46,506.25,552.06,227.72,351.94,276.03,142.5,3050.21
2026-03-31,E055,Quality,,0,9458.33,0,1135.0,468.19,723.56,0.0,142.5,6989.08
2026-03-31,E056,Quality,173.3,7.0,5945.7,333.38,713.48,294.31,454.85,0.0,142.5,4340.56
2026-03-31,E057,Quality,173.3,4.0,4967.31,169.5,596.08,245.88,380.0,298.04,142.5,3304.81
2026-03-31,E058,Quality,173.3,17.0,5713.52,745.88,685.62,282.82,437.08,285.68,0,4022.32
2026-03-31,E059,Quality,173.3,20.0,5794.05,855.0,695.29,286.81,443.24,347.64,0,4021.07
2026-03-31,E060,Purchasing,,0,5583.33,0,670.0,276.37,427.12,335.0,0,3874.84
2026-03-31,E061,Purchasing,,0,6458.33,0,775.0,319.69,494.06,322.92,142.5,4404.16
2026-03-31,E062,Purchasing,,0,8791.67,0,1055.0,435.19,672.56,527.5,0,6101.42
2026-03-31,E063,Purchasing,,0,12041.67,0,1445.0,596.06,921.19,722.5,410.0,7946.92
2026-03-31,E064,Sales,,0,7583.33,0,910.0,375.37,580.12,0.0,0,5717.84
2026-03-31,E065,Sales,,0,5333.33,0,640.0,264.0,408.0,160.0,142.5,3718.83
2026-03-31,E066,Sales,,0,12583.33,0,1510.0,622.87,962.62,755.0,410.0,8322.84
2026-03-31,E067,Sales,,0,8083.33,0,970.0,400.12,618.37,485.0,285.0,5324.84
2026-03-31,E068,Sales,,0,6958.33,0,835.0,344.44,532.31,417.5,410.0,4419.08
2026-03-31,E069,Sales,,0,6791.67,0,815.0,336.19,519.56,339.58,285.0,4496.34
2026-03-31,E070,Sales,,0,10791.67,0,1295.0,534.19,825.56,323.75,410.0,7403.17
2026-03-31,E071,Sales,,0,13083.33,0,1570.0,647.62,1000.87,0.0,142.5,9722.34
2026-03-31,E072,Sales,,0,5625.0,0,675.0,278.44,430.31,281.25,142.5,3817.5
2026-03-31,E073,Sales,,0,8791.67,0,1055.0,435.19,672.56,439.58,142.5,6046.84
2026-03-31,E074,Sales,,0,11833.33,0,1420.0,585.75,905.25,355.0,142.5,8424.83
2026-03-31,E075,Sales,,0,4458.33,0,535.0,220.69,341.06,0.0,142.5,3219.08
2026-03-31,E076,Warehouse,173.3,12.0,4701.38,459.0,564.17,232.72,359.66,282.08,410.0,2852.75
2026-03-31,E077,Warehouse,173.3,14.0,6983.79,693.0,838.05,345.7,534.26,419.03,410.0,4436.75
2026-03-31,E078,Warehouse,173.3,13.0,5137.36,497.25,616.48,254.3,393.01,256.87,0,3616.7
2026-03-31,E079,Warehouse,173.3,8.0,4277.16,267.0,513.26,211.72,327.2,128.31,410.0,2686.67
2026-03-31,E080,Warehouse,173.3,7.0,5224.07,307.12,626.89,258.59,399.64,0.0,410.0,3528.95
2026-03-31,E081,Warehouse,173.3,13.0,4078.37,375.38,489.4,201.88,312.0,203.92,410.0,2461.17
2026-03-31,E082,Warehouse,173.3,15.0,6194.53,731.25,743.34,306.63,473.88,371.67,285.0,4014.01
2026-03-31,E083,Warehouse,173.3,20.0,6248.58,930.0,749.83,309.3,478.02,374.91,0,4336.52
2026-03-31,E084,Maintenance,173.3,22.0,4568.01,701.25,548.16,226.12,349.45,0.0,285.0,3159.28
2026-03-31,E085,Maintenance,173.3,15.0,4765.02,562.5,571.8,235.87,364.52,142.95,142.5,3307.38
2026-03-31,E086,Maintenance,173.3,22.0,6601.6,1056.0,792.19,326.78,505.02,330.08,410.0,4237.53
2026-03-31,E087,Maintenance,173.3,19.0,7166.69,954.75,860.0,354.75,548.25,215.0,0,5188.69
2026-03-31,E088,Engineering,,0,8750.0,0,1050.0,433.12,669.38,262.5,0,6335.0
2026-03-31,E089,Engineering,,0,8125.0,0,975.0,402.19,621.56,243.75,142.5,5740.0
2026-03-31,E090,Engineering,,0,10833.33,0,1300.0,536.25,828.75,541.67,285.0,7341.66
2026-03-31,E091,Engineering,,0,7125.0,0,855.0,352.69,545.06,213.75,410.0,4748.5
2026-03-31,E092,Engineering,,0,13083.33,0,1570.0,647.62,1000.87,785.0,410.0,8669.84
2026-03-31,E093,Engineering,,0,6333.33,0,760.0,313.5,484.5,190.0,410.0,4175.33
2026-03-31,E094,Operations,173.3,15.0,4060.66,483.75,487.28,201.0,310.64,203.03,142.5,2716.21
2026-03-31,E095,Operations,173.3,4.0,4051.94,121.5,486.23,200.57,309.97,202.6,0,2852.57
2026-03-31,E096,HR,,0,6583.33,0,790.0,325.87,503.62,197.5,410.0,4356.34
2026-03-31,E097,HR,,0,4416.67,0,530.0,218.63,337.88,220.83,410.0,2699.33
2026-03-31,E098,IT,,0,9375.0,0,1125.0,464.06,717.19,281.25,410.0,6377.5
2026-03-31,E099,Warehouse,173.3,8.0,5182.56,315.0,621.91,256.54,396.47,155.48,0,3752.16
2026-03-31,E100,Warehouse,173.3,2.0,4139.27,69.75,496.71,204.89,316.65,206.96,285.0,2629.06
2026-03-31,E102,Warehouse,173.3,10.0,4670.51,390.0,560.46,231.19,357.29,280.23,142.5,3098.84
2026-03-31,E103,Warehouse,173.3,14.0,7089.61,703.5,850.75,350.94,542.36,212.69,410.0,4722.87
2026-03-31,E104,Warehouse,173.3,9.0,6175.98,401.62,741.12,305.71,472.46,0.0,0,4656.69
2026-03-31,E105,Warehouse,173.3,9.0,5644.54,411.75,677.34,279.4,431.81,0.0,142.5,4113.49
2026-03-31,E106,Warehouse,173.3,22.0,5490.72,849.75,658.89,271.79,420.04,329.44,285.0,3525.56
