So Number,Line,Item Id,Description,Qty,Uom,Price,Extended Price,Cost,Price Source,Requested Date,Promised Date,Shipped Qty,Line Status,Ship To Id
SO-26001,1,AC-1033,AC Motor TEFC 3/4-10,2,EA,1443.12,2886.24,1093.27,Price List A,2025-07-03,2025-07-03,2,Shipped,KBD-CUST0003-S1
SO-26001,2,GAT-B62,Hi-Power II V-belt B62,12,EA,19.56,234.72,12.7,Price List A,2025-06-24,2025-07-01,12,Shipped,KBD-CUST0003-S1
SO-26001,3,GEAR-1016,Gear Reducer size 6,1,EA,3375.24,3375.24,2265.26,Price List A,2025-06-26,2025-06-27,1,Shipped,KBD-CUST0003-S1
SO-26001,4,MOUN-1031,Mounted Ball Bearing Unit 1.500,6,EA,58.56,351.36,38.78,Price List A,2025-07-09,2025-07-10,0,Open,KBD-CUST0003-S1
SO-26002,1,AC-1040,AC Motor TEFC #50,3,EA,800.8,2402.4,609.44,Price List C,2025-08-21,2025-08-21,3,Shipped,KBD-CUST0025-S1
SO-26003,1,SPRO-1087,Sprocket 1/2-13,50,EA,61.79,3089.5,44.550000000000004,Price List B,2026-03-14,2026-03-14,50,Shipped,KBD-CUST0007-S1
SO-26003,2,GEAR-1010,Gear Reducer 1.375,1,EA,4602.2,4602.2,2784.15,Price List B,2026-03-12,2026-03-19,1,Shipped,KBD-CUST0007-S1
SO-26003,3,GEAR-1060,Gear Reducer #60,1,EA,4686.22,4686.22,3102.4300000000003,Price List B,2026-03-10,2026-03-10,1,Shipped,KBD-CUST0007-S1
SO-26003,4,SPRO-1004,Sprocket 3/8-16,50,EA,53.72,2686.0,42.84,Price List B,2026-03-03,2026-03-04,50,Shipped,KBD-CUST0007-S1
SO-26003,5,AC-1057,AC Motor TEFC M10,3,EA,1116.16,3348.48,687.08,Price List B,2026-02-16,2026-02-16,3,Shipped,KBD-CUST0007-S1
SO-26004,1,AC-1048,AC Motor TEFC M6,1,EA,2277.84,2277.84,1745.47,Price List C,2026-03-08,2026-03-08,1,Shipped,KBD-CUST0026-S1
SO-26004,2,CONV-1051,Conveyor Drive Package 1/4-20,3,EA,5524.58,16573.74,4147.58,Price List C,"Feb 22, 2026",2026-02-22,3,Shipped,KBD-CUST0026-S1
SO-26004,3,CONV-1052,Conveyor Drive Package size 4,3,EA,3640.77,10922.31,2311.6,Price List C,2026-03-08,2026-03-15,3,Shipped,KBD-CUST0026-S1
SO-26004,4,GEAR-1084,Gear Reducer M6,1,EA,5318.78,5318.78,3456.0,Price List C,2026-03-07,2026-03-14,1,Shipped,KBD-CUST0026-S1
SO-26005,1,SHEA-1019,Sheave / Pulley M8,6,EA,166.09,996.54,94.5,Price List B,"Sep 01, 2025",2025-09-04,6,Shipped,KBD-CUST0021-S1
SO-26005,2,GEAR-1073,Gear Reducer 5/16-18,1,EA,2781.13,2781.13,1938.75,Price List B,2025-08-25,2025-08-28,1,Shipped,KBD-CUST0021-S1
SO-26005,3,CONV-1023,Conveyor Drive Package 3/4-10 ,1,EA,6175.79,6175.79,3652.15,Price List B,2025-09-01,2025-09-01,1,Shipped,KBD-CUST0021-S1
SO-26005,4,DOD-TXT315,Torque-Arm II shaft-mount reducer 15:1,1,EA,1558.19,1558.19,1180.0,Price List B,2025-08-28,2025-08-28,1,Shipped,KBD-CUST0021-S1
SO-26005 ,5,TIMI-1030,Timing Belt 1/2-13,200,EA,105.56,21112.0,66.14,Price List B,2025-08-12,2025-08-12,0,Backordered,KBD-CUST0021-S1
SO-26006,1,SHEA-1035,Sheave / Pulley 1.000,1,EA,187.14,187.14,148.52,Price List C,2025-09-09,2025-09-09,1,Shipped,KBD-CUST0026-S1
SO-26006,2,BRI-HHCS-0500-13-200-G8,"Hex head cap screw 1/2-13 x 2 Gr 8 yellow zinc, 50/bx",6,BX,56.79,340.74,44.75,Price List C,2025-09-12,2025-09-12,6,Shipped,KBD-CUST0026-S1
SO-26006,3,MOUN-1018,Mounted Ball Bearing Unit M8,2,EA,173.84,347.68,109.13,Price List C,2025-09-04,2025-09-05,2,Shipped,KBD-CUST0026-S1
SO-26006,4,ROLL-1053,Roller Chain ANSI #80,4,EA,122.44,489.76,86.10000000000001,Price List C,2025-09-02,2025-09-02,4,Shipped,KBD-CUST0026-S1
SO-26007,1,SPRO-1078,Sprocket M6,25,EA,101.65,2541.25,69.25,Price List D,12/21/2025,2025-12-24,25,Shipped,KBD-CUST0011-S1
SO-26007,2,CONV-1046,Conveyor Drive Package 1/4-20,3,EA,8454.0,25362.0,7311.89,Price List D,12/22/25,2025-12-29,3,Shipped,KBD-CUST0011-S1
SO-26007,3,SHEA-1035,Sheave / Pulley 1.000,3,EA,170.5,511.5,148.52,Price List D,2025-12-14,2025-12-14,3,Shipped,KBD-CUST0011-S1
SO-26007,4,SHEA-1072,Sheave / Pulley 3/8-16,3,EA,122.07,366.21,101.96000000000001,Price List D,2025-12-27,2026-01-03,3,Shipped,KBD-CUST0011-S1
SO-26007,5,AC-1054,AC Motor TEFC 1.500,5,EA,2204.17,11020.85,1828.58,Price List D,2025-12-11,2025-12-11,5,Shipped,KBD-CUST0011-S1
SO-26008,1,SHEA-1064,Sheave / Pulley M12,5,EA,216.6,1083.0,139.88,Price List B,2025-06-06,2025-06-06,5,Shipped,KBD-CUST0007-S1
SO-26009,1,MOUN-1031,Mounted Ball Bearing Unit 1.500,25,EA,48.02,1200.5,38.78,Price List D,2025-11-28,2025-11-29,25,Shipped,KBD-CUST0011-S1
SO-26009,2,TIMI-1020,Timing Belt 5/16-18,100,EA,63.14,6314.0,52.03,Price List D,2025-11-27,2025-11-27,100,Shipped,KBD-CUST0011-S1
SO-26010,1,BRI-HHCS-0500-13-200-G8,"Hex head cap screw 1/2-13 x 2 Gr 8 yellow zinc, 50/bx",2,BX,63.1,126.2,44.75,Price List A,2025-08-17,2025-08-17 ,2,Shipped,KBD-CUST0019-S1
SO-26011,1,CONV-1043,Conveyor Drive Package 1.375,3,EA,2622.13,7866.39,1971.53,Price List B,2025-07-16,2025-07-16,3,Shipped,KBD-CUST0022-S1
SO-26011,2,CONV-1023,Conveyor Drive Package 3/4-10,5,EA,6175.79,30878.95,3652.15,Price List B,2025-07-14,2025-07-14,5,Shipped,KBD-CUST0022-S1
SO-26012,1,TIMI-1032,Timing Belt size 6,6,EA,54.1,324.6,32.99,Price List A,2025-09-22,09/29/25,6,Shipped,KBD-CUST0010-S1
SO-26012,2,MOUN-1062,Mounted Ball Bearing Unit 1/2-13,1,EA,221.27,221.27,135.75,Price List A,10/06/25,2025-10-07,1,Shipped,KBD-CUST0010-S1
SO-26012,3,SKF-6308-2Z,"Deep groove ball bearing 40x90x23, shielded",12,EA,13.33,159.96,10.25,Price List A,2025-09-22,22-Sep-2025,12,Shipped,KBD-CUST0010-S1
SO-26012,4,SHEA-1045,Sheave / Pulley M10,4,EA,71.52,286.08,47.68,Price List A,2025-09-29,2025-09-29,4,Shipped,KBD-CUST0010-S1
SO-26013,1,AC-1040,AC Motor TEFC #50,3,EA,800.8,2402.4,609.44,Price List C,"Jun 11, 2025",2025-06-18,3,Shipped,KBD-CUST0028-S1
SO-26014,1,SPRO-1027,Sprocket 1/4-20,12,EA,97.04,1164.48,77.98,Price List B,2026-04-10,"Apr 17, 2026",0,Open,KBD-CUST0007-S1
SO-26014,2,CONV-1051,Conveyor Drive Package 1/4-20,5,EA,5831.5,29157.5,4147.58,Price List B,2026-03-31,2026-04-01,0,Open,KBD-CUST0007-S1
SO-26015,1,SHEA-1049,Sheave / Pulley size 4,1,EA,227.67,227.67,153.4,Price List D,2025-10-23,2025-10-24,1,Shipped,KBD-CUST0011-S1
SO-26015,2,SPRO-1055,Sprocket #50,10,EA,32.03,320.3,26.94,Price List D,2025-10-25,2025-10-26,10,Shipped,KBD-CUST0011-S1
SO-26016,1,MOUN-1008,Mounted Ball Bearing Unit #60,1,EA,109.84,109.84,71.79,Price List C,2025-12-29,2025-12-29,1,Shipped,KBD-CUST0016-S1
SO-26016,2,TIMI-1017,Timing Belt size 6,50,EA,67.52,3376.0,50.69,Price List C,"Dec 17, 2025",2025-12-18,50,Shipped,KBD-CUST0016-S1
SO-26017,1,TIMI-1014,Timing Belt 1.000,10,EA,68.98,689.8,49.480000000000004,Price List D,2025-07-04,2025-07-04,10,Shipped,KBD-CUST0001-S1
SO-26017,2,CONV-1013,Conveyor Drive Package 1.500,3,EA,3620.61,10861.83,2336.18,Price List D,2025-07-04,2025-07-04 ,3,Shipped,KBD-CUST0001-S1
SO-26017,3,CONV-1023,Conveyor Drive Package 3/4-10,5,EA,5010.84,25054.2,3652.15,Manual override,2025-07-02,2025-07-05,5,Shipped,KBD-CUST0001-S1
SO-26017,4,CONV-1051,Conveyor Drive Package 1/4-20,1,EA,5033.5,5033.5,4147.58,Price List D,2025-07-20,2025-07-27,1,Shipped,KBD-CUST0001-S1
SO-26017,5,ROLL-1012,Roller Chain ANSI 2.000,200,EA,51.05,10210.0,47.52,Price List D,2025-06-26,2025-07-03,200,Shipped,KBD-CUST0001-S1
SO-26018,1,CONV-1013,Conveyor Drive Package 1.500,1,EA,4194.61,4194.61,2336.18,Price List B,09-Jan-2026,2026-01-09,1,Shipped,KBD-CUST0027-S1
SO-26018,2,SHEA-1025,Sheave / Pulley size 4,5,EA,251.55,1257.75,153.95000000000002,Price List B,2026-01-20,2026-01-21,0,Open,KBD-CUST0027-S1
SO-26018,3,ROLL-1044,Roller Chain ANSI #80,3,EA,241.9,725.7,140.68,Price List B,2026-01-30,2026-02-06,3,Shipped,KBD-CUST0027-S1
SO-26018,4,MOUN-1034,Mounted Ball Bearing Unit M12,1,EA,42.77,42.77,23.82,Price List B,"Jan 08, 2026",09-Jan-2026,1,Shipped,KBD-CUST0027-S1
SO-26019,1,GEAR-1073,Gear Reducer 5/16-18,5,EA,2781.13,13905.65,1938.75,Price List B,2026-03-15,2026-03-18,5,Shipped,KBD-CUST0030-S1
SO-26019,2,CONV-1089,Conveyor Drive Package #60,3,EA,7409.9,22229.7,5864.59,Price List B,2026-03-02,2026-03-05,0,Open,KBD-CUST0030-S1
SO-26019,3,SPRO-1027,Sprocket 1/4-20,2,EA,97.04,194.08,77.98,Price List B,03/07/2026,14-Mar-2026,2,Shipped,KBD-CUST0030-S1
SO-26020,1,CONV-1043,Conveyor Drive Package 1.375,3,EA,2484.13,7452.39,1971.53,Price List C,2025-11-04,2025-11-07,3,Shipped,KBD-CUST0025-S1
SO-26020,2,SHEA-1049,Sheave / Pulley size 4,1,EA,249.88,249.88,153.4,Price List C,2025-10-26,2025-11-02,1,Shipped,KBD-CUST0025-S1
SO-26020,3,ROLL-1053,Roller Chain ANSI #80,2,EA,104.07,208.14,86.10000000000001,Manual override,2025-10-28,2025-10-28,2,Shipped,KBD-CUST0025-S1
SO-26020,4,MOUN-1008,Mounted Ball Bearing Unit #60,2,EA,109.84,219.68,71.79,Price List C,2025-10-28,2025-10-28,2,Shipped,KBD-CUST0025-S1
SO-26020,5,SPRO-1076,Sprocket 5/16-18,1,EA ,17.16,17.16,13.24,Price List C,2025-11-07,2025-11-07,1,Shipped,KBD-CUST0025-S1
SO-26021,1,SPRO-1070,Sprocket M12,4,EA,36.16,144.64,22.96,Price List C,2025-08-14,"Aug 14, 2025",4,Shipped,KBD-CUST0026-S1
SO-26021,2,GAT-B62,Hi-Power II V-belt B62,200,EA,17.6,3520.0,12.7,Price List C,2025-08-27,2025-08-27,200,Shipped,KBD-CUST0026-S1
SO-26022,1,SHEA-1003,Sheave / Pulley #50,3,EA,313.25,939.75,235.72,Manual override,2025-10-07,2025-10-14,3,Shipped,KBD-CUST0019-S1
SO-26022,2,SPRO-1041,Sprocket M6,100,EA,64.34,6434.0,35.35,Price List A,2025-10-11,2025-10-11,100,Shipped,KBD-CUST0019-S1
SO-26022,3,SHEA-1007,Sheave / Pulley 2.000,3,EA,211.8,635.4,129.94,Price List A,2025-09-30,2025-09-30,3,Shipped,KBD-CUST0019-S1
SO-26022,4,SHEA-1003,Sheave / Pulley #50,1,EA,322.94,322.94,235.72,Price List A,2025-09-30,2025-09-30,1,Shipped,KBD-CUST0019-S1
SO-26023,1,SHEA-1082,Sheave / Pulley 1/4-20,1,EA,301.38,301.38,186.61,Price List B,2025-06-10,2025-06-10,0,Open,KBD-CUST0006-S1
SO-26023,2,SHEA-1037,Sheave / Pulley 1.375,100,EA,162.8,16280.0,99.06,Price List B,2025-06-09,2025-06-12,100,Shipped,KBD-CUST0006-S1
SO-26023,3,TIMI-1056,Timing Belt 5/16-18,100,EA,26.49,2649.0,17.21,Price List B,2025-06-23,2025-06-30,100,Shipped,KBD-CUST0006-S1
SO-26023,4,GEAR-1010,Gear Reducer 1.375,1,EA,4602.2,4602.2,2784.15,Price List B,2025-06-09,2025-06-12,1,Shipped,KBD-CUST0006-S1
SO-26024,1,AC-1054,AC Motor TEFC 1.500,3,EA,2204.17,6612.51,1828.58,Price List D,2025-06-05,2025-06-05,0,Open,KBD-CUST0004-S1 
SO-26024,2,AC-1057,AC Motor TEFC M10,1,EA,963.43,963.43,687.08,Price List D,2025-06-04,2025-06-07,1,Shipped,KBD-CUST0004-S1
SO-26024,3,CONV-1043,Conveyor Drive Package 1.375,2,EA,2263.31,4526.62,1971.53,Price List D,2025-05-15,05/18/25,2,Shipped,KBD-CUST0004-S1
SO-26024,4,SHEA-1049,Sheave / Pulley size 4,3,EA,227.67,683.01,153.4,Price List D,2025-05-17,2025-05-18,3,Shipped,KBD-CUST0004-S1
SO-26025,1,SPRO-1070,Sprocket M12,12,EA,38.17,458.04,22.96,Price List B,2025-11-25,2025-11-28,12,Shipped,KBD-CUST0023-S1
SO-26025,2,TIMI-1000,Timing Belt 1.500 ,200,EA,59.14,11828.0,43.53,Price List B,2025-12-03,2025-12-03,200,Shipped,KBD-CUST0023-S1
SO-26025,3,CONV-1052,Conveyor Drive Package size 4,1,EA,3843.03,3843.03,2311.6,Price List B,03-Dec-2025,2025-12-03,1,Shipped,KBD-CUST0023-S1
SO-26025,4,AC-1063,AC Motor TEFC 3/4-10,3,EA,2135.12,6405.36,1677.24,Price List B,2025-12-02,2025-12-09 ,3,Shipped,KBD-CUST0023-S1
SO-26025,5,CONV-1022,Conveyor Drive Package 1.375,1,EA,2783.03,2783.03,2154.05,Price List B,2025-12-02,12/02/2025,0,Open,KBD-CUST0023-S1
SO-26026,1,DOD-TXT315,Torque-Arm II shaft-mount reducer 15:1,2,EA,1476.18,2952.36,1180.0,Price List C,2025-11-08,2025-11-08,2,Shipped,KBD-CUST0025-S1
SO-26027,1,AC-1057,AC Motor TEFC M10,3,EA,1174.91,3524.73,687.08,Price List A,2025-12-09,2025-12-12,3,Shipped,KBD-CUST0019-S1
SO-26027,2,MOUN-1034,Mounted Ball Bearing Unit M12,1,EA,45.02,45.02,23.82,Price List A,2025-12-08,2025-12-08,1,Shipped,KBD-CUST0019-S1
SO-26027,3,SHEA-1068 ,Sheave / Pulley 1/4-20,3,EA,305.52,916.56,180.78,Price List A,2025-11-27,2025-11-30,3,Shipped,KBD-CUST0019-S1
SO-26027,4,TIMI-1058,Timing Belt M6,1,EA,134.28,134.28,84.45,Price List A,12/03/2025,2025-12-03,1,Shipped,KBD-CUST0019-S1
SO-26028,1,TIMI-1030,Timing Belt 1/2-13,6,EA,105.56,633.36,66.14,Price List B,2026-01-14,2026-01-21,6,Shipped,KBD-CUST0020-S1
SO-26028,2,ROLL-1079,Roller Chain ANSI M8,5,EA ,160.9,804.5,102.65,Price List B,2026-01-02,2026-01-09,5,Shipped,KBD-CUST0020-S1
SO-26028,3,AC-1085,AC Motor TEFC M6,1,EA,507.31,507.31,365.76,Price List B,25-Jan-2026,2026-02-01,1,Shipped,KBD-CUST0020-S1
SO-26028,4,MOUN-1008,Mounted Ball Bearing Unit #60,10,EA,115.94,1159.4,71.79,Price List B,2026-01-18,2026-01-25,10,Shipped,KBD-CUST0020-S1
SO-26029,1,SPRO-1015,Sprocket 3/8-16,6,EA,104.41,626.46,74.58,Price List A,2025-09-13,2025-09-13,6,Shipped,KBD-CUST0019-S1
SO-26030,1,SPRO-1087,Sprocket 1/2-13,200,EA,61.79,12358.0,44.550000000000004,Price List B,2025-11-26,2025-12-03,200,Shipped,KBD-CUST0007-S1
SO-26030,2,CONV-1052,Conveyor Drive Package size 4,2,EA,3843.03,7686.06,2311.6,Price List B,2025-11-23,2025-11-24,2,Shipped,KBD-CUST0007-S1
SO-26030,3,MOUN-1083,Mounted Ball Bearing Unit size 8,200,EA,131.75,26350.0,87.77,Price List B,2025-11-16,2025-11-16,200,Shipped,KBD-CUST0007-S1
SO-26031,1,GEAR-1084,Gear Reducer M6,1,EA,5318.78,5318.78,3456.0,Price List C,2025-08-30,2025-08-30,1,Shipped,KBD-CUST0013-S1
SO-26032,1,AC-1040,AC Motor TEFC #50,5,EA,800.8,4004.0,609.44,Price List C,"Aug 19, 2025",2025-08-20,5,Shipped,KBD-CUST0025-S1
SO-26033,1,SPRO-1070,Sprocket M12,10,EA,38.17,381.7,22.96,Price List B,2026-01-14,2026-01-17,10,Shipped,KBD-CUST0007-S1
SO-26033,2,SHEA-1028,Sheave / Pulley #80,2,EA,500.18,1000.36,284.6,Price List B,2026-02-05,2026-02-06,2,Shipped,KBD-CUST0007-S1
SO-26034,1,SKF-6205-2RS1,"Deep groove ball bearing 25x52x15, sealed",10,EA,5.11,51.1,3.55,Price List A,2025-12-09,2025-12-12,10,Shipped,KBD-CUST0008-S1
SO-26035,1,TIMI-1058,Timing Belt M6,6,EA,110.11,660.66,84.45,Price List D,2025-10-04,2025-10-04 ,6,Shipped,KBD-CUST0011-S1
SO-26036,1,TIMI-1058,Timing Belt M6,4,EA,120.85,483.4,84.45,Price List C,2026-01-14,21-Jan-2026,4,Shipped,KBD-CUST0031-S1
SO-26036,2,GEAR-1010,Gear Reducer 1.375,1,EA,4359.98,4359.98,2784.15,Price List C,2026-01-24,2026-01-27,1,Shipped,KBD-CUST0031-S1
SO-26037 ,1,TIMI-1000,Timing Belt 1.500,100,EA,53.53,5353.0,43.53,Manual override,2026-01-17,2026-01-17,100,Shipped,KBD-CUST0008-S1
SO-26037,2,SHEA-1007,Sheave / Pulley 2.000,2,EA,211.8,423.6,129.94,Price List A,2026-01-24,01/27/2026,2,Shipped,KBD-CUST0008-S1
SO-26038,1,AC-1054,AC Motor TEFC 1.500,3,EA,2688.01,8064.03,1828.58,Price List A,2026-04-12,2026-04-12,0,Open,KBD-CUST0019-S1
SO-26038,2,CONV-1042,Conveyor Drive Package 2.000,3,EA,7636.18,22908.54,5159.58,Price List A ,2026-04-13,2026-04-14,0,Open,KBD-CUST0019-S1
SO-26038,3,TIMI-1000,Timing Belt 1.500,25,EA,62.25,1556.25,43.53,Price List A,2026-03-23,2026-03-23,25,Shipped,KBD-CUST0019-S1
SO-26038,4,ROLL-1026,Roller Chain ANSI #50,1,EA,237.75,237.75,129.92000000000002,Price List A,2026-04-15,2026-04-15,0,Open,KBD-CUST0019-S1
SO-26039,1,AC-1054,AC Motor TEFC 1.500,1,EA,2553.61,2553.61,1828.58,Price List B,2025-12-24,2025-12-24,1,Shipped,KBD-CUST0007-S1
SO-26039,2,AC-1040,AC Motor TEFC #50,5,EA,845.29,4226.45,609.44,Price List B,2026-01-12,01/13/2026,5,Shipped,KBD-CUST0007-S1
SO-26040,1,SPRO-1027,Sprocket 1/4-20,50,EA,83.76,4188.0,77.98,Price List D,2025-12-06,2025-12-06,50,Shipped,KBD-CUST0014-S1
SO-26040,2,ROLL-1021,Roller Chain ANSI 5/16-18,4,EA,126.68,506.72,81.74,Price List D,2025-11-18,2025-11-25,4,Shipped,KBD-CUST0014-S1
SO-26040,3,CONV-1046,Conveyor Drive Package 1/4-20,3,EA,8454.0,25362.0,7311.89,Price List D,2025-11-15,2025-11-15,3,Shipped,KBD-CUST0014-S1
SO-26040 ,4,CONV-1059,Conveyor Drive Package 1/4-20,3,EA,4543.16,13629.48,3693.63,Price List D,2025-11-27,2025-11-30,3,Shipped,KBD-CUST0014-S1
SO-26040,5,AC-1033,AC Motor TEFC 3/4-10,1,EA,1183.36,1183.36,1093.27,Price List D,2025-11-26,11/27/2025,1,Shipped,KBD-CUST0014-S1
SO-26041,1,BRI-HHCS-0500-13-200-G8,"Hex head cap screw 1/2-13 x 2 Gr 8 yellow zinc, 50/bx",12,BX,56.79,681.48,44.75,Price List C,2025-09-14,2025-09-14,12,Shipped,KBD-CUST0026-S1
SO-26041,2,AC-1048,AC Motor TEFC M6,5,EA,2277.84,11389.2,1745.47,Price List C,2025-09-13,2025-09-13,5,Shipped,KBD-CUST0026-S1
SO-26041,3,SHEA-1064,Sheave / Pulley M12,3,EA ,205.2,615.6,139.88,Price List C,2025-10-02,10/09/2025 ,3,Shipped,KBD-CUST0026-S1
SO-26041,4,ROLL-1044,Roller Chain ANSI #80,1,EA,229.17,229.17,140.68,Price List C,2025-09-21,2025-09-21,1,Shipped,KBD-CUST0026-S1
SO-26041,5,MOUN-1029,Mounted Ball Bearing Unit 1.500,50,EA,129.68,6484.0,86.28,Price List C,2025-09-26,2025-09-26,50,Shipped,KBD-CUST0026-S1
SO-26042,1,SHEA-1038,Sheave / Pulley 2.000,2,EA,416.46,832.92,295.28000000000003,Price List D,2026-02-23,2026-02-23,2,Shipped,KBD-CUST0014-S1
SO-26042,2,ROLL-1044,Roller Chain ANSI #80,2,EA,208.8,417.6,140.68,Price List D,2026-03-06,2026-03-07,2,Shipped,KBD-CUST0014-S1
SO-26042,3,AC-1006,AC Motor TEFC 1.250,1,EA,3039.82,3039.82,2130.52,Price List D,2026-03-11,2026-03-11,1,Shipped,KBD-CUST0014-S1
SO-26043,1,CONV-1022,Conveyor Drive Package 1.375,1,EA,2234.05,2234.05,2154.05,Manual override,2025-09-17,2025-09-17,1,Shipped,KBD-CUST0004-S1
SO-26043,2,SHEA-1082,Sheave / Pulley 1/4-20,1,EA,260.14,260.14,186.61,Price List D,2025-10-07,2025-10-07,1,Shipped,KBD-CUST0004-S1
SO-26043,3,SKF-6308-2Z,"Deep groove ball bearing 40x90x23, shielded",6,EA,9.6,57.6,10.25,KBD-CPA022,2025-09-16,2025-09-23,6,Shipped,KBD-CUST0004-S1
SO-26043,4,DOD-TXT315,Torque-Arm II shaft-mount reducer 15:1,1,EA,1344.96,1344.96,1180.0,Price List D,2025-09-18,2025-09-19,1,Shipped,KBD-CUST0004-S1
SO-26044,1,MOUN-1029,Mounted Ball Bearing Unit 1.500,200,EA,114.12,22824.0,86.28,Manual override,2026-03-16,2026-03-19,200,Shipped,KBD-CUST0025-S1
SO-26045,1,CONV-1046,Conveyor Drive Package 1/4-20,1,EA,9794.27,9794.27,7311.89,Price List B,2025-11-25,2025-11-25,1,Shipped,KBD-CUST0030-S1
SO-26045,2,CONV-1051,Conveyor Drive Package 1/4-20,2,EA,5831.5,11663.0,4147.58,Price List B,2025-11-19,2025-11-20,2,Shipped,KBD-CUST0030-S1
SO-26045,3,SHEA-1088,Sheave / Pulley 1/4-20,5,EA,269.48,1347.4,189.79,Manual override,2025-11-12,2025-11-12,5,Shipped,KBD-CUST0030-S1
SO-26045,4,CONV-1052,Conveyor Drive Package size 4,2,EA,3843.03,7686.06,2311.6,Price List B,2025-11-22,11/22/25,0,Open,KBD-CUST0030-S1
SO-26045,5,AC-1085,AC Motor TEFC M6,3,EA,507.31,1521.93,365.76,Price List B,2025-11-26,2025-12-03,3,Shipped,KBD-CUST0030-S1
SO-26046,1,SHEA-1038,Sheave / Pulley 2.000,5,EA,482.49,2412.45,295.28000000000003,Price List B,2025-09-25,2025-10-02,5,Shipped,KBD-CUST0030-S1
SO-26046,2,CONV-1022,Conveyor Drive Package 1.375,5,EA,2783.03,13915.15,2154.05,Price List B,2025-09-26,2025-10-03,5,Shipped,KBD-CUST0030-S1
SO-26046,3,SHEA-1007,Sheave / Pulley 2.000,1,EA,201.21,201.21,129.94,Price List B,2025-09-28,2025-10-01,1,Shipped,KBD-CUST0030-S1
SO-26046,4,SHEA-1082,Sheave / Pulley 1/4-20,2,EA,301.38,602.76,186.61,Price List B,2025-09-29 ,2025-09-29,2,Shipped,KBD-CUST0030-S1
SO-26047,1,GEAR-1084,Gear Reducer M6,5,EA,4846.0,24230.0,3456.0,Price List D,05/05/25,05-May-2025,5,Shipped,KBD-CUST0004-S1
SO-26047,2,SPRO-1009,Sprocket size 8,12,EA,35.01,420.12,24.54,Price List D,2025-05-06,2025-05-09,12,Shipped,KBD-CUST0004-S1
SO-26048,1,CONV-1051,Conveyor Drive Package 1/4-20,1,EA,4972.12,4972.12,4147.58,Manual override,2025-06-12,2025-06-13,1,Shipped,KBD-CUST0013-S1
SO-26048,2,SHEA-1019,Sheave / Pulley M8,6,EA,157.35,944.1,94.5,Price List C,2025-06-13,2025-06-20,6,Shipped,KBD-CUST0013-S1
SO-26048,3,TIMI-1032,Timing Belt size 6,25,EA,48.69,1217.25,32.99,Price List C,17-Jun-2025,2025-06-17,25,Shipped,KBD-CUST0013-S1
SO-26049,1,CONV-1039,Conveyor Drive Package 5/8-11,2,EA,7795.61,15591.22,7046.72,Manual override,2025-06-11,06/11/25,2,Shipped,KBD-CUST0022-S1
SO-26049,2,CONV-1043,Conveyor Drive Package 1.375,1,EA,2622.13,2622.13,1971.53,Price List B,2025-05-26,2025-05-26,1,Shipped,KBD-CUST0022-S1
SO-26050,1,CONV-1052,Conveyor Drive Package size 4,2,EA,3843.03,7686.06,2311.6,Price List B,2025-04-26,2025-05-03,2,Shipped,KBD-CUST0022-S1
SO-26050,2,CONV-1052,Conveyor Drive Package size 4,1,EA,3843.03,3843.03,2311.6,Price List B,04/29/25,06-May-2025,1,Shipped,KBD-CUST0022-S1
SO-26050,3,TIMI-1030,Timing Belt 1/2-13,12,EA,105.56,1266.72,66.14,Price List B,2025-04-18,2025-04-21,12,Shipped,KBD-CUST0022-S1
SO-26050,4,SPRO-1015,Sprocket 3/8-16,200,EA,99.19,19838.0,74.58,Price List B,04/29/25,05/02/2025,200,Shipped,KBD-CUST0022-S1
SO-26050,5,SPRO-1002,Sprocket 1/4-20,1,EA ,90.07,90.07,65.84,Price List B,04/19/2025,2025-04-19,1,Shipped,KBD-CUST0022-S1
SO-26051,1,MOUN-1081,Mounted Ball Bearing Unit 5/8-11,50,EA,83.29,4164.5,61.24,Price List A,2025-04-16,2025-04-19,50,Shipped,KBD-CUST0019-S1
SO-26051,2,SPRO-1069,Sprocket #50,1,EA,202.59,202.59,115.11,Price List A,2025-04-19,2025-04-26,1,Shipped,KBD-CUST0019-S1
SO-26051,3,MOUN-1083,Mounted Ball Bearing Unit size 8,50,EA,138.68,6934.0,87.77,Price List A,2025-04-16,"Apr 16, 2025",50,Shipped,KBD-CUST0019-S1
SO-26052,1,CONV-1013,Conveyor Drive Package 1.500,1,EA,3417.5,3417.5,2336.18,Manual override,2025-11-20,2025-11-23,1,Shipped,KBD-CUST0005-S1
SO-26052,2,AC-1086,AC Motor TEFC 5/16-18,3,EA,3341.93,10025.79,2390.86,Manual override,2025-11-18,2025-11-19,3,Shipped,KBD-CUST0005-S1
SO-26052,3,GEAR-1060,Gear Reducer #60,5,EA,4439.57,22197.85,3102.4300000000003,Price List C,2025-11-29,2025-11-29,5,Shipped,KBD-CUST0005-S1
SO-26052,4,CONV-1022,Conveyor Drive Package 1.375,1,EA,2636.56,2636.56,2154.05,Price List C,2025-11-22,2025-11-22,1,Shipped,KBD-CUST0005-S1
SO-26053,1,CONV-1089,Conveyor Drive Package #60,2,EA,7019.91,14039.82,5864.59,Price List C,2025-11-01,2025-11-01,2,Shipped,KBD-CUST0031-S1
SO-26053,2,SPRO-1009,Sprocket size 8,12,EA,38.43,461.16,24.54,Price List C,2025-11-15,2025-11-15,0,Open,KBD-CUST0031-S1
SO-26053,3,CONV-1023,Conveyor Drive Package 3/4-10,1,EA,5850.75,5850.75,3652.15,Price List C,2025-11-04,2025-11-11,1,Shipped,KBD-CUST0031-S1
SO-26054,1,TIM-LM11949-LM11910,Tapered roller bearing set,10,EA,9.46,94.6,7.6,Price List B,2025-08-26,2025-08-27,10,Shipped,KBD-CUST0020-S1
SO-26054,2,CONV-1059,Conveyor Drive Package 1/4-20,1,EA,5263.42,5263.42,3693.63,Price List B,2025-08-18,2025-08-25,1,Shipped,KBD-CUST0020-S1
SO-26054,3,TIMI-1020,Timing Belt 5/16-18,6,EA,73.15,438.9,52.03,Price List B,2025-08-11 ,2025-08-12,6,Shipped,KBD-CUST0020-S1
SO-26054,4,ROLL-1012,Roller Chain ANSI 2.000,100,EA,59.14,5914.0,47.52,Price List B,2025-08-10,2025-08-17,100,Shipped,KBD-CUST0020-S1
SO-26055,1,SHEA-1038,Sheave / Pulley 2.000,1,EA,457.09,457.09,295.28000000000003,Price List C,2025-06-19,2025-06-22,1,Shipped,KBD-CUST0026-S1
SO-26055,2,TIMI-1071,Timing Belt 5/8-11,25,EA,107.11,2677.75,74.85000000000001,Price List C,2025-06-09,2025-06-12,0,Open,KBD-CUST0026-S1
SO-26055,3,TIMI-1071,Timing Belt 5/8-11,12,EA,96.4,1156.8,74.85000000000001,Manual override,2025-06-18,18-Jun-2025,12,Shipped,KBD-CUST0026-S1
SO-26056,1,SPRO-1002,Sprocket 1/4-20,25,EA,90.07,2251.75,65.84,Price List B,2025-12-12,2025-12-13,25,Shipped,KBD-CUST0027-S1
SO-26056,2,ROLL-1044,Roller Chain ANSI #80,3,EA,241.9,725.7,140.68,Price List B,2025-12-18,2025-12-18,3,Shipped,KBD-CUST0027-S1
SO-26056,3,TIMI-1030,Timing Belt 1/2-13,10,EA,105.56,1055.6,66.14,Price List B,2025-12-04,2025-12-11,10,Shipped,KBD-CUST0027-S1
SO-26056,4,GAT-B62,Hi-Power II V-belt B62,25,EA,18.58,464.5,12.7,Price List B,2025-12-12,2025-12-12,25,Shipped,KBD-CUST0027-S1
SO-26056,5,MOUN-1062,Mounted Ball Bearing Unit 1/2-13,3,EA,210.21,630.63,135.75,Price List B,2025-11-27,27-Nov-2025 ,3,Shipped,KBD-CUST0027-S1
SO-26057,1,CONV-1013,Conveyor Drive Package 1.500,5,EA,4194.61,20973.05,2336.18,Price List B,2026-02-21,2026-02-28,0,Open ,KBD-CUST0032-S1
SO-26057,2,MOUN-1062,Mounted Ball Bearing Unit 1/2-13,2,EA,210.21,420.42,135.75,Price List B,2026-02-14,2026-02-15,2,Shipped,KBD-CUST0032-S1
SO-26058,1,SHEA-1077,Sheave / Pulley #60,2,EA,114.3,228.6,67.98,Price List B,2025-10-13,2025-10-13,2,Shipped,KBD-CUST0020-S1
SO-26058,2,SPRO-1041,Sprocket M6,25,EA,61.12,1528.0,35.35,Price List B,2025-10-04,2025-10-04,0,Open,KBD-CUST0020-S1
SO-26058,3,SPRO-1069,Sprocket #50,3,EA,192.46,577.38,115.11,Price List B,2025-10-21,2025-10-28,0,Open,KBD-CUST0020-S1
SO-26059,1,GEAR-1084,Gear Reducer M6 ,3,EA,5318.78,15956.34,3456.0,Price List C,2025-04-22,2025-04-22,3,Shipped,KBD-CUST0031-S1
SO-26059,2,MOUN-1008,Mounted Ball Bearing Unit #60,10,EA,103.25,1032.5,71.79,Manual override,2025-04-27,2025-04-28,10,Shipped,KBD-CUST0031-S1
SO-26059,3,SHEA-1028,Sheave / Pulley #80,1,EA,473.86,473.86,284.6,Price List C,2025-05-05,2025-05-05,1,Shipped,KBD-CUST0031-S1
SO-26059,4,MOUN-1081,Mounted Ball Bearing Unit 5/8-11,2,EA,74.96,149.92,61.24,Price List C,2025-04-17,2025-04-24,2,Shipped,KBD-CUST0031-S1
SO-26060,1,CONV-1023,Conveyor Drive Package 3/4-10,2,EA,5330.68,10661.36,3652.15,Price List D,2025-10-26,2025-10-29,2,Shipped,KBD-CUST0014-S1
SO-26061,1,SPRO-1061,Sprocket #50,4,EA,115.25,461.0,87.28,Price List B,2026-02-24,2026-03-03,4,Shipped,KBD-CUST0015-S1
SO-26061,2,SPRO-1087,Sprocket 1/2-13,1,EA,61.79,61.79,44.550000000000004,Price List B,2026-02-05,2026-02-05,1,Shipped,KBD-CUST0015-S1
SO-26062,1,AC-1054,AC Motor TEFC 1.500,3,EA,2419.21,7257.63,1828.58,Price List C,2025-12-23,2025-12-24,3,Shipped,KBD-CUST0016-S1
SO-26062,2,SPRO-1041 ,Sprocket M6,6,EA,57.91,347.46,35.35,Price List C,"Dec 19, 2025",12/19/2025,6,Shipped,KBD-CUST0016-S1
SO-26062,3,AC-1086,AC Motor TEFC 5/16-18,1,EA,3593.47,3593.47,2390.86,Price List C,2025-12-26,2026-01-02,1,Shipped ,KBD-CUST0016-S1
SO-26063,1,TIMI-1032,Timing Belt size 6,2,EA,54.1,108.2,32.99,Price List A,2026-02-05,2026-02-08,2,Shipped,KBD-CUST0003-S1
SO-26063,2,SHEA-1007,Sheave / Pulley 2.000,1,EA,211.8,211.8,129.94,Price List A,2026-02-22,2026-02-22,1,Shipped,KBD-CUST0003-S1
SO-26064,1,ROLL-1026,Roller Chain ANSI #50,3,EA,225.86,677.58,129.92000000000002,Price List B,"Oct 24, 2025",2025-10-24,3,Shipped,KBD-CUST0015-S1
SO-26064,2,SPRO-1047,Sprocket #80,50,EA,22.37,1118.5,13.77,Price List B,2025-10-10,2025-10-10,50,Shipped,KBD-CUST0015-S1
SO-26065,1,SPRO-1087,Sprocket 1/2-13,10,EA,53.33,533.3,44.550000000000004,Price List D,2026-03-11,2026-03-11,10,Shipped,KBD-CUST0014-S1
SO-26065,2,MOUN-1083,Mounted Ball Bearing Unit size 8,2,EA,113.72,227.44,87.77,Price List D ,09-Mar-2026,2026-03-12,2,Shipped,KBD-CUST0014-S1
SO-26065,3,TIMI-1014,Timing Belt 1.000,10,EA,68.98,689.8,49.480000000000004,Price List D,2026-02-14,2026-02-15,10,Shipped,KBD-CUST0014-S1
SO-26065,4,GEAR-1060,Gear Reducer #60,1,EA,4044.95,4044.95,3102.4300000000003,Price List D,2026-02-18,2026-02-19,1,Shipped,KBD-CUST0014-S1
SO-26065,5,SPRO-1070,Sprocket M12,6,EA,32.95,197.7,22.96,Price List D,2026-02-25,2026-03-04,6,Shipped,KBD-CUST0014-S1
SO-26066,1,AC-1086,AC Motor TEFC 5/16-18,5,EA,3793.1,18965.5,2390.86,Price List B,2025-12-16,2025-12-23,5,Shipped,KBD-CUST0030-S1
SO-26066,2,SHEA-1028,Sheave / Pulley #80,1,EA,500.18,500.18,284.6,Price List B,2025-11-20,2025-11-20,1,Shipped,KBD-CUST0030-S1
SO-26066,3,CONV-1046,Conveyor Drive Package 1/4-20,5,EA,9794.27,48971.35,7311.89,Price List B,2025-12-08,2025-12-15,5,Shipped,KBD-CUST0030-S1
SO-26066,4,MOUN-1031,Mounted Ball Bearing Unit 1.500,100,EA,55.63,5563.0,38.78,Price List B,2025-12-09,2025-12-10,100,Shipped,KBD-CUST0030-S1
SO-26066,5,GEAR-1016,Gear Reducer size 6,2,EA,2725.51,5451.02,2265.26,Manual override,2025-12-15,12/18/25,2,Shipped,KBD-CUST0030-S1
SO-26067,1,SPRO-1050,Sprocket 5/16-18,1,EA,17.99,17.99,12.85,Price List A,2025-06-05,12-Jun-2025,1,Shipped,KBD-CUST0003-S1
SO-26067,2,ROLL-1044,Roller Chain ANSI #80,5,EA,241.9,1209.5,140.68,Manual override,2025-06-06,2025-06-06,5,Shipped,KBD-CUST0003-S1
SO-26067,3,AC-1074,AC Motor TEFC M8 ,1,EA,2567.55,2567.55,1663.14,Manual override,2025-06-02,2025-06-05,1,Shipped,KBD-CUST0003-S1
SO-26067,4,GEAR-1073,Gear Reducer 5/16-18,2,EA,2927.51,5855.02,1938.75,Price List A,2025-05-27,2025-05-27,2,Shipped,KBD-CUST0003-S1
SO-26067,5,ROLL-1021,Roller Chain ANSI 5/16-18,4,EA,131.32,525.28,81.74,KBD-CPA001,2025-05-23,2025-05-23,4,Shipped,KBD-CUST0003-S1
SO-26068,1,SHEA-1045,Sheave / Pulley M10,50,EA,64.37,3218.5,47.68,Price List C,2025-08-16,2025-08-19,50,Shipped,KBD-CUST0031-S1
SO-26068,2,TIMI-1056,Timing Belt 5/16-18,10,EA,25.09,250.9,17.21,Price List C,2025-08-17,2025-08-18,10,Shipped,KBD-CUST0031-S1
SO-26068,3,TIM-LM11949-LM11910,Tapered roller bearing set,4,EA,8.96,35.84,7.6,Price List C,2025-08-31,2025-08-31,4,Shipped,KBD-CUST0031-S1
SO-26068,4,CONV-1043,Conveyor Drive Package 1.375,2,EA,2484.13,4968.26,1971.53,Price List C,2025-09-03,2025-09-10,2,Shipped,KBD-CUST0031-S1
SO-26068,5,AC-1074,AC Motor TEFC M8,1,EA,2385.34,2385.34,1663.14,Manual override,2025-08-21,2025-08-21,1,Shipped,KBD-CUST0031-S1
SO-26069,1,SHEA-1082,Sheave / Pulley 1/4-20,1,EA,285.52,285.52,186.61,Price List C,27-Jul-2025,2025-08-03,1,Shipped,KBD-CUST0031-S1
SO-26070,1,GEAR-1016,Gear Reducer size 6,3,EA,3375.24,10125.72,2265.26,Price List A,"Jul 22, 2025",2025-07-29,3,Shipped,KBD-CUST0010-S1
SO-26070,2,SHEA-1019 ,Sheave / Pulley M8,12,EA,174.83,2097.96,94.5,Price List A,2025-07-18,"Jul 18, 2025",12,Shipped,KBD-CUST0010-S1
SO-26071,1,SHEA-1088,Sheave / Pulley 1/4-20,5,EA,289.7,1448.5,189.79,Manual override,"Aug 06, 2025",2025-08-09,5,Shipped,KBD-CUST0019-S1
SO-26071,2,SHEA-1007,Sheave / Pulley 2.000,3,EA,211.8,635.4,129.94,Price List A,2025-08-11,2025-08-18,3,Shipped,KBD-CUST0019-S1
SO-26072,1,AC-1057,AC Motor TEFC M10,3,EA,1057.42,3172.26,687.08,Price List C,2025-09-02,2025-09-05,3,Shipped,KBD-CUST0016-S1
SO-26072,2,ROLL-1012,Roller Chain ANSI 2.000,10,EA,56.02,560.2,47.52,Price List C,2025-09-11,"Sep 12, 2025",10,Shipped,KBD-CUST0016-S1
SO-26072,3,TIMI-1032,Timing Belt size 6,6,EA,48.69,292.14,32.99,Price List C,2025-09-01,2025-09-08,6,Shipped,KBD-CUST0016-S1
SO-26072,4,SPRO-1087,Sprocket 1/2-13,25,EA,58.54,1463.5,44.550000000000004,Price List C,2025-08-26,2025-08-26,25,Shipped,KBD-CUST0016-S1
SO-26072,5,SPRO-1069,Sprocket #50,2,EA,182.33,364.66,115.11,Price List C,2025-08-18,2025-08-21,2,Shipped,KBD-CUST0016-S1
SO-26073,1,MOUN-1083,Mounted Ball Bearing Unit size 8,12,EA,131.75,1581.0,87.77,Price List B,07/19/25,2025-07-22,12,Shipped,KBD-CUST0020-S1
SO-26073,2,SHEA-1035,Sheave / Pulley 1.000,1,EA,197.53,197.53,148.52,Price List B,2025-07-02,07/02/25,1,Shipped,KBD-CUST0020-S1
SO-26073,3,SPRO-1004,Sprocket 3/8-16,200,EA,53.72,10744.0,42.84,Price List B,07/10/2025,2025-07-10,0,Open,KBD-CUST0020-S1
SO-26074,1,SHEA-1003,Sheave / Pulley #50 ,3,EA,264.81,794.43,235.72,Price List D,2026-01-09,2026-01-12,0,Open,KBD-CUST0011-S1
SO-26074,2,CONV-1039,Conveyor Drive Package 5/8-11,3,EA,7916.29,23748.87,7046.72,Price List D,2026-01-09,2026-01-12,3,Shipped,KBD-CUST0011-S1
SO-26074,3,SHEA-1003,Sheave / Pulley #50,3,EA,264.81,794.43,235.72,Price List D,2026-01-21,2026-01-22,3,Shipped,KBD-CUST0011-S1
SO-26075,1,ROLL-1012,Roller Chain ANSI 2.000,25,EA,51.05,1276.25,47.52,Price List D,2025-10-17,2025-10-20,25,Shipped,KBD-CUST0011-S1
SO-26075,2,GEAR-1066,Gear Reducer 1.000,3,EA,1447.57,4342.71,1270.02,Price List D,28-Oct-2025,2025-10-29,3,Shipped,KBD-CUST0011-S1
SO-26075,3,TIMI-1058,Timing Belt M6,10,EA,110.11,1101.1,84.45,Price List D,2025-10-25,2025-10-26,10,Shipped,KBD-CUST0011-S1
SO-26075,4,CONV-1051,Conveyor Drive Package 1/4-20,5,EA,5033.5,25167.5,4147.58,Price List D,2025-10-16,10/16/2025,5,Shipped,KBD-CUST0011-S1
SO-26076,1,SPRO-1055,Sprocket #50,200,EA,39.06,7812.0,26.94,Price List A,2025-10-05,2025-10-05,200,Shipped,KBD-CUST0010-S1
SO-26076,2,CONV-1042,Conveyor Drive Package 2.000,1,EA,7636.18,7636.18,5159.58,Price List A,2025-10-29,10/29/25,0,Open,KBD-CUST0010-S1
SO-26076,3,CONV-1023,Conveyor Drive Package 3/4-10,3,EA,5980.76,17942.28,3652.15,Manual override,2025-10-13,2025-10-16,3,Shipped,KBD-CUST0010-S1
SO-26076,4,CONV-1046,Conveyor Drive Package 1/4-20,2,EA,10309.76,20619.52,7311.89,Price List A,2025-10-09,2025-10-09,2,Shipped,KBD-CUST0010-S1
SO-26077,1,ROLL-1012,Roller Chain ANSI 2.000,2,EA,59.14,118.28,47.52,Price List B,2025-12-27,"Dec 27, 2025",2,Shipped,KBD-CUST0015-S1
SO-26078,1,MOUN-1083 ,Mounted Ball Bearing Unit size 8,2,EA,131.75,263.5,87.77,Price List B,2026-01-06,2026-01-13,2,Shipped,KBD-CUST0015-S1
SO-26078,2,CONV-1046,Conveyor Drive Package 1/4-20,3,EA,9304.56,27913.68,7311.89,Manual override,2025-12-19,2025-12-19,3,Shipped,KBD-CUST0015-S1
SO-26079,1,SPRO-1076,Sprocket 5/16-18,25,EA,17.16,429.0,13.24,Price List C ,2025-08-26,2025-09-02,25,Shipped,KBD-CUST0016-S1
SO-26079,2,SPRO-1041,Sprocket M6,1,EA,57.91,57.91,35.35,Price List C ,2025-08-28,2025-08-31,1,Shipped,KBD-CUST0016-S1
SO-26079,3,MOUN-1062,Mounted Ball Bearing Unit 1/2-13,1,EA,199.14,199.14,135.75,Price List C,2025-09-16,09/16/2025,1,Shipped,KBD-CUST0016-S1
SO-26079,4,SPRO-1076,Sprocket 5/16-18,50,EA,17.16,858.0,13.24,Price List C,2025-08-27,2025-08-28,50,Shipped,KBD-CUST0016-S1
SO-26079,5,SPRO-1015,Sprocket 3/8-16,100,EA ,93.97,9397.0,74.58,Price List C,2025-08-27,2025-08-27,100,Shipped,KBD-CUST0016-S1
SO-26080,1,SPRO-1070,Sprocket M12,10,EA,32.95,329.5,22.96,Price List D,2025-12-21,2025-12-22,10,Shipped,KBD-CUST0011-S1
SO-26080,2,SKF-6308-2Z,"Deep groove ball bearing 40x90x23, shielded ",50,EA,10.93,546.5,10.25,Price List D,2025-12-28,2025-12-28,50,Shipped,KBD-CUST0011-S1
SO-26080,3,CONV-1039,Conveyor Drive Package 5/8-11,1,EA,7916.29,7916.29,7046.72,Price List D,2026-01-04 ,05-Jan-2026,0,Backordered,KBD-CUST0011-S1
SO-26081,1,ROLL-1053,Roller Chain ANSI #80,100,EA,102.63,10263.0,86.10000000000001,Manual override,2025-11-27,2025-11-27,100,Shipped,KBD-CUST0001-S1 
SO-26081,2,GEAR-1066,Gear Reducer 1.000,3,EA,1271.04,3813.12,1270.02,KBD-CPA006,2025-12-03,2025-12-06,3,Shipped,KBD-CUST0001-S1
SO-26082,1,ROLL-1053,Roller Chain ANSI #80,4,EA,111.42,445.68,86.10000000000001,Manual override,2025-04-16,2025-04-17,4,Shipped,KBD-CUST0013-S1
SO-26082,2,SPRO-1009,Sprocket size 8,1,EA,38.43,38.43,24.54,Price List C,2025-04-25,2025-04-25,1,Shipped,KBD-CUST0013-S1
SO-26082,3,SHEA-1082,Sheave / Pulley 1/4-20,3,EA,285.52,856.56,186.61,Price List C,14-Apr-2025,2025-04-15,0,Open,KBD-CUST0013-S1
SO-26082,4,SHEA-1045,Sheave / Pulley M10,200,EA,64.37,12874.0,47.68,Price List C ,2025-04-10,2025-04-17,200,Shipped,KBD-CUST0013-S1
SO-26083,1,CONV-1042,Conveyor Drive Package 2.000,3,EA,7636.18,22908.54,5159.58,Price List A,07/03/25,2025-07-04,3,Shipped,KBD-CUST0017-S1
SO-26083,2,TIMI-1000,Timing Belt 1.500 ,2,EA,62.25,124.5,43.53,Price List A,2025-06-27,2025-06-28,2,Shipped,KBD-CUST0017-S1
SO-26083,3,SPRO-1069,Sprocket #50,1,EA,202.59,202.59,115.11,Price List A,2025-06-23,06/26/2025,1,Shipped,KBD-CUST0017-S1
SO-26083,4,AC-1063,AC Motor TEFC 3/4-10,1,EA ,2247.5,2247.5,1677.24,Price List A,2025-07-03,"Jul 10, 2025",1,Shipped,KBD-CUST0017-S1
SO-26083,5,GAT-B62,Hi-Power II V-belt B62,10,EA,19.56,195.6,12.7,Price List A,2025-06-23,2025-06-24,10,Shipped,KBD-CUST0017-S1 
SO-26084,1,CONV-1089,Conveyor Drive Package #60,5,EA,7409.9,37049.5,5864.59,Price List B,2025-12-01,2025-12-02,5,Shipped,KBD-CUST0023-S1
SO-26084,2,SHEA-1068,Sheave / Pulley 1/4-20,1,EA,290.24,290.24,180.78,Price List B,2025-11-27,2025-11-27,1,Shipped ,KBD-CUST0023-S1
SO-26084,3,SPRO-1015,Sprocket 3/8-16 ,200,EA,99.19,19838.0,74.58,Price List B,2025-12-04,2025-12-04,200,Shipped,KBD-CUST0023-S1
SO-26084,4,TIMI-1014,Timing Belt 1.000,6,EA,79.91,479.46,49.480000000000004,Price List B,2025-11-21,2025-11-24,6,Shipped,KBD-CUST0023-S1
SO-26084,5,CONV-1046,Conveyor Drive Package 1/4-20,3,EA,9794.27,29382.81,7311.89,Price List B,2025-11-30,11/30/2025,3,Shipped,KBD-CUST0023-S1
SO-26085,1,SPRO-1004 ,Sprocket 3/8-16,100,EA,50.89,5089.0,42.84,Price List C,2026-04-02,2026-04-05,0,Open,KBD-CUST0025-S1
SO-26086,1,TIMI-1071,Timing Belt 5/8-11,1,EA,119.01,119.01,74.85000000000001,Price List A ,2026-04-18,2026-04-19,0,Open,KBD-CUST0017-S1
SO-26086,2,TIMI-1030,Timing Belt 1/2-13,12,EA,111.12,1333.44,66.14,Price List A,2026-04-09,2026-04-09,0,Open,KBD-CUST0017-S1
SO-26086,3,AC-1086,AC Motor TEFC 5/16-18,2,EA,3992.74,7985.48,2390.86,Price List A,2026-04-04,2026-04-04,0,Backordered,KBD-CUST0017-S1
SO-26086,4,TIMI-1056,Timing Belt 5/16-18,100,EA,27.88,2788.0,17.21,Price List A,2026-04-04,2026-04-04,0,Open ,KBD-CUST0017-S1
SO-26087,1,SPRO-1087,Sprocket 1/2-13,12,EA,53.33,639.96,44.550000000000004,Price List D,2025-12-14,2025-12-21,12,Shipped,KBD-CUST0011-S1
SO-26087,2,SPRO-1041,Sprocket M6,50,EA,52.76,2638.0,35.35,Price List D,2025-12-19,2025-12-22,50,Shipped,KBD-CUST0011-S1
SO-26087,3,CONV-1042,Conveyor Drive Package 2.000,2,EA,6261.67,12523.34,5159.58,Price List D,2025-12-09,2025-12-09,2,Shipped,KBD-CUST0011-S1
SO-26088,1,MOUN-1034,Mounted Ball Bearing Unit M12,4,EA,42.77,171.08,23.82,Price List B,2025-04-20,2025-04-23,4,Shipped,KBD-CUST0021-S1
SO-26088,2,MOUN-1062,Mounted Ball Bearing Unit 1/2-13,1,EA,203.9,203.9,135.75,Manual override,2025-04-16,2025-04-16,1,Shipped,KBD-CUST0021-S1
SO-26089,1,MOUN-1029,Mounted Ball Bearing Unit 1.500,4,EA,129.68,518.72,86.28,Price List C,2025-06-25,2025-06-28,4,Shipped,KBD-CUST0028-S1
SO-26089,2,AC-1086,AC Motor TEFC 5/16-18,5,EA,3593.47,17967.35,2390.86,Price List C,2025-06-09,2025-06-16,5,Shipped,KBD-CUST0028-S1
SO-26089,3,GEAR-1067,Gear Reducer M6,1,EA,632.08,632.08,498.09000000000003,Price List C,2025-06-06,2025-06-06,1,Shipped,KBD-CUST0028-S1
SO-26089,4,AC-1054,AC Motor TEFC 1.500,3,EA,2419.21,7257.63,1828.58,Price List C,2025-06-08,2025-06-15,3,Shipped,KBD-CUST0028-S1
SO-26090,1,CONV-1051,Conveyor Drive Package 1/4-20,3,EA,5770.11,17310.33,4147.58,Manual override,06/17/25,2025-06-17,3,Shipped,KBD-CUST0019-S1
SO-26091,1,SPRO-1087,Sprocket 1/2-13,2,EA ,61.79,123.58,44.550000000000004,Price List B,"Aug 06, 2025",2025-08-06,2,Shipped,KBD-CUST0006-S1
SO-26091,2,AC-1006,AC Motor TEFC 1.250,3,EA,3521.74,10565.22,2130.52,Price List B,2025-07-24,2025-07-31,3,Shipped,KBD-CUST0006-S1
SO-26091,3,CONV-1042 ,Conveyor Drive Package 2.000,2,EA,7036.74,14073.48,5159.58,Manual override,2025-08-04,2025-08-07,2,Shipped,KBD-CUST0006-S1
SO-26091,4,TIMI-1000,Timing Belt 1.500 ,10,EA,59.14,591.4,43.53,Price List B,2025-07-18,2025-07-18,10,Shipped,KBD-CUST0006-S1
SO-26092,1,CONV-1046,Conveyor Drive Package 1/4-20,3,EA,9278.78,27836.34,7311.89,Price List C,2025-10-14,2025-10-15,3,Shipped,KBD-CUST0013-S1
SO-26092,2,TIMI-1056,Timing Belt 5/16-18,12,EA,25.09,301.08,17.21,Price List C,2025-10-08,2025-10-15,12,Shipped,KBD-CUST0013-S1
SO-26092,3,CONV-1013,Conveyor Drive Package 1.500,1,EA,3973.84,3973.84,2336.18,Price List C,2025-10-26,11/02/2025,1,Shipped,KBD-CUST0013-S1
SO-26093,1,AC-1085,AC Motor TEFC M6,5,EA,480.61,2403.05,365.76,Price List C,2026-03-27,2026-03-27,5,Shipped,KBD-CUST0028-S1
SO-26093,2,SPRO-1011,Sprocket #60,2,EA ,193.48,386.96,118.48,Manual override,2026-03-31,2026-04-07,0,Open,KBD-CUST0028-S1
SO-26093,3,TIMI-1014,Timing Belt 1.000,200,EA,75.71,15142.0,49.480000000000004,Price List C,2026-04-01,2026-04-01,0,Open,KBD-CUST0028-S1
SO-26093,4,MOUN-1083,Mounted Ball Bearing Unit size 8,6,EA,124.81,748.86,87.77,Price List C,2026-03-19,2026-03-19,6,Shipped,KBD-CUST0028-S1
SO-26093,5,SHEA-1028,Sheave / Pulley #80,2,EA,473.86,947.72,284.6,Price List C,04/10/26,2026-04-10,0,Open,KBD-CUST0028-S1
SO-26094,1,ROLL-1079,Roller Chain ANSI M8,2,EA,160.9,321.8,102.65,Price List B,2025-09-25,2025-10-02,2,Shipped,KBD-CUST0015-S1 
SO-26095,1,SKF-6205-2RS1,"Deep groove ball bearing 25x52x15, sealed",100,EA,4.6,460.0,3.55,Price List C,2025-06-07,2025-06-08,100,Shipped,KBD-CUST0026-S1
SO-26096,1,CONV-1089,Conveyor Drive Package #60,1,EA,6395.92,6395.92,5864.59,Price List D,2025-12-07,2025-12-07,1,Shipped,KBD-CUST0018-S1
SO-26096,2,GEAR-1010,Gear Reducer 1.375,5,EA,3972.42,19862.1,2784.15,Price List D,2025-12-27,28-Dec-2025,5,Shipped,KBD-CUST0018-S1 
SO-26097,1,SPRO-1002,Sprocket 1/4-20,1,EA,90.07,90.07,65.84,Price List B,2025-12-29,2025-12-30,1,Shipped,KBD-CUST0022-S1
SO-26097,2,SPRO-1004,Sprocket 3/8-16,50,EA,53.72,2686.0,42.84,Price List B,2026-01-04,2026-01-04,50,Shipped ,KBD-CUST0022-S1
SO-26097,3,MOUN-1029,Mounted Ball Bearing Unit 1.500,200,EA,136.89,27378.0,86.28,Price List B,2025-12-31,2026-01-01,200,Shipped,KBD-CUST0022-S1
SO-26098,1,SPRO-1002,Sprocket 1/4-20,100,EA,85.33,8533.0,65.84,Price List C,2026-01-07,2026-01-07,100,Shipped,KBD-CUST0016-S1
SO-26098,2,AC-1057,AC Motor TEFC M10,3,EA,951.68,2855.04,687.08,Manual override,2026-01-09,2026-01-12,3,Shipped,KBD-CUST0016-S1
SO-26098,3,SKF-6308-2Z,"Deep groove ball bearing 40x90x23, shielded",1,EA,12.0,12.0,10.25,Price List C,2026-01-10,2026-01-10 ,1,Shipped,KBD-CUST0016-S1
SO-26098,4,SPRO-1076,Sprocket 5/16-18,100,EA,17.16,1716.0,13.24,Price List C,"Jan 05, 2026",2026-01-12,100,Shipped,KBD-CUST0016-S1
SO-26099,1,SHEA-1077,Sheave / Pulley #60,25,EA,108.29,2707.25,67.98,Price List C,2026-01-04,2026-01-05,25,Shipped,KBD-CUST0012-S1
SO-26099,2,TIMI-1032,Timing Belt size 6,50,EA,48.69,2434.5,32.99,Price List C,2026-01-04,2026-01-11,50,Shipped,KBD-CUST0012-S1
SO-26100,1,ROLL-1012,Roller Chain ANSI 2.000,10,EA,59.14,591.4,47.52,Price List B,2025-07-29,07/30/25,10,Shipped,KBD-CUST0032-S1
SO-26100,2,ROLL-1012,Roller Chain ANSI 2.000,200,EA,59.14,11828.0,47.52,Price List B,2025-07-28,2025-07-28,200,Shipped,KBD-CUST0032-S1
SO-26100,3,SHEA-1035,Sheave / Pulley 1.000,1,EA,197.53,197.53,148.52,Price List B,2025-07-21,2025-07-22,1,Shipped,KBD-CUST0032-S1
SO-26100,4,SHEA-1077,Sheave / Pulley #60,100,EA,114.3,11430.0,67.98,Price List B,2025-07-27,2025-08-03,100,Shipped,KBD-CUST0032-S1
SO-26100,5,GEAR-1073,Gear Reducer 5/16-18,1,EA,2781.13,2781.13,1938.75,Price List B,2025-08-02,2025-08-05,1,Shipped,KBD-CUST0032-S1
SO-26101,1,SPRO-1069,Sprocket #50,1,EA,192.46,192.46,115.11,Price List B,2026-01-24,2026-01-31,1,Shipped,KBD-CUST0007-S1
SO-26102,1,CONV-1051,Conveyor Drive Package 1/4-20,2,EA,5831.5,11663.0,4147.58,Price List B,2025-07-26,07/26/2025,0,Open,KBD-CUST0023-S1
SO-26102,2,CONV-1059,Conveyor Drive Package 1/4-20,3,EA,5263.42,15790.26,3693.63,Price List B,11-Jul-2025,2025-07-14,3,Shipped,KBD-CUST0023-S1
SO-26102,3,SHEA-1038,Sheave / Pulley 2.000,3,EA,482.49,1447.47,295.28000000000003,Price List B,2025-07-28,2025-07-28,3,Shipped,KBD-CUST0023-S1
SO-26102,4,GAT-B62,Hi-Power II V-belt B62,4,EA,18.58,74.32,12.7,Price List B,2025-07-13,2025-07-13,4,Shipped,KBD-CUST0023-S1
SO-26103,1,SPRO-1078,Sprocket M6,12,EA,112.8,1353.6,69.25,Manual override,2025-06-26,2025-07-03,12,Shipped,KBD-CUST0019-S1
SO-26103,2,CONV-1042,Conveyor Drive Package 2.000,5,EA,7636.18,38180.9,5159.58,Price List A,"Jul 07, 2025","Jul 07, 2025",5,Shipped,KBD-CUST0019-S1
SO-26103,3,CONV-1013,Conveyor Drive Package 1.500,1,EA,4415.38,4415.38,2336.18,Price List A,2025-06-16,2025-06-23,1,Shipped,KBD-CUST0019-S1
SO-26104,1,SHEA-1025,Sheave / Pulley size 4,5,EA,251.55,1257.75,153.95000000000002,Price List B,2025-10-08,2025-10-15,5,Shipped,KBD-CUST0030-S1
SO-26105,1,MOUN-1062,Mounted Ball Bearing Unit 1/2-13,3,EA,210.21,630.63,135.75,Price List B,2025-08-18,2025-08-18,3,Shipped,KBD-CUST0015-S1
SO-26106,1,SPRO-1055,Sprocket #50,12,EA,32.03,384.36,26.94,Price List D,14-Aug-2025,2025-08-14,12,Shipped,KBD-CUST0018-S1
SO-26106,2,MOUN-1029,Mounted Ball Bearing Unit 1.500,50,EA,107.52,5376.0,86.28,Manual override ,2025-08-22,2025-08-23,50,Shipped,KBD-CUST0018-S1
SO-26107,1,AC-1033,AC Motor TEFC 3/4-10,5,EA,1183.36,5916.8,1093.27,Price List D,2026-04-06,2026-04-09,0,Open,KBD-CUST0018-S1
SO-26107,2,CONV-1089,Conveyor Drive Package #60,1,EA,6395.92,6395.92,5864.59,Price List D,2026-04-12,2026-04-19,0,Open,KBD-CUST0018-S1
SO-26107,3,ROLL-1026,Roller Chain ANSI #50,5,EA,194.96,974.8,129.92000000000002,Price List D,2026-04-10,13-Apr-2026,0,Open,KBD-CUST0018-S1
SO-26107,4,SHEA-1035,Sheave / Pulley 1.000,1,EA,170.5,170.5,148.52,Price List D,04/13/2026,2026-04-13 ,0,Open,KBD-CUST0018-S1
SO-26108,1,SKF-6308-2Z,"Deep groove ball bearing 40x90x23, shielded",25,EA,13.33,333.25,10.25,Price List A,2025-06-18,2025-06-21,25,Shipped,KBD-CUST0017-S1
SO-26108,2,CONV-1013,Conveyor Drive Package 1.500,3,EA,4415.38,13246.14,2336.18,Price List A,2025-06-18,2025-06-19,3,Shipped,KBD-CUST0017-S1
SO-26108,3,SPRO-1002,Sprocket 1/4-20,1,EA,94.81,94.81,65.84,Price List A,2025-06-15,2025-06-18,1,Shipped,KBD-CUST0017-S1
SO-26108,4,SPRO-1015,Sprocket 3/8-16,200,EA,104.41,20882.0,74.58,Price List A,2025-06-11,2025-06-14,200,Shipped,KBD-CUST0017-S1
SO-26108,5,AC-1086,AC Motor TEFC 5/16-18,1,EA,3992.74,3992.74,2390.86,Price List A,2025-06-18,06/18/25,1,Shipped,KBD-CUST0017-S1
SO-26109,1,SPRO-1050,Sprocket 5/16-18,6,EA,15.04,90.24,12.85,Manual override,2025-12-15,2025-12-18,6,Shipped,KBD-CUST0006-S1
SO-26109,2,SHEA-1035,Sheave / Pulley 1.000,3,EA,197.53,592.59,148.52,Price List B,2025-12-12,2025-12-19,3,Shipped,KBD-CUST0006-S1
SO-26109,3,AC-1086,AC Motor TEFC 5/16-18,3,EA,3793.1,11379.3,2390.86,Price List B,2025-12-07,2025-12-07,3,Shipped,KBD-CUST0006-S1
SO-26109,4,AC-1006,AC Motor TEFC 1.250,2,EA,3521.74,7043.48,2130.52,Price List B,2025-12-09,12/09/25,2,Shipped,KBD-CUST0006-S1
SO-26110,1,CONV-1051,Conveyor Drive Package 1/4-20,1,EA,5524.58,5524.58,4147.58,Price List C,2026-04-18,2026-04-18,0,Open,KBD-CUST0025-S1
SO-26110,2,CONV-1043,Conveyor Drive Package 1.375,3,EA,2484.13,7452.39,1971.53,Price List C,05-Apr-2026,2026-04-05,0,Open,KBD-CUST0025-S1
SO-26110,3,CONV-1046,Conveyor Drive Package 1/4-20,5,EA,9278.78,46393.9,7311.89,Price List C,04/03/26,2026-04-10,0,Open,KBD-CUST0025-S1
SO-26110,4,MOUN-1083,Mounted Ball Bearing Unit size 8,6,EA,124.81,748.86,87.77,Price List C,20-Apr-2026,2026-04-23,0,Open,KBD-CUST0025-S1
SO-26111,1,SHEA-1049,Sheave / Pulley size 4,1,EA,250.58,250.58,153.4,Manual override,2025-07-07,2025-07-14,1,Shipped,KBD-CUST0015-S1
SO-26111,2,CONV-1022,Conveyor Drive Package 1.375,3,EA,2783.03,8349.09,2154.05,Price List B,2025-07-11,2025-07-18,3,Shipped,KBD-CUST0015-S1
SO-26111,3,SPRO-1055,Sprocket #50,200,EA,37.11,7422.0,26.94,Price List B,2025-07-11,2025-07-14,200,Shipped,KBD-CUST0015-S1
SO-26111,4,MOUN-1008,Mounted Ball Bearing Unit #60,25,EA,102.03,2550.75,71.79,Manual override,2025-07-08,2025-07-08,25,Shipped,KBD-CUST0015-S1
SO-26111,5,GEAR-1060,Gear Reducer #60,1,EA,4686.22,4686.22,3102.4300000000003,Price List B,2025-07-19,2025-07-26,1,Shipped,KBD-CUST0015-S1
SO-26112,1,SPRO-1061,Sprocket #50,1,EA,115.25,115.25,87.28,Price List B,08/29/25,2025-08-29,1,Shipped,KBD-CUST0023-S1
SO-26112,2,GEAR-1080,Gear Reducer #60,1,EA,2425.4,2425.4,1484.33,Price List B,2025-08-21,2025-08-21,1,Shipped,KBD-CUST0023-S1
SO-26113,1,TIM-LM11949-LM11910,Tapered roller bearing set,2,EA,9.46,18.92,7.6,Price List B,2025-08-07,2025-08-07,2,Shipped,KBD-CUST0007-S1
SO-26114,1,CONV-1013,Conveyor Drive Package 1.500,1,EA,3973.84,3973.84,2336.18,Price List C,2025-06-18,2025-06-18,1,Shipped,KBD-CUST0016-S1
SO-26114,2,DOD-TXT315,Torque-Arm II shaft-mount reducer 15:1,5,EA,1476.18,7380.9,1180.0,Price List C,2025-06-16,2025-06-16,5,Shipped,KBD-CUST0016-S1
SO-26115,1,SPRO-1002,Sprocket 1/4-20,1,EA,85.33,85.33,65.84,Price List C,2025-04-19,2025-04-22,1,Shipped,KBD-CUST0005-S1
SO-26115,2,SPRO-1009,Sprocket size 8,10,EA,38.43,384.3,24.54,Price List C,2025-04-21 ,04/21/2025,10,Shipped,KBD-CUST0005-S1
SO-26115,3,SHEA-1068,Sheave / Pulley 1/4-20,1,EA,274.97,274.97,180.78,Price List C,2025-04-23,2025-04-23,1,Shipped,KBD-CUST0005-S1
SO-26115,4,AC-1040,AC Motor TEFC #50,3,EA,800.8,2402.4,609.44,Price List C,2025-04-10,2025-04-13,3,Shipped,KBD-CUST0005-S1
SO-26116,1,AC-1074,AC Motor TEFC M8,3,EA,2622.77,7868.31,1663.14,Price List B,2025-10-11,2025-10-12,3,Shipped,KBD-CUST0020-S1
SO-26117,1,ROLL-1079,Roller Chain ANSI M8,2,EA,160.9,321.8,102.65,Price List B,2026-01-18,2026-01-18,2,Shipped,KBD-CUST0007-S1
SO-26117,2,GEAR-1073,Gear Reducer 5/16-18,3,EA,2781.13,8343.39,1938.75,Price List B,2026-01-17,2026-01-18,3,Shipped,KBD-CUST0007-S1
SO-26117,3,TIMI-1017,Timing Belt size 6,200,EA,71.27,14254.0,50.69,Price List B,2026-01-11,2026-01-18,200,Shipped,KBD-CUST0007-S1
SO-26118,1,GEAR-1080,Gear Reducer #60,3,EA ,2297.75,6893.25,1484.33,Price List C,2025-11-17,2025-11-17,3,Shipped,KBD-CUST0028-S1
SO-26118,2,SPRO-1004,Sprocket 3/8-16,2,EA,50.89,101.78,42.84,Price List C,2025-11-01,2025-11-01,2,Shipped,KBD-CUST0028-S1
SO-26119,1,SHEA-1088,Sheave / Pulley 1/4-20,3,EA,271.59,814.77,189.79,Price List C,2026-01-17,2026-01-18,0,Open,KBD-CUST0012-S1
SO-26119,2,MOUN-1034,Mounted Ball Bearing Unit M12,4,EA,38.49,153.96,23.82,Manual override,2026-01-16,2026-01-16,4,Shipped,KBD-CUST0012-S1
SO-26120,1,AC-1074,AC Motor TEFC M8,5,EA,2263.86,11319.3,1663.14,Price List D,2026-03-25,2026-03-25,5,Shipped,KBD-CUST0018-S1
SO-26121,1,AC-1057,AC Motor TEFC M10,2,EA,1116.16,2232.32,687.08,Price List B,2025-12-10,"Dec 11, 2025",2,Shipped,KBD-CUST0006-S1
SO-26121,2,SHEA-1003,Sheave / Pulley #50,1,EA ,306.79,306.79,235.72,Price List B,2025-12-03,2025-12-10,1,Shipped,KBD-CUST0006-S1
SO-26122,1,SPRO-1041,Sprocket M6,2,EA,61.12,122.24,35.35,Price List B,2025-07-08,07/08/2025,2,Shipped,KBD-CUST0032-S1
SO-26122,2,SPRO-1070,Sprocket M12,25,EA,38.17,954.25,22.96,Price List B,2025-07-21,2025-07-28,25,Shipped,KBD-CUST0032-S1
SO-26122,3,MOUN-1018,Mounted Ball Bearing Unit M8,3,EA,183.5,550.5,109.13,Price List B,"Jul 08, 2025",2025-07-11,0,Backordered,KBD-CUST0032-S1
SO-26122,4,AC-1074,AC Motor TEFC M8,1,EA,2622.77,2622.77,1663.14,Price List B,2025-07-13,2025-07-13,1,Shipped,KBD-CUST0032-S1
SO-26122,5,GEAR-1084,Gear Reducer M6,2,EA,5614.27,11228.54,3456.0,Price List B,2025-07-09,2025-07-09,2,Shipped,KBD-CUST0032-S1
SO-26123,1,SPRO-1041,Sprocket M6 ,50,EA,57.91,2895.5,35.35,Price List C ,2025-08-23,2025-08-26,50,Shipped,KBD-CUST0016-S1
SO-26123,2,SHEA-1045,Sheave / Pulley M10,200,EA,64.37,12874.0,47.68,Price List C,2025-09-06,2025-09-06,200,Shipped,KBD-CUST0016-S1
SO-26123,3,GEAR-1080,Gear Reducer #60,3,EA,2297.75,6893.25,1484.33,Price List C,2025-08-27,2025-08-27,3,Shipped,KBD-CUST0016-S1
SO-26123,4,SHEA-1035,Sheave / Pulley 1.000,5,EA,187.14,935.7,148.52,Price List C,2025-09-11,2025-09-11,5,Shipped,KBD-CUST0016-S1
SO-26124,1,TIMI-1014,Timing Belt 1.000,50,EA,84.12,4206.0,49.480000000000004,Price List A,03/21/26,"Mar 21, 2026",50,Shipped,KBD-CUST0010-S1
SO-26124,2,AC-1054,AC Motor TEFC 1.500,1,EA,2688.01,2688.01,1828.58,Price List A,2026-03-27,2026-03-27,1,Shipped,KBD-CUST0010-S1
SO-26124,3,SHEA-1035,Sheave / Pulley 1.000,3,EA,207.93,623.79,148.52,Price List A,2026-03-25,03/28/26,0,Open,KBD-CUST0010-S1
SO-26124,4,SHEA-1038,Sheave / Pulley 2.000,3,EA,507.88,1523.64,295.28000000000003,Price List A,2026-03-29,2026-04-01,0,Open,KBD-CUST0010-S1
SO-26125,1,SHEA-1038,Sheave / Pulley 2.000,5,EA,457.09,2285.45,295.28000000000003,Price List C,2026-04-19,04/19/26,0,Open,KBD-CUST0016-S1
SO-26126,1,SPRO-1061,Sprocket #50,4,EA,109.19,436.76,87.28,Price List C,2025-12-17,2025-12-18,4,Shipped,KBD-CUST0025-S1
SO-26126,2,GEAR-1066,Gear Reducer 1.000,1,EA,1588.8,1588.8,1270.02,Price List C,2025-12-14,2025-12-14,1,Shipped,KBD-CUST0025-S1
SO-26126,3,TIMI-1020,Timing Belt 5/16-18,200,EA,69.3,13860.0,52.03,Price List C,2025-12-28,31-Dec-2025,200,Shipped,KBD-CUST0025-S1
SO-26127,1,SPRO-1015,Sprocket 3/8-16,12,EA,85.62,1027.44,74.58,Price List D,2026-03-06,07-Mar-2026,12,Shipped,KBD-CUST0011-S1
SO-26128,1,CONV-1051,Conveyor Drive Package 1/4-20,5,EA,5033.5,25167.5,4147.58,Price List D,2025-10-18,"Oct 18, 2025",5,Shipped,KBD-CUST0014-S1
SO-26128,2,ROLL-1079,Roller Chain ANSI M8 ,1,EA,120.25,120.25,102.65,KBD-CPA015,2025-10-13,10/20/2025 ,1,Shipped,KBD-CUST0014-S1
SO-26128,3,CONV-1065,Conveyor Drive Package #80,1,EA,3928.51,3928.51,2903.56,Price List D,10/16/2025,23-Oct-2025,0,Backordered,KBD-CUST0014-S1
SO-26128,4,TIMI-1071,Timing Belt 5/8-11,12,EA,97.59,1171.08,74.85000000000001,Price List D,2025-10-16,10/16/25,12,Shipped,KBD-CUST0014-S1
SO-26128,5,TIMI-1032,Timing Belt size 6,2,EA,44.36,88.72,32.99,Price List D,2025-10-06,10/07/2025,0,Open,KBD-CUST0014-S1
SO-26129,1,SPRO-1050,Sprocket 5/16-18,1,EA,15.04,15.04,12.85,Manual override,2026-04-09,2026-04-09,0,Open,KBD-CUST0015-S1
SO-26129,2,TIMI-1014,Timing Belt 1.000,200,EA,79.91,15982.0,49.480000000000004,Price List B,"Mar 15, 2026",2026-03-15,200,Shipped,KBD-CUST0015-S1
SO-26129,3,ROLL-1026,Roller Chain ANSI #50,1,EA,225.86,225.86,129.92000000000002,Price List B,2026-03-26,2026-03-29,0,Backordered,KBD-CUST0015-S1
SO-26129,4,GEAR-1084,Gear Reducer M6,1,EA,5614.27,5614.27,3456.0,Price List B,2026-03-20,2026-03-21,0,Open,KBD-CUST0015-S1
SO-26129,5,ROLL-1012,Roller Chain ANSI 2.000,1,EA,59.14,59.14,47.52,Price List B,2026-03-18,2026-03-21,1,Shipped,KBD-CUST0015-S1
SO-26130,1,AC-1085,AC Motor TEFC M6,2,EA,422.94,845.88,365.76,Manual override,2026-02-01,2026-02-01,2,Shipped,KBD-CUST0026-S1
SO-26130,2,MOUN-1029,Mounted Ball Bearing Unit 1.500 ,12,EA,129.68,1556.16,86.28,Price List C,2026-02-01,2026-02-01,12,Shipped,KBD-CUST0026-S1
SO-26130,3,SPRO-1070,Sprocket M12,200,EA,36.16,7232.0,22.96,Price List C,2026-01-14,2026-01-17,200,Shipped,KBD-CUST0026-S1
SO-26131,1,SPRO-1055,Sprocket #50,12,EA,37.11,445.32,26.94,Price List B,2025-05-17,"May 17, 2025",12,Shipped,KBD-CUST0021-S1
SO-26131,2,SPRO-1011,Sprocket #60,3,EA,212.73,638.19,118.48,Price List B,2025-05-13,2025-05-14,3,Shipped,KBD-CUST0021-S1
SO-26131,3,MOUN-1083,Mounted Ball Bearing Unit size 8,100,EA,131.75,13175.0,87.77,Price List B,2025-05-16,2025-05-17,0,Open,KBD-CUST0021-S1
SO-26132,1,SPRO-1002,Sprocket 1/4-20,25,EA,80.16,2004.0,65.84,Manual override,2026-01-20,01/23/26,25,Shipped,KBD-CUST0030-S1
SO-26132,2,ROLL-1012,Roller Chain ANSI 2.000,2,EA,59.14,118.28,47.52,Price List B,2026-01-10,2026-01-10,0,Open,KBD-CUST0030-S1
SO-26133,1,SPRO-1041,Sprocket M6 ,200,EA,61.12,12224.0,35.35,Price List B,12/27/25,2026-01-03,200,Shipped,KBD-CUST0032-S1
SO-26133,2,GEAR-1010,Gear Reducer 1.375,1,EA,4602.2,4602.2,2784.15,Price List B,"Jan 01, 2026",2026-01-01,1,Shipped,KBD-CUST0032-S1
SO-26134,1,TIM-LM11949-LM11910,Tapered roller bearing set,4,EA,9.96,39.84,7.6,Price List A,2025-05-22,2025-05-23,4,Shipped,KBD-CUST0008-S1
SO-26134,2,DOD-TXT315,Torque-Arm II shaft-mount reducer 15:1,2,EA,1640.2,3280.4,1180.0,Price List A,2025-05-19,2025-05-22,2,Shipped,KBD-CUST0008-S1
SO-26135,1,TIMI-1017,Timing Belt size 6,2,EA,71.27,142.54,50.69,Price List B,2026-03-23,2026-03-23,2,Shipped,KBD-CUST0023-S1
SO-26135,2,MOUN-1008,Mounted Ball Bearing Unit #60,4,EA ,115.94,463.76,71.79,Price List B,2026-02-28,2026-03-07,4,Shipped,KBD-CUST0023-S1
SO-26135,3,MOUN-1029,Mounted Ball Bearing Unit 1.500,50,EA,136.89,6844.5,86.28,Price List B,2026-03-08,2026-03-09,50,Shipped,KBD-CUST0023-S1
SO-26136,1,SHEA-1028,Sheave / Pulley #80,1,EA,500.18,500.18,284.6,Price List B,2025-09-25,2025-10-02,1,Shipped,KBD-CUST0022-S1
SO-26136,2,AC-1074,AC Motor TEFC M8,2,EA,2491.63,4983.26,1663.14,Manual override,2025-09-26,2025-09-26,2,Shipped,KBD-CUST0022-S1
SO-26136,3,MOUN-1029,Mounted Ball Bearing Unit 1.500,12,EA,136.89,1642.68,86.28,Price List B,2025-09-21,2025-09-24,12,Shipped,KBD-CUST0022-S1
SO-26136,4,SHEA-1035,Sheave / Pulley 1.000,3,EA,197.53,592.59,148.52,Price List B,2025-09-26,2025-09-27,3,Shipped,KBD-CUST0022-S1
SO-26137,1,ROLL-1012,Roller Chain ANSI 2.000,4,EA,59.14,236.56,47.52,Price List B,2025-12-02,2025-12-02,4,Shipped,KBD-CUST0032-S1
SO-26137,2,MOUN-1031,Mounted Ball Bearing Unit 1.500,2,EA,55.63,111.26,38.78,Price List B,2025-12-13,2025-12-13,2,Shipped,KBD-CUST0032-S1
SO-26137,3,GEAR-1060,Gear Reducer #60,1,EA,4686.22,4686.22,3102.4300000000003,Price List B,2025-12-19,2025-12-19,1,Shipped,KBD-CUST0032-S1
SO-26138,1,BRI-HHCS-0500-13-200-G8,"Hex head cap screw 1/2-13 x 2 Gr 8 yellow zinc, 50/bx",6,BX,51.11,306.66,44.75,Manual override,2026-03-10,2026-03-10,6,Shipped,KBD-CUST0013-S1
SO-26138,2,CONV-1065,Conveyor Drive Package #80,3,EA,4311.78,12935.34,2903.56,Price List C,2026-03-16,2026-03-17,3,Shipped,KBD-CUST0013-S1
SO-26138,3,SHEA-1088,Sheave / Pulley 1/4-20,1,EA,271.59,271.59,189.79,Price List C,2026-03-15,2026-03-16,1,Shipped,KBD-CUST0013-S1
SO-26138,4,SPRO-1061,Sprocket #50,1,EA,109.19,109.19,87.28,Price List C,2026-03-31,2026-03-31,0,Open,KBD-CUST0013-S1
SO-26139,1,SKF-6205-2RS1,"Deep groove ball bearing 25x52x15, sealed",4,EA,4.55,18.2,3.55,Manual override,2025-10-19,2025-10-26,4,Shipped,KBD-CUST0017-S1
SO-26139,2,SPRO-1050,Sprocket 5/16-18,10,EA,17.99,179.9,12.85,Price List A,2025-10-28,2025-10-28,10,Shipped,KBD-CUST0017-S1
SO-26139,3,MOUN-1083,Mounted Ball Bearing Unit size 8,200,EA,138.68,27736.0,87.77,Price List A,26-Oct-2025,2025-10-29,200,Shipped,KBD-CUST0017-S1
SO-26139,4,SPRO-1002,Sprocket 1/4-20 ,10,EA,94.81,948.1,65.84,Price List A,2025-10-21,2025-10-21,10,Shipped,KBD-CUST0017-S1
SO-26139,5,GEAR-1080,Gear Reducer #60,5,EA,2553.05,12765.25,1484.33,Price List A,2025-10-05,2025-10-06,5,Shipped,KBD-CUST0017-S1
SO-26140,1,AC-1057,AC Motor TEFC M10,1,EA,1174.91,1174.91,687.08,Price List A,2026-01-18,2026-01-18,1,Shipped,KBD-CUST0019-S1
SO-26140,2,SHEA-1003,Sheave / Pulley #50,3,EA ,322.94,968.82,235.72,Price List A,2026-01-30,2026-01-30,3,Shipped,KBD-CUST0019-S1
SO-26140,3,AC-1033,AC Motor TEFC 3/4-10,3,EA,1443.12,4329.36,1093.27,Price List A,01/23/2026,01/23/26,3,Shipped,KBD-CUST0019-S1
SO-26140,4,CONV-1043,Conveyor Drive Package 1.375,2,EA,2760.14,5520.28,1971.53,Price List A,2026-01-20,2026-01-20,2,Shipped,KBD-CUST0019-S1
SO-26140,5,SHEA-1068,Sheave / Pulley 1/4-20,2,EA ,305.52,611.04,180.78,Price List A,2026-01-12,2026-01-12,2,Shipped,KBD-CUST0019-S1
SO-26141,1,AC-1033,AC Motor TEFC 3/4-10,5,EA,1183.36,5916.8,1093.27,Price List D,2026-02-22,01-Mar-2026,5,Shipped,KBD-CUST0004-S1
SO-26141,2,CONV-1022,Conveyor Drive Package 1.375,1,EA,2402.2,2402.2,2154.05,Price List D,02/03/26,2026-02-03,1,Shipped,KBD-CUST0004-S1
SO-26141,3,SPRO-1050,Sprocket 5/16-18,6,EA,14.75,88.5,12.85,Price List D,2026-02-22,2026-02-25,6,Shipped,KBD-CUST0004-S1
SO-26141,4,AC-1048,AC Motor TEFC M6,1,EA,2075.36,2075.36,1745.47,Price List D,2026-02-08,2026-02-11,1,Shipped,KBD-CUST0004-S1
SO-26141,5,SHEA-1088,Sheave / Pulley 1/4-20,5,EA,247.45,1237.25,189.79,Price List D,2026-02-19,2026-02-26,5,Shipped,KBD-CUST0004-S1
SO-26142,1,GAT-B62,Hi-Power II V-belt B62,2,EA,18.58,37.16,12.7,Price List B,2025-04-27,2025-05-04,2,Shipped,KBD-CUST0021-S1
SO-26142,2,SPRO-1041,Sprocket M6,25,EA,53.79,1344.75,35.35,Manual override,2025-04-15,2025-04-15,25,Shipped,KBD-CUST0021-S1 
SO-26143,1,ROLL-1053,Roller Chain ANSI #80,10,EA,117.61,1176.1,86.10000000000001,Manual override,2025-08-24,2025-08-31,0,Open,KBD-CUST0007-S1 
SO-26144,1,GEAR-1060,Gear Reducer #60,1,EA,4932.86,4932.86,3102.4300000000003,Price List A,2025-10-24,2025-10-24,1,Shipped,KBD-CUST0017-S1
SO-26144,2,SHEA-1049,Sheave / Pulley size 4,1,EA,277.65,277.65,153.4,Price List A,2025-10-27,2025-10-28 ,1,Shipped,KBD-CUST0017-S1
SO-26144,3,SHEA-1049,Sheave / Pulley size 4,3,EA,260.99,782.97,153.4,Manual override,09-Oct-2025,2025-10-10,3,Shipped,KBD-CUST0017-S1
SO-26144,4,MOUN-1018,Mounted Ball Bearing Unit M8,3,EA,193.16,579.48,109.13,Price List A,2025-10-27,2025-11-03,3,Shipped,KBD-CUST0017-S1
SO-26145,1,CONV-1052,Conveyor Drive Package size 4,1,EA,3640.77,3640.77,2311.6,Price List C,2025-07-22,2025-07-22,1,Shipped,KBD-CUST0031-S1
SO-26145,2,MOUN-1081,Mounted Ball Bearing Unit 5/8-11,10,EA,74.96,749.6,61.24,Price List C,2025-08-04,2025-08-11,10,Shipped,KBD-CUST0031-S1
SO-26145,3,ROLL-1053,Roller Chain ANSI #80,4,EA,122.44,489.76,86.10000000000001,Price List C,08/06/25,06-Aug-2025,4,Shipped,KBD-CUST0031-S1
SO-26145,4,MOUN-1083,Mounted Ball Bearing Unit size 8,200,EA,124.81,24962.0,87.77,Price List C,2025-07-26,2025-07-27,200,Shipped,KBD-CUST0031-S1
SO-26145,5,TIMI-1075,Timing Belt 1.000,200,EA,96.26,19252.0,72.76,Price List C,2025-07-23,2025-07-30,200,Shipped,KBD-CUST0031-S1
SO-26146,1,SPRO-1087,Sprocket 1/2-13,1,EA ,61.79,61.79,44.550000000000004,Price List B,2026-03-25,2026-03-25,0,Backordered,KBD-CUST0022-S1
SO-26147,1,SHEA-1038,Sheave / Pulley 2.000,1,EA,457.09,457.09,295.28000000000003,Price List C,18-Sep-2025,2025-09-25,1,Shipped,KBD-CUST0016-S1
SO-26147,2,TIMI-1032,Timing Belt size 6,10,EA,48.69,486.9,32.99,Price List C,2025-08-25,2025-09-01,10,Shipped,KBD-CUST0016-S1
SO-26147,3,SHEA-1088,Sheave / Pulley 1/4-20,1,EA,271.59,271.59,189.79,Price List C,2025-09-12,2025-09-12,1,Shipped ,KBD-CUST0016-S1
SO-26147,4,SHEA-1038,Sheave / Pulley 2.000,3,EA,457.09,1371.27,295.28000000000003,Price List C,2025-09-11,11-Sep-2025,3,Shipped,KBD-CUST0016-S1
SO-26147,5,SHEA-1064,Sheave / Pulley M12,1,EA,205.2,205.2,139.88,Price List C,2025-09-04,2025-09-07,1,Shipped,KBD-CUST0016-S1
SO-26148,1,CONV-1043,Conveyor Drive Package 1.375,1,EA,2484.13,2484.13,1971.53,Price List C,2025-05-13,2025-05-20,1,Shipped,KBD-CUST0031-S1
SO-26148,2,SHEA-1064,Sheave / Pulley M12,1,EA,205.2,205.2,139.88,Price List C,2025-05-15,2025-05-15,1,Shipped,KBD-CUST0031-S1
SO-26148,3,TIMI-1075,Timing Belt 1.000,25,EA,96.26,2406.5,72.76,Price List C,25-May-2025,2025-06-01,25,Shipped,KBD-CUST0031-S1
SO-26148 ,4,TIMI-1017 ,Timing Belt size 6,10,EA,67.52,675.2,50.69,Price List C ,08-May-2025,2025-05-08,10,Shipped,KBD-CUST0031-S1
SO-26148,5,MOUN-1034,Mounted Ball Bearing Unit M12,25,EA,40.52,1013.0,23.82,Price List C,05/24/25,2025-05-24,25,Shipped,KBD-CUST0031-S1 
SO-26149,1,CONV-1022,Conveyor Drive Package 1.375,2,EA,2393.41,4786.82,2154.05,Manual override,2025-07-03,2025-07-10,2,Shipped,KBD-CUST0007-S1
SO-26149,2,CONV-1043,Conveyor Drive Package 1.375,2,EA,2622.13,5244.26,1971.53,Price List B,2025-07-10,2025-07-10,2,Shipped,KBD-CUST0007-S1
SO-26149,3,CONV-1052,Conveyor Drive Package size 4,2,EA,3843.03,7686.06,2311.6,Price List B,2025-07-04,2025-07-04,2,Shipped,KBD-CUST0007-S1
SO-26150,1,TIMI-1014,Timing Belt 1.000,1,EA,75.71,75.71,49.480000000000004,Price List C,2026-01-20,2026-01-20,1,Shipped,KBD-CUST0013-S1
SO-26150,2,GAT-B62,Hi-Power II V-belt B62,12,EA,17.6,211.2,12.7,Price List C,2026-01-21,2026-01-24,12,Shipped,KBD-CUST0013-S1
SO-26151,1,MOUN-1034,Mounted Ball Bearing Unit M12,10,EA,40.52,405.2,23.82,Price List C,2025-05-25,2025-05-28,10,Shipped,KBD-CUST0031-S1
SO-26151,2,SHEA-1088,Sheave / Pulley 1/4-20,5,EA,271.59,1357.95,189.79,Price List C,2025-06-18,2025-06-21,5,Shipped,KBD-CUST0031-S1
SO-26152,1,TIM-LM11949-LM11910,Tapered roller bearing set,1,EA,8.17,8.17,7.6,Price List D,2025-06-23,2025-06-30,1,Shipped,KBD-CUST0018-S1
SO-26152,2,TIMI-1030,Timing Belt 1/2-13,12,EA,91.12,1093.44,66.14,Price List D,2025-06-16,2025-06-16,12,Shipped,KBD-CUST0018-S1
SO-26152,3,GEAR-1010,Gear Reducer 1.375,1,EA,3972.42,3972.42,2784.15,Price List D,2025-06-09,2025-06-09,1,Shipped,KBD-CUST0018-S1
SO-26152,4,TIMI-1058,Timing Belt M6,100,EA,110.11,11011.0,84.45,Price List D,2025-06-03,2025-06-04,100,Shipped,KBD-CUST0018-S1
SO-26152,5,CONV-1023,Conveyor Drive Package 3/4-10,3,EA,5330.68,15992.04,3652.15,Price List D,2025-06-02,2025-06-02,3,Shipped,KBD-CUST0018-S1
SO-26153,1,CONV-1023,Conveyor Drive Package 3/4-10,5,EA,5850.75,29253.75,3652.15,Price List C,2025-08-15,2025-08-15,5,Shipped,KBD-CUST0029-S1
SO-26154,1,CONV-1059,Conveyor Drive Package 1/4-20,3,EA ,4986.4,14959.2,3693.63,Price List C,2025-12-25,2026-01-01,3,Shipped,KBD-CUST0025-S1
SO-26154,2,ROLL-1079,Roller Chain ANSI M8,2,EA,152.43,304.86,102.65,Price List C,2026-01-02,2026-01-09,2,Shipped,KBD-CUST0025-S1
SO-26155,1,TIMI-1030,Timing Belt 1/2-13,12,EA,100.01,1200.12,66.14,Price List C,2025-08-08 ,2025-08-08,12,Shipped,KBD-CUST0012-S1
SO-26155,2,SPRO-1070,Sprocket M12,6,EA,36.16,216.96,22.96,Price List C,2025-07-24,25-Jul-2025,6,Shipped,KBD-CUST0012-S1
SO-26155,3,TIMI-1058,Timing Belt M6,2,EA,120.85,241.7,84.45,Price List C,2025-08-15,2025-08-18 ,2,Shipped,KBD-CUST0012-S1
SO-26155,4,SKF-6205-2RS1,"Deep groove ball bearing 25x52x15, sealed",10,EA,4.6,46.0,3.55,Price List C,2025-07-24,2025-07-24,0,Backordered,KBD-CUST0012-S1
SO-26155,5,CONV-1059,Conveyor Drive Package 1/4-20,1,EA,4986.4,4986.4,3693.63,Price List C,2025-07-29,2025-07-29,1,Shipped,KBD-CUST0012-S1
SO-26156,1,SPRO-1027,Sprocket 1/4-20,200,EA,97.04,19408.0,77.98,Price List B,2025-10-06,2025-10-09,200,Shipped,KBD-CUST0030-S1
SO-26156,2,ROLL-1079,Roller Chain ANSI M8,1,EA,160.9,160.9,102.65,Price List B,2025-10-19,2025-10-22,1,Shipped,KBD-CUST0030-S1
SO-26157,1,SPRO-1050,Sprocket 5/16-18,25,EA,17.09,427.25,12.85,Price List B,2025-12-28,2025-12-31,25,Shipped,KBD-CUST0022-S1
SO-26158,1,BRI-HHCS-0500-13-200-G8,"Hex head cap screw 1/2-13 x 2 Gr 8 yellow zinc, 50/bx",1,BX,56.79,56.79,44.75,Price List C,07/26/2025,2025-07-27,1,Shipped,KBD-CUST0029-S1
SO-26158,2,CONV-1023,Conveyor Drive Package 3/4-10,3,EA,5850.75,17552.25,3652.15,Price List C,2025-08-04,07-Aug-2025,3,Shipped ,KBD-CUST0029-S1
SO-26159,1,MOUN-1008,Mounted Ball Bearing Unit #60,200,EA,109.84,21968.0,71.79,Price List C,07/01/25,2025-07-02,200,Shipped,KBD-CUST0013-S1
SO-26159,2,SPRO-1011,Sprocket #60,5,EA,201.54,1007.7,118.48,Price List C,2025-07-15,07/18/25,5,Shipped,KBD-CUST0013-S1
SO-26159,3,SHEA-1072,Sheave / Pulley 3/8-16,2,EA,133.97,267.94,101.96000000000001,Price List C,2025-07-16,2025-07-16,2,Shipped,KBD-CUST0013-S1
SO-26159,4,GAT-B62,Hi-Power II V-belt B62,6,EA,17.6,105.6,12.7,Price List C,"Jul 03, 2025",2025-07-03,6,Shipped,KBD-CUST0013-S1
SO-26160,1,DOD-TXT315,Torque-Arm II shaft-mount reducer 15:1,2,EA,1476.18,2952.36,1180.0,Price List C,2025-12-25,2025-12-25,2,Shipped,KBD-CUST0031-S1
SO-26161,1,TIMI-1058,Timing Belt M6,12,EA,120.85,1450.2,84.45,Price List C,25-Nov-2025,2025-11-26,12,Shipped,KBD-CUST0031-S1
SO-26161,2,CONV-1039,Conveyor Drive Package 5/8-11,1,EA,8688.61,8688.61,7046.72,Price List C,2025-12-10,2025-12-17,1,Shipped,KBD-CUST0031-S1
SO-26162,1,ROLL-1044,Roller Chain ANSI #80,1,EA,229.17,229.17,140.68,Price List C,2025-10-24,2025-10-24,1,Shipped,KBD-CUST0012-S1
SO-26163,1,AC-1074,AC Motor TEFC M8,1,EA,2484.73,2484.73,1663.14,Price List C,2025-12-21,2025-12-28,1,Shipped,KBD-CUST0012-S1
SO-26163,2,ROLL-1012,Roller Chain ANSI 2.000,25,EA,52.66,1316.5,47.52,Manual override,2025-12-28,2025-12-31,25,Shipped,KBD-CUST0012-S1
SO-26163,3,GEAR-1067,Gear Reducer M6,2,EA,543.59,1087.18,498.09000000000003,Manual override,2025-12-15,"Dec 15, 2025",2,Shipped,KBD-CUST0012-S1
SO-26164,1,MOUN-1029,Mounted Ball Bearing Unit 1.500,100,EA ,118.01,11801.0,86.28,Manual override,2025-06-25,2025-06-28,100,Shipped,KBD-CUST0005-S1
SO-26164,2,SPRO-1069,Sprocket #50,2,EA,182.33,364.66,115.11,Price List C,2025-06-08,2025-06-11,0,Backordered,KBD-CUST0005-S1
SO-26164,3,TIMI-1014,Timing Belt 1.000,10,EA,75.71,757.1,49.480000000000004,Price List C,2025-06-11,2025-06-11,10,Shipped,KBD-CUST0005-S1
SO-26165,1,SPRO-1078,Sprocket M6,2,EA,82.43,164.86,69.25,Manual override,10-Feb-2026,2026-02-17,0,Open,KBD-CUST0001-S1
SO-26165 ,2,AC-1048,AC Motor TEFC M6,5,EA,2075.36,10376.8,1745.47,Price List D,2026-01-24,2026-01-24,5,Shipped,KBD-CUST0001-S1
SO-26166,1,CONV-1089,Conveyor Drive Package #60,1,EA,7409.9,7409.9,5864.59,Price List B,2026-03-15,2026-03-15,1,Shipped,KBD-CUST0006-S1
SO-26166,2,TIMI-1014,Timing Belt 1.000,200,EA,79.91,15982.0,49.480000000000004,Price List B,2026-03-25,2026-03-28,0,Open,KBD-CUST0006-S1
SO-26166,3,GEAR-1080,Gear Reducer #60,3,EA,2425.4,7276.2,1484.33,Price List B,2026-03-30,2026-03-30,0,Open,KBD-CUST0006-S1
SO-26166,4,GEAR-1084,Gear Reducer M6,1,EA,5389.7,5389.7,3456.0,Manual override,2026-04-04,2026-04-07,0,Open,KBD-CUST0006-S1
SO-26166,5,CONV-1065,Conveyor Drive Package #80,5,EA,4551.33,22756.65,2903.56,Price List B,2026-03-30,2026-03-30,0,Open,KBD-CUST0006-S1
SO-26167,1,SPRO-1041,Sprocket M6,200,EA ,45.37,9074.0,35.35,Manual override,2026-03-11,2026-03-14,200,Shipped,KBD-CUST0014-S1
SO-26167,2,BRI-HHCS-0500-13-200-G8,"Hex head cap screw 1/2-13 x 2 Gr 8 yellow zinc, 50/bx",1,BX,51.74,51.74,44.75,Price List D,02/26/26,2026-02-26,1,Shipped,KBD-CUST0014-S1
SO-26167,3,CONV-1042,Conveyor Drive Package 2.000,5,EA,6261.67,31308.35,5159.58,Price List D,2026-03-22,2026-03-25,5,Shipped,KBD-CUST0014-S1
SO-26168,1,CONV-1022,Conveyor Drive Package 1.375,1,EA,2636.56,2636.56,2154.05,Price List C,2025-07-01,2025-07-08,1,Shipped,KBD-CUST0031-S1
SO-26169,1,SHEA-1028,Sheave / Pulley #80,3,EA,431.74,1295.22,284.6,Price List D,2025-11-17,2025-11-17,3,Shipped,KBD-CUST0004-S1
SO-26169,2,GEAR-1010,Gear Reducer 1.375,1,EA,3972.42,3972.42,2784.15,Price List D,2025-11-23,2025-11-26,1,Shipped,KBD-CUST0004-S1
SO-26169,3,SPRO-1050,Sprocket 5/16-18,100,EA ,14.75,1475.0,12.85,Price List D,2025-10-28,2025-10-28,100,Shipped,KBD-CUST0004-S1
SO-26170,1,AC-1074,AC Motor TEFC M8,5,EA,2622.77,13113.85,1663.14,Price List B,2025-11-22,2025-11-22,5,Shipped,KBD-CUST0020-S1
SO-26171,1,ROLL-1012,Roller Chain ANSI 2.000,4,EA,62.25,249.0,47.52,Price List A,2025-04-24,2025-04-25,4,Shipped,KBD-CUST0024-S1
SO-26171,2,SPRO-1002,Sprocket 1/4-20,10,EA,94.81,948.1,65.84,Price List A,05/04/2025,2025-05-04,10,Shipped,KBD-CUST0024-S1
SO-26171,3,CONV-1065,Conveyor Drive Package #80,5,EA,4790.87,23954.35,2903.56,Price List A,2025-04-30,2025-05-07,5,Shipped,KBD-CUST0024-S1 
SO-26171,4,TIMI-1071,Timing Belt 5/8-11,100,EA,119.01,11901.0,74.85000000000001,Price List A,2025-05-19,2025-05-20,100,Shipped,KBD-CUST0024-S1
SO-26172,1,CONV-1043,Conveyor Drive Package 1.375,3,EA,2484.13,7452.39,1971.53,Price List C,2025-12-12,2025-12-12,3,Shipped,KBD-CUST0031-S1
SO-26173,1,TIMI-1071,Timing Belt 5/8-11,25,EA,113.06,2826.5,74.85000000000001,Price List B,07-Dec-2025,2025-12-07,25,Shipped,KBD-CUST0030-S1
SO-26173,2,SHEA-1082,Sheave / Pulley 1/4-20,5,EA,301.38,1506.9,186.61,Price List B,2025-12-04,2025-12-04,5,Shipped,KBD-CUST0030-S1
SO-26173,3,MOUN-1029,Mounted Ball Bearing Unit 1.500,200,EA,136.89,27378.0,86.28,Price List B,2025-11-15,2025-11-15,200,Shipped,KBD-CUST0030-S1
SO-26174,1,SHEA-1068,Sheave / Pulley 1/4-20,3,EA,290.24,870.72,180.78,Price List B,2026-01-16,2026-01-16,3,Shipped,KBD-CUST0021-S1
SO-26175,1,AC-1074,AC Motor TEFC M8,5,EA,2760.81,13804.05,1663.14,Price List A,2025-06-19,2025-06-19,0,Open,KBD-CUST0010-S1
SO-26175,2,GEAR-1067,Gear Reducer M6,1,EA,702.31,702.31,498.09000000000003,Price List A,2025-06-22,2025-06-22,1,Shipped,KBD-CUST0010-S1
SO-26175,3,CONV-1065,Conveyor Drive Package #80,1,EA,4790.87,4790.87,2903.56,Price List A,2025-07-01,2025-07-01,1,Shipped,KBD-CUST0010-S1
SO-26175,4,CONV-1042,Conveyor Drive Package 2.000,1,EA,7636.18,7636.18,5159.58,Price List A,2025-06-25,2025-06-25,1,Shipped,KBD-CUST0010-S1
SO-26176,1,CONV-1039,Conveyor Drive Package 5/8-11,2,EA,8688.61,17377.22,7046.72,Price List C,2026-03-20,2026-03-20,2,Shipped,KBD-CUST0025-S1
SO-26177,1,CONV-1013,Conveyor Drive Package 1.500,3,EA,4194.61,12583.83,2336.18,Price List B,2025-12-22,2025-12-23,3,Shipped,KBD-CUST0015-S1
SO-26177,2,SPRO-1027,Sprocket 1/4-20,25,EA,97.04,2426.0,77.98,Price List B,2025-12-17,2025-12-17,25,Shipped,KBD-CUST0015-S1
SO-26178,1,MOUN-1034,Mounted Ball Bearing Unit M12,200,EA,39.17,7834.0,23.82,Manual override,2025-04-15,"Apr 15, 2025",200,Shipped,KBD-CUST0008-S1
SO-26179,1,MOUN-1008,Mounted Ball Bearing Unit #60,200,EA,122.04,24408.0,71.79,Price List A,2025-11-29,2025-11-29,0,Open,KBD-CUST0008-S1
SO-26179,2,SHEA-1072,Sheave / Pulley 3/8-16,1,EA,148.86,148.86,101.96000000000001,Price List A,11/26/2025,2025-11-27,0,Open,KBD-CUST0008-S1
SO-26179,3,CONV-1052,Conveyor Drive Package size 4,5,EA,4045.3,20226.5,2311.6,Price List A,2025-11-21,21-Nov-2025,5,Shipped,KBD-CUST0008-S1
SO-26180,1,GEAR-1060,Gear Reducer #60,5,EA,4044.95,20224.75,3102.4300000000003,Price List D,01/23/2026,2026-01-30,5,Shipped,KBD-CUST0014-S1
SO-26180,2,AC-1057,AC Motor TEFC M10,2,EA,963.43,1926.86,687.08,Price List D,2026-01-20,2026-01-21,2,Shipped,KBD-CUST0014-S1
SO-26180,3,TIMI-1058,Timing Belt M6,50,EA,110.11,5505.5,84.45,Price List D,01/29/2026,01/30/2026,50,Shipped,KBD-CUST0014-S1
SO-26180,4,MOUN-1008,Mounted Ball Bearing Unit #60,50,EA,100.07,5003.5,71.79,Price List D,"Jan 31, 2026",2026-02-03,50,Shipped,KBD-CUST0014-S1
SO-26181 ,1,CONV-1089,Conveyor Drive Package #60,5,EA,7409.9,37049.5,5864.59,Price List B,2025-12-13,2025-12-13,5,Shipped,KBD-CUST0023-S1
SO-26181,2,CONV-1039,Conveyor Drive Package 5/8-11,2,EA,9171.31,18342.62,7046.72,Price List B,2025-12-12,2025-12-15,0,Open,KBD-CUST0023-S1
SO-26182,1,TIMI-1056,Timing Belt 5/16-18 ,10,EA,27.88,278.8,17.21,Price List A,2025-11-26,11/26/2025,10,Shipped,KBD-CUST0024-S1
SO-26182,2,SHEA-1037,Sheave / Pulley 1.375,6,EA,159.37,956.22,99.06,Manual override,2025-11-10,2025-11-13,6,Shipped,KBD-CUST0024-S1
SO-26182,3,SHEA-1049,Sheave / Pulley size 4,5,EA,277.65,1388.25,153.4,Price List A,2025-11-27,2025-11-27,5,Shipped,KBD-CUST0024-S1
SO-26182,4,SHEA-1088,Sheave / Pulley 1/4-20,5,EA,286.68,1433.4,189.79,Manual override,2025-11-29,2025-11-29,5,Shipped,KBD-CUST0024-S1
SO-26183 ,1,CONV-1051,Conveyor Drive Package 1/4-20,1,EA ,5831.5,5831.5,4147.58,Price List B,2025-06-26,2025-06-26,1,Shipped,KBD-CUST0027-S1
SO-26184,1,SPRO-1069,Sprocket #50,1,EA,202.59,202.59,115.11,Price List A,2025-09-26,2025-09-29,1,Shipped,KBD-CUST0019-S1
SO-26185,1,CONV-1046,Conveyor Drive Package 1/4-20,2,EA,9278.78,18557.56,7311.89,Price List C,2025-10-04,2025-10-07,2,Shipped,KBD-CUST0025-S1
SO-26185,2,AC-1057,AC Motor TEFC M10 ,2,EA,1057.42,2114.84,687.08,Price List C,2025-10-13,2025-10-16,2,Shipped,KBD-CUST0025-S1
SO-26185,3,ROLL-1012,Roller Chain ANSI 2.000,25,EA,56.02,1400.5,47.52,Price List C,2025-10-10,2025-10-10,25,Shipped,KBD-CUST0025-S1
SO-26185,4,SHEA-1064,Sheave / Pulley M12,2,EA,205.2,410.4,139.88,Price List C,2025-10-02,2025-10-02,2,Shipped ,KBD-CUST0025-S1
SO-26185,5,SHEA-1077,Sheave / Pulley #60,12,EA,108.29,1299.48,67.98,Price List C,2025-10-13,2025-10-14,12,Shipped,KBD-CUST0025-S1
SO-26186,1,GEAR-1016,Gear Reducer size 6,1,EA,2767.7,2767.7,2265.26,Price List D,2025-06-21,2025-06-21,1,Shipped,KBD-CUST0014-S1
SO-26187,1,SHEA-1072,Sheave / Pulley 3/8-16,1,EA,148.86,148.86,101.96000000000001,Price List A,2025-05-14,2025-05-17,1,Shipped,KBD-CUST0017-S1
SO-26187,2,SHEA-1068,Sheave / Pulley 1/4-20,1,EA,305.52,305.52,180.78,Price List A,2025-05-25,2025-05-25,1,Shipped,KBD-CUST0017-S1
SO-26187,3,AC-1063,AC Motor TEFC 3/4-10,3,EA,2247.5,6742.5,1677.24,Price List A,2025-05-20,2025-05-20,3,Shipped,KBD-CUST0017-S1
SO-26187,4,SHEA-1003,Sheave / Pulley #50,5,EA,322.94,1614.7,235.72,Price List A,2025-05-12,2025-05-12,5,Shipped,KBD-CUST0017-S1
SO-26188,1,BRI-HHCS-0500-13-200-G8,"Hex head cap screw 1/2-13 x 2 Gr 8 yellow zinc, 50/bx",6,BX,51.74,310.44,44.75,Price List D,2026-03-16,2026-03-23,6,Shipped,KBD-CUST0001-S1
SO-26189,1,GEAR-1016,Gear Reducer size 6,1,EA,3206.48,3206.48,2265.26,Price List B,2026-03-04 ,2026-03-07,1,Shipped,KBD-CUST0020-S1
SO-26189,2,SPRO-1002,Sprocket 1/4-20,4,EA,73.0,292.0,65.84,KBD-CPA019,2026-02-22,2026-02-23,4,Shipped,KBD-CUST0020-S1
SO-26189,3,SKF-6205-2RS1,"Deep groove ball bearing 25x52x15, sealed",200,EA,4.85,970.0,3.55,Price List B,2026-02-20,02/20/2026,200,Shipped,KBD-CUST0020-S1
SO-26189,4,MOUN-1081,Mounted Ball Bearing Unit 5/8-11,50,EA ,79.13,3956.5,61.24,Price List B,2026-02-25,2026-02-26,50,Shipped,KBD-CUST0020-S1
SO-26189,5,ROLL-1044,Roller Chain ANSI #80,2,EA,241.9,483.8,140.68,Price List B,2026-03-01,2026-03-04,2,Shipped,KBD-CUST0020-S1
SO-26190,1,SKF-6308-2Z,"Deep groove ball bearing 40x90x23, shielded",50,EA,12.66,633.0,10.25,Price List B,2025-05-23,2025-05-23,50,Shipped,KBD-CUST0021-S1
SO-26190,2,AC-1063,AC Motor TEFC 3/4-10,1,EA,1985.66,1985.66,1677.24,Manual override,2025-05-22,2025-05-22,1,Shipped,KBD-CUST0021-S1
SO-26190,3,SHEA-1003,Sheave / Pulley #50,1,EA,306.79,306.79,235.72,Price List B,2025-05-14,2025-05-17,1,Shipped,KBD-CUST0021-S1
SO-26190,4,SPRO-1047,Sprocket #80,100,EA,21.48,2148.0,13.77,Manual override,2025-05-09,2025-05-09,100,Shipped,KBD-CUST0021-S1
SO-26190,5,SHEA-1068,Sheave / Pulley 1/4-20,1,EA,290.24,290.24,180.78,Price List B,2025-05-10,2025-05-17,0,Open,KBD-CUST0021-S1
SO-26191,1,BRI-HHCS-0500-13-200-G8,"Hex head cap screw 1/2-13 x 2 Gr 8 yellow zinc, 50/bx",1,BX,56.79,56.79,44.75,Price List C,2025-11-08,2025-11-15,1,Shipped,KBD-CUST0013-S1
SO-26191,2,SHEA-1045,Sheave / Pulley M10,200,EA,64.37,12874.0,47.68,Price List C,2025-10-27,2025-10-27,200,Shipped,KBD-CUST0013-S1
SO-26191,3,AC-1074,AC Motor TEFC M8,1,EA,2484.73,2484.73,1663.14,Price List C,2025-11-15,2025-11-15,0,Open,KBD-CUST0013-S1
SO-26191,4,CONV-1052,Conveyor Drive Package size 4,1,EA,3640.77,3640.77,2311.6,Price List C,2025-10-29,2025-10-29,1,Shipped,KBD-CUST0013-S1
SO-26191,5,AC-1074,AC Motor TEFC M8,2,EA,2484.73,4969.46,1663.14,Price List C,2025-11-06,"Nov 06, 2025",2,Shipped,KBD-CUST0013-S1
SO-26192,1,MOUN-1081,Mounted Ball Bearing Unit 5/8-11,6,EA,79.13,474.78,61.24,Price List B,2025-04-16,23-Apr-2025,6,Shipped,KBD-CUST0032-S1
SO-26192 ,2,ROLL-1053,Roller Chain ANSI #80,4,EA,129.24,516.96,86.10000000000001,Price List B,08-Apr-2025,2025-04-08,4,Shipped,KBD-CUST0032-S1
SO-26192,3,SPRO-1076,Sprocket 5/16-18,1,EA,18.12,18.12,13.24,Price List B,2025-04-12,2025-04-19,0,Open,KBD-CUST0032-S1
SO-26192,4,AC-1006,AC Motor TEFC 1.250,5,EA,3521.74,17608.7,2130.52,Price List B,2025-04-13,2025-04-13,5,Shipped,KBD-CUST0032-S1
SO-26192,5,CONV-1022,Conveyor Drive Package 1.375 ,3,EA,2783.03,8349.09,2154.05,Price List B,2025-04-05,2025-04-06,3,Shipped,KBD-CUST0032-S1
SO-26193,1,SHEA-1007,Sheave / Pulley 2.000,1,EA,211.8,211.8,129.94,Price List A,2025-05-20,2025-05-23,1,Shipped,KBD-CUST0010-S1
SO-26194,1,MOUN-1018,Mounted Ball Bearing Unit M8,3,EA,173.84,521.52,109.13,Price List C,2026-02-27,2026-02-27,3,Shipped,KBD-CUST0025-S1
SO-26194,2,TIM-LM11949-LM11910,Tapered roller bearing set,100,EA,8.96,896.0,7.6,Price List C,2026-02-17,17-Feb-2026,100,Shipped,KBD-CUST0025-S1
SO-26194,3,SPRO-1055,Sprocket #50,1,EA,35.15,35.15,26.94,Price List C,2026-02-19,2026-02-19,1,Shipped,KBD-CUST0025-S1
SO-26195,1,AC-1074,AC Motor TEFC M8,3,EA,2760.81,8282.43,1663.14,Price List A,2026-01-08,2026-01-15,3,Shipped,KBD-CUST0017-S1
SO-26195,2,SPRO-1050,Sprocket 5/16-18,10,EA,17.99,179.9,12.85,Price List A,2026-01-18,2026-01-18,10,Shipped,KBD-CUST0017-S1
SO-26195,3,MOUN-1008,Mounted Ball Bearing Unit #60,200,EA,122.04,24408.0,71.79,Price List A,2026-01-15,2026-01-22,200,Shipped,KBD-CUST0017-S1
SO-26195,4,SHEA-1049,Sheave / Pulley size 4,1,EA,277.65,277.65,153.4,Price List A,2025-12-27,2025-12-28 ,1,Shipped,KBD-CUST0017-S1
SO-26195,5,SPRO-1055,Sprocket #50,2,EA,39.06,78.12,26.94,Price List A,2025-12-27,2025-12-27,2,Shipped,KBD-CUST0017-S1
SO-26196,1,SHEA-1072,Sheave / Pulley 3/8-16,1,EA,148.86,148.86,101.96000000000001,Price List A,2025-09-30,2025-10-07,1,Shipped,KBD-CUST0017-S1
SO-26197,1,SHEA-1068,Sheave / Pulley 1/4-20,1,EA,274.97,274.97,180.78,Price List C,2026-02-20,2026-02-20,1,Shipped,KBD-CUST0005-S1
SO-26198,1,AC-1054,AC Motor TEFC 1.500,1,EA,2419.21,2419.21,1828.58,Price List C,2025-12-12,2025-12-12,1,Shipped,KBD-CUST0028-S1
SO-26198,2,AC-1063,AC Motor TEFC 3/4-10,1,EA,2022.75,2022.75,1677.24,Price List C,2025-12-19,2025-12-20,1,Shipped,KBD-CUST0028-S1
SO-26198,3,AC-1006,AC Motor TEFC 1.250,3,EA,3336.39,10009.17,2130.52,Price List C,2025-12-01,2025-12-01,3,Shipped,KBD-CUST0028-S1
SO-26198,4,SHEA-1088,Sheave / Pulley 1/4-20,3,EA,271.59,814.77,189.79,Price List C,2025-12-17,2025-12-24,3,Shipped,KBD-CUST0028-S1
SO-26198,5,ROLL-1012,Roller Chain ANSI 2.000,4,EA,56.02,224.08,47.52,Price List C,12/09/2025,"Dec 09, 2025",4,Shipped,KBD-CUST0028-S1
SO-26199,1,GEAR-1016,Gear Reducer size 6,5,EA,3037.72,15188.6,2265.26,Price List C,"Oct 17, 2025",2025-10-20,5,Shipped,KBD-CUST0025-S1
SO-26199,2,TIMI-1017,Timing Belt size 6,10,EA,67.52,675.2,50.69,Price List C,2025-10-29,2025-10-29,10,Shipped,KBD-CUST0025-S1
SO-26199,3,SHEA-1082,Sheave / Pulley 1/4-20,5,EA,265.53,1327.65,186.61,Manual override,10/27/2025,2025-10-27,5,Shipped,KBD-CUST0025-S1
SO-26199,4,SPRO-1047,Sprocket #80,25,EA,21.2,530.0,13.77,Price List C,2025-10-26,2025-10-26,25,Shipped,KBD-CUST0025-S1
SO-26200,1,ROLL-1012,Roller Chain ANSI 2.000,6,EA,48.74,292.44,47.52,Manual override,2026-02-11,2026-02-11,6,Shipped,KBD-CUST0029-S1
SO-26200,2,MOUN-1083,Mounted Ball Bearing Unit size 8,2,EA,124.81,249.62,87.77,Price List C,2026-02-21,2026-02-21,2,Shipped,KBD-CUST0029-S1
SO-26201,1,SPRO-1055,Sprocket #50,10,EA,32.03,320.3,26.94,Price List D,2025-09-20,2025-09-23,10,Shipped,KBD-CUST0018-S1
SO-26201,2,TIM-LM11949-LM11910,Tapered roller bearing set,4,EA,8.17,32.68,7.6,Price List D,2025-09-22,2025-09-22,4,Shipped,KBD-CUST0018-S1
SO-26201,3,SHEA-1082,Sheave / Pulley 1/4-20,1,EA,226.32,226.32,186.61,Manual override,2025-09-12,2025-09-13,0,Open,KBD-CUST0018-S1
SO-26201,4,GEAR-1066,Gear Reducer 1.000,1,EA,1447.57,1447.57,1270.02,Price List D,2025-09-19,2025-09-22,1,Shipped,KBD-CUST0018-S1
SO-26202,1,MOUN-1081,Mounted Ball Bearing Unit 5/8-11,1,EA,74.96,74.96,61.24,Price List C,2025-04-30,2025-04-30,1,Shipped,KBD-CUST0028-S1
SO-26202,2,GEAR-1066,Gear Reducer 1.000,1,EA,1588.8,1588.8,1270.02,Price List C,2025-05-13,2025-05-13 ,1,Shipped,KBD-CUST0028-S1
SO-26202,3,SHEA-1003,Sheave / Pulley #50,1,EA,290.65,290.65,235.72,Price List C,18-May-2025,2025-05-18,1,Shipped,KBD-CUST0028-S1
SO-26203,1,SPRO-1027,Sprocket 1/4-20,4,EA,83.76,335.04,77.98,Price List D,2025-08-26,2025-08-27,4,Shipped,KBD-CUST0011-S1
SO-26203,2,GAT-B62,Hi-Power II V-belt B62,200,EA,15.24,3048.0,12.7,Manual override,2025-08-19,2025-08-26,200,Shipped,KBD-CUST0011-S1
SO-26204,1,GEAR-1016,Gear Reducer size 6,5,EA,3375.24,16876.2,2265.26,Price List A,2026-04-08,2026-04-15,0,Open,KBD-CUST0010-S1
SO-26204,2,SHEA-1038,Sheave / Pulley 2.000,2,EA,507.88,1015.76,295.28000000000003,Price List A,2026-04-14,2026-04-14,0,Open,KBD-CUST0010-S1
SO-26204,3,CONV-1052,Conveyor Drive Package size 4,1,EA,3559.86,3559.86,2311.6,Manual override,2026-04-27 ,2026-04-28,0,Open,KBD-CUST0010-S1
SO-26205,1,SPRO-1087,Sprocket 1/2-13,1,EA,58.54,58.54,44.550000000000004,Price List C,2026-04-05,2026-04-08,0,Open,KBD-CUST0016-S1
SO-26205,2,CONV-1065,Conveyor Drive Package #80,2,EA,4311.78,8623.56,2903.56,Price List C,2026-03-18,2026-03-21,2,Shipped,KBD-CUST0016-S1
SO-26205,3,SKF-6308-2Z,"Deep groove ball bearing 40x90x23, shielded",50,EA,10.44,522.0,10.25,Manual override,2026-03-16,2026-03-17,50,Shipped,KBD-CUST0016-S1
SO-26205,4,AC-1086,AC Motor TEFC 5/16-18,5,EA,3593.47,17967.35,2390.86,Price List C,2026-03-22,2026-03-22,5,Shipped,KBD-CUST0016-S1
SO-26206,1,SHEA-1082,Sheave / Pulley 1/4-20,5,EA,301.38,1506.9,186.61,Price List B,2025-10-17,2025-10-17,0,Open,KBD-CUST0015-S1
SO-26207,1,TIMI-1075,Timing Belt 1.000,100,EA,101.61,10161.0,72.76,Price List B,2025-06-30,2025-06-30,100,Shipped,KBD-CUST0027-S1
SO-26207,2,AC-1086,AC Motor TEFC 5/16-18,3,EA,3793.1,11379.3,2390.86,Price List B ,2025-07-02,2025-07-02,3,Shipped,KBD-CUST0027-S1
SO-26207,3,MOUN-1062,Mounted Ball Bearing Unit 1/2-13,2,EA,210.21,420.42,135.75,Price List B,2025-06-17,2025-06-17,2,Shipped,KBD-CUST0027-S1
SO-26207,4,CONV-1042,Conveyor Drive Package 2.000,3,EA,6456.39,19369.17,5159.58,Manual override,2025-06-16 ,06/16/25,3,Shipped,KBD-CUST0027-S1
SO-26207,5,MOUN-1081,Mounted Ball Bearing Unit 5/8-11,10,EA,79.13,791.3,61.24,Price List B,2025-06-30,2025-07-07,10,Shipped,KBD-CUST0027-S1
SO-26208,1,CONV-1052,Conveyor Drive Package size 4,1,EA,3843.03,3843.03,2311.6,Price List B,2026-01-28,2026-01-29,1,Shipped,KBD-CUST0007-S1
SO-26208,2,GAT-B62,Hi-Power II V-belt B62,12,EA,18.58,222.96,12.7,Price List B,2026-01-16,2026-01-19,0,Open,KBD-CUST0007-S1
SO-26209,1,CONV-1059,Conveyor Drive Package 1/4-20,1,EA,5540.44,5540.44,3693.63,Price List A,08/19/2025,2025-08-22,1,Shipped,KBD-CUST0019-S1
SO-26209,2,SHEA-1019,Sheave / Pulley M8,4,EA,174.83,699.32,94.5,Price List A,2025-08-22,2025-08-22,4,Shipped,KBD-CUST0019-S1
SO-26209,3,MOUN-1008,Mounted Ball Bearing Unit #60,200,EA,122.04,24408.0,71.79,Price List A,2025-08-27,2025-08-28,200,Shipped,KBD-CUST0019-S1 
SO-26209,4,CONV-1059,Conveyor Drive Package 1/4-20,5,EA,5540.44,27702.2,3693.63,Price List A,2025-08-16,2025-08-23,5,Shipped,KBD-CUST0019-S1
SO-26210,1,SPRO-1069,Sprocket #50,1,EA,202.59,202.59,115.11,Price List A,06-May-2025,2025-05-06,1,Shipped,KBD-CUST0003-S1
SO-26210 ,2,GEAR-1066,Gear Reducer 1.000,2,EA,1765.33,3530.66,1270.02,Price List A,2025-05-18,2025-05-18,2,Shipped,KBD-CUST0003-S1
SO-26210,3,TIMI-1075,Timing Belt 1.000,50,EA,106.96,5348.0,72.76,Price List A,2025-05-14,2025-05-21,50,Shipped,KBD-CUST0003-S1
SO-26211,1,SPRO-1061,Sprocket #50,200,EA,106.03,21206.0,87.28,Manual override,2025-11-27,2025-11-27,200,Shipped,KBD-CUST0032-S1
SO-26211,2,AC-1033,AC Motor TEFC 3/4-10,2,EA,1370.96,2741.92,1093.27,Price List B,2025-11-03,2025-11-03,2,Shipped ,KBD-CUST0032-S1
SO-26211,3,SHEA-1049,Sheave / Pulley size 4,5,EA,263.77,1318.85,153.4,Price List B,2025-11-20,2025-11-23,5,Shipped,KBD-CUST0032-S1
SO-26212,1,SHEA-1003,Sheave / Pulley #50,1,EA,264.81,264.81,235.72,Price List D,2025-05-20,2025-05-27,1,Shipped,KBD-CUST0014-S1
SO-26212,2,GEAR-1066 ,Gear Reducer 1.000,3,EA,1447.57,4342.71,1270.02,Price List D,2025-04-29,04/29/2025,3,Shipped,KBD-CUST0014-S1
SO-26212,3,DOD-TXT315,Torque-Arm II shaft-mount reducer 15:1,3,EA,1344.96,4034.88,1180.0,Price List D,05/02/2025,2025-05-02,3,Shipped,KBD-CUST0014-S1
SO-26212,4,SHEA-1038,Sheave / Pulley 2.000,2,EA,416.46,832.92,295.28000000000003,Price List D,2025-05-16,2025-05-17,0,Open,KBD-CUST0014-S1
SO-26213,1,CONV-1059,Conveyor Drive Package 1/4-20,3,EA,5263.42,15790.26,3693.63,Price List B,2025-07-08,2025-07-15,3,Shipped,KBD-CUST0020-S1
SO-26213,2,SPRO-1076,Sprocket 5/16-18,25,EA,18.12,453.0,13.24,Price List B,2025-07-02,2025-07-05,0,Backordered,KBD-CUST0020-S1
SO-26214,1,MOUN-1062,Mounted Ball Bearing Unit 1/2-13,1,EA,210.21,210.21,135.75,Price List B,21-Jun-2025,2025-06-22,1,Shipped,KBD-CUST0006-S1
SO-26214,2,AC-1048,AC Motor TEFC M6,1,EA,2404.38,2404.38,1745.47,Price List B,2025-06-23,2025-06-23,1,Shipped,KBD-CUST0006-S1
SO-26215,1,SHEA-1088,Sheave / Pulley 1/4-20,1,EA,271.59,271.59,189.79,Price List C,2025-11-25,2025-11-25,1,Shipped,KBD-CUST0029-S1
SO-26215,2,GEAR-1016,Gear Reducer size 6,1,EA,3037.72,3037.72,2265.26,Price List C,2025-11-07,2025-11-07,1,Shipped,KBD-CUST0029-S1
SO-26215,3,GEAR-1060,Gear Reducer #60,1,EA,4439.57,4439.57,3102.4300000000003,Price List C,2025-11-07,2025-11-08,1,Shipped,KBD-CUST0029-S1
SO-26215,4,AC-1048,AC Motor TEFC M6,5,EA,2277.84,11389.2,1745.47,Price List C,2025-11-12,2025-11-19,5,Shipped,KBD-CUST0029-S1
SO-26216,1,GEAR-1080,Gear Reducer #60,1,EA,2297.75,2297.75,1484.33,Price List C,2025-06-26,2025-06-29,1,Shipped,KBD-CUST0029-S1
SO-26216,2,GEAR-1010,Gear Reducer 1.375,3,EA,4359.98,13079.94,2784.15,Price List C,2025-07-01,2025-07-01,3,Shipped,KBD-CUST0029-S1
SO-26216,3,SHEA-1082,Sheave / Pulley 1/4-20,1,EA,285.52,285.52,186.61,Price List C,2025-07-06,2025-07-06,1,Shipped,KBD-CUST0029-S1
SO-26216,4,SPRO-1027,Sprocket 1/4-20,100,EA,91.94,9194.0,77.98,Price List C,06/23/25,2025-06-23,100,Shipped,KBD-CUST0029-S1
SO-26216,5,GEAR-1010,Gear Reducer 1.375,5,EA,4359.98,21799.9,2784.15,Price List C,2025-07-07,2025-07-08,5,Shipped,KBD-CUST0029-S1
SO-26217,1,SHEA-1068,Sheave / Pulley 1/4-20,3,EA,274.97,824.91,180.78,Price List C,2025-12-29,2025-12-29 ,3,Shipped,KBD-CUST0016-S1
SO-26217,2,SHEA-1019,Sheave / Pulley M8,100,EA,157.35,15735.0,94.5,Price List C ,2026-01-01,2026-01-02,100,Shipped,KBD-CUST0016-S1
SO-26217,3,SHEA-1028,Sheave / Pulley #80,1,EA ,473.86,473.86,284.6,Price List C,2025-12-22,2025-12-25,1,Shipped,KBD-CUST0016-S1
SO-26218,1,MOUN-1062,Mounted Ball Bearing Unit 1/2-13,1,EA,210.21,210.21,135.75,Price List B,2026-03-01,03/01/2026,1,Shipped,KBD-CUST0021-S1
SO-26218,2,ROLL-1053,Roller Chain ANSI #80,10,EA,129.24,1292.4,86.10000000000001,Price List B,2026-02-04,2026-02-05,10,Shipped,KBD-CUST0021-S1
SO-26218,3,MOUN-1083,Mounted Ball Bearing Unit size 8,100,EA,131.75,13175.0,87.77,Price List B,2026-02-08,2026-02-15,100,Shipped,KBD-CUST0021-S1
SO-26219,1,SPRO-1047,Sprocket #80,100,EA,22.37,2237.0,13.77,Price List B,2025-10-26,2025-10-27,100,Shipped,KBD-CUST0032-S1
SO-26220,1,TIMI-1030,Timing Belt 1/2-13,12,EA,105.56,1266.72,66.14,Price List B,2026-03-18,2026-03-18,12,Shipped,KBD-CUST0006-S1
SO-26221,1,MOUN-1081,Mounted Ball Bearing Unit 5/8-11,2,EA,68.3,136.6,61.24,Price List D,2026-03-07,2026-03-07,2,Shipped,KBD-CUST0011-S1
SO-26221,2,SHEA-1037,Sheave / Pulley 1.375,100,EA,140.52,14052.0,99.06,Price List D,2026-02-28,2026-03-01,100,Shipped,KBD-CUST0011-S1
SO-26221,3,ROLL-1053,Roller Chain ANSI #80,2,EA,111.55,223.1,86.10000000000001,Price List D,2026-02-19,2026-02-26,2,Shipped,KBD-CUST0011-S1
SO-26222,1,GEAR-1080,Gear Reducer #60,1,EA,2297.75,2297.75,1484.33,Price List C,2026-01-08,2026-01-08,1,Shipped,KBD-CUST0013-S1
SO-26223,1,SHEA-1072,Sheave / Pulley 3/8-16,1,EA,122.07,122.07,101.96000000000001,Price List D,2026-04-06,"Apr 09, 2026",0,Open,KBD-CUST0018-S1
SO-26223,2,MOUN-1034,Mounted Ball Bearing Unit M12,25,EA,36.92,923.0,23.82,Price List D,2026-04-11,2026-04-11,0,Open,KBD-CUST0018-S1
SO-26223,3,MOUN-1034,Mounted Ball Bearing Unit M12,2,EA ,33.97,67.94,23.82,Manual override,2026-04-02,2026-04-05,0,Open,KBD-CUST0018-S1
SO-26223,4,MOUN-1031,Mounted Ball Bearing Unit 1.500,10,EA,48.02,480.2,38.78,Price List D,2026-04-03,2026-04-03,0,Open,KBD-CUST0018-S1
SO-26224,1,ROLL-1053,Roller Chain ANSI #80,6,EA,129.24,775.44,86.10000000000001,Price List B,2025-12-21,2025-12-21,6,Shipped,KBD-CUST0032-S1
SO-26225,1,GEAR-1080,Gear Reducer #60 ,5,EA,2425.4,12127.0,1484.33,Price List B,2026-02-19 ,2026-02-19,5,Shipped,KBD-CUST0023-S1
SO-26225,2,ROLL-1079,Roller Chain ANSI M8,5,EA,149.64,748.2,102.65,Manual override,2026-02-10,2026-02-17,5,Shipped,KBD-CUST0023-S1
SO-26226,1,CONV-1065 ,Conveyor Drive Package #80,1,EA,3928.51,3928.51,2903.56,Price List D,2025-08-02,2025-08-02,1,Shipped,KBD-CUST0001-S1
SO-26226,2,AC-1086,AC Motor TEFC 5/16-18,3,EA,3274.05,9822.15,2390.86,Price List D,2025-07-25,07/25/2025,3,Shipped,KBD-CUST0001-S1
SO-26227,1,AC-1048,AC Motor TEFC M6,5,EA,1784.81,8924.05,1745.47,Manual override,05-Mar-2026,2026-03-08,5,Shipped,KBD-CUST0004-S1
SO-26227,2,TIMI-1000,Timing Belt 1.500,200,EA,51.05,10210.0,43.53,Price List D,"Mar 13, 2026",2026-03-14,200,Shipped,KBD-CUST0004-S1
SO-26227,3,SHEA-1077,Sheave / Pulley #60,6,EA,98.66,591.96,67.98,Price List D,2026-03-12,2026-03-12,6,Shipped,KBD-CUST0004-S1
SO-26228,1,SHEA-1038,Sheave / Pulley 2.000,3,EA,358.16,1074.48,295.28000000000003,Manual override,2026-04-04,2026-04-04,0,Open,KBD-CUST0004-S1
SO-26229,1,CONV-1042,Conveyor Drive Package 2.000,1,EA,7254.37,7254.37,5159.58,Price List B,2026-04-09,2026-04-09,0,Open,KBD-CUST0027-S1
SO-26230,1,AC-1086,AC Motor TEFC 5/16-18,1,EA,3274.05,3274.05,2390.86,Price List D,2025-11-14,2025-11-15,1,Shipped,KBD-CUST0004-S1
SO-26231,1,SHEA-1049,Sheave / Pulley size 4,1,EA,227.67,227.67,153.4,Price List D,2025-04-29,2025-04-30,1,Shipped,KBD-CUST0001-S1
SO-26231,2,CONV-1065,Conveyor Drive Package #80,1,EA,3928.51,3928.51,2903.56,Price List D,04/22/25,2025-04-25,1,Shipped,KBD-CUST0001-S1
SO-26231,3,TIMI-1071,Timing Belt 5/8-11,25,EA,97.59,2439.75,74.85000000000001,Price List D,2025-05-03,2025-05-10,25,Shipped,KBD-CUST0001-S1
SO-26231,4,SHEA-1088,Sheave / Pulley 1/4-20,5,EA,247.45,1237.25,189.79,Price List D,2025-04-18,2025-04-21,5,Shipped,KBD-CUST0001-S1
SO-26231,5,CONV-1046,Conveyor Drive Package 1/4-20,1,EA,8454.0,8454.0,7311.89,Price List D,2025-04-08,2025-04-09,1,Shipped,KBD-CUST0001-S1
SO-26232,1,SPRO-1070,Sprocket M12,200,EA,36.16,7232.0,22.96,Price List C,04/13/26,2026-04-14,0,Open,KBD-CUST0031-S1
SO-26232,2,SPRO-1004,Sprocket 3/8-16,4,EA,50.89,203.56,42.84,Price List C,03/24/2026,03/31/26,0,Open,KBD-CUST0031-S1
SO-26232,3,TIMI-1058 ,Timing Belt M6,50,EA,120.85,6042.5,84.45,Price List C,2026-03-27,2026-03-28,0,Open,KBD-CUST0031-S1
SO-26233,1,SPRO-1002,Sprocket 1/4-20,10,EA,85.33,853.3,65.84,Price List C,2026-03-06,2026-03-07,10,Shipped,KBD-CUST0028-S1
SO-26233,2,CONV-1046,Conveyor Drive Package 1/4-20,1,EA,9278.78,9278.78,7311.89,Price List C,2026-03-03,2026-03-10,1,Shipped,KBD-CUST0028-S1
SO-26233,3,CONV-1059,Conveyor Drive Package 1/4-20,1,EA,4986.4,4986.4,3693.63,Price List C,2026-03-03,2026-03-06,1,Shipped,KBD-CUST0028-S1
SO-26234,1,SHEA-1037,Sheave / Pulley 1.375,200,EA,145.66,29132.0,99.06,Manual override,2025-12-14,12/14/25,200,Shipped,KBD-CUST0024-S1
SO-26235,1,AC-1054,AC Motor TEFC 1.500,2,EA,2688.01,5376.02,1828.58,Price List A,2025-08-09,2025-08-10,2,Shipped,KBD-CUST0003-S1
SO-26235,2,SHEA-1019,Sheave / Pulley M8,10,EA,174.83,1748.3,94.5,Price List A ,2025-08-05,2025-08-05,10,Shipped,KBD-CUST0003-S1
SO-26235,3,MOUN-1062,Mounted Ball Bearing Unit 1/2-13,1,EA,221.27,221.27,135.75,Price List A,2025-08-15,15-Aug-2025,1,Shipped,KBD-CUST0003-S1
SO-26236,1,SPRO-1055,Sprocket #50,50,EA,35.15,1757.5,26.94,Price List C,2025-05-13,2025-05-13,50,Shipped,KBD-CUST0026-S1
SO-26236,2,GEAR-1067,Gear Reducer M6,1,EA,632.08,632.08,498.09000000000003,Price List C,2025-04-30,2025-05-07,1,Shipped,KBD-CUST0026-S1
SO-26236,3,AC-1057,AC Motor TEFC M10,5,EA,1057.42,5287.1,687.08,Price List C,2025-05-14,05/14/2025,5,Shipped,KBD-CUST0026-S1
SO-26237,1,ROLL-1021,Roller Chain ANSI 5/16-18,1,EA,146.77,146.77,81.74,Price List B,2025-05-10,2025-05-10,1,Shipped,KBD-CUST0032-S1
SO-26238,1,AC-1054,AC Motor TEFC 1.500,2,EA,2204.17,4408.34,1828.58,Price List D,2026-01-12,2026-01-15,0,Open,KBD-CUST0018-S1
SO-26238,2,SPRO-1055,Sprocket #50,1,EA,32.03,32.03,26.94,Price List D,2026-01-10,2026-01-13,1,Shipped,KBD-CUST0018-S1
SO-26238,3,CONV-1039,Conveyor Drive Package 5/8-11,2,EA,7916.29,15832.58,7046.72,Price List D,2026-01-16,2026-01-16,2,Shipped,KBD-CUST0018-S1
SO-26239,1,TIMI-1058,Timing Belt M6,10,EA,134.28,1342.8,84.45,Price List A,2025-06-11,2025-06-11,10,Shipped,KBD-CUST0019-S1
SO-26239,2,SHEA-1045,Sheave / Pulley M10,10,EA,71.52,715.2,47.68,Price List A,2025-06-05 ,2025-06-08,10,Shipped,KBD-CUST0019-S1
SO-26240,1,CONV-1051,Conveyor Drive Package 1/4-20,5,EA,5524.58,27622.9,4147.58,Manual override,2026-01-17,2026-01-24,5,Shipped,KBD-CUST0008-S1
SO-26240,2,MOUN-1008,Mounted Ball Bearing Unit #60,1,EA ,122.04,122.04,71.79,Price List A,2026-02-01,2026-02-01,1,Shipped,KBD-CUST0008-S1
SO-26240,3,ROLL-1044,Roller Chain ANSI #80,3,EA,254.63,763.89,140.68,Price List A,01/28/2026,2026-01-29,3,Shipped,KBD-CUST0008-S1
SO-26241,1,SHEA-1035,Sheave / Pulley 1.000,2,EA,197.53,395.06,148.52,Price List B,2025-08-19,2025-08-26,2,Shipped,KBD-CUST0007-S1
SO-26241,2,CONV-1046,Conveyor Drive Package 1/4-20,5,EA,9794.27,48971.35,7311.89,Price List B,2025-07-29,2025-08-05,0,Backordered,KBD-CUST0007-S1
SO-26241,3,AC-1086,AC Motor TEFC 5/16-18,1,EA,3793.1,3793.1,2390.86,Price List B ,2025-08-09,2025-08-09,1,Shipped,KBD-CUST0007-S1
SO-26241,4,MOUN-1083,Mounted Ball Bearing Unit size 8,10,EA,131.75,1317.5,87.77,Price List B,2025-08-09,2025-08-16,10,Shipped,KBD-CUST0007-S1
SO-26241,5,MOUN-1031,Mounted Ball Bearing Unit 1.500,1,EA,55.63,55.63,38.78,Price List B,2025-08-03,2025-08-06,0,Open,KBD-CUST0007-S1
SO-26242 ,1,TIMI-1056,Timing Belt 5/16-18,4,EA,27.88,111.52,17.21,Price List A,2025-12-30,2025-12-30,4,Shipped,KBD-CUST0010-S1
SO-26242,2,TIMI-1032,Timing Belt size 6,6,EA,54.1,324.6,32.99,Price List A,2025-12-20,2025-12-21,6,Shipped,KBD-CUST0010-S1
SO-26242,3,SHEA-1003,Sheave / Pulley #50,1,EA,322.94,322.94,235.72,Price List A,2025-12-26,2025-12-26,1,Shipped,KBD-CUST0010-S1
SO-26242,4,ROLL-1079,Roller Chain ANSI M8,5,EA,169.37,846.85,102.65,Price List A,2025-12-30,01/06/26,5,Shipped,KBD-CUST0010-S1
SO-26243,1,MOUN-1034,Mounted Ball Bearing Unit M12,12,EA,45.02,540.24,23.82,Price List A,2026-01-09,2026-01-16,12,Shipped,KBD-CUST0008-S1
SO-26243,2,GEAR-1060,Gear Reducer #60,1,EA,4932.86,4932.86,3102.4300000000003,Price List A,2025-12-28,2025-12-28,1,Shipped,KBD-CUST0008-S1
SO-26243,3,DOD-TXT315,Torque-Arm II shaft-mount reducer 15:1,5,EA,1640.2,8201.0,1180.0,Price List A,2025-12-18,2025-12-19,5,Shipped,KBD-CUST0008-S1
SO-26244,1,CONV-1052,Conveyor Drive Package size 4 ,1,EA,3317.15,3317.15,2311.6,Price List D,2025-12-31,2025-12-31,0,Backordered,KBD-CUST0018-S1 
SO-26244,2,AC-1040,AC Motor TEFC #50,5,EA,663.95,3319.75,609.44,Manual override,2025-12-18,2025-12-19,5,Shipped,KBD-CUST0018-S1
SO-26244,3,AC-1048,AC Motor TEFC M6,3,EA,2075.36,6226.08,1745.47,Price List D,21-Dec-2025,22-Dec-2025 ,3,Shipped,KBD-CUST0018-S1
SO-26244,4,AC-1006,AC Motor TEFC 1.250,1,EA,3039.82,3039.82,2130.52,Price List D,2025-12-25,2025-12-25,1,Shipped,KBD-CUST0018-S1
SO-26244,5,ROLL-1026,Roller Chain ANSI #50,1,EA,194.96,194.96,129.92000000000002,Price List D,2025-12-23,2025-12-24,1,Shipped,KBD-CUST0018-S1
SO-26245,1,SPRO-1004,Sprocket 3/8-16,6,EA,50.89,305.34,42.84,Price List C,2025-10-26,2025-10-26,6,Shipped,KBD-CUST0028-S1
SO-26245,2,TIMI-1020,Timing Belt 5/16-18,6,EA,69.3,415.8,52.03,Price List C,2025-11-11,11/18/25,6,Shipped,KBD-CUST0028-S1
SO-26246,1,SHEA-1037,Sheave / Pulley 1.375,10,EA,162.8,1628.0,99.06,Price List B,2025-08-20,2025-08-20,10,Shipped,KBD-CUST0023-S1
SO-26246,2,SKF-6205-2RS1,"Deep groove ball bearing 25x52x15, sealed",50,EA,4.85,242.5,3.55,Price List B,2025-09-15,2025-09-15,50,Shipped,KBD-CUST0023-S1
SO-26246,3,MOUN-1018,Mounted Ball Bearing Unit M8,1,EA,183.5,183.5,109.13,Price List B,09/13/2025,2025-09-16,0,Open,KBD-CUST0023-S1
SO-26247 ,1,CONV-1013,Conveyor Drive Package 1.500,1,EA,4415.38,4415.38,2336.18,Price List A,2025-08-01,2025-08-01,1,Shipped,KBD-CUST0017-S1
SO-26247,2,SPRO-1069,Sprocket #50,5,EA,202.59,1012.95,115.11,Price List A,2025-07-14,2025-07-14,5,Shipped,KBD-CUST0017-S1
SO-26248,1,TIMI-1056,Timing Belt 5/16-18,12,EA,25.09,301.08,17.21,Price List C,2025-05-25,2025-05-28,12,Shipped,KBD-CUST0028-S1
SO-26249,1,SPRO-1004,Sprocket 3/8-16,10,EA,53.72,537.2,42.84,Price List B,"Feb 12, 2026",12-Feb-2026,10,Shipped,KBD-CUST0015-S1
SO-26250,1,CONV-1059,Conveyor Drive Package 1/4-20,1,EA,4986.4,4986.4,3693.63,Price List C,2026-01-11,11-Jan-2026,1,Shipped,KBD-CUST0025-S1
SO-26251,1,AC-1085,AC Motor TEFC M6,1,EA,480.61,480.61,365.76,Price List C,2026-03-09,2026-03-09,1,Shipped,KBD-CUST0013-S1
SO-26251,2,SKF-6308-2Z,"Deep groove ball bearing 40x90x23, shielded",2,EA,12.0,24.0,10.25,Price List C ,2026-03-06,2026-03-06,2,Shipped,KBD-CUST0013-S1
SO-26251,3,SHEA-1019,Sheave / Pulley M8,50,EA,157.35,7867.5,94.5,Price List C,2026-02-23,2026-02-23,50,Shipped,KBD-CUST0013-S1
SO-26251,4,ROLL-1053,Roller Chain ANSI #80,2,EA,122.44,244.88,86.10000000000001,Price List C,2026-03-08,2026-03-08,2,Shipped,KBD-CUST0013-S1
SO-26252,1,SPRO-1055,Sprocket #50,12,EA,35.15,421.8,26.94,Price List C,2025-09-08,2025-09-08,12,Shipped,KBD-CUST0026-S1
SO-26252,2,DOD-TXT315,Torque-Arm II shaft-mount reducer 15:1,5,EA,1476.18,7380.9,1180.0,Price List C,2025-09-12,2025-09-19,5,Shipped,KBD-CUST0026-S1
SO-26253,1,TIMI-1056,Timing Belt 5/16-18,100,EA,25.09,2509.0,17.21,Price List C,2025-04-23,2025-04-23,100,Shipped,KBD-CUST0025-S1
SO-26253,2,ROLL-1021,Roller Chain ANSI 5/16-18,10,EA,139.04,1390.4,81.74,Price List C,2025-05-05,2025-05-12,10,Shipped ,KBD-CUST0025-S1
SO-26253,3,ROLL-1021,Roller Chain ANSI 5/16-18,6,EA,139.04,834.24,81.74,Price List C,2025-05-09,2025-05-09,6,Shipped,KBD-CUST0025-S1
SO-26253,4,SPRO-1076,Sprocket 5/16-18,4,EA,15.79,63.16,13.24,Manual override,2025-05-02,2025-05-02,4,Shipped,KBD-CUST0025-S1
SO-26253,5,GEAR-1016,Gear Reducer size 6,5,EA,2642.82,13214.1,2265.26,Manual override,2025-04-29,2025-04-29,0,Open,KBD-CUST0025-S1 
SO-26254,1,SHEA-1035,Sheave / Pulley 1.000,3,EA,197.53,592.59,148.52,Price List B,2025-06-18,2025-06-18,3,Shipped,KBD-CUST0023-S1
SO-26254,2,SPRO-1011,Sprocket #60,1,EA,212.73,212.73,118.48,Price List B,2025-06-20,2025-06-27,0,Open,KBD-CUST0023-S1
SO-26254,3,CONV-1089,Conveyor Drive Package #60,5,EA,7409.9,37049.5,5864.59,Price List B,2025-06-17,2025-06-17,5,Shipped,KBD-CUST0023-S1
SO-26255,1,SHEA-1037,Sheave / Pulley 1.375,1,EA,154.23,154.23,99.06,Price List C,2026-03-25,2026-03-26,1,Shipped,KBD-CUST0026-S1
SO-26255,2,SHEA-1003,Sheave / Pulley #50,1,EA,290.65,290.65,235.72,Price List C,2026-03-23,2026-03-23,1,Shipped,KBD-CUST0026-S1
SO-26255,3,MOUN-1018,Mounted Ball Bearing Unit M8,1,EA,173.84,173.84,109.13,Price List C,2026-04-08,2026-04-08,0,Open,KBD-CUST0026-S1
SO-26255,4,SHEA-1007,Sheave / Pulley 2.000,1,EA,190.62,190.62,129.94,Price List C,2026-04-10,2026-04-11,0,Open,KBD-CUST0026-S1
SO-26255,5,SHEA-1088,Sheave / Pulley 1/4-20,5,EA,271.59,1357.95,189.79,Price List C,2026-04-04,2026-04-04,0,Open,KBD-CUST0026-S1 
SO-26256,1,SHEA-1025,Sheave / Pulley size 4,1,EA ,238.31,238.31,153.95000000000002,Price List C,2025-10-28,28-Oct-2025,1,Shipped,KBD-CUST0016-S1
SO-26256,2,ROLL-1053,Roller Chain ANSI #80,1,EA,122.44,122.44,86.10000000000001,Price List C,2025-10-18,2025-10-18,1,Shipped,KBD-CUST0016-S1
SO-26256,3,GEAR-1080,Gear Reducer #60,5,EA,2297.75,11488.75,1484.33,Price List C,2025-10-20,2025-10-20,5,Shipped,KBD-CUST0016-S1
SO-26257,1,AC-1048,AC Motor TEFC M6,5,EA,2404.38,12021.9,1745.47,Price List B,11/22/2025,2025-11-22,5,Shipped,KBD-CUST0023-S1
SO-26258,1,SPRO-1078,Sprocket M6,200,EA,123.96,24792.0,69.25,Price List A,2025-09-27,2025-09-27 ,200,Shipped,KBD-CUST0008-S1
SO-26258,2,MOUN-1018,Mounted Ball Bearing Unit M8,2,EA,193.16,386.32,109.13,Price List A,2025-10-10,2025-10-10,2,Shipped,KBD-CUST0008-S1
SO-26259,1,TIMI-1020,Timing Belt 5/16-18,6,EA,63.14,378.84,52.03,Price List D,2025-09-02,2025-09-05,6,Shipped,KBD-CUST0004-S1
SO-26259,2,SPRO-1078,Sprocket M6,25,EA,101.65,2541.25,69.25,Price List D,2025-08-27,2025-08-30,25,Shipped,KBD-CUST0004-S1
SO-26259,3,CONV-1051,Conveyor Drive Package 1/4-20,2,EA,5033.5,10067.0,4147.58,Price List D,2025-08-28,2025-08-29,2,Shipped,KBD-CUST0004-S1
SO-26260,1,GEAR-1084,Gear Reducer M6,2,EA,5909.76,11819.52,3456.0,Price List A,2025-06-05,2025-06-05,2,Shipped,KBD-CUST0010-S1
SO-26260,2,GEAR-1084,Gear Reducer M6,1,EA,5909.76,5909.76,3456.0,Price List A,"May 30, 2025",2025-06-02,1,Shipped,KBD-CUST0010-S1
SO-26261,1,SHEA-1045,Sheave / Pulley M10,25,EA,58.65,1466.25,47.68,Price List D,2026-01-13,2026-01-20,25,Shipped,KBD-CUST0001-S1
SO-26261,2,CONV-1059,Conveyor Drive Package 1/4-20,5,EA,4543.16,22715.8,3693.63,Price List D,2026-01-07,2026-01-14,5,Shipped,KBD-CUST0001-S1
SO-26261,3,GEAR-1016,Gear Reducer size 6,1,EA,2767.7,2767.7,2265.26,Price List D,2026-01-10,2026-01-10,1,Shipped,KBD-CUST0001-S1
SO-26261,4,SPRO-1087,Sprocket 1/2-13,12,EA,53.33,639.96,44.550000000000004,Price List D,2026-01-11,2026-01-11,12,Shipped,KBD-CUST0001-S1
SO-26261,5,AC-1086,AC Motor TEFC 5/16-18,5,EA,3274.05,16370.25,2390.86,Price List D,2026-01-01,2026-01-01,5,Shipped,KBD-CUST0001-S1
SO-26262,1,CONV-1065,Conveyor Drive Package #80,2,EA,4551.33,9102.66,2903.56,Price List B ,2025-10-27,2025-10-30,2,Shipped,KBD-CUST0032-S1
SO-26263,1,SKF-6205-2RS1,"Deep groove ball bearing 25x52x15, sealed",2,EA,4.6,9.2,3.55,Price List C,2026-03-29,04/05/2026,0,Open,KBD-CUST0025-S1
SO-26263,2,MOUN-1034,Mounted Ball Bearing Unit M12,100,EA,40.52,4052.0,23.82,Price List C,2026-04-18,2026-04-18,0,Open,KBD-CUST0025-S1
SO-26263,3,MOUN-1018,Mounted Ball Bearing Unit M8,2,EA,173.84,347.68,109.13,Price List C,2026-04-05,2026-04-05,0,Open,KBD-CUST0025-S1
SO-26264,1,MOUN-1031,Mounted Ball Bearing Unit 1.500,50,EA,48.6,2430.0,38.78,KBD-CPA014,"Jan 03, 2026",2026-01-10,50,Shipped,KBD-CUST0014-S1
SO-26264,2,SPRO-1087,Sprocket 1/2-13,100,EA,53.33,5333.0,44.550000000000004,Price List D,2026-01-05,2026-01-06,100,Shipped,KBD-CUST0014-S1
SO-26265,1,CONV-1039,Conveyor Drive Package 5/8-11,3,EA,9171.31,27513.93,7046.72,Price List B,2025-11-27,2025-11-27,3,Shipped,KBD-CUST0007-S1
SO-26265,2,TIMI-1030,Timing Belt 1/2-13,6,EA,105.56,633.36,66.14,Price List B,2025-12-06,2025-12-07,6,Shipped,KBD-CUST0007-S1
SO-26266,1,AC-1033 ,AC Motor TEFC 3/4-10,1,EA,1443.12,1443.12,1093.27,Price List A,2025-11-10,2025-11-11,1,Shipped,KBD-CUST0024-S1
SO-26266,2,CONV-1052,Conveyor Drive Package size 4,2,EA,4045.3,8090.6,2311.6,Price List A,2025-12-02,2025-12-02,2,Shipped,KBD-CUST0024-S1
SO-26266,3,SPRO-1061,Sprocket #50,4,EA,121.32,485.28,87.28,Price List A,2025-11-16,2025-11-16,4,Shipped,KBD-CUST0024-S1
SO-26266,4,ROLL-1079,Roller Chain ANSI M8,3,EA,169.37,508.11,102.65,Price List A,2025-12-03,"Dec 04, 2025",3,Shipped,KBD-CUST0024-S1
SO-26266,5,BRI-HHCS-0500-13-200-G8,"Hex head cap screw 1/2-13 x 2 Gr 8 yellow zinc, 50/bx",200,BX,63.1,12620.0,44.75,Price List A,2025-12-03,2025-12-10,200,Shipped,KBD-CUST0024-S1
SO-26267,1,MOUN-1018,Mounted Ball Bearing Unit M8,3,EA,183.5,550.5,109.13,Price List B,2025-10-19,2025-10-19,3,Shipped,KBD-CUST0006-S1
SO-26267,2,MOUN-1031,Mounted Ball Bearing Unit 1.500,12,EA,55.63,667.56,38.78,Price List B,2025-10-16,10/16/2025,12,Shipped,KBD-CUST0006-S1
SO-26267,3,AC-1074,AC Motor TEFC M8,2,EA,2622.77,5245.54,1663.14,Price List B,2025-09-30,2025-09-30,2,Shipped,KBD-CUST0006-S1
SO-26267,4,CONV-1023,Conveyor Drive Package 3/4-10,2,EA,6175.79,12351.58,3652.15,Price List B,17-Oct-2025,10/18/2025,2,Shipped,KBD-CUST0006-S1 
SO-26268,1,TIMI-1000,Timing Belt 1.500,12,EA,56.02,672.24,43.53,Price List C,2025-10-03,2025-10-03,12,Shipped,KBD-CUST0028-S1
SO-26268,2,SPRO-1061,Sprocket #50,200,EA,109.19,21838.0,87.28,Price List C,2025-10-09,2025-10-09,200,Shipped,KBD-CUST0028-S1
SO-26268,3,AC-1048,AC Motor TEFC M6,5,EA,2072.83,10364.15,1745.47,Manual override,10/12/25 ,2025-10-12,5,Shipped,KBD-CUST0028-S1
SO-26268,4,AC-1085,AC Motor TEFC M6,1,EA,480.61,480.61,365.76,Price List C,2025-10-17,2025-10-20,1,Shipped,KBD-CUST0028-S1
SO-26268,5,GEAR-1073,Gear Reducer 5/16-18,2,EA,2397.63,4795.26,1938.75,Manual override,2025-10-03,2025-10-03,2,Shipped,KBD-CUST0028-S1
SO-26269,1,SKF-6205-2RS1,"Deep groove ball bearing 25x52x15, sealed",1,EA,4.19,4.19,3.55,Price List D,2025-07-27,2025-08-03,1,Shipped,KBD-CUST0014-S1
SO-26269,2,SPRO-1027,Sprocket 1/4-20,1,EA,83.76,83.76,77.98,Price List D,2025-07-06,2025-07-09,1,Shipped,KBD-CUST0014-S1
SO-26269,3,SHEA-1045,Sheave / Pulley M10,2,EA,58.65,117.3,47.68,Price List D,2025-07-16,2025-07-19,2,Shipped,KBD-CUST0014-S1
SO-26270,1,TIM-LM11949-LM11910,Tapered roller bearing set,6,EA,8.96,53.76,7.6,Price List C,2026-02-12,2026-02-19,6,Shipped,KBD-CUST0016-S1
SO-26270,2,SPRO-1087,Sprocket 1/2-13,10,EA,58.54,585.4,44.550000000000004,Price List C,2026-03-03,2026-03-06,10,Shipped,KBD-CUST0016-S1
SO-26270,3,SHEA-1068,Sheave / Pulley 1/4-20,5,EA,274.97,1374.85,180.78,Price List C,2026-02-16,2026-02-19,5,Shipped,KBD-CUST0016-S1
SO-26270,4,AC-1085,AC Motor TEFC M6,5,EA,480.61,2403.05,365.76,Price List C,2026-03-03,2026-03-03,5,Shipped,KBD-CUST0016-S1 
SO-26271,1,SHEA-1082,Sheave / Pulley 1/4-20,5,EA,317.24,1586.2,186.61,Price List A,2025-04-15,2025-04-22,0,Backordered,KBD-CUST0003-S1
SO-26271,2,CONV-1022,Conveyor Drive Package 1.375,5,EA,2929.51,14647.55,2154.05,Price List A,2025-05-04,05/07/25,5,Shipped,KBD-CUST0003-S1
SO-26272,1,SPRO-1041,Sprocket M6 ,1,EA,57.91,57.91,35.35,Price List C,2025-08-10,2025-08-17,1,Shipped,KBD-CUST0013-S1
SO-26272,2,SPRO-1009,Sprocket size 8,10,EA,38.43,384.3,24.54,Price List C,2025-08-02,"Aug 02, 2025",10,Shipped,KBD-CUST0013-S1
SO-26272,3,SHEA-1082,Sheave / Pulley 1/4-20,2,EA,285.52,571.04,186.61,Price List C,2025-08-07,2025-08-07,2,Shipped,KBD-CUST0013-S1
SO-26273,1,TIM-LM11949-LM11910,Tapered roller bearing set,100,EA,9.46,946.0,7.6,Price List B,03/21/26,2026-03-24,100,Shipped,KBD-CUST0032-S1
SO-26273,2,SHEA-1019,Sheave / Pulley M8,10,EA,166.09,1660.9,94.5,Price List B,2026-03-27,2026-03-27,10,Shipped,KBD-CUST0032-S1
SO-26273,3,SHEA-1003,Sheave / Pulley #50 ,1,EA,306.79,306.79,235.72,Price List B,29-Mar-2026,2026-03-29,0,Open,KBD-CUST0032-S1
SO-26273,4,DOD-TXT315,Torque-Arm II shaft-mount reducer 15:1,1,EA,1558.19,1558.19,1180.0,Price List B,2026-03-12,2026-03-12,1,Shipped,KBD-CUST0032-S1
SO-26273,5,SPRO-1061,Sprocket #50,25,EA,115.25,2881.25,87.28,Price List B,2026-03-26,2026-03-26,25,Shipped,KBD-CUST0032-S1
SO-26274,1,CONV-1042,Conveyor Drive Package 2.000,1,EA,6261.67,6261.67,5159.58,Price List D,05/25/2025,2025-06-01,1,Shipped,KBD-CUST0001-S1
SO-26275,1,GEAR-1067,Gear Reducer M6,3,EA,667.19,2001.57,498.09000000000003,Price List B,2025-10-20,2025-10-20,0,Open,KBD-CUST0006-S1
SO-26275,2,GEAR-1060,Gear Reducer #60,3,EA,4686.22,14058.66,3102.4300000000003,Price List B,2025-10-24,2025-10-31,3,Shipped,KBD-CUST0006-S1
SO-26275,3,SHEA-1028,Sheave / Pulley #80,1,EA,500.18,500.18,284.6,Price List B,2025-10-29,2025-10-29,0,Open,KBD-CUST0006-S1
SO-26275,4,SHEA-1019,Sheave / Pulley M8,100,EA,166.09,16609.0,94.5,Price List B,10/11/25,2025-10-11,100,Shipped,KBD-CUST0006-S1
SO-26276,1,CONV-1022,Conveyor Drive Package 1.375,5,EA,2783.03,13915.15,2154.05,Price List B,2025-10-10,2025-10-11,5,Shipped,KBD-CUST0027-S1
SO-26276,2,SPRO-1055,Sprocket #50,200,EA,37.11,7422.0,26.94,Price List B,2025-10-26,2025-10-26,200,Shipped,KBD-CUST0027-S1
SO-26276,3,DOD-TXT315,Torque-Arm II shaft-mount reducer 15:1,1,EA,1558.19,1558.19,1180.0,Price List B,2025-10-07,07-Oct-2025,1,Shipped,KBD-CUST0027-S1
SO-26277,1,SPRO-1078,Sprocket M6,12,EA,111.56,1338.72,69.25,Price List C,2025-06-11,2025-06-14,12,Shipped,KBD-CUST0025-S1
SO-26277,2,MOUN-1083,Mounted Ball Bearing Unit size 8,200,EA,124.81,24962.0,87.77,Price List C,2025-05-28,2025-05-28,200,Shipped,KBD-CUST0025-S1
SO-26277,3,MOUN-1031,Mounted Ball Bearing Unit 1.500,2,EA,45.85,91.7,38.78,Manual override,2025-06-21,2025-06-24,2,Shipped,KBD-CUST0025-S1
SO-26277,4,SKF-6308-2Z,"Deep groove ball bearing 40x90x23, shielded",25,EA,12.0,300.0,10.25,Price List C,2025-06-16,2025-06-17 ,25,Shipped,KBD-CUST0025-S1
SO-26278,1,ROLL-1053,Roller Chain ANSI #80,200,EA,129.24,25848.0,86.10000000000001,Price List B,2025-08-17,2025-08-17,200,Shipped,KBD-CUST0015-S1
SO-26278,2,MOUN-1083,Mounted Ball Bearing Unit size 8,200,EA,131.75,26350.0,87.77,Price List B,2025-08-21,2025-08-21,200,Shipped,KBD-CUST0015-S1
SO-26278,3,SHEA-1077,Sheave / Pulley #60,1,EA,114.3,114.3,67.98,Price List B,2025-08-26,2025-08-26,0,Backordered,KBD-CUST0015-S1
SO-26279,1,SHEA-1068,Sheave / Pulley 1/4-20,5,EA,290.24,1451.2,180.78,Price List B,2025-12-25,2025-12-25,5,Shipped,KBD-CUST0020-S1
SO-26279,2,MOUN-1008,Mounted Ball Bearing Unit #60,1,EA,115.94,115.94,71.79,Price List B,2026-01-09,2026-01-09,1,Shipped,KBD-CUST0020-S1
SO-26279,3,AC-1040,AC Motor TEFC #50,3,EA,845.29,2535.87,609.44,Price List B,2025-12-27,2026-01-03,3,Shipped,KBD-CUST0020-S1
SO-26279,4,SPRO-1047,Sprocket #80,25,EA,22.37,559.25,13.77,Price List B,2026-01-09,2026-01-09,25,Shipped,KBD-CUST0020-S1
SO-26279,5,TIM-LM11949-LM11910,Tapered roller bearing set,6,EA,9.46,56.76,7.6,Price List B,2025-12-24,2025-12-24,6,Shipped,KBD-CUST0020-S1
SO-26280,1,TIMI-1075,Timing Belt 1.000,4,EA,101.61,406.44,72.76,Price List B,2026-01-14,2026-01-15,4,Shipped,KBD-CUST0030-S1
SO-26280 ,2,TIMI-1032,Timing Belt size 6,6,EA,51.39,308.34,32.99,Price List B,2026-01-25,2026-01-26,6,Shipped,KBD-CUST0030-S1
SO-26280,3,ROLL-1044,Roller Chain ANSI #80,1,EA,212.87,212.87,140.68,Manual override,2026-01-18,2026-01-18,1,Shipped,KBD-CUST0030-S1
SO-26280,4,ROLL-1044,Roller Chain ANSI #80,3,EA,212.87,638.61,140.68,Manual override,2026-01-17,2026-01-24,3,Shipped,KBD-CUST0030-S1
SO-26281,1,SPRO-1004,Sprocket 3/8-16,2,EA,50.89,101.78,42.84,Price List C,2025-12-27,2025-12-27,2,Shipped,KBD-CUST0013-S1
SO-26281,2,SHEA-1072,Sheave / Pulley 3/8-16,2,EA,133.97,267.94,101.96000000000001,Price List C,2025-12-18,2025-12-19,2,Shipped,KBD-CUST0013-S1
SO-26281,3,SHEA-1019,Sheave / Pulley M8,200,EA,141.62,28324.0,94.5,Manual override,2025-12-25,2025-12-28,200,Shipped,KBD-CUST0013-S1
SO-26281,4,CONV-1051,Conveyor Drive Package 1/4-20,2,EA,5524.58,11049.16,4147.58,Price List C,2025-12-23,2025-12-26,2,Shipped,KBD-CUST0013-S1
SO-26282,1,ROLL-1021,Roller Chain ANSI 5/16-18,10,EA,146.77,1467.7,81.74,Price List B,2025-07-23,07/24/2025,10,Shipped,KBD-CUST0027-S1
SO-26282,2,CONV-1065,Conveyor Drive Package #80,2,EA,4551.33,9102.66,2903.56,Price List B,2025-07-21,2025-07-22,0,Open,KBD-CUST0027-S1
SO-26282,3,SHEA-1038,Sheave / Pulley 2.000,5,EA,482.49,2412.45,295.28000000000003,Price List B,2025-07-15,2025-07-15,5,Shipped,KBD-CUST0027-S1
SO-26283,1,DOD-TXT315,Torque-Arm II shaft-mount reducer 15:1,3,EA,1640.2,4920.6,1180.0,Price List A,2025-08-05,2025-08-05,3,Shipped,KBD-CUST0008-S1
SO-26284,1,AC-1006,AC Motor TEFC 1.250,2,EA,3707.1,7414.2,2130.52,Price List A,2025-09-07,2025-09-08,2,Shipped,KBD-CUST0008-S1
SO-26284,2,MOUN-1034,Mounted Ball Bearing Unit M12,2,EA,45.02,90.04,23.82,Price List A,2025-09-06,2025-09-09,2,Shipped,KBD-CUST0008-S1
SO-26284,3,CONV-1013,Conveyor Drive Package 1.500,5,EA,4415.38,22076.9,2336.18,Price List A,2025-09-16,2025-09-17,5,Shipped,KBD-CUST0008-S1
SO-26284,4,AC-1085,AC Motor TEFC M6,2,EA,534.01,1068.02,365.76,Price List A,2025-09-17,2025-09-24,2,Shipped,KBD-CUST0008-S1
SO-26284,5,SHEA-1072,Sheave / Pulley 3/8-16,1,EA,148.86,148.86,101.96000000000001,Price List A,09/10/2025,2025-09-13,0,Open,KBD-CUST0008-S1
SO-26285,1,CONV-1089,Conveyor Drive Package #60,1,EA,7409.9,7409.9,5864.59,Price List B,2026-03-10,2026-03-10,1,Shipped,KBD-CUST0032-S1
SO-26285,2,SPRO-1069,Sprocket #50,1,EA,192.46,192.46,115.11,Price List B,2026-03-15,2026-03-16,1,Shipped,KBD-CUST0032-S1
SO-26286,1,SPRO-1041,Sprocket M6,100,EA,64.34,6434.0,35.35,Price List A,03/01/26,2026-03-01,0,Open,KBD-CUST0024-S1
SO-26286,2,BRI-HHCS-0500-13-200-G8,"Hex head cap screw 1/2-13 x 2 Gr 8 yellow zinc, 50/bx",25,BX,63.1,1577.5,44.75,Price List A ,2026-02-22,2026-02-22,25,Shipped,KBD-CUST0024-S1
SO-26286,3,CONV-1039,Conveyor Drive Package 5/8-11,3,EA,9654.01,28962.03,7046.72,Price List A,2026-03-07,2026-03-14,3,Shipped,KBD-CUST0024-S1
SO-26286,4,CONV-1059,Conveyor Drive Package 1/4-20,1,EA,5540.44,5540.44,3693.63,Price List A,03/02/2026,2026-03-03,1,Shipped,KBD-CUST0024-S1
SO-26286,5,SHEA-1038,Sheave / Pulley 2.000,3,EA,507.88,1523.64,295.28000000000003,Price List A,2026-03-09,2026-03-12,0,Open,KBD-CUST0024-S1
SO-26287,1,SPRO-1061,Sprocket #50,25,EA,109.19,2729.75,87.28,Price List C,2025-09-23,2025-09-23,25,Shipped,KBD-CUST0005-S1
SO-26287,2,AC-1057,AC Motor TEFC M10,1,EA,1057.42,1057.42,687.08,Price List C,09/08/2025,2025-09-08,1,Shipped,KBD-CUST0005-S1
SO-26287,3,CONV-1051,Conveyor Drive Package 1/4-20,5,EA,5524.58,27622.9,4147.58,Price List C,2025-09-05,2025-09-06,5,Shipped,KBD-CUST0005-S1
SO-26287,4,TIMI-1075,Timing Belt 1.000,12,EA,96.26,1155.12,72.76,Price List C,2025-09-16,2025-09-17,12,Shipped,KBD-CUST0005-S1
SO-26287,5,SHEA-1035,Sheave / Pulley 1.000,5,EA,187.14,935.7,148.52,Price List C,2025-09-30,2025-10-03,5,Shipped,KBD-CUST0005-S1
SO-26288,1,SPRO-1041,Sprocket M6,25,EA,57.91,1447.75,35.35,Price List C,2026-03-03,2026-03-03,25,Shipped,KBD-CUST0029-S1
SO-26288,2,GEAR-1067,Gear Reducer M6,5,EA,632.08,3160.4,498.09000000000003,Price List C,03/13/26,2026-03-13,5,Shipped,KBD-CUST0029-S1
SO-26289,1,AC-1063,AC Motor TEFC 3/4-10,3,EA,2135.12,6405.36,1677.24,Price List B,2026-02-01,02/04/2026,3,Shipped,KBD-CUST0021-S1
SO-26289,2,SPRO-1041,Sprocket M6,1,EA,61.12,61.12,35.35,Price List B,2026-01-28,2026-01-28,1,Shipped,KBD-CUST0021-S1
SO-26289,3,GEAR-1084,Gear Reducer M6 ,1,EA,5614.27,5614.27,3456.0,Price List B,2026-01-22,2026-01-22,1,Shipped,KBD-CUST0021-S1
SO-26290,1,CONV-1039,Conveyor Drive Package 5/8-11,5,EA,9654.01,48270.05,7046.72,Price List A,2026-02-23,2026-02-23,5,Shipped,KBD-CUST0017-S1
SO-26290,2,SKF-6205-2RS1,"Deep groove ball bearing 25x52x15, sealed",10,EA,5.11,51.1,3.55,Price List A,"Mar 13, 2026",2026-03-13,10,Shipped,KBD-CUST0017-S1
SO-26290,3,CONV-1059,Conveyor Drive Package 1/4-20,1,EA,5263.42,5263.42,3693.63,Manual override,2026-03-17,2026-03-17,1,Shipped,KBD-CUST0017-S1
SO-26290,4,AC-1048,AC Motor TEFC M6,5,EA,2530.93,12654.65,1745.47,Price List A,2026-02-28,2026-03-07,5,Shipped,KBD-CUST0017-S1
SO-26290,5,CONV-1052,Conveyor Drive Package size 4,1,EA,4045.3,4045.3,2311.6,Price List A ,2026-03-11,2026-03-11,1,Shipped,KBD-CUST0017-S1
SO-26291,1,SPRO-1041,Sprocket M6,6,EA,57.91,347.46,35.35,Price List C,12-Sep-2025,2025-09-19,6,Shipped,KBD-CUST0026-S1
SO-26292,1,MOUN-1083,Mounted Ball Bearing Unit size 8,25,EA,131.75,3293.75,87.77,Price List B,2025-12-26,2026-01-02,25,Shipped,KBD-CUST0007-S1
SO-26293,1,SPRO-1002,Sprocket 1/4-20,6,EA,85.33,511.98,65.84,Price List C,01/16/26,2026-01-19,6,Shipped,KBD-CUST0005-S1
SO-26293,2,MOUN-1008,Mounted Ball Bearing Unit #60,12,EA,109.84,1318.08,71.79,Price List C,"Jan 13, 2026",2026-01-16,12,Shipped,KBD-CUST0005-S1
SO-26293,3,SPRO-1061,Sprocket #50,1,EA,109.19,109.19,87.28,Price List C,2026-01-21,2026-01-21,1,Shipped,KBD-CUST0005-S1
SO-26293,4,AC-1074,AC Motor TEFC M8,1,EA,2484.73,2484.73,1663.14,Price List C,2025-12-31,2025-12-31,1,Shipped,KBD-CUST0005-S1
SO-26294,1,SPRO-1050,Sprocket 5/16-18,10,EA,17.99,179.9,12.85,Price List A,"Feb 13, 2026",2026-02-14,10,Shipped,KBD-CUST0010-S1
SO-26294,2,SHEA-1068,Sheave / Pulley 1/4-20,1,EA,305.52,305.52,180.78,Price List A,2026-01-28,2026-02-04,1,Shipped,KBD-CUST0010-S1
SO-26295,1,BRI-HHCS-0500-13-200-G8,"Hex head cap screw 1/2-13 x 2 Gr 8 yellow zinc, 50/bx",200,BX,54.9,10980.0,44.75,Manual override,"Dec 28, 2025",2025-12-29,200,Shipped,KBD-CUST0024-S1
SO-26295,2,ROLL-1021,Roller Chain ANSI 5/16-18,1,EA,154.49,154.49,81.74,Price List A,"Dec 07, 2025",2025-12-07,1,Shipped,KBD-CUST0024-S1
SO-26295,3,CONV-1039,Conveyor Drive Package 5/8-11,1,EA,9654.01,9654.01,7046.72,Price List A,2025-12-23,2025-12-24 ,1,Shipped,KBD-CUST0024-S1
SO-26295,4,ROLL-1026,Roller Chain ANSI #50,5,EA,213.97,1069.85,129.92000000000002,Manual override,2025-12-25,2025-12-25,5,Shipped,KBD-CUST0024-S1
SO-26296,1,CONV-1059,Conveyor Drive Package 1/4-20,2,EA,4637.35,9274.7,3693.63,Manual override,2025-09-09,09/16/2025,2,Shipped,KBD-CUST0031-S1
SO-26296,2,CONV-1089,Conveyor Drive Package #60,1,EA,7019.91,7019.91,5864.59,Price List C,2025-08-27,2025-08-27,1,Shipped,KBD-CUST0031-S1
SO-26296,3,SPRO-1087,Sprocket 1/2-13,200,EA,58.54,11708.0,44.550000000000004,Price List C,2025-09-01,2025-09-02,200,Shipped,KBD-CUST0031-S1
SO-26296,4,SPRO-1027,Sprocket 1/4-20,1,EA,91.94,91.94,77.98,Price List C,2025-08-24,2025-08-31,1,Shipped,KBD-CUST0031-S1
SO-26296,5,GEAR-1084,Gear Reducer M6,3,EA,4999.65,14998.95,3456.0,Manual override,2025-09-07,2025-09-07,3,Shipped,KBD-CUST0031-S1
SO-26297,1,SPRO-1041,Sprocket M6,10,EA,64.34,643.4,35.35,Price List A,2025-08-25,2025-08-28,10,Shipped,KBD-CUST0003-S1
SO-26297,2,AC-1054,AC Motor TEFC 1.500,2,EA,2688.01,5376.02,1828.58,Price List A,05-Sep-2025,2025-09-05,2,Shipped,KBD-CUST0003-S1
SO-26297,3,SPRO-1069,Sprocket #50,3,EA,202.59,607.77,115.11,Price List A,2025-09-12,09/12/25,3,Shipped,KBD-CUST0003-S1
SO-26297,4,AC-1085,AC Motor TEFC M6,5,EA,534.01,2670.05,365.76,Price List A,2025-08-31,2025-08-31,5,Shipped,KBD-CUST0003-S1
SO-26297,5,SHEA-1045,Sheave / Pulley M10,50,EA,61.51,3075.5,47.68,KBD-CPA003,2025-09-18,2025-09-18,50,Shipped,KBD-CUST0003-S1
SO-26298,1,TIMI-1000,Timing Belt 1.500,100,EA,56.02,5602.0,43.53,Price List C,2025-06-23,2025-06-23,100,Shipped,KBD-CUST0025-S1
SO-26298,2,AC-1006,AC Motor TEFC 1.250,3,EA,3336.39,10009.17,2130.52,Price List C,2025-06-05,2025-06-12,3,Shipped,KBD-CUST0025-S1
SO-26299,1,GEAR-1084,Gear Reducer M6,1,EA,4846.0,4846.0,3456.0,Price List D,07-May-2025,08-May-2025,1,Shipped,KBD-CUST0004-S1
SO-26300,1,SPRO-1004,Sprocket 3/8-16,10,EA,45.8,458.0,42.84,Manual override,2025-05-09,2025-05-12,10,Shipped,KBD-CUST0028-S1
SO-26300,2,CONV-1042,Conveyor Drive Package 2.000,5,EA,6872.56,34362.8,5159.58,Price List C,2025-05-12,2025-05-12,5,Shipped,KBD-CUST0028-S1
SO-26301,1,MOUN-1008,Mounted Ball Bearing Unit #60,12,EA,115.94,1391.28,71.79,Price List B,2025-06-21,2025-06-21,12,Shipped,KBD-CUST0006-S1
SO-26301,2,TIMI-1017,Timing Belt size 6,200,EA,71.27,14254.0,50.69,Price List B,"Jun 22, 2025",2025-06-23,200,Shipped ,KBD-CUST0006-S1
SO-26302,1,TIMI-1030,Timing Belt 1/2-13,4,EA,91.12,364.48,66.14,Price List D,2025-12-02,2025-12-09,0,Open,KBD-CUST0011-S1
SO-26302,2,SPRO-1011,Sprocket #60,1,EA,183.62,183.62,118.48,Price List D,"Dec 03, 2025",2025-12-03,1,Shipped,KBD-CUST0011-S1
SO-26302,3,SPRO-1041,Sprocket M6,100,EA,52.76,5276.0,35.35,Price List D,2025-12-05,2025-12-05,100,Shipped,KBD-CUST0011-S1 
SO-26303,1,SHEA-1077,Sheave / Pulley #60,25,EA,114.3,2857.5,67.98,Price List B,2025-09-03,2025-09-04,25,Shipped,KBD-CUST0023-S1
SO-26303,2,GEAR-1010,Gear Reducer 1.375,5,EA,4602.2,23011.0,2784.15,Price List B,2025-08-11,2025-08-12,5,Shipped,KBD-CUST0023-S1
SO-26303,3,CONV-1046,Conveyor Drive Package 1/4-20,2,EA,9794.27,19588.54,7311.89,Price List B ,2025-08-11,2025-08-18,2,Shipped,KBD-CUST0023-S1
SO-26303,4,AC-1040,AC Motor TEFC #50,3,EA,819.93,2459.79,609.44,Manual override,2025-08-15,2025-08-15,3,Shipped,KBD-CUST0023-S1
SO-26303,5,SHEA-1025,Sheave / Pulley size 4,3,EA,251.55,754.65,153.95000000000002,Price List B,2025-08-26,2025-08-26,3,Shipped,KBD-CUST0023-S1
SO-26304,1,TIMI-1056,Timing Belt 5/16-18,50,EA,22.86,1143.0,17.21,Price List D,2026-02-14,2026-02-21,50,Shipped,KBD-CUST0001-S1
SO-26305,1,ROLL-1026,Roller Chain ANSI #50,3,EA,213.97,641.91,129.92000000000002,Price List C,07/12/25,2025-07-12,3,Shipped,KBD-CUST0028-S1
SO-26305,2,TIMI-1075,Timing Belt 1.000,10,EA,96.26,962.6,72.76,Price List C,2025-07-04,2025-07-05,10,Shipped,KBD-CUST0028-S1
SO-26305,3,SPRO-1076,Sprocket 5/16-18,12,EA,17.16,205.92,13.24,Price List C,2025-07-08,2025-07-09,12,Shipped,KBD-CUST0028-S1
SO-26305,4,SPRO-1047,Sprocket #80,2,EA,21.2,42.4,13.77,Price List C,2025-07-12,2025-07-12,2,Shipped,KBD-CUST0028-S1
SO-26305,5,SHEA-1064,Sheave / Pulley M12,2,EA,205.2,410.4,139.88,Price List C,2025-07-04,2025-07-11,2,Shipped,KBD-CUST0028-S1
SO-26306,1,TIMI-1058,Timing Belt M6,6,EA,127.57,765.42,84.45,Price List B,2025-07-12,2025-07-12,6,Shipped,KBD-CUST0015-S1
SO-26306,2,ROLL-1012 ,Roller Chain ANSI 2.000,4,EA,59.14,236.56,47.52,Price List B,2025-07-09,2025-07-09,4,Shipped,KBD-CUST0015-S1
SO-26306,3,SHEA-1028,Sheave / Pulley #80,3,EA,500.18,1500.54,284.6,Price List B,2025-07-09,2025-07-09 ,3,Shipped,KBD-CUST0015-S1
SO-26306,4,GEAR-1073,Gear Reducer 5/16-18,1,EA,2781.13,2781.13,1938.75,Price List B,2025-07-18,2025-07-21,1,Shipped,KBD-CUST0015-S1
SO-26307,1,CONV-1051,Conveyor Drive Package 1/4-20,1,EA,5248.35,5248.35,4147.58,Manual override,2026-02-18,2026-02-18,1,Shipped,KBD-CUST0007-S1
SO-26307,2,CONV-1022,Conveyor Drive Package 1.375,2,EA,2783.03,5566.06,2154.05,Price List B,2026-03-05,03/08/26,0,Open,KBD-CUST0007-S1
SO-26307,3,SPRO-1041,Sprocket M6,1,EA,61.12,61.12,35.35,Price List B,2026-02-11,2026-02-14,1,Shipped,KBD-CUST0007-S1
SO-26308,1,ROLL-1053,Roller Chain ANSI #80,4,EA,122.44,489.76,86.10000000000001,Price List C,2026-03-24,2026-03-24,4,Shipped,KBD-CUST0031-S1
SO-26308,2,ROLL-1079,Roller Chain ANSI M8,2,EA,152.43,304.86,102.65,Price List C,2026-03-19,2026-03-26,2,Shipped,KBD-CUST0031-S1
SO-26308,3,TIMI-1014,Timing Belt 1.000,200,EA,75.71,15142.0,49.480000000000004,Price List C,2026-03-18,2026-03-21,200,Shipped,KBD-CUST0031-S1
SO-26308,4,TIMI-1030,Timing Belt 1/2-13,10,EA,100.01,1000.1,66.14,Price List C,2026-04-07,2026-04-14,0,Open,KBD-CUST0031-S1
SO-26309,1,AC-1074,AC Motor TEFC M8,2,EA,2622.77,5245.54,1663.14,Price List B,2025-09-18,2025-09-18,2,Shipped,KBD-CUST0023-S1
SO-26309,2,TIMI-1017,Timing Belt size 6,10,EA,64.14,641.4,50.69,Manual override,09/21/25,2025-09-21,10,Shipped,KBD-CUST0023-S1
SO-26309,3,MOUN-1062,Mounted Ball Bearing Unit 1/2-13,3,EA,210.21,630.63,135.75,Price List B,2025-09-24 ,09/24/2025,3,Shipped,KBD-CUST0023-S1
SO-26309,4,MOUN-1031,Mounted Ball Bearing Unit 1.500,200,EA,55.63,11126.0,38.78,Price List B,2025-09-30,2025-10-03,200,Shipped,KBD-CUST0023-S1
SO-26310,1,AC-1033,AC Motor TEFC 3/4-10,5,EA,1298.81,6494.05,1093.27,Price List C,2026-04-05,2026-04-08,0,Open,KBD-CUST0028-S1
SO-26310,2,SPRO-1070,Sprocket M12,10,EA,36.16,361.6,22.96,Price List C,2026-03-20,2026-03-23,10,Shipped,KBD-CUST0028-S1
SO-26310,3,SPRO-1070,Sprocket M12 ,2,EA,36.16,72.32,22.96,Price List C,2026-04-03,2026-04-04,0,Open,KBD-CUST0028-S1
SO-26310,4,TIMI-1056,Timing Belt 5/16-18,100,EA,25.09,2509.0,17.21,Price List C,2026-03-19,"Mar 19, 2026",100,Shipped,KBD-CUST0028-S1
SO-26311,1,CONV-1052,Conveyor Drive Package size 4,3,EA,3574.02,10722.06,2311.6,Manual override,2025-05-08 ,2025-05-08,3,Shipped,KBD-CUST0032-S1
SO-26311,2,TIMI-1071,Timing Belt 5/8-11,2,EA,113.06,226.12,74.85000000000001,Price List B,05/12/25,2025-05-19,2,Shipped,KBD-CUST0032-S1
SO-26311,3,GEAR-1060 ,Gear Reducer #60,3,EA,4686.22,14058.66,3102.4300000000003,Price List B,2025-05-08,2025-05-15,3,Shipped,KBD-CUST0032-S1
SO-26311,4,TIM-LM11949-LM11910,Tapered roller bearing set,50,EA,9.46,473.0,7.6,Price List B,2025-04-30,2025-05-07,50,Shipped,KBD-CUST0032-S1
SO-26311,5,TIMI-1017,Timing Belt size 6,1,EA,71.27,71.27,50.69,Price List B,2025-04-29,04/30/2025,1,Shipped,KBD-CUST0032-S1
SO-26312,1,SPRO-1009,Sprocket size 8,4,EA,35.01,140.04,24.54,Price List D,"Jun 24, 2025 ",2025-06-25 ,4,Shipped,KBD-CUST0011-S1 
SO-26312,2,SPRO-1011,Sprocket #60,1,EA,183.62,183.62,118.48,Price List D,2025-06-11,2025-06-18,1,Shipped,KBD-CUST0011-S1
SO-26313,1,TIMI-1056,Timing Belt 5/16-18,6,EA,26.49,158.94,17.21,Price List B,2026-04-23,2026-04-23,0,Open,KBD-CUST0021-S1
SO-26313,2,ROLL-1044,Roller Chain ANSI #80,3,EA,241.9,725.7,140.68,Price List B,2026-04-09,2026-04-10,0,Open,KBD-CUST0021-S1
SO-26313,3,ROLL-1079,Roller Chain ANSI M8,5,EA,160.9,804.5,102.65,Price List B,2026-04-07,2026-04-07,0,Open,KBD-CUST0021-S1
SO-26313,4,SPRO-1009,Sprocket size 8,4,EA,40.56,162.24,24.54,Price List B,2026-04-14,2026-04-14,0,Open,KBD-CUST0021-S1
SO-26313,5,SHEA-1007,Sheave / Pulley 2.000,2,EA,201.21,402.42,129.94,Price List B,2026-04-12,2026-04-12,0,Open,KBD-CUST0021-S1
SO-26314,1,SPRO-1087,Sprocket 1/2-13,12,EA,50.93,611.16,44.550000000000004,Manual override,2025-08-12,2025-08-12,12,Shipped,KBD-CUST0005-S1
SO-26314,2,CONV-1023,Conveyor Drive Package 3/4-10,5,EA,5850.75,29253.75,3652.15,Price List C,2025-08-10,2025-08-11,5,Shipped,KBD-CUST0005-S1
SO-26315 ,1,CONV-1089,Conveyor Drive Package #60,5,EA,7019.91,35099.55,5864.59,Price List C,02/12/26,2026-02-12,5,Shipped,KBD-CUST0025-S1
SO-26315,2,TIMI-1014,Timing Belt 1.000,1,EA,75.71,75.71,49.480000000000004,Price List C,2026-01-26,2026-01-26,1,Shipped,KBD-CUST0025-S1
SO-26315,3,SPRO-1076,Sprocket 5/16-18,1,EA,17.16,17.16,13.24,Price List C,2026-01-21,2026-01-24,1,Shipped,KBD-CUST0025-S1
SO-26315,4,SKF-6205-2RS1,"Deep groove ball bearing 25x52x15, sealed",50,EA,4.6,230.0,3.55,Price List C,2026-01-24,2026-01-31,50,Shipped,KBD-CUST0025-S1
SO-26315,5,MOUN-1062,Mounted Ball Bearing Unit 1/2-13,3,EA,199.14,597.42,135.75,Price List C,2026-01-21,2026-01-28,3,Shipped,KBD-CUST0025-S1
SO-26316,1,TIMI-1020,Timing Belt 5/16-18,100,EA,69.3,6930.0,52.03,Price List C,2025-07-06,2025-07-13,100,Shipped ,KBD-CUST0031-S1
SO-26316,2,SPRO-1061,Sprocket #50,100,EA,109.19,10919.0,87.28,Price List C,29-Jun-2025,2025-06-29,100,Shipped,KBD-CUST0031-S1
SO-26316,3,CONV-1039,Conveyor Drive Package 5/8-11,1,EA,8688.61,8688.61,7046.72,Price List C,2025-07-17,2025-07-17,1,Shipped,KBD-CUST0031-S1
SO-26317,1,MOUN-1034,Mounted Ball Bearing Unit M12,2,EA,42.77,85.54,23.82,Price List B,2026-01-31,2026-02-01 ,2,Shipped,KBD-CUST0006-S1
SO-26317,2,SPRO-1015,Sprocket 3/8-16,4,EA,99.19,396.76,74.58,Price List B,2026-01-30,02/06/26,4,Shipped,KBD-CUST0006-S1
SO-26317,3,AC-1063,AC Motor TEFC 3/4-10,2,EA,2135.12,4270.24,1677.24,Price List B,2026-01-12,2026-01-15,2,Shipped,KBD-CUST0006-S1
SO-26318,1,BRI-HHCS-0500-13-200-G8,"Hex head cap screw 1/2-13 x 2 Gr 8 yellow zinc, 50/bx",6,BX,56.79,340.74,44.75,Price List C,2026-01-28,2026-01-31,6,Shipped,KBD-CUST0016-S1
SO-26318,2,CONV-1052,Conveyor Drive Package size 4,5,EA,3640.77,18203.85,2311.6,Price List C,2026-01-10,2026-01-10,5,Shipped ,KBD-CUST0016-S1
SO-26318,3,TIMI-1075,Timing Belt 1.000,25,EA,96.26,2406.5,72.76,Price List C,2026-01-29,2026-01-29 ,25,Shipped,KBD-CUST0016-S1
SO-26319,1,DOD-TXT315,Torque-Arm II shaft-mount reducer 15:1,1,EA,1558.19,1558.19,1180.0,Price List B,2025-11-11,"Nov 14, 2025",1,Shipped,KBD-CUST0006-S1
SO-26319,2,SHEA-1082,Sheave / Pulley 1/4-20,1,EA,301.38,301.38,186.61,Price List B,2025-10-28,2025-10-28,1,Shipped,KBD-CUST0006-S1
SO-26319,3,MOUN-1018,Mounted Ball Bearing Unit M8,1,EA,183.5,183.5,109.13,Price List B,2025-11-01,2025-11-01,1,Shipped,KBD-CUST0006-S1
SO-26319,4,SPRO-1027,Sprocket 1/4-20,1,EA,97.04,97.04,77.98,Price List B ,2025-11-12,2025-11-12,1,Shipped,KBD-CUST0006-S1
SO-26320,1,SHEA-1082,Sheave / Pulley 1/4-20,1,EA,285.52,285.52,186.61,Price List C,2025-10-20,2025-10-23,1,Shipped,KBD-CUST0016-S1
SO-26320,2,SPRO-1011,Sprocket #60,2,EA,201.54,403.08,118.48,Price List C,"Oct 29, 2025",2025-11-05,2,Shipped,KBD-CUST0016-S1
SO-26320,3,SPRO-1002,Sprocket 1/4-20,1,EA ,85.33,85.33,65.84,Price List C,2025-10-18,2025-10-18,1,Shipped,KBD-CUST0016-S1
SO-26320,4,SPRO-1011,Sprocket #60,5,EA,201.54,1007.7,118.48,Price List C,2025-10-19,2025-10-19,5,Shipped,KBD-CUST0016-S1
SO-26320,5,SHEA-1007,Sheave / Pulley 2.000,1,EA,190.62,190.62,129.94,Price List C,2025-10-29,2025-10-29,1,Shipped,KBD-CUST0016-S1
SO-26321,1,SHEA-1064,Sheave / Pulley M12,5,EA,228.0,1140.0,139.88,Price List A,2026-02-20,2026-02-20,5,Shipped,KBD-CUST0019-S1
SO-26321,2,AC-1048,AC Motor TEFC M6,3,EA,2530.93,7592.79,1745.47,Price List A,2026-03-18,2026-03-21,3,Shipped,KBD-CUST0019-S1
SO-26322,1,TIMI-1071,Timing Belt 5/8-11,50,EA,107.11,5355.5,74.85000000000001,Price List C,06/04/25,06/04/25,50,Shipped,KBD-CUST0016-S1
SO-26322,2,SPRO-1004,Sprocket 3/8-16,10,EA,50.89,508.9,42.84,Price List C,2025-06-13,2025-06-13,10,Shipped,KBD-CUST0016-S1
SO-26323,1,SPRO-1078,Sprocket M6,100,EA,101.65,10165.0,69.25,Price List D,2025-10-13,2025-10-16,100,Shipped,KBD-CUST0011-S1
SO-26323,2,SPRO-1041,Sprocket M6,200,EA,52.76,10552.0,35.35,Price List D,2025-10-17,2025-10-20,200,Shipped,KBD-CUST0011-S1
SO-26323,3,TIMI-1014,Timing Belt 1.000,1,EA,60.7,60.7,49.480000000000004,Manual override,2025-10-06,2025-10-06,1,Shipped,KBD-CUST0011-S1
SO-26323,4,SHEA-1035,Sheave / Pulley 1.000,3,EA,170.5,511.5,148.52,Price List D,2025-10-12,2025-10-19,3,Shipped,KBD-CUST0011-S1
SO-26324,1,CONV-1023,Conveyor Drive Package 3/4-10,3,EA,6500.83,19502.49,3652.15,Price List A,12-Oct-2025,2025-10-12,3,Shipped,KBD-CUST0017-S1
SO-26325,1,SPRO-1047,Sprocket #80,10,EA,20.96,209.6,13.77,Manual override,08/11/2025,2025-08-14,0,Open,KBD-CUST0003-S1
SO-26325,2,AC-1057,AC Motor TEFC M10,5,EA ,1174.91,5874.55,687.08,Price List A,2025-08-08,2025-08-08,5,Shipped,KBD-CUST0003-S1
SO-26325,3,SHEA-1003,Sheave / Pulley #50,5,EA,322.94,1614.7,235.72,Price List A,2025-08-09,2025-08-12,5,Shipped,KBD-CUST0003-S1
SO-26325,4,SPRO-1009,Sprocket size 8,25,EA,42.7,1067.5,24.54,Price List A,2025-07-31,2025-07-31,25,Shipped,KBD-CUST0003-S1
SO-26326,1,TIMI-1020,Timing Belt 5/16-18,50,EA,66.53,3326.5,52.03,Manual override,2025-07-19,2025-07-22,50,Shipped,KBD-CUST0005-S1
SO-26327,1,GEAR-1084,Gear Reducer M6,3,EA,5318.78,15956.34,3456.0,Price List C,2025-12-25,2025-12-25,3,Shipped,KBD-CUST0028-S1
SO-26327,2,SHEA-1049,Sheave / Pulley size 4,5,EA,249.88,1249.4,153.4,Price List C,"Jan 07, 2026",2026-01-14,5,Shipped,KBD-CUST0028-S1
SO-26327,3,TIMI-1075,Timing Belt 1.000,100,EA,96.26,9626.0,72.76,Price List C,2026-01-18,2026-01-21,100,Shipped,KBD-CUST0028-S1
SO-26327,4,AC-1048,AC Motor TEFC M6,1,EA,2277.84,2277.84,1745.47,Price List C,2026-01-17,2026-01-17,1,Shipped,KBD-CUST0028-S1
SO-26327,5,SPRO-1078,Sprocket M6,12,EA,111.56,1338.72,69.25,Price List C,2026-01-16,2026-01-16,12,Shipped,KBD-CUST0028-S1
SO-26328,1,MOUN-1018,Mounted Ball Bearing Unit M8,1,EA,183.5,183.5,109.13,Price List B,"Feb 14, 2026",2026-02-17,1,Shipped,KBD-CUST0021-S1
SO-26329,1,SHEA-1037,Sheave / Pulley 1.375,200,EA,171.37,34274.0,99.06,Price List A,2026-02-24,2026-02-24,200,Shipped,KBD-CUST0008-S1
SO-26329,2,GEAR-1016,Gear Reducer size 6,5,EA,3375.24,16876.2,2265.26,Price List A,2026-02-14,2026-02-14,5,Shipped,KBD-CUST0008-S1
SO-26330,1,ROLL-1053,Roller Chain ANSI #80,6,EA,129.24,775.44,86.10000000000001,Price List B,2025-07-27,2025-08-03,6,Shipped,KBD-CUST0006-S1
SO-26330,2,SPRO-1078,Sprocket M6,4,EA,117.76,471.04,69.25,Price List B,"Jul 23, 2025",2025-07-26,4,Shipped,KBD-CUST0006-S1
SO-26331,1,CONV-1065,Conveyor Drive Package #80,1,EA,4551.33,4551.33,2903.56,Price List B,2026-04-15,2026-04-18,0,Open,KBD-CUST0030-S1
SO-26331,2,SHEA-1037 ,Sheave / Pulley 1.375,12,EA,162.8,1953.6,99.06,Price List B,2026-04-06,04/09/2026,0,Open,KBD-CUST0030-S1
SO-26331,3,AC-1085,AC Motor TEFC M6,1,EA,507.31,507.31,365.76,Price List B,2026-03-28,2026-03-29,0,Open,KBD-CUST0030-S1
SO-26331,4,AC-1063,AC Motor TEFC 3/4-10,1,EA,2135.12,2135.12,1677.24,Price List B,2026-03-26,2026-03-26,1,Shipped,KBD-CUST0030-S1
SO-26331,5,SPRO-1027,Sprocket 1/4-20,100,EA,97.04,9704.0,77.98,Price List B,2026-04-18,2026-04-25,0,Open,KBD-CUST0030-S1 
SO-26332,1,CONV-1039,Conveyor Drive Package 5/8-11,1,EA,8688.61,8688.61,7046.72,Price List C,2026-03-23 ,2026-03-23,1,Shipped,KBD-CUST0016-S1
SO-26332,2,GEAR-1066,Gear Reducer 1.000,5,EA,1588.8,7944.0,1270.02,Price List C,2026-03-25,2026-03-28,0,Open,KBD-CUST0016-S1
SO-26333,1,SPRO-1011,Sprocket #60,2,EA,212.73,425.46,118.48,Price List B,2026-04-09,2026-04-12,0,Open,KBD-CUST0007-S1
SO-26334,1,TIMI-1075,Timing Belt 1.000,10,EA,101.61,1016.1,72.76,Price List B,2025-06-25,2025-06-25,10,Shipped,KBD-CUST0030-S1 
SO-26334,2,SPRO-1004,Sprocket 3/8-16,12,EA,53.72,644.64,42.84,Price List B,2025-06-28,2025-07-05,0,Open,KBD-CUST0030-S1
SO-26335,1,ROLL-1026,Roller Chain ANSI #50,1,EA,237.75,237.75,129.92000000000002,Price List A,2026-01-02,2026-01-02,1,Shipped,KBD-CUST0008-S1
SO-26335,2,MOUN-1031,Mounted Ball Bearing Unit 1.500,50,EA,58.56,2928.0,38.78,Price List A,12/31/25,2026-01-07,50,Shipped,KBD-CUST0008-S1
SO-26335,3,SPRO-1027,Sprocket 1/4-20,4,EA,102.15,408.6,77.98,Price List A,2025-12-17,2025-12-18,4,Shipped,KBD-CUST0008-S1
SO-26335,4,SHEA-1077,Sheave / Pulley #60,4,EA,120.32,481.28,67.98,Price List A,2025-12-16,2025-12-16,4,Shipped,KBD-CUST0008-S1
SO-26335,5,SPRO-1061,Sprocket #50,1,EA,121.32,121.32,87.28,Price List A,2025-12-14,12/15/2025,1,Shipped,KBD-CUST0008-S1
SO-26336,1,SPRO-1070,Sprocket M12,1,EA,38.17,38.17,22.96,Manual override,2025-06-30,30-Jun-2025,1,Shipped,KBD-CUST0008-S1
SO-26336,2,SPRO-1078,Sprocket M6,12,EA,123.96,1487.52,69.25,Price List A,2025-06-15,2025-06-15,12,Shipped,KBD-CUST0008-S1
SO-26336,3,CONV-1013,Conveyor Drive Package 1.500,2,EA,4415.38,8830.76,2336.18,Price List A,2025-06-18,06/19/2025,2,Shipped,KBD-CUST0008-S1
SO-26337,1,SPRO-1087,Sprocket 1/2-13,100,EA,65.04,6504.0,44.550000000000004,Price List A ,25-Jun-2025,2025-06-25,100,Shipped,KBD-CUST0008-S1
SO-26338,1,SKF-6308-2Z,"Deep groove ball bearing 40x90x23, shielded",12,EA,10.93,131.16,10.25,Price List D,2025-09-01,09/08/25,12,Shipped,KBD-CUST0018-S1
SO-26339,1,ROLL-1044,Roller Chain ANSI #80 ,5,EA,229.17,1145.85,140.68,Price List C,"Jan 07, 2026",2026-01-07,5,Shipped,KBD-CUST0029-S1
SO-26339,2,GAT-B62,Hi-Power II V-belt B62,4,EA,17.6,70.4,12.7,Price List C,2025-12-31,2025-12-31,4,Shipped,KBD-CUST0029-S1
SO-26340,1,SHEA-1064,Sheave / Pulley M12,1,EA,216.6,216.6,139.88,Price List B,13-Dec-2025,2025-12-13,1,Shipped,KBD-CUST0032-S1
SO-26340 ,2,SHEA-1038,Sheave / Pulley 2.000,1,EA,482.49,482.49,295.28000000000003,Price List B,12/22/2025,2025-12-25,1,Shipped,KBD-CUST0032-S1
SO-26341,1,SHEA-1068,Sheave / Pulley 1/4-20,2,EA,274.97,549.94,180.78,Price List C,2026-03-04,2026-03-07,0,Open,KBD-CUST0031-S1
SO-26341,2,SPRO-1015,Sprocket 3/8-16 ,10,EA,93.97,939.7,74.58,Price List C,2026-02-22,2026-02-25,10,Shipped,KBD-CUST0031-S1
SO-26341,3,CONV-1039,Conveyor Drive Package 5/8-11,1,EA,8688.61,8688.61,7046.72,Price List C,2026-03-08,2026-03-08,1,Shipped,KBD-CUST0031-S1
SO-26341,4,SPRO-1076,Sprocket 5/16-18,1,EA,17.16,17.16,13.24,Price List C,01-Mar-2026,2026-03-08,0,Backordered,KBD-CUST0031-S1
SO-26342,1,SPRO-1061,Sprocket #50,50,EA,115.25,5762.5,87.28,Price List B,2025-04-26,2025-05-03,50,Shipped,KBD-CUST0023-S1
SO-26342,2,AC-1085,AC Motor TEFC M6,5,EA,507.31,2536.55,365.76,Price List B ,2025-04-28,2025-04-28,5,Shipped,KBD-CUST0023-S1
SO-26342,3,GEAR-1080,Gear Reducer #60,5,EA,2425.4,12127.0,1484.33,Price List B,2025-04-29,2025-05-02 ,0,Backordered,KBD-CUST0023-S1
SO-26342,4,AC-1054,AC Motor TEFC 1.500,5,EA,2553.61,12768.05,1828.58,Price List B,2025-05-03,2025-05-06,5,Shipped,KBD-CUST0023-S1
SO-26342,5,SHEA-1007,Sheave / Pulley 2.000,2,EA,201.21,402.42,129.94,Price List B,2025-05-16,2025-05-19,2,Shipped,KBD-CUST0023-S1
SO-26343,1,SPRO-1047,Sprocket #80,1,EA,21.2,21.2,13.77,Price List C,2025-06-12,2025-06-13,1,Shipped,KBD-CUST0031-S1
SO-26343,2,ROLL-1021,Roller Chain ANSI 5/16-18,10,EA,139.04,1390.4,81.74,Price List C,2025-06-19,2025-06-26,10,Shipped,KBD-CUST0031-S1
SO-26343,3,TIMI-1030,Timing Belt 1/2-13,6,EA,100.01,600.06,66.14,Price List C,2025-06-17,06/17/25,6,Shipped,KBD-CUST0031-S1
SO-26343,4,SPRO-1055,Sprocket #50,6,EA,35.15,210.9,26.94,Price List C,2025-06-20,2025-06-20,6,Shipped,KBD-CUST0031-S1
SO-26344,1,GEAR-1016,Gear Reducer size 6,1,EA,3375.24,3375.24,2265.26,Price List A,2025-06-26,2025-06-27,1,Shipped,KBD-CUST0003-S1
SO-26344,2,CONV-1023,Conveyor Drive Package 3/4-10,3,EA,6500.83,19502.49,3652.15,Price List A,2025-06-15,2025-06-15,3,Shipped,KBD-CUST0003-S1
SO-26344,3,CONV-1022,Conveyor Drive Package 1.375,1,EA,2929.51,2929.51,2154.05,Price List A,2025-06-30,06/30/25,1,Shipped,KBD-CUST0003-S1
SO-26344,4,TIMI-1056,Timing Belt 5/16-18,2,EA,27.88,55.76,17.21,Price List A,2025-06-18,2025-06-18,2,Shipped,KBD-CUST0003-S1
SO-26344,5,SPRO-1009,Sprocket size 8,4,EA,42.7,170.8,24.54,Price List A,2025-06-10,2025-06-17,4,Shipped,KBD-CUST0003-S1
SO-26345,1,CONV-1065,Conveyor Drive Package #80,1,EA,4551.33,4551.33,2903.56,Price List B,2025-05-27,2025-06-03,1,Shipped,KBD-CUST0030-S1
SO-26345,2,CONV-1023,Conveyor Drive Package 3/4-10,5,EA,5558.21,27791.05,3652.15,Manual override,2025-06-04,2025-06-11,5,Shipped,KBD-CUST0030-S1
SO-26345,3,SPRO-1061,Sprocket #50,25,EA,115.25,2881.25,87.28,Price List B,2025-06-06,06/07/2025,25,Shipped,KBD-CUST0030-S1
SO-26345 ,4,SHEA-1072,Sheave / Pulley 3/8-16,2,EA,128.69,257.38,101.96000000000001,Manual override,2025-05-30,2025-05-30,2,Shipped,KBD-CUST0030-S1
SO-26346,1,CONV-1043,Conveyor Drive Package 1.375,1,EA,2622.13,2622.13,1971.53,Price List B,2026-02-16,2026-02-16,1,Shipped,KBD-CUST0023-S1
SO-26346,2,GEAR-1060,Gear Reducer #60,1,EA,4686.22,4686.22,3102.4300000000003,Price List B,2026-02-27,2026-02-28,0,Backordered,KBD-CUST0023-S1
SO-26347,1,SPRO-1027 ,Sprocket 1/4-20,200,EA,91.94,18388.0,77.98,Price List C,2026-04-13,2026-04-14,0,Open,KBD-CUST0012-S1
SO-26347,2,SHEA-1025,Sheave / Pulley size 4,1,EA,238.31,238.31,153.95000000000002,Price List C,04/11/26,2026-04-11,0,Backordered,KBD-CUST0012-S1
SO-26347,3,GEAR-1073,Gear Reducer 5/16-18,5,EA,2634.76,13173.8,1938.75,Price List C,2026-04-01,2026-04-01,0,Open,KBD-CUST0012-S1
SO-26347,4,GEAR-1080,Gear Reducer #60,2,EA,2297.75,4595.5,1484.33,Price List C,2026-04-10,2026-04-10,0,Open,KBD-CUST0012-S1
SO-26348,1,SPRO-1002,Sprocket 1/4-20,2,EA,77.74,155.48,65.84,Price List D,2026-01-26,27-Jan-2026,0,Open,KBD-CUST0004-S1
SO-26348,2,AC-1063,AC Motor TEFC 3/4-10,2,EA ,1842.95,3685.9,1677.24,Price List D,2026-01-12,01/12/2026,0,Open,KBD-CUST0004-S1
SO-26349,1,TIMI-1071,Timing Belt 5/8-11,10,EA,107.11,1071.1,74.85000000000001,Price List C,2025-12-07,2025-12-14,10,Shipped,KBD-CUST0029-S1
SO-26349,2,GEAR-1084,Gear Reducer M6,1,EA,5318.78,5318.78,3456.0,Price List C,2025-12-03,2025-12-03,0,Open,KBD-CUST0029-S1
SO-26349,3,SPRO-1011,Sprocket #60,2,EA,201.54,403.08,118.48,Price List C,26-Nov-2025,2025-11-26,2,Shipped,KBD-CUST0029-S1
SO-26350,1,CONV-1043,Conveyor Drive Package 1.375,5,EA,2484.13,12420.65,1971.53,Price List C,2026-02-15,2026-02-15,5,Shipped,KBD-CUST0026-S1
SO-26350,2,AC-1063,AC Motor TEFC 3/4-10,3,EA,2022.75,6068.25,1677.24,Price List C,02/09/2026,2026-02-12,3,Shipped,KBD-CUST0026-S1
SO-26350,3,MOUN-1031,Mounted Ball Bearing Unit 1.500,50,EA,52.7,2635.0,38.78,Price List C ,02/26/2026,2026-02-26,50,Shipped,KBD-CUST0026-S1
SO-26350,4,MOUN-1062,Mounted Ball Bearing Unit 1/2-13,1,EA,199.14,199.14,135.75,Price List C,2026-02-13,2026-02-13,1,Shipped,KBD-CUST0026-S1
SO-26350,5,TIMI-1075,Timing Belt 1.000,25,EA,96.26,2406.5,72.76,Price List C,2026-02-12,"Feb 12, 2026",25,Shipped,KBD-CUST0026-S1
SO-26351,1,SPRO-1061,Sprocket #50 ,50,EA,121.32,6066.0,87.28,Price List A,2025-12-15,2025-12-15,50,Shipped,KBD-CUST0008-S1
SO-26351,2,AC-1057,AC Motor TEFC M10,3,EA,1174.91,3524.73,687.08,Price List A,12/10/25,2025-12-17,3,Shipped ,KBD-CUST0008-S1
SO-26351,3,CONV-1023,Conveyor Drive Package 3/4-10,5,EA,6500.83,32504.15,3652.15,Price List A,2025-12-23,2025-12-24,0,Open,KBD-CUST0008-S1
SO-26352,1,SPRO-1011,Sprocket #60,1,EA,201.54,201.54,118.48,Price List C,2025-07-04,2025-07-04,1,Shipped,KBD-CUST0013-S1
SO-26352,2,SPRO-1078,Sprocket M6,25,EA,111.56,2789.0,69.25,Price List C,2025-06-20,2025-06-20,25,Shipped,KBD-CUST0013-S1
SO-26352,3,SHEA-1019 ,Sheave / Pulley M8,50,EA,157.35,7867.5,94.5,Price List C,2025-06-15,2025-06-15,50,Shipped,KBD-CUST0013-S1
SO-26352,4,ROLL-1079,Roller Chain ANSI M8,3,EA,152.43,457.29,102.65,Price List C,2025-06-21,2025-06-21,3,Shipped,KBD-CUST0013-S1
SO-26352,5,TIMI-1017,Timing Belt size 6,2,EA,67.52,135.04,50.69,Price List C,2025-07-08,2025-07-11,2,Shipped,KBD-CUST0013-S1
SO-26353,1,SPRO-1070,Sprocket M12,4,EA,38.17,152.68,22.96,Price List B,2025-12-25,2025-12-25,4,Shipped,KBD-CUST0006-S1
SO-26353,2,SPRO-1027,Sprocket 1/4-20,200,EA,97.04,19408.0,77.98,Price List B,2025-12-22 ,2025-12-22,200,Shipped,KBD-CUST0006-S1
SO-26353 ,3,CONV-1042,Conveyor Drive Package 2.000,1,EA,7254.37,7254.37,5159.58,Price List B,2025-12-16,2025-12-16,1,Shipped,KBD-CUST0006-S1
SO-26354,1,CONV-1042,Conveyor Drive Package 2.000,2,EA ,6261.67,12523.34,5159.58,Price List D,2025-08-14,2025-08-15,0,Backordered,KBD-CUST0011-S1
SO-26355,1,SHEA-1003,Sheave / Pulley #50,3,EA,246.27,738.81,235.72,Manual override,2026-02-25,2026-02-26,3,Shipped,KBD-CUST0004-S1
SO-26355,2,SHEA-1077,Sheave / Pulley #60,10,EA,98.66,986.6,67.98,Price List D,2026-03-03,2026-03-10,10,Shipped,KBD-CUST0004-S1
SO-26355,3,MOUN-1018,Mounted Ball Bearing Unit M8,1,EA,139.38,139.38,109.13,Manual override,2026-02-21,2026-02-22,1,Shipped,KBD-CUST0004-S1
SO-26356,1,MOUN-1062,Mounted Ball Bearing Unit 1/2-13,3,EA,210.21,630.63,135.75,Price List B,2025-05-07,2025-05-07,3,Shipped,KBD-CUST0015-S1 
SO-26356,2,AC-1057,AC Motor TEFC M10,1,EA,1116.16,1116.16,687.08,Price List B,2025-04-22,2025-04-22,1,Shipped,KBD-CUST0015-S1
SO-26357,1,CONV-1023,Conveyor Drive Package 3/4-10,1,EA,6500.83,6500.83,3652.15,Price List A ,2025-12-26,2025-12-29,1,Shipped,KBD-CUST0003-S1
SO-26357,2,SPRO-1055,Sprocket #50,100,EA,33.59,3359.0,26.94,Manual override,2025-12-28,2026-01-04,100,Shipped,KBD-CUST0003-S1
SO-26357,3,AC-1074,AC Motor TEFC M8,5,EA,2760.81,13804.05,1663.14,Price List A,2025-12-30,30-Dec-2025,5,Shipped,KBD-CUST0003-S1
SO-26357,4,TIMI-1014,Timing Belt 1.000,25,EA,84.12,2103.0,49.480000000000004,Price List A,2025-12-28 ,2025-12-28,25,Shipped,KBD-CUST0003-S1
SO-26358,1,ROLL-1021,Roller Chain ANSI 5/16-18,4,EA,146.77,587.08,81.74,Price List B,2025-10-15,2025-10-15,0,Open,KBD-CUST0015-S1
SO-26358,2,AC-1074,AC Motor TEFC M8,5,EA,2622.77,13113.85,1663.14,Price List B,2025-10-26,2025-11-02,5,Shipped,KBD-CUST0015-S1
SO-26358,3,CONV-1039,Conveyor Drive Package 5/8-11,1,EA,9171.31,9171.31,7046.72,Price List B,2025-10-26,26-Oct-2025,1,Shipped,KBD-CUST0015-S1
SO-26358,4,SPRO-1061,Sprocket #50,2,EA,115.25,230.5,87.28,Price List B,2025-10-02,2025-10-02,2,Shipped,KBD-CUST0015-S1
SO-26359,1,MOUN-1081,Mounted Ball Bearing Unit 5/8-11,200,EA,74.96,14992.0,61.24,Price List C,2025-07-10,2025-07-17,0,Open,KBD-CUST0016-S1
SO-26359,2,SPRO-1041,Sprocket M6,50,EA,57.91,2895.5,35.35,Price List C,2025-07-22,2025-07-23,50,Shipped,KBD-CUST0016-S1
SO-26359,3,CONV-1043,Conveyor Drive Package 1.375,1,EA,2484.13,2484.13,1971.53,Price List C,2025-07-20,2025-07-20,1,Shipped,KBD-CUST0016-S1
SO-26359 ,4,SPRO-1087,Sprocket 1/2-13,1,EA,58.54,58.54,44.550000000000004,Price List C,28-Jul-2025,07/28/2025,1,Shipped,KBD-CUST0016-S1
SO-26360,1,GEAR-1066,Gear Reducer 1.000,3,EA,1271.04,3813.12,1270.02,KBD-CPA006,2025-10-30,10/31/25,3,Shipped,KBD-CUST0001-S1
SO-26360,2,SHEA-1019,Sheave / Pulley M8,12,EA,143.36,1720.32,94.5,Price List D,2025-11-09,2025-11-09,12,Shipped,KBD-CUST0001-S1
SO-26360,3,TIMI-1014,Timing Belt 1.000,100,EA,68.98,6898.0,49.480000000000004,Price List D ,2025-11-12,2025-11-12 ,100,Shipped,KBD-CUST0001-S1
SO-26361,1,AC-1063,AC Motor TEFC 3/4-10 ,5,EA,2247.5,11237.5,1677.24,Price List A,2026-02-24,2026-02-24,5,Shipped,KBD-CUST0024-S1
SO-26361,2,SPRO-1078,Sprocket M6,6,EA,123.96,743.76,69.25,Price List A,2026-03-12,2026-03-12,6,Shipped,KBD-CUST0024-S1
SO-26361,3,SPRO-1009,Sprocket size 8,4,EA,42.7,170.8,24.54,Price List A,2026-03-17,2026-03-17,0,Open,KBD-CUST0024-S1
SO-26362,1,SPRO-1047,Sprocket #80,200,EA,23.55,4710.0,13.77,Price List A,2025-08-09,2025-08-10,200,Shipped,KBD-CUST0017-S1
SO-26362,2,CONV-1042,Conveyor Drive Package 2.000,1,EA,7636.18,7636.18,5159.58,Price List A,2025-08-14,2025-08-15,1,Shipped,KBD-CUST0017-S1
SO-26363,1,SPRO-1009,Sprocket size 8,6,EA,40.56,243.36,24.54,Price List B,2025-05-29,2025-05-29,6,Shipped,KBD-CUST0023-S1
SO-26363,2,MOUN-1029,Mounted Ball Bearing Unit 1.500,2,EA,136.89,273.78,86.28,Price List B,2025-06-01,2025-06-08,2,Shipped,KBD-CUST0023-S1
SO-26364,1,ROLL-1053,Roller Chain ANSI #80,1,EA,122.44,122.44,86.10000000000001,Price List C,2025-05-11,2025-05-18,1,Shipped,KBD-CUST0013-S1
SO-26364,2,GAT-B62,Hi-Power II V-belt B62,50,EA,17.6,880.0,12.7,Price List C,2025-05-15,2025-05-15,50,Shipped,KBD-CUST0013-S1
SO-26364,3,SKF-6205-2RS1,"Deep groove ball bearing 25x52x15, sealed",6,EA,4.6,27.6,3.55,Price List C,2025-05-25,06/01/25,6,Shipped,KBD-CUST0013-S1
SO-26364,4,ROLL-1012,Roller Chain ANSI 2.000,25,EA,56.02,1400.5,47.52,Price List C,2025-05-12,05/13/2025,25,Shipped,KBD-CUST0013-S1
SO-26365,1,CONV-1051,Conveyor Drive Package 1/4-20,1,EA,6138.42,6138.42,4147.58,Price List A,2025-11-25,2025-11-26,1,Shipped,KBD-CUST0017-S1
SO-26365,2,SPRO-1002,Sprocket 1/4-20,10,EA,94.81,948.1,65.84,Price List A,2025-11-23,2025-11-24,0,Open,KBD-CUST0017-S1 
SO-26366,1,ROLL-1021,Roller Chain ANSI 5/16-18,25,EA,126.68,3167.0,81.74,Price List D,2025-07-18,07/21/25,25,Shipped,KBD-CUST0018-S1
SO-26366,2,GEAR-1080,Gear Reducer #60,3,EA,2093.5,6280.5,1484.33,Price List D,2025-07-22,"Jul 22, 2025",3,Shipped,KBD-CUST0018-S1
SO-26367,1,CONV-1013,Conveyor Drive Package 1.500,2,EA,4194.61,8389.22,2336.18,Price List B,2026-02-11,2026-02-11,2,Shipped,KBD-CUST0030-S1
SO-26367,2,CONV-1065,Conveyor Drive Package #80,5,EA,4551.33,22756.65,2903.56,Price List B,2026-01-28 ,2026-01-28 ,5,Shipped,KBD-CUST0030-S1
SO-26367,3,SHEA-1082,Sheave / Pulley 1/4-20,2,EA,301.38,602.76,186.61,Price List B,25-Jan-2026,2026-01-26,2,Shipped,KBD-CUST0030-S1
SO-26367,4,ROLL-1026,Roller Chain ANSI #50,5,EA,225.86,1129.3,129.92000000000002,Price List B,2026-01-24,2026-01-31,5,Shipped,KBD-CUST0030-S1
SO-26368,1,AC-1086,AC Motor TEFC 5/16-18,5,EA,3793.1,18965.5,2390.86,Price List B,2025-12-26,2025-12-29,0,Open,KBD-CUST0030-S1
SO-26368,2,SPRO-1078,Sprocket M6,1,EA,117.76,117.76,69.25,Price List B,2025-12-07,2025-12-07,1,Shipped,KBD-CUST0030-S1
SO-26369,1,MOUN-1062,Mounted Ball Bearing Unit 1/2-13,1,EA ,199.14,199.14,135.75,Price List C,2025-04-25,2025-04-25,1,Shipped,KBD-CUST0031-S1
SO-26370,1,TIMI-1020,Timing Belt 5/16-18,6,EA,69.3,415.8,52.03,Price List C,2025-10-22,2025-10-23,6,Shipped,KBD-CUST0029-S1
SO-26370,2,SPRO-1027,Sprocket 1/4-20,200,EA,91.94,18388.0,77.98,Price List C,2025-10-08,2025-10-08,200,Shipped,KBD-CUST0029-S1
SO-26371,1,MOUN-1008,Mounted Ball Bearing Unit #60,12,EA,115.94,1391.28,71.79,Price List B,2025-12-28,2025-12-28,12,Shipped,KBD-CUST0027-S1
SO-26371,2,ROLL-1044,Roller Chain ANSI #80,5,EA,241.9,1209.5,140.68,Price List B,2026-01-09,2026-01-09,5,Shipped,KBD-CUST0027-S1
SO-26372,1,SPRO-1047,Sprocket #80,2,EA,19.29,38.58,13.77,Manual override,2026-01-27,2026-01-27,2,Shipped,KBD-CUST0025-S1
SO-26372,2,SPRO-1087,Sprocket 1/2-13,100,EA,58.54,5854.0,44.550000000000004,Price List C,2026-01-18,2026-01-21,100,Shipped,KBD-CUST0025-S1
SO-26372,3,MOUN-1031,Mounted Ball Bearing Unit 1.500,4,EA,52.7,210.8,38.78,Price List C,2026-02-10,2026-02-13,4,Shipped,KBD-CUST0025-S1
SO-26372,4,SPRO-1047,Sprocket #80,2,EA,21.2,42.4,13.77,Price List C,"Feb 08, 2026",02/08/2026,2,Shipped,KBD-CUST0025-S1
SO-26373,1,SPRO-1015,Sprocket 3/8-16,1,EA,93.97,93.97,74.58,Price List C,2025-06-20,2025-06-20,0,Open,KBD-CUST0029-S1
SO-26373,2,TIMI-1056,Timing Belt 5/16-18,50,EA,23.08,1154.0,17.21,Manual override,2025-06-10,2025-06-10,50,Shipped,KBD-CUST0029-S1
SO-26373,3,GEAR-1010,Gear Reducer 1.375,1,EA,4359.98,4359.98,2784.15,Price List C,2025-06-12,2025-06-12,1,Shipped,KBD-CUST0029-S1
SO-26374,1,ROLL-1026,Roller Chain ANSI #50,1,EA,225.86,225.86,129.92000000000002,Price List B,"Apr 13, 2026",20-Apr-2026,0,Open,KBD-CUST0021-S1
SO-26374,2,ROLL-1026,Roller Chain ANSI #50,1,EA,196.5,196.5,129.92000000000002,Manual override,"Apr 19, 2026",04/20/26,0,Backordered,KBD-CUST0021-S1
SO-26374,3,SHEA-1028,Sheave / Pulley #80,1,EA,500.18,500.18,284.6,Price List B,2026-04-18,18-Apr-2026,0,Backordered,KBD-CUST0021-S1
SO-26374,4,TIM-LM11949-LM11910,Tapered roller bearing set,100,EA,9.46,946.0,7.6,Price List B,2026-04-04,2026-04-05,0,Open,KBD-CUST0021-S1
SO-26375,1,TIMI-1056,Timing Belt 5/16-18,2,EA,26.49,52.98,17.21,Price List B,2025-10-31,2025-10-31,0,Open,KBD-CUST0020-S1
SO-26375,2,SPRO-1015,Sprocket 3/8-16,1,EA,99.19,99.19,74.58,Price List B,2025-11-03,2025-11-03,1,Shipped,KBD-CUST0020-S1
SO-26376,1,TIMI-1032,Timing Belt size 6,50,EA,44.36,2218.0,32.99,Price List D,2026-01-25,01-Feb-2026,50,Shipped,KBD-CUST0014-S1
SO-26376,2,MOUN-1083,Mounted Ball Bearing Unit size 8,4,EA,113.72,454.88,87.77,Price List D,2026-01-16,2026-01-17,4,Shipped,KBD-CUST0014-S1
SO-26376,3,GEAR-1080,Gear Reducer #60,1,EA,2093.5,2093.5,1484.33,Price List D,2026-01-25,2026-01-28,0,Open,KBD-CUST0014-S1
SO-26377,1,SPRO-1078,Sprocket M6,25,EA,105.98,2649.5,69.25,Manual override,2025-07-14,2025-07-14,0,Backordered,KBD-CUST0031-S1
SO-26377,2,AC-1063,AC Motor TEFC 3/4-10,3,EA,2022.75,6068.25,1677.24,Price List C,"Jun 28, 2025",2025-06-29,3,Shipped,KBD-CUST0031-S1
SO-26377,3,GEAR-1080,Gear Reducer #60,2,EA,2297.75,4595.5,1484.33,Price List C ,2025-07-16,2025-07-16 ,2,Shipped,KBD-CUST0031-S1
SO-26377,4,AC-1085,AC Motor TEFC M6,1,EA,480.61,480.61,365.76,Price List C,2025-07-13,2025-07-20,1,Shipped,KBD-CUST0031-S1
SO-26377,5,TIMI-1058,Timing Belt M6,25,EA,120.85,3021.25,84.45,Price List C,2025-06-30,07/03/25,25,Shipped,KBD-CUST0031-S1
SO-26378,1,AC-1085,AC Motor TEFC M6,3,EA,534.01,1602.03,365.76,Price List A,2026-01-27,2026-02-03,3,Shipped,KBD-CUST0010-S1
SO-26378,2,AC-1063,AC Motor TEFC 3/4-10,1,EA,2247.5,2247.5,1677.24,Price List A,2026-02-02,2026-02-05,1,Shipped,KBD-CUST0010-S1
SO-26378,3,TIMI-1071,Timing Belt 5/8-11,200,EA,119.01,23802.0,74.85000000000001,Price List A,2026-02-04,2026-02-07,200,Shipped,KBD-CUST0010-S1
SO-26378,4,SPRO-1047,Sprocket #80,200,EA,23.55,4710.0,13.77,Price List A,2026-01-29,2026-01-29,200,Shipped,KBD-CUST0010-S1
SO-26378,5,SHEA-1072,Sheave / Pulley 3/8-16,1,EA,148.86,148.86,101.96000000000001,Price List A,2026-01-31,2026-02-07,1,Shipped,KBD-CUST0010-S1
SO-26379,1,TIMI-1032,Timing Belt size 6,25,EA,48.69,1217.25,32.99,Price List C,2025-07-21,2025-07-21,25,Shipped,KBD-CUST0028-S1
SO-26379,2,CONV-1042,Conveyor Drive Package 2.000,1,EA,6872.56,6872.56,5159.58,Price List C,2025-08-02,2025-08-03,1,Shipped,KBD-CUST0028-S1
SO-26379,3,ROLL-1053,Roller Chain ANSI #80,50,EA,122.44,6122.0,86.10000000000001,Price List C,2025-07-21,2025-07-22,50,Shipped,KBD-CUST0028-S1
SO-26379,4,SHEA-1049,Sheave / Pulley size 4,5,EA,249.88,1249.4,153.4,Price List C,2025-07-27,2025-07-27,5,Shipped,KBD-CUST0028-S1
SO-26380,1,CONV-1043,Conveyor Drive Package 1.375,2,EA,2484.13,4968.26,1971.53,Price List C,03/11/2026,2026-03-14,2,Shipped,KBD-CUST0026-S1
SO-26381,1,CONV-1023,Conveyor Drive Package 3/4-10,5,EA,6175.79,30878.95,3652.15,Price List B,2026-03-15,2026-03-22,0,Open,KBD-CUST0020-S1
SO-26382,1,ROLL-1044,Roller Chain ANSI #80,3,EA,229.17,687.51,140.68,Price List C,2025-07-04,2025-07-04,3,Shipped,KBD-CUST0016-S1
SO-26382,2,TIMI-1030,Timing Belt 1/2-13,100,EA,100.01,10001.0,66.14,Price List C,2025-07-07,2025-07-07,100,Shipped,KBD-CUST0016-S1
SO-26383,1,CONV-1052,Conveyor Drive Package size 4,1,EA,3843.03,3843.03,2311.6,Price List B,2025-07-19,2025-07-19,1,Shipped,KBD-CUST0022-S1
SO-26383,2,MOUN-1081,Mounted Ball Bearing Unit 5/8-11,50,EA,79.13,3956.5,61.24,Price List B,2025-07-19,2025-07-20,50,Shipped,KBD-CUST0022-S1
SO-26384,1,SPRO-1055,Sprocket #50,100,EA,35.15,3515.0,26.94,Price List C,2025-11-25,2025-11-28,100,Shipped,KBD-CUST0026-S1
SO-26384,2,CONV-1039,Conveyor Drive Package 5/8-11,2,EA,8688.61,17377.22,7046.72,Price List C,2025-11-28,2025-11-28,2,Shipped,KBD-CUST0026-S1
SO-26384,3,GEAR-1067,Gear Reducer M6,3,EA,632.08,1896.24,498.09000000000003,Price List C,2025-11-13,"Nov 14, 2025",3,Shipped,KBD-CUST0026-S1
SO-26384,4,CONV-1022,Conveyor Drive Package 1.375,1,EA,2636.56,2636.56,2154.05,Price List C,2025-11-06,2025-11-06,1,Shipped,KBD-CUST0026-S1
SO-26384,5,SHEA-1045,Sheave / Pulley M10,50,EA,64.37,3218.5,47.68,Price List C,2025-11-22,2025-11-22,0,Open,KBD-CUST0026-S1
SO-26385,1,DOD-TXT315,Torque-Arm II shaft-mount reducer 15:1,5,EA,1640.2,8201.0,1180.0,Price List A,2026-02-06,2026-02-09,0,Open,KBD-CUST0024-S1
SO-26385,2,TIMI-1071,Timing Belt 5/8-11,10,EA,119.01,1190.1,74.85000000000001,Price List A,2026-02-23 ,02/23/26,10,Shipped,KBD-CUST0024-S1
SO-26385,3,TIMI-1020,Timing Belt 5/16-18,2,EA,57.75,115.5,52.03,KBD-CPA012,2026-02-01,2026-02-08,2,Shipped,KBD-CUST0024-S1
SO-26385,4,CONV-1023,Conveyor Drive Package 3/4-10,1,EA,6500.83,6500.83,3652.15,Price List A,2026-02-21,21-Feb-2026,1,Shipped,KBD-CUST0024-S1
SO-26386,1,ROLL-1044,Roller Chain ANSI #80,2,EA,208.8,417.6,140.68,Price List D,06/17/25,2025-06-24,2,Shipped,KBD-CUST0001-S1
SO-26387,1,ROLL-1079,Roller Chain ANSI M8,1,EA,160.9,160.9,102.65,Price List B,2025-12-23,2025-12-23,1,Shipped,KBD-CUST0021-S1
SO-26387,2,GEAR-1066,Gear Reducer 1.000,3,EA,1677.06,5031.18,1270.02,Price List B,2025-12-12,2025-12-12,3,Shipped,KBD-CUST0021-S1
SO-26387,3,TIMI-1030,Timing Belt 1/2-13,50,EA,105.56,5278.0,66.14,Price List B,2025-12-20,2025-12-20,50,Shipped,KBD-CUST0021-S1
SO-26387,4,SHEA-1064,Sheave / Pulley M12,1,EA,216.6,216.6,139.88,Price List B,12/05/25,2025-12-08,1,Shipped,KBD-CUST0021-S1
SO-26388,1,GEAR-1010,Gear Reducer 1.375,1,EA,3972.42,3972.42,2784.15,Price List D,2025-06-05,2025-06-05,0,Backordered,KBD-CUST0004-S1
SO-26388,2,GAT-B62,Hi-Power II V-belt B62,6,EA,15.4,92.4,12.7,Manual override,2025-05-28,2025-05-28,6,Shipped,KBD-CUST0004-S1
SO-26388,3,TIMI-1000,Timing Belt 1.500,6,EA,51.05,306.3,43.53,Price List D,2025-05-25,2025-05-25,6,Shipped,KBD-CUST0004-S1
SO-26388,4,TIMI-1075,Timing Belt 1.000,50,EA,87.71,4385.5,72.76,Price List D,2025-05-27,2025-05-27,50,Shipped,KBD-CUST0004-S1
SO-26388,5,SHEA-1088,Sheave / Pulley 1/4-20,3,EA,247.45,742.35,189.79,Price List D,2025-06-14,2025-06-21,3,Shipped,KBD-CUST0004-S1
SO-26389,1,CONV-1022,Conveyor Drive Package 1.375,1,EA,2636.56,2636.56,2154.05,Price List C ,2025-12-20,2025-12-20,1,Shipped,KBD-CUST0005-S1
SO-26389,2,GAT-B62,Hi-Power II V-belt B62,50,EA,17.6,880.0,12.7,Price List C,2025-12-17,2025-12-18,50,Shipped,KBD-CUST0005-S1
SO-26389,3,SHEA-1003,Sheave / Pulley #50,1,EA,290.65,290.65,235.72,Price List C,12/18/2025,2025-12-21,1,Shipped,KBD-CUST0005-S1
SO-26389,4,MOUN-1034,Mounted Ball Bearing Unit M12,200,EA,40.52,8104.0,23.82,Price List C,12/14/2025,"Dec 15, 2025",200,Shipped,KBD-CUST0005-S1
SO-26389,5,MOUN-1081,Mounted Ball Bearing Unit 5/8-11,1,EA,74.96,74.96,61.24,Price List C,2025-12-22,2025-12-22,1,Shipped,KBD-CUST0005-S1
SO-26390,1,SPRO-1055,Sprocket #50,100,EA,33.98,3398.0,26.94,Manual override,2026-02-23,2026-02-24,100,Shipped,KBD-CUST0003-S1
SO-26390,2,SKF-6205-2RS1,"Deep groove ball bearing 25x52x15, sealed",4,EA,5.11,20.44,3.55,Price List A,03/07/26,2026-03-08,4,Shipped,KBD-CUST0003-S1
SO-26390,3,CONV-1043,Conveyor Drive Package 1.375,1,EA,2760.14,2760.14,1971.53,Price List A,2026-02-16,2026-02-16,1,Shipped,KBD-CUST0003-S1
SO-26390,4,SPRO-1087,Sprocket 1/2-13,6,EA,65.04,390.24,44.550000000000004,Price List A,"Feb 19, 2026",2026-02-26,6,Shipped,KBD-CUST0003-S1
SO-26391,1,TIM-LM11949-LM11910,Tapered roller bearing set,2,EA,9.46,18.92,7.6,Price List B,2025-05-02,2025-05-03,2,Shipped,KBD-CUST0022-S1
SO-26391,2,TIMI-1056,Timing Belt 5/16-18,1,EA,26.49,26.49,17.21,Price List B,2025-05-17,2025-05-24,0,Open,KBD-CUST0022-S1
SO-26391,3,ROLL-1026,Roller Chain ANSI #50,1,EA,225.86,225.86,129.92000000000002,Price List B,2025-04-28,2025-05-05,1,Shipped,KBD-CUST0022-S1
SO-26392,1,CONV-1051,Conveyor Drive Package 1/4-20,2,EA,6138.42,12276.84,4147.58,Price List A,2026-01-27,2026-01-27,2,Shipped,KBD-CUST0019-S1
SO-26393,1,SPRO-1004,Sprocket 3/8-16,50,EA,53.72,2686.0,42.84,Price List B,"Mar 16, 2026",2026-03-19,50,Shipped,KBD-CUST0022-S1
SO-26393,2,AC-1057,AC Motor TEFC M10,2,EA,1116.16,2232.32,687.08,Price List B,2026-03-04,03/07/26,2,Shipped,KBD-CUST0022-S1
SO-26393,3,SPRO-1055,Sprocket #50,2,EA,37.11,74.22,26.94,Price List B,2026-02-26,2026-02-26,2,Shipped,KBD-CUST0022-S1
SO-26393,4,AC-1033,AC Motor TEFC 3/4-10,1,EA,1370.96,1370.96,1093.27,Price List B,2026-02-24,2026-02-24,1,Shipped,KBD-CUST0022-S1
SO-26393,5,AC-1040,AC Motor TEFC #50 ,3,EA,845.29,2535.87,609.44,Price List B,2026-03-03,2026-03-06,0,Open,KBD-CUST0022-S1
SO-26394,1,SHEA-1035,Sheave / Pulley 1.000,1,EA,197.53,197.53,148.52,Price List B,02/03/2026,2026-02-06,1,Shipped,KBD-CUST0021-S1
SO-26394,2,CONV-1043,Conveyor Drive Package 1.375,1,EA,2622.13,2622.13,1971.53,Price List B,2026-02-03,2026-02-06 ,1,Shipped,KBD-CUST0021-S1
SO-26394,3,MOUN-1018,Mounted Ball Bearing Unit M8,1,EA,183.5,183.5,109.13,Price List B,2026-01-29,02/05/26,0,Open,KBD-CUST0021-S1
SO-26394,4,SKF-6308-2Z,"Deep groove ball bearing 40x90x23, shielded",4,EA,12.66,50.64,10.25,Price List B,2026-01-23,2026-01-26,4,Shipped,KBD-CUST0021-S1
SO-26395,1,CONV-1089,Conveyor Drive Package #60,2,EA,7409.9,14819.8,5864.59,Price List B,2026-01-09,2026-01-16,2,Shipped,KBD-CUST0030-S1
SO-26395,2,GAT-B62,Hi-Power II V-belt B62,200,EA,18.58,3716.0,12.7,Price List B,2026-01-03,2026-01-04,200,Shipped,KBD-CUST0030-S1
SO-26395,3,SHEA-1007,Sheave / Pulley 2.000,1,EA,201.21,201.21,129.94,Price List B,2026-01-05,2026-01-06,1,Shipped,KBD-CUST0030-S1
SO-26395,4,CONV-1043,Conveyor Drive Package 1.375,1,EA,2622.13,2622.13,1971.53,Price List B,2025-12-29,2025-12-29,1,Shipped,KBD-CUST0030-S1
SO-26396,1,TIM-LM11949-LM11910,Tapered roller bearing set,100,EA ,8.96,896.0,7.6,Price List C,06/02/2025,2025-06-02,100,Shipped,KBD-CUST0025-S1
SO-26396,2,TIMI-1032,Timing Belt size 6,12,EA,48.69,584.28,32.99,Price List C,2025-06-05,"Jun 05, 2025",12,Shipped,KBD-CUST0025-S1
SO-26396,3,MOUN-1062,Mounted Ball Bearing Unit 1/2-13,1,EA,199.14,199.14,135.75,Price List C,2025-05-20,2025-05-27,0,Backordered,KBD-CUST0025-S1
SO-26397,1,TIMI-1075,Timing Belt 1.000,2,EA,96.26,192.52,72.76,Price List C,04/05/2026,2026-04-06,0,Open,KBD-CUST0028-S1
SO-26397,2,CONV-1065,Conveyor Drive Package #80,3,EA,4311.78,12935.34,2903.56,Price List C,2026-04-08,"Apr 08, 2026",0,Open,KBD-CUST0028-S1
SO-26397,3,SHEA-1049,Sheave / Pulley size 4,1,EA,249.88,249.88,153.4,Price List C,2026-03-19,2026-03-22,1,Shipped,KBD-CUST0028-S1
SO-26397,4,SPRO-1069,Sprocket #50,5,EA,182.33,911.65,115.11,Price List C,2026-03-29,2026-03-30,0,Open,KBD-CUST0028-S1
SO-26398,1,CONV-1052,Conveyor Drive Package size 4,1,EA,3843.03,3843.03,2311.6,Price List B,2026-03-05,2026-03-05,1,Shipped,KBD-CUST0020-S1
SO-26399,1,AC-1074,AC Motor TEFC M8,1,EA,2622.77,2622.77,1663.14,Price List B,2025-10-10,2025-10-10,1,Shipped,KBD-CUST0015-S1
SO-26399,2,AC-1085,AC Motor TEFC M6,2,EA,507.31,1014.62,365.76,Price List B,2025-10-30,2025-10-30,2,Shipped,KBD-CUST0015-S1
SO-26400,1,AC-1085,AC Motor TEFC M6,1,EA,480.61,480.61,365.76,Price List C,2025-10-21,2025-10-21,1,Shipped,KBD-CUST0016-S1
SO-26400,2,MOUN-1034,Mounted Ball Bearing Unit M12,12,EA,40.52,486.24,23.82,Price List C,2025-10-20,2025-10-21,12,Shipped,KBD-CUST0016-S1
SO-26400,3,MOUN-1083,Mounted Ball Bearing Unit size 8,1,EA,124.81,124.81,87.77,Price List C,27-Oct-2025,2025-10-27,1,Shipped,KBD-CUST0016-S1
SO-26401,1,TIMI-1020,Timing Belt 5/16-18,100,EA,77.0,7700.0,52.03,Price List A,2025-07-03,2025-07-03,100,Shipped,KBD-CUST0019-S1
SO-26401,2,MOUN-1062,Mounted Ball Bearing Unit 1/2-13,5,EA,221.27,1106.35,135.75,Price List A,2025-07-05,2025-07-06,5,Shipped,KBD-CUST0019-S1
SO-26401,3,SPRO-1070,Sprocket M12,25,EA,40.18,1004.5,22.96,Price List A,2025-06-27,2025-06-28,25,Shipped,KBD-CUST0019-S1
SO-26401,4,SHEA-1082,Sheave / Pulley 1/4-20,2,EA,317.24,634.48,186.61,Price List A,2025-07-05,07/05/2025,2,Shipped,KBD-CUST0019-S1
SO-26401,5,CONV-1023,Conveyor Drive Package 3/4-10,5,EA,6500.83,32504.15,3652.15,Price List A,2025-07-04,2025-07-05,5,Shipped,KBD-CUST0019-S1
SO-26402,1,TIMI-1014,Timing Belt 1.000,50,EA,68.98,3449.0,49.480000000000004,Price List D,2025-11-04,2025-11-04,50,Shipped,KBD-CUST0018-S1
SO-26402,2,SHEA-1088,Sheave / Pulley 1/4-20,2,EA ,247.45,494.9,189.79,Price List D,2025-11-09,2025-11-16,2,Shipped,KBD-CUST0018-S1
SO-26403,1,AC-1057,AC Motor TEFC M10,3,EA,1116.16,3348.48,687.08,Price List B,2026-04-01,04/08/26,0,Open,KBD-CUST0032-S1
SO-26404,1,CONV-1013,Conveyor Drive Package 1.500,5,EA,3973.84,19869.2,2336.18,Price List C,2025-12-10,2025-12-10,5,Shipped,KBD-CUST0016-S1
SO-26404,2,SHEA-1003,Sheave / Pulley #50,5,EA,290.65,1453.25,235.72,Price List C,2025-12-05,2025-12-12,5,Shipped,KBD-CUST0016-S1
SO-26404,3,SPRO-1078,Sprocket M6,12,EA,111.56,1338.72,69.25,Price List C,2025-12-05,2025-12-05,12,Shipped,KBD-CUST0016-S1
SO-26404,4,SPRO-1011,Sprocket #60,5,EA,201.54,1007.7,118.48,Price List C ,2025-11-15,2025-11-18,5,Shipped,KBD-CUST0016-S1
SO-26404,5,CONV-1051,Conveyor Drive Package 1/4-20,3,EA,5524.58,16573.74,4147.58,Price List C,2025-11-16,2025-11-16,3,Shipped,KBD-CUST0016-S1
SO-26405,1,SHEA-1003,Sheave / Pulley #50,1,EA,235.68,235.68,235.72,Manual override,2025-10-20,2025-10-27 ,1,Shipped,KBD-CUST0014-S1
SO-26405,2,AC-1057,AC Motor TEFC M10,3,EA,963.43,2890.29,687.08,Price List D,2025-10-25,2025-10-26,3,Shipped,KBD-CUST0014-S1
SO-26405,3,SPRO-1004,Sprocket 3/8-16,25,EA,46.37,1159.25,42.84,Price List D,2025-10-08,2025-10-08,25,Shipped,KBD-CUST0014-S1
SO-26406,1,AC-1086,AC Motor TEFC 5/16-18,5,EA,3274.05,16370.25,2390.86,Price List D,2026-03-26,2026-03-26,5,Shipped,KBD-CUST0018-S1
SO-26407,1,MOUN-1081,Mounted Ball Bearing Unit 5/8-11,6,EA,74.96,449.76,61.24,Price List C,23-Apr-2026,2026-04-23,0,Open,KBD-CUST0029-S1
SO-26407,2,GEAR-1080,Gear Reducer #60,2,EA,2228.82,4457.64,1484.33,Manual override,2026-04-23,2026-04-26,0,Open,KBD-CUST0029-S1
SO-26407,3,SPRO-1041,Sprocket M6,2,EA,57.91,115.82,35.35,Price List C,04/12/2026,2026-04-12,0,Open,KBD-CUST0029-S1 
SO-26408,1,DOD-TXT315,Torque-Arm II shaft-mount reducer 15:1,3,EA,1508.98,4526.94,1180.0,Manual override,2025-05-10,2025-05-10,3,Shipped,KBD-CUST0019-S1
SO-26408,2,TIMI-1075,Timing Belt 1.000,25,EA,106.96,2674.0,72.76,Price List A,2025-05-20,05/20/2025,25,Shipped,KBD-CUST0019-S1
SO-26408,3,TIMI-1000,Timing Belt 1.500,50,EA,62.25,3112.5,43.53,Price List A,2025-05-03,05/03/2025,50,Shipped,KBD-CUST0019-S1
SO-26408,4,GAT-B62,Hi-Power II V-belt B62,4,EA,19.56,78.24,12.7,Price List A,2025-05-08,09-May-2025,4,Shipped,KBD-CUST0019-S1
SO-26408,5,SPRO-1061,Sprocket #50,6,EA,121.32,727.92,87.28,Price List A,2025-05-07,2025-05-10,6,Shipped,KBD-CUST0019-S1
SO-26409,1,SHEA-1038,Sheave / Pulley 2.000,5,EA,482.49,2412.45,295.28000000000003,Price List B,2025-08-28,"Sep 04, 2025",5,Shipped,KBD-CUST0022-S1
SO-26409,2,MOUN-1018,Mounted Ball Bearing Unit M8,1,EA,183.5,183.5,109.13,Price List B,2025-08-05,2025-08-05,1,Shipped,KBD-CUST0022-S1
SO-26409,3,TIMI-1030,Timing Belt 1/2-13,50,EA,99.23,4961.5,66.14,Manual override,2025-08-26,"Aug 26, 2025",50,Shipped,KBD-CUST0022-S1
SO-26410,1,SPRO-1027,Sprocket 1/4-20,4,EA,102.15,408.6,77.98,Price List A,2026-04-02,2026-04-05,0,Open,KBD-CUST0008-S1
SO-26410 ,2,SHEA-1064,Sheave / Pulley M12 ,1,EA,228.0,228.0,139.88,Price List A,2026-04-04,"Apr 04, 2026",0,Open,KBD-CUST0008-S1
SO-26410,3,SPRO-1027,Sprocket 1/4-20,2,EA,102.15,204.3,77.98,Price List A,2026-04-06,2026-04-06,0,Open,KBD-CUST0008-S1
SO-26410,4,ROLL-1021,Roller Chain ANSI 5/16-18,1,EA,145.22,145.22,81.74,Manual override,04/19/2026,2026-04-19,0,Open,KBD-CUST0008-S1
SO-26410,5,SPRO-1070,Sprocket M12,4,EA,40.18,160.72,22.96,Price List A,08-Apr-2026,2026-04-11,0,Open,KBD-CUST0008-S1
SO-26411,1,ROLL-1044,Roller Chain ANSI #80,3,EA,241.9,725.7,140.68,Price List B,"Nov 08, 2025",2025-11-15,0,Open,KBD-CUST0030-S1
SO-26411,2,GEAR-1016,Gear Reducer size 6,1,EA,3206.48,3206.48,2265.26,Price List B,2025-10-29,2025-10-29,1,Shipped,KBD-CUST0030-S1
SO-26412,1,AC-1040,AC Motor TEFC #50,1,EA,800.8,800.8,609.44,Price List C,2026-01-29,02/01/2026,1,Shipped,KBD-CUST0025-S1
SO-26412,2,SHEA-1028,Sheave / Pulley #80,1,EA,473.86,473.86,284.6,Price List C,2026-02-18,2026-02-18,1,Shipped,KBD-CUST0025-S1
SO-26413 ,1,SPRO-1070,Sprocket M12,12,EA,31.96,383.52,22.96,Manual override,2026-01-13,2026-01-13,12,Shipped,KBD-CUST0011-S1
SO-26413,2,CONV-1065,Conveyor Drive Package #80,3,EA,3928.51,11785.53,2903.56,Price List D,2026-01-31,2026-01-31,3,Shipped,KBD-CUST0011-S1
SO-26413,3,ROLL-1026,Roller Chain ANSI #50,1,EA,194.96,194.96,129.92000000000002,Price List D,2026-01-24,01/25/2026,1,Shipped,KBD-CUST0011-S1
SO-26413,4,CONV-1023,Conveyor Drive Package 3/4-10,3,EA,5330.68,15992.04,3652.15,Price List D,2026-01-13,2026-01-16,3,Shipped,KBD-CUST0011-S1
SO-26414,1,GEAR-1016,Gear Reducer size 6,3,EA,3206.48,9619.44,2265.26,Price List B,2025-05-15,2025-05-16,3,Shipped,KBD-CUST0006-S1
SO-26414,2,SHEA-1064,Sheave / Pulley M12,2,EA ,216.6,433.2,139.88,Price List B,2025-05-26,2025-05-27,2,Shipped,KBD-CUST0006-S1
SO-26414,3,GEAR-1066,Gear Reducer 1.000,1,EA,1677.06,1677.06,1270.02,Price List B,2025-05-12,2025-05-19,1,Shipped,KBD-CUST0006-S1
SO-26414,4,GEAR-1073,Gear Reducer 5/16-18,1,EA,2781.13,2781.13,1938.75,Price List B,2025-05-27,2025-05-28,1,Shipped,KBD-CUST0006-S1
SO-26414,5,SPRO-1050,Sprocket 5/16-18,100,EA,17.09,1709.0,12.85,Price List B,2025-05-13,2025-05-13,100,Shipped,KBD-CUST0006-S1
SO-26415,1,CONV-1042,Conveyor Drive Package 2.000,3,EA,7254.37,21763.11,5159.58,Price List B,2025-12-24,31-Dec-2025,3,Shipped,KBD-CUST0030-S1
SO-26416,1,CONV-1052 ,Conveyor Drive Package size 4,1,EA,3640.77,3640.77,2311.6,Price List C,18-Jan-2026,2026-01-18,1,Shipped,KBD-CUST0012-S1
SO-26416,2,BRI-HHCS-0500-13-200-G8,"Hex head cap screw 1/2-13 x 2 Gr 8 yellow zinc, 50/bx",25,BX,56.79,1419.75,44.75,Price List C,2026-01-24,2026-01-24,25,Shipped,KBD-CUST0012-S1
SO-26417,1,GEAR-1060,Gear Reducer #60,1,EA,4932.86,4932.86,3102.4300000000003,Price List A,2025-05-19,05/26/2025,1,Shipped,KBD-CUST0024-S1
SO-26417,2,SPRO-1004,Sprocket 3/8-16,4,EA,56.55,226.2,42.84,Price List A,2025-05-01,2025-05-01,4,Shipped ,KBD-CUST0024-S1
SO-26417,3,MOUN-1062,Mounted Ball Bearing Unit 1/2-13,2,EA,221.27,442.54,135.75,Price List A,09-May-2025,2025-05-09,2,Shipped,KBD-CUST0024-S1
SO-26417,4,SPRO-1015,Sprocket 3/8-16,2,EA,104.41,208.82,74.58,Price List A,2025-05-03 ,2025-05-03,2,Shipped,KBD-CUST0024-S1
SO-26418,1,MOUN-1008,Mounted Ball Bearing Unit #60,6,EA,101.29,607.74,71.79,KBD-CPA016,2025-09-25,"Sep 26, 2025",6,Shipped,KBD-CUST0007-S1
SO-26419,1,MOUN-1018,Mounted Ball Bearing Unit M8,1,EA,183.5,183.5,109.13,Price List B,2025-09-04,2025-09-07,1,Shipped,KBD-CUST0021-S1
SO-26419,2,SHEA-1082,Sheave / Pulley 1/4-20,5,EA,301.38,1506.9,186.61,Price List B,2025-09-12,2025-09-15,5,Shipped,KBD-CUST0021-S1
SO-26419,3,ROLL-1012,Roller Chain ANSI 2.000,1,EA,59.14,59.14,47.52,Price List B,2025-08-31,2025-08-31,1,Shipped,KBD-CUST0021-S1
SO-26419,4,SHEA-1025,Sheave / Pulley size 4,5,EA,251.55,1257.75,153.95000000000002,Price List B,2025-08-24,"Aug 31, 2025",5,Shipped,KBD-CUST0021-S1
SO-26419,5,DOD-TXT315,Torque-Arm II shaft-mount reducer 15:1,1,EA,1558.19,1558.19,1180.0,Price List B,2025-08-23,2025-08-26,1,Shipped,KBD-CUST0021-S1
SO-26420,1,SKF-6308-2Z,"Deep groove ball bearing 40x90x23, shielded",2,EA,12.66,25.32,10.25,Price List B,2025-12-16,2025-12-16,0,Open,KBD-CUST0007-S1
SO-26420,2,SPRO-1015,Sprocket 3/8-16,1,EA,99.19,99.19,74.58,Price List B ,2025-12-03,2025-12-03,1,Shipped,KBD-CUST0007-S1
SO-26421,1,CONV-1039,Conveyor Drive Package 5/8-11,1,EA,9654.01,9654.01,7046.72,Price List A,2025-05-19,2025-05-19,0,Open,KBD-CUST0017-S1
SO-26421,2,CONV-1051,Conveyor Drive Package 1/4-20 ,5,EA,6138.42,30692.1,4147.58,Price List A,2025-05-12,2025-05-13,5,Shipped,KBD-CUST0017-S1
SO-26422,1,CONV-1022,Conveyor Drive Package 1.375,2,EA,2402.2,4804.4,2154.05,Price List D,2025-05-21,2025-05-22,2,Shipped,KBD-CUST0001-S1
SO-26422,2,GEAR-1010,Gear Reducer 1.375,1,EA,3654.63,3654.63,2784.15,Manual override,2025-05-07,05/07/2025,1,Shipped,KBD-CUST0001-S1
SO-26422,3,SPRO-1047,Sprocket #80,6,EA,19.31,115.86,13.77,Price List D,"May 10, 2025",2025-05-10,6,Shipped,KBD-CUST0001-S1
SO-26422,4,ROLL-1053,Roller Chain ANSI #80,50,EA,111.55,5577.5,86.10000000000001,Price List D,2025-05-12,2025-05-12,50,Shipped,KBD-CUST0001-S1
SO-26423,1,GEAR-1084,Gear Reducer M6,1,EA,5318.78,5318.78,3456.0,Price List C,2025-04-24,2025-04-25,1,Shipped,KBD-CUST0013-S1
SO-26423,2,ROLL-1053,Roller Chain ANSI #80,50,EA,122.44,6122.0,86.10000000000001,Price List C,2025-04-26,2025-04-26,50,Shipped,KBD-CUST0013-S1
SO-26424,1,CONV-1022,Conveyor Drive Package 1.375,5,EA,2636.56,13182.8,2154.05,Price List C,2025-09-13,2025-09-14,0,Open,KBD-CUST0005-S1
SO-26424,2,AC-1040,AC Motor TEFC #50,1,EA,800.8,800.8,609.44,Price List C,2025-08-25,2025-09-01,1,Shipped,KBD-CUST0005-S1
SO-26424,3,SHEA-1019,Sheave / Pulley M8,4,EA,157.35,629.4,94.5,Price List C,2025-08-31,2025-09-01,4,Shipped,KBD-CUST0005-S1
SO-26424,4,SHEA-1072,Sheave / Pulley 3/8-16,1,EA,133.97,133.97,101.96000000000001,Price List C,14-Sep-2025,2025-09-21,1,Shipped,KBD-CUST0005-S1
SO-26424,5,SHEA-1072,Sheave / Pulley 3/8-16,5,EA,133.97,669.85,101.96000000000001,Price List C,2025-09-02,2025-09-09,5,Shipped,KBD-CUST0005-S1
SO-26425,1,TIMI-1056,Timing Belt 5/16-18,4,EA,25.09,100.36,17.21,Price List C,2025-07-12,2025-07-15,4,Shipped,KBD-CUST0005-S1
SO-26425,2,SHEA-1007,Sheave / Pulley 2.000,1,EA,190.62,190.62,129.94,Price List C,20-Jul-2025,2025-07-21,1,Shipped,KBD-CUST0005-S1
SO-26426,1,SPRO-1027,Sprocket 1/4-20,25,EA,91.94,2298.5,77.98,Price List C,2025-08-19,2025-08-22,25,Shipped,KBD-CUST0028-S1
SO-26426,2,CONV-1065,Conveyor Drive Package #80,3,EA,4311.78,12935.34,2903.56,Price List C,2025-08-25,08/25/2025,3,Shipped,KBD-CUST0028-S1
SO-26427,1,MOUN-1034,Mounted Ball Bearing Unit M12,25,EA,42.77,1069.25,23.82,Price List B,2025-07-22,2025-07-29,25,Shipped,KBD-CUST0021-S1
SO-26428,1,MOUN-1018,Mounted Ball Bearing Unit M8,2,EA,193.16,386.32,109.13,Price List A,18-Aug-2025,2025-08-18,2,Shipped,KBD-CUST0017-S1
SO-26428,2,AC-1040,AC Motor TEFC #50,5,EA,889.78,4448.9,609.44,Price List A,2025-08-21,2025-08-21,5,Shipped ,KBD-CUST0017-S1
SO-26428,3,AC-1063,AC Motor TEFC 3/4-10,1,EA,2247.5,2247.5,1677.24,Price List A,2025-08-16,2025-08-23,1,Shipped,KBD-CUST0017-S1
SO-26428,4,TIMI-1032,Timing Belt size 6,6,EA,54.1,324.6,32.99,Price List A,2025-08-14,"Aug 14, 2025",6,Shipped,KBD-CUST0017-S1
SO-26428,5,MOUN-1029,Mounted Ball Bearing Unit 1.500,200,EA,144.09,28818.0,86.28,Price List A,2025-08-16 ,2025-08-17,200,Shipped,KBD-CUST0017-S1
SO-26429,1,TIMI-1000,Timing Belt 1.500,10,EA,52.91,529.1,43.53,Manual override,2026-01-02,2026-01-02,10,Shipped,KBD-CUST0017-S1
SO-26429,2,SKF-6205-2RS1,"Deep groove ball bearing 25x52x15, sealed",200,EA,5.11,1022.0,3.55,Price List A,2026-01-17,01/20/26,200,Shipped,KBD-CUST0017-S1
SO-26430,1,SHEA-1077,Sheave / Pulley #60,6,EA,114.3,685.8,67.98,Price List B,2026-01-29,2026-01-29,6,Shipped ,KBD-CUST0030-S1 
SO-26430,2,MOUN-1083,Mounted Ball Bearing Unit size 8,100,EA,131.75,13175.0,87.77,Price List B,01/22/2026,2026-01-22,100,Shipped,KBD-CUST0030-S1
SO-26430,3,SHEA-1028,Sheave / Pulley #80,5,EA,500.18,2500.9,284.6,Price List B,2026-02-01,2026-02-02,5,Shipped,KBD-CUST0030-S1
SO-26431,1,MOUN-1018,Mounted Ball Bearing Unit M8,5,EA,183.5,917.5,109.13,Price List B,2025-04-16,2025-04-16,5,Shipped,KBD-CUST0027-S1
SO-26431,2,GEAR-1060,Gear Reducer #60,2,EA,4686.22,9372.44,3102.4300000000003,Price List B,2025-05-04,2025-05-04,2,Shipped,KBD-CUST0027-S1
SO-26431,3,CONV-1039,Conveyor Drive Package 5/8-11,5,EA,9171.31,45856.55,7046.72,Price List B,2025-04-28,2025-04-28,0,Open,KBD-CUST0027-S1
SO-26431,4,SHEA-1025,Sheave / Pulley size 4,1,EA,251.55,251.55,153.95000000000002,Price List B,2025-04-27,2025-05-04,1,Shipped,KBD-CUST0027-S1
SO-26431,5,SPRO-1078,Sprocket M6,2,EA,117.76,235.52,69.25,Price List B,11-Apr-2025,2025-04-12,2,Shipped ,KBD-CUST0027-S1
SO-26432,1,GEAR-1060,Gear Reducer #60,3,EA,4686.22,14058.66,3102.4300000000003,Price List B,2025-08-23,08/26/2025,3,Shipped,KBD-CUST0020-S1
SO-26432,2,TIMI-1020,Timing Belt 5/16-18,2,EA,73.15,146.3,52.03,Price List B,2025-08-23,2025-08-23,2,Shipped,KBD-CUST0020-S1
SO-26433,1,GEAR-1060,Gear Reducer #60,1,EA,4128.8,4128.8,3102.4300000000003,Manual override,2026-03-15,2026-03-22,1,Shipped,KBD-CUST0026-S1
SO-26433,2,TIMI-1058,Timing Belt M6,100,EA,120.85,12085.0,84.45,Price List C,2026-03-22,2026-03-29,0,Open,KBD-CUST0026-S1
SO-26433 ,3,SPRO-1002,Sprocket 1/4-20,50,EA,85.33,4266.5,65.84,Price List C,2026-03-26,26-Mar-2026,50,Shipped,KBD-CUST0026-S1
SO-26433,4,SHEA-1088,Sheave / Pulley 1/4-20,2,EA,271.59,543.18,189.79,Price List C,2026-03-16,2026-03-16,2,Shipped,KBD-CUST0026-S1
SO-26434,1,ROLL-1053,Roller Chain ANSI #80,25,EA,136.04,3401.0,86.10000000000001,Price List A,2025-11-15,18-Nov-2025,25,Shipped,KBD-CUST0010-S1
SO-26434,2,MOUN-1008,Mounted Ball Bearing Unit #60,10,EA,122.04,1220.4,71.79,Price List A,2025-11-18,2025-11-18,10,Shipped,KBD-CUST0010-S1
SO-26435,1,CONV-1089,Conveyor Drive Package #60,3,EA,7409.9,22229.7,5864.59,Price List B,2025-11-18,"Nov 25, 2025",3,Shipped,KBD-CUST0015-S1
SO-26436,1,ROLL-1012,Roller Chain ANSI 2.000,50,EA,62.25,3112.5,47.52,Price List A,04-Aug-2025,2025-08-07,50,Shipped ,KBD-CUST0010-S1
SO-26436,2,ROLL-1044,Roller Chain ANSI #80,2,EA,254.63,509.26,140.68,Price List A,2025-07-09,2025-07-12,2,Shipped,KBD-CUST0010-S1
SO-26436,3,MOUN-1031,Mounted Ball Bearing Unit 1.500,12,EA,58.56,702.72,38.78,Price List A,16-Jul-2025,2025-07-23,12,Shipped,KBD-CUST0010-S1
SO-26436,4,SHEA-1064,Sheave / Pulley M12,3,EA,228.0,684.0,139.88,Price List A,2025-07-11,2025-07-11 ,3,Shipped,KBD-CUST0010-S1
SO-26437,1,SHEA-1028 ,Sheave / Pulley #80,5,EA,473.86,2369.3,284.6,Price List C,2025-09-23,2025-09-26,5,Shipped,KBD-CUST0005-S1
SO-26437,2,ROLL-1012,Roller Chain ANSI 2.000,200,EA,56.02,11204.0,47.52,Price List C,2025-09-17,2025-09-18,200,Shipped,KBD-CUST0005-S1
SO-26437,3,GEAR-1066,Gear Reducer 1.000,5,EA,1588.8,7944.0,1270.02,Price List C,2025-10-04,05-Oct-2025,5,Shipped,KBD-CUST0005-S1
SO-26437,4,MOUN-1018,Mounted Ball Bearing Unit M8,1,EA,173.84,173.84,109.13,Price List C,2025-09-18,2025-09-18 ,1,Shipped,KBD-CUST0005-S1
SO-26438,1,ROLL-1079,Roller Chain ANSI M8,3,EA,160.9,482.7,102.65,Price List B,2025-12-07,"Dec 07, 2025",3,Shipped,KBD-CUST0006-S1
SO-26438,2,SHEA-1019,Sheave / Pulley M8,100,EA,166.09,16609.0,94.5,Price List B,2025-11-25,11/25/25,100,Shipped,KBD-CUST0006-S1
SO-26438,3,SPRO-1011,Sprocket #60,5,EA,212.73,1063.65,118.48,Price List B,2025-12-07,2025-12-08,5,Shipped,KBD-CUST0006-S1
SO-26439,1,SKF-6308-2Z,"Deep groove ball bearing 40x90x23, shielded",12,EA,13.33,159.96,10.25,Price List A,2025-05-13,2025-05-13,12,Shipped,KBD-CUST0008-S1
SO-26439,2,SPRO-1050,Sprocket 5/16-18,10,EA,15.29,152.9,12.85,Manual override,2025-04-27,2025-04-30,10,Shipped,KBD-CUST0008-S1
SO-26439,3,SPRO-1004,Sprocket 3/8-16,10,EA,56.55,565.5,42.84,Price List A,2025-05-14,2025-05-14,10,Shipped,KBD-CUST0008-S1
SO-26439,4,GEAR-1010,Gear Reducer 1.375,5,EA,4844.42,24222.1,2784.15,Price List A,2025-05-14,2025-05-21,5,Shipped,KBD-CUST0008-S1
SO-26440,1,SKF-6205-2RS1,"Deep groove ball bearing 25x52x15, sealed",10,EA,4.85,48.5,3.55,Price List B,29-Jun-2025,2025-07-06,10,Shipped,KBD-CUST0022-S1
SO-26440,2,GAT-B62,Hi-Power II V-belt B62,25,EA,18.58,464.5,12.7,Price List B,2025-06-25,07/02/2025,25,Shipped,KBD-CUST0022-S1
SO-26441,1,AC-1054,AC Motor TEFC 1.500,3,EA,2553.61,7660.83,1828.58,Price List B,10/17/2025,2025-10-17,3,Shipped,KBD-CUST0023-S1
SO-26441,2,AC-1054,AC Motor TEFC 1.500,2,EA,2553.61,5107.22,1828.58,Price List B ,2025-09-29,2025-09-30,2,Shipped,KBD-CUST0023-S1
SO-26441,3,SPRO-1055,Sprocket #50,2,EA,33.4,66.8,26.94,Manual override,2025-10-07,2025-10-07,2,Shipped,KBD-CUST0023-S1
SO-26441,4,GEAR-1016,Gear Reducer size 6,2,EA,3206.48,6412.96,2265.26,Price List B,2025-10-03,2025-10-03,2,Shipped,KBD-CUST0023-S1
SO-26442,1,SHEA-1064,Sheave / Pulley M12,3,EA,216.6,649.8,139.88,Price List B,04/21/26,04/24/2026,0,Backordered,KBD-CUST0020-S1
SO-26442,2,SPRO-1076,Sprocket 5/16-18,10,EA,15.95,159.5,13.24,Manual override,2026-04-06,2026-04-06,0,Open,KBD-CUST0020-S1
SO-26442,3,SHEA-1038,Sheave / Pulley 2.000,5,EA,482.49,2412.45,295.28000000000003,Price List B,2026-04-12,2026-04-13,0,Open,KBD-CUST0020-S1
SO-26442,4,MOUN-1029,Mounted Ball Bearing Unit 1.500,50,EA,136.89,6844.5,86.28,Price List B,30-Mar-2026,2026-03-31,0,Open,KBD-CUST0020-S1
SO-26442,5,MOUN-1034,Mounted Ball Bearing Unit M12,10,EA,42.77,427.7,23.82,Price List B,2026-04-10,2026-04-13,0,Open,KBD-CUST0020-S1
SO-26443,1,MOUN-1034,Mounted Ball Bearing Unit M12,200,EA,40.52,8104.0,23.82,Price List C,2025-07-09,2025-07-09,200,Shipped,KBD-CUST0016-S1
SO-26443,2,SHEA-1038,Sheave / Pulley 2.000,3,EA,457.09,1371.27,295.28000000000003,Price List C,2025-06-25,2025-06-25,3,Shipped,KBD-CUST0016-S1
SO-26443,3,SHEA-1072,Sheave / Pulley 3/8-16,1,EA,133.97,133.97,101.96000000000001,Price List C,2025-07-12,2025-07-15,1,Shipped,KBD-CUST0016-S1
SO-26443,4,MOUN-1034,Mounted Ball Bearing Unit M12,6,EA,40.52,243.12,23.82,Price List C,2025-07-07,2025-07-08,6,Shipped,KBD-CUST0016-S1
SO-26444,1,GEAR-1060,Gear Reducer #60,3,EA,4439.57,13318.71,3102.4300000000003,Price List C,2026-02-28,2026-03-01,3,Shipped,KBD-CUST0005-S1
SO-26444,2,AC-1040,AC Motor TEFC #50,1,EA,800.8,800.8,609.44,Price List C,2026-03-09,2026-03-10,1,Shipped,KBD-CUST0005-S1
SO-26444,3,CONV-1042,Conveyor Drive Package 2.000,2,EA,6872.56,13745.12,5159.58,Price List C,2026-02-16,2026-02-19,2,Shipped,KBD-CUST0005-S1
SO-26445,1,AC-1048,AC Motor TEFC M6,1,EA,2404.38,2404.38,1745.47,Price List B,2025-10-08,2025-10-08,1,Shipped,KBD-CUST0020-S1
SO-26445,2,GEAR-1066,Gear Reducer 1.000,3,EA,1677.06,5031.18,1270.02,Price List B,2025-10-08,2025-10-15,3,Shipped,KBD-CUST0020-S1
SO-26445,3,SHEA-1077,Sheave / Pulley #60,50,EA,114.3,5715.0,67.98,Price List B,2025-10-01,2025-10-04,50,Shipped,KBD-CUST0020-S1
SO-26445,4,SPRO-1061,Sprocket #50,1,EA,115.25,115.25,87.28,Price List B,2025-10-22,2025-10-23,1,Shipped,KBD-CUST0020-S1
SO-26445,5,SHEA-1019,Sheave / Pulley M8,6,EA,166.09,996.54,94.5,Price List B,2025-10-17,2025-10-17,6,Shipped,KBD-CUST0020-S1
SO-26446,1,AC-1040,AC Motor TEFC #50,1,EA,845.29,845.29,609.44,Price List B,2026-01-19,2026-01-20,1,Shipped,KBD-CUST0022-S1
SO-26446,2,SPRO-1055,Sprocket #50,50,EA,37.11,1855.5,26.94,Price List B,2026-01-02,2026-01-09,50,Shipped,KBD-CUST0022-S1
SO-26446,3,AC-1057,AC Motor TEFC M10,5,EA,1116.16,5580.8,687.08,Price List B,01/09/2026,2026-01-09,5,Shipped,KBD-CUST0022-S1
SO-26446,4,TIMI-1000,Timing Belt 1.500,6,EA,59.14,354.84,43.53,Price List B,2026-01-12,2026-01-12 ,6,Shipped,KBD-CUST0022-S1
SO-26446,5,TIMI-1075,Timing Belt 1.000,50,EA,101.61,5080.5,72.76,Price List B,2026-01-06,2026-01-06,50,Shipped,KBD-CUST0022-S1
SO-26447,1,GEAR-1084,Gear Reducer M6,1,EA,5318.78,5318.78,3456.0,Price List C,2025-09-14,2025-09-15,1,Shipped,KBD-CUST0031-S1
SO-26448,1,TIMI-1020,Timing Belt 5/16-18,6,EA,73.15,438.9,52.03,Price List B,2025-06-24,"Jun 24, 2025",6,Shipped,KBD-CUST0030-S1
SO-26449 ,1,TIMI-1014,Timing Belt 1.000,2,EA,75.71,151.42,49.480000000000004,Price List C,2025-08-03,2025-08-06,2,Shipped,KBD-CUST0028-S1
SO-26449,2,GAT-B62,Hi-Power II V-belt B62,1,EA,17.6,17.6,12.7,Price List C,2025-07-15,2025-07-15,1,Shipped,KBD-CUST0028-S1
SO-26449,3,GEAR-1016,Gear Reducer size 6,1,EA,3037.72,3037.72,2265.26,Price List C,07/31/25,2025-07-31,1,Shipped,KBD-CUST0028-S1
SO-26449,4,GEAR-1060,Gear Reducer #60,1,EA,3951.22,3951.22,3102.4300000000003,Manual override,2025-07-26 ,2025-07-26,1,Shipped,KBD-CUST0028-S1
SO-26449,5,MOUN-1008,Mounted Ball Bearing Unit #60,4,EA,109.84,439.36,71.79,Price List C,2025-07-14,2025-07-14,4,Shipped,KBD-CUST0028-S1
SO-26450,1,SHEA-1049,Sheave / Pulley size 4,3,EA,277.65,832.95,153.4,Price List A,2025-09-14,2025-09-17,3,Shipped,KBD-CUST0017-S1
SO-26451,1,TIM-LM11949-LM11910,Tapered roller bearing set,50,EA,9.46,473.0,7.6,Price List B,2025-12-26,2025-12-26,50,Shipped,KBD-CUST0022-S1
SO-26452,1,CONV-1013,Conveyor Drive Package 1.500,1,EA,4194.61,4194.61,2336.18,Price List B,2025-11-27,2025-11-30,1,Shipped,KBD-CUST0020-S1
SO-26452,2,SHEA-1025,Sheave / Pulley size 4,3,EA,251.55,754.65,153.95000000000002,Price List B,2025-11-15,11/15/2025,3,Shipped,KBD-CUST0020-S1
SO-26452,3,SHEA-1019,Sheave / Pulley M8,12,EA,166.09,1993.08,94.5,Price List B,2025-11-15,2025-11-15,12,Shipped,KBD-CUST0020-S1
SO-26452,4,AC-1040,AC Motor TEFC #50,5,EA ,845.29,4226.45,609.44,Price List B,2025-11-24,2025-11-24,5,Shipped,KBD-CUST0020-S1
SO-26453,1,MOUN-1081,Mounted Ball Bearing Unit 5/8-11,50,EA,79.13,3956.5,61.24,Price List B,2025-10-06,2025-10-09,50,Shipped,KBD-CUST0030-S1
SO-26453,2,MOUN-1081,Mounted Ball Bearing Unit 5/8-11,25,EA,79.13,1978.25,61.24,Price List B,2025-10-11,10/12/25,0,Open,KBD-CUST0030-S1
SO-26453,3,ROLL-1021,Roller Chain ANSI 5/16-18,25,EA,146.77,3669.25,81.74,Price List B,2025-10-05,2025-10-05,25,Shipped,KBD-CUST0030-S1
SO-26453,4,AC-1006,AC Motor TEFC 1.250,1,EA,3521.74,3521.74,2130.52,Price List B,2025-10-04,04-Oct-2025,1,Shipped,KBD-CUST0030-S1
SO-26454,1,SKF-6205-2RS1,"Deep groove ball bearing 25x52x15, sealed",1,EA,4.0,4.0,3.55,Manual override,20-Apr-2025,2025-04-21,1,Shipped,KBD-CUST0012-S1
SO-26455,1,GEAR-1080,Gear Reducer #60,3,EA,2553.05,7659.15,1484.33,Price List A,15-Jul-2025,2025-07-15,3,Shipped,KBD-CUST0010-S1
SO-26455,2,AC-1048,AC Motor TEFC M6,1,EA,2530.93,2530.93,1745.47,Price List A,2025-07-21,2025-07-28,1,Shipped,KBD-CUST0010-S1
SO-26455,3,SPRO-1041,Sprocket M6,10,EA,64.34,643.4,35.35,Price List A,2025-07-07,2025-07-10,10,Shipped,KBD-CUST0010-S1
SO-26455,4,SPRO-1076,Sprocket 5/16-18,10,EA,19.07,190.7,13.24,Price List A,2025-07-17,07/24/25,10,Shipped ,KBD-CUST0010-S1
SO-26456,1,AC-1033,AC Motor TEFC 3/4-10,2,EA,1298.81,2597.62,1093.27,Price List C,2026-03-25,2026-04-01,0,Backordered,KBD-CUST0012-S1
SO-26456,2,GAT-B62,Hi-Power II V-belt B62,200,EA,17.6,3520.0,12.7,Price List C,2026-03-19,"Mar 26, 2026",200,Shipped,KBD-CUST0012-S1
SO-26457,1,MOUN-1034,Mounted Ball Bearing Unit M12,200,EA,42.77,8554.0,23.82,Price List B,2026-01-31,2026-02-07 ,200,Shipped,KBD-CUST0015-S1
SO-26457,2,SPRO-1087,Sprocket 1/2-13,200,EA,61.79,12358.0,44.550000000000004,Price List B,2026-02-14,2026-02-14,200,Shipped,KBD-CUST0015-S1
SO-26457,3,SHEA-1025,Sheave / Pulley size 4,1,EA,251.55,251.55,153.95000000000002,Price List B,2026-02-21,2026-02-21,1,Shipped,KBD-CUST0015-S1
SO-26457,4,SHEA-1072,Sheave / Pulley 3/8-16,3,EA,141.42,424.26,101.96000000000001,Price List B,2026-02-15,"Feb 18, 2026",3,Shipped,KBD-CUST0015-S1
SO-26457,5,GAT-B62,Hi-Power II V-belt B62,25,EA,18.58,464.5,12.7,Price List B,2026-02-03,"Feb 10, 2026",25,Shipped,KBD-CUST0015-S1
SO-26458,1,GEAR-1073,Gear Reducer 5/16-18,1,EA,2927.51,2927.51,1938.75,Price List A,2026-02-11,2026-02-14,1,Shipped,KBD-CUST0017-S1
SO-26458,2,GEAR-1060,Gear Reducer #60,3,EA,4932.86,14798.58,3102.4300000000003,Price List A,2026-02-20,2026-02-20,0,Open,KBD-CUST0017-S1
SO-26458,3,GEAR-1073,Gear Reducer 5/16-18,2,EA,2927.51,5855.02,1938.75,Price List A,2026-02-14,2026-02-15,2,Shipped,KBD-CUST0017-S1
SO-26459,1,BRI-HHCS-0500-13-200-G8,"Hex head cap screw 1/2-13 x 2 Gr 8 yellow zinc, 50/bx",6,BX,56.79,340.74,44.75,Price List C ,2026-02-14,2026-02-15,6,Shipped,KBD-CUST0005-S1
SO-26459,2,ROLL-1021,Roller Chain ANSI 5/16-18,100,EA,139.04,13904.0,81.74,Price List C,2026-02-09,2026-02-16,100,Shipped,KBD-CUST0005-S1
SO-26459,3,SPRO-1041,Sprocket M6,10,EA ,57.91,579.1,35.35,Price List C,2026-02-20,2026-02-27,10,Shipped,KBD-CUST0005-S1
SO-26459,4,CONV-1022,Conveyor Drive Package 1.375,1,EA,2636.56,2636.56,2154.05,Price List C,13-Feb-2026,2026-02-16,1,Shipped,KBD-CUST0005-S1
SO-26459,5,SPRO-1055,Sprocket #50,25,EA,35.15,878.75,26.94,Price List C,2026-02-18,2026-02-21,25,Shipped,KBD-CUST0005-S1
SO-26460,1,AC-1054,AC Motor TEFC 1.500,1,EA,2553.61,2553.61,1828.58,Price List B,2026-02-27,2026-02-27,1,Shipped,KBD-CUST0022-S1
SO-26460,2,MOUN-1018,Mounted Ball Bearing Unit M8,5,EA,183.5,917.5,109.13,Price List B,2026-03-14,2026-03-21,5,Shipped,KBD-CUST0022-S1
SO-26460,3,SHEA-1045,Sheave / Pulley M10,100,EA,67.94,6794.0,47.68,Price List B,2026-02-25,2026-02-25,100,Shipped,KBD-CUST0022-S1
SO-26460,4,ROLL-1012,Roller Chain ANSI 2.000,1,EA,59.14,59.14,47.52,Price List B,02/26/26,2026-02-27,1,Shipped,KBD-CUST0022-S1
SO-26460,5,ROLL-1021,Roller Chain ANSI 5/16-18,12,EA,146.77,1761.24,81.74,Price List B,2026-02-26,2026-02-26,0,Open,KBD-CUST0022-S1
SO-26461,1,CONV-1065,Conveyor Drive Package #80,1,EA,4168.06,4168.06,2903.56,Manual override,2025-06-07,2025-06-07,1,Shipped,KBD-CUST0010-S1
SO-26461,2,CONV-1046,Conveyor Drive Package 1/4-20,1,EA,10309.76,10309.76,7311.89,Price List A,2025-06-19,2025-06-19,1,Shipped,KBD-CUST0010-S1
SO-26461,3,SPRO-1004,Sprocket 3/8-16,2,EA,56.55,113.1,42.84,Price List A,07-Jun-2025,2025-06-07,2,Shipped,KBD-CUST0010-S1
SO-26461,4,AC-1054,AC Motor TEFC 1.500,1,EA,2688.01,2688.01,1828.58,Price List A,2025-06-08,2025-06-08,1,Shipped,KBD-CUST0010-S1
SO-26462,1,SPRO-1050,Sprocket 5/16-18,100,EA,17.09,1709.0,12.85,Price List B,2025-06-11,2025-06-11,100,Shipped,KBD-CUST0027-S1
SO-26462,2,SHEA-1049,Sheave / Pulley size 4,2,EA,263.77,527.54,153.4,Price List B,2025-06-12,2025-06-19,2,Shipped,KBD-CUST0027-S1
SO-26462,3,SHEA-1038,Sheave / Pulley 2.000,2,EA,482.49,964.98,295.28000000000003,Price List B,2025-06-08,2025-06-08,2,Shipped,KBD-CUST0027-S1
SO-26462,4,SPRO-1050,Sprocket 5/16-18,100,EA,17.09,1709.0,12.85,Price List B,2025-06-15,2025-06-22,0,Open,KBD-CUST0027-S1
SO-26463,1,SHEA-1088,Sheave / Pulley 1/4-20 ,5,EA,247.45,1237.25,189.79,Price List D,2026-04-14,2026-04-15,0,Backordered,KBD-CUST0018-S1
SO-26463,2,MOUN-1018,Mounted Ball Bearing Unit M8,2,EA,158.39,316.78,109.13,Price List D,2026-04-17,2026-04-18,0,Open,KBD-CUST0018-S1
SO-26463,3,SPRO-1087,Sprocket 1/2-13,200,EA,53.33,10666.0,44.550000000000004,Price List D,2026-04-12,2026-04-12,0,Backordered,KBD-CUST0018-S1
SO-26463,4,ROLL-1026,Roller Chain ANSI #50 ,5,EA,194.96,974.8,129.92000000000002,Price List D,2026-04-03,2026-04-06,0,Open,KBD-CUST0018-S1
SO-26463,5,SHEA-1088,Sheave / Pulley 1/4-20,5,EA,247.45,1237.25,189.79,Price List D,2026-04-10,04/10/26 ,0,Backordered,KBD-CUST0018-S1
SO-26464,1,MOUN-1031,Mounted Ball Bearing Unit 1.500,12,EA,55.63,667.56,38.78,Price List B,2025-04-22,29-Apr-2025,12,Shipped ,KBD-CUST0022-S1
SO-26464,2,SPRO-1061,Sprocket #50,50,EA,115.25,5762.5,87.28,Price List B,2025-05-10,2025-05-17,50,Shipped,KBD-CUST0022-S1
SO-26464,3,SHEA-1028,Sheave / Pulley #80,5,EA,500.18,2500.9,284.6,Price List B,2025-04-29,2025-04-29,5,Shipped,KBD-CUST0022-S1
SO-26464,4,ROLL-1026,Roller Chain ANSI #50,1,EA,225.86,225.86,129.92000000000002,Price List B,2025-05-09,05/09/25,1,Shipped,KBD-CUST0022-S1
SO-26465,1,CONV-1065,Conveyor Drive Package #80,1,EA,4551.33,4551.33,2903.56,Price List B,2025-09-18,2025-09-21 ,1,Shipped,KBD-CUST0023-S1
SO-26465,2,SHEA-1037,Sheave / Pulley 1.375,2,EA,162.8,325.6,99.06,Price List B,"Sep 25, 2025",2025-09-28,2,Shipped,KBD-CUST0023-S1
SO-26465,3,CONV-1022,Conveyor Drive Package 1.375,5,EA,2783.03,13915.15,2154.05,Price List B,2025-09-14,2025-09-15,5,Shipped,KBD-CUST0023-S1
SO-26466,1,SKF-6308-2Z,"Deep groove ball bearing 40x90x23, shielded",6,EA,13.33,79.98,10.25,Price List A,2025-05-25,2025-05-25,6,Shipped,KBD-CUST0024-S1
SO-26466,2,SPRO-1050,Sprocket 5/16-18,10,EA,17.99,179.9,12.85,Price List A,06/04/2025,2025-06-04,0,Open,KBD-CUST0024-S1
SO-26466,3,CONV-1051,Conveyor Drive Package 1/4-20,1,EA,6138.42,6138.42,4147.58,Price List A,2025-06-01,2025-06-01,1,Shipped,KBD-CUST0024-S1
SO-26466,4,SPRO-1004,Sprocket 3/8-16,12,EA,56.55,678.6,42.84,Price List A,02-Jun-2025,2025-06-09,12,Shipped,KBD-CUST0024-S1
SO-26466,5,TIMI-1030,Timing Belt 1/2-13,4,EA,111.12,444.48,66.14,Price List A,2025-05-20,2025-05-27,4,Shipped,KBD-CUST0024-S1
SO-26467,1,SKF-6308-2Z,"Deep groove ball bearing 40x90x23, shielded",10,EA,12.66,126.6,10.25,Price List B,2025-11-16,2025-11-23,10,Shipped,KBD-CUST0023-S1
SO-26467,2,CONV-1039,Conveyor Drive Package 5/8-11,5,EA,9171.31,45856.55,7046.72,Price List B,2025-11-18,2025-11-18,5,Shipped,KBD-CUST0023-S1
SO-26467,3,GEAR-1084,Gear Reducer M6,1,EA,5614.27,5614.27,3456.0,Price List B,2025-10-29 ,2025-11-01,1,Shipped,KBD-CUST0023-S1
SO-26468,1,GEAR-1060,Gear Reducer #60,1,EA,4439.57,4439.57,3102.4300000000003,Price List C,2025-12-31,2026-01-03,1,Shipped,KBD-CUST0012-S1
SO-26468,2,SPRO-1004,Sprocket 3/8-16,6,EA,50.89,305.34,42.84,Price List C,12/30/2025,2026-01-02,6,Shipped,KBD-CUST0012-S1
SO-26468,3,SPRO-1050,Sprocket 5/16-18,10,EA,16.19,161.9,12.85,Price List C,2025-12-21,2025-12-21,10,Shipped,KBD-CUST0012-S1
SO-26468,4,TIMI-1071,Timing Belt 5/8-11,50,EA,107.11,5355.5,74.85000000000001,Price List C,2025-12-18,2025-12-19,50,Shipped,KBD-CUST0012-S1
SO-26468,5,TIMI-1075,Timing Belt 1.000,200,EA,96.26,19252.0,72.76,Price List C,2025-12-23,12/24/2025,200,Shipped,KBD-CUST0012-S1
SO-26469,1,SHEA-1088,Sheave / Pulley 1/4-20,3,EA,247.45,742.35,189.79,Price List D,2025-09-07,09/07/2025,3,Shipped,KBD-CUST0018-S1
SO-26469,2,ROLL-1079,Roller Chain ANSI M8,2,EA,138.88,277.76,102.65,Price List D,2025-09-08,2025-09-15,2,Shipped,KBD-CUST0018-S1
SO-26470,1,SPRO-1004,Sprocket 3/8-16,2,EA,53.72,107.44,42.84,Price List B,2025-12-30,2025-12-30,2,Shipped,KBD-CUST0023-S1
SO-26470,2,GEAR-1066,Gear Reducer 1.000,5,EA,1677.06,8385.3,1270.02,Price List B,2025-12-17,2025-12-17,5,Shipped,KBD-CUST0023-S1
SO-26471,1,TIMI-1000,Timing Belt 1.500,50,EA,56.02,2801.0,43.53,Price List C,2025-06-24,"Jun 24, 2025",50,Shipped,KBD-CUST0029-S1
SO-26471,2,CONV-1013,Conveyor Drive Package 1.500,1,EA,3973.84,3973.84,2336.18,Price List C,2025-06-30,2025-07-03,0,Open,KBD-CUST0029-S1
SO-26471,3,TIMI-1058,Timing Belt M6,10,EA,108.77,1087.7,84.45,Manual override,2025-06-30,2025-07-07,10,Shipped,KBD-CUST0029-S1
SO-26471,4,SHEA-1068,Sheave / Pulley 1/4-20,1,EA,274.97,274.97,180.78,Price List C,2025-07-18,2025-07-18,1,Shipped,KBD-CUST0029-S1 
SO-26472,1,CONV-1039,Conveyor Drive Package 5/8-11,5,EA,9654.01,48270.05,7046.72,Price List A,2026-01-07,2026-01-07,5,Shipped ,KBD-CUST0008-S1
SO-26472,2,MOUN-1018,Mounted Ball Bearing Unit M8,1,EA,193.16,193.16,109.13,Price List A,2026-01-11,2026-01-11,1,Shipped,KBD-CUST0008-S1
SO-26472,3,CONV-1089,Conveyor Drive Package #60,2,EA ,7799.9,15599.8,5864.59,Price List A,2026-01-09,"Jan 09, 2026",2,Shipped,KBD-CUST0008-S1
SO-26472,4,SPRO-1087,Sprocket 1/2-13,50,EA,65.04,3252.0,44.550000000000004,Price List A,2026-01-09,2026-01-10,50,Shipped,KBD-CUST0008-S1
SO-26473,1,SPRO-1050,Sprocket 5/16-18,10,EA,16.19,161.9,12.85,Price List C,2025-05-21,2025-05-28,10,Shipped,KBD-CUST0026-S1
SO-26473,2,SPRO-1047,Sprocket #80,100,EA,21.2,2120.0,13.77,Price List C,2025-05-19,2025-05-26,100,Shipped,KBD-CUST0026-S1
SO-26473,3,AC-1085,AC Motor TEFC M6,1,EA,480.61,480.61,365.76,Price List C,2025-05-16,2025-05-23,1,Shipped,KBD-CUST0026-S1
SO-26473,4,SHEA-1007,Sheave / Pulley 2.000,3,EA,190.62,571.86,129.94,Price List C,2025-05-17,2025-05-24,3,Shipped,KBD-CUST0026-S1 
SO-26474,1,SPRO-1041,Sprocket M6,2,EA,61.12,122.24,35.35,Price List B,2025-06-13,2025-06-14,2,Shipped,KBD-CUST0023-S1
SO-26474,2,GEAR-1010,Gear Reducer 1.375,1,EA,4602.2,4602.2,2784.15,Price List B,2025-05-27,2025-05-27,1,Shipped,KBD-CUST0023-S1
SO-26474,3,MOUN-1029,Mounted Ball Bearing Unit 1.500,6,EA,136.89,821.34,86.28,Price List B,2025-05-26,"May 26, 2025",6,Shipped,KBD-CUST0023-S1
SO-26474,4,DOD-TXT315,Torque-Arm II shaft-mount reducer 15:1,3,EA,1558.19,4674.57,1180.0,Price List B,2025-06-13,2025-06-20,3,Shipped,KBD-CUST0023-S1
SO-26475,1,SHEA-1025,Sheave / Pulley size 4,1,EA,217.13,217.13,153.95000000000002,Price List D,11/14/2025,14-Nov-2025,0,Open,KBD-CUST0001-S1
SO-26476,1,AC-1063,AC Motor TEFC 3/4-10,5,EA,1842.95,9214.75,1677.24,Price List D,2025-08-03,2025-08-06,5,Shipped,KBD-CUST0018-S1
SO-26477,1,TIMI-1075,Timing Belt 1.000,4,EA,87.71,350.84,72.76,Price List D,2026-04-04,2026-04-04,0,Open,KBD-CUST0014-S1
SO-26477,2,AC-1033,AC Motor TEFC 3/4-10,3,EA,1183.36,3550.08,1093.27,Price List D,04/03/2026,2026-04-03,0,Open,KBD-CUST0014-S1
SO-26477,3,AC-1057,AC Motor TEFC M10,2,EA,963.43,1926.86,687.08,Price List D,2026-03-22,2026-03-22,0,Open,KBD-CUST0014-S1
SO-26477,4,TIMI-1030,Timing Belt 1/2-13,6,EA,91.12,546.72,66.14,Price List D,2026-04-01,2026-04-02,0,Open,KBD-CUST0014-S1
SO-26478,1,MOUN-1081,Mounted Ball Bearing Unit 5/8-11,6,EA,68.3,409.8,61.24,Price List D,2025-12-08,2025-12-08,6,Shipped,KBD-CUST0004-S1
SO-26478,2,AC-1063,AC Motor TEFC 3/4-10,1,EA,1842.95,1842.95,1677.24,Price List D,2025-12-06,2025-12-06,1,Shipped,KBD-CUST0004-S1
SO-26478,3,SHEA-1037,Sheave / Pulley 1.375,1,EA,140.52,140.52,99.06,Price List D,2025-12-09,2025-12-09,1,Shipped,KBD-CUST0004-S1
SO-26478,4,MOUN-1081,Mounted Ball Bearing Unit 5/8-11,2,EA,68.3,136.6,61.24,Price List D,2025-12-13,2025-12-14,2,Shipped,KBD-CUST0004-S1
SO-26479,1,GEAR-1010,Gear Reducer 1.375,1,EA,4602.2,4602.2,2784.15,Price List B,2026-02-09,02/10/26,1,Shipped,KBD-CUST0021-S1
SO-26480,1,MOUN-1034,Mounted Ball Bearing Unit M12,1,EA,42.77,42.77,23.82,Price List B ,2026-03-22,2026-03-25,1,Shipped,KBD-CUST0020-S1
SO-26480,2,CONV-1065,Conveyor Drive Package #80,3,EA,4551.33,13653.99,2903.56,Price List B,2026-03-15,2026-03-15,3,Shipped,KBD-CUST0020-S1
SO-26480,3,AC-1074,AC Motor TEFC M8,5,EA,2622.77,13113.85,1663.14,Price List B,2026-03-20,2026-03-21,5,Shipped,KBD-CUST0020-S1
SO-26480,4,SPRO-1009,Sprocket size 8,25,EA,40.56,1014.0,24.54,Price List B,2026-03-27,2026-04-03,0,Open,KBD-CUST0020-S1
SO-26481,1,TIMI-1071,Timing Belt 5/8-11,100,EA,113.06,11306.0,74.85000000000001,Price List B,2025-11-05,2025-11-12,100,Shipped,KBD-CUST0021-S1
SO-26481,2,MOUN-1029,Mounted Ball Bearing Unit 1.500,100,EA,136.89,13689.0,86.28,Price List B,2025-10-30,2025-10-30,100,Shipped,KBD-CUST0021-S1
SO-26481,3,SHEA-1068,Sheave / Pulley 1/4-20,2,EA,290.24,580.48,180.78,Price List B,2025-11-15,2025-11-15,2,Shipped,KBD-CUST0021-S1
SO-26482,1,GEAR-1067,Gear Reducer M6,5,EA,575.89,2879.45,498.09000000000003,Price List D,05/19/2025,2025-05-22,5,Shipped,KBD-CUST0001-S1
SO-26482,2,BRI-HHCS-0500-13-200-G8,"Hex head cap screw 1/2-13 x 2 Gr 8 yellow zinc, 50/bx",12,BX,51.74,620.88,44.75,Price List D,2025-04-26,26-Apr-2025,12,Shipped,KBD-CUST0001-S1
SO-26482,3,SPRO-1069,Sprocket #50,2,EA,166.12,332.24,115.11,Price List D,2025-05-19,2025-05-19,2,Shipped,KBD-CUST0001-S1
SO-26483,1,SHEA-1028,Sheave / Pulley #80 ,1,EA,500.18,500.18,284.6,Price List B,2025-06-12,2025-06-12,1,Shipped,KBD-CUST0006-S1
SO-26483,2,SHEA-1064,Sheave / Pulley M12 ,1,EA,203.6,203.6,139.88,Manual override,2025-06-22,2025-06-22,1,Shipped,KBD-CUST0006-S1
SO-26484,1,TIMI-1030,Timing Belt 1/2-13,50,EA,105.56,5278.0,66.14,Price List B,04/01/26,2026-04-04,0,Open,KBD-CUST0006-S1
SO-26484,2,GEAR-1066,Gear Reducer 1.000 ,2,EA,1677.06,3354.12,1270.02,Price List B,2026-03-30,2026-04-06,0,Open,KBD-CUST0006-S1
SO-26485,1,GEAR-1010,Gear Reducer 1.375,5,EA,4359.98,21799.9,2784.15,Price List C,2025-11-09,2025-11-12,5,Shipped,KBD-CUST0026-S1
SO-26486,1,SHEA-1077,Sheave / Pulley #60,25,EA,108.29,2707.25,67.98,Price List C,2025-10-22,2025-10-22,25,Shipped,KBD-CUST0005-S1
SO-26487,1,AC-1085,AC Motor TEFC M6,1,EA,437.89,437.89,365.76,Price List D,10-Sep-2025,2025-09-13,1,Shipped ,KBD-CUST0014-S1
SO-26488,1,SPRO-1047,Sprocket #80,50,EA,23.55,1177.5,13.77,Price List A,2026-02-06,2026-02-07,50,Shipped,KBD-CUST0003-S1
SO-26488,2,SPRO-1078,Sprocket M6,4,EA,123.96,495.84,69.25,Price List A,2026-02-18,2026-02-18,4,Shipped,KBD-CUST0003-S1
SO-26488,3,CONV-1052,Conveyor Drive Package size 4,1,EA,4045.3,4045.3,2311.6,Price List A,2026-02-18,2026-02-19,1,Shipped,KBD-CUST0003-S1
SO-26488,4,SHEA-1007,Sheave / Pulley 2.000,2,EA,211.8,423.6,129.94,Price List A,2026-02-17,2026-02-17,0,Open,KBD-CUST0003-S1
SO-26488,5,SPRO-1009,Sprocket size 8,2,EA,42.7,85.4,24.54,Price List A,2026-01-28,2026-01-29,2,Shipped,KBD-CUST0003-S1
SO-26489,1,CONV-1052,Conveyor Drive Package size 4,2,EA,4045.3,8090.6,2311.6,Price List A,2026-03-31,2026-04-03,0,Open,KBD-CUST0003-S1
SO-26489,2,GEAR-1067,Gear Reducer M6,3,EA,702.31,2106.93,498.09000000000003,Price List A,"Apr 19, 2026",2026-04-19,0,Open,KBD-CUST0003-S1
SO-26490,1,SHEA-1068,Sheave / Pulley 1/4-20,1,EA ,290.24,290.24,180.78,Price List B,2025-06-05,2025-06-05,1,Shipped,KBD-CUST0030-S1
SO-26490,2,MOUN-1008,Mounted Ball Bearing Unit #60,200,EA,115.94,23188.0,71.79,Price List B,06/14/2025,2025-06-14,200,Shipped,KBD-CUST0030-S1
SO-26491,1,MOUN-1031,Mounted Ball Bearing Unit 1.500,6,EA ,55.63,333.78,38.78,Price List B,"Jul 27, 2025",2025-07-27,6,Shipped,KBD-CUST0015-S1
SO-26491,2,ROLL-1079,Roller Chain ANSI M8,3,EA,160.9,482.7,102.65,Price List B,2025-07-28,2025-07-31,3,Shipped,KBD-CUST0015-S1
SO-26491,3,MOUN-1034,Mounted Ball Bearing Unit M12,10,EA,42.77,427.7,23.82,Price List B,07/06/25,2025-07-06 ,10,Shipped,KBD-CUST0015-S1
SO-26491,4,SPRO-1078,Sprocket M6,100,EA,111.87,11187.0,69.25,Manual override,2025-07-12,2025-07-19,100,Shipped,KBD-CUST0015-S1
SO-26492,1,MOUN-1029,Mounted Ball Bearing Unit 1.500,100,EA,132.56,13256.0,86.28,Manual override,2025-08-09,2025-08-09,100,Shipped,KBD-CUST0019-S1
SO-26492,2,SPRO-1027,Sprocket 1/4-20,100,EA,102.15,10215.0,77.98,Price List A,2025-08-10,2025-08-11 ,100,Shipped,KBD-CUST0019-S1
SO-26492,3,AC-1040,AC Motor TEFC #50,1,EA,889.78,889.78,609.44,Price List A,2025-08-21 ,2025-08-21,1,Shipped,KBD-CUST0019-S1
SO-26492,4,AC-1006,AC Motor TEFC 1.250,1,EA,3707.1,3707.1,2130.52,Price List A,2025-08-15,2025-08-15,1,Shipped,KBD-CUST0019-S1
SO-26492,5,ROLL-1079,Roller Chain ANSI M8,1,EA,169.37,169.37,102.65,Price List A,2025-08-19,2025-08-19,1,Shipped,KBD-CUST0019-S1
SO-26493,1,SHEA-1037,Sheave / Pulley 1.375,200,EA,162.8,32560.0,99.06,Price List B,2026-03-28,2026-03-28,0,Backordered,KBD-CUST0030-S1
SO-26493,2,BRI-HHCS-0500-13-200-G8,"Hex head cap screw 1/2-13 x 2 Gr 8 yellow zinc, 50/bx",6,BX,59.95,359.7,44.75,Price List B,2026-03-26,2026-03-26,6,Shipped,KBD-CUST0030-S1
SO-26493,3,GEAR-1073,Gear Reducer 5/16-18,1,EA,2781.13,2781.13,1938.75,Price List B,2026-03-10,2026-03-10,1,Shipped,KBD-CUST0030-S1
SO-26494,1,SHEA-1072,Sheave / Pulley 3/8-16 ,5,EA,125.93,629.65,101.96000000000001,Manual override,2025-10-22,2025-10-22,5,Shipped,KBD-CUST0005-S1
SO-26494,2,SHEA-1035,Sheave / Pulley 1.000,1,EA,187.14,187.14,148.52,Price List C,2025-10-28,2025-10-29,1,Shipped,KBD-CUST0005-S1
SO-26494,3,BRI-HHCS-0500-13-200-G8,"Hex head cap screw 1/2-13 x 2 Gr 8 yellow zinc, 50/bx",10,BX,56.79,567.9,44.75,Price List C,2025-10-07,2025-10-08,10,Shipped,KBD-CUST0005-S1
SO-26494,4,GAT-B62,Hi-Power II V-belt B62,4,EA ,17.6,70.4,12.7,Price List C,2025-10-17,2025-10-17,4,Shipped,KBD-CUST0005-S1
SO-26494,5,GEAR-1010,Gear Reducer 1.375,5,EA,4359.98,21799.9,2784.15,Price List C,2025-10-24,2025-10-24,5,Shipped,KBD-CUST0005-S1
SO-26495,1,CONV-1023,Conveyor Drive Package 3/4-10,5,EA,5148.66,25743.3,3652.15,Manual override,2025-05-29,2025-05-30,5,Shipped,KBD-CUST0029-S1
SO-26496,1,TIMI-1075,Timing Belt 1.000,25,EA,96.26,2406.5,72.76,Price List C,2025-08-19,2025-08-26,25,Shipped,KBD-CUST0029-S1
SO-26496,2,CONV-1051 ,Conveyor Drive Package 1/4-20,1,EA,5524.58,5524.58,4147.58,Price List C,2025-08-15,2025-08-15,0,Open,KBD-CUST0029-S1
SO-26496,3,AC-1048,AC Motor TEFC M6,2,EA,2277.84,4555.68,1745.47,Price List C,2025-08-28,"Sep 04, 2025",2,Shipped,KBD-CUST0029-S1
SO-26496,4,CONV-1065,Conveyor Drive Package #80,1,EA,4311.78,4311.78,2903.56,Price List C,2025-08-08,2025-08-15,1,Shipped,KBD-CUST0029-S1
SO-26497,1,GEAR-1084,Gear Reducer M6,3,EA,5318.78,15956.34,3456.0,Price List C,2026-02-16,02/23/2026 ,3,Shipped,KBD-CUST0026-S1
SO-26498,1,AC-1057,AC Motor TEFC M10,3,EA,1116.16,3348.48,687.08,Price List B,2025-09-27,2025-09-27,3,Shipped,KBD-CUST0015-S1
SO-26498,2,GEAR-1084,Gear Reducer M6,1,EA,5614.27,5614.27,3456.0,Price List B,2025-10-07,2025-10-14 ,1,Shipped,KBD-CUST0015-S1
SO-26498,3,SHEA-1037,Sheave / Pulley 1.375,50,EA,162.8,8140.0,99.06,Price List B,2025-10-07,2025-10-07,50,Shipped,KBD-CUST0015-S1
SO-26498,4,MOUN-1034,Mounted Ball Bearing Unit M12,12,EA,42.77,513.24,23.82,Price List B,2025-09-22,2025-09-25,12,Shipped,KBD-CUST0015-S1
SO-26498 ,5,GEAR-1016,Gear Reducer size 6,3,EA,3206.48,9619.44,2265.26,Price List B,2025-10-05,2025-10-05,3,Shipped,KBD-CUST0015-S1
SO-26499,1,CONV-1065,Conveyor Drive Package #80,3,EA,4551.33,13653.99,2903.56,Price List B,2025-11-24,2025-11-24,3,Shipped,KBD-CUST0023-S1
SO-26499,2,SPRO-1078,Sprocket M6,2,EA,117.76,235.52,69.25,Price List B,2025-11-18,2025-11-21,2,Shipped,KBD-CUST0023-S1
SO-26499 ,3,SHEA-1025,Sheave / Pulley size 4,3,EA,251.55,754.65,153.95000000000002,Price List B,2025-11-24,2025-12-01,3,Shipped,KBD-CUST0023-S1
SO-26499,4,SPRO-1041,Sprocket M6,6,EA,61.12,366.72,35.35,Price List B,2025-11-15,18-Nov-2025,6,Shipped,KBD-CUST0023-S1
SO-26500,1,TIMI-1000,Timing Belt 1.500,200,EA,43.9,8780.0,43.53,Manual override,2025-10-02,2025-10-02,200,Shipped,KBD-CUST0004-S1
SO-26500,2,CONV-1089,Conveyor Drive Package #60,1,EA,6395.92,6395.92,5864.59,Price List D,2025-10-01,2025-10-04,1,Shipped,KBD-CUST0004-S1
SO-26501,1,TIMI-1020,Timing Belt 5/16-18,25,EA,73.15,1828.75,52.03,Price List B,2026-02-04,2026-02-04,25,Shipped,KBD-CUST0007-S1
SO-26501,2,ROLL-1079,Roller Chain ANSI M8,5,EA ,160.9,804.5,102.65,Price List B,2026-02-06,2026-02-09,5,Shipped,KBD-CUST0007-S1 
SO-26501,3,SHEA-1045,Sheave / Pulley M10,1,EA,67.94,67.94,47.68,Price List B,2026-01-27,2026-02-03,1,Shipped,KBD-CUST0007-S1
SO-26501,4,GEAR-1067,Gear Reducer M6,1,EA,667.19,667.19,498.09000000000003,Price List B,2026-01-21,2026-01-24,0,Open,KBD-CUST0007-S1
SO-26502,1,SHEA-1049,Sheave / Pulley size 4,1,EA,249.88,249.88,153.4,Price List C,2025-09-02,2025-09-09,1,Shipped,KBD-CUST0028-S1
SO-26503,1,SPRO-1069,Sprocket #50,1,EA,202.59,202.59,115.11,Price List A,2026-02-18,2026-02-18,1,Shipped,KBD-CUST0019-S1
SO-26503,2,TIMI-1020,Timing Belt 5/16-18,50,EA,77.0,3850.0,52.03,Price List A,2026-03-04,2026-03-11,50,Shipped,KBD-CUST0019-S1
SO-26503,3,TIMI-1058,Timing Belt M6,1,EA,134.28,134.28,84.45,Price List A,2026-03-01,2026-03-04,1,Shipped,KBD-CUST0019-S1
SO-26504,1,TIMI-1020,Timing Belt 5/16-18,2,EA,73.15,146.3,52.03,Price List B,2025-12-28,2025-12-28,2,Shipped,KBD-CUST0021-S1
SO-26504,2,ROLL-1044,Roller Chain ANSI #80,2,EA,241.9,483.8,140.68,Price List B,2026-01-15,2026-01-22,0,Open,KBD-CUST0021-S1
SO-26504,3,TIMI-1000 ,Timing Belt 1.500 ,25,EA,59.14,1478.5,43.53,Price List B,2026-01-14,2026-01-21,25,Shipped,KBD-CUST0021-S1
SO-26505,1,GEAR-1016,Gear Reducer size 6,5,EA,3375.24,16876.2,2265.26,Price List A,2025-10-26,2025-10-27,5,Shipped,KBD-CUST0008-S1
SO-26505,2,CONV-1022,Conveyor Drive Package 1.375,5,EA,2929.51,14647.55,2154.05,Price List A,2025-10-13,2025-10-16,5,Shipped,KBD-CUST0008-S1
SO-26505 ,3,GEAR-1060,Gear Reducer #60,1,EA,4932.86,4932.86,3102.4300000000003,Price List A,2025-10-25,2025-10-28,1,Shipped,KBD-CUST0008-S1
SO-26505,4,TIMI-1075,Timing Belt 1.000,6,EA,106.96,641.76,72.76,Price List A,2025-10-06,2025-10-09,0,Open,KBD-CUST0008-S1
SO-26505,5,AC-1006,AC Motor TEFC 1.250,1,EA,3707.1,3707.1,2130.52,Price List A,2025-10-25,26-Oct-2025,1,Shipped,KBD-CUST0008-S1
SO-26506,1,SHEA-1025,Sheave / Pulley size 4,1,EA,251.55,251.55,153.95000000000002,Price List B ,"Dec 25, 2025",12/25/25,1,Shipped,KBD-CUST0021-S1
SO-26506,2,SHEA-1019,Sheave / Pulley M8,12,EA,166.09,1993.08,94.5,Price List B,2026-01-13,2026-01-20,12,Shipped,KBD-CUST0021-S1
SO-26507,1,TIMI-1056,Timing Belt 5/16-18,25,EA,25.09,627.25,17.21,Price List C,09/05/2025,2025-09-05,25,Shipped,KBD-CUST0028-S1
SO-26507,2,AC-1057,AC Motor TEFC M10,3,EA,1057.42,3172.26,687.08,Price List C,2025-09-06,2025-09-07,3,Shipped,KBD-CUST0028-S1
SO-26508,1,GEAR-1073,Gear Reducer 5/16-18,1,EA,2371.28,2371.28,1938.75,KBD-CPA020,2025-10-14,2025-10-15,1,Shipped,KBD-CUST0020-S1
SO-26508,2,GEAR-1073,Gear Reducer 5/16-18,2,EA,2371.28,4742.56,1938.75,KBD-CPA020,2025-10-09,2025-10-10,2,Shipped,KBD-CUST0020-S1
SO-26508,3,DOD-TXT315,Torque-Arm II shaft-mount reducer 15:1,3,EA,1558.19,4674.57,1180.0,Price List B,2025-10-30,11/02/25 ,3,Shipped,KBD-CUST0020-S1
SO-26509,1,MOUN-1081,Mounted Ball Bearing Unit 5/8-11,12,EA,67.46,809.52,61.24,Manual override,2025-07-28,04-Aug-2025,0,Open,KBD-CUST0031-S1
SO-26509,2,SPRO-1070,Sprocket M12,10,EA,36.16,361.6,22.96,Price List C,2025-07-12,2025-07-19,0,Open,KBD-CUST0031-S1
SO-26509,3,SHEA-1025,Sheave / Pulley size 4,5,EA,238.31,1191.55,153.95000000000002,Price List C,2025-07-20,2025-07-20,5,Shipped,KBD-CUST0031-S1
SO-26509,4,CONV-1023,Conveyor Drive Package 3/4-10,2,EA,5850.75,11701.5,3652.15,Price List C,2025-07-18,2025-07-18,2,Shipped,KBD-CUST0031-S1
SO-26510,1,CONV-1013,Conveyor Drive Package 1.500,3,EA,4415.38,13246.14,2336.18,Price List A,2026-02-12,2026-02-15,3,Shipped,KBD-CUST0010-S1
SO-26510,2,AC-1085,AC Motor TEFC M6 ,2,EA,534.01,1068.02,365.76,Price List A,2026-02-26,2026-02-26,2,Shipped,KBD-CUST0010-S1
SO-26510,3,SPRO-1061,Sprocket #50,12,EA,121.32,1455.84,87.28,Price List A,2026-02-18,2026-02-21,12,Shipped,KBD-CUST0010-S1
SO-26510,4,SKF-6308-2Z,"Deep groove ball bearing 40x90x23, shielded",4,EA,13.33,53.32,10.25,Price List A,2026-02-24,2026-02-27,4,Shipped,KBD-CUST0010-S1
SO-26510,5,TIMI-1000,Timing Belt 1.500,50,EA,62.25,3112.5,43.53,Price List A,2026-02-22,2026-02-23,50,Shipped,KBD-CUST0010-S1
SO-26511,1,TIMI-1000,Timing Belt 1.500,25,EA,56.02,1400.5,43.53,Price List C,2026-03-19,2026-03-19,0,Open,KBD-CUST0026-S1
SO-26512,1,MOUN-1029,Mounted Ball Bearing Unit 1.500,4,EA,129.68,518.72,86.28,Price List C,03/02/26,2026-03-02,4,Shipped,KBD-CUST0031-S1
SO-26512,2,MOUN-1081,Mounted Ball Bearing Unit 5/8-11,6,EA,74.96,449.76,61.24,Price List C,2026-02-26,2026-02-27,6,Shipped,KBD-CUST0031-S1
SO-26512,3,CONV-1042,Conveyor Drive Package 2.000,1,EA,6872.56,6872.56,5159.58,Price List C,2026-03-12,"Mar 12, 2026",1,Shipped,KBD-CUST0031-S1
SO-26512,4,GEAR-1084,Gear Reducer M6,3,EA,5318.78,15956.34,3456.0,Price List C,03/04/26,2026-03-05,3,Shipped,KBD-CUST0031-S1
SO-26512,5,CONV-1051,Conveyor Drive Package 1/4-20,5,EA,5524.58,27622.9,4147.58,Price List C,2026-03-11,2026-03-14,5,Shipped,KBD-CUST0031-S1
SO-26513,1,SPRO-1004,Sprocket 3/8-16,25,EA,53.72,1343.0,42.84,Price List B,2025-10-02,2025-10-02,25,Shipped,KBD-CUST0027-S1
SO-26513,2,TIMI-1017,Timing Belt size 6,10,EA,71.27,712.7,50.69,Price List B,2025-09-22,2025-09-25,10,Shipped,KBD-CUST0027-S1
SO-26513,3,CONV-1043,Conveyor Drive Package 1.375,3,EA,2622.13,7866.39,1971.53,Price List B,2025-09-28,2025-09-28,3,Shipped,KBD-CUST0027-S1
SO-26513,4,SPRO-1070,Sprocket M12 ,100,EA,38.17,3817.0,22.96,Price List B,2025-09-26,2025-10-03,100,Shipped,KBD-CUST0027-S1
SO-26514,1,TIMI-1030,Timing Belt 1/2-13,6,EA,100.01,600.06,66.14,Price List C,09/24/25,2025-09-24,6,Shipped,KBD-CUST0031-S1
SO-26514,2,SPRO-1078,Sprocket M6,100,EA,111.56,11156.0,69.25,Price List C,2025-09-16,2025-09-16,100,Shipped,KBD-CUST0031-S1
SO-26514,3,ROLL-1012,Roller Chain ANSI 2.000,1,EA,56.02,56.02,47.52,Price List C,2025-09-17,2025-09-18,1,Shipped,KBD-CUST0031-S1
SO-26514,4,AC-1054,AC Motor TEFC 1.500,1,EA,2419.21,2419.21,1828.58,Price List C,2025-09-17,2025-09-24,1,Shipped,KBD-CUST0031-S1
SO-26515,1,AC-1063,AC Motor TEFC 3/4-10,5,EA,1842.95,9214.75,1677.24,Price List D,2025-04-21,2025-04-21,5,Shipped,KBD-CUST0014-S1
SO-26516,1,MOUN-1018,Mounted Ball Bearing Unit M8 ,3,EA,183.5,550.5,109.13,Price List B ,2025-09-01,2025-09-01,3,Shipped,KBD-CUST0030-S1
SO-26517,1,CONV-1065,Conveyor Drive Package #80,5,EA,4790.87,23954.35,2903.56,Price List A,2025-12-08,12/15/2025,5,Shipped,KBD-CUST0024-S1
SO-26517,2,TIMI-1056,Timing Belt 5/16-18,25,EA,27.88,697.0,17.21,Price List A,2025-12-11,2025-12-11,25,Shipped,KBD-CUST0024-S1
SO-26517,3,ROLL-1079,Roller Chain ANSI M8,2,EA,169.37,338.74,102.65,Price List A,2025-11-27,2025-11-27,2,Shipped,KBD-CUST0024-S1
SO-26517,4,SHEA-1028,Sheave / Pulley #80,1,EA,416.83,416.83,284.6,Manual override,2025-12-14,2025-12-14,1,Shipped,KBD-CUST0024-S1
SO-26518,1,SPRO-1055,Sprocket #50,6,EA,39.06,234.36,26.94,Price List A,2025-06-08,2025-06-09,6,Shipped,KBD-CUST0010-S1
SO-26518,2,SPRO-1076,Sprocket 5/16-18,100,EA,19.07,1907.0,13.24,Price List A,2025-05-18 ,2025-05-25,100,Shipped,KBD-CUST0010-S1
SO-26518,3,CONV-1039,Conveyor Drive Package 5/8-11,2,EA,9654.01,19308.02,7046.72,Price List A,2025-05-19,2025-05-20,2,Shipped,KBD-CUST0010-S1
SO-26519,1,CONV-1039,Conveyor Drive Package 5/8-11,2,EA,9171.31,18342.62,7046.72,Price List B,2025-08-15,2025-08-16,2,Shipped,KBD-CUST0023-S1
SO-26519,2,MOUN-1062,Mounted Ball Bearing Unit 1/2-13,1,EA,210.21,210.21,135.75,Price List B,2025-08-12,2025-08-13,1,Shipped,KBD-CUST0023-S1
SO-26519,3,CONV-1051,Conveyor Drive Package 1/4-20,3,EA,5131.72,15395.16,4147.58,Manual override,2025-08-19,2025-08-19,3,Shipped,KBD-CUST0023-S1
SO-26520,1,SHEA-1068,Sheave / Pulley 1/4-20,3,EA,274.97,824.91,180.78,Price List C,2025-10-12,2025-10-12,3,Shipped,KBD-CUST0012-S1
SO-26520,2,SPRO-1055,Sprocket #50,1,EA,35.15,35.15,26.94,Price List C,2025-10-03,2025-10-10,1,Shipped,KBD-CUST0012-S1
