labor_txn_id,work_order_id,operation,employee_id,clock_in,hours,labor_type,work_center_id
LT-000001,WO-70001,10,E050,2025-06-18T13:45:00,1.46,Run,WC-CNC1
LT-000002,WO-70001,10,E018,2025-06-19T13:45:00,1.46,Setup,WC-CNC1
LT-000003,WO-70001,20,E022,2025-06-21T09:15:00,0.55,Run,WC-ASSY
LT-000004,WO-70001,20,E043,2025-06-20T08:30:00,0.55,Run,WC-ASSY
LT-000005,WO-70001,20,E022,2025-06-25T11:45:00,0.82,Run,WC-ASSY
LT-000006,WO-70001,30,E016,2025-06-27T08:00:00,4.22,Setup,WC-INSP
LT-000007,WO-70001,40,E043,2025-06-25T09:15:00,1.22,Run,WC-PACK
LT-000008,WO-70001,40,E029,2025-06-24T11:15:00,2.45,Run,WC-PACK
LT-000009,WO-70002,10,E019,2025-12-06T11:00:00,19.97,Run,WC-ASSY
LT-000010,WO-70002,10,E025,2025-12-08T10:30:00,59.91,Run,WC-ASSY
LT-000011,WO-70002,10,E050,2025-11-30T07:30:00,29.95,Run,WC-ASSY
LT-000012,WO-70002,20,E028,2025-11-28T12:30:00,39.77,Run,WC-DEBUR
LT-000013,WO-70002,20,E053,2025-12-04T12:00:00,59.66,Run,WC-DEBUR
LT-000014,WO-70002,20,E048,2025-12-08T08:15:00,119.32,Run,WC-DEBUR
LT-000015,WO-70002,30,E029,2025-12-05T14:30:00,37.08,Run,WC-INSP
LT-000016,WO-70002,30,E014,2025-12-08T09:30:00,12.36,Run,WC-INSP
LT-000017,WO-70002,40,E022,2025-12-01T06:15:00,46.88,Setup,WC-PACK
LT-000018,WO-70003,10,E022,2025-09-30T10:45:00,1.13,Setup,WC-CNC2
LT-000019,WO-70003,10,E030,2025-09-28T08:15:00,1.7,Run,WC-CNC2
LT-000020,WO-70003,10,E015,2025-10-03T12:15:00,3.4,Run,WC-CNC2
LT-000021,WO-70003,20,E021,2025-09-28T11:30:00,5.92,Run,WC-DEBUR
LT-000022,WO-70003,20,E011,2025-09-30T12:00:00,8.88,Run,WC-DEBUR
LT-000023,WO-70003,20,E041,2025-10-02T12:00:00,17.76,Setup,WC-DEBUR
LT-000024,WO-70003,30,E027,2025-10-03T12:45:00,4.11,Run,WC-INSP
LT-000025,WO-70003,30,E046,2025-09-24T11:45:00,12.32,Setup,WC-INSP
LT-000026,WO-70003,30,E017,2025-09-24T08:45:00,4.11,Run,WC-INSP
LT-000027,WO-70003,40,E041,2025-10-02T10:15:00,1.16,Setup,WC-PACK
LT-000028,WO-70003,40,E019,2025-10-03T07:45:00,1.16,Run,WC-PACK
LT-000029,WO-70004,10,E034,2025-07-29T09:45:00,116.52,Run,WC-DEBUR
LT-000030,WO-70004,10,E043,2025-07-27T12:15:00,58.26,Setup,WC-DEBUR
LT-000031,WO-70004,20,E016,2025-07-26T10:45:00,68.39,Run,WC-CNC2
LT-000032,WO-70004,20,E034,2025-07-27T12:00:00,22.8,Run,WC-CNC2
LT-000033,WO-70004,30,E017,2025-07-28T09:30:00,31.59,Setup,WC-INSP
LT-000034,WO-70004,40,E043,2025-07-29T13:00:00,121.88,Run,WC-PACK
LT-000035,WO-70004,40,E044,2025-07-30T09:15:00,40.62,Run,WC-PACK
LT-000036,WO-70004,40,E034,2025-07-22T07:00:00,40.62,Run,WC-PACK
LT-000037,WO-70005,10,E043,2025-12-10T08:15:00,2.04,Setup,WC-CNC1
LT-000038,WO-70005,20,E009,2025-12-04T12:45:00,1.58,Run,WC-CNC2
LT-000039,WO-70005,30,E010,2025-12-10T12:45:00,1.64,Run,WC-ASSY
LT-000040,WO-70005,30,E028,2025-12-08T11:45:00,0.55,Run,WC-ASSY
LT-000041,WO-70005,40,E034,2025-12-08T11:15:00,12.93,Run,WC-SAW
LT-000042,WO-70005,40,E035,2025-12-03T10:15:00,6.46,Run,WC-SAW
LT-000043,WO-70005,40,E044,2025-12-04T10:00:00,4.31,Run,WC-SAW
LT-000044,WO-70005,50,E031,2025-12-06T13:15:00,2.64,Run,WC-INSP
LT-000045,WO-70005,50,E021,2025-12-08T11:00:00,7.92,Run,WC-INSP
LT-000046,WO-70005,50,E016,2025-11-30T06:30:00,3.96,Run,WC-INSP
LT-000047,WO-70005,60,E037,2025-11-30T06:30:00,8.43,Run,WC-PACK
LT-000048,WO-70005,60,E025,2025-12-01T11:15:00,8.43,Run,WC-PACK
LT-000049,WO-70006,10,E031,2026-02-17T10:45:00,2.91,Setup,WC-SAW
LT-000050,WO-70006,10,E042,2026-02-25T08:30:00,2.91,Run,WC-SAW
LT-000051,WO-70006,10,E028,2026-02-18T08:30:00,0.97,Run,WC-SAW
LT-000052,WO-70006,20,E047,2026-02-20T11:00:00,1.2,Run,WC-CNC1
LT-000053,WO-70006,30,E030,2026-02-24T14:30:00,2.37,Run,WC-DEBUR
LT-000054,WO-70006,30,E054,2026-02-22T10:45:00,4.75,Run,WC-DEBUR
LT-000055,WO-70006,30,E018,2026-02-24T09:30:00,4.75,Run,WC-DEBUR
LT-000056,WO-70006,40,E050,2026-02-20T11:15:00,1.57,Run,WC-CNC2
LT-000057,WO-70006,40,E030,2026-02-23T07:30:00,4.72,Run,WC-CNC2
LT-000058,WO-70006,50,E038,2026-02-25T09:30:00,3.43,Run,WC-INSP
LT-000059,WO-70006,50,E028,2026-02-18T12:45:00,3.43,Run,WC-INSP
LT-000060,WO-70006,50,E020,2026-02-18T12:00:00,3.43,Run,WC-INSP
LT-000061,WO-70006,60,E027,2026-02-23T07:30:00,1.22,Run,WC-PACK
LT-000062,WO-70006,60,E019,2026-02-23T09:45:00,0.81,Run,WC-PACK
LT-000063,WO-70006,60,E027,2026-02-20T14:30:00,0.81,Run,WC-PACK
LT-000064,WO-70007,10,E049,2025-06-12T09:00:00,8.44,Run,WC-SAW
LT-000065,WO-70007,20,E038,2025-06-16T06:30:00,29.86,Run,WC-CNC2
LT-000066,WO-70007,30,E050,2025-06-16T09:30:00,18.96,Run,WC-CNC1
LT-000067,WO-70007,40,E046,2025-06-12T14:00:00,22.41,Setup,WC-ASSY
LT-000068,WO-70007,40,E039,2025-06-10T10:15:00,67.22,Setup,WC-ASSY
LT-000069,WO-70007,50,E045,2025-06-16T09:30:00,20.31,Run,WC-INSP
LT-000070,WO-70007,50,E031,2025-06-17T10:30:00,60.94,Run,WC-INSP
LT-000071,WO-70007,50,E034,2025-06-13T12:15:00,60.94,Run,WC-INSP
LT-000072,WO-70007,60,E038,2025-06-09T12:45:00,16.77,Setup,WC-PACK
LT-000073,WO-70009,10,E049,2025-07-22T12:30:00,2.3,Run,WC-ASSY
LT-000074,WO-70009,10,E051,2025-07-30T08:30:00,4.6,Run,WC-ASSY
LT-000075,WO-70009,10,E054,2025-07-21T06:30:00,2.3,Run,WC-ASSY
LT-000076,WO-70009,20,E026,2025-07-25T14:15:00,3.23,Setup,WC-CNC1
LT-000077,WO-70009,20,E031,2025-07-29T13:00:00,4.85,Run,WC-CNC1
LT-000078,WO-70009,30,E038,2025-07-23T08:15:00,1.9,Run,WC-INSP
LT-000079,WO-70009,30,E027,2025-07-21T11:15:00,1.9,Run,WC-INSP
LT-000080,WO-70009,40,E050,2025-07-29T07:15:00,4.32,Setup,WC-PACK
LT-000081,WO-70010,10,E023,2025-09-06T11:30:00,7.06,Run,WC-CNC2
LT-000082,WO-70010,20,E039,2025-09-05T08:00:00,6.03,Setup,WC-ASSY
LT-000083,WO-70010,20,E036,2025-09-12T11:00:00,6.03,Run,WC-ASSY
LT-000084,WO-70010,20,E052,2025-09-09T06:45:00,12.06,Run,WC-ASSY
LT-000085,WO-70010,30,E042,2025-09-10T13:15:00,6.53,Run,WC-DEBUR
LT-000086,WO-70010,30,E012,2025-09-12T08:30:00,4.35,Run,WC-DEBUR
LT-000087,WO-70010,30,E028,2025-09-14T08:15:00,4.35,Setup,WC-DEBUR
LT-000088,WO-70010,40,E017,2025-09-14T10:30:00,2.28,Run,WC-CNC1
LT-000089,WO-70010,40,E024,2025-09-12T12:15:00,3.42,Run,WC-CNC1
LT-000090,WO-70010,40,E021,2025-09-13T07:45:00,3.42,Setup,WC-CNC1
LT-000091,WO-70010,50,E034,2025-09-12T10:00:00,4.89,Setup,WC-INSP
LT-000092,WO-70010,50,E017,2025-09-07T08:15:00,14.68,Setup,WC-INSP
LT-000093,WO-70010,50,E035,2025-09-12T14:15:00,7.34,Run,WC-INSP
LT-000094,WO-70010,60,E020,2025-09-09T09:15:00,6.17,Run,WC-PACK
LT-000095,WO-70010,60,E049,2025-09-11T10:15:00,4.11,Run,WC-PACK
LT-000096,WO-70011,10,E025,2025-09-21T08:30:00,91.84,Run,WC-CNC1
LT-000097,WO-70011,10,E046,2025-09-27T10:15:00,30.61,Run,WC-CNC1
LT-000098,WO-70011,20,E048,2025-09-23T07:45:00,40.66,Run,WC-DEBUR
LT-000099,WO-70011,20,E042,2025-09-23T13:30:00,13.55,Run,WC-DEBUR
LT-000100,WO-70011,20,E026,2025-09-25T11:30:00,40.66,Setup,WC-DEBUR
LT-000101,WO-70011,30,E045,2025-09-21T07:15:00,21.76,Run,WC-ASSY
LT-000102,WO-70011,30,E018,2025-09-23T07:45:00,14.51,Run,WC-ASSY
LT-000103,WO-70011,40,E053,2025-09-26T13:30:00,43.07,Run,WC-SAW
LT-000104,WO-70011,50,E028,2025-09-26T13:30:00,39.84,Setup,WC-INSP
LT-000105,WO-70011,60,E043,2025-09-28T08:15:00,100.37,Setup,WC-PACK
LT-000106,WO-70012,10,E026,2025-04-21T13:15:00,8.15,Run,WC-CNC1
LT-000107,WO-70012,10,E045,2025-04-30T07:00:00,8.15,Run,WC-CNC1
LT-000108,WO-70012,10,E051,2025-04-21T13:30:00,8.15,Run,WC-CNC1
LT-000109,WO-70012,20,E029,2025-04-29T12:45:00,62.46,Run,WC-ASSY
LT-000110,WO-70012,20,E028,2025-04-25T08:45:00,20.82,Setup,WC-ASSY
LT-000111,WO-70012,30,E019,2025-04-30T08:30:00,48.36,Setup,WC-INSP
LT-000112,WO-70012,30,E023,2025-04-21T11:15:00,48.36,Setup,WC-INSP
LT-000113,WO-70012,30,E024,2025-04-29T06:00:00,16.12,Setup,WC-INSP
LT-000114,WO-70012,40,E028,2025-05-01T09:45:00,29.91,Setup,WC-PACK
LT-000115,WO-70013,10,E010,2025-06-25T11:00:00,6.02,Setup,WC-CNC1
LT-000116,WO-70013,10,E015,2025-06-26T09:00:00,12.04,Run,WC-CNC1
LT-000117,WO-70013,10,E030,2025-07-02T14:30:00,12.04,Run,WC-CNC1
LT-000118,WO-70013,20,E050,2025-07-02T13:15:00,2.26,Setup,WC-DEBUR
LT-000119,WO-70013,20,E047,2025-06-26T08:00:00,2.26,Run,WC-DEBUR
LT-000120,WO-70013,20,E048,2025-06-26T12:00:00,1.51,Run,WC-DEBUR
LT-000121,WO-70013,30,E037,2025-06-30T13:30:00,4.5,Run,WC-ASSY
LT-000122,WO-70013,30,E026,2025-06-29T06:30:00,1.5,Run,WC-ASSY
LT-000123,WO-70013,40,E029,2025-06-24T10:15:00,1.33,Run,WC-SAW
LT-000124,WO-70013,40,E010,2025-06-28T09:15:00,1.33,Run,WC-SAW
LT-000125,WO-70013,40,E048,2025-06-26T08:00:00,1.33,Setup,WC-SAW
LT-000126,WO-70013,50,E051,2025-06-23T10:15:00,4.76,Run,WC-INSP
LT-000127,WO-70013,50,E010,2025-06-24T09:30:00,4.76,Run,WC-INSP
LT-000128,WO-70013,60,E042,2025-06-30T07:30:00,8.71,Setup,WC-PACK
LT-000129,WO-70014,10,E028,2025-09-03T08:15:00,3.86,Run,WC-DEBUR
LT-000130,WO-70014,20,E012,2025-09-05T09:30:00,1.74,Setup,WC-SAW
LT-000131,WO-70014,20,E017,2025-09-07T14:45:00,1.74,Run,WC-SAW
LT-000132,WO-70014,20,E026,2025-09-04T13:30:00,2.61,Run,WC-SAW
LT-000133,WO-70014,30,E047,2025-09-03T06:45:00,5.67,Run,WC-CNC2
LT-000134,WO-70014,40,E012,2025-09-06T14:30:00,5.42,Setup,WC-ASSY
LT-000135,WO-70014,40,E038,2025-09-05T11:15:00,16.27,Run,WC-ASSY
LT-000136,WO-70014,40,E021,2025-08-31T06:00:00,8.14,Setup,WC-ASSY
LT-000137,WO-70014,50,E026,2025-09-06T06:15:00,2.62,Setup,WC-INSP
LT-000138,WO-70014,60,E020,2025-08-31T14:15:00,2.38,Run,WC-PACK
LT-000139,WO-70014,60,E034,2025-09-05T11:00:00,7.13,Setup,WC-PACK
LT-000140,WO-70014,60,E032,2025-09-08T14:00:00,2.38,Setup,WC-PACK
LT-000141,WO-70015,10,E045,2025-04-13T12:45:00,31.45,Run,WC-DEBUR
LT-000142,WO-70015,20,E030,2025-04-20T14:00:00,17.79,Run,WC-CNC2
LT-000143,WO-70015,30,E041,2025-04-16T12:15:00,50.24,Run,WC-INSP
LT-000144,WO-70015,30,E014,2025-04-15T07:30:00,50.24,Run,WC-INSP
LT-000145,WO-70015,30,E038,2025-04-13T10:00:00,50.24,Run,WC-INSP
LT-000146,WO-70015,40,E042,2025-04-20T06:00:00,67.17,Run,WC-PACK
LT-000147,WO-70015,40,E049,2025-04-22T11:30:00,33.59,Run,WC-PACK
LT-000148,WO-70015,40,E011,2025-04-14T12:15:00,22.39,Setup,WC-PACK
LT-000149,WO-70016,10,E046,2025-07-02T13:00:00,2.23,Run,WC-CNC2
LT-000150,WO-70016,10,E034,2025-06-30T14:45:00,4.46,Run,WC-CNC2
LT-000151,WO-70016,20,E043,2025-06-24T08:45:00,1.86,Setup,WC-ASSY
LT-000152,WO-70016,20,E016,2025-06-24T06:30:00,1.24,Run,WC-ASSY
LT-000153,WO-70016,60,E044,2025-06-25T06:30:00,4.59,Setup,WC-PACK
LT-000154,WO-70016,60,E029,2025-07-03T14:15:00,9.19,Run,WC-PACK
LT-000155,WO-70016,60,E048,2025-06-24T06:15:00,3.06,Setup,WC-PACK
LT-000156,WO-70017,10,E095,2026-03-07T13:00:00,47.41,Run,WC-DEBUR
LT-000157,WO-70017,20,E009,2026-03-11T08:00:00,9.11,Setup,WC-CNC1
LT-000158,WO-70017,20,E024,2026-03-12T07:45:00,13.67,Run,WC-CNC1
LT-000159,WO-70017,20,E009,2026-03-11T06:45:00,27.34,Setup,WC-CNC1
LT-000160,WO-70017,30,E011,2026-03-07T06:45:00,36.02,Run,WC-ASSY
LT-000161,WO-70017,30,E015,2026-03-08T06:15:00,18.01,Run,WC-ASSY
LT-000162,WO-70017,40,E030,2026-03-16T12:30:00,7.65,Run,WC-SAW
LT-000163,WO-70017,40,E026,2026-03-10T09:15:00,15.3,Run,WC-SAW
LT-000164,WO-70017,50,E022,2026-03-14T14:15:00,13.38,Run,WC-INSP
LT-000165,WO-70017,50,E016,2026-03-15T14:45:00,40.14,Run,WC-INSP
LT-000166,WO-70017,60,E038,2026-03-10T12:15:00,9.13,Setup,WC-PACK
LT-000167,WO-70018,10,E011,2025-11-16T12:00:00,7.29,Run,WC-SAW
LT-000168,WO-70018,10,E034,2025-11-17T10:00:00,7.29,Run,WC-SAW
LT-000169,WO-70018,10,E010,2025-11-15T06:15:00,3.65,Run,WC-SAW
LT-000170,WO-70018,20,E048,2025-11-12T10:30:00,0.98,Run,WC-CNC2
LT-000171,WO-70018,20,E048,2025-11-10T10:00:00,0.98,Run,WC-CNC2
LT-000172,WO-70018,30,E046,2025-11-13T07:15:00,0.98,Run,WC-INSP
LT-000173,WO-70018,30,E051,2025-11-09T11:00:00,2.95,Run,WC-INSP
LT-000174,WO-70018,30,E015,2025-11-11T08:15:00,2.95,Run,WC-INSP
LT-000175,WO-70018,40,E017,2025-11-09T14:15:00,10.33,Setup,WC-PACK
LT-000176,WO-70019,10,E038,2025-12-07T14:00:00,97.44,Run,WC-DEBUR
LT-000177,WO-70019,10,E020,2025-12-07T08:15:00,32.48,Run,WC-DEBUR
LT-000178,WO-70019,10,E095,2025-11-30T13:15:00,32.48,Setup,WC-DEBUR
LT-000179,WO-70019,20,E009,2025-12-06T13:45:00,15.51,Run,WC-SAW
LT-000180,WO-70019,20,E035,2025-11-29T12:15:00,5.17,Run,WC-SAW
LT-000181,WO-70019,20,E045,2025-11-29T06:15:00,15.51,Setup,WC-SAW
LT-000182,WO-70019,30,E022,2025-12-04T14:00:00,13.67,Run,WC-INSP
LT-000183,WO-70019,40,E011,2025-12-01T10:45:00,46.14,Setup,WC-PACK
LT-000184,WO-70020,10,E026,2025-05-01T10:00:00,1.13,Setup,WC-CNC1
LT-000185,WO-70020,10,E009,2025-05-02T07:00:00,0.75,Run,WC-CNC1
LT-000186,WO-70020,20,E051,2025-04-30T09:15:00,1.67,Run,WC-ASSY
LT-000187,WO-70020,20,E049,2025-04-30T07:30:00,1.67,Setup,WC-ASSY
LT-000188,WO-70020,30,E045,2025-05-07T14:45:00,7.12,Run,WC-INSP
LT-000189,WO-70020,40,E028,2025-05-01T06:15:00,2.68,Setup,WC-PACK
LT-000190,WO-70021,10,E016,2025-08-13T08:00:00,23.17,Setup,WC-DEBUR
LT-000191,WO-70021,40,E019,2025-08-12T10:30:00,4.6,Setup,WC-CNC1
LT-000192,WO-70021,40,E033,2025-08-16T09:30:00,6.89,Setup,WC-CNC1
LT-000193,WO-70021,40,E036,2025-08-07T11:00:00,13.79,Run,WC-CNC1
LT-000194,WO-70021,50,E011,2025-08-07T07:45:00,2.24,Run,WC-INSP
LT-000195,WO-70021,60,E040,2025-08-15T09:30:00,2.81,Run,WC-PACK
LT-000196,WO-70021,60,E014,2025-08-14T09:15:00,1.41,Run,WC-PACK
LT-000197,WO-70022,10,E041,2025-11-25T09:45:00,5.22,Run,WC-ASSY
LT-000198,WO-70022,10,E026,2025-11-27T09:15:00,10.45,Run,WC-ASSY
LT-000199,WO-70022,20,E047,2025-11-26T09:00:00,5.98,Setup,WC-SAW
LT-000200,WO-70022,20,E038,2025-11-26T14:30:00,5.98,Run,WC-SAW
LT-000201,WO-70022,30,E039,2025-11-22T09:00:00,1.2,Run,WC-DEBUR
LT-000202,WO-70022,30,E009,2025-12-01T08:45:00,1.8,Run,WC-DEBUR
LT-000203,WO-70022,40,E045,2025-11-27T12:45:00,6.12,Run,WC-INSP
LT-000204,WO-70022,40,E045,2025-11-23T09:45:00,6.12,Run,WC-INSP
LT-000205,WO-70022,40,E020,2025-11-27T08:15:00,12.23,Run,WC-INSP
LT-000206,WO-70022,50,E017,2025-11-26T08:15:00,6.18,Run,WC-PACK
LT-000207,WO-70022,50,E046,2025-11-29T14:30:00,12.36,Run,WC-PACK
LT-000208,WO-70022,50,E009,2025-11-23T12:30:00,6.18,Run,WC-PACK
LT-000209,WO-70023,10,E024,2025-09-20T10:45:00,4.96,Run,WC-ASSY
LT-000210,WO-70023,20,E042,2025-09-22T12:15:00,3.3,Run,WC-CNC1
LT-000211,WO-70023,30,E040,2025-09-19T10:00:00,3.21,Run,WC-INSP
LT-000212,WO-70023,40,E048,2025-09-20T11:15:00,3.79,Run,WC-PACK
LT-000213,WO-70023,40,E030,2025-09-24T06:15:00,7.58,Setup,WC-PACK
LT-000214,WO-70023,40,E025,2025-09-22T06:30:00,3.79,Setup,WC-PACK
LT-000215,WO-70024,10,E051,2025-07-21T07:15:00,52.02,Run,WC-SAW
LT-000216,WO-70024,20,E034,2025-07-22T14:30:00,21.58,Run,WC-CNC2
LT-000217,WO-70024,30,E041,2025-07-22T12:15:00,60.25,Setup,WC-CNC1
LT-000218,WO-70024,30,E039,2025-07-25T12:00:00,60.25,Run,WC-CNC1
LT-000219,WO-70024,40,E052,2025-07-26T11:15:00,30.55,Run,WC-ASSY
LT-000220,WO-70024,40,E034,2025-07-27T06:15:00,30.55,Run,WC-ASSY
LT-000221,WO-70024,40,E016,2025-07-30T09:30:00,45.82,Run,WC-ASSY
LT-000222,WO-70024,50,E014,2025-07-26T10:30:00,55.16,Run,WC-INSP
LT-000223,WO-70024,50,E037,2025-07-27T11:45:00,36.77,Setup,WC-INSP
LT-000224,WO-70024,60,E044,2025-07-21T11:00:00,35.48,Run,WC-PACK
LT-000225,WO-70025,10,E036,2025-05-22T13:00:00,8.76,Run,WC-SAW
LT-000226,WO-70025,10,E048,2025-05-19T13:45:00,4.38,Run,WC-SAW
LT-000227,WO-70025,10,E011,2025-05-21T07:45:00,8.76,Run,WC-SAW
LT-000228,WO-70025,20,E032,2025-05-24T13:00:00,8.73,Run,WC-CNC1
LT-000229,WO-70025,30,E022,2025-05-16T06:15:00,7.75,Setup,WC-DEBUR
LT-000230,WO-70025,30,E009,2025-05-22T10:30:00,7.75,Run,WC-DEBUR
LT-000231,WO-70025,30,E047,2025-05-22T14:30:00,7.75,Run,WC-DEBUR
LT-000232,WO-70025,40,E020,2025-05-26T12:30:00,4.82,Setup,WC-CNC2
LT-000233,WO-70025,40,E047,2025-05-26T13:15:00,7.23,Setup,WC-CNC2
LT-000234,WO-70025,50,E049,2025-05-20T07:00:00,3.57,Run,WC-INSP
LT-000235,WO-70025,60,E043,2025-05-16T07:30:00,4.51,Run,WC-PACK
LT-000236,WO-70025,60,E011,2025-05-20T10:30:00,1.5,Run,WC-PACK
LT-000237,WO-70026,10,E016,2025-08-26T07:15:00,10.54,Run,WC-ASSY
LT-000238,WO-70026,20,E039,2025-09-05T11:30:00,16.65,Setup,WC-SAW
LT-000239,WO-70026,20,E043,2025-08-30T09:30:00,33.3,Run,WC-SAW
LT-000240,WO-70026,30,E019,2025-09-02T12:45:00,29.94,Run,WC-CNC2
LT-000241,WO-70026,30,E010,2025-09-02T13:45:00,29.94,Run,WC-CNC2
LT-000242,WO-70026,40,E022,2025-09-02T10:30:00,17.21,Run,WC-DEBUR
LT-000243,WO-70026,40,E040,2025-08-26T09:00:00,51.62,Setup,WC-DEBUR
LT-000244,WO-70026,40,E019,2025-08-29T10:15:00,51.62,Run,WC-DEBUR
LT-000245,WO-70026,50,E030,2025-09-01T09:45:00,6.08,Run,WC-INSP
LT-000246,WO-70026,50,E034,2025-09-02T12:15:00,18.23,Run,WC-INSP
LT-000247,WO-70026,60,E014,2025-08-28T14:00:00,27.88,Run,WC-PACK
LT-000248,WO-70026,60,E048,2025-09-05T11:00:00,27.88,Run,WC-PACK
LT-000249,WO-70027,20,E052,2025-04-12T11:30:00,4.19,Run,WC-SAW
LT-000250,WO-70027,40,E054,2025-04-15T06:00:00,5.39,Setup,WC-PACK
LT-000251,WO-70027,40,E042,2025-04-15T11:30:00,10.79,Run,WC-PACK
LT-000252,WO-70028,10,E030,2025-05-25T06:00:00,1.91,Setup,WC-SAW
LT-000253,WO-70028,10,E054,2025-05-19T07:45:00,2.86,Run,WC-SAW
LT-000254,WO-70028,20,E048,2025-05-17T07:45:00,3.82,Run,WC-CNC1
LT-000255,WO-70028,20,E095,2025-05-19T08:45:00,3.82,Run,WC-CNC1
LT-000256,WO-70028,30,E048,2025-05-24T10:15:00,6.75,Run,WC-ASSY
LT-000257,WO-70028,30,E034,2025-05-27T12:30:00,4.5,Run,WC-ASSY
LT-000258,WO-70028,30,E032,2025-05-17T10:45:00,6.75,Run,WC-ASSY
LT-000259,WO-70028,40,E042,2025-05-22T06:00:00,6.13,Run,WC-DEBUR
LT-000260,WO-70028,50,E052,2025-05-23T12:30:00,5.54,Run,WC-INSP
LT-000261,WO-70028,60,E044,2025-05-19T14:45:00,2.58,Run,WC-PACK
LT-000262,WO-70029,10,E042,2025-07-17T12:00:00,69.47,Run,WC-DEBUR
LT-000263,WO-70029,10,E010,2025-07-18T11:00:00,69.47,Run,WC-DEBUR
LT-000264,WO-70029,20,E052,2025-07-17T10:45:00,48.92,Setup,WC-SAW
LT-000265,WO-70029,30,E011,2025-07-14T09:15:00,84.12,Run,WC-INSP
LT-000266,WO-70029,30,E029,2025-07-10T14:00:00,84.12,Setup,WC-INSP
LT-000267,WO-70029,40,E019,2025-07-19T06:30:00,22.06,Setup,WC-PACK
LT-000268,WO-70030,10,E027,2025-10-13T12:15:00,5.33,Run,WC-CNC2
LT-000269,WO-70030,10,E044,2025-10-22T10:30:00,16.0,Run,WC-CNC2
LT-000270,WO-70030,20,E026,2025-10-19T08:45:00,4.41,Setup,WC-ASSY
LT-000271,WO-70030,30,E021,2025-10-19T10:15:00,2.04,Run,WC-DEBUR
LT-000272,WO-70030,30,E049,2025-10-17T11:00:00,1.36,Setup,WC-DEBUR
LT-000273,WO-70030,30,E021,2025-10-15T07:00:00,2.04,Run,WC-DEBUR
LT-000274,WO-70030,40,E019,2025-10-23T10:30:00,2.49,Run,WC-INSP
LT-000275,WO-70030,40,E018,2025-10-18T10:45:00,1.66,Setup,WC-INSP
LT-000276,WO-70030,50,E048,2025-10-20T10:30:00,23.61,Run,WC-PACK
LT-000277,WO-70030,50,E024,2025-10-18T14:45:00,7.87,Run,WC-PACK
LT-000278,WO-70030,50,E023,2025-10-14T12:45:00,11.8,Setup,WC-PACK
LT-000279,WO-70031,10,E033,2026-02-25T09:45:00,3.24,Run,WC-SAW
LT-000280,WO-70031,10,E047,2026-02-20T11:15:00,1.08,Setup,WC-SAW
LT-000281,WO-70031,20,E049,2026-02-25T11:00:00,4.26,Setup,WC-CNC1
LT-000282,WO-70031,20,E035,2026-02-21T11:15:00,2.13,Run,WC-CNC1
LT-000283,WO-70031,20,E011,2026-02-23T13:45:00,4.26,Setup,WC-CNC1
LT-000284,WO-70031,30,E031,2026-02-24T10:00:00,6.24,Run,WC-ASSY
LT-000285,WO-70031,30,E017,2026-02-16T08:45:00,6.24,Run,WC-ASSY
LT-000286,WO-70031,30,E046,2026-02-20T11:30:00,3.12,Run,WC-ASSY
LT-000287,WO-70031,40,E027,2026-02-16T08:00:00,4.01,Run,WC-DEBUR
LT-000288,WO-70031,40,E033,2026-02-24T12:00:00,4.01,Setup,WC-DEBUR
LT-000289,WO-70031,50,E038,2026-02-20T10:00:00,2.7,Run,WC-INSP
LT-000290,WO-70031,60,E025,2026-02-23T06:00:00,1.47,Setup,WC-PACK
LT-000291,WO-70031,60,E012,2026-02-17T14:15:00,2.2,Setup,WC-PACK
LT-000292,WO-70031,60,E039,2026-02-26T06:15:00,4.41,Setup,WC-PACK
LT-000293,WO-70032,10,E010,2025-10-10T08:45:00,11.94,Run,WC-CNC1
LT-000294,WO-70032,10,E032,2025-10-10T10:15:00,7.96,Setup,WC-CNC1
LT-000295,WO-70032,10,E050,2025-10-05T07:15:00,23.89,Run,WC-CNC1
LT-000296,WO-70032,20,E036,2025-10-05T12:45:00,29.46,Run,WC-ASSY
LT-000297,WO-70032,20,E038,2025-10-11T06:15:00,29.46,Setup,WC-ASSY
LT-000298,WO-70032,20,E036,2025-10-02T13:45:00,19.64,Run,WC-ASSY
LT-000299,WO-70032,30,E029,2025-10-04T06:15:00,22.53,Run,WC-INSP
LT-000300,WO-70032,30,E023,2025-10-04T11:15:00,45.06,Run,WC-INSP
LT-000301,WO-70032,30,E017,2025-10-02T11:15:00,15.02,Setup,WC-INSP
LT-000302,WO-70032,40,E049,2025-10-03T11:15:00,48.58,Setup,WC-PACK
LT-000303,WO-70033,10,E034,2025-04-12T09:00:00,6.15,Setup,WC-CNC2
LT-000304,WO-70033,10,E009,2025-04-16T10:15:00,4.1,Run,WC-CNC2
LT-000305,WO-70033,10,E029,2025-04-06T10:30:00,12.3,Run,WC-CNC2
LT-000306,WO-70033,20,E036,2025-04-09T09:45:00,6.96,Run,WC-ASSY
LT-000307,WO-70033,30,E052,2025-04-07T10:15:00,11.47,Setup,WC-DEBUR
LT-000308,WO-70033,40,E014,2025-04-08T09:00:00,1.89,Setup,WC-CNC1
LT-000309,WO-70033,40,E014,2025-04-09T06:00:00,5.67,Run,WC-CNC1
LT-000310,WO-70033,50,E045,2025-04-10T12:15:00,5.48,Run,WC-INSP
LT-000311,WO-70033,60,E028,2025-04-07T06:15:00,10.9,Run,WC-PACK
LT-000312,WO-70033,60,E011,2025-04-12T10:00:00,5.45,Run,WC-PACK
LT-000313,WO-70034,30,E034,2026-04-01T07:00:00,11.47,Run,WC-DEBUR
LT-000314,WO-70034,30,E027,2026-04-02T11:45:00,22.95,Run,WC-DEBUR
LT-000315,WO-70034,40,E014,2026-03-25T12:00:00,21.11,Run,WC-CNC2
LT-000316,WO-70034,40,E038,2026-03-30T12:00:00,10.55,Setup,WC-CNC2
LT-000317,WO-70034,40,E033,2026-03-31T12:00:00,7.04,Setup,WC-CNC2
LT-000318,WO-70034,60,E024,2026-04-01T10:30:00,2.28,Run,WC-PACK
LT-000319,WO-70034,60,E047,2026-04-01T11:30:00,2.28,Setup,WC-PACK
LT-000320,WO-70035,20,E013,2025-06-30T13:45:00,10.6,Setup,WC-CNC1
LT-000321,WO-70035,30,E024,2025-06-22T12:00:00,26.46,Setup,WC-CNC2
LT-000322,WO-70035,40,E040,2025-06-21T11:45:00,37.89,Run,WC-ASSY
LT-000323,WO-70035,50,E028,2025-06-23T13:30:00,3.4,Run,WC-INSP
LT-000324,WO-70035,50,E020,2025-06-29T11:30:00,10.19,Run,WC-INSP
LT-000325,WO-70035,50,E053,2025-06-30T07:45:00,10.19,Setup,WC-INSP
LT-000326,WO-70036,20,E044,2026-03-28T09:15:00,17.2,Run,WC-DEBUR
LT-000327,WO-70036,20,E042,2026-03-27T12:00:00,17.2,Run,WC-DEBUR
LT-000328,WO-70036,30,E045,2026-04-02T14:15:00,11.17,Run,WC-INSP
LT-000329,WO-70036,30,E028,2026-03-31T09:45:00,3.72,Setup,WC-INSP
LT-000330,WO-70037,10,E023,2026-01-29T14:15:00,8.07,Run,WC-SAW
LT-000331,WO-70037,20,E036,2026-01-29T14:15:00,6.31,Run,WC-CNC2
LT-000332,WO-70037,30,E018,2026-01-29T13:45:00,8.58,Setup,WC-CNC1
LT-000333,WO-70037,30,E037,2026-02-06T06:00:00,17.15,Setup,WC-CNC1
LT-000334,WO-70037,30,E014,2026-02-02T06:00:00,8.58,Run,WC-CNC1
LT-000335,WO-70037,40,E036,2026-02-02T10:15:00,23.45,Run,WC-ASSY
LT-000336,WO-70037,50,E047,2026-02-04T09:15:00,11.3,Run,WC-INSP
LT-000337,WO-70037,60,E046,2026-02-04T10:30:00,6.41,Run,WC-PACK
LT-000338,WO-70037,60,E038,2026-02-05T09:45:00,19.23,Setup,WC-PACK
LT-000339,WO-70038,10,E041,2025-09-19T09:45:00,34.17,Run,WC-DEBUR
LT-000340,WO-70038,10,E049,2025-09-22T14:45:00,22.78,Run,WC-DEBUR
LT-000341,WO-70038,20,E042,2025-09-20T07:00:00,25.1,Run,WC-ASSY
LT-000342,WO-70038,20,E010,2025-09-22T07:00:00,25.1,Setup,WC-ASSY
LT-000343,WO-70038,20,E035,2025-09-26T13:30:00,50.2,Run,WC-ASSY
LT-000344,WO-70038,30,E030,2025-09-23T10:45:00,15.67,Run,WC-SAW
LT-000345,WO-70038,30,E035,2025-09-16T09:45:00,23.51,Run,WC-SAW
LT-000346,WO-70038,40,E041,2025-09-26T06:15:00,10.96,Setup,WC-CNC1
LT-000347,WO-70038,40,E046,2025-09-17T10:45:00,10.96,Run,WC-CNC1
LT-000348,WO-70038,40,E023,2025-09-18T10:45:00,32.87,Run,WC-CNC1
LT-000349,WO-70038,50,E014,2025-09-21T06:00:00,6.82,Run,WC-INSP
LT-000350,WO-70038,50,E032,2025-09-24T08:15:00,4.54,Setup,WC-INSP
LT-000351,WO-70038,60,E043,2025-09-20T07:15:00,1.75,Run,WC-PACK
LT-000352,WO-70039,10,E025,2025-11-14T08:15:00,46.04,Run,WC-DEBUR
LT-000353,WO-70039,10,E053,2025-11-13T12:00:00,46.04,Setup,WC-DEBUR
LT-000354,WO-70039,10,E044,2025-11-16T10:45:00,46.04,Run,WC-DEBUR
LT-000355,WO-70039,20,E009,2025-11-14T06:00:00,25.77,Run,WC-CNC2
LT-000356,WO-70039,20,E040,2025-11-23T07:30:00,17.18,Setup,WC-CNC2
LT-000357,WO-70039,20,E052,2025-11-15T07:00:00,25.77,Run,WC-CNC2
LT-000358,WO-70039,30,E018,2025-11-17T08:30:00,94.06,Run,WC-INSP
LT-000359,WO-70039,30,E095,2025-11-22T13:00:00,31.36,Setup,WC-INSP
LT-000360,WO-70039,30,E054,2025-11-16T11:30:00,94.06,Setup,WC-INSP
LT-000361,WO-70039,40,E026,2025-11-15T12:00:00,157.76,Run,WC-PACK
LT-000362,WO-70039,40,E049,2025-11-14T09:45:00,157.76,Run,WC-PACK
LT-000363,WO-70040,10,E043,2025-08-30T10:45:00,5.22,Setup,WC-ASSY
LT-000364,WO-70040,10,E035,2025-08-25T12:00:00,5.22,Run,WC-ASSY
LT-000365,WO-70040,10,E032,2025-08-27T11:00:00,5.22,Run,WC-ASSY
LT-000366,WO-70040,20,E028,2025-08-28T14:45:00,5.62,Run,WC-SAW
LT-000367,WO-70040,20,E094,2025-09-02T10:15:00,8.42,Run,WC-SAW
LT-000368,WO-70040,20,E011,2025-08-27T13:15:00,8.42,Run,WC-SAW
LT-000369,WO-70040,30,E044,2025-08-26T12:45:00,5.41,Run,WC-CNC2
LT-000370,WO-70040,30,E030,2025-09-03T14:30:00,5.41,Run,WC-CNC2
LT-000371,WO-70040,30,E012,2025-09-02T10:15:00,16.23,Setup,WC-CNC2
LT-000372,WO-70040,40,E023,2025-08-27T10:45:00,8.15,Setup,WC-DEBUR
LT-000373,WO-70040,40,E048,2025-08-29T14:15:00,5.43,Run,WC-DEBUR
LT-000374,WO-70040,50,E014,2025-08-28T06:00:00,2.51,Run,WC-INSP
LT-000375,WO-70040,50,E028,2025-09-01T14:15:00,3.76,Run,WC-INSP
LT-000376,WO-70040,50,E037,2025-08-25T10:30:00,2.51,Run,WC-INSP
LT-000377,WO-70040,60,E033,2025-08-27T10:45:00,13.82,Run,WC-PACK
LT-000378,WO-70040,60,E094,2025-08-28T14:00:00,13.82,Run,WC-PACK
LT-000379,WO-70041,10,E011,2026-03-06T10:15:00,21.69,Setup,WC-SAW
LT-000380,WO-70041,10,E030,2026-02-27T10:30:00,7.23,Run,WC-SAW
LT-000381,WO-70041,10,E044,2026-03-03T07:15:00,10.85,Run,WC-SAW
LT-000382,WO-70041,20,E053,2026-03-05T07:00:00,15.1,Run,WC-CNC2
LT-000383,WO-70041,20,E033,2026-02-26T06:15:00,15.1,Run,WC-CNC2
LT-000384,WO-70041,20,E028,2026-02-27T07:30:00,45.29,Setup,WC-CNC2
LT-000385,WO-70041,30,E045,2026-03-01T07:00:00,6.65,Run,WC-INSP
LT-000386,WO-70041,40,E035,2026-03-05T11:30:00,24.32,Run,WC-PACK
LT-000387,WO-70041,40,E051,2026-03-01T06:30:00,36.47,Run,WC-PACK
LT-000388,WO-70042,10,E045,2025-11-12T07:00:00,15.26,Setup,WC-CNC1
LT-000389,WO-70042,20,E025,2025-11-07T06:00:00,19.38,Run,WC-ASSY
LT-000390,WO-70042,30,E024,2025-11-12T09:15:00,20.7,Setup,WC-INSP
LT-000391,WO-70042,30,E052,2025-11-07T09:30:00,20.7,Run,WC-INSP
LT-000392,WO-70042,30,E046,2025-11-12T13:30:00,20.7,Run,WC-INSP
LT-000393,WO-70042,40,E014,2025-11-11T14:45:00,31.9,Run,WC-PACK
LT-000394,WO-70043,30,E017,2026-03-21T07:15:00,16.59,Run,WC-ASSY
LT-000395,WO-70043,40,E044,2026-03-22T10:30:00,10.77,Setup,WC-SAW
LT-000396,WO-70043,60,E042,2026-03-26T12:15:00,56.85,Run,WC-PACK
LT-000397,WO-70044,10,E047,2025-10-28T10:45:00,3.12,Run,WC-ASSY
LT-000398,WO-70044,10,E028,2025-10-29T09:30:00,3.12,Setup,WC-ASSY
LT-000399,WO-70044,10,E036,2025-10-29T12:00:00,2.08,Setup,WC-ASSY
LT-000400,WO-70044,20,E037,2025-10-28T07:15:00,1.31,Run,WC-SAW
LT-000401,WO-70044,20,E038,2025-10-29T06:45:00,0.88,Setup,WC-SAW
LT-000402,WO-70044,20,E095,2025-10-27T06:30:00,2.63,Run,WC-SAW
LT-000403,WO-70044,30,E009,2025-10-19T14:30:00,5.49,Run,WC-INSP
LT-000404,WO-70044,30,E021,2025-10-24T11:15:00,1.83,Run,WC-INSP
LT-000405,WO-70044,30,E042,2025-10-26T08:45:00,1.83,Run,WC-INSP
LT-000406,WO-70044,40,E013,2025-10-29T06:15:00,1.27,Run,WC-PACK
LT-000407,WO-70045,10,E043,2026-02-02T10:30:00,20.91,Setup,WC-SAW
LT-000408,WO-70045,10,E044,2026-01-30T10:45:00,13.94,Setup,WC-SAW
LT-000409,WO-70045,10,E094,2026-02-04T14:15:00,20.91,Run,WC-SAW
LT-000410,WO-70045,20,E026,2026-01-28T09:30:00,7.67,Run,WC-CNC1
LT-000411,WO-70045,20,E044,2026-02-03T10:00:00,23.01,Run,WC-CNC1
LT-000412,WO-70045,30,E019,2026-01-27T11:45:00,23.16,Run,WC-INSP
LT-000413,WO-70045,40,E026,2026-02-04T11:30:00,20.12,Run,WC-PACK
LT-000414,WO-70046,20,E031,2026-03-12T11:00:00,16.62,Setup,WC-DEBUR
LT-000415,WO-70046,20,E053,2026-03-05T12:15:00,16.62,Run,WC-DEBUR
LT-000416,WO-70046,20,E021,2026-03-10T07:00:00,16.62,Run,WC-DEBUR
LT-000417,WO-70046,40,E043,2026-03-12T13:00:00,11.19,Run,WC-SAW
LT-000418,WO-70046,50,E054,2026-03-09T08:00:00,66.8,Setup,WC-INSP
LT-000419,WO-70046,50,E054,2026-03-13T11:00:00,66.8,Setup,WC-INSP
LT-000420,WO-70046,50,E044,2026-03-15T09:30:00,44.53,Run,WC-INSP
LT-000421,WO-70047,10,E010,2025-09-22T13:00:00,2.88,Run,WC-CNC1
LT-000422,WO-70047,10,E030,2025-09-13T10:00:00,1.92,Setup,WC-CNC1
LT-000423,WO-70047,20,E047,2025-09-19T13:15:00,4.27,Setup,WC-ASSY
LT-000424,WO-70047,20,E044,2025-09-12T14:15:00,4.27,Run,WC-ASSY
LT-000425,WO-70047,30,E050,2025-09-19T10:30:00,28.46,Setup,WC-INSP
LT-000426,WO-70047,30,E021,2025-09-15T12:00:00,14.23,Run,WC-INSP
LT-000427,WO-70047,40,E027,2025-09-12T13:00:00,5.61,Setup,WC-PACK
LT-000428,WO-70047,40,E033,2025-09-22T06:00:00,2.81,Run,WC-PACK
LT-000429,WO-70048,10,E035,2025-12-25T10:45:00,11.42,Run,WC-SAW
LT-000430,WO-70048,20,E024,2025-12-30T08:45:00,9.69,Run,WC-CNC2
LT-000431,WO-70048,30,E095,2025-12-29T08:15:00,4.85,Run,WC-CNC1
LT-000432,WO-70048,30,E049,2025-12-25T09:45:00,3.23,Run,WC-CNC1
LT-000433,WO-70048,40,E014,2025-12-31T11:30:00,6.51,Run,WC-ASSY
LT-000434,WO-70048,50,E018,2025-12-26T08:30:00,32.43,Run,WC-INSP
LT-000435,WO-70048,60,E043,2025-12-31T11:45:00,8.08,Run,WC-PACK
LT-000436,WO-70048,60,E011,2025-12-31T12:15:00,12.12,Run,WC-PACK
LT-000437,WO-70048,60,E048,2025-12-26T06:30:00,8.08,Run,WC-PACK
LT-000438,WO-70049,40,E019,2026-03-07T07:45:00,33.44,Run,WC-PACK
LT-000439,WO-70050,10,E039,2025-12-01T12:30:00,3.15,Run,WC-ASSY
LT-000440,WO-70050,10,E042,2025-12-03T07:30:00,3.15,Run,WC-ASSY
LT-000441,WO-70050,20,E054,2025-12-03T11:00:00,2.98,Setup,WC-SAW
LT-000442,WO-70050,30,E024,2025-12-06T09:45:00,1.06,Run,WC-DEBUR
LT-000443,WO-70050,30,E026,2025-12-04T10:30:00,3.18,Setup,WC-DEBUR
LT-000444,WO-70050,40,E011,2025-11-27T08:45:00,1.57,Run,WC-INSP
LT-000445,WO-70050,40,E021,2025-12-04T07:30:00,1.57,Run,WC-INSP
LT-000446,WO-70050,50,E022,2025-12-04T14:00:00,5.71,Run,WC-PACK
LT-000447,WO-70050,50,E051,2025-12-02T08:30:00,2.85,Setup,WC-PACK
LT-000448,WO-70051,10,E029,2025-11-17T10:15:00,3.36,Run,WC-DEBUR
LT-000449,WO-70051,20,E094,2025-11-22T10:30:00,2.54,Setup,WC-ASSY
LT-000450,WO-70051,20,E041,2025-11-20T14:45:00,3.8,Setup,WC-ASSY
LT-000451,WO-70051,30,E049,2025-11-22T11:15:00,1.71,Run,WC-SAW
LT-000452,WO-70051,30,E033,2025-11-18T09:45:00,3.41,Setup,WC-SAW
LT-000453,WO-70051,30,E053,2025-11-16T13:30:00,1.71,Run,WC-SAW
LT-000454,WO-70051,40,E048,2025-11-22T06:15:00,10.21,Run,WC-CNC2
LT-000455,WO-70051,40,E042,2025-11-23T14:30:00,10.21,Setup,WC-CNC2
LT-000456,WO-70051,50,E033,2025-11-19T09:45:00,4.86,Run,WC-INSP
LT-000457,WO-70051,50,E023,2025-11-21T06:45:00,4.86,Run,WC-INSP
LT-000458,WO-70051,60,E044,2025-11-21T08:30:00,8.84,Run,WC-PACK
LT-000459,WO-70051,60,E052,2025-11-24T14:15:00,8.84,Setup,WC-PACK
LT-000460,WO-70051,60,E046,2025-11-18T09:15:00,8.84,Run,WC-PACK
LT-000461,WO-70052,10,E053,2025-06-02T08:30:00,10.61,Run,WC-SAW
LT-000462,WO-70052,20,E039,2025-06-03T14:00:00,5.3,Run,WC-DEBUR
LT-000463,WO-70052,30,E010,2025-06-05T07:30:00,5.34,Setup,WC-ASSY
LT-000464,WO-70052,30,E023,2025-06-11T09:00:00,10.68,Run,WC-ASSY
LT-000465,WO-70052,30,E012,2025-06-09T14:00:00,3.56,Run,WC-ASSY
LT-000466,WO-70052,40,E049,2025-06-11T11:00:00,6.51,Run,WC-INSP
LT-000467,WO-70052,40,E095,2025-06-02T06:00:00,2.17,Run,WC-INSP
LT-000468,WO-70052,40,E019,2025-06-12T12:15:00,6.51,Run,WC-INSP
LT-000469,WO-70052,50,E033,2025-06-03T07:30:00,4.21,Setup,WC-PACK
LT-000470,WO-70053,10,E048,2025-09-02T10:15:00,3.59,Run,WC-SAW
LT-000471,WO-70053,20,E044,2025-08-28T09:15:00,8.23,Run,WC-CNC2
LT-000472,WO-70053,20,E047,2025-09-05T06:00:00,8.23,Run,WC-CNC2
LT-000473,WO-70053,20,E039,2025-09-03T09:30:00,8.23,Setup,WC-CNC2
LT-000474,WO-70053,30,E025,2025-08-28T11:15:00,8.58,Setup,WC-CNC1
LT-000475,WO-70053,30,E031,2025-09-03T09:15:00,8.58,Run,WC-CNC1
LT-000476,WO-70053,30,E023,2025-08-30T11:15:00,12.88,Run,WC-CNC1
LT-000477,WO-70053,40,E094,2025-09-03T11:30:00,9.92,Setup,WC-ASSY
LT-000478,WO-70053,50,E030,2025-08-30T12:15:00,19.53,Run,WC-INSP
LT-000479,WO-70053,50,E036,2025-09-06T12:00:00,13.02,Setup,WC-INSP
LT-000480,WO-70053,60,E047,2025-08-30T11:45:00,10.84,Setup,WC-PACK
LT-000481,WO-70053,60,E047,2025-09-02T12:00:00,3.61,Setup,WC-PACK
LT-000482,WO-70054,10,E051,2026-03-20T12:45:00,36.48,Run,WC-CNC2
LT-000483,WO-70054,10,E039,2026-03-20T11:30:00,24.32,Run,WC-CNC2
LT-000484,WO-70054,10,E013,2026-03-19T14:45:00,24.32,Run,WC-CNC2
LT-000485,WO-70054,20,E014,2026-03-19T13:15:00,19.79,Run,WC-CNC1
LT-000486,WO-70054,30,E036,2026-03-21T13:30:00,5.65,Run,WC-ASSY
LT-000487,WO-70054,30,E049,2026-03-21T11:45:00,8.47,Run,WC-ASSY
LT-000488,WO-70054,30,E013,2026-03-19T14:45:00,16.94,Run,WC-ASSY
LT-000489,WO-70054,40,E010,2026-03-15T06:45:00,5.92,Run,WC-INSP
LT-000490,WO-70054,40,E047,2026-03-19T09:15:00,8.88,Setup,WC-INSP
LT-000491,WO-70054,40,E011,2026-03-22T11:00:00,8.88,Run,WC-INSP
LT-000492,WO-70054,50,E046,2026-03-19T06:15:00,23.02,Setup,WC-PACK
LT-000493,WO-70054,50,E009,2026-03-18T12:45:00,34.53,Setup,WC-PACK
LT-000494,WO-70055,10,E019,2026-01-07T11:30:00,4.74,Run,WC-ASSY
LT-000495,WO-70055,20,E017,2026-01-09T10:30:00,0.85,Run,WC-SAW
LT-000496,WO-70055,20,E010,2026-01-01T09:30:00,1.28,Run,WC-SAW
LT-000497,WO-70055,30,E023,2025-12-31T09:45:00,3.56,Run,WC-INSP
LT-000498,WO-70055,30,E040,2026-01-01T12:30:00,3.56,Setup,WC-INSP
LT-000499,WO-70055,40,E043,2026-01-01T14:45:00,5.44,Setup,WC-PACK
LT-000500,WO-70055,40,E034,2026-01-01T10:45:00,2.72,Setup,WC-PACK
LT-000501,WO-70056,10,E051,2025-10-25T08:45:00,6.97,Setup,WC-ASSY
LT-000502,WO-70056,10,E039,2025-10-24T13:15:00,10.46,Setup,WC-ASSY
LT-000503,WO-70056,10,E018,2025-10-24T07:15:00,10.46,Setup,WC-ASSY
LT-000504,WO-70056,20,E042,2025-10-24T11:30:00,22.05,Run,WC-SAW
LT-000505,WO-70056,20,E037,2025-10-28T10:45:00,22.05,Run,WC-SAW
LT-000506,WO-70056,20,E045,2025-10-24T10:00:00,14.7,Run,WC-SAW
LT-000507,WO-70056,30,E050,2025-10-26T12:00:00,16.61,Run,WC-CNC2
LT-000508,WO-70056,30,E095,2025-10-22T09:00:00,24.92,Run,WC-CNC2
LT-000509,WO-70056,40,E037,2025-10-27T09:45:00,26.6,Setup,WC-DEBUR
LT-000510,WO-70056,40,E022,2025-10-28T13:30:00,17.73,Run,WC-DEBUR
LT-000511,WO-70056,50,E017,2025-10-22T11:30:00,10.43,Setup,WC-INSP
LT-000512,WO-70056,50,E016,2025-10-23T14:15:00,6.96,Run,WC-INSP
LT-000513,WO-70056,60,E020,2025-10-25T11:15:00,71.04,Run,WC-PACK
LT-000514,WO-70056,60,E040,2025-10-30T14:30:00,23.68,Run,WC-PACK
LT-000515,WO-70056,60,E044,2025-10-25T06:45:00,71.04,Run,WC-PACK
LT-000516,WO-70057,10,E037,2026-02-03T10:15:00,9.69,Setup,WC-ASSY
LT-000517,WO-70057,20,E010,2026-02-03T08:15:00,11.07,Setup,WC-CNC1
LT-000518,WO-70057,30,E094,2026-02-05T10:00:00,9.67,Setup,WC-INSP
LT-000519,WO-70057,40,E050,2026-02-09T12:45:00,60.39,Run,WC-PACK
LT-000520,WO-70057,40,E045,2026-02-13T14:30:00,60.39,Setup,WC-PACK
LT-000521,WO-70057,40,E040,2026-02-10T13:45:00,20.13,Run,WC-PACK
LT-000522,WO-70058,10,E051,2025-09-03T06:15:00,6.5,Run,WC-SAW
LT-000523,WO-70058,10,E014,2025-09-05T07:15:00,9.75,Run,WC-SAW
LT-000524,WO-70058,10,E024,2025-09-09T14:15:00,6.5,Setup,WC-SAW
LT-000525,WO-70058,20,E049,2025-09-09T14:30:00,27.82,Setup,WC-CNC1
LT-000526,WO-70058,20,E041,2025-09-06T08:45:00,27.82,Run,WC-CNC1
LT-000527,WO-70058,20,E053,2025-09-09T08:15:00,55.64,Run,WC-CNC1
LT-000528,WO-70058,30,E038,2025-09-09T10:45:00,6.08,Setup,WC-INSP
LT-000529,WO-70058,40,E011,2025-09-07T06:30:00,39.48,Run,WC-PACK
LT-000530,WO-70058,40,E011,2025-09-06T09:30:00,13.16,Run,WC-PACK
LT-000531,WO-70059,10,E020,2025-05-11T11:30:00,20.1,Setup,WC-CNC2
LT-000532,WO-70059,20,E033,2025-05-16T11:15:00,10.66,Setup,WC-DEBUR
LT-000533,WO-70059,30,E046,2025-05-18T10:15:00,1.61,Run,WC-INSP
LT-000534,WO-70059,30,E013,2025-05-16T11:30:00,2.42,Run,WC-INSP
LT-000535,WO-70059,30,E018,2025-05-14T12:00:00,4.84,Run,WC-INSP
LT-000536,WO-70059,40,E025,2025-05-18T06:45:00,10.87,Setup,WC-PACK
LT-000537,WO-70059,40,E031,2025-05-11T10:00:00,5.44,Run,WC-PACK
LT-000538,WO-70060,60,E010,2025-04-28T11:30:00,12.3,Setup,WC-PACK
LT-000539,WO-70061,10,E009,2025-04-06T09:30:00,48.04,Run,WC-ASSY
LT-000540,WO-70061,20,E044,2025-04-02T13:00:00,88.46,Setup,WC-SAW
LT-000541,WO-70061,30,E049,2025-04-03T06:30:00,38.92,Setup,WC-CNC2
LT-000542,WO-70061,40,E095,2025-04-09T09:15:00,96.66,Run,WC-DEBUR
LT-000543,WO-70061,50,E009,2025-04-01T10:30:00,16.62,Setup,WC-INSP
LT-000544,WO-70061,60,E031,2025-04-09T13:30:00,118.23,Run,WC-PACK
LT-000545,WO-70062,30,E052,2026-03-07T07:45:00,6.05,Setup,WC-INSP
LT-000546,WO-70062,30,E054,2026-03-11T11:00:00,4.03,Run,WC-INSP
LT-000547,WO-70062,40,E017,2026-03-11T08:15:00,14.19,Setup,WC-PACK
LT-000548,WO-70063,10,E046,2025-07-15T14:30:00,30.88,Run,WC-DEBUR
LT-000549,WO-70063,10,E048,2025-07-20T08:15:00,30.88,Run,WC-DEBUR
LT-000550,WO-70063,10,E012,2025-07-24T09:45:00,20.58,Run,WC-DEBUR
LT-000551,WO-70063,20,E021,2025-07-15T10:00:00,27.33,Run,WC-SAW
LT-000552,WO-70063,30,E046,2025-07-18T09:45:00,77.51,Run,WC-INSP
LT-000553,WO-70063,40,E053,2025-07-18T12:00:00,27.37,Run,WC-PACK
LT-000554,WO-70063,40,E038,2025-07-23T11:30:00,27.37,Setup,WC-PACK
LT-000555,WO-70064,10,E094,2025-12-04T07:45:00,6.81,Setup,WC-CNC2
LT-000556,WO-70064,10,E034,2025-11-28T08:00:00,20.44,Run,WC-CNC2
LT-000557,WO-70064,10,E050,2025-12-06T12:00:00,10.22,Setup,WC-CNC2
LT-000558,WO-70064,20,E041,2025-12-02T06:15:00,1.73,Setup,WC-CNC1
LT-000559,WO-70064,20,E009,2025-12-08T06:15:00,1.73,Setup,WC-CNC1
LT-000560,WO-70064,20,E015,2025-12-02T08:30:00,1.73,Setup,WC-CNC1
LT-000561,WO-70064,30,E049,2025-11-30T10:00:00,2.7,Run,WC-ASSY
LT-000562,WO-70064,30,E031,2025-12-08T07:45:00,2.7,Run,WC-ASSY
LT-000563,WO-70064,30,E032,2025-12-04T11:45:00,5.41,Setup,WC-ASSY
LT-000564,WO-70064,40,E041,2025-12-07T10:00:00,5.5,Run,WC-INSP
LT-000565,WO-70064,50,E022,2025-11-29T12:30:00,14.17,Setup,WC-PACK
LT-000566,WO-70065,10,E045,2026-01-30T06:30:00,1.54,Setup,WC-CNC2
LT-000567,WO-70065,10,E030,2026-01-28T06:15:00,3.07,Setup,WC-CNC2
LT-000568,WO-70065,10,E035,2026-01-31T08:45:00,1.02,Run,WC-CNC2
LT-000569,WO-70065,20,E013,2026-01-29T14:30:00,22.52,Run,WC-DEBUR
LT-000570,WO-70065,20,E039,2026-01-28T06:15:00,7.51,Run,WC-DEBUR
LT-000571,WO-70065,30,E026,2026-02-04T07:30:00,5.87,Run,WC-INSP
LT-000572,WO-70065,30,E052,2026-02-02T12:00:00,5.87,Run,WC-INSP
LT-000573,WO-70065,40,E054,2026-02-04T07:15:00,1.8,Run,WC-PACK
LT-000574,WO-70065,40,E048,2026-02-02T08:15:00,0.9,Run,WC-PACK
LT-000575,WO-70066,10,E030,2025-12-28T12:00:00,55.02,Run,WC-CNC1
LT-000576,WO-70066,10,E046,2025-12-26T06:15:00,18.34,Run,WC-CNC1
LT-000577,WO-70066,10,E049,2025-12-27T13:30:00,27.51,Run,WC-CNC1
LT-000578,WO-70066,20,E029,2025-12-18T09:30:00,5.71,Setup,WC-CNC2
LT-000579,WO-70066,20,E095,2025-12-27T13:15:00,11.41,Setup,WC-CNC2
LT-000580,WO-70066,20,E042,2025-12-27T06:15:00,5.71,Setup,WC-CNC2
LT-000581,WO-70066,30,E018,2025-12-25T09:45:00,2.82,Setup,WC-ASSY
LT-000582,WO-70066,40,E010,2025-12-27T12:15:00,35.43,Run,WC-SAW
LT-000583,WO-70066,40,E095,2025-12-21T10:00:00,35.43,Run,WC-SAW
LT-000584,WO-70066,40,E033,2025-12-22T12:30:00,53.15,Run,WC-SAW
LT-000585,WO-70066,50,E025,2025-12-23T09:00:00,15.87,Setup,WC-INSP
LT-000586,WO-70066,50,E025,2025-12-27T07:45:00,23.81,Setup,WC-INSP
LT-000587,WO-70066,60,E038,2025-12-19T08:15:00,23.42,Setup,WC-PACK
LT-000588,WO-70066,60,E016,2025-12-18T08:45:00,35.13,Run,WC-PACK
LT-000589,WO-70066,60,E094,2025-12-20T08:45:00,70.26,Setup,WC-PACK
LT-000590,WO-70067,10,E026,2025-08-31T10:30:00,5.91,Run,WC-SAW
LT-000591,WO-70067,10,E033,2025-09-01T08:45:00,2.96,Setup,WC-SAW
LT-000592,WO-70067,10,E040,2025-08-30T08:45:00,1.97,Run,WC-SAW
LT-000593,WO-70067,20,E014,2025-09-06T11:45:00,7.21,Run,WC-DEBUR
LT-000594,WO-70067,20,E034,2025-09-06T13:30:00,3.6,Run,WC-DEBUR
LT-000595,WO-70067,30,E050,2025-08-29T13:00:00,2.83,Run,WC-ASSY
LT-000596,WO-70067,40,E029,2025-09-05T14:45:00,1.18,Setup,WC-INSP
LT-000597,WO-70067,40,E037,2025-09-04T13:00:00,1.18,Run,WC-INSP
LT-000598,WO-70067,40,E049,2025-09-05T12:30:00,1.18,Run,WC-INSP
LT-000599,WO-70067,50,E048,2025-09-07T14:45:00,3.84,Run,WC-PACK
LT-000600,WO-70067,50,E013,2025-09-01T08:15:00,2.56,Run,WC-PACK
LT-000601,WO-70067,50,E025,2025-09-02T08:00:00,2.56,Run,WC-PACK
LT-000602,WO-70068,30,E052,2026-03-26T06:30:00,19.37,Setup,WC-DEBUR
LT-000603,WO-70068,30,E025,2026-03-26T14:00:00,38.74,Setup,WC-DEBUR
LT-000604,WO-70068,30,E011,2026-03-29T07:30:00,12.91,Setup,WC-DEBUR
LT-000605,WO-70068,60,E044,2026-03-26T10:30:00,1.88,Run,WC-PACK
LT-000606,WO-70069,10,E044,2025-07-25T12:30:00,55.84,Run,WC-DEBUR
LT-000607,WO-70069,20,E016,2025-07-23T11:00:00,33.28,Run,WC-CNC2
LT-000608,WO-70069,20,E025,2025-07-17T06:30:00,16.64,Setup,WC-CNC2
LT-000609,WO-70069,30,E013,2025-07-21T07:30:00,53.71,Run,WC-INSP
LT-000610,WO-70069,40,E015,2025-07-27T13:30:00,31.79,Setup,WC-PACK
LT-000611,WO-70070,10,E026,2026-03-23T14:30:00,25.02,Setup,WC-CNC1
LT-000612,WO-70070,10,E047,2026-03-20T08:00:00,12.51,Run,WC-CNC1
LT-000613,WO-70070,20,E026,2026-03-21T09:00:00,6.0,Run,WC-CNC2
LT-000614,WO-70070,20,E035,2026-03-14T13:45:00,6.0,Setup,WC-CNC2
LT-000615,WO-70070,30,E025,2026-03-14T07:15:00,1.95,Run,WC-ASSY
LT-000616,WO-70070,40,E048,2026-03-14T07:00:00,16.16,Run,WC-SAW
LT-000617,WO-70070,40,E032,2026-03-19T10:00:00,16.16,Run,WC-SAW
LT-000618,WO-70070,40,E012,2026-03-23T11:45:00,48.48,Run,WC-SAW
LT-000619,WO-70070,50,E026,2026-03-17T06:15:00,14.12,Run,WC-INSP
LT-000620,WO-70070,60,E046,2026-03-20T06:00:00,10.26,Setup,WC-PACK
LT-000621,WO-70071,10,E031,2025-12-24T10:45:00,6.7,Run,WC-CNC1
LT-000622,WO-70071,10,E037,2025-12-20T07:15:00,6.7,Run,WC-CNC1
LT-000623,WO-70071,20,E048,2025-12-19T11:30:00,7.24,Run,WC-ASSY
LT-000624,WO-70071,30,E019,2025-12-18T09:45:00,6.24,Run,WC-INSP
LT-000625,WO-70071,40,E009,2025-12-18T08:15:00,5.96,Run,WC-PACK
LT-000626,WO-70072,10,E011,2025-07-09T10:15:00,16.97,Setup,WC-SAW
LT-000627,WO-70072,10,E009,2025-07-14T12:45:00,25.45,Run,WC-SAW
LT-000628,WO-70072,20,E023,2025-07-11T09:00:00,69.47,Setup,WC-CNC2
LT-000629,WO-70072,30,E019,2025-07-12T11:00:00,17.45,Setup,WC-CNC1
LT-000630,WO-70072,30,E048,2025-07-15T06:15:00,17.45,Run,WC-CNC1
LT-000631,WO-70072,40,E015,2025-07-12T12:00:00,7.83,Setup,WC-ASSY
LT-000632,WO-70072,40,E023,2025-07-09T08:45:00,7.83,Run,WC-ASSY
LT-000633,WO-70072,50,E020,2025-07-09T07:15:00,34.66,Setup,WC-INSP
LT-000634,WO-70072,50,E040,2025-07-08T13:45:00,69.31,Setup,WC-INSP
LT-000635,WO-70072,50,E032,2025-07-17T09:00:00,34.66,Setup,WC-INSP
LT-000636,WO-70072,60,E018,2025-07-11T12:00:00,18.59,Setup,WC-PACK
LT-000637,WO-70073,30,E018,2026-03-30T12:15:00,3.44,Run,WC-INSP
LT-000638,WO-70073,30,E039,2026-03-26T10:45:00,2.29,Run,WC-INSP
LT-000639,WO-70074,10,E037,2025-06-01T10:30:00,2.16,Run,WC-CNC2
LT-000640,WO-70074,20,E040,2025-05-25T08:15:00,4.29,Run,WC-DEBUR
LT-000641,WO-70074,20,E047,2025-06-01T14:15:00,1.43,Setup,WC-DEBUR
LT-000642,WO-70074,30,E044,2025-05-25T08:15:00,1.67,Run,WC-INSP
LT-000643,WO-70074,30,E030,2025-05-23T06:45:00,0.56,Run,WC-INSP
LT-000644,WO-70074,30,E053,2025-06-02T12:45:00,1.67,Setup,WC-INSP
LT-000645,WO-70074,40,E034,2025-05-24T08:30:00,0.98,Setup,WC-PACK
LT-000646,WO-70075,10,E009,2025-09-02T09:45:00,29.96,Run,WC-SAW
LT-000647,WO-70075,20,E047,2025-08-28T14:00:00,5.49,Run,WC-CNC2
LT-000648,WO-70075,30,E029,2025-08-26T07:00:00,11.47,Run,WC-INSP
LT-000649,WO-70075,30,E042,2025-08-26T09:00:00,34.41,Run,WC-INSP
LT-000650,WO-70075,30,E046,2025-08-31T06:15:00,11.47,Run,WC-INSP
LT-000651,WO-70075,40,E050,2025-09-02T10:30:00,42.66,Run,WC-PACK
LT-000652,WO-70075,40,E041,2025-08-29T07:45:00,42.66,Run,WC-PACK
LT-000653,WO-70075,40,E037,2025-08-26T09:15:00,127.97,Run,WC-PACK
LT-000654,WO-70076,10,E015,2025-07-29T09:30:00,30.19,Setup,WC-SAW
LT-000655,WO-70076,20,E016,2025-08-01T13:00:00,2.01,Run,WC-CNC2
LT-000656,WO-70076,30,E031,2025-08-06T14:30:00,16.74,Run,WC-INSP
LT-000657,WO-70076,30,E041,2025-08-05T13:30:00,16.74,Setup,WC-INSP
LT-000658,WO-70076,30,E019,2025-07-30T08:45:00,8.37,Run,WC-INSP
LT-000659,WO-70076,40,E047,2025-08-05T09:15:00,67.68,Run,WC-PACK
LT-000660,WO-70077,10,E025,2025-05-18T14:00:00,1.15,Run,WC-CNC1
LT-000661,WO-70077,10,E043,2025-05-16T07:00:00,2.31,Run,WC-CNC1
LT-000662,WO-70077,10,E040,2025-05-13T09:45:00,0.77,Setup,WC-CNC1
LT-000663,WO-70077,20,E036,2025-05-17T08:15:00,4.63,Run,WC-ASSY
LT-000664,WO-70077,20,E045,2025-05-14T11:00:00,2.31,Run,WC-ASSY
LT-000665,WO-70077,30,E028,2025-05-22T09:00:00,2.05,Setup,WC-INSP
LT-000666,WO-70077,40,E020,2025-05-21T08:15:00,3.03,Setup,WC-PACK
LT-000667,WO-70077,40,E051,2025-05-16T07:45:00,2.02,Setup,WC-PACK
LT-000668,WO-70077,40,E030,2025-05-16T10:15:00,6.06,Setup,WC-PACK
LT-000669,WO-70078,10,E015,2025-09-20T07:00:00,7.38,Setup,WC-DEBUR
LT-000670,WO-70078,10,E025,2025-09-16T13:30:00,3.69,Run,WC-DEBUR
LT-000671,WO-70078,20,E025,2025-09-15T14:15:00,1.43,Run,WC-CNC2
LT-000672,WO-70078,20,E032,2025-09-21T12:15:00,2.14,Run,WC-CNC2
LT-000673,WO-70078,30,E018,2025-09-20T10:00:00,2.48,Run,WC-INSP
LT-000674,WO-70078,30,E022,2025-09-22T06:45:00,1.66,Run,WC-INSP
LT-000675,WO-70078,30,E037,2025-09-15T06:45:00,4.96,Run,WC-INSP
LT-000676,WO-70078,40,E018,2025-09-16T06:45:00,7.41,Setup,WC-PACK
LT-000677,WO-70078,40,E023,2025-09-24T11:00:00,3.71,Run,WC-PACK
LT-000678,WO-70079,10,E028,2025-12-11T12:45:00,1.02,Setup,WC-SAW
LT-000679,WO-70079,20,E048,2025-12-09T08:30:00,4.39,Run,WC-CNC2
LT-000680,WO-70079,30,E054,2025-12-17T11:00:00,3.11,Run,WC-CNC1
LT-000681,WO-70079,30,E032,2025-12-17T13:45:00,3.11,Run,WC-CNC1
LT-000682,WO-70079,40,E022,2025-12-18T06:00:00,2.3,Run,WC-ASSY
LT-000683,WO-70079,50,E021,2025-12-17T06:15:00,3.54,Setup,WC-INSP
LT-000684,WO-70079,60,E020,2025-12-10T13:15:00,3.95,Run,WC-PACK
LT-000685,WO-70079,60,E039,2025-12-14T06:00:00,3.95,Setup,WC-PACK
LT-000686,WO-70080,10,E019,2026-02-22T11:30:00,9.21,Run,WC-DEBUR
LT-000687,WO-70080,20,E021,2026-03-02T11:15:00,36.85,Setup,WC-CNC1
LT-000688,WO-70080,20,E025,2026-03-01T14:45:00,18.43,Run,WC-CNC1
LT-000689,WO-70080,30,E094,2026-02-24T11:30:00,46.73,Setup,WC-SAW
LT-000690,WO-70080,40,E045,2026-02-22T09:15:00,46.47,Run,WC-ASSY
LT-000691,WO-70080,40,E041,2026-02-22T14:30:00,30.98,Setup,WC-ASSY
LT-000692,WO-70080,40,E037,2026-03-02T12:30:00,92.94,Run,WC-ASSY
LT-000693,WO-70080,50,E043,2026-02-24T12:00:00,45.58,Setup,WC-INSP
LT-000694,WO-70080,60,E017,2026-03-01T13:30:00,30.88,Run,WC-PACK
LT-000695,WO-70080,60,E024,2026-02-23T10:15:00,30.88,Run,WC-PACK
LT-000696,WO-70081,10,E013,2025-05-07T09:45:00,6.4,Run,WC-DEBUR
LT-000697,WO-70081,10,E048,2025-05-11T12:30:00,2.13,Run,WC-DEBUR
LT-000698,WO-70081,10,E022,2025-05-13T12:45:00,2.13,Setup,WC-DEBUR
LT-000699,WO-70081,20,E022,2025-05-14T12:00:00,11.31,Setup,WC-CNC1
LT-000700,WO-70081,30,E016,2025-05-15T12:00:00,7.76,Run,WC-SAW
LT-000701,WO-70081,30,E029,2025-05-07T08:15:00,15.52,Run,WC-SAW
LT-000702,WO-70081,30,E050,2025-05-08T10:30:00,5.17,Setup,WC-SAW
LT-000703,WO-70081,40,E053,2025-05-14T11:15:00,20.62,Run,WC-ASSY
LT-000704,WO-70081,40,E025,2025-05-15T12:30:00,20.62,Setup,WC-ASSY
LT-000705,WO-70081,50,E025,2025-05-08T09:15:00,33.01,Run,WC-INSP
LT-000706,WO-70081,50,E026,2025-05-08T09:00:00,11.0,Run,WC-INSP
LT-000707,WO-70081,60,E032,2025-05-10T13:00:00,3.58,Setup,WC-PACK
LT-000708,WO-70081,60,E039,2025-05-06T09:00:00,3.58,Setup,WC-PACK
LT-000709,WO-70082,10,E028,2025-09-22T14:45:00,1.19,Run,WC-SAW
LT-000710,WO-70082,10,E036,2025-09-26T08:30:00,1.79,Setup,WC-SAW
LT-000711,WO-70082,10,E041,2025-09-27T06:00:00,3.58,Run,WC-SAW
LT-000712,WO-70082,20,E010,2025-09-27T07:45:00,3.93,Run,WC-CNC1
LT-000713,WO-70082,20,E029,2025-09-27T08:15:00,2.62,Run,WC-CNC1
LT-000714,WO-70082,20,E010,2025-09-27T11:00:00,7.86,Setup,WC-CNC1
LT-000715,WO-70082,30,E017,2025-09-23T08:45:00,1.18,Run,WC-INSP
LT-000716,WO-70082,40,E053,2025-09-22T11:45:00,4.88,Run,WC-PACK
LT-000717,WO-70083,10,E012,2025-06-25T12:00:00,3.55,Setup,WC-CNC1
LT-000718,WO-70083,10,E038,2025-06-29T12:00:00,3.55,Setup,WC-CNC1
LT-000719,WO-70083,20,E026,2025-06-22T06:15:00,1.35,Setup,WC-SAW
LT-000720,WO-70083,20,E053,2025-06-29T10:30:00,2.69,Run,WC-SAW
LT-000721,WO-70083,30,E054,2025-06-21T12:00:00,11.9,Setup,WC-INSP
LT-000722,WO-70083,30,E011,2025-06-28T12:15:00,5.95,Run,WC-INSP
LT-000723,WO-70083,30,E015,2025-06-24T14:30:00,11.9,Run,WC-INSP
LT-000724,WO-70083,40,E015,2025-06-26T13:15:00,8.18,Setup,WC-PACK
LT-000725,WO-70083,40,E040,2025-06-28T10:00:00,16.35,Run,WC-PACK
LT-000726,WO-70083,40,E027,2025-06-27T09:30:00,5.45,Run,WC-PACK
LT-000727,WO-70084,10,E095,2025-11-16T07:15:00,2.92,Setup,WC-SAW
LT-000728,WO-70084,10,E043,2025-11-07T14:45:00,2.92,Run,WC-SAW
LT-000729,WO-70084,20,E035,2025-11-14T09:15:00,27.95,Setup,WC-CNC1
LT-000730,WO-70084,30,E030,2025-11-13T11:30:00,4.38,Run,WC-INSP
LT-000731,WO-70084,30,E040,2025-11-16T12:30:00,8.75,Setup,WC-INSP
LT-000732,WO-70084,30,E042,2025-11-17T12:30:00,2.92,Setup,WC-INSP
LT-000733,WO-70084,40,E013,2025-11-12T13:45:00,19.25,Run,WC-PACK
LT-000734,WO-70084,40,E031,2025-11-15T13:15:00,6.42,Run,WC-PACK
LT-000735,WO-70084,40,E054,2025-11-09T10:00:00,6.42,Run,WC-PACK
LT-000736,WO-70085,10,E037,2026-03-04T09:15:00,19.63,Run,WC-DEBUR
LT-000737,WO-70085,10,E020,2026-03-11T14:15:00,6.54,Run,WC-DEBUR
LT-000738,WO-70085,10,E020,2026-03-04T10:15:00,6.54,Run,WC-DEBUR
LT-000739,WO-70085,20,E049,2026-03-10T13:45:00,11.76,Run,WC-SAW
LT-000740,WO-70085,30,E041,2026-03-04T10:30:00,4.24,Run,WC-INSP
LT-000741,WO-70085,30,E024,2026-03-11T11:30:00,4.24,Setup,WC-INSP
LT-000742,WO-70086,10,E011,2025-08-08T09:45:00,11.09,Setup,WC-CNC2
LT-000743,WO-70086,10,E054,2025-07-30T13:45:00,11.09,Run,WC-CNC2
LT-000744,WO-70086,10,E032,2025-08-07T12:15:00,22.17,Run,WC-CNC2
LT-000745,WO-70086,20,E033,2025-07-31T08:00:00,13.58,Run,WC-DEBUR
LT-000746,WO-70086,30,E020,2025-08-04T09:30:00,1.4,Run,WC-INSP
LT-000747,WO-70086,30,E031,2025-08-06T09:15:00,2.1,Run,WC-INSP
LT-000748,WO-70086,40,E018,2025-08-06T10:15:00,5.64,Setup,WC-PACK
LT-000749,WO-70087,10,E033,2026-03-01T14:15:00,0.66,Run,WC-CNC2
LT-000750,WO-70087,10,E021,2026-02-23T12:30:00,0.98,Setup,WC-CNC2
LT-000751,WO-70087,10,E010,2026-02-19T11:45:00,1.97,Run,WC-CNC2
LT-000752,WO-70087,20,E032,2026-02-22T11:15:00,7.3,Setup,WC-DEBUR
LT-000753,WO-70087,20,E094,2026-02-19T13:45:00,7.3,Run,WC-DEBUR
LT-000754,WO-70087,20,E010,2026-02-21T13:30:00,7.3,Setup,WC-DEBUR
LT-000755,WO-70087,30,E038,2026-02-24T14:30:00,2.22,Run,WC-INSP
LT-000756,WO-70087,40,E095,2026-02-24T08:15:00,1.01,Run,WC-PACK
LT-000757,WO-70088,10,E054,2025-09-17T07:00:00,3.66,Run,WC-DEBUR
LT-000758,WO-70088,10,E036,2025-09-13T08:15:00,3.66,Setup,WC-DEBUR
LT-000759,WO-70088,10,E022,2025-09-17T14:00:00,7.31,Run,WC-DEBUR
LT-000760,WO-70088,20,E018,2025-09-17T08:00:00,3.27,Setup,WC-SAW
LT-000761,WO-70088,30,E031,2025-09-15T11:00:00,2.83,Setup,WC-INSP
LT-000762,WO-70088,30,E013,2025-09-13T10:30:00,4.25,Run,WC-INSP
LT-000763,WO-70088,40,E019,2025-09-14T10:45:00,7.2,Run,WC-PACK
LT-000764,WO-70088,40,E030,2025-09-19T08:45:00,2.4,Run,WC-PACK
LT-000765,WO-70089,10,E014,2025-04-09T09:30:00,10.98,Setup,WC-CNC2
LT-000766,WO-70089,10,E053,2025-04-15T09:15:00,7.32,Run,WC-CNC2
LT-000767,WO-70089,20,E013,2025-04-10T06:15:00,38.02,Setup,WC-ASSY
LT-000768,WO-70089,20,E041,2025-04-10T08:15:00,38.02,Run,WC-ASSY
LT-000769,WO-70089,20,E021,2025-04-11T08:00:00,38.02,Run,WC-ASSY
LT-000770,WO-70089,30,E053,2025-04-15T11:30:00,9.01,Setup,WC-DEBUR
LT-000771,WO-70089,40,E028,2025-04-14T11:00:00,13.85,Setup,WC-CNC1
LT-000772,WO-70089,50,E025,2025-04-14T10:45:00,10.74,Setup,WC-INSP
LT-000773,WO-70089,60,E023,2025-04-14T14:00:00,2.18,Setup,WC-PACK
LT-000774,WO-70089,60,E053,2025-04-09T14:30:00,4.36,Run,WC-PACK
LT-000775,WO-70089,60,E050,2025-04-15T06:15:00,4.36,Run,WC-PACK
LT-000776,WO-70090,10,E030,2026-01-28T09:45:00,1.35,Setup,WC-CNC2
LT-000777,WO-70090,10,E018,2026-01-22T06:00:00,2.02,Setup,WC-CNC2
LT-000778,WO-70090,20,E041,2026-01-26T07:45:00,7.31,Run,WC-ASSY
LT-000779,WO-70090,20,E034,2026-01-26T13:15:00,2.44,Run,WC-ASSY
LT-000780,WO-70090,20,E015,2026-01-22T13:30:00,2.44,Run,WC-ASSY
LT-000781,WO-70090,30,E017,2026-01-22T08:00:00,4.47,Run,WC-DEBUR
LT-000782,WO-70090,30,E046,2026-01-29T09:00:00,1.49,Run,WC-DEBUR
LT-000783,WO-70090,30,E023,2026-01-21T12:30:00,4.47,Run,WC-DEBUR
LT-000784,WO-70090,40,E009,2026-01-27T07:15:00,1.13,Setup,WC-CNC1
LT-000785,WO-70090,40,E049,2026-01-21T07:45:00,1.13,Run,WC-CNC1
LT-000786,WO-70090,40,E048,2026-01-21T12:00:00,1.69,Setup,WC-CNC1
LT-000787,WO-70090,50,E050,2026-01-29T07:00:00,2.59,Setup,WC-INSP
LT-000788,WO-70090,60,E020,2026-01-22T13:30:00,1.15,Run,WC-PACK
LT-000789,WO-70090,60,E017,2026-01-21T12:15:00,1.15,Run,WC-PACK
LT-000790,WO-70091,10,E025,2025-09-05T08:45:00,5.06,Run,WC-SAW
LT-000791,WO-70091,10,E039,2025-09-06T09:00:00,2.53,Run,WC-SAW
LT-000792,WO-70091,20,E019,2025-09-01T06:15:00,2.48,Setup,WC-CNC1
LT-000793,WO-70091,20,E015,2025-09-04T12:45:00,1.65,Setup,WC-CNC1
LT-000794,WO-70091,30,E020,2025-09-01T10:30:00,3.4,Run,WC-CNC2
LT-000795,WO-70091,40,E032,2025-09-07T08:15:00,2.91,Setup,WC-ASSY
LT-000796,WO-70091,40,E029,2025-09-09T10:00:00,4.36,Run,WC-ASSY
LT-000797,WO-70091,40,E041,2025-09-09T09:30:00,4.36,Run,WC-ASSY
LT-000798,WO-70091,50,E052,2025-09-03T07:15:00,4.23,Run,WC-INSP
LT-000799,WO-70091,50,E029,2025-09-08T06:15:00,2.12,Setup,WC-INSP
LT-000800,WO-70091,50,E044,2025-09-11T13:00:00,2.12,Run,WC-INSP
LT-000801,WO-70091,60,E036,2025-09-10T12:15:00,2.97,Setup,WC-PACK
LT-000802,WO-70091,60,E016,2025-09-03T12:00:00,2.97,Run,WC-PACK
LT-000803,WO-70091,60,E041,2025-09-11T08:45:00,1.98,Run,WC-PACK
LT-000804,WO-70092,20,E095,2026-03-12T13:00:00,1.88,Setup,WC-CNC1
LT-000805,WO-70092,20,E023,2026-03-16T10:00:00,1.88,Run,WC-CNC1
LT-000806,WO-70092,20,E031,2026-03-10T08:30:00,1.88,Run,WC-CNC1
LT-000807,WO-70092,40,E043,2026-03-14T10:15:00,2.07,Run,WC-CNC2
LT-000808,WO-70092,40,E036,2026-03-15T13:15:00,2.07,Setup,WC-CNC2
LT-000809,WO-70092,40,E053,2026-03-12T13:30:00,6.22,Run,WC-CNC2
LT-000810,WO-70092,50,E032,2026-03-16T09:00:00,2.92,Setup,WC-INSP
LT-000811,WO-70093,10,E052,2026-03-03T12:00:00,16.32,Run,WC-CNC2
LT-000812,WO-70093,20,E018,2026-02-24T13:30:00,38.39,Setup,WC-ASSY
LT-000813,WO-70093,20,E014,2026-02-25T10:30:00,12.8,Setup,WC-ASSY
LT-000814,WO-70093,20,E036,2026-02-28T10:15:00,12.8,Setup,WC-ASSY
LT-000815,WO-70093,30,E050,2026-03-02T07:15:00,29.45,Setup,WC-DEBUR
LT-000816,WO-70093,30,E032,2026-02-22T13:15:00,29.45,Run,WC-DEBUR
LT-000817,WO-70093,40,E039,2026-02-28T13:00:00,5.69,Setup,WC-CNC1
LT-000818,WO-70093,40,E020,2026-02-24T10:45:00,5.69,Run,WC-CNC1
LT-000819,WO-70093,40,E054,2026-02-25T09:00:00,11.39,Run,WC-CNC1
LT-000820,WO-70093,50,E040,2026-02-28T07:45:00,28.46,Run,WC-INSP
LT-000821,WO-70093,50,E047,2026-02-25T10:15:00,9.49,Run,WC-INSP
LT-000822,WO-70093,50,E095,2026-03-01T12:30:00,14.23,Run,WC-INSP
LT-000823,WO-70093,60,E012,2026-03-01T14:30:00,27.46,Run,WC-PACK
LT-000824,WO-70094,10,E048,2025-05-13T11:00:00,5.99,Setup,WC-DEBUR
LT-000825,WO-70094,20,E038,2025-05-15T09:15:00,1.48,Run,WC-CNC1
LT-000826,WO-70094,20,E015,2025-05-12T12:45:00,4.45,Run,WC-CNC1
LT-000827,WO-70094,20,E027,2025-05-13T07:00:00,2.23,Run,WC-CNC1
LT-000828,WO-70094,30,E021,2025-05-10T14:15:00,1.7,Setup,WC-ASSY
LT-000829,WO-70094,40,E022,2025-05-14T11:30:00,2.51,Run,WC-SAW
LT-000830,WO-70094,40,E035,2025-05-08T08:45:00,0.84,Run,WC-SAW
LT-000831,WO-70094,50,E016,2025-05-07T09:15:00,2.43,Run,WC-INSP
LT-000832,WO-70094,50,E026,2025-05-15T11:00:00,4.86,Run,WC-INSP
LT-000833,WO-70094,50,E040,2025-05-12T06:45:00,4.86,Run,WC-INSP
LT-000834,WO-70094,60,E094,2025-05-06T12:15:00,0.78,Run,WC-PACK
LT-000835,WO-70094,60,E050,2025-05-12T09:15:00,1.55,Setup,WC-PACK
LT-000836,WO-70095,10,E042,2025-11-30T13:30:00,6.53,Run,WC-DEBUR
LT-000837,WO-70095,20,E021,2025-12-04T08:00:00,25.02,Run,WC-SAW
LT-000838,WO-70095,30,E013,2025-11-27T11:15:00,9.17,Run,WC-INSP
LT-000839,WO-70095,40,E010,2025-12-01T12:30:00,6.07,Run,WC-PACK
LT-000840,WO-70095,40,E019,2025-11-26T11:00:00,9.1,Setup,WC-PACK
LT-000841,WO-70096,10,E036,2025-09-11T11:15:00,16.66,Run,WC-CNC2
LT-000842,WO-70096,10,E046,2025-09-18T08:30:00,5.55,Run,WC-CNC2
LT-000843,WO-70096,10,E049,2025-09-17T13:15:00,8.33,Setup,WC-CNC2
LT-000844,WO-70096,20,E029,2025-09-11T14:45:00,8.03,Run,WC-ASSY
LT-000845,WO-70096,30,E017,2025-09-13T08:30:00,1.02,Setup,WC-DEBUR
LT-000846,WO-70096,30,E042,2025-09-11T13:30:00,3.05,Run,WC-DEBUR
LT-000847,WO-70096,40,E025,2025-09-19T12:45:00,6.0,Setup,WC-INSP
LT-000848,WO-70096,50,E026,2025-09-19T14:15:00,23.4,Setup,WC-PACK
LT-000849,WO-70097,10,E039,2025-09-03T06:00:00,13.77,Setup,WC-SAW
LT-000850,WO-70097,10,E095,2025-08-30T12:15:00,13.77,Setup,WC-SAW
LT-000851,WO-70097,20,E035,2025-08-30T10:00:00,49.25,Run,WC-CNC2
LT-000852,WO-70097,30,E030,2025-09-02T11:45:00,35.76,Run,WC-CNC1
LT-000853,WO-70097,40,E037,2025-09-05T06:30:00,39.67,Run,WC-ASSY
LT-000854,WO-70097,50,E023,2025-09-09T12:15:00,136.49,Run,WC-INSP
LT-000855,WO-70097,60,E029,2025-08-30T09:30:00,13.78,Run,WC-PACK
LT-000856,WO-70098,10,E043,2025-07-11T13:00:00,4.44,Run,WC-ASSY
LT-000857,WO-70098,10,E042,2025-07-04T14:00:00,4.44,Run,WC-ASSY
LT-000858,WO-70098,20,E032,2025-07-13T14:30:00,7.88,Setup,WC-SAW
LT-000859,WO-70098,20,E024,2025-07-12T12:15:00,5.25,Run,WC-SAW
LT-000860,WO-70098,20,E032,2025-07-06T10:30:00,7.88,Run,WC-SAW
LT-000861,WO-70098,30,E038,2025-07-03T14:45:00,29.21,Setup,WC-CNC2
LT-000862,WO-70098,40,E046,2025-07-03T09:15:00,20.41,Setup,WC-DEBUR
LT-000863,WO-70098,40,E017,2025-07-08T08:00:00,20.41,Run,WC-DEBUR
LT-000864,WO-70098,40,E022,2025-07-03T11:00:00,6.8,Setup,WC-DEBUR
LT-000865,WO-70098,50,E022,2025-07-05T12:00:00,3.18,Run,WC-INSP
LT-000866,WO-70098,50,E045,2025-07-04T13:15:00,3.18,Run,WC-INSP
LT-000867,WO-70098,60,E051,2025-07-04T08:30:00,14.72,Run,WC-PACK
LT-000868,WO-70099,10,E040,2025-10-27T13:00:00,14.22,Run,WC-CNC1
LT-000869,WO-70099,10,E024,2025-11-01T07:30:00,4.74,Setup,WC-CNC1
LT-000870,WO-70099,10,E017,2025-11-04T09:00:00,4.74,Run,WC-CNC1
LT-000871,WO-70099,20,E050,2025-10-27T06:45:00,3.56,Run,WC-SAW
LT-000872,WO-70099,20,E026,2025-10-27T14:00:00,2.38,Setup,WC-SAW
LT-000873,WO-70099,30,E045,2025-11-03T10:15:00,21.03,Run,WC-INSP
LT-000874,WO-70099,30,E024,2025-10-26T08:30:00,63.09,Run,WC-INSP
LT-000875,WO-70099,30,E038,2025-11-03T11:00:00,31.55,Run,WC-INSP
LT-000876,WO-70099,40,E094,2025-10-31T06:30:00,47.16,Setup,WC-PACK
LT-000877,WO-70099,40,E023,2025-10-31T14:45:00,23.58,Setup,WC-PACK
LT-000878,WO-70099,40,E018,2025-10-29T10:15:00,23.58,Run,WC-PACK
LT-000879,WO-70100,10,E034,2025-10-11T10:15:00,57.28,Run,WC-CNC2
LT-000880,WO-70100,10,E037,2025-10-18T06:30:00,19.09,Setup,WC-CNC2
LT-000881,WO-70100,10,E014,2025-10-14T08:30:00,57.28,Setup,WC-CNC2
LT-000882,WO-70100,20,E038,2025-10-17T11:15:00,10.24,Run,WC-DEBUR
LT-000883,WO-70100,20,E045,2025-10-11T08:00:00,10.24,Setup,WC-DEBUR
LT-000884,WO-70100,30,E012,2025-10-16T14:00:00,2.69,Run,WC-INSP
LT-000885,WO-70100,40,E034,2025-10-20T10:45:00,27.06,Run,WC-PACK
LT-000886,WO-70101,10,E022,2025-07-06T12:30:00,14.91,Run,WC-DEBUR
LT-000887,WO-70101,20,E025,2025-07-02T07:45:00,1.49,Setup,WC-ASSY
LT-000888,WO-70101,20,E042,2025-07-04T11:45:00,0.99,Run,WC-ASSY
LT-000889,WO-70101,20,E025,2025-06-28T06:30:00,0.99,Run,WC-ASSY
LT-000890,WO-70101,30,E094,2025-07-03T13:30:00,2.48,Run,WC-INSP
LT-000891,WO-70101,30,E025,2025-06-27T14:00:00,1.65,Setup,WC-INSP
LT-000892,WO-70101,30,E051,2025-07-02T10:45:00,2.48,Run,WC-INSP
LT-000893,WO-70101,40,E027,2025-06-30T14:15:00,1.13,Setup,WC-PACK
LT-000894,WO-70101,40,E014,2025-06-28T09:30:00,3.38,Run,WC-PACK
LT-000895,WO-70102,10,E053,2025-11-09T11:00:00,2.16,Run,WC-ASSY
LT-000896,WO-70102,10,E042,2025-11-02T09:15:00,2.16,Setup,WC-ASSY
LT-000897,WO-70102,20,E049,2025-11-03T11:00:00,1.94,Run,WC-SAW
LT-000898,WO-70102,30,E025,2025-11-02T07:45:00,5.31,Setup,WC-CNC2
LT-000899,WO-70102,30,E025,2025-11-11T08:30:00,5.31,Run,WC-CNC2
LT-000900,WO-70102,30,E014,2025-11-08T06:00:00,5.31,Setup,WC-CNC2
LT-000901,WO-70102,40,E033,2025-11-07T10:15:00,1.94,Run,WC-DEBUR
LT-000902,WO-70102,40,E010,2025-11-04T11:45:00,1.94,Setup,WC-DEBUR
LT-000903,WO-70102,40,E027,2025-11-03T07:15:00,1.94,Run,WC-DEBUR
LT-000904,WO-70102,50,E014,2025-11-06T06:00:00,2.74,Run,WC-INSP
LT-000905,WO-70102,50,E045,2025-11-11T10:15:00,2.74,Run,WC-INSP
LT-000906,WO-70102,50,E050,2025-11-05T11:45:00,1.37,Setup,WC-INSP
LT-000907,WO-70102,60,E053,2025-11-08T08:00:00,2.53,Setup,WC-PACK
LT-000908,WO-70102,60,E036,2025-11-10T13:15:00,7.58,Run,WC-PACK
LT-000909,WO-70102,60,E010,2025-11-01T10:30:00,3.79,Run,WC-PACK
LT-000910,WO-70103,10,E052,2025-12-17T11:45:00,35.55,Run,WC-DEBUR
LT-000911,WO-70103,10,E094,2025-12-20T09:15:00,11.85,Setup,WC-DEBUR
LT-000912,WO-70103,20,E035,2025-12-20T13:00:00,16.72,Run,WC-SAW
LT-000913,WO-70103,20,E029,2025-12-22T08:15:00,16.72,Setup,WC-SAW
LT-000914,WO-70103,20,E036,2025-12-19T08:30:00,25.09,Run,WC-SAW
LT-000915,WO-70103,30,E020,2025-12-18T09:45:00,11.23,Run,WC-INSP
LT-000916,WO-70103,30,E024,2025-12-17T06:00:00,33.7,Run,WC-INSP
LT-000917,WO-70103,40,E031,2025-12-19T14:45:00,29.12,Run,WC-PACK
LT-000918,WO-70104,10,E014,2025-06-01T06:15:00,5.82,Run,WC-CNC1
LT-000919,WO-70104,20,E052,2025-05-27T08:45:00,1.47,Setup,WC-SAW
LT-000920,WO-70104,20,E032,2025-05-22T11:30:00,1.47,Run,WC-SAW
LT-000921,WO-70104,20,E020,2025-05-25T08:30:00,2.94,Run,WC-SAW
LT-000922,WO-70104,30,E014,2025-05-30T06:45:00,6.4,Run,WC-INSP
LT-000923,WO-70104,30,E031,2025-05-31T12:30:00,6.4,Run,WC-INSP
LT-000924,WO-70104,40,E017,2025-05-23T09:15:00,9.61,Setup,WC-PACK
LT-000925,WO-70105,10,E024,2025-04-29T07:15:00,25.17,Run,WC-DEBUR
LT-000926,WO-70105,10,E036,2025-04-29T10:00:00,16.78,Run,WC-DEBUR
LT-000927,WO-70105,20,E030,2025-04-24T08:45:00,4.38,Setup,WC-SAW
LT-000928,WO-70105,20,E029,2025-04-28T09:15:00,8.76,Run,WC-SAW
LT-000929,WO-70105,30,E043,2025-04-26T11:00:00,7.48,Setup,WC-INSP
LT-000930,WO-70105,30,E037,2025-04-21T13:30:00,22.44,Setup,WC-INSP
LT-000931,WO-70105,30,E028,2025-04-30T10:45:00,7.48,Run,WC-INSP
LT-000932,WO-70105,40,E026,2025-04-24T07:45:00,25.13,Setup,WC-PACK
LT-000933,WO-70105,40,E033,2025-04-27T10:30:00,37.7,Setup,WC-PACK
LT-000934,WO-70106,10,E024,2026-03-31T13:15:00,33.9,Run,WC-DEBUR
LT-000935,WO-70106,20,E032,2026-04-04T10:00:00,10.63,Setup,WC-CNC1
LT-000936,WO-70107,10,E012,2025-06-27T11:00:00,6.39,Run,WC-DEBUR
LT-000937,WO-70107,10,E029,2025-07-01T10:00:00,4.26,Run,WC-DEBUR
LT-000938,WO-70107,20,E036,2025-06-30T06:45:00,3.21,Run,WC-SAW
LT-000939,WO-70107,20,E020,2025-06-26T07:00:00,2.14,Run,WC-SAW
LT-000940,WO-70107,30,E040,2025-06-26T11:30:00,13.64,Setup,WC-CNC2
LT-000941,WO-70107,30,E022,2025-06-25T14:45:00,4.55,Setup,WC-CNC2
LT-000942,WO-70107,40,E046,2025-07-03T07:45:00,6.09,Run,WC-ASSY
LT-000943,WO-70107,40,E023,2025-07-02T11:45:00,12.19,Setup,WC-ASSY
LT-000944,WO-70107,50,E021,2025-06-29T12:15:00,0.82,Run,WC-INSP
LT-000945,WO-70107,50,E015,2025-07-01T06:15:00,1.22,Setup,WC-INSP
LT-000946,WO-70107,50,E018,2025-07-04T08:00:00,0.82,Setup,WC-INSP
LT-000947,WO-70107,60,E043,2025-07-01T14:00:00,7.28,Setup,WC-PACK
LT-000948,WO-70107,60,E027,2025-06-27T14:15:00,7.28,Setup,WC-PACK
LT-000949,WO-70107,60,E023,2025-06-30T09:00:00,3.64,Run,WC-PACK
LT-000950,WO-70108,10,E010,2025-05-24T10:45:00,2.76,Run,WC-CNC2
LT-000951,WO-70108,10,E045,2025-05-24T08:45:00,5.52,Run,WC-CNC2
LT-000952,WO-70108,10,E049,2025-05-31T06:00:00,1.84,Run,WC-CNC2
LT-000953,WO-70108,20,E094,2025-05-23T08:00:00,2.49,Run,WC-ASSY
LT-000954,WO-70108,30,E051,2025-05-22T06:45:00,4.11,Run,WC-DEBUR
LT-000955,WO-70108,40,E053,2025-05-26T08:00:00,1.32,Run,WC-CNC1
LT-000956,WO-70108,50,E014,2025-05-27T09:00:00,2.32,Setup,WC-INSP
LT-000957,WO-70108,50,E027,2025-05-31T14:30:00,3.48,Setup,WC-INSP
LT-000958,WO-70108,50,E013,2025-05-22T11:15:00,3.48,Run,WC-INSP
LT-000959,WO-70108,60,E036,2025-05-25T09:00:00,5.46,Setup,WC-PACK
LT-000960,WO-70108,60,E094,2025-05-26T10:45:00,5.46,Setup,WC-PACK
LT-000961,WO-70109,10,E029,2025-09-14T13:45:00,11.01,Run,WC-SAW
LT-000962,WO-70109,20,E024,2025-09-18T09:45:00,95.4,Setup,WC-CNC1
LT-000963,WO-70109,20,E053,2025-09-19T12:00:00,95.4,Run,WC-CNC1
LT-000964,WO-70109,20,E015,2025-09-20T11:30:00,95.4,Run,WC-CNC1
LT-000965,WO-70109,30,E009,2025-09-19T14:30:00,26.85,Setup,WC-INSP
LT-000966,WO-70109,40,E051,2025-09-22T09:45:00,33.82,Setup,WC-PACK
LT-000967,WO-70109,40,E029,2025-09-22T13:00:00,67.63,Setup,WC-PACK
LT-000968,WO-70110,10,E019,2025-12-15T06:30:00,54.91,Run,WC-ASSY
LT-000969,WO-70110,10,E020,2025-12-14T12:00:00,109.81,Run,WC-ASSY
LT-000970,WO-70110,10,E035,2025-12-16T09:30:00,54.91,Run,WC-ASSY
LT-000971,WO-70110,20,E046,2025-12-06T09:15:00,4.13,Run,WC-SAW
LT-000972,WO-70110,20,E025,2025-12-16T14:45:00,6.2,Run,WC-SAW
LT-000973,WO-70110,30,E033,2025-12-15T10:00:00,45.95,Setup,WC-INSP
LT-000974,WO-70110,30,E031,2025-12-06T14:45:00,30.63,Setup,WC-INSP
LT-000975,WO-70110,40,E094,2025-12-13T06:15:00,16.88,Run,WC-PACK
LT-000976,WO-70110,40,E040,2025-12-15T13:30:00,50.64,Run,WC-PACK
LT-000977,WO-70111,40,E046,2025-07-05T13:45:00,9.12,Setup,WC-DEBUR
LT-000978,WO-70111,40,E038,2025-07-11T10:00:00,3.04,Run,WC-DEBUR
LT-000979,WO-70112,10,E016,2025-12-04T08:00:00,11.09,Run,WC-SAW
LT-000980,WO-70112,10,E033,2025-12-10T10:15:00,33.27,Run,WC-SAW
LT-000981,WO-70112,10,E026,2025-12-07T06:00:00,33.27,Run,WC-SAW
LT-000982,WO-70112,20,E036,2025-12-04T12:30:00,62.7,Setup,WC-CNC2
LT-000983,WO-70112,20,E010,2025-12-04T06:30:00,62.7,Run,WC-CNC2
LT-000984,WO-70112,30,E094,2025-12-05T10:45:00,35.85,Setup,WC-CNC1
LT-000985,WO-70112,30,E041,2025-11-30T08:15:00,53.77,Run,WC-CNC1
LT-000986,WO-70112,40,E010,2025-12-07T10:30:00,41.76,Setup,WC-ASSY
LT-000987,WO-70112,50,E042,2025-12-08T12:15:00,40.04,Run,WC-INSP
LT-000988,WO-70112,60,E017,2025-12-04T13:15:00,11.93,Run,WC-PACK
LT-000989,WO-70112,60,E043,2025-12-02T13:30:00,11.93,Run,WC-PACK
LT-000990,WO-70112,60,E050,2025-12-01T11:30:00,17.9,Run,WC-PACK
LT-000991,WO-70113,10,E010,2025-12-13T10:00:00,2.65,Setup,WC-CNC2
LT-000992,WO-70113,20,E011,2025-12-16T09:45:00,75.68,Setup,WC-DEBUR
LT-000993,WO-70113,20,E049,2025-12-09T13:45:00,25.23,Setup,WC-DEBUR
LT-000994,WO-70113,20,E015,2025-12-12T13:15:00,25.23,Setup,WC-DEBUR
LT-000995,WO-70113,30,E095,2025-12-11T07:30:00,17.65,Run,WC-INSP
LT-000996,WO-70113,30,E028,2025-12-13T14:30:00,17.65,Run,WC-INSP
LT-000997,WO-70113,30,E009,2025-12-16T07:30:00,11.76,Run,WC-INSP
LT-000998,WO-70113,40,E036,2025-12-08T08:45:00,2.65,Setup,WC-PACK
LT-000999,WO-70113,40,E013,2025-12-08T11:45:00,2.65,Run,WC-PACK
LT-001000,WO-70114,10,E017,2026-03-14T14:45:00,6.05,Setup,WC-DEBUR
LT-001001,WO-70114,20,E013,2026-03-09T06:30:00,7.02,Run,WC-SAW
LT-001002,WO-70114,20,E035,2026-03-12T09:00:00,21.07,Setup,WC-SAW
LT-001003,WO-70114,30,E041,2026-03-11T13:00:00,4.18,Run,WC-INSP
LT-001004,WO-70114,30,E024,2026-03-09T07:15:00,6.27,Run,WC-INSP
LT-001005,WO-70114,30,E049,2026-03-06T13:30:00,4.18,Run,WC-INSP
LT-001006,WO-70114,40,E046,2026-03-10T08:30:00,10.96,Run,WC-PACK
LT-001007,WO-70114,40,E015,2026-03-04T14:00:00,3.65,Run,WC-PACK
LT-001008,WO-70115,10,E025,2025-11-17T10:45:00,3.05,Setup,WC-SAW
LT-001009,WO-70115,10,E030,2025-11-17T08:45:00,4.58,Run,WC-SAW
LT-001010,WO-70115,20,E028,2025-11-17T07:00:00,4.98,Run,WC-DEBUR
LT-001011,WO-70115,20,E037,2025-11-18T07:15:00,3.32,Setup,WC-DEBUR
LT-001012,WO-70115,30,E043,2025-11-12T13:15:00,11.35,Run,WC-ASSY
LT-001013,WO-70115,30,E035,2025-11-11T11:15:00,3.78,Run,WC-ASSY
LT-001014,WO-70115,30,E022,2025-11-14T10:30:00,5.67,Setup,WC-ASSY
LT-001015,WO-70115,40,E049,2025-11-17T12:00:00,1.75,Setup,WC-INSP
LT-001016,WO-70115,50,E094,2025-11-14T13:15:00,4.4,Setup,WC-PACK
LT-001017,WO-70116,10,E011,2026-01-06T13:30:00,1.73,Run,WC-ASSY
LT-001018,WO-70116,20,E046,2026-01-13T13:45:00,1.78,Setup,WC-CNC1
LT-001019,WO-70116,20,E044,2026-01-14T08:00:00,1.78,Run,WC-CNC1
LT-001020,WO-70116,30,E036,2026-01-05T08:30:00,1.38,Run,WC-INSP
LT-001021,WO-70116,40,E012,2026-01-10T06:45:00,4.13,Run,WC-PACK
LT-001022,WO-70116,40,E010,2026-01-09T08:00:00,1.38,Run,WC-PACK
LT-001023,WO-70116,40,E048,2026-01-13T11:30:00,2.06,Run,WC-PACK
LT-001024,WO-70117,10,E009,2025-06-18T10:15:00,12.46,Setup,WC-SAW
LT-001025,WO-70117,10,E020,2025-06-20T06:45:00,12.46,Setup,WC-SAW
LT-001026,WO-70117,20,E043,2025-06-23T10:45:00,17.9,Setup,WC-CNC2
LT-001027,WO-70117,20,E036,2025-06-24T06:15:00,8.95,Run,WC-CNC2
LT-001028,WO-70117,20,E015,2025-06-19T11:30:00,8.95,Setup,WC-CNC2
LT-001029,WO-70117,30,E028,2025-06-24T06:45:00,5.97,Run,WC-CNC1
LT-001030,WO-70117,40,E046,2025-06-27T10:30:00,10.64,Setup,WC-ASSY
LT-001031,WO-70117,50,E017,2025-06-27T12:30:00,10.3,Run,WC-INSP
LT-001032,WO-70117,60,E053,2025-06-20T06:45:00,17.29,Run,WC-PACK
LT-001033,WO-70118,10,E023,2026-03-03T14:45:00,32.28,Run,WC-DEBUR
LT-001034,WO-70118,10,E038,2026-03-08T06:45:00,32.28,Setup,WC-DEBUR
LT-001035,WO-70118,20,E047,2026-02-27T11:45:00,32.95,Run,WC-SAW
LT-001036,WO-70118,20,E024,2026-03-01T12:30:00,98.84,Run,WC-SAW
LT-001037,WO-70118,30,E044,2026-02-28T14:45:00,28.54,Setup,WC-INSP
LT-001038,WO-70118,30,E023,2026-02-27T08:15:00,28.54,Run,WC-INSP
LT-001039,WO-70118,30,E044,2026-03-08T13:45:00,42.8,Run,WC-INSP
LT-001040,WO-70118,40,E036,2026-02-28T08:30:00,22.98,Run,WC-PACK
LT-001041,WO-70119,10,E094,2025-11-05T14:30:00,2.92,Setup,WC-SAW
LT-001042,WO-70119,10,E040,2025-11-04T13:00:00,2.92,Run,WC-SAW
LT-001043,WO-70119,10,E023,2025-10-29T06:45:00,2.92,Setup,WC-SAW
LT-001044,WO-70119,20,E013,2025-11-05T09:15:00,7.51,Setup,WC-CNC1
LT-001045,WO-70119,20,E044,2025-11-03T11:30:00,7.51,Setup,WC-CNC1
LT-001046,WO-70119,30,E038,2025-11-01T07:15:00,1.58,Run,WC-INSP
LT-001047,WO-70119,30,E014,2025-11-01T13:00:00,1.58,Run,WC-INSP
LT-001048,WO-70119,30,E027,2025-10-29T14:00:00,1.58,Run,WC-INSP
LT-001049,WO-70119,40,E021,2025-10-28T09:45:00,2.51,Run,WC-PACK
LT-001050,WO-70119,40,E038,2025-11-04T11:45:00,7.52,Setup,WC-PACK
LT-001051,WO-70120,10,E054,2025-06-22T10:00:00,6.74,Setup,WC-SAW
LT-001052,WO-70120,10,E034,2025-06-27T09:45:00,6.74,Setup,WC-SAW
LT-001053,WO-70120,10,E047,2025-07-01T13:00:00,13.47,Run,WC-SAW
LT-001054,WO-70120,20,E016,2025-06-29T14:00:00,11.29,Setup,WC-CNC2
LT-001055,WO-70120,20,E017,2025-06-24T09:30:00,7.52,Run,WC-CNC2
LT-001056,WO-70120,20,E014,2025-06-24T09:15:00,22.57,Run,WC-CNC2
LT-001057,WO-70120,30,E017,2025-06-21T13:15:00,6.97,Setup,WC-INSP
LT-001058,WO-70120,30,E029,2025-06-28T14:00:00,4.65,Setup,WC-INSP
LT-001059,WO-70120,40,E052,2025-06-30T13:15:00,27.65,Run,WC-PACK
LT-001060,WO-70121,10,E026,2025-09-14T13:00:00,3.81,Run,WC-SAW
LT-001061,WO-70121,10,E095,2025-09-18T10:45:00,1.27,Run,WC-SAW
LT-001062,WO-70121,10,E012,2025-09-18T14:15:00,1.27,Run,WC-SAW
LT-001063,WO-70121,20,E040,2025-09-17T07:45:00,10.73,Run,WC-CNC2
LT-001064,WO-70121,20,E041,2025-09-15T07:00:00,10.73,Run,WC-CNC2
LT-001065,WO-70121,40,E044,2025-09-11T11:45:00,12.6,Run,WC-ASSY
LT-001066,WO-70121,50,E011,2025-09-19T06:15:00,14.22,Run,WC-INSP
LT-001067,WO-70121,60,E042,2025-09-21T11:45:00,4.62,Setup,WC-PACK
LT-001068,WO-70122,10,E050,2025-06-29T08:00:00,18.64,Run,WC-CNC2
LT-001069,WO-70122,20,E019,2025-07-02T09:15:00,24.4,Run,WC-ASSY
LT-001070,WO-70122,20,E048,2025-07-01T06:30:00,12.2,Setup,WC-ASSY
LT-001071,WO-70122,30,E026,2025-06-23T11:45:00,12.91,Run,WC-DEBUR
LT-001072,WO-70122,40,E031,2025-07-03T08:45:00,5.73,Run,WC-CNC1
LT-001073,WO-70122,40,E053,2025-06-30T11:15:00,5.73,Setup,WC-CNC1
LT-001074,WO-70122,40,E024,2025-07-02T13:15:00,5.73,Setup,WC-CNC1
LT-001075,WO-70122,50,E009,2025-06-28T06:00:00,10.34,Run,WC-INSP
LT-001076,WO-70122,50,E051,2025-06-23T12:30:00,10.34,Run,WC-INSP
LT-001077,WO-70122,60,E041,2025-06-30T14:00:00,3.52,Run,WC-PACK
LT-001078,WO-70122,60,E030,2025-06-25T07:45:00,3.52,Setup,WC-PACK
LT-001079,WO-70123,10,E024,2025-10-03T10:00:00,3.35,Run,WC-ASSY
LT-001080,WO-70123,10,E036,2025-10-02T09:45:00,1.68,Run,WC-ASSY
LT-001081,WO-70123,10,E049,2025-09-26T10:15:00,3.35,Run,WC-ASSY
LT-001082,WO-70123,20,E022,2025-10-04T07:30:00,1.31,Run,WC-CNC1
LT-001083,WO-70123,20,E028,2025-09-25T13:30:00,3.94,Setup,WC-CNC1
LT-001084,WO-70123,20,E054,2025-10-02T14:45:00,1.97,Run,WC-CNC1
LT-001085,WO-70123,30,E048,2025-09-27T11:15:00,4.83,Run,WC-INSP
LT-001086,WO-70123,30,E042,2025-09-27T10:45:00,2.42,Setup,WC-INSP
LT-001087,WO-70123,30,E016,2025-09-27T14:00:00,4.83,Setup,WC-INSP
LT-001088,WO-70123,40,E017,2025-09-25T13:45:00,2.9,Run,WC-PACK
LT-001089,WO-70123,40,E017,2025-10-03T06:15:00,2.9,Run,WC-PACK
LT-001090,WO-70124,10,E031,2025-10-23T06:45:00,2.21,Setup,WC-SAW
LT-001091,WO-70124,20,E018,2025-10-17T08:30:00,5.23,Run,WC-CNC2
LT-001092,WO-70124,20,E046,2025-10-18T07:45:00,5.23,Setup,WC-CNC2
LT-001093,WO-70124,20,E049,2025-10-19T11:15:00,3.49,Run,WC-CNC2
LT-001094,WO-70124,30,E050,2025-10-16T14:00:00,3.22,Run,WC-INSP
LT-001095,WO-70124,40,E009,2025-10-21T12:00:00,6.83,Run,WC-PACK
LT-001096,WO-70124,40,E018,2025-10-17T10:00:00,6.83,Run,WC-PACK
LT-001097,WO-70125,10,E047,2026-02-23T14:15:00,7.2,Setup,WC-ASSY
LT-001098,WO-70125,10,E051,2026-02-24T11:45:00,7.2,Run,WC-ASSY
LT-001099,WO-70125,10,E044,2026-02-26T09:15:00,10.8,Setup,WC-ASSY
LT-001100,WO-70125,20,E095,2026-02-22T12:30:00,56.72,Run,WC-DEBUR
LT-001101,WO-70125,20,E020,2026-02-27T06:45:00,28.36,Run,WC-DEBUR
LT-001102,WO-70125,30,E040,2026-02-22T12:30:00,10.02,Setup,WC-INSP
LT-001103,WO-70125,30,E020,2026-02-26T07:15:00,20.03,Setup,WC-INSP
LT-001104,WO-70125,40,E034,2026-02-23T13:30:00,11.37,Run,WC-PACK
LT-001105,WO-70125,40,E051,2026-03-01T06:30:00,34.09,Run,WC-PACK
LT-001106,WO-70125,40,E040,2026-03-03T10:15:00,34.09,Run,WC-PACK
LT-001107,WO-70126,10,E044,2026-02-19T07:00:00,0.95,Run,WC-DEBUR
LT-001108,WO-70126,20,E045,2026-02-21T12:00:00,2.44,Setup,WC-CNC1
LT-001109,WO-70126,20,E034,2026-02-19T13:00:00,2.44,Run,WC-CNC1
LT-001110,WO-70126,30,E045,2026-02-19T06:00:00,1.72,Run,WC-SAW
LT-001111,WO-70126,30,E009,2026-02-17T07:00:00,1.72,Run,WC-SAW
LT-001112,WO-70126,30,E034,2026-02-19T09:00:00,3.45,Run,WC-SAW
LT-001113,WO-70126,40,E032,2026-02-20T12:00:00,6.45,Setup,WC-ASSY
LT-001114,WO-70126,40,E029,2026-02-20T09:30:00,2.15,Setup,WC-ASSY
LT-001115,WO-70126,50,E053,2026-02-18T07:15:00,7.87,Setup,WC-INSP
LT-001116,WO-70126,50,E022,2026-02-12T11:30:00,7.87,Run,WC-INSP
LT-001117,WO-70126,60,E041,2026-02-19T14:30:00,1.05,Setup,WC-PACK
LT-001118,WO-70126,60,E011,2026-02-16T14:30:00,1.05,Setup,WC-PACK
LT-001119,WO-70127,10,E040,2025-12-17T14:30:00,5.7,Run,WC-DEBUR
LT-001120,WO-70127,10,E054,2025-12-17T13:15:00,2.85,Run,WC-DEBUR
LT-001121,WO-70127,20,E043,2025-12-20T06:45:00,0.55,Run,WC-SAW
LT-001122,WO-70127,20,E029,2025-12-25T06:45:00,1.64,Run,WC-SAW
LT-001123,WO-70127,20,E028,2025-12-18T13:15:00,0.82,Run,WC-SAW
LT-001124,WO-70127,30,E034,2025-12-25T13:30:00,1.94,Run,WC-INSP
LT-001125,WO-70127,40,E031,2025-12-21T07:00:00,8.22,Setup,WC-PACK
LT-001126,WO-70128,40,E030,2025-04-12T06:30:00,2.6,Run,WC-CNC2
LT-001127,WO-70128,60,E046,2025-04-17T13:00:00,1.84,Run,WC-PACK
LT-001128,WO-70128,60,E042,2025-04-18T12:30:00,2.77,Run,WC-PACK
LT-001129,WO-70129,10,E050,2025-10-30T14:30:00,11.89,Run,WC-CNC1
LT-001130,WO-70129,10,E036,2025-10-21T14:30:00,7.93,Setup,WC-CNC1
LT-001131,WO-70129,10,E034,2025-10-22T07:45:00,11.89,Run,WC-CNC1
LT-001132,WO-70129,20,E038,2025-10-20T11:45:00,5.83,Run,WC-CNC2
LT-001133,WO-70129,20,E042,2025-10-29T13:30:00,1.94,Run,WC-CNC2
LT-001134,WO-70129,20,E021,2025-10-28T06:15:00,1.94,Run,WC-CNC2
LT-001135,WO-70129,30,E035,2025-10-23T11:30:00,5.01,Run,WC-ASSY
LT-001136,WO-70129,30,E051,2025-10-29T12:15:00,5.01,Run,WC-ASSY
LT-001137,WO-70129,30,E054,2025-10-29T11:30:00,1.67,Setup,WC-ASSY
LT-001138,WO-70129,40,E028,2025-10-30T10:15:00,52.7,Setup,WC-SAW
LT-001139,WO-70129,50,E033,2025-10-26T09:45:00,6.69,Run,WC-INSP
LT-001140,WO-70129,60,E039,2025-10-30T13:00:00,13.74,Run,WC-PACK
LT-001141,WO-70130,20,E023,2026-01-07T06:15:00,3.52,Run,WC-CNC2
LT-001142,WO-70130,20,E017,2026-01-01T08:45:00,1.76,Setup,WC-CNC2
LT-001143,WO-70130,20,E033,2026-01-10T13:15:00,1.76,Run,WC-CNC2
LT-001144,WO-70130,40,E032,2026-01-11T14:00:00,31.93,Run,WC-PACK
LT-001145,WO-70130,40,E048,2026-01-09T14:15:00,31.93,Run,WC-PACK
LT-001146,WO-70130,40,E025,2026-01-02T10:15:00,15.96,Run,WC-PACK
LT-001147,WO-70131,10,E032,2025-06-12T10:15:00,45.58,Setup,WC-DEBUR
LT-001148,WO-70131,10,E027,2025-06-15T07:30:00,45.58,Setup,WC-DEBUR
LT-001149,WO-70131,20,E023,2025-06-12T10:00:00,20.84,Run,WC-CNC1
LT-001150,WO-70131,20,E012,2025-06-12T12:15:00,41.69,Run,WC-CNC1
LT-001151,WO-70131,30,E025,2025-06-15T14:30:00,70.1,Setup,WC-ASSY
LT-001152,WO-70131,30,E046,2025-06-18T06:15:00,70.1,Run,WC-ASSY
LT-001153,WO-70131,40,E050,2025-06-16T07:45:00,11.93,Run,WC-SAW
LT-001154,WO-70131,40,E010,2025-06-12T12:00:00,17.89,Setup,WC-SAW
LT-001155,WO-70131,50,E045,2025-06-15T14:30:00,43.94,Run,WC-INSP
LT-001156,WO-70131,60,E052,2025-06-17T14:15:00,10.88,Setup,WC-PACK
LT-001157,WO-70131,60,E043,2025-06-10T13:15:00,10.88,Setup,WC-PACK
LT-001158,WO-70132,10,E049,2026-01-19T07:30:00,3.34,Run,WC-ASSY
LT-001159,WO-70132,10,E010,2026-01-16T06:00:00,3.34,Setup,WC-ASSY
LT-001160,WO-70132,10,E025,2026-01-20T14:30:00,1.67,Setup,WC-ASSY
LT-001161,WO-70132,20,E046,2026-01-20T12:15:00,2.67,Setup,WC-CNC1
LT-001162,WO-70132,20,E035,2026-01-15T11:45:00,1.78,Run,WC-CNC1
LT-001163,WO-70132,20,E094,2026-01-23T10:00:00,1.78,Run,WC-CNC1
LT-001164,WO-70132,30,E011,2026-01-24T09:30:00,1.93,Run,WC-INSP
LT-001165,WO-70132,40,E050,2026-01-17T13:45:00,2.26,Run,WC-PACK
LT-001166,WO-70132,40,E053,2026-01-19T12:45:00,2.26,Run,WC-PACK
LT-001167,WO-70132,40,E048,2026-01-19T07:00:00,4.52,Setup,WC-PACK
LT-001168,WO-70133,10,E028,2026-03-31T06:30:00,3.87,Setup,WC-CNC1
LT-001169,WO-70133,20,E051,2026-04-05T07:15:00,2.05,Setup,WC-ASSY
LT-001170,WO-70133,20,E052,2026-04-02T09:30:00,6.14,Run,WC-ASSY
LT-001171,WO-70133,20,E049,2026-03-28T13:00:00,3.07,Run,WC-ASSY
LT-001172,WO-70133,40,E042,2026-03-29T12:00:00,3.51,Run,WC-PACK
LT-001173,WO-70133,40,E028,2026-03-31T09:45:00,3.51,Run,WC-PACK
LT-001174,WO-70133,40,E033,2026-03-31T10:30:00,10.52,Setup,WC-PACK
LT-001175,WO-70134,10,E026,2025-08-29T09:30:00,27.02,Setup,WC-ASSY
LT-001176,WO-70134,10,E054,2025-08-23T12:45:00,27.02,Run,WC-ASSY
LT-001177,WO-70134,10,E042,2025-08-28T08:45:00,54.03,Setup,WC-ASSY
LT-001178,WO-70134,20,E034,2025-08-19T07:15:00,32.61,Run,WC-DEBUR
LT-001179,WO-70134,30,E023,2025-08-23T10:45:00,36.2,Run,WC-INSP
LT-001180,WO-70134,30,E034,2025-08-28T14:30:00,18.1,Setup,WC-INSP
LT-001181,WO-70134,30,E039,2025-08-19T10:00:00,18.1,Setup,WC-INSP
LT-001182,WO-70134,40,E040,2025-08-21T07:15:00,34.17,Run,WC-PACK
LT-001183,WO-70134,40,E040,2025-08-29T10:15:00,51.26,Run,WC-PACK
LT-001184,WO-70135,10,E017,2025-12-28T11:45:00,3.79,Run,WC-SAW
LT-001185,WO-70135,10,E019,2026-01-02T08:00:00,3.79,Run,WC-SAW
LT-001186,WO-70135,20,E022,2025-12-27T13:30:00,26.3,Setup,WC-CNC1
LT-001187,WO-70135,20,E039,2026-01-04T14:45:00,26.3,Run,WC-CNC1
LT-001188,WO-70135,30,E050,2025-12-30T09:45:00,5.9,Setup,WC-INSP
LT-001189,WO-70135,30,E095,2025-12-31T10:00:00,11.8,Setup,WC-INSP
LT-001190,WO-70135,40,E018,2025-12-31T09:45:00,8.9,Run,WC-PACK
LT-001191,WO-70135,40,E028,2026-01-02T12:15:00,8.9,Setup,WC-PACK
LT-001192,WO-70135,40,E042,2026-01-01T10:45:00,8.9,Run,WC-PACK
LT-001193,WO-70136,10,E025,2025-12-04T06:45:00,100.53,Run,WC-SAW
LT-001194,WO-70136,20,E046,2025-12-06T14:45:00,11.14,Setup,WC-CNC1
LT-001195,WO-70136,30,E044,2025-12-04T13:30:00,119.08,Run,WC-INSP
LT-001196,WO-70136,30,E037,2025-12-01T11:45:00,39.69,Setup,WC-INSP
LT-001197,WO-70136,40,E013,2025-12-01T11:15:00,50.66,Setup,WC-PACK
LT-001198,WO-70136,40,E020,2025-12-06T10:15:00,33.77,Setup,WC-PACK
LT-001199,WO-70137,10,E037,2025-06-13T11:30:00,3.14,Run,WC-ASSY
LT-001200,WO-70137,10,E048,2025-06-21T13:30:00,2.09,Run,WC-ASSY
LT-001201,WO-70137,10,E014,2025-06-18T08:45:00,6.28,Run,WC-ASSY
LT-001202,WO-70137,20,E013,2025-06-18T11:15:00,3.24,Run,WC-CNC1
LT-001203,WO-70137,30,E016,2025-06-17T09:00:00,2.6,Run,WC-INSP
LT-001204,WO-70137,30,E019,2025-06-22T08:00:00,5.19,Run,WC-INSP
LT-001205,WO-70137,30,E017,2025-06-19T06:30:00,2.6,Setup,WC-INSP
LT-001206,WO-70137,40,E050,2025-06-17T12:00:00,11.49,Setup,WC-PACK
LT-001207,WO-70138,10,E009,2025-04-30T10:30:00,8.93,Setup,WC-CNC1
LT-001208,WO-70138,10,E045,2025-05-01T12:00:00,13.39,Setup,WC-CNC1
LT-001209,WO-70138,10,E042,2025-04-23T12:30:00,8.93,Run,WC-CNC1
LT-001210,WO-70138,20,E036,2025-04-27T10:45:00,29.35,Setup,WC-ASSY
LT-001211,WO-70138,30,E019,2025-04-27T12:30:00,11.21,Run,WC-INSP
LT-001212,WO-70138,30,E037,2025-04-28T11:15:00,16.81,Run,WC-INSP
LT-001213,WO-70138,30,E012,2025-04-25T12:00:00,16.81,Run,WC-INSP
LT-001214,WO-70138,40,E052,2025-04-27T08:45:00,32.57,Setup,WC-PACK
LT-001215,WO-70138,40,E030,2025-04-24T10:30:00,32.57,Run,WC-PACK
LT-001216,WO-70138,40,E032,2025-04-22T11:45:00,65.14,Run,WC-PACK
LT-001217,WO-70139,10,E034,2025-09-20T09:00:00,52.88,Run,WC-SAW
LT-001218,WO-70139,20,E022,2025-09-27T09:30:00,75.67,Run,WC-CNC2
LT-001219,WO-70139,30,E017,2025-09-27T14:30:00,7.4,Run,WC-CNC1
LT-001220,WO-70139,30,E045,2025-09-27T11:45:00,4.93,Run,WC-CNC1
LT-001221,WO-70139,40,E053,2025-09-28T14:45:00,11.58,Run,WC-ASSY
LT-001222,WO-70139,50,E024,2025-09-26T10:15:00,47.17,Setup,WC-INSP
LT-001223,WO-70139,50,E022,2025-09-28T12:30:00,15.72,Run,WC-INSP
LT-001224,WO-70139,50,E024,2025-09-24T12:45:00,23.59,Run,WC-INSP
LT-001225,WO-70139,60,E032,2025-09-29T08:30:00,17.62,Run,WC-PACK
LT-001226,WO-70140,10,E014,2025-04-19T08:30:00,3.8,Run,WC-SAW
LT-001227,WO-70140,20,E039,2025-04-17T06:15:00,3.87,Setup,WC-CNC1
LT-001228,WO-70140,20,E009,2025-04-18T13:30:00,11.62,Setup,WC-CNC1
LT-001229,WO-70140,30,E048,2025-04-19T13:30:00,18.77,Run,WC-CNC2
LT-001230,WO-70140,30,E025,2025-04-18T12:00:00,6.26,Run,WC-CNC2
LT-001231,WO-70140,30,E050,2025-04-15T06:30:00,6.26,Setup,WC-CNC2
LT-001232,WO-70140,40,E047,2025-04-12T12:45:00,6.01,Run,WC-ASSY
LT-001233,WO-70140,40,E019,2025-04-12T14:15:00,18.04,Setup,WC-ASSY
LT-001234,WO-70140,40,E095,2025-04-13T12:00:00,6.01,Run,WC-ASSY
LT-001235,WO-70140,50,E044,2025-04-20T11:30:00,2.69,Setup,WC-INSP
LT-001236,WO-70140,50,E018,2025-04-11T09:00:00,5.39,Setup,WC-INSP
LT-001237,WO-70140,60,E024,2025-04-10T11:45:00,7.39,Setup,WC-PACK
LT-001238,WO-70140,60,E043,2025-04-16T07:45:00,7.39,Setup,WC-PACK
LT-001239,WO-70140,60,E046,2025-04-17T10:45:00,14.79,Setup,WC-PACK
LT-001240,WO-70141,10,E036,2025-06-14T09:15:00,1.69,Run,WC-CNC1
LT-001241,WO-70141,10,E045,2025-06-15T08:15:00,1.69,Run,WC-CNC1
LT-001242,WO-70141,20,E013,2025-06-10T09:00:00,1.49,Setup,WC-ASSY
LT-001243,WO-70141,20,E009,2025-06-13T12:45:00,2.24,Run,WC-ASSY
LT-001244,WO-70141,20,E032,2025-06-17T06:15:00,2.24,Run,WC-ASSY
LT-001245,WO-70141,30,E043,2025-06-18T14:30:00,8.19,Run,WC-INSP
LT-001246,WO-70141,30,E095,2025-06-17T13:45:00,12.28,Run,WC-INSP
LT-001247,WO-70141,40,E051,2025-06-14T10:00:00,2.33,Run,WC-PACK
LT-001248,WO-70142,10,E013,2025-12-06T07:00:00,17.77,Run,WC-ASSY
LT-001249,WO-70142,20,E029,2025-11-30T06:15:00,9.54,Run,WC-SAW
LT-001250,WO-70142,30,E040,2025-11-30T13:15:00,7.18,Run,WC-DEBUR
LT-001251,WO-70142,30,E040,2025-12-01T10:00:00,3.59,Setup,WC-DEBUR
LT-001252,WO-70142,30,E052,2025-12-04T06:30:00,7.18,Run,WC-DEBUR
LT-001253,WO-70142,40,E036,2025-11-29T12:00:00,8.76,Run,WC-INSP
LT-001254,WO-70142,40,E018,2025-11-27T12:45:00,17.52,Run,WC-INSP
LT-001255,WO-70142,50,E031,2025-12-02T12:00:00,7.48,Run,WC-PACK
LT-001256,WO-70142,50,E046,2025-12-06T07:45:00,22.43,Setup,WC-PACK
LT-001257,WO-70142,50,E022,2025-12-04T11:45:00,7.48,Run,WC-PACK
LT-001258,WO-70143,10,E014,2025-11-18T13:30:00,1.43,Run,WC-SAW
LT-001259,WO-70143,10,E045,2025-11-25T14:45:00,2.14,Run,WC-SAW
LT-001260,WO-70143,20,E040,2025-11-21T06:00:00,4.6,Run,WC-CNC1
LT-001261,WO-70143,20,E053,2025-11-20T08:00:00,4.6,Run,WC-CNC1
LT-001262,WO-70143,20,E043,2025-11-28T06:15:00,3.06,Setup,WC-CNC1
LT-001263,WO-70143,30,E038,2025-11-18T06:30:00,12.63,Run,WC-ASSY
LT-001264,WO-70143,30,E011,2025-11-18T08:30:00,12.63,Setup,WC-ASSY
LT-001265,WO-70143,40,E053,2025-11-25T13:30:00,8.37,Run,WC-DEBUR
LT-001266,WO-70143,40,E033,2025-11-22T12:15:00,5.58,Run,WC-DEBUR
LT-001267,WO-70143,50,E049,2025-11-18T08:30:00,5.3,Run,WC-INSP
LT-001268,WO-70143,50,E011,2025-11-27T11:30:00,15.91,Run,WC-INSP
LT-001269,WO-70143,50,E044,2025-11-24T12:30:00,15.91,Setup,WC-INSP
LT-001270,WO-70143,60,E012,2025-11-24T14:30:00,3.33,Setup,WC-PACK
LT-001271,WO-70143,60,E040,2025-11-27T14:15:00,6.65,Run,WC-PACK
LT-001272,WO-70143,60,E020,2025-11-23T06:45:00,2.22,Run,WC-PACK
LT-001273,WO-70144,10,E026,2025-11-16T13:45:00,20.91,Setup,WC-CNC1
LT-001274,WO-70144,10,E036,2025-11-23T12:45:00,31.36,Run,WC-CNC1
LT-001275,WO-70144,10,E046,2025-11-17T12:15:00,31.36,Setup,WC-CNC1
LT-001276,WO-70144,20,E025,2025-11-15T12:15:00,22.67,Run,WC-DEBUR
LT-001277,WO-70144,20,E054,2025-11-17T09:30:00,7.56,Setup,WC-DEBUR
LT-001278,WO-70144,30,E023,2025-11-13T08:15:00,7.51,Run,WC-ASSY
LT-001279,WO-70144,30,E021,2025-11-20T06:30:00,7.51,Setup,WC-ASSY
LT-001280,WO-70144,40,E047,2025-11-20T14:30:00,20.18,Run,WC-SAW
LT-001281,WO-70144,40,E052,2025-11-13T10:00:00,20.18,Setup,WC-SAW
LT-001282,WO-70144,50,E052,2025-11-13T12:15:00,26.27,Setup,WC-INSP
LT-001283,WO-70144,50,E053,2025-11-22T14:30:00,39.4,Setup,WC-INSP
LT-001284,WO-70144,50,E044,2025-11-18T14:15:00,26.27,Setup,WC-INSP
LT-001285,WO-70144,60,E047,2025-11-13T07:15:00,51.63,Setup,WC-PACK
LT-001286,WO-70145,10,E054,2025-12-02T09:30:00,11.65,Setup,WC-CNC1
LT-001287,WO-70145,10,E037,2025-12-04T06:15:00,3.88,Run,WC-CNC1
LT-001288,WO-70145,20,E034,2025-12-07T09:30:00,13.56,Run,WC-ASSY
LT-001289,WO-70145,30,E048,2025-12-09T11:00:00,24.36,Run,WC-INSP
LT-001290,WO-70145,30,E011,2025-12-06T13:00:00,24.36,Setup,WC-INSP
LT-001291,WO-70145,40,E028,2025-12-12T06:15:00,12.24,Setup,WC-PACK
LT-001292,WO-70145,40,E042,2025-12-02T08:15:00,36.72,Run,WC-PACK
LT-001293,WO-70146,10,E011,2025-07-26T07:30:00,5.97,Run,WC-CNC2
LT-001294,WO-70146,10,E026,2025-07-25T10:30:00,1.99,Run,WC-CNC2
LT-001295,WO-70146,10,E034,2025-07-21T12:15:00,2.99,Setup,WC-CNC2
LT-001296,WO-70146,20,E017,2025-07-18T11:45:00,1.61,Setup,WC-DEBUR
LT-001297,WO-70146,20,E027,2025-07-23T10:45:00,1.61,Run,WC-DEBUR
LT-001298,WO-70146,20,E018,2025-07-19T12:15:00,1.61,Run,WC-DEBUR
LT-001299,WO-70146,30,E014,2025-07-25T10:30:00,0.87,Setup,WC-INSP
LT-001300,WO-70146,40,E016,2025-07-25T12:15:00,1.08,Setup,WC-PACK
LT-001301,WO-70147,10,E038,2026-02-18T06:30:00,2.02,Run,WC-CNC1
LT-001302,WO-70147,20,E015,2026-02-24T12:00:00,4.49,Run,WC-ASSY
LT-001303,WO-70147,20,E013,2026-02-21T10:30:00,2.25,Run,WC-ASSY
LT-001304,WO-70147,20,E044,2026-02-25T09:00:00,4.49,Run,WC-ASSY
LT-001305,WO-70147,30,E023,2026-02-17T11:30:00,13.89,Run,WC-INSP
LT-001306,WO-70147,30,E009,2026-02-23T10:15:00,13.89,Setup,WC-INSP
LT-001307,WO-70147,40,E047,2026-02-22T06:30:00,2.56,Run,WC-PACK
LT-001308,WO-70148,10,E026,2025-07-18T06:15:00,1.94,Setup,WC-SAW
LT-001309,WO-70148,10,E026,2025-07-20T06:30:00,1.94,Run,WC-SAW
LT-001310,WO-70148,10,E042,2025-07-17T06:45:00,2.92,Run,WC-SAW
LT-001311,WO-70148,20,E013,2025-07-20T06:45:00,5.38,Setup,WC-CNC1
LT-001312,WO-70148,20,E009,2025-07-25T14:45:00,3.59,Run,WC-CNC1
LT-001313,WO-70148,20,E050,2025-07-27T12:15:00,3.59,Setup,WC-CNC1
LT-001314,WO-70148,30,E041,2025-07-26T14:15:00,4.62,Setup,WC-INSP
LT-001315,WO-70148,40,E025,2025-07-22T11:45:00,4.03,Run,WC-PACK
LT-001316,WO-70149,10,E023,2026-02-17T13:45:00,6.27,Run,WC-SAW
LT-001317,WO-70149,20,E045,2026-02-15T10:00:00,9.46,Run,WC-CNC1
LT-001318,WO-70149,20,E053,2026-02-16T06:00:00,4.73,Run,WC-CNC1
LT-001319,WO-70149,30,E017,2026-02-19T09:45:00,8.81,Setup,WC-ASSY
LT-001320,WO-70149,40,E039,2026-02-23T12:00:00,6.99,Setup,WC-DEBUR
LT-001321,WO-70149,40,E015,2026-02-15T07:00:00,20.97,Run,WC-DEBUR
LT-001322,WO-70149,40,E029,2026-02-22T12:15:00,10.49,Run,WC-DEBUR
LT-001323,WO-70149,50,E031,2026-02-19T08:15:00,15.14,Setup,WC-INSP
LT-001324,WO-70149,50,E038,2026-02-19T06:15:00,5.05,Run,WC-INSP
LT-001325,WO-70149,50,E039,2026-02-16T12:30:00,15.14,Run,WC-INSP
LT-001326,WO-70149,60,E095,2026-02-20T08:15:00,4.35,Run,WC-PACK
LT-001327,WO-70149,60,E027,2026-02-23T13:00:00,2.9,Setup,WC-PACK
LT-001328,WO-70150,10,E025,2025-11-21T09:00:00,8.33,Setup,WC-CNC1
LT-001329,WO-70150,10,E038,2025-11-21T08:00:00,12.49,Run,WC-CNC1
LT-001330,WO-70150,10,E049,2025-11-23T14:00:00,8.33,Run,WC-CNC1
LT-001331,WO-70150,20,E051,2025-11-20T14:45:00,4.09,Run,WC-SAW
LT-001332,WO-70150,20,E032,2025-11-14T08:30:00,12.27,Setup,WC-SAW
LT-001333,WO-70150,30,E054,2025-11-15T06:30:00,40.75,Setup,WC-INSP
LT-001334,WO-70150,30,E038,2025-11-24T06:45:00,40.75,Setup,WC-INSP
LT-001335,WO-70150,30,E054,2025-11-21T11:45:00,27.16,Run,WC-INSP
LT-001336,WO-70150,40,E032,2025-11-24T06:00:00,41.44,Run,WC-PACK
LT-001337,WO-70150,40,E012,2025-11-22T12:45:00,41.44,Setup,WC-PACK
LT-001338,WO-70151,30,E020,2025-07-27T09:30:00,7.82,Run,WC-INSP
LT-001339,WO-70151,30,E033,2025-07-30T11:45:00,11.73,Run,WC-INSP
LT-001340,WO-70151,40,E054,2025-07-31T13:00:00,11.09,Run,WC-PACK
LT-001341,WO-70151,40,E034,2025-07-30T10:00:00,7.4,Run,WC-PACK
LT-001342,WO-70152,10,E011,2025-08-15T11:15:00,5.52,Run,WC-DEBUR
LT-001343,WO-70152,10,E040,2025-08-22T07:15:00,11.05,Run,WC-DEBUR
LT-001344,WO-70152,10,E030,2025-08-18T08:30:00,5.52,Setup,WC-DEBUR
LT-001345,WO-70152,20,E010,2025-08-18T10:45:00,5.84,Run,WC-SAW
LT-001346,WO-70152,30,E041,2025-08-13T07:00:00,13.2,Run,WC-CNC2
LT-001347,WO-70152,40,E051,2025-08-12T14:30:00,4.79,Run,WC-ASSY
LT-001348,WO-70152,40,E094,2025-08-18T14:30:00,14.36,Setup,WC-ASSY
LT-001349,WO-70152,40,E009,2025-08-22T08:00:00,4.79,Run,WC-ASSY
LT-001350,WO-70152,50,E029,2025-08-13T07:00:00,1.04,Run,WC-INSP
LT-001351,WO-70152,50,E053,2025-08-20T09:00:00,1.04,Setup,WC-INSP
LT-001352,WO-70152,60,E025,2025-08-19T11:00:00,6.28,Run,WC-PACK
LT-001353,WO-70152,60,E017,2025-08-21T06:00:00,3.14,Run,WC-PACK
LT-001354,WO-70152,60,E021,2025-08-16T10:30:00,3.14,Run,WC-PACK
LT-001355,WO-70153,10,E036,2025-04-23T14:00:00,6.86,Run,WC-ASSY
LT-001356,WO-70153,20,E041,2025-04-21T12:45:00,7.87,Setup,WC-CNC1
LT-001357,WO-70153,30,E029,2025-04-23T09:45:00,5.73,Run,WC-INSP
LT-001358,WO-70153,30,E026,2025-04-23T08:45:00,11.46,Run,WC-INSP
LT-001359,WO-70153,30,E042,2025-04-27T12:15:00,11.46,Run,WC-INSP
LT-001360,WO-70153,40,E026,2025-04-25T13:45:00,7.94,Setup,WC-PACK
LT-001361,WO-70153,40,E021,2025-04-20T06:45:00,15.89,Setup,WC-PACK
LT-001362,WO-70153,40,E016,2025-04-22T07:15:00,15.89,Run,WC-PACK
LT-001363,WO-70154,10,E037,2025-05-17T06:30:00,1.67,Setup,WC-SAW
LT-001364,WO-70154,20,E018,2025-05-10T10:15:00,8.8,Run,WC-CNC1
LT-001365,WO-70154,20,E018,2025-05-17T09:45:00,8.8,Run,WC-CNC1
LT-001366,WO-70154,20,E039,2025-05-08T13:15:00,8.8,Run,WC-CNC1
LT-001367,WO-70154,30,E052,2025-05-15T13:00:00,3.93,Run,WC-ASSY
LT-001368,WO-70154,30,E010,2025-05-07T10:30:00,5.9,Run,WC-ASSY
LT-001369,WO-70154,30,E049,2025-05-15T13:15:00,3.93,Run,WC-ASSY
LT-001370,WO-70154,40,E014,2025-05-15T06:30:00,6.1,Setup,WC-DEBUR
LT-001371,WO-70154,40,E032,2025-05-12T12:15:00,9.15,Run,WC-DEBUR
LT-001372,WO-70154,50,E041,2025-05-08T11:30:00,15.62,Setup,WC-INSP
LT-001373,WO-70154,50,E043,2025-05-10T10:00:00,5.21,Run,WC-INSP
LT-001374,WO-70154,60,E054,2025-05-15T14:15:00,7.57,Setup,WC-PACK
LT-001375,WO-70154,60,E040,2025-05-08T06:00:00,2.52,Run,WC-PACK
LT-001376,WO-70155,10,E048,2025-05-18T07:30:00,9.75,Run,WC-DEBUR
LT-001377,WO-70155,20,E026,2025-05-14T13:45:00,48.71,Run,WC-CNC1
LT-001378,WO-70155,20,E018,2025-05-14T09:00:00,16.24,Run,WC-CNC1
LT-001379,WO-70155,60,E037,2025-05-09T09:15:00,20.22,Run,WC-PACK
LT-001380,WO-70155,60,E053,2025-05-19T07:30:00,30.34,Setup,WC-PACK
LT-001381,WO-70155,60,E037,2025-05-10T12:15:00,30.34,Run,WC-PACK
LT-001382,WO-70156,10,E028,2025-09-20T12:30:00,23.52,Run,WC-DEBUR
LT-001383,WO-70156,10,E043,2025-09-19T07:30:00,23.52,Run,WC-DEBUR
LT-001384,WO-70156,20,E039,2025-09-19T08:45:00,4.92,Setup,WC-SAW
LT-001385,WO-70156,20,E040,2025-09-26T10:45:00,2.46,Run,WC-SAW
LT-001386,WO-70156,30,E021,2025-09-22T14:15:00,6.48,Setup,WC-INSP
LT-001387,WO-70156,30,E013,2025-09-27T12:00:00,4.32,Run,WC-INSP
LT-001388,WO-70156,30,E049,2025-09-18T08:30:00,6.48,Run,WC-INSP
LT-001389,WO-70156,40,E044,2025-09-25T11:00:00,13.16,Setup,WC-PACK
LT-001390,WO-70157,10,E036,2025-08-20T09:45:00,2.5,Run,WC-DEBUR
LT-001391,WO-70157,10,E020,2025-08-12T13:45:00,2.5,Setup,WC-DEBUR
LT-001392,WO-70157,20,E035,2025-08-18T08:45:00,6.88,Setup,WC-ASSY
LT-001393,WO-70157,20,E052,2025-08-14T09:30:00,3.44,Setup,WC-ASSY
LT-001394,WO-70157,30,E028,2025-08-19T07:45:00,0.98,Run,WC-SAW
LT-001395,WO-70157,30,E052,2025-08-21T06:45:00,2.94,Run,WC-SAW
LT-001396,WO-70157,30,E042,2025-08-12T14:45:00,1.47,Setup,WC-SAW
LT-001397,WO-70157,40,E021,2025-08-22T06:00:00,10.21,Setup,WC-CNC2
LT-001398,WO-70157,50,E044,2025-08-16T08:45:00,4.67,Run,WC-INSP
LT-001399,WO-70157,50,E016,2025-08-18T09:45:00,7.0,Setup,WC-INSP
LT-001400,WO-70157,50,E046,2025-08-13T13:45:00,4.67,Run,WC-INSP
LT-001401,WO-70157,60,E025,2025-08-17T10:00:00,3.2,Run,WC-PACK
LT-001402,WO-70157,60,E033,2025-08-16T14:00:00,3.2,Setup,WC-PACK
LT-001403,WO-70158,10,E014,2025-10-26T11:00:00,6.96,Run,WC-CNC2
LT-001404,WO-70158,20,E015,2025-10-28T10:30:00,7.51,Setup,WC-ASSY
LT-001405,WO-70158,20,E039,2025-10-26T10:15:00,7.51,Run,WC-ASSY
LT-001406,WO-70158,20,E041,2025-11-03T13:15:00,3.75,Setup,WC-ASSY
LT-001407,WO-70158,30,E025,2025-10-24T09:45:00,5.33,Run,WC-SAW
LT-001408,WO-70158,30,E036,2025-11-01T09:15:00,7.99,Setup,WC-SAW
LT-001409,WO-70158,40,E021,2025-10-29T13:15:00,9.83,Run,WC-DEBUR
LT-001410,WO-70158,40,E009,2025-11-02T07:30:00,9.83,Run,WC-DEBUR
LT-001411,WO-70158,50,E031,2025-11-02T14:45:00,10.29,Run,WC-INSP
LT-001412,WO-70158,50,E045,2025-10-25T14:45:00,3.43,Setup,WC-INSP
LT-001413,WO-70158,60,E095,2025-10-30T11:30:00,18.24,Run,WC-PACK
LT-001414,WO-70159,10,E036,2025-05-11T08:30:00,4.85,Run,WC-ASSY
LT-001415,WO-70159,10,E010,2025-05-14T13:45:00,9.7,Run,WC-ASSY
LT-001416,WO-70159,10,E033,2025-05-11T07:30:00,3.23,Run,WC-ASSY
LT-001417,WO-70159,20,E028,2025-05-13T12:15:00,6.25,Setup,WC-SAW
LT-001418,WO-70159,20,E030,2025-05-17T09:45:00,18.75,Run,WC-SAW
LT-001419,WO-70159,30,E095,2025-05-12T13:45:00,6.93,Run,WC-CNC2
LT-001420,WO-70159,30,E043,2025-05-19T14:00:00,6.93,Run,WC-CNC2
LT-001421,WO-70159,40,E020,2025-05-16T09:00:00,6.81,Run,WC-DEBUR
LT-001422,WO-70159,40,E049,2025-05-16T10:45:00,6.81,Setup,WC-DEBUR
LT-001423,WO-70159,40,E030,2025-05-15T11:45:00,20.43,Run,WC-DEBUR
LT-001424,WO-70159,50,E012,2025-05-16T09:30:00,2.37,Run,WC-INSP
LT-001425,WO-70159,50,E023,2025-05-09T12:15:00,3.56,Run,WC-INSP
LT-001426,WO-70159,60,E017,2025-05-13T13:00:00,8.92,Run,WC-PACK
LT-001427,WO-70159,60,E015,2025-05-11T13:00:00,26.75,Run,WC-PACK
LT-001428,WO-70160,10,E052,2025-09-17T11:15:00,8.03,Run,WC-DEBUR
LT-001429,WO-70160,20,E017,2025-09-21T09:00:00,8.25,Run,WC-SAW
LT-001430,WO-70160,30,E094,2025-09-20T10:45:00,5.37,Run,WC-INSP
LT-001431,WO-70160,30,E014,2025-09-21T10:45:00,16.12,Run,WC-INSP
LT-001432,WO-70160,30,E014,2025-09-17T08:30:00,8.06,Setup,WC-INSP
LT-001433,WO-70160,40,E010,2025-09-20T12:45:00,6.3,Run,WC-PACK
LT-001434,WO-70161,10,E010,2025-10-14T13:45:00,41.86,Setup,WC-CNC2
LT-001435,WO-70161,10,E031,2025-10-15T11:30:00,41.86,Run,WC-CNC2
LT-001436,WO-70161,20,E053,2025-10-15T11:30:00,62.7,Run,WC-ASSY
LT-001437,WO-70161,30,E044,2025-10-16T07:30:00,40.86,Run,WC-DEBUR
LT-001438,WO-70161,30,E030,2025-10-17T14:45:00,40.86,Run,WC-DEBUR
LT-001439,WO-70161,30,E020,2025-10-16T08:00:00,122.57,Run,WC-DEBUR
LT-001440,WO-70161,40,E012,2025-10-16T13:00:00,17.51,Run,WC-CNC1
LT-001441,WO-70161,50,E032,2025-10-14T10:15:00,41.71,Setup,WC-INSP
LT-001442,WO-70161,50,E014,2025-10-20T10:45:00,41.71,Run,WC-INSP
LT-001443,WO-70161,60,E018,2025-10-14T06:00:00,53.54,Run,WC-PACK
LT-001444,WO-70162,10,E015,2025-09-24T10:15:00,3.7,Run,WC-ASSY
LT-001445,WO-70162,10,E023,2025-09-17T06:15:00,3.7,Run,WC-ASSY
LT-001446,WO-70162,10,E031,2025-09-22T09:15:00,1.85,Setup,WC-ASSY
LT-001447,WO-70162,20,E017,2025-09-15T06:15:00,4.55,Setup,WC-CNC1
LT-001448,WO-70162,30,E052,2025-09-22T13:30:00,4.24,Run,WC-INSP
LT-001449,WO-70162,40,E036,2025-09-19T06:00:00,2.23,Run,WC-PACK
LT-001450,WO-70162,40,E046,2025-09-19T10:00:00,4.46,Run,WC-PACK
LT-001451,WO-70163,10,E022,2025-05-08T12:00:00,21.59,Setup,WC-CNC2
LT-001452,WO-70163,10,E021,2025-05-02T08:45:00,10.8,Run,WC-CNC2
LT-001453,WO-70163,20,E011,2025-05-01T12:15:00,32.92,Run,WC-ASSY
LT-001454,WO-70163,20,E038,2025-05-09T07:15:00,10.97,Setup,WC-ASSY
LT-001455,WO-70163,20,E045,2025-05-10T08:15:00,16.46,Setup,WC-ASSY
LT-001456,WO-70163,30,E050,2025-05-08T08:15:00,8.18,Setup,WC-DEBUR
LT-001457,WO-70163,40,E026,2025-05-06T08:00:00,3.71,Setup,WC-CNC1
LT-001458,WO-70163,40,E030,2025-05-11T07:00:00,3.71,Run,WC-CNC1
LT-001459,WO-70163,50,E023,2025-05-02T06:15:00,19.13,Run,WC-INSP
LT-001460,WO-70163,60,E044,2025-05-10T10:00:00,4.6,Setup,WC-PACK
LT-001461,WO-70163,60,E037,2025-05-06T11:30:00,4.6,Setup,WC-PACK
LT-001462,WO-70163,60,E009,2025-05-11T11:30:00,4.6,Setup,WC-PACK
LT-001463,WO-70164,10,E038,2026-02-10T08:15:00,42.17,Run,WC-SAW
LT-001464,WO-70164,10,E024,2026-02-17T14:45:00,21.09,Setup,WC-SAW
LT-001465,WO-70164,20,E041,2026-02-16T14:30:00,69.33,Setup,WC-CNC1
LT-001466,WO-70164,20,E032,2026-02-09T07:00:00,69.33,Run,WC-CNC1
LT-001467,WO-70164,20,E039,2026-02-12T09:45:00,69.33,Setup,WC-CNC1
LT-001468,WO-70164,30,E015,2026-02-15T12:00:00,8.76,Setup,WC-INSP
LT-001469,WO-70164,30,E038,2026-02-13T06:15:00,26.27,Run,WC-INSP
LT-001470,WO-70164,40,E023,2026-02-14T10:45:00,83.6,Run,WC-PACK
LT-001471,WO-70164,40,E043,2026-02-16T09:00:00,41.8,Run,WC-PACK
LT-001472,WO-70165,10,E040,2025-04-08T06:00:00,20.39,Run,WC-SAW
LT-001473,WO-70165,10,E015,2025-04-12T14:30:00,10.2,Run,WC-SAW
LT-001474,WO-70165,20,E049,2025-04-04T06:00:00,45.64,Setup,WC-CNC2
LT-001475,WO-70165,20,E046,2025-04-11T10:45:00,15.21,Setup,WC-CNC2
LT-001476,WO-70165,20,E011,2025-04-04T08:15:00,15.21,Run,WC-CNC2
LT-001477,WO-70165,30,E044,2025-04-09T07:45:00,10.96,Run,WC-INSP
LT-001478,WO-70165,30,E045,2025-04-08T14:00:00,21.92,Setup,WC-INSP
LT-001479,WO-70165,30,E016,2025-04-10T12:15:00,21.92,Run,WC-INSP
LT-001480,WO-70165,40,E023,2025-04-04T08:30:00,76.63,Setup,WC-PACK
LT-001481,WO-70166,10,E047,2025-12-17T14:15:00,5.48,Run,WC-DEBUR
LT-001482,WO-70166,10,E036,2025-12-15T12:30:00,10.96,Run,WC-DEBUR
LT-001483,WO-70166,10,E035,2025-12-17T08:15:00,10.96,Run,WC-DEBUR
LT-001484,WO-70166,20,E010,2025-12-20T08:15:00,2.39,Run,WC-SAW
LT-001485,WO-70166,30,E034,2025-12-17T09:00:00,1.78,Run,WC-INSP
LT-001486,WO-70166,40,E016,2025-12-22T09:15:00,13.35,Run,WC-PACK
LT-001487,WO-70166,40,E047,2025-12-22T13:30:00,6.68,Run,WC-PACK
LT-001488,WO-70166,40,E011,2025-12-17T11:30:00,13.35,Run,WC-PACK
LT-001489,WO-70167,10,E010,2025-05-10T13:00:00,2.51,Run,WC-ASSY
LT-001490,WO-70167,10,E054,2025-05-16T06:00:00,2.51,Run,WC-ASSY
LT-001491,WO-70167,10,E016,2025-05-06T11:45:00,3.76,Run,WC-ASSY
LT-001492,WO-70167,20,E050,2025-05-16T09:00:00,1.35,Run,WC-SAW
LT-001493,WO-70167,20,E015,2025-05-11T13:30:00,2.7,Run,WC-SAW
LT-001494,WO-70167,30,E034,2025-05-12T09:30:00,5.3,Run,WC-INSP
LT-001495,WO-70167,30,E040,2025-05-15T11:30:00,1.77,Setup,WC-INSP
LT-001496,WO-70167,40,E051,2025-05-13T06:45:00,1.16,Run,WC-PACK
LT-001497,WO-70168,10,E019,2025-09-30T14:45:00,26.41,Run,WC-CNC2
LT-001498,WO-70168,10,E038,2025-09-26T07:15:00,26.41,Run,WC-CNC2
LT-001499,WO-70168,20,E021,2025-09-26T11:00:00,18.02,Setup,WC-DEBUR
LT-001500,WO-70168,20,E050,2025-09-25T09:30:00,36.04,Run,WC-DEBUR
LT-001501,WO-70168,30,E029,2025-10-03T14:30:00,3.11,Setup,WC-INSP
LT-001502,WO-70168,40,E039,2025-09-27T10:00:00,12.11,Run,WC-PACK
LT-001503,WO-70168,40,E053,2025-09-26T14:30:00,8.07,Setup,WC-PACK
LT-001504,WO-70168,40,E035,2025-09-30T13:15:00,24.21,Run,WC-PACK
LT-001505,WO-70169,10,E019,2025-11-24T06:00:00,31.13,Run,WC-SAW
LT-001506,WO-70169,10,E020,2025-11-26T06:45:00,31.13,Run,WC-SAW
LT-001507,WO-70169,10,E030,2025-11-21T09:15:00,31.13,Setup,WC-SAW
LT-001508,WO-70169,20,E009,2025-11-16T08:30:00,19.43,Run,WC-CNC1
LT-001509,WO-70169,20,E031,2025-11-21T13:15:00,12.95,Setup,WC-CNC1
LT-001510,WO-70169,20,E048,2025-11-22T10:45:00,19.43,Run,WC-CNC1
LT-001511,WO-70169,30,E050,2025-11-21T10:45:00,60.46,Run,WC-INSP
LT-001512,WO-70169,30,E031,2025-11-19T11:00:00,120.92,Run,WC-INSP
LT-001513,WO-70169,30,E045,2025-11-25T11:45:00,60.46,Setup,WC-INSP
LT-001514,WO-70169,40,E025,2025-11-22T12:15:00,62.82,Run,WC-PACK
LT-001515,WO-70170,10,E044,2025-08-05T14:00:00,1.95,Setup,WC-ASSY
LT-001516,WO-70170,10,E035,2025-08-01T14:00:00,1.95,Run,WC-ASSY
LT-001517,WO-70170,20,E043,2025-07-31T06:45:00,5.03,Run,WC-SAW
LT-001518,WO-70170,20,E034,2025-08-04T11:45:00,2.52,Run,WC-SAW
LT-001519,WO-70170,20,E036,2025-08-05T14:00:00,1.68,Setup,WC-SAW
LT-001520,WO-70170,30,E045,2025-07-26T08:15:00,5.95,Run,WC-CNC2
LT-001521,WO-70170,30,E017,2025-07-27T06:45:00,5.95,Run,WC-CNC2
LT-001522,WO-70170,40,E035,2025-08-02T07:30:00,1.57,Setup,WC-DEBUR
LT-001523,WO-70170,40,E047,2025-08-02T07:00:00,4.7,Run,WC-DEBUR
LT-001524,WO-70170,50,E023,2025-07-31T14:30:00,1.49,Setup,WC-INSP
LT-001525,WO-70170,60,E046,2025-07-26T14:45:00,2.09,Run,WC-PACK
LT-001526,WO-70170,60,E029,2025-08-03T13:30:00,2.09,Run,WC-PACK
LT-001527,WO-70171,10,E053,2026-03-07T13:45:00,4.72,Run,WC-DEBUR
LT-001528,WO-70171,30,E031,2026-03-04T10:45:00,14.65,Setup,WC-SAW
LT-001529,WO-70171,40,E011,2026-03-06T13:15:00,37.3,Setup,WC-ASSY
LT-001530,WO-70171,60,E095,2026-03-05T06:45:00,11.3,Setup,WC-PACK
LT-001531,WO-70172,10,E042,2025-06-27T13:30:00,2.52,Setup,WC-DEBUR
LT-001532,WO-70172,20,E021,2025-06-25T09:30:00,1.6,Setup,WC-CNC2
LT-001533,WO-70172,20,E009,2025-06-29T14:15:00,4.79,Run,WC-CNC2
LT-001534,WO-70172,20,E040,2025-06-30T14:15:00,1.6,Setup,WC-CNC2
LT-001535,WO-70172,30,E029,2025-06-20T09:15:00,2.87,Run,WC-INSP
LT-001536,WO-70172,30,E020,2025-06-30T08:30:00,1.92,Run,WC-INSP
LT-001537,WO-70172,40,E009,2025-06-28T10:15:00,7.35,Setup,WC-PACK
LT-001538,WO-70172,40,E015,2025-06-28T14:30:00,3.68,Setup,WC-PACK
LT-001539,WO-70172,40,E046,2025-06-26T10:15:00,2.45,Setup,WC-PACK
LT-001540,WO-70173,10,E016,2025-04-16T11:15:00,4.03,Run,WC-ASSY
LT-001541,WO-70173,20,E046,2025-04-17T13:15:00,8.18,Run,WC-CNC1
LT-001542,WO-70173,20,E037,2025-04-14T08:00:00,24.55,Setup,WC-CNC1
LT-001543,WO-70173,20,E035,2025-04-13T11:15:00,8.18,Run,WC-CNC1
LT-001544,WO-70173,30,E026,2025-04-15T13:45:00,13.47,Run,WC-INSP
LT-001545,WO-70173,30,E021,2025-04-10T08:15:00,6.74,Setup,WC-INSP
LT-001546,WO-70173,30,E043,2025-04-15T07:00:00,6.74,Setup,WC-INSP
LT-001547,WO-70173,40,E017,2025-04-11T11:45:00,5.89,Setup,WC-PACK
LT-001548,WO-70173,40,E015,2025-04-12T13:30:00,5.89,Run,WC-PACK
LT-001549,WO-70173,40,E027,2025-04-20T07:00:00,5.89,Run,WC-PACK
LT-001550,WO-70174,10,E012,2025-05-13T08:00:00,2.5,Run,WC-CNC1
LT-001551,WO-70174,10,E029,2025-05-12T14:00:00,3.75,Run,WC-CNC1
LT-001552,WO-70174,10,E028,2025-05-12T11:30:00,2.5,Run,WC-CNC1
LT-001553,WO-70174,20,E018,2025-05-13T12:15:00,1.49,Setup,WC-SAW
LT-001554,WO-70174,20,E033,2025-05-10T14:15:00,1.49,Run,WC-SAW
LT-001555,WO-70174,30,E026,2025-05-12T13:00:00,9.29,Run,WC-INSP
LT-001556,WO-70174,30,E013,2025-05-09T14:00:00,9.29,Run,WC-INSP
LT-001557,WO-70174,40,E014,2025-05-03T08:45:00,15.74,Run,WC-PACK
LT-001558,WO-70175,10,E021,2025-06-27T13:45:00,2.1,Run,WC-SAW
LT-001559,WO-70175,20,E015,2025-07-01T11:00:00,4.92,Run,WC-CNC1
LT-001560,WO-70175,20,E051,2025-07-02T09:45:00,4.92,Run,WC-CNC1
LT-001561,WO-70175,30,E019,2025-06-30T08:00:00,4.01,Run,WC-ASSY
LT-001562,WO-70175,30,E054,2025-06-25T13:00:00,8.02,Run,WC-ASSY
LT-001563,WO-70175,40,E015,2025-06-26T13:15:00,3.76,Run,WC-DEBUR
LT-001564,WO-70175,40,E037,2025-06-26T07:45:00,3.76,Run,WC-DEBUR
LT-001565,WO-70175,40,E032,2025-06-27T06:45:00,3.76,Run,WC-DEBUR
LT-001566,WO-70175,50,E010,2025-06-26T11:45:00,7.06,Setup,WC-INSP
LT-001567,WO-70175,50,E037,2025-06-30T12:15:00,3.53,Setup,WC-INSP
LT-001568,WO-70175,50,E038,2025-06-26T07:15:00,2.35,Run,WC-INSP
LT-001569,WO-70175,60,E035,2025-07-01T14:00:00,2.01,Run,WC-PACK
LT-001570,WO-70175,60,E024,2025-06-30T13:45:00,4.02,Setup,WC-PACK
LT-001571,WO-70176,10,E033,2025-06-02T08:15:00,11.6,Run,WC-SAW
LT-001572,WO-70176,10,E036,2025-06-01T06:45:00,5.8,Run,WC-SAW
LT-001573,WO-70176,20,E012,2025-06-03T13:15:00,5.59,Setup,WC-CNC1
LT-001574,WO-70176,30,E054,2025-06-02T07:15:00,3.48,Run,WC-INSP
LT-001575,WO-70176,30,E033,2025-05-28T13:30:00,3.48,Run,WC-INSP
LT-001576,WO-70176,40,E015,2025-06-03T12:30:00,16.02,Setup,WC-PACK
LT-001577,WO-70176,40,E038,2025-06-05T09:00:00,5.34,Setup,WC-PACK
LT-001578,WO-70177,10,E045,2025-05-08T08:00:00,1.43,Setup,WC-SAW
LT-001579,WO-70177,10,E039,2025-05-15T10:00:00,0.95,Setup,WC-SAW
LT-001580,WO-70177,10,E013,2025-05-11T12:15:00,1.43,Run,WC-SAW
LT-001581,WO-70177,20,E012,2025-05-09T10:45:00,3.89,Run,WC-CNC2
LT-001582,WO-70177,20,E023,2025-05-12T06:15:00,2.6,Run,WC-CNC2
LT-001583,WO-70177,20,E019,2025-05-08T08:00:00,2.6,Setup,WC-CNC2
LT-001584,WO-70177,30,E031,2025-05-08T12:30:00,1.86,Run,WC-CNC1
LT-001585,WO-70177,30,E046,2025-05-10T08:45:00,2.79,Setup,WC-CNC1
LT-001586,WO-70177,30,E026,2025-05-16T13:00:00,1.86,Run,WC-CNC1
LT-001587,WO-70177,40,E034,2025-05-16T07:45:00,3.96,Run,WC-ASSY
LT-001588,WO-70177,50,E050,2025-05-06T09:45:00,4.89,Run,WC-INSP
LT-001589,WO-70177,50,E009,2025-05-09T14:30:00,4.89,Setup,WC-INSP
LT-001590,WO-70177,60,E047,2025-05-16T10:45:00,0.97,Setup,WC-PACK
LT-001591,WO-70178,10,E043,2026-02-02T06:30:00,28.28,Run,WC-SAW
LT-001592,WO-70178,20,E010,2026-02-02T11:30:00,33.61,Run,WC-DEBUR
LT-001593,WO-70178,20,E041,2026-02-10T06:30:00,100.84,Run,WC-DEBUR
LT-001594,WO-70178,30,E014,2026-01-31T13:45:00,120.89,Setup,WC-ASSY
LT-001595,WO-70178,30,E023,2026-02-08T12:30:00,120.89,Run,WC-ASSY
LT-001596,WO-70178,30,E049,2026-02-04T06:00:00,60.45,Run,WC-ASSY
LT-001597,WO-70178,40,E048,2026-02-06T14:15:00,16.94,Run,WC-INSP
LT-001598,WO-70178,50,E053,2026-02-06T13:45:00,38.71,Run,WC-PACK
LT-001599,WO-70179,10,E028,2025-10-08T07:15:00,1.6,Run,WC-SAW
LT-001600,WO-70179,20,E019,2025-10-03T11:15:00,3.73,Run,WC-CNC1
LT-001601,WO-70179,20,E042,2025-10-05T11:15:00,3.73,Run,WC-CNC1
LT-001602,WO-70179,30,E040,2025-10-12T10:00:00,1.9,Run,WC-INSP
LT-001603,WO-70179,30,E051,2025-10-08T06:15:00,5.69,Run,WC-INSP
LT-001604,WO-70179,30,E050,2025-10-03T07:45:00,5.69,Run,WC-INSP
LT-001605,WO-70179,40,E040,2025-10-06T06:00:00,6.22,Run,WC-PACK
LT-001606,WO-70179,40,E014,2025-10-10T14:30:00,6.22,Run,WC-PACK
LT-001607,WO-70179,40,E043,2025-10-10T09:45:00,2.07,Run,WC-PACK
LT-001608,WO-70180,30,E094,2026-03-09T09:15:00,29.9,Run,WC-DEBUR
LT-001609,WO-70180,30,E019,2026-03-10T12:45:00,29.9,Setup,WC-DEBUR
LT-001610,WO-70180,40,E021,2026-03-08T13:00:00,12.44,Run,WC-CNC2
LT-001611,WO-70180,40,E029,2026-03-09T13:00:00,24.88,Run,WC-CNC2
LT-001612,WO-70180,40,E018,2026-03-18T14:45:00,8.29,Run,WC-CNC2
LT-001613,WO-70180,50,E030,2026-03-13T12:00:00,14.73,Setup,WC-INSP
LT-001614,WO-70180,50,E049,2026-03-14T09:30:00,14.73,Run,WC-INSP
LT-001615,WO-70180,50,E053,2026-03-18T13:00:00,7.37,Run,WC-INSP
LT-001616,WO-70180,60,E033,2026-03-15T12:30:00,2.68,Run,WC-PACK
LT-001617,WO-70180,60,E010,2026-03-17T11:00:00,5.35,Run,WC-PACK
LT-001618,WO-70181,10,E014,2026-03-12T07:00:00,7.78,Run,WC-CNC1
LT-001619,WO-70181,10,E052,2026-03-12T08:45:00,7.78,Setup,WC-CNC1
LT-001620,WO-70181,20,E013,2026-03-15T07:00:00,16.73,Run,WC-ASSY
LT-001621,WO-70181,20,E016,2026-03-16T11:00:00,5.58,Setup,WC-ASSY
LT-001622,WO-70181,30,E020,2026-03-12T12:00:00,3.27,Setup,WC-INSP
LT-001623,WO-70181,30,E028,2026-03-15T11:15:00,3.27,Run,WC-INSP
LT-001624,WO-70181,40,E021,2026-03-11T10:45:00,20.05,Setup,WC-PACK
LT-001625,WO-70181,40,E023,2026-03-16T06:45:00,10.02,Run,WC-PACK
LT-001626,WO-70181,40,E017,2026-03-14T06:30:00,10.02,Setup,WC-PACK
LT-001627,WO-70182,10,E029,2026-01-25T08:30:00,1.26,Setup,WC-SAW
LT-001628,WO-70182,10,E036,2026-01-22T12:45:00,1.89,Run,WC-SAW
LT-001629,WO-70182,10,E012,2026-01-17T07:15:00,1.26,Setup,WC-SAW
LT-001630,WO-70182,20,E027,2026-01-25T07:45:00,11.34,Setup,WC-CNC2
LT-001631,WO-70182,30,E051,2026-01-25T10:45:00,4.17,Run,WC-CNC1
LT-001632,WO-70182,30,E023,2026-01-18T06:15:00,4.17,Setup,WC-CNC1
LT-001633,WO-70182,40,E028,2026-01-19T12:15:00,4.1,Run,WC-ASSY
LT-001634,WO-70182,40,E049,2026-01-24T08:15:00,4.1,Run,WC-ASSY
LT-001635,WO-70182,40,E011,2026-01-22T07:30:00,4.1,Run,WC-ASSY
LT-001636,WO-70182,50,E048,2026-01-24T13:15:00,15.97,Setup,WC-INSP
LT-001637,WO-70182,50,E018,2026-01-21T07:00:00,15.97,Run,WC-INSP
LT-001638,WO-70182,50,E028,2026-01-19T08:15:00,7.99,Run,WC-INSP
LT-001639,WO-70182,60,E041,2026-01-20T13:45:00,6.2,Run,WC-PACK
LT-001640,WO-70182,60,E016,2026-01-25T14:45:00,3.1,Run,WC-PACK
LT-001641,WO-70182,60,E095,2026-01-18T12:00:00,2.07,Run,WC-PACK
LT-001642,WO-70183,10,E029,2025-08-02T10:15:00,45.16,Run,WC-ASSY
LT-001643,WO-70183,10,E043,2025-08-02T06:45:00,45.16,Setup,WC-ASSY
LT-001644,WO-70183,20,E017,2025-08-06T13:15:00,28.36,Run,WC-CNC1
LT-001645,WO-70183,20,E014,2025-08-03T10:45:00,18.91,Run,WC-CNC1
LT-001646,WO-70183,30,E044,2025-08-11T13:30:00,57.96,Setup,WC-INSP
LT-001647,WO-70183,40,E095,2025-08-04T06:45:00,104.02,Setup,WC-PACK
LT-001648,WO-70183,40,E038,2025-08-06T07:15:00,34.67,Run,WC-PACK
LT-001649,WO-70184,10,E036,2025-05-25T06:15:00,12.12,Setup,WC-ASSY
LT-001650,WO-70184,10,E044,2025-06-03T14:00:00,4.04,Run,WC-ASSY
LT-001651,WO-70184,20,E037,2025-06-04T13:45:00,1.47,Setup,WC-SAW
LT-001652,WO-70184,20,E020,2025-05-28T10:30:00,1.47,Setup,WC-SAW
LT-001653,WO-70184,20,E030,2025-05-27T12:00:00,0.98,Run,WC-SAW
LT-001654,WO-70184,30,E045,2025-05-28T14:15:00,8.81,Setup,WC-INSP
LT-001655,WO-70184,30,E038,2025-05-28T06:45:00,8.81,Run,WC-INSP
LT-001656,WO-70184,30,E024,2025-05-31T12:00:00,8.81,Setup,WC-INSP
LT-001657,WO-70184,40,E015,2025-05-25T06:15:00,4.3,Run,WC-PACK
LT-001658,WO-70185,10,E019,2025-08-20T06:00:00,3.49,Setup,WC-CNC1
LT-001659,WO-70185,10,E051,2025-08-26T10:15:00,3.49,Run,WC-CNC1
LT-001660,WO-70185,10,E009,2025-08-22T08:45:00,1.75,Setup,WC-CNC1
LT-001661,WO-70185,20,E025,2025-08-22T13:00:00,2.17,Run,WC-ASSY
LT-001662,WO-70185,20,E048,2025-08-25T07:45:00,2.17,Run,WC-ASSY
LT-001663,WO-70185,20,E094,2025-08-30T10:30:00,1.08,Setup,WC-ASSY
LT-001664,WO-70185,30,E039,2025-08-20T07:15:00,7.06,Setup,WC-INSP
LT-001665,WO-70185,30,E049,2025-08-24T07:00:00,14.12,Run,WC-INSP
LT-001666,WO-70185,40,E030,2025-08-29T11:15:00,4.2,Run,WC-PACK
LT-001667,WO-70185,40,E018,2025-08-27T08:15:00,1.4,Run,WC-PACK
LT-001668,WO-70186,10,E028,2025-07-19T06:15:00,117.71,Run,WC-ASSY
LT-001669,WO-70186,20,E029,2025-07-16T08:00:00,4.05,Run,WC-SAW
LT-001670,WO-70186,20,E095,2025-07-20T06:15:00,4.05,Setup,WC-SAW
LT-001671,WO-70186,20,E023,2025-07-17T12:00:00,12.14,Run,WC-SAW
LT-001672,WO-70186,30,E045,2025-07-22T06:00:00,25.31,Run,WC-INSP
LT-001673,WO-70186,30,E039,2025-07-23T11:15:00,37.97,Setup,WC-INSP
LT-001674,WO-70186,40,E015,2025-07-23T09:30:00,17.55,Run,WC-PACK
LT-001675,WO-70187,10,E049,2025-06-01T13:00:00,1.03,Setup,WC-CNC1
LT-001676,WO-70187,10,E010,2025-06-05T06:30:00,1.03,Run,WC-CNC1
LT-001677,WO-70187,20,E029,2025-05-29T07:00:00,1.0,Run,WC-ASSY
LT-001678,WO-70187,30,E043,2025-06-05T11:15:00,2.47,Setup,WC-INSP
LT-001679,WO-70187,30,E035,2025-05-29T11:45:00,3.71,Run,WC-INSP
LT-001680,WO-70187,30,E021,2025-06-02T06:45:00,3.71,Run,WC-INSP
LT-001681,WO-70187,40,E095,2025-06-03T08:15:00,1.03,Run,WC-PACK
LT-001682,WO-70187,40,E042,2025-06-06T07:00:00,0.69,Setup,WC-PACK
LT-001683,WO-70188,30,E036,2025-05-16T12:30:00,3.45,Setup,WC-CNC2
LT-001684,WO-70188,30,E039,2025-05-09T08:45:00,3.45,Setup,WC-CNC2
LT-001685,WO-70188,40,E054,2025-05-14T09:30:00,7.04,Run,WC-ASSY
LT-001686,WO-70188,40,E047,2025-05-11T06:00:00,2.35,Setup,WC-ASSY
LT-001687,WO-70188,50,E054,2025-05-12T12:00:00,2.66,Run,WC-INSP
LT-001688,WO-70188,50,E036,2025-05-10T07:00:00,2.66,Run,WC-INSP
LT-001689,WO-70188,50,E024,2025-05-08T06:00:00,0.89,Run,WC-INSP
LT-001690,WO-70189,10,E038,2026-02-12T12:15:00,9.4,Run,WC-DEBUR
LT-001691,WO-70189,10,E028,2026-02-12T12:15:00,28.19,Run,WC-DEBUR
LT-001692,WO-70189,10,E047,2026-02-18T09:15:00,14.09,Setup,WC-DEBUR
LT-001693,WO-70189,20,E038,2026-02-16T10:00:00,20.3,Run,WC-CNC2
LT-001694,WO-70189,20,E022,2026-02-12T09:15:00,10.15,Setup,WC-CNC2
LT-001695,WO-70189,20,E040,2026-02-13T13:30:00,20.3,Setup,WC-CNC2
LT-001696,WO-70189,30,E012,2026-02-21T06:45:00,6.86,Setup,WC-INSP
LT-001697,WO-70189,40,E010,2026-02-21T08:30:00,12.35,Run,WC-PACK
LT-001698,WO-70190,10,E051,2025-08-11T08:45:00,36.36,Setup,WC-SAW
LT-001699,WO-70190,20,E031,2025-08-09T07:30:00,58.04,Setup,WC-CNC1
LT-001700,WO-70190,20,E048,2025-08-06T11:30:00,58.04,Run,WC-CNC1
LT-001701,WO-70190,20,E052,2025-08-10T14:00:00,58.04,Run,WC-CNC1
LT-001702,WO-70190,30,E046,2025-08-09T09:00:00,36.35,Run,WC-INSP
LT-001703,WO-70190,40,E029,2025-08-04T10:30:00,78.79,Run,WC-PACK
LT-001704,WO-70191,10,E042,2025-12-23T08:00:00,22.34,Setup,WC-ASSY
LT-001705,WO-70191,10,E040,2025-12-24T10:30:00,11.17,Run,WC-ASSY
LT-001706,WO-70191,10,E033,2025-12-23T07:30:00,22.34,Run,WC-ASSY
LT-001707,WO-70191,20,E021,2025-12-23T08:00:00,1.38,Run,WC-SAW
LT-001708,WO-70191,20,E031,2025-12-29T08:30:00,4.13,Run,WC-SAW
LT-001709,WO-70191,20,E018,2025-12-22T09:15:00,2.07,Setup,WC-SAW
LT-001710,WO-70191,30,E025,2025-12-20T09:00:00,17.25,Setup,WC-INSP
LT-001711,WO-70191,30,E038,2025-12-22T13:45:00,17.25,Run,WC-INSP
LT-001712,WO-70191,30,E044,2025-12-27T06:00:00,17.25,Run,WC-INSP
LT-001713,WO-70191,40,E044,2025-12-27T07:15:00,9.92,Setup,WC-PACK
LT-001714,WO-70192,10,E054,2025-10-21T10:15:00,2.43,Setup,WC-CNC2
LT-001715,WO-70192,10,E038,2025-10-22T14:45:00,7.28,Run,WC-CNC2
LT-001716,WO-70192,10,E035,2025-10-14T12:00:00,7.28,Run,WC-CNC2
LT-001717,WO-70192,20,E052,2025-10-19T14:30:00,8.63,Setup,WC-ASSY
LT-001718,WO-70192,20,E042,2025-10-17T07:00:00,2.88,Run,WC-ASSY
LT-001719,WO-70192,30,E047,2025-10-14T14:00:00,2.85,Run,WC-DEBUR
LT-001720,WO-70192,40,E053,2025-10-22T08:45:00,1.4,Run,WC-CNC1
LT-001721,WO-70192,40,E012,2025-10-22T11:00:00,2.1,Run,WC-CNC1
LT-001722,WO-70192,50,E038,2025-10-14T13:45:00,3.76,Run,WC-INSP
LT-001723,WO-70192,50,E034,2025-10-23T13:00:00,2.51,Setup,WC-INSP
LT-001724,WO-70192,50,E030,2025-10-13T09:15:00,3.76,Setup,WC-INSP
LT-001725,WO-70192,60,E025,2025-10-14T06:00:00,3.68,Run,WC-PACK
LT-001726,WO-70193,10,E052,2025-08-23T10:45:00,0.57,Run,WC-CNC1
LT-001727,WO-70193,10,E030,2025-08-17T12:15:00,0.86,Setup,WC-CNC1
LT-001728,WO-70193,10,E032,2025-08-22T07:00:00,1.71,Run,WC-CNC1
LT-001729,WO-70193,20,E053,2025-08-19T09:30:00,1.46,Setup,WC-ASSY
LT-001730,WO-70193,30,E030,2025-08-25T06:45:00,1.55,Run,WC-INSP
LT-001731,WO-70193,30,E049,2025-08-22T13:45:00,4.66,Run,WC-INSP
LT-001732,WO-70193,30,E024,2025-08-17T14:15:00,4.66,Run,WC-INSP
LT-001733,WO-70193,40,E047,2025-08-23T06:30:00,1.87,Run,WC-PACK
LT-001734,WO-70193,40,E037,2025-08-25T08:30:00,5.61,Run,WC-PACK
LT-001735,WO-70194,10,E030,2025-06-20T11:45:00,62.35,Setup,WC-DEBUR
LT-001736,WO-70194,10,E014,2025-06-28T11:30:00,62.35,Run,WC-DEBUR
LT-001737,WO-70194,20,E011,2025-06-24T06:30:00,22.98,Setup,WC-CNC1
LT-001738,WO-70194,20,E035,2025-06-21T09:15:00,22.98,Setup,WC-CNC1
LT-001739,WO-70194,30,E045,2025-06-29T13:15:00,14.26,Run,WC-ASSY
LT-001740,WO-70194,30,E038,2025-06-27T14:30:00,21.39,Setup,WC-ASSY
LT-001741,WO-70194,40,E048,2025-06-29T07:15:00,9.26,Run,WC-SAW
LT-001742,WO-70194,40,E054,2025-06-25T09:00:00,18.52,Run,WC-SAW
LT-001743,WO-70194,50,E013,2025-06-29T14:45:00,37.69,Run,WC-INSP
LT-001744,WO-70194,50,E029,2025-06-29T11:45:00,12.56,Run,WC-INSP
LT-001745,WO-70194,60,E018,2025-06-29T07:15:00,8.57,Setup,WC-PACK
LT-001746,WO-70195,10,E020,2025-07-16T10:15:00,1.78,Setup,WC-SAW
LT-001747,WO-70195,20,E023,2025-07-22T06:30:00,3.49,Run,WC-CNC2
LT-001748,WO-70195,30,E011,2025-07-15T09:00:00,2.15,Run,WC-INSP
LT-001749,WO-70195,30,E011,2025-07-19T14:00:00,3.22,Setup,WC-INSP
LT-001750,WO-70195,40,E041,2025-07-15T08:00:00,12.73,Run,WC-PACK
LT-001751,WO-70195,40,E048,2025-07-23T13:00:00,6.37,Run,WC-PACK
LT-001752,WO-70195,40,E011,2025-07-15T12:45:00,4.24,Run,WC-PACK
LT-001753,WO-70196,10,E046,2025-07-14T11:45:00,0.94,Run,WC-SAW
LT-001754,WO-70196,10,E095,2025-07-21T13:15:00,1.41,Run,WC-SAW
LT-001755,WO-70196,20,E020,2025-07-14T06:30:00,1.74,Setup,WC-CNC1
LT-001756,WO-70196,30,E050,2025-07-16T07:00:00,3.68,Setup,WC-ASSY
LT-001757,WO-70196,30,E036,2025-07-14T12:30:00,3.68,Run,WC-ASSY
LT-001758,WO-70196,30,E022,2025-07-15T07:30:00,3.68,Run,WC-ASSY
LT-001759,WO-70196,40,E037,2025-07-16T10:00:00,2.77,Run,WC-DEBUR
LT-001760,WO-70196,40,E048,2025-07-23T14:00:00,8.3,Run,WC-DEBUR
LT-001761,WO-70196,40,E095,2025-07-14T13:45:00,8.3,Run,WC-DEBUR
LT-001762,WO-70196,50,E042,2025-07-18T13:30:00,3.97,Run,WC-INSP
LT-001763,WO-70196,60,E022,2025-07-21T11:15:00,3.24,Run,WC-PACK
LT-001764,WO-70196,60,E040,2025-07-24T08:15:00,3.24,Run,WC-PACK
LT-001765,WO-70197,10,E016,2026-02-12T12:00:00,1.71,Setup,WC-CNC2
LT-001766,WO-70197,10,E095,2026-02-12T10:00:00,5.14,Run,WC-CNC2
LT-001767,WO-70197,10,E027,2026-02-11T10:45:00,2.57,Run,WC-CNC2
LT-001768,WO-70197,20,E052,2026-02-09T10:45:00,3.58,Setup,WC-ASSY
LT-001769,WO-70197,20,E037,2026-02-12T08:00:00,1.79,Run,WC-ASSY
LT-001770,WO-70197,20,E026,2026-02-16T14:30:00,1.79,Run,WC-ASSY
LT-001771,WO-70197,30,E048,2026-02-14T10:45:00,8.8,Run,WC-SAW
LT-001772,WO-70197,30,E015,2026-02-10T14:30:00,4.4,Run,WC-SAW
LT-001773,WO-70197,30,E036,2026-02-09T10:30:00,2.94,Run,WC-SAW
LT-001774,WO-70197,40,E041,2026-02-15T09:30:00,5.03,Run,WC-DEBUR
LT-001775,WO-70197,40,E012,2026-02-13T09:45:00,7.55,Run,WC-DEBUR
LT-001776,WO-70197,40,E015,2026-02-08T14:30:00,7.55,Setup,WC-DEBUR
LT-001777,WO-70197,50,E031,2026-02-11T11:45:00,2.21,Setup,WC-INSP
LT-001778,WO-70197,50,E036,2026-02-17T13:45:00,1.47,Run,WC-INSP
LT-001779,WO-70197,60,E036,2026-02-09T09:45:00,5.91,Run,WC-PACK
LT-001780,WO-70197,60,E035,2026-02-14T14:45:00,11.81,Setup,WC-PACK
LT-001781,WO-70198,10,E014,2025-08-02T07:15:00,1.04,Run,WC-CNC2
LT-001782,WO-70198,10,E026,2025-08-03T14:30:00,1.04,Run,WC-CNC2
LT-001783,WO-70198,20,E041,2025-07-27T10:15:00,1.98,Run,WC-ASSY
LT-001784,WO-70198,30,E019,2025-08-05T13:00:00,1.15,Run,WC-SAW
LT-001785,WO-70198,30,E050,2025-08-05T08:15:00,3.44,Run,WC-SAW
LT-001786,WO-70198,30,E014,2025-07-30T14:15:00,1.72,Run,WC-SAW
LT-001787,WO-70198,40,E039,2025-07-30T10:15:00,2.25,Run,WC-DEBUR
LT-001788,WO-70198,40,E042,2025-07-30T07:45:00,6.74,Run,WC-DEBUR
LT-001789,WO-70198,40,E023,2025-07-30T08:30:00,3.37,Run,WC-DEBUR
LT-001790,WO-70198,50,E018,2025-08-02T07:45:00,1.25,Run,WC-INSP
LT-001791,WO-70198,60,E014,2025-08-06T10:45:00,5.6,Setup,WC-PACK
LT-001792,WO-70198,60,E025,2025-08-03T08:45:00,5.6,Run,WC-PACK
LT-001793,WO-70199,10,E025,2025-05-30T11:30:00,15.67,Run,WC-CNC2
LT-001794,WO-70199,10,E038,2025-06-05T11:45:00,5.22,Setup,WC-CNC2
LT-001795,WO-70199,10,E023,2025-06-04T11:00:00,5.22,Run,WC-CNC2
LT-001796,WO-70199,20,E051,2025-06-06T07:00:00,8.98,Setup,WC-ASSY
LT-001797,WO-70199,30,E021,2025-06-06T08:30:00,1.18,Run,WC-DEBUR
LT-001798,WO-70199,30,E015,2025-06-08T12:30:00,1.18,Run,WC-DEBUR
LT-001799,WO-70199,40,E095,2025-06-08T06:45:00,4.4,Run,WC-INSP
LT-001800,WO-70199,40,E023,2025-06-05T06:45:00,2.2,Run,WC-INSP
LT-001801,WO-70199,40,E021,2025-06-09T08:15:00,4.4,Run,WC-INSP
LT-001802,WO-70199,50,E023,2025-05-30T08:30:00,10.69,Run,WC-PACK
LT-001803,WO-70199,50,E014,2025-06-06T13:00:00,7.12,Run,WC-PACK
LT-001804,WO-70200,10,E043,2026-02-22T06:00:00,13.84,Run,WC-SAW
LT-001805,WO-70200,10,E048,2026-02-20T13:45:00,20.76,Run,WC-SAW
LT-001806,WO-70200,10,E037,2026-02-21T09:45:00,13.84,Run,WC-SAW
LT-001807,WO-70200,20,E023,2026-02-23T13:45:00,7.46,Run,WC-CNC1
LT-001808,WO-70200,20,E029,2026-02-23T09:15:00,7.46,Run,WC-CNC1
LT-001809,WO-70200,30,E037,2026-02-22T10:45:00,15.08,Run,WC-INSP
LT-001810,WO-70200,30,E048,2026-02-17T06:15:00,22.62,Setup,WC-INSP
LT-001811,WO-70200,30,E031,2026-02-19T10:00:00,15.08,Run,WC-INSP
LT-001812,WO-70200,40,E035,2026-02-17T12:45:00,20.52,Setup,WC-PACK
LT-001813,WO-70200,40,E024,2026-02-24T11:45:00,30.77,Run,WC-PACK
LT-001814,WO-70201,10,E042,2025-05-19T14:30:00,6.59,Setup,WC-SAW
LT-001815,WO-70201,20,E027,2025-05-20T07:00:00,0.62,Setup,WC-CNC2
LT-001816,WO-70201,20,E046,2025-05-14T14:45:00,0.93,Run,WC-CNC2
LT-001817,WO-70201,20,E013,2025-05-22T10:30:00,1.87,Run,WC-CNC2
LT-001818,WO-70201,30,E025,2025-05-15T11:15:00,3.26,Run,WC-INSP
LT-001819,WO-70201,30,E050,2025-05-16T06:30:00,1.63,Run,WC-INSP
LT-001820,WO-70201,30,E011,2025-05-18T08:45:00,3.26,Run,WC-INSP
LT-001821,WO-70201,40,E014,2025-05-19T07:00:00,4.35,Setup,WC-PACK
LT-001822,WO-70202,10,E018,2025-07-19T10:45:00,4.65,Setup,WC-SAW
LT-001823,WO-70202,10,E030,2025-07-17T11:15:00,3.1,Setup,WC-SAW
LT-001824,WO-70202,20,E025,2025-07-10T07:30:00,4.29,Setup,WC-CNC1
LT-001825,WO-70202,20,E016,2025-07-14T06:15:00,4.29,Run,WC-CNC1
LT-001826,WO-70202,30,E051,2025-07-09T12:15:00,10.3,Setup,WC-CNC2
LT-001827,WO-70202,30,E039,2025-07-19T14:45:00,6.87,Setup,WC-CNC2
LT-001828,WO-70202,40,E035,2025-07-12T13:15:00,19.73,Setup,WC-ASSY
LT-001829,WO-70202,40,E047,2025-07-12T11:15:00,9.86,Setup,WC-ASSY
LT-001830,WO-70202,50,E013,2025-07-18T11:00:00,1.93,Run,WC-INSP
LT-001831,WO-70202,60,E053,2025-07-12T07:15:00,9.06,Setup,WC-PACK
LT-001832,WO-70202,60,E012,2025-07-11T08:15:00,3.02,Run,WC-PACK
LT-001833,WO-70202,60,E095,2025-07-17T10:30:00,4.53,Run,WC-PACK
LT-001834,WO-70203,10,E019,2025-04-26T14:15:00,33.11,Run,WC-ASSY
LT-001835,WO-70203,10,E054,2025-04-21T07:15:00,16.55,Run,WC-ASSY
LT-001836,WO-70203,10,E047,2025-04-16T10:00:00,16.55,Run,WC-ASSY
LT-001837,WO-70203,20,E033,2025-04-18T08:15:00,29.03,Setup,WC-CNC1
LT-001838,WO-70203,30,E030,2025-04-20T14:30:00,23.92,Setup,WC-INSP
LT-001839,WO-70203,30,E021,2025-04-23T13:00:00,7.97,Run,WC-INSP
LT-001840,WO-70203,30,E027,2025-04-16T09:45:00,7.97,Run,WC-INSP
LT-001841,WO-70203,40,E031,2025-04-16T11:30:00,24.68,Run,WC-PACK
LT-001842,WO-70203,40,E037,2025-04-20T07:00:00,24.68,Setup,WC-PACK
LT-001843,WO-70204,10,E053,2025-08-19T14:15:00,8.73,Run,WC-ASSY
LT-001844,WO-70204,10,E022,2025-08-20T11:00:00,8.73,Run,WC-ASSY
LT-001845,WO-70204,10,E047,2025-08-22T08:45:00,8.73,Run,WC-ASSY
LT-001846,WO-70204,20,E031,2025-08-20T08:45:00,4.57,Run,WC-SAW
LT-001847,WO-70204,30,E047,2025-08-25T09:45:00,7.65,Run,WC-INSP
LT-001848,WO-70204,30,E019,2025-08-20T08:45:00,11.48,Run,WC-INSP
LT-001849,WO-70204,30,E026,2025-08-27T09:30:00,7.65,Run,WC-INSP
LT-001850,WO-70204,40,E020,2025-08-23T13:45:00,14.47,Run,WC-PACK
LT-001851,WO-70204,40,E041,2025-08-25T10:00:00,14.47,Run,WC-PACK
LT-001852,WO-70204,40,E045,2025-08-26T07:00:00,7.24,Run,WC-PACK
LT-001853,WO-70205,10,E035,2026-04-01T06:30:00,5.84,Run,WC-CNC2
LT-001854,WO-70205,10,E026,2026-03-27T11:00:00,8.77,Setup,WC-CNC2
LT-001855,WO-70205,20,E015,2026-03-25T06:15:00,2.59,Setup,WC-ASSY
LT-001856,WO-70205,20,E040,2026-03-22T06:45:00,7.78,Run,WC-ASSY
LT-001857,WO-70205,40,E036,2026-03-25T06:15:00,5.66,Run,WC-INSP
LT-001858,WO-70205,40,E095,2026-03-25T08:15:00,2.83,Run,WC-INSP
LT-001859,WO-70205,40,E023,2026-03-29T13:15:00,5.66,Run,WC-INSP
LT-001860,WO-70205,50,E051,2026-03-28T10:00:00,29.82,Run,WC-PACK
LT-001861,WO-70206,10,E046,2025-07-11T11:45:00,55.1,Setup,WC-SAW
LT-001862,WO-70206,10,E029,2025-07-16T13:00:00,18.37,Setup,WC-SAW
LT-001863,WO-70206,20,E015,2025-07-07T14:30:00,9.84,Setup,WC-CNC2
LT-001864,WO-70206,20,E022,2025-07-07T10:00:00,3.28,Run,WC-CNC2
LT-001865,WO-70206,20,E026,2025-07-09T14:15:00,4.92,Setup,WC-CNC2
LT-001866,WO-70206,30,E040,2025-07-11T09:30:00,13.68,Run,WC-INSP
LT-001867,WO-70206,30,E029,2025-07-16T08:00:00,13.68,Setup,WC-INSP
LT-001868,WO-70206,40,E018,2025-07-16T11:45:00,99.3,Run,WC-PACK
LT-001869,WO-70206,40,E025,2025-07-09T14:15:00,49.65,Run,WC-PACK
LT-001870,WO-70206,40,E027,2025-07-15T06:00:00,33.1,Run,WC-PACK
LT-001871,WO-70207,40,E040,2026-03-29T10:45:00,24.21,Run,WC-PACK
LT-001872,WO-70207,40,E026,2026-03-23T14:00:00,16.14,Setup,WC-PACK
LT-001873,WO-70207,40,E039,2026-03-27T13:00:00,48.43,Setup,WC-PACK
LT-001874,WO-70208,10,E031,2025-07-19T14:00:00,25.62,Setup,WC-DEBUR
LT-001875,WO-70208,10,E027,2025-07-22T09:45:00,12.81,Setup,WC-DEBUR
LT-001876,WO-70208,10,E026,2025-07-17T14:45:00,25.62,Setup,WC-DEBUR
LT-001877,WO-70208,20,E034,2025-07-22T12:00:00,3.38,Setup,WC-SAW
LT-001878,WO-70208,30,E049,2025-07-24T12:30:00,8.17,Run,WC-CNC2
LT-001879,WO-70208,40,E030,2025-07-16T09:30:00,22.59,Setup,WC-ASSY
LT-001880,WO-70208,50,E042,2025-07-24T10:30:00,1.69,Setup,WC-INSP
LT-001881,WO-70208,60,E044,2025-07-20T09:15:00,8.22,Run,WC-PACK
LT-001882,WO-70208,60,E010,2025-07-24T12:00:00,8.22,Run,WC-PACK
LT-001883,WO-70209,10,E095,2025-07-29T06:45:00,3.89,Setup,WC-SAW
LT-001884,WO-70209,10,E012,2025-07-27T08:00:00,3.89,Setup,WC-SAW
LT-001885,WO-70209,10,E024,2025-07-27T10:45:00,2.59,Run,WC-SAW
LT-001886,WO-70209,20,E026,2025-08-01T08:30:00,9.95,Setup,WC-CNC2
LT-001887,WO-70209,30,E053,2025-07-24T11:00:00,10.78,Setup,WC-INSP
LT-001888,WO-70209,30,E013,2025-08-01T06:15:00,10.78,Setup,WC-INSP
LT-001889,WO-70209,30,E012,2025-07-26T08:45:00,10.78,Setup,WC-INSP
LT-001890,WO-70209,40,E023,2025-07-25T06:15:00,21.27,Run,WC-PACK
LT-001891,WO-70210,10,E038,2025-12-21T10:30:00,4.47,Setup,WC-CNC1
LT-001892,WO-70210,20,E042,2025-12-23T09:45:00,5.25,Setup,WC-SAW
LT-001893,WO-70210,30,E025,2025-12-27T10:00:00,50.9,Setup,WC-INSP
LT-001894,WO-70210,30,E022,2025-12-27T11:45:00,25.45,Run,WC-INSP
LT-001895,WO-70210,40,E013,2025-12-21T14:00:00,19.85,Run,WC-PACK
LT-001896,WO-70210,40,E028,2025-12-27T06:00:00,19.85,Run,WC-PACK
LT-001897,WO-70210,40,E048,2025-12-23T06:45:00,59.55,Setup,WC-PACK
LT-001898,WO-70211,10,E041,2026-03-27T09:45:00,41.36,Setup,WC-ASSY
LT-001899,WO-70211,10,E036,2026-03-22T06:00:00,41.36,Run,WC-ASSY
LT-001900,WO-70211,10,E053,2026-03-23T08:30:00,27.57,Run,WC-ASSY
LT-001901,WO-70211,20,E012,2026-03-31T12:45:00,3.8,Run,WC-SAW
LT-001902,WO-70212,10,E039,2025-10-09T14:15:00,10.65,Run,WC-CNC2
LT-001903,WO-70212,10,E025,2025-10-14T14:30:00,31.96,Run,WC-CNC2
LT-001904,WO-70212,10,E036,2025-10-11T11:00:00,31.96,Run,WC-CNC2
LT-001905,WO-70212,20,E030,2025-10-12T06:30:00,9.52,Run,WC-ASSY
LT-001906,WO-70212,30,E047,2025-10-11T14:00:00,8.87,Run,WC-DEBUR
LT-001907,WO-70212,40,E028,2025-10-14T08:00:00,11.59,Setup,WC-CNC1
LT-001908,WO-70212,50,E033,2025-10-10T06:00:00,12.6,Run,WC-INSP
LT-001909,WO-70212,50,E015,2025-10-17T09:00:00,25.2,Run,WC-INSP
LT-001910,WO-70212,50,E047,2025-10-17T14:00:00,25.2,Setup,WC-INSP
LT-001911,WO-70212,60,E039,2025-10-09T11:15:00,17.41,Setup,WC-PACK
LT-001912,WO-70212,60,E046,2025-10-16T14:00:00,11.61,Run,WC-PACK
LT-001913,WO-70213,10,E025,2026-02-03T13:45:00,8.42,Setup,WC-SAW
LT-001914,WO-70213,10,E024,2026-02-07T10:15:00,2.81,Run,WC-SAW
LT-001915,WO-70213,20,E019,2026-02-06T09:30:00,5.95,Setup,WC-CNC1
LT-001916,WO-70213,20,E013,2026-02-02T06:30:00,8.92,Setup,WC-CNC1
LT-001917,WO-70213,20,E037,2026-01-31T09:15:00,5.95,Run,WC-CNC1
LT-001918,WO-70213,30,E011,2026-01-30T14:15:00,28.11,Setup,WC-ASSY
LT-001919,WO-70213,30,E038,2026-02-02T10:00:00,28.11,Run,WC-ASSY
LT-001920,WO-70213,40,E022,2026-02-01T06:15:00,45.72,Setup,WC-DEBUR
LT-001921,WO-70213,50,E047,2026-02-02T07:30:00,18.04,Setup,WC-INSP
LT-001922,WO-70213,50,E044,2026-02-07T10:15:00,12.03,Setup,WC-INSP
LT-001923,WO-70213,60,E051,2026-02-07T13:00:00,5.01,Run,WC-PACK
LT-001924,WO-70214,10,E026,2025-05-31T14:30:00,11.04,Run,WC-ASSY
LT-001925,WO-70214,10,E023,2025-05-30T13:15:00,5.52,Run,WC-ASSY
LT-001926,WO-70214,20,E031,2025-06-07T10:00:00,16.11,Run,WC-SAW
LT-001927,WO-70214,20,E032,2025-06-04T12:15:00,5.37,Setup,WC-SAW
LT-001928,WO-70214,30,E035,2025-05-31T10:15:00,19.58,Run,WC-CNC2
LT-001929,WO-70214,40,E020,2025-06-06T08:00:00,15.25,Setup,WC-DEBUR
LT-001930,WO-70214,40,E049,2025-06-03T08:45:00,7.62,Run,WC-DEBUR
LT-001931,WO-70214,40,E029,2025-06-04T12:15:00,5.08,Run,WC-DEBUR
LT-001932,WO-70214,50,E024,2025-05-29T10:45:00,4.93,Run,WC-INSP
LT-001933,WO-70214,50,E034,2025-05-31T08:15:00,3.29,Run,WC-INSP
LT-001934,WO-70214,50,E014,2025-05-29T13:15:00,3.29,Setup,WC-INSP
LT-001935,WO-70214,60,E034,2025-06-01T10:00:00,10.61,Setup,WC-PACK
LT-001936,WO-70214,60,E042,2025-05-29T08:15:00,31.84,Run,WC-PACK
LT-001937,WO-70215,10,E014,2025-12-24T09:30:00,5.74,Run,WC-DEBUR
LT-001938,WO-70215,20,E015,2025-12-20T09:00:00,0.72,Run,WC-ASSY
LT-001939,WO-70216,10,E045,2025-05-17T13:00:00,15.14,Setup,WC-ASSY
LT-001940,WO-70216,20,E043,2025-05-16T06:45:00,7.41,Run,WC-CNC1
LT-001941,WO-70216,20,E034,2025-05-20T14:15:00,7.41,Run,WC-CNC1
LT-001942,WO-70216,20,E035,2025-05-19T13:45:00,4.94,Setup,WC-CNC1
LT-001943,WO-70216,30,E094,2025-05-16T06:45:00,6.92,Run,WC-INSP
LT-001944,WO-70216,30,E016,2025-05-15T14:45:00,4.61,Run,WC-INSP
LT-001945,WO-70216,40,E021,2025-05-18T08:00:00,7.15,Run,WC-PACK
LT-001946,WO-70216,40,E040,2025-05-19T14:30:00,7.15,Setup,WC-PACK
LT-001947,WO-70216,40,E037,2025-05-21T07:15:00,21.45,Run,WC-PACK
LT-001948,WO-70217,10,E049,2026-03-21T10:15:00,43.76,Run,WC-CNC2
LT-001949,WO-70217,10,E029,2026-03-21T06:45:00,29.17,Run,WC-CNC2
LT-001950,WO-70217,10,E018,2026-03-14T13:30:00,29.17,Run,WC-CNC2
LT-001951,WO-70217,20,E044,2026-03-21T13:45:00,42.49,Setup,WC-DEBUR
LT-001952,WO-70217,30,E039,2026-03-18T11:15:00,3.85,Setup,WC-INSP
LT-001953,WO-70217,30,E026,2026-03-15T08:45:00,3.85,Run,WC-INSP
LT-001954,WO-70217,40,E038,2026-03-14T06:15:00,39.66,Run,WC-PACK
LT-001955,WO-70218,10,E014,2026-01-08T12:15:00,0.99,Run,WC-CNC2
LT-001956,WO-70218,20,E013,2026-01-02T11:30:00,2.47,Setup,WC-ASSY
LT-001957,WO-70218,30,E045,2026-01-09T12:00:00,3.93,Run,WC-SAW
LT-001958,WO-70218,40,E025,2025-12-31T07:45:00,2.22,Run,WC-DEBUR
LT-001959,WO-70218,50,E047,2026-01-06T08:00:00,1.34,Setup,WC-INSP
LT-001960,WO-70218,60,E032,2025-12-30T11:00:00,6.86,Setup,WC-PACK
LT-001961,WO-70219,10,E029,2025-11-17T10:15:00,6.38,Run,WC-SAW
LT-001962,WO-70219,20,E050,2025-11-10T07:45:00,16.09,Setup,WC-CNC1
LT-001963,WO-70219,30,E028,2025-11-10T08:15:00,55.83,Run,WC-ASSY
LT-001964,WO-70219,30,E030,2025-11-08T13:30:00,55.83,Run,WC-ASSY
LT-001965,WO-70219,30,E028,2025-11-16T11:45:00,18.61,Run,WC-ASSY
LT-001966,WO-70219,40,E024,2025-11-16T06:15:00,88.1,Setup,WC-DEBUR
LT-001967,WO-70219,40,E025,2025-11-09T12:15:00,44.05,Run,WC-DEBUR
LT-001968,WO-70219,40,E047,2025-11-18T07:15:00,44.05,Run,WC-DEBUR
LT-001969,WO-70219,50,E094,2025-11-13T08:30:00,25.28,Run,WC-INSP
LT-001970,WO-70219,60,E024,2025-11-13T14:45:00,19.4,Run,WC-PACK
LT-001971,WO-70219,60,E051,2025-11-10T14:15:00,38.8,Run,WC-PACK
LT-001972,WO-70220,10,E050,2026-03-03T12:00:00,1.46,Setup,WC-SAW
LT-001973,WO-70220,20,E016,2026-03-10T11:45:00,3.99,Run,WC-CNC1
LT-001974,WO-70220,20,E094,2026-03-07T10:30:00,3.99,Setup,WC-CNC1
LT-001975,WO-70220,30,E036,2026-03-03T11:45:00,2.87,Run,WC-INSP
LT-001976,WO-70220,30,E015,2026-03-04T09:15:00,0.96,Setup,WC-INSP
LT-001977,WO-70220,30,E037,2026-03-11T06:00:00,0.96,Run,WC-INSP
LT-001978,WO-70220,40,E016,2026-03-09T11:30:00,4.08,Setup,WC-PACK
LT-001979,WO-70220,40,E054,2026-03-06T08:00:00,4.08,Setup,WC-PACK
