so_number,line,item_id,description,ordered_qty,uom,unit_price,extended_price,unit_cost_at_order,price_source,requested_date,promised_date,shipped_qty,line_status,ship_to_id
SO-26001,1,A-20031,Shaft Coupling M10,3,EA,223.99,671.97,128.84,Price List B,2025-08-07,2025-08-07,3,Shipped,NIC-CUST0013-S1
SO-26001,2,A-20078,Machined Housing 3/8-16,5,EA,1211.82,6059.1,704.75,Price List B,2025-08-29,2025-08-29,5,Shipped,NIC-CUST0013-S1
SO-26001,3,A-20003,Gearbox Sub-Assembly 2.000,5,EA,3189.53,15947.65,2450.66,Price List B,2025-08-27,2025-09-03,5,Shipped,NIC-CUST0013-S1
SO-26001,4,A-20039,Shaft Coupling 1.000,1,EA,651.88,651.88,415.87,Price List B,2025-08-15,2025-08-15,1,Shipped,NIC-CUST0013-S1
SO-26001,5,A-20097,Machined Housing #80,5,EA,396.25,1981.25,246.81,Price List B,2025-08-19,2025-08-20,5,Shipped,NIC-CUST0013-S1
SO-26002,1,A-20002,Gearbox Sub-Assembly 3/8-16,2,EA,2311.59,4623.18,1931.15,Price List C,2025-07-04,2025-07-04,2,Shipped,NIC-CUST0001-S1
SO-26003,1,A-20034,Shaft Coupling M10,1,EA,140.27,140.27,111.33,Price List C,2025-08-16,2025-08-16,1,Shipped,NIC-CUST0001-S1
SO-26003,2,A-20110,Gearbox Sub-Assembly 2.000,1,EA,4450.9,4450.9,2979.18,Price List C,2025-08-20,2025-08-20,1,Shipped,NIC-CUST0001-S1
SO-26003,3,A-20040,Machined Housing #60,3,EA,282.86,848.58,210.93,Price List C,2025-08-04,2025-08-05,3,Shipped,NIC-CUST0001-S1
SO-26003,4,A-20114,Shaft Coupling 3/8-16,1,EA,398.6,398.6,244.69,Price List C,2025-08-08,2025-08-09,0,Open,NIC-CUST0001-S1
SO-26004,1,A-20013,Shaft Coupling 5/8-11,2,EA,188.86,377.72,162.20000000000002,Price List D,2025-08-27,2025-08-28,2,Shipped,NIC-CUST0011-S1
SO-26004,2,A-20034,Shaft Coupling M10,2,EA,127.81,255.62,111.33,Price List D,2025-08-23,2025-08-23,2,Shipped,NIC-CUST0011-S1
SO-26004,3,A-20077,Machined Housing 1.250,5,EA,1062.94,5314.7,869.98,Price List D,2025-08-26,2025-08-26,5,Shipped,NIC-CUST0011-S1
SO-26005,1,A-20097,Machined Housing #80,3,EA,375.4,1126.2,246.81,Price List C,2025-06-03,2025-06-03,3,Shipped,NIC-CUST0034-S1
SO-26006,1,A-20063,Gearbox Sub-Assembly 5/8-11,3,EA,1702.06,5106.18,1372.91,Manual override,2025-12-18,2025-12-19,3,Shipped,NIC-CUST0010-S1
SO-26006,2,A-20072,Machined Housing 1.250,3,EA,512.35,1537.05,402.48,Price List B,2025-12-07,2025-12-14,3,Shipped,NIC-CUST0010-S1
SO-26006,3,A-20013,Shaft Coupling 5/8-11,1,EA,218.8,218.8,162.20000000000002,Price List B,2025-12-08,2025-12-08,1,Shipped,NIC-CUST0010-S1
SO-26006,4,A-20033,Shaft Coupling 2.000,3,EA,508.87,1526.61,328.62,Price List B,2025-12-20,2025-12-21,3,Shipped,NIC-CUST0010-S1
SO-26006,5,A-20002,Gearbox Sub-Assembly 3/8-16,1,EA,2440.01,2440.01,1931.15,Price List B,2025-12-15,2025-12-16,1,Shipped,NIC-CUST0010-S1
SO-26007,1,A-20082,Machined Housing #60,1,EA,1089.66,1089.66,841.44,NIC-CPA013,2025-07-21,2025-07-21,0,Open,NIC-CUST0018-S1
SO-26008,1,A-20072,Machined Housing 1.250,2,EA,442.24,884.48,402.48,Price List D,2025-10-18,2025-10-18,2,Shipped,NIC-CUST0015-S1
SO-26008,2,A-20022,Machined Housing 1.500,5,EA,184.78,923.9,155.41,Price List D,2025-10-17,2025-10-17,5,Shipped,NIC-CUST0015-S1
SO-26009,1,A-20090,Machined Housing 1.250,5,EA,1212.24,6061.2,821.3000000000001,Price List C,2025-09-26,2025-09-27,5,Shipped,NIC-CUST0031-S1
SO-26009,2,A-20107,Gearbox Sub-Assembly M12,1,EA,3339.95,3339.95,2631.9500000000003,Price List C,2025-09-14,2025-09-14,1,Shipped,NIC-CUST0031-S1
SO-26009,3,A-20033,Shaft Coupling 2.000,3,EA,482.08,1446.24,328.62,Price List C,2025-10-04,2025-10-05,3,Shipped,NIC-CUST0031-S1
SO-26009,4,A-20030,Shaft Coupling M8,1,EA,245.3,245.3,176.98,Price List C,2025-09-19,2025-09-19,1,Shipped,NIC-CUST0031-S1
SO-26009,5,A-20034,Shaft Coupling M10,1,EA,140.27,140.27,111.33,Price List C,2025-09-11,2025-09-18,1,Shipped,NIC-CUST0031-S1
SO-26010,1,A-20073,Machined Housing 1.500,5,EA,770.11,3850.55,496.53000000000003,Manual override,2025-12-30,2025-12-30,5,Shipped,NIC-CUST0039-S1
SO-26010,2,A-20114,Shaft Coupling 3/8-16,2,EA,442.89,885.78,244.69,Price List A,2025-12-24,2025-12-24,2,Shipped,NIC-CUST0039-S1
SO-26011,1,A-20110,Gearbox Sub-Assembly 2.000,5,EA,4055.26,20276.3,2979.18,Price List D,2025-07-26,2025-07-26,5,Shipped,NIC-CUST0009-S1
SO-26011,2,A-20077,Machined Housing 1.250,5,EA,1062.94,5314.7,869.98,Price List D,2025-07-08,2025-07-11,5,Shipped,NIC-CUST0009-S1
SO-26011,3,A-20101,Gearbox Sub-Assembly 5/8-11,1,EA,2949.88,2949.88,2382.4,Price List D,2025-07-23,2025-07-26,0,Open,NIC-CUST0009-S1
SO-26011,4,A-20034,Shaft Coupling M10,2,EA,127.81,255.62,111.33,Price List D,2025-07-18,2025-07-19,2,Shipped,NIC-CUST0009-S1
SO-26011,5,A-20092,Gearbox Sub-Assembly 2.000,2,EA,2120.77,4241.54,1915.78,Price List D,2025-08-01,2025-08-08,2,Shipped,NIC-CUST0009-S1
SO-26012,1,A-20063,Gearbox Sub-Assembly 5/8-11,1,EA,1632.39,1632.39,1372.91,Price List D,2025-07-16,2025-07-23,1,Shipped,NIC-CUST0003-S1
SO-26012,2,A-20002,Gearbox Sub-Assembly 3/8-16,2,EA,2106.11,4212.22,1931.15,Price List D,2025-07-21,2025-07-21,2,Shipped,NIC-CUST0003-S1
SO-26012,3,A-20030,Shaft Coupling M8,5,EA,223.49,1117.45,176.98,Price List D,2025-07-16,2025-07-16,5,Shipped,NIC-CUST0003-S1
SO-26012,4,A-20003,Gearbox Sub-Assembly 2.000,1,EA,2753.07,2753.07,2450.66,Price List D,2025-07-18,2025-07-18,1,Shipped,NIC-CUST0003-S1
SO-26013,1,A-20114,Shaft Coupling 3/8-16,2,EA,442.89,885.78,244.69,Price List A,2025-09-15,2025-09-22,2,Shipped,NIC-CUST0021-S1
SO-26014,1,A-20090,Machined Housing 1.250,1,EA,1104.48,1104.48,821.3000000000001,Price List D,2025-05-19,2025-05-26,1,Shipped,NIC-CUST0040-S1
SO-26014,2,A-20030,Shaft Coupling M8,1,EA,214.55,214.55,176.98,Manual override,2025-05-24,2025-05-24,1,Shipped,NIC-CUST0040-S1
SO-26014,3,A-20038,Gearbox Sub-Assembly #80,2,EA,2572.18,5144.36,1997.97,Price List D,2025-05-06,2025-05-13,0,Open,NIC-CUST0040-S1
SO-26014,4,A-20065,Machined Housing M6,2,EA,929.19,1858.38,798.0,Price List D,2025-05-21,2025-05-21,2,Shipped,NIC-CUST0040-S1
SO-26015,1,A-20087,Machined Housing M12,1,EA,588.52,588.52,333.06,Price List B,2025-08-10,2025-08-10,1,Shipped,NIC-CUST0010-S1
SO-26016,1,A-20061,Shaft Coupling 2.000,1,EA,265.04,265.04,175.52,Price List A,2025-06-05,2025-06-06,1,Shipped,NIC-CUST0039-S1
SO-26016,2,A-20020,Shaft Coupling 5/8-11,1,EA,588.91,588.91,316.62,Price List A,2025-06-17,2025-06-24,1,Shipped,NIC-CUST0039-S1
SO-26016,3,A-20034,Shaft Coupling M10,1,EA,155.86,155.86,111.33,Price List A,2025-05-28,2025-05-31,0,Backordered,NIC-CUST0039-S1
SO-26016,4,A-20082,Machined Housing #60,3,EA,1472.52,4417.56,841.44,Price List A,2025-06-10,2025-06-10,3,Shipped,NIC-CUST0039-S1
SO-26017,1,A-20097,Machined Housing #80,1,EA,375.4,375.4,246.81,Price List C,2025-12-10,2025-12-11,1,Shipped,NIC-CUST0017-S1
SO-26017,2,A-20022,Machined Housing 1.500,1,EA,202.81,202.81,155.41,Price List C,2025-12-18,2025-12-21,1,Shipped,NIC-CUST0017-S1
SO-26017,3,A-20043,Gearbox Sub-Assembly 1.000,1,EA,2081.52,2081.52,1336.88,Price List C,2025-12-12,2025-12-13,1,Shipped,NIC-CUST0017-S1
SO-26017,4,A-20114,Shaft Coupling 3/8-16,3,EA,398.6,1195.8,244.69,Price List C,2025-12-27,2025-12-30,3,Shipped,NIC-CUST0017-S1
SO-26018,1,A-20114,Shaft Coupling 3/8-16,1,EA,442.89,442.89,244.69,Price List A,2025-08-29,2025-08-29,1,Shipped,NIC-CUST0006-S1
SO-26018,2,A-20003,Gearbox Sub-Assembly 2.000,1,EA,3357.4,3357.4,2450.66,Price List A,2025-08-13,2025-08-14,1,Shipped,NIC-CUST0006-S1
SO-26018,3,A-20110,Gearbox Sub-Assembly 2.000,5,EA,4945.44,24727.2,2979.18,Price List A,2025-08-25,2025-08-28,5,Shipped,NIC-CUST0006-S1
SO-26018,4,A-20093,Gearbox Sub-Assembly M12,5,EA,3550.31,17751.55,2017.22,Price List A,2025-08-13,2025-08-20,5,Shipped,NIC-CUST0006-S1
SO-26018,5,A-20038,Gearbox Sub-Assembly #80,1,EA,3136.81,3136.81,1997.97,Price List A,2025-08-08,2025-08-08,1,Shipped,NIC-CUST0006-S1
SO-26019,1,A-20110,Gearbox Sub-Assembly 2.000,1,EA,4698.17,4698.17,2979.18,Price List B,2025-07-12,2025-07-13,1,Shipped,NIC-CUST0026-S1
SO-26020,1,A-20061,Shaft Coupling 2.000,2,EA,238.54,477.08,175.52,Price List C,2025-07-31,2025-07-31,2,Shipped,NIC-CUST0001-S1
SO-26021,1,A-20110,Gearbox Sub-Assembly 2.000,3,EA,4055.26,12165.78,2979.18,Price List D,2025-10-04,2025-10-04,3,Shipped,NIC-CUST0015-S1
SO-26021,2,A-20093,Gearbox Sub-Assembly M12,2,EA,2911.25,5822.5,2017.22,Price List D,2025-10-06,2025-10-06,2,Shipped,NIC-CUST0015-S1
SO-26021,3,A-20033,Shaft Coupling 2.000,1,EA,386.52,386.52,328.62,Manual override,2025-10-09,2025-10-12,1,Shipped,NIC-CUST0015-S1
SO-26021,4,A-20072,Machined Housing 1.250,1,EA,442.24,442.24,402.48,Price List D,2025-10-16,2025-10-17,1,Shipped,NIC-CUST0015-S1
SO-26022,1,A-20078,Machined Housing 3/8-16,2,EA,1275.6,2551.2,704.75,Price List A,2025-11-17,2025-11-24,2,Shipped,NIC-CUST0022-S1
SO-26022,2,A-20063,Gearbox Sub-Assembly 5/8-11,3,EA,1990.72,5972.16,1372.91,Price List A,2025-11-01,2025-11-01,3,Shipped,NIC-CUST0022-S1
SO-26022,3,A-20087,Machined Housing M12,5,EA,619.49,3097.45,333.06,Price List A,2025-11-01,2025-11-01,5,Shipped,NIC-CUST0022-S1
SO-26023,1,A-20039,Shaft Coupling 1.000,2,EA,562.68,1125.36,415.87,Price List D,2025-07-09,2025-07-09,2,Shipped,NIC-CUST0040-S1
SO-26023,2,A-20020,Shaft Coupling 5/8-11,5,EA,482.91,2414.55,316.62,Price List D,2025-07-24,2025-07-31,5,Shipped,NIC-CUST0040-S1
SO-26023,3,A-20031,Shaft Coupling M10,5,EA,188.62,943.1,128.84,NIC-CPA019,2025-07-15,2025-07-15,5,Shipped,NIC-CUST0040-S1
SO-26023,4,A-20076,Gearbox Sub-Assembly 1.375,2,EA,1094.03,2188.06,721.1800000000001,Price List D,2025-07-18,2025-07-18,2,Shipped,NIC-CUST0040-S1
SO-26024,1,A-20073,Machined Housing 1.500,3,EA,819.27,2457.81,496.53000000000003,Price List A,2025-06-16,2025-06-16,3,Shipped,NIC-CUST0022-S1
SO-26024,2,A-20033,Shaft Coupling 2.000,3,EA,535.65,1606.95,328.62,Price List A,2025-06-06,2025-06-13,3,Shipped,NIC-CUST0022-S1
SO-26024,3,A-20077,Machined Housing 1.250,2,EA,1296.27,2592.54,869.98,Price List A,2025-06-13,2025-06-13,2,Shipped,NIC-CUST0022-S1
SO-26024,4,A-20053,Machined Housing #50,2,EA,932.17,1864.34,695.65,Price List A,2025-06-16,2025-06-19,2,Shipped,NIC-CUST0022-S1
SO-26025,1,A-20034,Shaft Coupling M10,5,EA,140.27,701.35,111.33,Price List C,2026-01-26,2026-01-26,5,Shipped,NIC-CUST0001-S1
SO-26025,2,A-20107,Gearbox Sub-Assembly M12,3,EA,3339.95,10019.85,2631.9500000000003,Price List C,2026-01-16,2026-01-17,3,Shipped,NIC-CUST0001-S1
SO-26025,3,A-20013,Shaft Coupling 5/8-11,1,EA,207.29,207.29,162.20000000000002,Price List C,2026-01-11,2026-01-12,1,Shipped,NIC-CUST0001-S1
SO-26025,4,A-20076,Gearbox Sub-Assembly 1.375,2,EA,1200.76,2401.52,721.1800000000001,Price List C,2026-01-29,2026-01-29,2,Shipped,NIC-CUST0001-S1
SO-26025,5,A-20031,Shaft Coupling M10,1,EA,212.2,212.2,128.84,Price List C,2026-01-17,2026-01-17,1,Shipped,NIC-CUST0001-S1
SO-26026,1,A-20061,Shaft Coupling 2.000,1,EA,217.33,217.33,175.52,Price List D,2026-04-03,2026-04-03,0,Open,NIC-CUST0003-S1
SO-26026,2,A-20061,Shaft Coupling 2.000,5,EA,217.33,1086.65,175.52,Price List D,2026-04-19,2026-04-26,0,Open,NIC-CUST0003-S1
SO-26026,3,A-20092,Gearbox Sub-Assembly 2.000,3,EA,1972.32,5916.96,1915.78,Manual override,2026-04-13,2026-04-13,0,Open,NIC-CUST0003-S1
SO-26026,4,A-20039,Shaft Coupling 1.000,5,EA,562.68,2813.4,415.87,Price List D,2026-04-24,2026-04-25,0,Backordered,NIC-CUST0003-S1
SO-26026,5,A-20097,Machined Housing #80,1,EA,321.51,321.51,246.81,Manual override,2026-04-19,2026-04-26,0,Open,NIC-CUST0003-S1
SO-26027,1,A-20097,Machined Housing #80,5,EA,342.03,1710.15,246.81,Price List D,2026-02-06,2026-02-06,5,Shipped,NIC-CUST0011-S1
SO-26027,2,A-20087,Machined Housing M12,2,EA,441.94,883.88,333.06,Manual override,2026-02-09,2026-02-09,2,Shipped,NIC-CUST0011-S1
SO-26028,1,A-20040,Machined Housing #60,1,EA,298.58,298.58,210.93,Price List B,2026-04-02,2026-04-05,0,Open,NIC-CUST0035-S1
SO-26029,1,A-20043,Gearbox Sub-Assembly 1.000,1,EA,2197.16,2197.16,1336.88,Price List B,2026-03-25,2026-03-25,1,Shipped,NIC-CUST0026-S1
SO-26029,2,A-20020,Shaft Coupling 5/8-11,5,EA,503.51,2517.55,316.62,Manual override,2026-03-17,2026-03-17,5,Shipped,NIC-CUST0026-S1
SO-26029,3,A-20053,Machined Housing #50,2,EA,858.99,1717.98,695.65,Manual override,2026-03-19,2026-03-20,2,Shipped,NIC-CUST0026-S1
SO-26029,4,A-20073,Machined Housing 1.500,1,EA,778.31,778.31,496.53000000000003,Price List B,2026-03-09,2026-03-09,1,Shipped,NIC-CUST0026-S1
SO-26030,1,A-20020,Shaft Coupling 5/8-11,5,EA,482.91,2414.55,316.62,Price List D,2026-03-28,2026-03-28,0,Open,NIC-CUST0008-S1
SO-26030,2,A-20033,Shaft Coupling 2.000,3,EA,439.23,1317.69,328.62,Price List D,2026-03-21,2026-03-21,3,Shipped,NIC-CUST0008-S1
SO-26030,3,A-20110,Gearbox Sub-Assembly 2.000,2,EA,4055.26,8110.52,2979.18,Price List D,2026-03-23,2026-03-26,2,Shipped,NIC-CUST0008-S1
SO-26030,4,A-20065,Machined Housing M6,3,EA,929.19,2787.57,798.0,Price List D,2026-03-30,2026-04-06,0,Open,NIC-CUST0008-S1
SO-26031,1,A-20013,Shaft Coupling 5/8-11,2,EA,188.86,377.72,162.20000000000002,Price List D,2025-11-21,2025-11-22,2,Shipped,NIC-CUST0040-S1
SO-26031,2,A-20070,Gearbox Sub-Assembly 1.000,1,EA,2453.71,2453.71,1739.22,Manual override,2025-11-26,2025-12-03,1,Shipped,NIC-CUST0040-S1
SO-26031,3,A-20036,Gearbox Sub-Assembly M10,3,EA,3144.9,9434.7,2945.65,Manual override,2025-11-29,2025-11-29,3,Shipped,NIC-CUST0040-S1
SO-26031,4,A-20058,Shaft Coupling size 6,1,EA,353.03,353.03,254.75,Price List D,2025-12-10,2025-12-10,1,Shipped,NIC-CUST0040-S1
SO-26031,5,A-20114,Shaft Coupling 3/8-16,2,EA,363.17,726.34,244.69,Price List D,2025-12-01,2025-12-01,2,Shipped,NIC-CUST0040-S1
SO-26032,1,A-20038,Gearbox Sub-Assembly #80,5,EA,2823.13,14115.65,1997.97,Price List C,2025-12-25,2025-12-28,5,Shipped,NIC-CUST0024-S1
SO-26032,2,A-20063,Gearbox Sub-Assembly 5/8-11,1,EA,1791.65,1791.65,1372.91,Price List C,2026-01-04,2026-01-04,1,Shipped,NIC-CUST0024-S1
SO-26032,3,A-20114,Shaft Coupling 3/8-16,5,EA,398.6,1993.0,244.69,Price List C,2025-12-24,2025-12-24,5,Shipped,NIC-CUST0024-S1
SO-26033,1,A-20093,Gearbox Sub-Assembly M12,2,EA,3195.28,6390.56,2017.22,Price List C,2025-09-15,2025-09-15,2,Shipped,NIC-CUST0017-S1
SO-26033,2,A-20097,Machined Housing #80,3,EA,375.4,1126.2,246.81,Price List C,2025-09-21,2025-09-21,3,Shipped,NIC-CUST0017-S1
SO-26034,1,A-20058,Shaft Coupling size 6,1,EA,430.53,430.53,254.75,Price List A,2025-10-05,2025-10-08,1,Shipped,NIC-CUST0033-S1
SO-26034,2,A-20090,Machined Housing 1.250,3,EA,1346.93,4040.79,821.3000000000001,Price List A,2025-09-30,2025-10-07,3,Shipped,NIC-CUST0033-S1
SO-26035,1,A-20097,Machined Housing #80,5,EA,322.84,1614.2,246.81,Manual override,2025-07-02,2025-07-02,5,Shipped,NIC-CUST0030-S1
SO-26035,2,A-20092,Gearbox Sub-Assembly 2.000,1,EA,2327.67,2327.67,1915.78,Price List C,2025-06-27,2025-06-27,1,Shipped,NIC-CUST0030-S1
SO-26035,3,A-20040,Machined Housing #60,5,EA,282.86,1414.3,210.93,Price List C,2025-06-10,2025-06-10,5,Shipped,NIC-CUST0030-S1
SO-26035,4,A-20036,Gearbox Sub-Assembly M10,5,EA,3711.52,18557.6,2945.65,Price List C,2025-06-09,2025-06-10,5,Shipped,NIC-CUST0030-S1
SO-26035,5,A-20073,Machined Housing 1.500,2,EA,737.34,1474.68,496.53000000000003,Price List C,2025-06-08,2025-06-09,2,Shipped,NIC-CUST0030-S1
SO-26036,1,A-20034,Shaft Coupling M10,1,EA,140.27,140.27,111.33,Price List C,2025-05-07,2025-05-10,1,Shipped,NIC-CUST0031-S1
SO-26036,2,A-20073,Machined Housing 1.500,5,EA,737.34,3686.7,496.53000000000003,Price List C,2025-05-06,2025-05-13,5,Shipped,NIC-CUST0031-S1
SO-26037,1,A-20033,Shaft Coupling 2.000,1,EA,439.23,439.23,328.62,Price List D,2026-02-06,2026-02-06,1,Shipped,NIC-CUST0009-S1
SO-26037,2,A-20077,Machined Housing 1.250,5,EA,1062.94,5314.7,869.98,Price List D,2026-02-03,2026-02-03,5,Shipped,NIC-CUST0009-S1
SO-26037,3,A-20090,Machined Housing 1.250,1,EA,1104.48,1104.48,821.3000000000001,Price List D,2026-02-06,2026-02-06,1,Shipped,NIC-CUST0009-S1
SO-26037,4,A-20061,Shaft Coupling 2.000,1,EA,217.33,217.33,175.52,Price List D,2026-01-18,2026-01-18,1,Shipped,NIC-CUST0009-S1
SO-26038,1,A-20022,Machined Housing 1.500,2,EA,225.34,450.68,155.41,Price List A,2025-08-15,2025-08-15,2,Shipped,NIC-CUST0033-S1
SO-26038,2,A-20097,Machined Housing #80,2,EA,417.11,834.22,246.81,Price List A,2025-09-04,2025-09-05,2,Shipped,NIC-CUST0033-S1
SO-26038,3,A-20034,Shaft Coupling M10,5,EA,155.86,779.3,111.33,Price List A,2025-09-08,2025-09-15,5,Shipped,NIC-CUST0033-S1
SO-26039,1,A-20087,Machined Housing M12,5,EA,588.52,2942.6,333.06,Price List B,2025-12-28,2025-12-29,0,Open,NIC-CUST0029-S1
SO-26039,2,A-20038,Gearbox Sub-Assembly #80,3,EA,2771.37,8314.11,1997.97,Manual override,2025-12-31,2025-12-31,3,Shipped,NIC-CUST0029-S1
SO-26039,3,A-20002,Gearbox Sub-Assembly 3/8-16,2,EA,2440.01,4880.02,1931.15,Price List B,2025-12-29,2025-12-29,2,Shipped,NIC-CUST0029-S1
SO-26040,1,A-20087,Machined Housing M12,1,EA,588.52,588.52,333.06,Price List B,2025-05-22,2025-05-25,1,Shipped,NIC-CUST0013-S1
SO-26041,1,A-20020,Shaft Coupling 5/8-11,2,EA,559.46,1118.92,316.62,Manual override,2025-12-27,2025-12-27,2,Shipped,NIC-CUST0023-S1
SO-26041,2,A-20063,Gearbox Sub-Assembly 5/8-11,2,EA,1990.72,3981.44,1372.91,Price List A,2025-12-25,2025-12-28,2,Shipped,NIC-CUST0023-S1
SO-26041,3,A-20078,Machined Housing 3/8-16,5,EA,1275.6,6378.0,704.75,Price List A,2025-12-26,2025-12-26,5,Shipped,NIC-CUST0023-S1
SO-26041,4,A-20073,Machined Housing 1.500,3,EA,819.27,2457.81,496.53000000000003,Price List A,2025-12-27,2025-12-27,3,Shipped,NIC-CUST0023-S1
SO-26042,1,A-20039,Shaft Coupling 1.000,2,EA,617.57,1235.14,415.87,Price List C,2025-12-27,2025-12-28,2,Shipped,NIC-CUST0018-S1
SO-26042,2,A-20013,Shaft Coupling 5/8-11,1,EA,207.29,207.29,162.20000000000002,Price List C,2026-01-06,2026-01-06,1,Shipped,NIC-CUST0018-S1
SO-26042,3,A-20040,Machined Housing #60,2,EA,282.86,565.72,210.93,Price List C,2025-12-27,2025-12-30,2,Shipped,NIC-CUST0018-S1
SO-26042,4,A-20058,Shaft Coupling size 6,1,EA,387.48,387.48,254.75,Price List C,2025-12-23,2025-12-30,1,Shipped,NIC-CUST0018-S1
SO-26042,5,A-20072,Machined Housing 1.250,5,EA,485.39,2426.95,402.48,Price List C,2026-01-03,2026-01-03,5,Shipped,NIC-CUST0018-S1
SO-26043,1,A-20072,Machined Housing 1.250,3,EA,512.35,1537.05,402.48,Price List B,2026-03-25,2026-03-25,3,Shipped,NIC-CUST0020-S1
SO-26043,2,A-20063,Gearbox Sub-Assembly 5/8-11,1,EA,1891.18,1891.18,1372.91,Price List B,2026-03-13,2026-03-13,1,Shipped,NIC-CUST0020-S1
SO-26044,1,A-20092,Gearbox Sub-Assembly 2.000,3,EA,2586.3,7758.9,1915.78,Price List A,2025-11-02,2025-11-09,3,Shipped,NIC-CUST0006-S1
SO-26044,2,A-20092,Gearbox Sub-Assembly 2.000,2,EA,2586.3,5172.6,1915.78,Price List A,2025-10-28,2025-10-28,0,Open,NIC-CUST0006-S1
SO-26044,3,A-20043,Gearbox Sub-Assembly 1.000,1,EA,2035.26,2035.26,1336.88,Manual override,2025-10-25,2025-10-25,1,Shipped,NIC-CUST0006-S1
SO-26044,4,A-20013,Shaft Coupling 5/8-11,5,EA,230.32,1151.6,162.20000000000002,Price List A,2025-11-02,2025-11-03,5,Shipped,NIC-CUST0006-S1
SO-26045,1,A-20073,Machined Housing 1.500,1,EA,671.8,671.8,496.53000000000003,Price List D,2026-02-11,2026-02-18,1,Shipped,NIC-CUST0019-S1
SO-26045,2,A-20076,Gearbox Sub-Assembly 1.375,1,EA,1094.03,1094.03,721.1800000000001,Price List D,2026-02-13,2026-02-20,1,Shipped,NIC-CUST0019-S1
SO-26045,3,A-20053,Machined Housing #50,5,EA,764.38,3821.9,695.65,Price List D,2026-02-20,2026-02-20,5,Shipped,NIC-CUST0019-S1
SO-26046,1,A-20093,Gearbox Sub-Assembly M12,5,EA,2811.85,14059.25,2017.22,Manual override,2025-06-19,2025-06-19,5,Shipped,NIC-CUST0024-S1
SO-26046,2,A-20072,Machined Housing 1.250,1,EA,485.39,485.39,402.48,Price List C,2025-06-25,2025-06-28,1,Shipped,NIC-CUST0024-S1
SO-26046,3,A-20065,Machined Housing M6,5,EA,948.45,4742.25,798.0,Manual override,2025-07-01,2025-07-01,5,Shipped,NIC-CUST0024-S1
SO-26046,4,A-20101,Gearbox Sub-Assembly 5/8-11,1,EA,3237.68,3237.68,2382.4,Price List C,2025-06-29,2025-06-29,1,Shipped,NIC-CUST0024-S1
SO-26047,1,A-20030,Shaft Coupling M8,2,EA,245.3,490.6,176.98,Price List C,2025-05-29,2025-06-05,2,Shipped,NIC-CUST0034-S1
SO-26047,2,A-20114,Shaft Coupling 3/8-16,1,EA,398.6,398.6,244.69,Price List C,2025-06-19,2025-06-20,1,Shipped,NIC-CUST0034-S1
SO-26047,3,A-20063,Gearbox Sub-Assembly 5/8-11,1,EA,1791.65,1791.65,1372.91,Price List C,2025-06-18,2025-06-18,1,Shipped,NIC-CUST0034-S1
SO-26047,4,A-20093,Gearbox Sub-Assembly M12,5,EA,3195.28,15976.4,2017.22,Price List C,2025-06-17,2025-06-17,5,Shipped,NIC-CUST0034-S1
SO-26048,1,A-20038,Gearbox Sub-Assembly #80,2,EA,2572.18,5144.36,1997.97,Price List D,2026-03-31,2026-04-01,0,Open,NIC-CUST0037-S1
SO-26048,2,A-20040,Machined Housing #60,3,EA,257.72,773.16,210.93,Price List D,2026-04-21,2026-04-28,0,Open,NIC-CUST0037-S1
SO-26048,3,A-20072,Machined Housing 1.250,5,EA,442.24,2211.2,402.48,Price List D,2026-04-23,2026-04-26,0,Open,NIC-CUST0037-S1
SO-26049,1,A-20090,Machined Housing 1.250,1,EA,1212.24,1212.24,821.3000000000001,Price List C,2025-05-24,2025-05-24,1,Shipped,NIC-CUST0018-S1
SO-26049,2,A-20034,Shaft Coupling M10,1,EA,140.27,140.27,111.33,Price List C,2025-06-18,2025-06-18,1,Shipped,NIC-CUST0018-S1
SO-26050,1,A-20061,Shaft Coupling 2.000,1,EA,251.79,251.79,175.52,Price List B,2025-05-13,2025-05-16,1,Shipped,NIC-CUST0020-S1
SO-26050,2,A-20031,Shaft Coupling M10,5,EA,223.99,1119.95,128.84,Price List B,2025-05-28,2025-05-28,5,Shipped,NIC-CUST0020-S1
SO-26051,1,A-20038,Gearbox Sub-Assembly #80,1,EA,2823.13,2823.13,1997.97,Price List C,2025-05-14,2025-05-14,1,Shipped,NIC-CUST0025-S1
SO-26051,2,A-20003,Gearbox Sub-Assembly 2.000,1,EA,3021.66,3021.66,2450.66,Price List C,2025-05-28,2025-05-28,1,Shipped,NIC-CUST0025-S1
SO-26051,3,A-20036,Gearbox Sub-Assembly M10,1,EA,3711.52,3711.52,2945.65,Price List C,2025-05-13,2025-05-14,1,Shipped,NIC-CUST0025-S1
SO-26051,4,A-20061,Shaft Coupling 2.000,2,EA,204.08,408.16,175.52,NIC-CPA007,2025-05-21,2025-05-28,2,Shipped,NIC-CUST0025-S1
SO-26051,5,A-20070,Gearbox Sub-Assembly 1.000,2,EA,2895.8,5791.6,1739.22,Price List C,2025-05-26,2025-05-27,2,Shipped,NIC-CUST0025-S1
SO-26052,1,A-20076,Gearbox Sub-Assembly 1.375,3,EA,1094.03,3282.09,721.1800000000001,Price List D,2025-05-05,2025-05-05,3,Shipped,NIC-CUST0019-S1
SO-26052,2,A-20072,Machined Housing 1.250,2,EA,442.24,884.48,402.48,Price List D,2025-05-12,2025-05-12,2,Shipped,NIC-CUST0019-S1
SO-26052,3,A-20114,Shaft Coupling 3/8-16,2,EA,363.17,726.34,244.69,Price List D,2025-04-28,2025-04-28,2,Shipped,NIC-CUST0019-S1
SO-26052,4,A-20022,Machined Housing 1.500,2,EA,184.78,369.56,155.41,Price List D,2025-04-28,2025-04-28,2,Shipped,NIC-CUST0019-S1
SO-26053,1,A-20034,Shaft Coupling M10,1,EA,121.57,121.57,111.33,NIC-CPA004,2026-03-10,2026-03-10,0,Open,NIC-CUST0004-S1
SO-26053,2,A-20114,Shaft Coupling 3/8-16,3,EA,354.75,1064.25,244.69,Manual override,2026-03-06,2026-03-06,3,Shipped,NIC-CUST0004-S1
SO-26054,1,A-20090,Machined Housing 1.250,1,EA,1177.21,1177.21,821.3000000000001,Manual override,2026-01-08,2026-01-08,1,Shipped,NIC-CUST0010-S1
SO-26054,2,A-20061,Shaft Coupling 2.000,1,EA,251.79,251.79,175.52,Price List B,2026-01-08,2026-01-11,1,Shipped,NIC-CUST0010-S1
SO-26054,3,A-20093,Gearbox Sub-Assembly M12,3,EA,3372.79,10118.37,2017.22,Price List B,2026-01-04,2026-01-04,0,Open,NIC-CUST0010-S1
SO-26055,1,A-20065,Machined Housing M6,1,EA,1019.84,1019.84,798.0,Price List C,2026-03-08,2026-03-15,1,Shipped,NIC-CUST0007-S1
SO-26055,2,A-20090,Machined Housing 1.250,2,EA,1212.24,2424.48,821.3000000000001,Price List C,2026-03-16,2026-03-17,2,Shipped,NIC-CUST0007-S1
SO-26055,3,A-20101,Gearbox Sub-Assembly 5/8-11,2,EA,2881.54,5763.08,2382.4,Manual override,2026-03-13,2026-03-13,2,Shipped,NIC-CUST0007-S1
SO-26056,1,A-20003,Gearbox Sub-Assembly 2.000,5,EA,3189.53,15947.65,2450.66,Price List B,2025-12-01,2025-12-04,5,Shipped,NIC-CUST0035-S1
SO-26056,2,A-20078,Machined Housing 3/8-16,1,EA,1102.76,1102.76,704.75,Manual override,2025-12-07,2025-12-07,0,Open,NIC-CUST0035-S1
SO-26056,3,A-20020,Shaft Coupling 5/8-11,5,EA,559.46,2797.3,316.62,Price List B,2025-12-10,2025-12-17,5,Shipped,NIC-CUST0035-S1
SO-26057,1,A-20061,Shaft Coupling 2.000,1,EA,238.54,238.54,175.52,Price List C,2025-04-30,2025-04-30,0,Backordered,NIC-CUST0004-S1
SO-26057,2,A-20097,Machined Housing #80,3,EA,375.4,1126.2,246.81,Price List C,2025-04-26,2025-05-03,3,Shipped,NIC-CUST0004-S1
SO-26057,3,A-20053,Machined Housing #50,1,EA,838.95,838.95,695.65,Price List C,2025-05-03,2025-05-10,0,Open,NIC-CUST0004-S1
SO-26058,1,A-20033,Shaft Coupling 2.000,1,EA,482.08,482.08,328.62,Price List C,2025-09-15,2025-09-15,1,Shipped,NIC-CUST0030-S1
SO-26058,2,A-20093,Gearbox Sub-Assembly M12,5,EA,3195.28,15976.4,2017.22,Price List C,2025-09-30,2025-09-30,5,Shipped,NIC-CUST0030-S1
SO-26059,1,A-20092,Gearbox Sub-Assembly 2.000,1,EA,2456.99,2456.99,1915.78,Price List B,2025-07-25,2025-07-25,1,Shipped,NIC-CUST0026-S1
SO-26059,2,A-20043,Gearbox Sub-Assembly 1.000,2,EA,2197.16,4394.32,1336.88,Price List B,2025-07-08,2025-07-09,2,Shipped,NIC-CUST0026-S1
SO-26059,3,A-20058,Shaft Coupling size 6,1,EA,409.0,409.0,254.75,Price List B,2025-07-12,2025-07-12,1,Shipped,NIC-CUST0026-S1
SO-26059,4,A-20034,Shaft Coupling M10,5,EA,148.07,740.35,111.33,Price List B,2025-07-09,2025-07-16,5,Shipped,NIC-CUST0026-S1
SO-26060,1,A-20063,Gearbox Sub-Assembly 5/8-11,2,EA,1632.39,3264.78,1372.91,Price List D,2025-12-07,2025-12-08,2,Shipped,NIC-CUST0011-S1
SO-26060,2,A-20033,Shaft Coupling 2.000,2,EA,439.23,878.46,328.62,Price List D,2025-11-28,2025-11-28,2,Shipped,NIC-CUST0011-S1
SO-26061,1,A-20077,Machined Housing 1.250,5,EA,1062.94,5314.7,869.98,Price List D,2026-02-01,2026-02-01,5,Shipped,NIC-CUST0014-S1
SO-26061,2,A-20092,Gearbox Sub-Assembly 2.000,2,EA,2120.77,4241.54,1915.78,Price List D,2026-01-26,2026-01-26,2,Shipped,NIC-CUST0014-S1
SO-26061,3,A-20020,Shaft Coupling 5/8-11,1,EA,482.91,482.91,316.62,Price List D,2026-01-30,2026-02-02,1,Shipped,NIC-CUST0014-S1
SO-26061,4,A-20036,Gearbox Sub-Assembly M10,1,EA,3381.61,3381.61,2945.65,Price List D,2026-02-11,2026-02-11,1,Shipped,NIC-CUST0014-S1
SO-26061,5,A-20020,Shaft Coupling 5/8-11,3,EA,482.91,1448.73,316.62,Price List D,2026-02-02,2026-02-09,3,Shipped,NIC-CUST0014-S1
SO-26062,1,A-20002,Gearbox Sub-Assembly 3/8-16,1,EA,2440.01,2440.01,1931.15,Price List B,2025-04-21,2025-04-28,1,Shipped,NIC-CUST0026-S1
SO-26062,2,A-20053,Machined Housing #50,3,EA,885.56,2656.68,695.65,Price List B,2025-04-09,2025-04-09,3,Shipped,NIC-CUST0026-S1
SO-26062,3,A-20063,Gearbox Sub-Assembly 5/8-11,2,EA,1891.18,3782.36,1372.91,Price List B,2025-04-25,2025-04-25,2,Shipped,NIC-CUST0026-S1
SO-26062,4,A-20072,Machined Housing 1.250,5,EA,512.35,2561.75,402.48,Price List B,2025-04-21,2025-04-28,5,Shipped,NIC-CUST0026-S1
SO-26062,5,A-20107,Gearbox Sub-Assembly M12,3,EA,3525.5,10576.5,2631.9500000000003,Price List B,2025-04-26,2025-04-26,3,Shipped,NIC-CUST0026-S1
SO-26063,1,A-20082,Machined Housing #60,2,EA,1325.27,2650.54,841.44,Price List C,2026-03-19,2026-03-19,2,Shipped,NIC-CUST0004-S1
SO-26063,2,A-20092,Gearbox Sub-Assembly 2.000,1,EA,2327.67,2327.67,1915.78,Price List C,2026-03-10,2026-03-13,1,Shipped,NIC-CUST0004-S1
SO-26063,3,A-20030,Shaft Coupling M8,1,EA,245.3,245.3,176.98,Price List C,2026-03-25,2026-03-25,1,Shipped,NIC-CUST0004-S1
SO-26063,4,A-20065,Machined Housing M6,1,EA,1019.84,1019.84,798.0,Price List C,2026-03-20,2026-03-20,1,Shipped,NIC-CUST0004-S1
SO-26064,1,A-20092,Gearbox Sub-Assembly 2.000,1,EA,2456.99,2456.99,1915.78,Price List B,2026-03-31,2026-04-07,0,Open,NIC-CUST0035-S1
SO-26064,2,A-20038,Gearbox Sub-Assembly #80,2,EA,2979.97,5959.94,1997.97,Price List B,2026-03-19,2026-03-20,2,Shipped,NIC-CUST0035-S1
SO-26064,3,A-20073,Machined Housing 1.500,1,EA,754.96,754.96,496.53000000000003,Manual override,2026-03-30,2026-04-02,0,Open,NIC-CUST0035-S1
SO-26065,1,A-20078,Machined Housing 3/8-16,2,EA,1275.6,2551.2,704.75,Price List A,2025-07-21,2025-07-28,2,Shipped,NIC-CUST0022-S1
SO-26066,1,A-20053,Machined Housing #50,1,EA,764.38,764.38,695.65,Price List D,2025-07-22,2025-07-22,1,Shipped,NIC-CUST0011-S1
SO-26066,2,A-20020,Shaft Coupling 5/8-11,3,EA,482.91,1448.73,316.62,Price List D,2025-07-18,2025-07-18,3,Shipped,NIC-CUST0011-S1
SO-26066,3,A-20082,Machined Housing #60,3,EA,1207.47,3622.41,841.44,Price List D,2025-07-27,2025-07-30,3,Shipped,NIC-CUST0011-S1
SO-26066,4,A-20076,Gearbox Sub-Assembly 1.375,3,EA,1094.03,3282.09,721.1800000000001,Price List D,2025-07-14,2025-07-21,3,Shipped,NIC-CUST0011-S1
SO-26066,5,A-20076,Gearbox Sub-Assembly 1.375,1,EA,1094.03,1094.03,721.1800000000001,Price List D,2025-07-30,2025-08-02,1,Shipped,NIC-CUST0011-S1
SO-26067,1,A-20076,Gearbox Sub-Assembly 1.375,1,EA,1200.76,1200.76,721.1800000000001,Price List C,2025-09-20,2025-09-21,1,Shipped,NIC-CUST0002-S1
SO-26067,2,A-20036,Gearbox Sub-Assembly M10,1,EA,3711.52,3711.52,2945.65,Price List C,2025-09-22,2025-09-23,1,Shipped,NIC-CUST0002-S1
SO-26067,3,A-20101,Gearbox Sub-Assembly 5/8-11,1,EA,3237.68,3237.68,2382.4,Price List C,2025-09-24,2025-10-01,1,Shipped,NIC-CUST0002-S1
SO-26067,4,A-20063,Gearbox Sub-Assembly 5/8-11,1,EA,1791.65,1791.65,1372.91,Price List C,2025-09-16,2025-09-16,1,Shipped,NIC-CUST0002-S1
SO-26068,1,A-20013,Shaft Coupling 5/8-11,3,EA,218.8,656.4,162.20000000000002,Price List B,2026-01-03,2026-01-03,3,Shipped,NIC-CUST0005-S1
SO-26068,2,A-20107,Gearbox Sub-Assembly M12,1,EA,3525.5,3525.5,2631.9500000000003,Price List B,2026-01-09,2026-01-09,1,Shipped,NIC-CUST0005-S1
SO-26068,3,A-20003,Gearbox Sub-Assembly 2.000,1,EA,2806.79,2806.79,2450.66,Manual override,2026-01-28,2026-01-28,1,Shipped,NIC-CUST0005-S1
SO-26068,4,A-20087,Machined Housing M12,3,EA,588.52,1765.56,333.06,Price List B,2026-01-26,2026-01-29,3,Shipped,NIC-CUST0005-S1
SO-26069,1,A-20022,Machined Housing 1.500,1,EA,184.78,184.78,155.41,Price List D,2025-09-04,2025-09-04,1,Shipped,NIC-CUST0008-S1
SO-26069,2,A-20063,Gearbox Sub-Assembly 5/8-11,1,EA,1632.39,1632.39,1372.91,Price List D,2025-09-13,2025-09-16,1,Shipped,NIC-CUST0008-S1
SO-26069,3,A-20101,Gearbox Sub-Assembly 5/8-11,1,EA,2949.88,2949.88,2382.4,Price List D,2025-09-21,2025-09-28,1,Shipped,NIC-CUST0008-S1
SO-26069,4,A-20061,Shaft Coupling 2.000,3,EA,217.33,651.99,175.52,Price List D,2025-09-25,2025-09-25,3,Shipped,NIC-CUST0008-S1
SO-26070,1,A-20090,Machined Housing 1.250,2,EA,1279.58,2559.16,821.3000000000001,Price List B,2026-04-16,2026-04-16,0,Backordered,NIC-CUST0038-S1
SO-26071,1,A-20020,Shaft Coupling 5/8-11,3,EA,530.02,1590.06,316.62,Price List C,2025-11-18,2025-11-25,0,Open,NIC-CUST0030-S1
SO-26071,2,A-20065,Machined Housing M6,5,EA,1019.84,5099.2,798.0,Price List C,2025-11-16,2025-11-17,5,Shipped,NIC-CUST0030-S1
SO-26072,1,A-20022,Machined Housing 1.500,3,EA,202.81,608.43,155.41,Price List C,2025-11-12,2025-11-13,3,Shipped,NIC-CUST0001-S1
SO-26073,1,A-20013,Shaft Coupling 5/8-11,1,EA,207.29,207.29,162.20000000000002,Price List C,2025-12-21,2025-12-28,1,Shipped,NIC-CUST0031-S1
SO-26073,2,A-20040,Machined Housing #60,1,EA,282.86,282.86,210.93,Price List C,2025-12-20,2025-12-20,1,Shipped,NIC-CUST0031-S1
SO-26073,3,A-20002,Gearbox Sub-Assembly 3/8-16,3,EA,2311.59,6934.77,1931.15,Price List C,2025-12-25,2026-01-01,3,Shipped,NIC-CUST0031-S1
SO-26073,4,A-20092,Gearbox Sub-Assembly 2.000,2,EA,2327.67,4655.34,1915.78,Price List C,2026-01-04,2026-01-04,2,Shipped,NIC-CUST0031-S1
SO-26073,5,A-20040,Machined Housing #60,2,EA,282.86,565.72,210.93,Price List C,2026-01-02,2026-01-02,2,Shipped,NIC-CUST0031-S1
SO-26074,1,A-20030,Shaft Coupling M8,2,EA,245.3,490.6,176.98,Price List C,2025-12-04,2025-12-04,2,Shipped,NIC-CUST0031-S1
SO-26074,2,A-20070,Gearbox Sub-Assembly 1.000,2,EA,2519.35,5038.7,1739.22,Manual override,2025-11-12,2025-11-15,2,Shipped,NIC-CUST0031-S1
SO-26074,3,A-20039,Shaft Coupling 1.000,1,EA,617.57,617.57,415.87,Price List C,2025-11-18,2025-11-18,1,Shipped,NIC-CUST0031-S1
SO-26075,1,A-20020,Shaft Coupling 5/8-11,1,EA,530.02,530.02,316.62,Price List C,2025-04-21,2025-04-24,1,Shipped,NIC-CUST0030-S1
SO-26075,2,A-20110,Gearbox Sub-Assembly 2.000,3,EA,4450.9,13352.7,2979.18,Price List C,2025-04-26,2025-04-29,3,Shipped,NIC-CUST0030-S1
SO-26075,3,A-20031,Shaft Coupling M10,5,EA,212.2,1061.0,128.84,Price List C,2025-04-23,2025-04-30,5,Shipped,NIC-CUST0030-S1
SO-26075,4,A-20114,Shaft Coupling 3/8-16,1,EA,398.6,398.6,244.69,Price List C,2025-04-29,2025-04-30,1,Shipped,NIC-CUST0030-S1
SO-26076,1,A-20034,Shaft Coupling M10,1,EA,127.81,127.81,111.33,Price List D,2026-04-20,2026-04-27,0,Open,NIC-CUST0037-S1
SO-26077,1,A-20038,Gearbox Sub-Assembly #80,1,EA,2572.18,2572.18,1997.97,Price List D,2025-12-23,2025-12-30,1,Shipped,NIC-CUST0036-S1
SO-26077,2,A-20114,Shaft Coupling 3/8-16,1,EA,363.17,363.17,244.69,Price List D,2025-12-22,2025-12-23,1,Shipped,NIC-CUST0036-S1
SO-26077,3,A-20082,Machined Housing #60,5,EA,1207.47,6037.35,841.44,Price List D,2026-01-09,2026-01-10,5,Shipped,NIC-CUST0036-S1
SO-26078,1,A-20082,Machined Housing #60,1,EA,1207.47,1207.47,841.44,Price List D,2026-03-20,2026-03-23,1,Shipped,NIC-CUST0008-S1
SO-26078,2,A-20110,Gearbox Sub-Assembly 2.000,3,EA,4055.26,12165.78,2979.18,Price List D,2026-03-14,2026-03-17,3,Shipped,NIC-CUST0008-S1
SO-26078,3,A-20033,Shaft Coupling 2.000,5,EA,439.23,2196.15,328.62,Price List D,2026-03-27,2026-03-30,0,Backordered,NIC-CUST0008-S1
SO-26078,4,A-20065,Machined Housing M6,1,EA,929.19,929.19,798.0,Price List D,2026-03-15,2026-03-15,1,Shipped,NIC-CUST0008-S1
SO-26079,1,A-20077,Machined Housing 1.250,3,EA,1062.94,3188.82,869.98,Price List D,2025-05-14,2025-05-21,3,Shipped,NIC-CUST0015-S1
SO-26079,2,A-20022,Machined Housing 1.500,1,EA,184.78,184.78,155.41,Price List D,2025-05-23,2025-05-26,1,Shipped,NIC-CUST0015-S1
SO-26079,3,A-20039,Shaft Coupling 1.000,3,EA,562.68,1688.04,415.87,Price List D,2025-05-02,2025-05-09,3,Shipped,NIC-CUST0015-S1
SO-26079,4,A-20058,Shaft Coupling size 6,1,EA,353.03,353.03,254.75,Price List D,2025-05-04,2025-05-05,1,Shipped,NIC-CUST0015-S1
SO-26080,1,A-20003,Gearbox Sub-Assembly 2.000,1,EA,3189.53,3189.53,2450.66,Price List B,2025-09-17,2025-09-18,1,Shipped,NIC-CUST0029-S1
SO-26081,1,A-20013,Shaft Coupling 5/8-11,2,EA,207.29,414.58,162.20000000000002,Price List C,2026-04-12,2026-04-15,0,Open,NIC-CUST0024-S1
SO-26081,2,A-20065,Machined Housing M6,1,EA,1019.84,1019.84,798.0,Price List C,2026-04-12,2026-04-19,0,Open,NIC-CUST0024-S1
SO-26081,3,A-20093,Gearbox Sub-Assembly M12,2,EA,3195.28,6390.56,2017.22,Price List C,2026-04-15,2026-04-15,0,Open,NIC-CUST0024-S1
SO-26081,4,A-20077,Machined Housing 1.250,1,EA,1166.64,1166.64,869.98,Price List C,2026-04-06,2026-04-06,0,Backordered,NIC-CUST0024-S1
SO-26082,1,A-20020,Shaft Coupling 5/8-11,1,EA,482.91,482.91,316.62,Price List D,2025-06-15,2025-06-22,1,Shipped,NIC-CUST0015-S1
SO-26082,2,A-20076,Gearbox Sub-Assembly 1.375,1,EA,1094.03,1094.03,721.1800000000001,Price List D,2025-06-06,2025-06-13,1,Shipped,NIC-CUST0015-S1
SO-26082,3,A-20082,Machined Housing #60,2,EA,1207.47,2414.94,841.44,Price List D,2025-06-04,2025-06-04,2,Shipped,NIC-CUST0015-S1
SO-26082,4,A-20039,Shaft Coupling 1.000,1,EA,562.68,562.68,415.87,Price List D,2025-06-14,2025-06-14,1,Shipped,NIC-CUST0015-S1
SO-26083,1,A-20053,Machined Housing #50,5,EA,932.17,4660.85,695.65,Price List A,2025-12-01,2025-12-01,5,Shipped,NIC-CUST0039-S1
SO-26083,2,A-20070,Gearbox Sub-Assembly 1.000,3,EA,3217.56,9652.68,1739.22,Price List A,2025-12-04,2025-12-04,3,Shipped,NIC-CUST0039-S1
SO-26083,3,A-20031,Shaft Coupling M10,1,EA,235.78,235.78,128.84,Price List A,2025-11-28,2025-11-28,1,Shipped,NIC-CUST0039-S1
SO-26083,4,A-20063,Gearbox Sub-Assembly 5/8-11,5,EA,1990.72,9953.6,1372.91,Price List A,2025-11-28,2025-11-28,5,Shipped,NIC-CUST0039-S1
SO-26083,5,A-20038,Gearbox Sub-Assembly #80,2,EA,2415.34,4830.68,1997.97,NIC-CPA001,2025-11-20,2025-11-21,2,Shipped,NIC-CUST0039-S1
SO-26084,1,A-20063,Gearbox Sub-Assembly 5/8-11,2,EA,1990.72,3981.44,1372.91,Price List A,2025-10-23,2025-10-23,2,Shipped,NIC-CUST0023-S1
SO-26084,2,A-20058,Shaft Coupling size 6,1,EA,430.53,430.53,254.75,Price List A,2025-10-10,2025-10-13,1,Shipped,NIC-CUST0023-S1
SO-26084,3,A-20087,Machined Housing M12,3,EA,619.49,1858.47,333.06,Price List A,2025-10-04,2025-10-04,3,Shipped,NIC-CUST0023-S1
SO-26085,1,A-20038,Gearbox Sub-Assembly #80,3,EA,3136.81,9410.43,1997.97,Price List A,2025-07-31,2025-07-31,3,Shipped,NIC-CUST0033-S1
SO-26085,2,A-20013,Shaft Coupling 5/8-11,1,EA,230.32,230.32,162.20000000000002,Price List A,2025-08-04,2025-08-04,1,Shipped,NIC-CUST0033-S1
SO-26085,3,A-20077,Machined Housing 1.250,2,EA,1296.27,2592.54,869.98,Price List A,2025-08-05,2025-08-06,2,Shipped,NIC-CUST0033-S1
SO-26086,1,A-20072,Machined Housing 1.250,5,EA,442.24,2211.2,402.48,Price List D,2026-02-16,2026-02-16,5,Shipped,NIC-CUST0015-S1
SO-26086,2,A-20038,Gearbox Sub-Assembly #80,2,EA,2572.18,5144.36,1997.97,Price List D,2026-03-02,2026-03-09,2,Shipped,NIC-CUST0015-S1
SO-26086,3,A-20077,Machined Housing 1.250,2,EA,1062.94,2125.88,869.98,Price List D,2026-02-20,2026-02-20,2,Shipped,NIC-CUST0015-S1
SO-26086,4,A-20072,Machined Housing 1.250,1,EA,442.24,442.24,402.48,Price List D,2026-02-24,2026-02-24,1,Shipped,NIC-CUST0015-S1
SO-26086,5,A-20110,Gearbox Sub-Assembly 2.000,1,EA,4055.26,4055.26,2979.18,Price List D,2026-03-02,2026-03-09,1,Shipped,NIC-CUST0015-S1
SO-26087,1,A-20107,Gearbox Sub-Assembly M12,3,EA,3339.95,10019.85,2631.9500000000003,Price List C,2025-04-21,2025-04-21,0,Backordered,NIC-CUST0001-S1
SO-26087,2,A-20087,Machined Housing M12,2,EA,557.54,1115.08,333.06,Price List C,2025-04-27,2025-04-28,2,Shipped,NIC-CUST0001-S1
SO-26087,3,A-20053,Machined Housing #50,1,EA,838.95,838.95,695.65,Price List C,2025-05-05,2025-05-05,1,Shipped,NIC-CUST0001-S1
SO-26087,4,A-20077,Machined Housing 1.250,5,EA,1166.64,5833.2,869.98,Price List C,2025-05-10,2025-05-10,5,Shipped,NIC-CUST0001-S1
SO-26088,1,A-20101,Gearbox Sub-Assembly 5/8-11,1,EA,3237.68,3237.68,2382.4,Price List C,2025-06-22,2025-06-25,1,Shipped,NIC-CUST0025-S1
SO-26088,2,A-20092,Gearbox Sub-Assembly 2.000,2,EA,2327.67,4655.34,1915.78,Price List C,2025-06-05,2025-06-06,2,Shipped,NIC-CUST0025-S1
SO-26088,3,A-20092,Gearbox Sub-Assembly 2.000,3,EA,2327.67,6983.01,1915.78,Price List C,2025-06-18,2025-06-18,3,Shipped,NIC-CUST0025-S1
SO-26089,1,A-20030,Shaft Coupling M8,2,EA,245.3,490.6,176.98,Price List C,2025-09-21,2025-09-24,2,Shipped,NIC-CUST0034-S1
SO-26089,2,A-20040,Machined Housing #60,1,EA,282.86,282.86,210.93,Price List C,2025-09-19,2025-09-22,1,Shipped,NIC-CUST0034-S1
SO-26089,3,A-20034,Shaft Coupling M10,2,EA,140.27,280.54,111.33,Price List C,2025-09-27,2025-09-27,2,Shipped,NIC-CUST0034-S1
SO-26090,1,A-20061,Shaft Coupling 2.000,3,EA,238.54,715.62,175.52,Price List C,2025-06-23,2025-06-23,3,Shipped,NIC-CUST0001-S1
SO-26090,2,A-20002,Gearbox Sub-Assembly 3/8-16,1,EA,2311.59,2311.59,1931.15,Price List C,2025-06-27,2025-07-04,1,Shipped,NIC-CUST0001-S1
SO-26090,3,A-20077,Machined Housing 1.250,5,EA,1166.64,5833.2,869.98,Price List C,2025-06-17,2025-06-17,5,Shipped,NIC-CUST0001-S1
SO-26090,4,A-20013,Shaft Coupling 5/8-11,2,EA,207.29,414.58,162.20000000000002,Price List C,2025-06-15,2025-06-22,2,Shipped,NIC-CUST0001-S1
SO-26090,5,A-20036,Gearbox Sub-Assembly M10,5,EA,3711.52,18557.6,2945.65,Price List C,2025-06-21,2025-06-28,5,Shipped,NIC-CUST0001-S1
SO-26091,1,A-20040,Machined Housing #60,5,EA,282.86,1414.3,210.93,Price List C,2025-05-17,2025-05-17,5,Shipped,NIC-CUST0030-S1
SO-26091,2,A-20073,Machined Housing 1.500,2,EA,737.34,1474.68,496.53000000000003,Price List C,2025-05-05,2025-05-08,2,Shipped,NIC-CUST0030-S1
SO-26091,3,A-20077,Machined Housing 1.250,3,EA,1166.64,3499.92,869.98,Price List C,2025-05-03,2025-05-03,3,Shipped,NIC-CUST0030-S1
SO-26092,1,A-20063,Gearbox Sub-Assembly 5/8-11,3,EA,1791.65,5374.95,1372.91,Price List C,2026-04-15,2026-04-15,0,Open,NIC-CUST0031-S1
SO-26093,1,A-20036,Gearbox Sub-Assembly M10,5,EA,4123.91,20619.55,2945.65,Price List A,2026-03-09,2026-03-10,5,Shipped,NIC-CUST0021-S1
SO-26093,2,A-20072,Machined Housing 1.250,1,EA,496.17,496.17,402.48,Manual override,2026-03-01,2026-03-01,1,Shipped,NIC-CUST0021-S1
SO-26093,3,A-20077,Machined Housing 1.250,1,EA,1296.27,1296.27,869.98,Price List A,2026-03-08,2026-03-11,1,Shipped,NIC-CUST0021-S1
SO-26094,1,A-20072,Machined Housing 1.250,3,EA,490.78,1472.34,402.48,Manual override,2025-05-27,2025-05-27,3,Shipped,NIC-CUST0006-S1
SO-26094,2,A-20065,Machined Housing M6,5,EA,1133.16,5665.8,798.0,Price List A,2025-05-09,2025-05-09,5,Shipped,NIC-CUST0006-S1
SO-26094,3,A-20040,Machined Housing #60,3,EA,257.72,773.16,210.93,NIC-CPA023,2025-05-15,2025-05-22,3,Shipped,NIC-CUST0006-S1
SO-26095,1,A-20107,Gearbox Sub-Assembly M12,1,EA,3525.5,3525.5,2631.9500000000003,Price List B,2025-07-22,2025-07-25,1,Shipped,NIC-CUST0029-S1
SO-26095,2,A-20078,Machined Housing 3/8-16,1,EA,1211.82,1211.82,704.75,Price List B,2025-08-03,2025-08-03,1,Shipped,NIC-CUST0029-S1
SO-26095,3,A-20077,Machined Housing 1.250,1,EA,1231.46,1231.46,869.98,Price List B,2025-08-03,2025-08-03,1,Shipped,NIC-CUST0029-S1
SO-26096,1,A-20002,Gearbox Sub-Assembly 3/8-16,1,EA,2311.59,2311.59,1931.15,Price List C,2026-03-19,2026-03-19,0,Open,NIC-CUST0018-S1
SO-26096,2,A-20073,Machined Housing 1.500,5,EA,737.34,3686.7,496.53000000000003,Price List C,2026-03-31,2026-04-03,0,Open,NIC-CUST0018-S1
SO-26097,1,A-20022,Machined Housing 1.500,1,EA,214.07,214.07,155.41,Price List B,2025-12-15,2025-12-16,1,Shipped,NIC-CUST0013-S1
SO-26097,2,A-20082,Machined Housing #60,3,EA,1398.89,4196.67,841.44,Price List B,2025-12-11,2025-12-11,3,Shipped,NIC-CUST0013-S1
SO-26097,3,A-20114,Shaft Coupling 3/8-16,5,EA,420.75,2103.75,244.69,Price List B,2025-12-25,2025-12-25,5,Shipped,NIC-CUST0013-S1
SO-26097,4,A-20003,Gearbox Sub-Assembly 2.000,1,EA,3189.53,3189.53,2450.66,Price List B,2025-12-04,2025-12-05,1,Shipped,NIC-CUST0013-S1
SO-26097,5,A-20087,Machined Housing M12,1,EA,588.52,588.52,333.06,Price List B,2025-12-06,2025-12-09,1,Shipped,NIC-CUST0013-S1
SO-26098,1,A-20038,Gearbox Sub-Assembly #80,5,EA,2979.97,14899.85,1997.97,Price List B,2025-10-28,2025-10-29,5,Shipped,NIC-CUST0020-S1
SO-26098,2,A-20087,Machined Housing M12,1,EA,588.52,588.52,333.06,Price List B,2025-10-10,2025-10-10,1,Shipped,NIC-CUST0020-S1
SO-26098,3,A-20020,Shaft Coupling 5/8-11,3,EA,559.46,1678.38,316.62,Price List B,2025-10-30,2025-10-31,3,Shipped,NIC-CUST0020-S1
SO-26098,4,A-20036,Gearbox Sub-Assembly M10,1,EA,3917.71,3917.71,2945.65,Price List B,2025-10-28,2025-10-29,1,Shipped,NIC-CUST0020-S1
SO-26099,1,A-20097,Machined Housing #80,2,EA,396.25,792.5,246.81,Price List B,2026-02-21,2026-02-28,2,Shipped,NIC-CUST0029-S1
SO-26100,1,A-20092,Gearbox Sub-Assembly 2.000,1,EA,2120.77,2120.77,1915.78,Price List D,2025-08-09,2025-08-16,1,Shipped,NIC-CUST0037-S1
SO-26101,1,A-20040,Machined Housing #60,1,EA,226.29,226.29,210.93,NIC-CPA005,2025-07-27,2025-07-30,1,Shipped,NIC-CUST0004-S1
SO-26101,2,A-20022,Machined Housing 1.500,3,EA,202.81,608.43,155.41,Price List C,2025-08-19,2025-08-26,3,Shipped,NIC-CUST0004-S1
SO-26101,3,A-20114,Shaft Coupling 3/8-16,3,EA,398.6,1195.8,244.69,Price List C,2025-07-30,2025-07-30,3,Shipped,NIC-CUST0004-S1
SO-26102,1,A-20092,Gearbox Sub-Assembly 2.000,5,EA,2120.77,10603.85,1915.78,Price List D,2025-06-28,2025-06-29,5,Shipped,NIC-CUST0009-S1
SO-26102,2,A-20078,Machined Housing 3/8-16,3,EA,1045.99,3137.97,704.75,Price List D,2025-07-03,2025-07-03,3,Shipped,NIC-CUST0009-S1
SO-26103,1,A-20039,Shaft Coupling 1.000,1,EA,562.68,562.68,415.87,Price List D,2025-05-01,2025-05-08,1,Shipped,NIC-CUST0008-S1
SO-26103,2,A-20087,Machined Housing M12,1,EA,507.98,507.98,333.06,Price List D,2025-04-18,2025-04-19,1,Shipped,NIC-CUST0008-S1
SO-26104,1,A-20082,Machined Housing #60,5,EA,1207.47,6037.35,841.44,Price List D,2025-04-17,2025-04-18,5,Shipped,NIC-CUST0003-S1
SO-26104,2,A-20043,Gearbox Sub-Assembly 1.000,5,EA,1896.5,9482.5,1336.88,Price List D,2025-04-19,2025-04-19,5,Shipped,NIC-CUST0003-S1
SO-26104,3,A-20036,Gearbox Sub-Assembly M10,1,EA,3381.61,3381.61,2945.65,Price List D,2025-04-29,2025-05-02,1,Shipped,NIC-CUST0003-S1
SO-26104,4,A-20087,Machined Housing M12,1,EA,507.98,507.98,333.06,Price List D,2025-05-01,2025-05-08,1,Shipped,NIC-CUST0003-S1
SO-26104,5,A-20030,Shaft Coupling M8,1,EA,223.49,223.49,176.98,Price List D,2025-04-16,2025-04-19,1,Shipped,NIC-CUST0003-S1
SO-26105,1,A-20038,Gearbox Sub-Assembly #80,3,EA,2830.97,8492.91,1997.97,Manual override,2025-05-16,2025-05-16,3,Shipped,NIC-CUST0013-S1
SO-26105,2,A-20093,Gearbox Sub-Assembly M12,3,EA,3372.79,10118.37,2017.22,Price List B,2025-04-23,2025-04-23,3,Shipped,NIC-CUST0013-S1
SO-26106,1,A-20038,Gearbox Sub-Assembly #80,1,EA,2823.13,2823.13,1997.97,Price List C,2026-01-16,2026-01-16,1,Shipped,NIC-CUST0002-S1
SO-26106,2,A-20039,Shaft Coupling 1.000,1,EA,617.57,617.57,415.87,Price List C,2026-02-01,2026-02-01,1,Shipped,NIC-CUST0002-S1
SO-26107,1,A-20043,Gearbox Sub-Assembly 1.000,1,EA,2081.52,2081.52,1336.88,Price List C,2025-12-04,2025-12-04,1,Shipped,NIC-CUST0025-S1
SO-26107,2,A-20110,Gearbox Sub-Assembly 2.000,2,EA,4450.9,8901.8,2979.18,Price List C,2025-11-22,2025-11-22,2,Shipped,NIC-CUST0025-S1
SO-26107,3,A-20090,Machined Housing 1.250,5,EA,1212.24,6061.2,821.3000000000001,Price List C,2025-12-14,2025-12-17,5,Shipped,NIC-CUST0025-S1
SO-26108,1,A-20077,Machined Housing 1.250,1,EA,1231.46,1231.46,869.98,Price List B,2025-08-02,2025-08-02,1,Shipped,NIC-CUST0013-S1
SO-26109,1,A-20039,Shaft Coupling 1.000,5,EA,631.29,3156.45,415.87,Manual override,2025-09-17,2025-09-20,5,Shipped,NIC-CUST0022-S1
SO-26109,2,A-20110,Gearbox Sub-Assembly 2.000,1,EA,4945.44,4945.44,2979.18,Price List A,2025-09-22,2025-09-29,1,Shipped,NIC-CUST0022-S1
SO-26109,3,A-20043,Gearbox Sub-Assembly 1.000,1,EA,2312.8,2312.8,1336.88,Price List A,2025-09-11,2025-09-18,1,Shipped,NIC-CUST0022-S1
SO-26110,1,A-20040,Machined Housing #60,1,EA,226.29,226.29,210.93,NIC-CPA005,2026-02-24,2026-02-24,0,Open,NIC-CUST0004-S1
SO-26111,1,A-20002,Gearbox Sub-Assembly 3/8-16,2,EA,2106.11,4212.22,1931.15,Price List D,2025-04-26,2025-04-27,2,Shipped,NIC-CUST0040-S1
SO-26111,2,A-20078,Machined Housing 3/8-16,1,EA,969.46,969.46,704.75,NIC-CPA021,2025-04-18,2025-04-19,1,Shipped,NIC-CUST0040-S1
SO-26111,3,A-20043,Gearbox Sub-Assembly 1.000,2,EA,1763.75,3527.5,1336.88,Manual override,2025-04-15,2025-04-15,2,Shipped,NIC-CUST0040-S1
SO-26111,4,A-20002,Gearbox Sub-Assembly 3/8-16,1,EA,2106.11,2106.11,1931.15,Price List D,2025-04-07,2025-04-14,1,Shipped,NIC-CUST0040-S1
SO-26111,5,A-20063,Gearbox Sub-Assembly 5/8-11,5,EA,1632.39,8161.95,1372.91,Price List D,2025-04-19,2025-04-26,5,Shipped,NIC-CUST0040-S1
SO-26112,1,A-20040,Machined Housing #60,1,EA,282.86,282.86,210.93,Price List C,2026-02-09,2026-02-16,1,Shipped,NIC-CUST0034-S1
SO-26112,2,A-20093,Gearbox Sub-Assembly M12,3,EA,3195.28,9585.84,2017.22,Price List C,2026-02-01,2026-02-08,3,Shipped,NIC-CUST0034-S1
SO-26112,3,A-20107,Gearbox Sub-Assembly M12,5,EA,3339.95,16699.75,2631.9500000000003,Price List C,2026-02-01,2026-02-01,5,Shipped,NIC-CUST0034-S1
SO-26112,4,A-20034,Shaft Coupling M10,1,EA,140.27,140.27,111.33,Price List C,2026-01-28,2026-01-29,1,Shipped,NIC-CUST0034-S1
SO-26112,5,A-20043,Gearbox Sub-Assembly 1.000,3,EA,2081.52,6244.56,1336.88,Price List C,2026-02-04,2026-02-04,3,Shipped,NIC-CUST0034-S1
SO-26113,1,A-20097,Machined Housing #80,1,EA,342.03,342.03,246.81,Price List D,2025-06-25,2025-06-25,1,Shipped,NIC-CUST0014-S1
SO-26113,2,A-20076,Gearbox Sub-Assembly 1.375,2,EA,1094.03,2188.06,721.1800000000001,Price List D,2025-06-15,2025-06-15,2,Shipped,NIC-CUST0014-S1
SO-26113,3,A-20053,Machined Housing #50,3,EA,764.38,2293.14,695.65,Price List D,2025-07-10,2025-07-13,3,Shipped,NIC-CUST0014-S1
SO-26113,4,A-20072,Machined Housing 1.250,5,EA,442.24,2211.2,402.48,Price List D,2025-06-14,2025-06-14,5,Shipped,NIC-CUST0014-S1
SO-26114,1,A-20063,Gearbox Sub-Assembly 5/8-11,2,EA,1632.39,3264.78,1372.91,Price List D,2026-01-11,2026-01-14,2,Shipped,NIC-CUST0014-S1
SO-26114,2,A-20039,Shaft Coupling 1.000,3,EA,562.68,1688.04,415.87,Price List D,2025-12-22,2025-12-23,3,Shipped,NIC-CUST0014-S1
SO-26114,3,A-20033,Shaft Coupling 2.000,1,EA,439.23,439.23,328.62,Price List D,2025-12-29,2025-12-29,1,Shipped,NIC-CUST0014-S1
SO-26115,1,A-20063,Gearbox Sub-Assembly 5/8-11,1,EA,1632.39,1632.39,1372.91,Price List D,2025-07-20,2025-07-20,1,Shipped,NIC-CUST0040-S1
SO-26115,2,A-20013,Shaft Coupling 5/8-11,3,EA,188.86,566.58,162.20000000000002,Price List D,2025-07-27,2025-08-03,3,Shipped,NIC-CUST0040-S1
SO-26115,3,A-20039,Shaft Coupling 1.000,1,EA,562.68,562.68,415.87,Price List D,2025-08-02,2025-08-03,1,Shipped,NIC-CUST0040-S1
SO-26115,4,A-20093,Gearbox Sub-Assembly M12,5,EA,2911.25,14556.25,2017.22,Price List D,2025-08-05,2025-08-05,5,Shipped,NIC-CUST0040-S1
SO-26115,5,A-20043,Gearbox Sub-Assembly 1.000,5,EA,1896.5,9482.5,1336.88,Price List D,2025-07-24,2025-07-24,5,Shipped,NIC-CUST0040-S1
SO-26116,1,A-20053,Machined Housing #50,3,EA,764.38,2293.14,695.65,Price List D,2025-06-12,2025-06-12,3,Shipped,NIC-CUST0037-S1
SO-26116,2,A-20022,Machined Housing 1.500,2,EA,179.24,358.48,155.41,Manual override,2025-05-26,2025-06-02,2,Shipped,NIC-CUST0037-S1
SO-26116,3,A-20072,Machined Housing 1.250,2,EA,442.24,884.48,402.48,Price List D,2025-06-14,2025-06-17,2,Shipped,NIC-CUST0037-S1
SO-26117,1,A-20043,Gearbox Sub-Assembly 1.000,1,EA,2197.16,2197.16,1336.88,Price List B,2025-10-31,2025-11-03,1,Shipped,NIC-CUST0035-S1
SO-26118,1,A-20065,Machined Housing M6,5,EA,1019.84,5099.2,798.0,Price List C,2025-08-29,2025-08-29,5,Shipped,NIC-CUST0025-S1
SO-26118,2,A-20092,Gearbox Sub-Assembly 2.000,1,EA,2327.67,2327.67,1915.78,Price List C,2025-09-04,2025-09-04,1,Shipped,NIC-CUST0025-S1
SO-26118,3,A-20077,Machined Housing 1.250,1,EA,1166.64,1166.64,869.98,Price List C,2025-09-16,2025-09-17,1,Shipped,NIC-CUST0025-S1
SO-26118,4,A-20022,Machined Housing 1.500,1,EA,202.81,202.81,155.41,Price List C,2025-09-04,2025-09-04,1,Shipped,NIC-CUST0025-S1
SO-26118,5,A-20114,Shaft Coupling 3/8-16,3,EA,398.6,1195.8,244.69,Price List C,2025-09-12,2025-09-19,0,Open,NIC-CUST0025-S1
SO-26119,1,A-20087,Machined Housing M12,5,EA,507.98,2539.9,333.06,Price List D,2026-04-11,2026-04-11,0,Backordered,NIC-CUST0003-S1
SO-26119,2,A-20090,Machined Housing 1.250,5,EA,1104.48,5522.4,821.3000000000001,Price List D,2026-04-06,2026-04-06,0,Open,NIC-CUST0003-S1
SO-26120,1,A-20034,Shaft Coupling M10,1,EA,127.81,127.81,111.33,Price List D,2026-03-18,2026-03-21,1,Shipped,NIC-CUST0040-S1
SO-26120,2,A-20013,Shaft Coupling 5/8-11,1,EA,183.19,183.19,162.20000000000002,Manual override,2026-03-21,2026-03-24,1,Shipped,NIC-CUST0040-S1
SO-26120,3,A-20087,Machined Housing M12,5,EA,507.98,2539.9,333.06,Price List D,2026-04-03,2026-04-03,0,Backordered,NIC-CUST0040-S1
SO-26121,1,A-20034,Shaft Coupling M10,1,EA,140.27,140.27,111.33,Price List C,2025-09-16,2025-09-16,1,Shipped,NIC-CUST0007-S1
SO-26121,2,A-20031,Shaft Coupling M10,1,EA,212.2,212.2,128.84,Price List C,2025-09-03,2025-09-03,1,Shipped,NIC-CUST0007-S1
SO-26121,3,A-20058,Shaft Coupling size 6,1,EA,387.48,387.48,254.75,Price List C,2025-09-11,2025-09-11,1,Shipped,NIC-CUST0007-S1
SO-26122,1,A-20022,Machined Housing 1.500,2,EA,184.78,369.56,155.41,Price List D,2025-11-06,2025-11-07,2,Shipped,NIC-CUST0015-S1
SO-26122,2,A-20114,Shaft Coupling 3/8-16,3,EA,363.17,1089.51,244.69,Price List D,2025-11-05,2025-11-05,3,Shipped,NIC-CUST0015-S1
SO-26122,3,A-20092,Gearbox Sub-Assembly 2.000,1,EA,2120.77,2120.77,1915.78,Price List D,2025-11-10,2025-11-10,1,Shipped,NIC-CUST0015-S1
SO-26122,4,A-20082,Machined Housing #60,1,EA,1159.17,1159.17,841.44,Manual override,2025-11-20,2025-11-20,1,Shipped,NIC-CUST0015-S1
SO-26123,1,A-20087,Machined Housing M12,2,EA,619.49,1238.98,333.06,Price List A,2025-09-26,2025-09-26,2,Shipped,NIC-CUST0006-S1
SO-26123,2,A-20043,Gearbox Sub-Assembly 1.000,1,EA,2312.8,2312.8,1336.88,Price List A,2025-10-05,2025-10-05,1,Shipped,NIC-CUST0006-S1
SO-26124,1,A-20034,Shaft Coupling M10,5,EA,127.81,639.05,111.33,Price List D,2025-11-15,2025-11-18,5,Shipped,NIC-CUST0040-S1
SO-26124,2,A-20072,Machined Housing 1.250,1,EA,442.24,442.24,402.48,Price List D,2025-12-05,2025-12-08,1,Shipped,NIC-CUST0040-S1
SO-26125,1,A-20030,Shaft Coupling M8,5,EA,245.3,1226.5,176.98,Price List C,2025-07-15,2025-07-18,5,Shipped,NIC-CUST0007-S1
SO-26125,2,A-20090,Machined Housing 1.250,2,EA,1212.24,2424.48,821.3000000000001,Price List C,2025-08-02,2025-08-02,2,Shipped,NIC-CUST0007-S1
SO-26126,1,A-20107,Gearbox Sub-Assembly M12,5,EA,3711.05,18555.25,2631.9500000000003,Price List A,2026-02-07,2026-02-07,5,Shipped,NIC-CUST0023-S1
SO-26126,2,A-20110,Gearbox Sub-Assembly 2.000,1,EA,4945.44,4945.44,2979.18,Price List A,2026-02-07,2026-02-07,1,Shipped,NIC-CUST0023-S1
SO-26126,3,A-20110,Gearbox Sub-Assembly 2.000,3,EA,4945.44,14836.32,2979.18,Price List A,2026-01-30,2026-02-06,3,Shipped,NIC-CUST0023-S1
SO-26127,1,A-20033,Shaft Coupling 2.000,3,EA,408.48,1225.44,328.62,Manual override,2026-02-06,2026-02-06,3,Shipped,NIC-CUST0011-S1
SO-26128,1,A-20107,Gearbox Sub-Assembly M12,2,EA,3339.95,6679.9,2631.9500000000003,Price List C,2026-02-12,2026-02-12,2,Shipped,NIC-CUST0007-S1
SO-26128,2,A-20022,Machined Housing 1.500,2,EA,202.81,405.62,155.41,Price List C,2026-01-30,2026-02-06,2,Shipped,NIC-CUST0007-S1
SO-26128,3,A-20101,Gearbox Sub-Assembly 5/8-11,1,EA,3237.68,3237.68,2382.4,Price List C,2026-02-02,2026-02-02,1,Shipped,NIC-CUST0007-S1
SO-26128,4,A-20077,Machined Housing 1.250,3,EA,1166.64,3499.92,869.98,Price List C,2026-01-19,2026-01-26,0,Open,NIC-CUST0007-S1
SO-26129,1,A-20002,Gearbox Sub-Assembly 3/8-16,1,EA,2311.59,2311.59,1931.15,Price List C,2026-01-10,2026-01-10,0,Backordered,NIC-CUST0030-S1
SO-26129,2,A-20020,Shaft Coupling 5/8-11,1,EA,492.92,492.92,316.62,Manual override,2026-01-06,2026-01-13,1,Shipped,NIC-CUST0030-S1
SO-26129,3,A-20043,Gearbox Sub-Assembly 1.000,3,EA,2081.52,6244.56,1336.88,Price List C,2026-01-26,2026-01-26,3,Shipped,NIC-CUST0030-S1
SO-26129,4,A-20070,Gearbox Sub-Assembly 1.000,2,EA,2895.8,5791.6,1739.22,Price List C,2026-01-18,2026-01-18,2,Shipped,NIC-CUST0030-S1
SO-26130,1,A-20034,Shaft Coupling M10,2,EA,140.27,280.54,111.33,Price List C,2025-12-18,2025-12-21,2,Shipped,NIC-CUST0001-S1
SO-26131,1,A-20053,Machined Housing #50,2,EA,764.38,1528.76,695.65,Price List D,2025-08-04,2025-08-07,2,Shipped,NIC-CUST0003-S1
SO-26131,2,A-20020,Shaft Coupling 5/8-11,5,EA,482.91,2414.55,316.62,Price List D,2025-08-10,2025-08-17,5,Shipped,NIC-CUST0003-S1
SO-26131,3,A-20003,Gearbox Sub-Assembly 2.000,5,EA,2753.07,13765.35,2450.66,Price List D,2025-08-02,2025-08-05,5,Shipped,NIC-CUST0003-S1
SO-26131,4,A-20072,Machined Housing 1.250,5,EA,442.24,2211.2,402.48,Price List D,2025-08-11,2025-08-11,5,Shipped,NIC-CUST0003-S1
SO-26131,5,A-20082,Machined Housing #60,3,EA,1207.47,3622.41,841.44,Price List D,2025-08-09,2025-08-09,3,Shipped,NIC-CUST0003-S1
SO-26132,1,A-20097,Machined Housing #80,2,EA,396.25,792.5,246.81,Price List B,2025-11-01,2025-11-02,2,Shipped,NIC-CUST0035-S1
SO-26132,2,A-20101,Gearbox Sub-Assembly 5/8-11,3,EA,3417.55,10252.65,2382.4,Price List B,2025-11-18,2025-11-21,0,Open,NIC-CUST0035-S1
SO-26132,3,A-20020,Shaft Coupling 5/8-11,5,EA,559.46,2797.3,316.62,Price List B,2025-11-04,2025-11-04,5,Shipped,NIC-CUST0035-S1
SO-26133,1,A-20082,Machined Housing #60,5,EA,1325.27,6626.35,841.44,Price List C,2025-11-17,2025-11-24,0,Open,NIC-CUST0001-S1
SO-26133,2,A-20097,Machined Housing #80,1,EA,375.4,375.4,246.81,Price List C,2025-11-15,2025-11-15,1,Shipped,NIC-CUST0001-S1
SO-26134,1,A-20020,Shaft Coupling 5/8-11,2,EA,588.91,1177.82,316.62,Price List A,2025-08-01,2025-08-04,2,Shipped,NIC-CUST0023-S1
SO-26134,2,A-20078,Machined Housing 3/8-16,3,EA,1275.6,3826.8,704.75,Price List A,2025-07-26,2025-07-26,3,Shipped,NIC-CUST0023-S1
SO-26134,3,A-20087,Machined Housing M12,1,EA,619.49,619.49,333.06,Price List A,2025-07-16,2025-07-19,1,Shipped,NIC-CUST0023-S1
SO-26134,4,A-20087,Machined Housing M12,1,EA,619.49,619.49,333.06,Price List A,2025-07-21,2025-07-21,1,Shipped,NIC-CUST0023-S1
SO-26134,5,A-20002,Gearbox Sub-Assembly 3/8-16,3,EA,2568.43,7705.29,1931.15,Price List A,2025-07-30,2025-07-30,3,Shipped,NIC-CUST0023-S1
SO-26135,1,A-20076,Gearbox Sub-Assembly 1.375,1,EA,1090.02,1090.02,721.1800000000001,Manual override,2025-07-20,2025-07-23,1,Shipped,NIC-CUST0029-S1
SO-26135,2,A-20013,Shaft Coupling 5/8-11,3,EA,218.8,656.4,162.20000000000002,Price List B,2025-07-24,2025-07-25,3,Shipped,NIC-CUST0029-S1
SO-26135,3,A-20061,Shaft Coupling 2.000,5,EA,234.16,1170.8,175.52,Manual override,2025-07-24,2025-07-31,5,Shipped,NIC-CUST0029-S1
SO-26136,1,A-20072,Machined Housing 1.250,3,EA,512.35,1537.05,402.48,Price List B,2026-04-10,2026-04-17,0,Open,NIC-CUST0005-S1
SO-26136,2,A-20013,Shaft Coupling 5/8-11,1,EA,218.8,218.8,162.20000000000002,Price List B,2026-03-27,2026-03-27,1,Shipped,NIC-CUST0005-S1
SO-26136,3,A-20110,Gearbox Sub-Assembly 2.000,1,EA,4698.17,4698.17,2979.18,Price List B,2026-04-10,2026-04-10,0,Open,NIC-CUST0005-S1
SO-26137,1,A-20114,Shaft Coupling 3/8-16,5,EA,363.17,1815.85,244.69,Price List D,2025-08-01,2025-08-01,0,Open,NIC-CUST0008-S1
SO-26137,2,A-20039,Shaft Coupling 1.000,1,EA,562.68,562.68,415.87,Price List D,2025-07-31,2025-08-03,1,Shipped,NIC-CUST0008-S1
SO-26137,3,A-20003,Gearbox Sub-Assembly 2.000,2,EA,2753.07,5506.14,2450.66,Price List D,2025-07-17,2025-07-18,2,Shipped,NIC-CUST0008-S1
SO-26137,4,A-20097,Machined Housing #80,5,EA,342.03,1710.15,246.81,Price List D,2025-07-13,2025-07-13,5,Shipped,NIC-CUST0008-S1
SO-26137,5,A-20097,Machined Housing #80,5,EA,342.03,1710.15,246.81,Price List D,2025-07-25,2025-07-25,5,Shipped,NIC-CUST0008-S1
SO-26138,1,A-20087,Machined Housing M12,3,EA,619.49,1858.47,333.06,Price List A,2025-04-21,2025-04-22,3,Shipped,NIC-CUST0022-S1
SO-26138,2,A-20061,Shaft Coupling 2.000,1,EA,230.58,230.58,175.52,Manual override,2025-04-27,2025-04-27,0,Open,NIC-CUST0022-S1
SO-26138,3,A-20013,Shaft Coupling 5/8-11,3,EA,230.32,690.96,162.20000000000002,Price List A,2025-04-09,2025-04-10,3,Shipped,NIC-CUST0022-S1
SO-26139,1,A-20053,Machined Housing #50,3,EA,885.56,2656.68,695.65,Price List B,2026-01-12,2026-01-15,3,Shipped,NIC-CUST0026-S1
SO-26140,1,A-20101,Gearbox Sub-Assembly 5/8-11,2,EA,3597.42,7194.84,2382.4,Price List A,2025-10-14,2025-10-14,2,Shipped,NIC-CUST0033-S1
SO-26140,2,A-20092,Gearbox Sub-Assembly 2.000,5,EA,2586.3,12931.5,1915.78,Price List A,2025-10-17,2025-10-17,5,Shipped,NIC-CUST0033-S1
SO-26141,1,A-20065,Machined Housing M6,3,EA,929.19,2787.57,798.0,Price List D,2025-06-28,2025-06-28,3,Shipped,NIC-CUST0008-S1
SO-26141,2,A-20092,Gearbox Sub-Assembly 2.000,2,EA,2120.77,4241.54,1915.78,Price List D,2025-06-21,2025-06-24,2,Shipped,NIC-CUST0008-S1
SO-26141,3,A-20061,Shaft Coupling 2.000,1,EA,217.33,217.33,175.52,Price List D,2025-06-15,2025-06-15,1,Shipped,NIC-CUST0008-S1
SO-26141,4,A-20039,Shaft Coupling 1.000,1,EA,562.68,562.68,415.87,Price List D,2025-06-18,2025-06-18,1,Shipped,NIC-CUST0008-S1
SO-26142,1,A-20073,Machined Housing 1.500,2,EA,631.49,1262.98,496.53000000000003,Manual override,2025-08-17,2025-08-17,2,Shipped,NIC-CUST0008-S1
SO-26142,2,A-20073,Machined Housing 1.500,1,EA,671.8,671.8,496.53000000000003,Price List D,2025-08-03,2025-08-04,1,Shipped,NIC-CUST0008-S1
SO-26142,3,A-20033,Shaft Coupling 2.000,3,EA,439.23,1317.69,328.62,Price List D,2025-08-14,2025-08-14,3,Shipped,NIC-CUST0008-S1
SO-26142,4,A-20110,Gearbox Sub-Assembly 2.000,5,EA,4055.26,20276.3,2979.18,Price List D,2025-07-31,2025-08-01,5,Shipped,NIC-CUST0008-S1
SO-26142,5,A-20061,Shaft Coupling 2.000,2,EA,217.33,434.66,175.52,Price List D,2025-08-13,2025-08-16,2,Shipped,NIC-CUST0008-S1
SO-26143,1,A-20022,Machined Housing 1.500,1,EA,214.07,214.07,155.41,Price List B,2025-06-01,2025-06-01,1,Shipped,NIC-CUST0013-S1
SO-26143,2,A-20058,Shaft Coupling size 6,3,EA,409.0,1227.0,254.75,Price List B,2025-05-25,2025-05-25,3,Shipped,NIC-CUST0013-S1
SO-26143,3,A-20058,Shaft Coupling size 6,5,EA,392.64,1963.2,254.75,Manual override,2025-05-24,2025-05-24,5,Shipped,NIC-CUST0013-S1
SO-26144,1,A-20020,Shaft Coupling 5/8-11,1,EA,588.91,588.91,316.62,Price List A,2025-08-15,2025-08-22,1,Shipped,NIC-CUST0023-S1
SO-26145,1,A-20110,Gearbox Sub-Assembly 2.000,2,EA,4450.9,8901.8,2979.18,Price List C,2025-12-26,2025-12-27,2,Shipped,NIC-CUST0030-S1
SO-26145,2,A-20073,Machined Housing 1.500,3,EA,737.34,2212.02,496.53000000000003,Price List C,2025-12-28,2025-12-29,3,Shipped,NIC-CUST0030-S1
SO-26145,3,A-20040,Machined Housing #60,1,EA,282.86,282.86,210.93,Price List C,2025-12-26,2025-12-26,1,Shipped,NIC-CUST0030-S1
SO-26146,1,A-20022,Machined Housing 1.500,5,EA,214.07,1070.35,155.41,Price List B,2025-09-26,2025-09-29,5,Shipped,NIC-CUST0005-S1
SO-26146,2,A-20020,Shaft Coupling 5/8-11,3,EA,559.46,1678.38,316.62,Price List B,2025-09-29,2025-09-30,3,Shipped,NIC-CUST0005-S1
SO-26146,3,A-20065,Machined Housing M6,1,EA,1076.5,1076.5,798.0,Price List B,2025-09-23,2025-09-24,1,Shipped,NIC-CUST0005-S1
SO-26146,4,A-20022,Machined Housing 1.500,3,EA,214.07,642.21,155.41,Price List B,2025-09-29,2025-10-02,3,Shipped,NIC-CUST0005-S1
SO-26146,5,A-20107,Gearbox Sub-Assembly M12,1,EA,3525.5,3525.5,2631.9500000000003,Price List B,2025-09-16,2025-09-16,1,Shipped,NIC-CUST0005-S1
SO-26147,1,A-20101,Gearbox Sub-Assembly 5/8-11,1,EA,2949.88,2949.88,2382.4,Price List D,2025-09-14,2025-09-15,0,Open,NIC-CUST0003-S1
SO-26147,2,A-20101,Gearbox Sub-Assembly 5/8-11,5,EA,2772.89,13864.45,2382.4,Manual override,2025-09-07,2025-09-08,5,Shipped,NIC-CUST0003-S1
SO-26147,3,A-20020,Shaft Coupling 5/8-11,1,EA,482.91,482.91,316.62,Price List D,2025-09-15,2025-09-15,1,Shipped,NIC-CUST0003-S1
SO-26148,1,A-20034,Shaft Coupling M10,5,EA,140.27,701.35,111.33,Price List C,2026-01-22,2026-01-22,5,Shipped,NIC-CUST0007-S1
SO-26148,2,A-20033,Shaft Coupling 2.000,5,EA,409.77,2048.85,328.62,Manual override,2026-01-29,2026-01-29,5,Shipped,NIC-CUST0007-S1
SO-26149,1,A-20038,Gearbox Sub-Assembly #80,1,EA,2979.97,2979.97,1997.97,Price List B,2025-05-13,2025-05-13,1,Shipped,NIC-CUST0029-S1
SO-26150,1,A-20072,Machined Housing 1.250,1,EA,539.32,539.32,402.48,Price List A,2025-07-18,2025-07-19,1,Shipped,NIC-CUST0012-S1
SO-26150,2,A-20072,Machined Housing 1.250,1,EA,539.32,539.32,402.48,Price List A,2025-07-18,2025-07-18,1,Shipped,NIC-CUST0012-S1
SO-26150,3,A-20040,Machined Housing #60,2,EA,314.29,628.58,210.93,Price List A,2025-07-24,2025-07-24,2,Shipped,NIC-CUST0012-S1
SO-26150,4,A-20090,Machined Housing 1.250,5,EA,1346.93,6734.65,821.3000000000001,Price List A,2025-08-04,2025-08-04,5,Shipped,NIC-CUST0012-S1
SO-26151,1,A-20013,Shaft Coupling 5/8-11,3,EA,188.86,566.58,162.20000000000002,Price List D,2026-03-15,2026-03-22,3,Shipped,NIC-CUST0008-S1
SO-26152,1,A-20070,Gearbox Sub-Assembly 1.000,3,EA,3217.56,9652.68,1739.22,Price List A,2025-07-31,2025-07-31,3,Shipped,NIC-CUST0022-S1
SO-26152,2,A-20031,Shaft Coupling M10,1,EA,235.78,235.78,128.84,Price List A,2025-08-05,2025-08-05,1,Shipped,NIC-CUST0022-S1
SO-26152,3,A-20114,Shaft Coupling 3/8-16,1,EA,442.89,442.89,244.69,Price List A,2025-08-15,2025-08-15,1,Shipped,NIC-CUST0022-S1
SO-26152,4,A-20065,Machined Housing M6,1,EA,1076.5,1076.5,798.0,Manual override,2025-08-17,2025-08-17,1,Shipped,NIC-CUST0022-S1
SO-26153,1,A-20031,Shaft Coupling M10,2,EA,212.2,424.4,128.84,Price List C,2025-12-25,2025-12-26,2,Shipped,NIC-CUST0017-S1
SO-26153,2,A-20076,Gearbox Sub-Assembly 1.375,1,EA,1200.76,1200.76,721.1800000000001,Price List C,2025-12-24,2025-12-24,1,Shipped,NIC-CUST0017-S1
SO-26153,3,A-20114,Shaft Coupling 3/8-16,1,EA,350.77,350.77,244.69,Manual override,2025-12-05,2025-12-05,1,Shipped,NIC-CUST0017-S1
SO-26153,4,A-20002,Gearbox Sub-Assembly 3/8-16,3,EA,2311.59,6934.77,1931.15,Price List C,2025-12-22,2025-12-22,3,Shipped,NIC-CUST0017-S1
SO-26154,1,A-20076,Gearbox Sub-Assembly 1.375,2,EA,1094.03,2188.06,721.1800000000001,Price List D,2025-10-22,2025-10-22,2,Shipped,NIC-CUST0019-S1
SO-26154,2,A-20038,Gearbox Sub-Assembly #80,1,EA,2572.18,2572.18,1997.97,Price List D,2025-10-16,2025-10-16,1,Shipped,NIC-CUST0019-S1
SO-26154,3,A-20022,Machined Housing 1.500,5,EA,184.78,923.9,155.41,Price List D,2025-10-27,2025-10-27,5,Shipped,NIC-CUST0019-S1
SO-26155,1,A-20092,Gearbox Sub-Assembly 2.000,3,EA,2118.18,6354.54,1915.78,Manual override,2026-03-31,2026-04-03,0,Open,NIC-CUST0002-S1
SO-26155,2,A-20040,Machined Housing #60,1,EA,282.86,282.86,210.93,Price List C,2026-04-04,2026-04-04,0,Open,NIC-CUST0002-S1
SO-26155,3,A-20073,Machined Housing 1.500,1,EA,737.34,737.34,496.53000000000003,Price List C,2026-03-22,2026-03-22,1,Shipped,NIC-CUST0002-S1
SO-26156,1,A-20107,Gearbox Sub-Assembly M12,1,EA,3525.5,3525.5,2631.9500000000003,Price List B,2025-05-09,2025-05-12,1,Shipped,NIC-CUST0038-S1
SO-26156,2,A-20002,Gearbox Sub-Assembly 3/8-16,1,EA,2440.01,2440.01,1931.15,Price List B,2025-04-22,2025-04-22,1,Shipped,NIC-CUST0038-S1
SO-26156,3,A-20058,Shaft Coupling size 6,3,EA,409.0,1227.0,254.75,Price List B,2025-05-05,2025-05-05,3,Shipped,NIC-CUST0038-S1
SO-26157,1,A-20061,Shaft Coupling 2.000,1,EA,238.54,238.54,175.52,Price List C,2026-04-23,2026-04-24,0,Backordered,NIC-CUST0007-S1
SO-26158,1,A-20030,Shaft Coupling M8,1,EA,248.56,248.56,176.98,Manual override,2025-05-28,2025-05-28,1,Shipped,NIC-CUST0005-S1
SO-26158,2,A-20039,Shaft Coupling 1.000,2,EA,651.88,1303.76,415.87,Price List B,2025-06-10,2025-06-13,2,Shipped,NIC-CUST0005-S1
SO-26158,3,A-20031,Shaft Coupling M10,5,EA,223.99,1119.95,128.84,Price List B,2025-06-03,2025-06-10,5,Shipped,NIC-CUST0005-S1
SO-26158,4,A-20110,Gearbox Sub-Assembly 2.000,5,EA,4698.17,23490.85,2979.18,Price List B,2025-06-11,2025-06-11,0,Open,NIC-CUST0005-S1
SO-26158,5,A-20073,Machined Housing 1.500,1,EA,778.31,778.31,496.53000000000003,Price List B,2025-06-06,2025-06-09,1,Shipped,NIC-CUST0005-S1
SO-26159,1,A-20065,Machined Housing M6,1,EA,1019.84,1019.84,798.0,Price List C,2025-10-16,2025-10-17,1,Shipped,NIC-CUST0001-S1
SO-26159,2,A-20063,Gearbox Sub-Assembly 5/8-11,1,EA,1702.07,1702.07,1372.91,Manual override,2025-10-22,2025-10-22,1,Shipped,NIC-CUST0001-S1
SO-26159,3,A-20101,Gearbox Sub-Assembly 5/8-11,5,EA,3237.68,16188.4,2382.4,Price List C,2025-11-01,2025-11-04,0,Open,NIC-CUST0001-S1
SO-26160,1,A-20078,Machined Housing 3/8-16,2,EA,1148.04,2296.08,704.75,Price List C,2025-11-25,2025-11-25,2,Shipped,NIC-CUST0034-S1
SO-26160,2,A-20101,Gearbox Sub-Assembly 5/8-11,2,EA,3237.68,6475.36,2382.4,Price List C,2025-12-01,2025-12-08,2,Shipped,NIC-CUST0034-S1
SO-26161,1,A-20092,Gearbox Sub-Assembly 2.000,1,EA,2456.99,2456.99,1915.78,Price List B,2025-12-01,2025-12-04,1,Shipped,NIC-CUST0035-S1
SO-26162,1,A-20090,Machined Housing 1.250,5,EA,1104.48,5522.4,821.3000000000001,Price List D,2025-10-21,2025-10-21,5,Shipped,NIC-CUST0036-S1
SO-26162,2,A-20040,Machined Housing #60,2,EA,257.72,515.44,210.93,Price List D,2025-10-28,2025-10-28,2,Shipped,NIC-CUST0036-S1
SO-26162,3,A-20110,Gearbox Sub-Assembly 2.000,5,EA,4055.26,20276.3,2979.18,Price List D,2025-10-23,2025-10-26,5,Shipped,NIC-CUST0036-S1
SO-26162,4,A-20070,Gearbox Sub-Assembly 1.000,2,EA,2638.4,5276.8,1739.22,Price List D,2025-10-25,2025-10-25,2,Shipped,NIC-CUST0036-S1
SO-26163,1,A-20107,Gearbox Sub-Assembly M12,1,EA,3339.95,3339.95,2631.9500000000003,Price List C,2026-01-25,2026-01-26,1,Shipped,NIC-CUST0018-S1
SO-26163,2,A-20073,Machined Housing 1.500,1,EA,707.85,707.85,496.53000000000003,Manual override,2026-01-25,2026-02-01,1,Shipped,NIC-CUST0018-S1
SO-26163,3,A-20092,Gearbox Sub-Assembly 2.000,1,EA,2327.67,2327.67,1915.78,Price List C,2026-01-18,2026-01-18,1,Shipped,NIC-CUST0018-S1
SO-26163,4,A-20107,Gearbox Sub-Assembly M12,1,EA,3339.95,3339.95,2631.9500000000003,Price List C,2026-01-27,2026-01-28,1,Shipped,NIC-CUST0018-S1
SO-26163,5,A-20110,Gearbox Sub-Assembly 2.000,3,EA,4450.9,13352.7,2979.18,Price List C,2026-01-19,2026-01-19,3,Shipped,NIC-CUST0018-S1
SO-26164,1,A-20033,Shaft Coupling 2.000,3,EA,482.08,1446.24,328.62,Price List C,2026-04-02,2026-04-09,0,Open,NIC-CUST0002-S1
SO-26165,1,A-20070,Gearbox Sub-Assembly 1.000,2,EA,3217.56,6435.12,1739.22,Price List A,2025-07-05,2025-07-05,2,Shipped,NIC-CUST0033-S1
SO-26165,2,A-20020,Shaft Coupling 5/8-11,3,EA,588.91,1766.73,316.62,Price List A,2025-07-17,2025-07-20,3,Shipped,NIC-CUST0033-S1
SO-26165,3,A-20053,Machined Housing #50,1,EA,932.17,932.17,695.65,Price List A,2025-07-26,2025-07-26,1,Shipped,NIC-CUST0033-S1
SO-26165,4,A-20087,Machined Housing M12,5,EA,619.49,3097.45,333.06,Price List A,2025-07-20,2025-07-20,5,Shipped,NIC-CUST0033-S1
SO-26166,1,A-20107,Gearbox Sub-Assembly M12,2,EA,3043.06,6086.12,2631.9500000000003,Price List D,2026-04-02,2026-04-02,0,Open,NIC-CUST0015-S1
SO-26166,2,A-20022,Machined Housing 1.500,1,EA,173.69,173.69,155.41,Manual override,2026-03-14,2026-03-14,1,Shipped,NIC-CUST0015-S1
SO-26166,3,A-20097,Machined Housing #80,2,EA,342.03,684.06,246.81,Price List D,2026-03-07,2026-03-07,2,Shipped,NIC-CUST0015-S1
SO-26166,4,A-20002,Gearbox Sub-Assembly 3/8-16,1,EA,2106.11,2106.11,1931.15,Price List D,2026-03-25,2026-03-25,1,Shipped,NIC-CUST0015-S1
SO-26167,1,A-20107,Gearbox Sub-Assembly M12,2,EA,3525.5,7051.0,2631.9500000000003,Price List B,2025-12-07,2025-12-08,2,Shipped,NIC-CUST0029-S1
SO-26167,2,A-20039,Shaft Coupling 1.000,2,EA,619.29,1238.58,415.87,Manual override,2025-12-18,2025-12-25,2,Shipped,NIC-CUST0029-S1
SO-26167,3,A-20073,Machined Housing 1.500,2,EA,778.31,1556.62,496.53000000000003,Price List B,2025-12-04,2025-12-04,2,Shipped,NIC-CUST0029-S1
SO-26167,4,A-20063,Gearbox Sub-Assembly 5/8-11,5,EA,1891.18,9455.9,1372.91,Price List B,2025-12-01,2025-12-01,5,Shipped,NIC-CUST0029-S1
SO-26167,5,A-20078,Machined Housing 3/8-16,3,EA,1211.82,3635.46,704.75,Price List B,2025-11-30,2025-12-01,3,Shipped,NIC-CUST0029-S1
SO-26168,1,A-20034,Shaft Coupling M10,3,EA,140.27,420.81,111.33,Price List C,2025-07-30,2025-07-30,3,Shipped,NIC-CUST0030-S1
SO-26168,2,A-20076,Gearbox Sub-Assembly 1.375,2,EA,1200.76,2401.52,721.1800000000001,Price List C,2025-07-10,2025-07-10,2,Shipped,NIC-CUST0030-S1
SO-26168,3,A-20038,Gearbox Sub-Assembly #80,3,EA,2823.13,8469.39,1997.97,Price List C,2025-07-06,2025-07-09,3,Shipped,NIC-CUST0030-S1
SO-26168,4,A-20013,Shaft Coupling 5/8-11,5,EA,207.29,1036.45,162.20000000000002,Price List C,2025-07-10,2025-07-11,5,Shipped,NIC-CUST0030-S1
SO-26168,5,A-20076,Gearbox Sub-Assembly 1.375,2,EA,1200.76,2401.52,721.1800000000001,Price List C,2025-07-25,2025-08-01,2,Shipped,NIC-CUST0030-S1
SO-26169,1,A-20073,Machined Housing 1.500,5,EA,671.8,3359.0,496.53000000000003,Price List D,2025-06-27,2025-06-30,5,Shipped,NIC-CUST0019-S1
SO-26169,2,A-20033,Shaft Coupling 2.000,2,EA,439.23,878.46,328.62,Price List D,2025-06-02,2025-06-02,2,Shipped,NIC-CUST0019-S1
SO-26169,3,A-20070,Gearbox Sub-Assembly 1.000,1,EA,2638.4,2638.4,1739.22,Price List D,2025-06-27,2025-07-04,1,Shipped,NIC-CUST0019-S1
SO-26169,4,A-20033,Shaft Coupling 2.000,1,EA,439.23,439.23,328.62,Price List D,2025-06-27,2025-06-27,1,Shipped,NIC-CUST0019-S1
SO-26170,1,A-20033,Shaft Coupling 2.000,1,EA,439.23,439.23,328.62,Price List D,2026-01-16,2026-01-16,1,Shipped,NIC-CUST0040-S1
SO-26170,2,A-20090,Machined Housing 1.250,3,EA,1104.48,3313.44,821.3000000000001,Price List D,2026-01-16,2026-01-19,3,Shipped,NIC-CUST0040-S1
SO-26170,3,A-20082,Machined Housing #60,1,EA,1207.47,1207.47,841.44,Price List D,2026-02-08,2026-02-11,1,Shipped,NIC-CUST0040-S1
SO-26170,4,A-20073,Machined Housing 1.500,1,EA,671.8,671.8,496.53000000000003,Price List D,2026-01-22,2026-01-22,1,Shipped,NIC-CUST0040-S1
SO-26170,5,A-20002,Gearbox Sub-Assembly 3/8-16,1,EA,2106.11,2106.11,1931.15,Price List D,2026-01-23,2026-01-23,1,Shipped,NIC-CUST0040-S1
SO-26171,1,A-20077,Machined Housing 1.250,1,EA,1062.94,1062.94,869.98,Price List D,2025-08-21,2025-08-22,1,Shipped,NIC-CUST0015-S1
SO-26171,2,A-20090,Machined Housing 1.250,5,EA,1104.48,5522.4,821.3000000000001,Price List D,2025-08-29,2025-09-01,5,Shipped,NIC-CUST0015-S1
SO-26171,3,A-20002,Gearbox Sub-Assembly 3/8-16,1,EA,2106.11,2106.11,1931.15,Price List D,2025-09-05,2025-09-05,1,Shipped,NIC-CUST0015-S1
SO-26172,1,A-20093,Gearbox Sub-Assembly M12,5,EA,3195.28,15976.4,2017.22,Price List C,2026-03-26,2026-03-27,5,Shipped,NIC-CUST0002-S1
SO-26172,2,A-20058,Shaft Coupling size 6,1,EA,348.73,348.73,254.75,Manual override,2026-03-15,2026-03-15,1,Shipped,NIC-CUST0002-S1
SO-26172,3,A-20039,Shaft Coupling 1.000,3,EA,617.57,1852.71,415.87,Price List C,2026-03-19,2026-03-20,3,Shipped,NIC-CUST0002-S1
SO-26172,4,A-20077,Machined Housing 1.250,3,EA,1166.64,3499.92,869.98,Price List C,2026-03-19,2026-03-19,3,Shipped,NIC-CUST0002-S1
SO-26173,1,A-20003,Gearbox Sub-Assembly 2.000,5,EA,2753.07,13765.35,2450.66,Price List D,2025-09-27,2025-09-28,5,Shipped,NIC-CUST0003-S1
SO-26174,1,A-20073,Machined Housing 1.500,1,EA,737.34,737.34,496.53000000000003,Price List C,2025-04-08,2025-04-11,1,Shipped,NIC-CUST0031-S1
SO-26175,1,A-20097,Machined Housing #80,5,EA,375.4,1877.0,246.81,Price List C,2025-08-24,2025-08-31,5,Shipped,NIC-CUST0001-S1
SO-26175,2,A-20040,Machined Housing #60,1,EA,282.86,282.86,210.93,Price List C,2025-08-29,2025-08-30,1,Shipped,NIC-CUST0001-S1
SO-26175,3,A-20107,Gearbox Sub-Assembly M12,1,EA,3339.95,3339.95,2631.9500000000003,Price List C,2025-08-11,2025-08-12,1,Shipped,NIC-CUST0001-S1
SO-26175,4,A-20097,Machined Housing #80,1,EA,375.4,375.4,246.81,Price List C,2025-09-01,2025-09-01,1,Shipped,NIC-CUST0001-S1
SO-26176,1,A-20013,Shaft Coupling 5/8-11,3,EA,207.29,621.87,162.20000000000002,Price List C,2026-03-20,2026-03-23,3,Shipped,NIC-CUST0034-S1
SO-26176,2,A-20093,Gearbox Sub-Assembly M12,1,EA,3195.28,3195.28,2017.22,Price List C,2026-03-18,2026-03-25,1,Shipped,NIC-CUST0034-S1
SO-26176,3,A-20097,Machined Housing #80,2,EA,375.4,750.8,246.81,Price List C,2026-03-12,2026-03-12,2,Shipped,NIC-CUST0034-S1
SO-26176,4,A-20093,Gearbox Sub-Assembly M12,1,EA,3195.28,3195.28,2017.22,Price List C,2026-03-10,2026-03-13,1,Shipped,NIC-CUST0034-S1
SO-26177,1,A-20101,Gearbox Sub-Assembly 5/8-11,5,EA,2784.4,13922.0,2382.4,Manual override,2025-09-08,2025-09-08,5,Shipped,NIC-CUST0017-S1
SO-26177,2,A-20038,Gearbox Sub-Assembly #80,3,EA,2823.13,8469.39,1997.97,Price List C,2025-09-07,2025-09-08,3,Shipped,NIC-CUST0017-S1
SO-26177,3,A-20090,Machined Housing 1.250,2,EA,1212.24,2424.48,821.3000000000001,Price List C,2025-09-12,2025-09-13,2,Shipped,NIC-CUST0017-S1
SO-26177,4,A-20039,Shaft Coupling 1.000,1,EA,617.57,617.57,415.87,Price List C,2025-09-22,2025-09-22,1,Shipped,NIC-CUST0017-S1
SO-26178,1,A-20070,Gearbox Sub-Assembly 1.000,1,EA,2638.4,2638.4,1739.22,Price List D,2026-02-14,2026-02-15,1,Shipped,NIC-CUST0040-S1
SO-26178,2,A-20107,Gearbox Sub-Assembly M12,1,EA,3043.06,3043.06,2631.9500000000003,Price List D,2026-02-09,2026-02-12,1,Shipped,NIC-CUST0040-S1
SO-26178,3,A-20110,Gearbox Sub-Assembly 2.000,1,EA,4055.26,4055.26,2979.18,Price List D,2026-02-10,2026-02-17,1,Shipped,NIC-CUST0040-S1
SO-26179,1,A-20090,Machined Housing 1.250,1,EA,1212.24,1212.24,821.3000000000001,Price List C,2025-10-30,2025-11-02,1,Shipped,NIC-CUST0004-S1
SO-26179,2,A-20043,Gearbox Sub-Assembly 1.000,3,EA,2081.52,6244.56,1336.88,Price List C,2025-10-21,2025-10-21,3,Shipped,NIC-CUST0004-S1
SO-26179,3,A-20092,Gearbox Sub-Assembly 2.000,2,EA,2211.29,4422.58,1915.78,Manual override,2025-11-05,2025-11-12,2,Shipped,NIC-CUST0004-S1
SO-26180,1,A-20063,Gearbox Sub-Assembly 5/8-11,5,EA,1891.18,9455.9,1372.91,Price List B,2025-07-16,2025-07-17,5,Shipped,NIC-CUST0010-S1
SO-26180,2,A-20082,Machined Housing #60,1,EA,1398.89,1398.89,841.44,Price List B,2025-07-22,2025-07-25,1,Shipped,NIC-CUST0010-S1
SO-26180,3,A-20077,Machined Housing 1.250,5,EA,1231.46,6157.3,869.98,Price List B,2025-07-13,2025-07-13,5,Shipped,NIC-CUST0010-S1
SO-26180,4,A-20039,Shaft Coupling 1.000,3,EA,651.88,1955.64,415.87,Price List B,2025-07-14,2025-07-17,3,Shipped,NIC-CUST0010-S1
SO-26180,5,A-20070,Gearbox Sub-Assembly 1.000,3,EA,3056.68,9170.04,1739.22,Price List B,2025-07-28,2025-07-28,3,Shipped,NIC-CUST0010-S1
SO-26181,1,A-20063,Gearbox Sub-Assembly 5/8-11,1,EA,1791.65,1791.65,1372.91,Price List C,2025-09-14,2025-09-15,1,Shipped,NIC-CUST0030-S1
SO-26181,2,A-20033,Shaft Coupling 2.000,5,EA,482.08,2410.4,328.62,Price List C,2025-09-30,2025-09-30,5,Shipped,NIC-CUST0030-S1
SO-26182,1,A-20070,Gearbox Sub-Assembly 1.000,3,EA,2767.1,8301.3,1739.22,NIC-CPA018,2025-04-20,2025-04-21,0,Open,NIC-CUST0034-S1
SO-26182,2,A-20061,Shaft Coupling 2.000,2,EA,238.54,477.08,175.52,Price List C,2025-04-22,2025-04-22,2,Shipped,NIC-CUST0034-S1
SO-26182,3,A-20053,Machined Housing #50,2,EA,838.95,1677.9,695.65,Price List C,2025-04-26,2025-04-26,2,Shipped,NIC-CUST0034-S1
SO-26183,1,A-20114,Shaft Coupling 3/8-16,1,EA,363.17,363.17,244.69,Price List D,2026-01-21,2026-01-22,1,Shipped,NIC-CUST0003-S1
SO-26184,1,A-20036,Gearbox Sub-Assembly M10,3,EA,3381.61,10144.83,2945.65,Price List D,2025-10-14,2025-10-14,3,Shipped,NIC-CUST0009-S1
SO-26184,2,A-20082,Machined Housing #60,1,EA,1207.47,1207.47,841.44,Price List D,2025-10-12,2025-10-12,1,Shipped,NIC-CUST0009-S1
SO-26184,3,A-20110,Gearbox Sub-Assembly 2.000,2,EA,4055.26,8110.52,2979.18,Price List D,2025-10-07,2025-10-08,2,Shipped,NIC-CUST0009-S1
SO-26184,4,A-20020,Shaft Coupling 5/8-11,2,EA,482.91,965.82,316.62,Price List D,2025-10-06,2025-10-07,2,Shipped,NIC-CUST0009-S1
SO-26185,1,A-20090,Machined Housing 1.250,5,EA,1104.48,5522.4,821.3000000000001,Price List D,2025-05-16,2025-05-23,5,Shipped,NIC-CUST0003-S1
SO-26186,1,A-20031,Shaft Coupling M10,1,EA,223.99,223.99,128.84,Price List B,2025-07-20,2025-07-20,1,Shipped,NIC-CUST0026-S1
SO-26186,2,A-20063,Gearbox Sub-Assembly 5/8-11,1,EA,1891.18,1891.18,1372.91,Price List B,2025-07-31,2025-08-01,1,Shipped,NIC-CUST0026-S1
SO-26186,3,A-20065,Machined Housing M6,1,EA,1076.5,1076.5,798.0,Price List B,2025-07-19,2025-07-19,1,Shipped,NIC-CUST0026-S1
SO-26187,1,A-20036,Gearbox Sub-Assembly M10,2,EA,4123.91,8247.82,2945.65,Price List A,2026-01-28,2026-02-04,2,Shipped,NIC-CUST0022-S1
SO-26187,2,A-20072,Machined Housing 1.250,1,EA,539.32,539.32,402.48,Price List A,2026-01-27,2026-02-03,1,Shipped,NIC-CUST0022-S1
SO-26187,3,A-20073,Machined Housing 1.500,1,EA,819.27,819.27,496.53000000000003,Price List A,2026-01-24,2026-01-24,1,Shipped,NIC-CUST0022-S1
SO-26187,4,A-20076,Gearbox Sub-Assembly 1.375,5,EA,1334.18,6670.9,721.1800000000001,Price List A,2026-02-11,2026-02-12,5,Shipped,NIC-CUST0022-S1
SO-26187,5,A-20078,Machined Housing 3/8-16,3,EA,1275.6,3826.8,704.75,Price List A,2026-02-11,2026-02-12,3,Shipped,NIC-CUST0022-S1
SO-26188,1,A-20038,Gearbox Sub-Assembly #80,1,EA,2711.77,2711.77,1997.97,Manual override,2025-12-25,2025-12-25,1,Shipped,NIC-CUST0010-S1
SO-26188,2,A-20053,Machined Housing #50,5,EA,885.56,4427.8,695.65,Price List B,2025-12-09,2025-12-09,5,Shipped,NIC-CUST0010-S1
SO-26188,3,A-20030,Shaft Coupling M8,5,EA,258.92,1294.6,176.98,Price List B,2025-12-05,2025-12-08,5,Shipped,NIC-CUST0010-S1
SO-26189,1,A-20022,Machined Housing 1.500,1,EA,202.81,202.81,155.41,Price List C,2026-03-19,2026-03-20,1,Shipped,NIC-CUST0004-S1
SO-26189,2,A-20061,Shaft Coupling 2.000,3,EA,238.54,715.62,175.52,Price List C,2026-03-07,2026-03-10,3,Shipped,NIC-CUST0004-S1
SO-26189,3,A-20022,Machined Housing 1.500,3,EA,202.81,608.43,155.41,Price List C,2026-03-15,2026-03-15,3,Shipped,NIC-CUST0004-S1
SO-26190,1,A-20002,Gearbox Sub-Assembly 3/8-16,1,EA,2106.11,2106.11,1931.15,Price List D,2025-04-11,2025-04-11,1,Shipped,NIC-CUST0008-S1
SO-26190,2,A-20034,Shaft Coupling M10,1,EA,127.81,127.81,111.33,Price List D,2025-04-10,2025-04-10,1,Shipped,NIC-CUST0008-S1
SO-26190,3,A-20077,Machined Housing 1.250,2,EA,1062.94,2125.88,869.98,Price List D,2025-04-16,2025-04-16,2,Shipped,NIC-CUST0008-S1
SO-26190,4,A-20036,Gearbox Sub-Assembly M10,3,EA,3381.61,10144.83,2945.65,Price List D,2025-04-08,2025-04-11,3,Shipped,NIC-CUST0008-S1
SO-26190,5,A-20030,Shaft Coupling M8,1,EA,223.49,223.49,176.98,Price List D,2025-04-12,2025-04-12,1,Shipped,NIC-CUST0008-S1
SO-26191,1,A-20114,Shaft Coupling 3/8-16,1,EA,398.6,398.6,244.69,Price List C,2025-12-08,2025-12-11,0,Open,NIC-CUST0018-S1
SO-26192,1,A-20040,Machined Housing #60,5,EA,257.72,1288.6,210.93,Price List D,2025-12-15,2025-12-15,5,Shipped,NIC-CUST0015-S1
SO-26193,1,A-20087,Machined Housing M12,2,EA,588.52,1177.04,333.06,Price List B,2026-03-11,2026-03-14,2,Shipped,NIC-CUST0026-S1
SO-26193,2,A-20003,Gearbox Sub-Assembly 2.000,5,EA,3189.53,15947.65,2450.66,Price List B,2026-03-08,2026-03-15,5,Shipped,NIC-CUST0026-S1
SO-26193,3,A-20038,Gearbox Sub-Assembly #80,3,EA,2979.97,8939.91,1997.97,Price List B,2026-03-31,2026-04-01,0,Open,NIC-CUST0026-S1
SO-26194,1,A-20033,Shaft Coupling 2.000,3,EA,482.08,1446.24,328.62,Price List C,2025-10-23,2025-10-23,3,Shipped,NIC-CUST0017-S1
SO-26194,2,A-20053,Machined Housing #50,1,EA,838.95,838.95,695.65,Price List C,2025-10-23,2025-10-23,1,Shipped,NIC-CUST0017-S1
SO-26194,3,A-20043,Gearbox Sub-Assembly 1.000,1,EA,2081.52,2081.52,1336.88,Price List C,2025-10-21,2025-10-28,1,Shipped,NIC-CUST0017-S1
SO-26195,1,A-20040,Machined Housing #60,1,EA,257.72,257.72,210.93,Price List D,2025-12-18,2025-12-18,1,Shipped,NIC-CUST0037-S1
SO-26195,2,A-20076,Gearbox Sub-Assembly 1.375,1,EA,1094.03,1094.03,721.1800000000001,Price List D,2025-12-26,2026-01-02,1,Shipped,NIC-CUST0037-S1
SO-26195,3,A-20034,Shaft Coupling M10,1,EA,127.81,127.81,111.33,Price List D,2026-01-03,2026-01-03,1,Shipped,NIC-CUST0037-S1
SO-26196,1,A-20090,Machined Housing 1.250,5,EA,1212.24,6061.2,821.3000000000001,Price List C,2025-10-23,2025-10-23,5,Shipped,NIC-CUST0030-S1
SO-26196,2,A-20053,Machined Housing #50,5,EA,838.95,4194.75,695.65,Price List C,2025-11-06,2025-11-07,0,Open,NIC-CUST0030-S1
SO-26196,3,A-20020,Shaft Coupling 5/8-11,1,EA,530.02,530.02,316.62,Price List C,2025-10-24,2025-10-31,1,Shipped,NIC-CUST0030-S1
SO-26196,4,A-20036,Gearbox Sub-Assembly M10,1,EA,3711.52,3711.52,2945.65,Price List C,2025-11-14,2025-11-14,1,Shipped,NIC-CUST0030-S1
SO-26197,1,A-20076,Gearbox Sub-Assembly 1.375,5,EA,1200.76,6003.8,721.1800000000001,Price List C,2025-11-23,2025-11-23,5,Shipped,NIC-CUST0017-S1
SO-26197,2,A-20090,Machined Housing 1.250,5,EA,1212.24,6061.2,821.3000000000001,Price List C,2025-12-13,2025-12-13,5,Shipped,NIC-CUST0017-S1
SO-26197,3,A-20070,Gearbox Sub-Assembly 1.000,1,EA,2895.8,2895.8,1739.22,Price List C,2025-11-30,2025-11-30,1,Shipped,NIC-CUST0017-S1
SO-26197,4,A-20082,Machined Housing #60,1,EA,1325.27,1325.27,841.44,Price List C,2025-12-02,2025-12-03,1,Shipped,NIC-CUST0017-S1
SO-26197,5,A-20107,Gearbox Sub-Assembly M12,1,EA,3339.95,3339.95,2631.9500000000003,Price List C,2025-11-23,2025-11-23,1,Shipped,NIC-CUST0017-S1
SO-26198,1,A-20002,Gearbox Sub-Assembly 3/8-16,1,EA,2440.01,2440.01,1931.15,Price List B,2025-12-17,2025-12-17,1,Shipped,NIC-CUST0010-S1
SO-26198,2,A-20097,Machined Housing #80,3,EA,396.25,1188.75,246.81,Price List B,2025-12-05,2025-12-05,0,Open,NIC-CUST0010-S1
SO-26198,3,A-20031,Shaft Coupling M10,1,EA,223.99,223.99,128.84,Price List B,2025-12-02,2025-12-02,1,Shipped,NIC-CUST0010-S1
SO-26198,4,A-20101,Gearbox Sub-Assembly 5/8-11,2,EA,3417.55,6835.1,2382.4,Price List B,2025-12-04,2025-12-11,2,Shipped,NIC-CUST0010-S1
SO-26199,1,A-20013,Shaft Coupling 5/8-11,1,EA,207.29,207.29,162.20000000000002,Price List C,2025-06-27,2025-06-27,1,Shipped,NIC-CUST0024-S1
SO-26200,1,A-20092,Gearbox Sub-Assembly 2.000,2,EA,2285.0,4570.0,1915.78,Manual override,2025-09-16,2025-09-19,2,Shipped,NIC-CUST0013-S1
SO-26200,2,A-20076,Gearbox Sub-Assembly 1.375,5,EA,1267.47,6337.35,721.1800000000001,Price List B,2025-09-25,2025-09-25,5,Shipped,NIC-CUST0013-S1
SO-26200,3,A-20033,Shaft Coupling 2.000,1,EA,508.87,508.87,328.62,Price List B,2025-09-12,2025-09-12,1,Shipped,NIC-CUST0013-S1
SO-26201,1,A-20087,Machined Housing M12,5,EA,507.98,2539.9,333.06,Price List D,2025-08-18,2025-08-21,5,Shipped,NIC-CUST0019-S1
SO-26201,2,A-20072,Machined Housing 1.250,1,EA,442.24,442.24,402.48,Price List D,2025-07-29,2025-07-29,1,Shipped,NIC-CUST0019-S1
SO-26201,3,A-20087,Machined Housing M12,3,EA,507.98,1523.94,333.06,Price List D,2025-08-18,2025-08-18,3,Shipped,NIC-CUST0019-S1
SO-26201,4,A-20097,Machined Housing #80,5,EA,328.35,1641.75,246.81,Manual override,2025-08-12,2025-08-19,5,Shipped,NIC-CUST0019-S1
SO-26201,5,A-20072,Machined Housing 1.250,1,EA,442.24,442.24,402.48,Price List D,2025-08-07,2025-08-07,1,Shipped,NIC-CUST0019-S1
SO-26202,1,A-20058,Shaft Coupling size 6,2,EA,353.03,706.06,254.75,Price List D,2025-05-06,2025-05-09,2,Shipped,NIC-CUST0040-S1
SO-26202,2,A-20107,Gearbox Sub-Assembly M12,1,EA,3043.06,3043.06,2631.9500000000003,Price List D,2025-05-13,2025-05-14,1,Shipped,NIC-CUST0040-S1
SO-26202,3,A-20065,Machined Housing M6,1,EA,929.19,929.19,798.0,Price List D,2025-05-08,2025-05-09,1,Shipped,NIC-CUST0040-S1
SO-26202,4,A-20043,Gearbox Sub-Assembly 1.000,1,EA,1896.5,1896.5,1336.88,Price List D,2025-04-30,2025-05-01,1,Shipped,NIC-CUST0040-S1
SO-26202,5,A-20101,Gearbox Sub-Assembly 5/8-11,1,EA,2949.88,2949.88,2382.4,Price List D,2025-05-06,2025-05-06,1,Shipped,NIC-CUST0040-S1
SO-26203,1,A-20073,Machined Housing 1.500,3,EA,671.8,2015.4,496.53000000000003,Price List D,2025-08-21,2025-08-21,3,Shipped,NIC-CUST0014-S1
SO-26203,2,A-20114,Shaft Coupling 3/8-16,1,EA,363.17,363.17,244.69,Price List D,2025-08-10,2025-08-17,0,Open,NIC-CUST0014-S1
SO-26203,3,A-20058,Shaft Coupling size 6,1,EA,353.03,353.03,254.75,Price List D,2025-08-27,2025-08-27,1,Shipped,NIC-CUST0014-S1
SO-26204,1,A-20036,Gearbox Sub-Assembly M10,3,EA,3369.23,10107.69,2945.65,Manual override,2026-02-27,2026-02-27,3,Shipped,NIC-CUST0020-S1
SO-26204,2,A-20090,Machined Housing 1.250,1,EA,1279.58,1279.58,821.3000000000001,Price List B,2026-03-07,2026-03-10,1,Shipped,NIC-CUST0020-S1
SO-26204,3,A-20003,Gearbox Sub-Assembly 2.000,1,EA,3189.53,3189.53,2450.66,Price List B,2026-02-16,2026-02-16,1,Shipped,NIC-CUST0020-S1
SO-26204,4,A-20053,Machined Housing #50,1,EA,885.56,885.56,695.65,Price List B,2026-02-27,2026-03-02,1,Shipped,NIC-CUST0020-S1
SO-26205,1,A-20077,Machined Housing 1.250,1,EA,1166.64,1166.64,869.98,Price List C,2025-08-05,2025-08-08,1,Shipped,NIC-CUST0002-S1
SO-26205,2,A-20097,Machined Housing #80,1,EA,375.4,375.4,246.81,Price List C,2025-08-24,2025-08-24,1,Shipped,NIC-CUST0002-S1
SO-26206,1,A-20002,Gearbox Sub-Assembly 3/8-16,1,EA,2106.11,2106.11,1931.15,Price List D,2025-12-13,2025-12-13,1,Shipped,NIC-CUST0014-S1
SO-26206,2,A-20073,Machined Housing 1.500,1,EA,671.8,671.8,496.53000000000003,Price List D,2025-11-25,2025-11-25,1,Shipped,NIC-CUST0014-S1
SO-26206,3,A-20034,Shaft Coupling M10,1,EA,127.81,127.81,111.33,Price List D,2025-12-08,2025-12-15,1,Shipped,NIC-CUST0014-S1
SO-26207,1,A-20034,Shaft Coupling M10,5,EA,127.81,639.05,111.33,Price List D,2025-07-01,2025-07-04,0,Backordered,NIC-CUST0014-S1
SO-26207,2,A-20058,Shaft Coupling size 6,3,EA,353.03,1059.09,254.75,Price List D,2025-07-08,2025-07-15,3,Shipped,NIC-CUST0014-S1
SO-26207,3,A-20053,Machined Housing #50,1,EA,764.38,764.38,695.65,Price List D,2025-07-15,2025-07-15,1,Shipped,NIC-CUST0014-S1
SO-26207,4,A-20033,Shaft Coupling 2.000,1,EA,439.23,439.23,328.62,Price List D,2025-07-14,2025-07-15,1,Shipped,NIC-CUST0014-S1
SO-26207,5,A-20020,Shaft Coupling 5/8-11,2,EA,482.91,965.82,316.62,Price List D,2025-07-12,2025-07-12,2,Shipped,NIC-CUST0014-S1
SO-26208,1,A-20013,Shaft Coupling 5/8-11,1,EA,218.8,218.8,162.20000000000002,Price List B,2025-06-12,2025-06-13,1,Shipped,NIC-CUST0029-S1
SO-26208,2,A-20087,Machined Housing M12,5,EA,588.52,2942.6,333.06,Price List B,2025-06-09,2025-06-16,5,Shipped,NIC-CUST0029-S1
SO-26209,1,A-20020,Shaft Coupling 5/8-11,1,EA,530.02,530.02,316.62,Price List C,2025-07-28,2025-07-31,1,Shipped,NIC-CUST0030-S1
SO-26210,1,A-20097,Machined Housing #80,1,EA,417.11,417.11,246.81,Price List A,2025-11-08,2025-11-08,1,Shipped,NIC-CUST0006-S1
SO-26211,1,A-20038,Gearbox Sub-Assembly #80,1,EA,2979.97,2979.97,1997.97,Price List B,2026-01-24,2026-01-27,1,Shipped,NIC-CUST0026-S1
SO-26211,2,A-20101,Gearbox Sub-Assembly 5/8-11,3,EA,3417.55,10252.65,2382.4,Price List B,2026-01-18,2026-01-19,3,Shipped,NIC-CUST0026-S1
SO-26211,3,A-20073,Machined Housing 1.500,1,EA,778.31,778.31,496.53000000000003,Price List B,2026-01-21,2026-01-21,1,Shipped,NIC-CUST0026-S1
SO-26212,1,A-20061,Shaft Coupling 2.000,1,EA,238.54,238.54,175.52,Price List C,2025-12-13,2025-12-13,1,Shipped,NIC-CUST0004-S1
SO-26212,2,A-20082,Machined Housing #60,5,EA,1325.27,6626.35,841.44,Price List C,2025-12-11,2025-12-18,5,Shipped,NIC-CUST0004-S1
SO-26212,3,A-20063,Gearbox Sub-Assembly 5/8-11,5,EA,1791.65,8958.25,1372.91,Price List C,2025-12-31,2026-01-01,5,Shipped,NIC-CUST0004-S1
SO-26213,1,A-20107,Gearbox Sub-Assembly M12,3,EA,3043.06,9129.18,2631.9500000000003,Price List D,2025-06-05,2025-06-05,3,Shipped,NIC-CUST0037-S1
SO-26213,2,A-20092,Gearbox Sub-Assembly 2.000,5,EA,2120.77,10603.85,1915.78,Price List D,2025-05-26,2025-05-26,5,Shipped,NIC-CUST0037-S1
SO-26213,3,A-20043,Gearbox Sub-Assembly 1.000,1,EA,1896.5,1896.5,1336.88,Price List D,2025-06-13,2025-06-20,1,Shipped,NIC-CUST0037-S1
SO-26213,4,A-20090,Machined Housing 1.250,3,EA,1104.48,3313.44,821.3000000000001,Price List D,2025-06-18,2025-06-19,3,Shipped,NIC-CUST0037-S1
SO-26213,5,A-20036,Gearbox Sub-Assembly M10,1,EA,3381.61,3381.61,2945.65,Price List D,2025-05-29,2025-06-05,1,Shipped,NIC-CUST0037-S1
SO-26214,1,A-20073,Machined Housing 1.500,3,EA,671.8,2015.4,496.53000000000003,Price List D,2025-11-20,2025-11-20,3,Shipped,NIC-CUST0037-S1
SO-26214,2,A-20114,Shaft Coupling 3/8-16,3,EA,363.17,1089.51,244.69,Price List D,2025-11-07,2025-11-14,3,Shipped,NIC-CUST0037-S1
SO-26215,1,A-20034,Shaft Coupling M10,3,EA,134.04,402.12,111.33,Manual override,2025-08-23,2025-08-23,3,Shipped,NIC-CUST0023-S1
SO-26215,2,A-20087,Machined Housing M12,3,EA,619.49,1858.47,333.06,Price List A,2025-09-14,2025-09-15,3,Shipped,NIC-CUST0023-S1
SO-26215,3,A-20022,Machined Housing 1.500,5,EA,225.34,1126.7,155.41,Price List A,2025-09-11,2025-09-14,5,Shipped,NIC-CUST0023-S1
SO-26216,1,A-20039,Shaft Coupling 1.000,5,EA,617.57,3087.85,415.87,Price List C,2025-12-30,2026-01-02,5,Shipped,NIC-CUST0002-S1
SO-26217,1,A-20013,Shaft Coupling 5/8-11,3,EA,207.29,621.87,162.20000000000002,Price List C,2025-10-09,2025-10-09,3,Shipped,NIC-CUST0031-S1
SO-26217,2,A-20070,Gearbox Sub-Assembly 1.000,1,EA,2895.8,2895.8,1739.22,Price List C,2025-10-06,2025-10-06,1,Shipped,NIC-CUST0031-S1
SO-26217,3,A-20078,Machined Housing 3/8-16,1,EA,1148.04,1148.04,704.75,Price List C,2025-10-19,2025-10-19,1,Shipped,NIC-CUST0031-S1
SO-26217,4,A-20090,Machined Housing 1.250,5,EA,1212.24,6061.2,821.3000000000001,Price List C,2025-10-26,2025-10-26,5,Shipped,NIC-CUST0031-S1
SO-26217,5,A-20107,Gearbox Sub-Assembly M12,2,EA,3339.95,6679.9,2631.9500000000003,Price List C,2025-10-28,2025-10-28,2,Shipped,NIC-CUST0031-S1
SO-26218,1,A-20058,Shaft Coupling size 6,3,EA,353.03,1059.09,254.75,Price List D,2026-02-26,2026-02-26,3,Shipped,NIC-CUST0040-S1
SO-26218,2,A-20073,Machined Housing 1.500,1,EA,597.9,597.9,496.53000000000003,Manual override,2026-03-22,2026-03-22,1,Shipped,NIC-CUST0040-S1
SO-26218,3,A-20077,Machined Housing 1.250,1,EA,1062.94,1062.94,869.98,Price List D,2026-03-01,2026-03-04,1,Shipped,NIC-CUST0040-S1
SO-26218,4,A-20013,Shaft Coupling 5/8-11,3,EA,188.86,566.58,162.20000000000002,Price List D,2026-03-06,2026-03-07,3,Shipped,NIC-CUST0040-S1
SO-26218,5,A-20013,Shaft Coupling 5/8-11,5,EA,188.86,944.3,162.20000000000002,Price List D,2026-03-11,2026-03-11,5,Shipped,NIC-CUST0040-S1
SO-26219,1,A-20033,Shaft Coupling 2.000,5,EA,508.87,2544.35,328.62,Price List B,2026-02-21,2026-02-22,5,Shipped,NIC-CUST0035-S1
SO-26219,2,A-20039,Shaft Coupling 1.000,3,EA,651.88,1955.64,415.87,Price List B,2026-03-03,2026-03-10,3,Shipped,NIC-CUST0035-S1
SO-26219,3,A-20072,Machined Housing 1.250,2,EA,512.35,1024.7,402.48,Price List B,2026-03-06,2026-03-13,2,Shipped,NIC-CUST0035-S1
SO-26219,4,A-20092,Gearbox Sub-Assembly 2.000,1,EA,2456.99,2456.99,1915.78,Price List B,2026-03-01,2026-03-01,1,Shipped,NIC-CUST0035-S1
SO-26219,5,A-20070,Gearbox Sub-Assembly 1.000,1,EA,2964.98,2964.98,1739.22,Manual override,2026-03-02,2026-03-02,1,Shipped,NIC-CUST0035-S1
SO-26220,1,A-20097,Machined Housing #80,3,EA,396.25,1188.75,246.81,Price List B,2025-07-09,2025-07-09,3,Shipped,NIC-CUST0038-S1
SO-26220,2,A-20020,Shaft Coupling 5/8-11,3,EA,559.46,1678.38,316.62,Price List B,2025-07-07,2025-07-07,3,Shipped,NIC-CUST0038-S1
SO-26220,3,A-20076,Gearbox Sub-Assembly 1.375,2,EA,1267.47,2534.94,721.1800000000001,Price List B,2025-07-17,2025-07-24,2,Shipped,NIC-CUST0038-S1
SO-26220,4,A-20090,Machined Housing 1.250,1,EA,1279.58,1279.58,821.3000000000001,Price List B,2025-07-13,2025-07-13,1,Shipped,NIC-CUST0038-S1
SO-26221,1,A-20078,Machined Housing 3/8-16,2,EA,1148.04,2296.08,704.75,Price List C,2026-01-12,2026-01-15,2,Shipped,NIC-CUST0034-S1
SO-26221,2,A-20039,Shaft Coupling 1.000,1,EA,617.57,617.57,415.87,Price List C,2026-01-15,2026-01-22,1,Shipped,NIC-CUST0034-S1
SO-26221,3,A-20022,Machined Housing 1.500,1,EA,202.81,202.81,155.41,Price List C,2026-01-22,2026-01-22,1,Shipped,NIC-CUST0034-S1
SO-26222,1,A-20061,Shaft Coupling 2.000,5,EA,238.54,1192.7,175.52,Price List C,2025-11-26,2025-11-27,0,Open,NIC-CUST0007-S1
SO-26222,2,A-20033,Shaft Coupling 2.000,2,EA,482.08,964.16,328.62,Price List C,2025-12-09,2025-12-09,2,Shipped,NIC-CUST0007-S1
SO-26222,3,A-20063,Gearbox Sub-Assembly 5/8-11,3,EA,1791.65,5374.95,1372.91,Price List C,2025-11-27,2025-11-27,3,Shipped,NIC-CUST0007-S1
SO-26222,4,A-20065,Machined Housing M6,1,EA,1019.84,1019.84,798.0,Price List C,2025-12-16,2025-12-16,1,Shipped,NIC-CUST0007-S1
SO-26223,1,A-20097,Machined Housing #80,1,EA,342.03,342.03,246.81,Price List D,2025-05-26,2025-05-26,1,Shipped,NIC-CUST0040-S1
SO-26223,2,A-20070,Gearbox Sub-Assembly 1.000,5,EA,2638.4,13192.0,1739.22,Price List D,2025-05-17,2025-05-17,5,Shipped,NIC-CUST0040-S1
SO-26223,3,A-20082,Machined Housing #60,2,EA,1207.47,2414.94,841.44,Price List D,2025-05-15,2025-05-15,2,Shipped,NIC-CUST0040-S1
SO-26223,4,A-20022,Machined Housing 1.500,1,EA,184.78,184.78,155.41,Price List D,2025-05-29,2025-05-29,1,Shipped,NIC-CUST0040-S1
SO-26224,1,A-20022,Machined Housing 1.500,5,EA,202.81,1014.05,155.41,Price List C,2025-06-19,2025-06-20,5,Shipped,NIC-CUST0004-S1
SO-26224,2,A-20107,Gearbox Sub-Assembly M12,3,EA,3339.95,10019.85,2631.9500000000003,Price List C,2025-06-29,2025-06-30,3,Shipped,NIC-CUST0004-S1
SO-26224,3,A-20092,Gearbox Sub-Assembly 2.000,1,EA,2327.67,2327.67,1915.78,Price List C,2025-06-11,2025-06-12,1,Shipped,NIC-CUST0004-S1
SO-26224,4,A-20002,Gearbox Sub-Assembly 3/8-16,5,EA,2311.59,11557.95,1931.15,Price List C,2025-06-24,2025-06-24,5,Shipped,NIC-CUST0004-S1
SO-26224,5,A-20003,Gearbox Sub-Assembly 2.000,1,EA,3021.66,3021.66,2450.66,Price List C,2025-07-04,2025-07-04,1,Shipped,NIC-CUST0004-S1
SO-26225,1,A-20036,Gearbox Sub-Assembly M10,1,EA,3711.52,3711.52,2945.65,Price List C,2025-12-13,2025-12-13,1,Shipped,NIC-CUST0007-S1
SO-26225,2,A-20022,Machined Housing 1.500,3,EA,202.81,608.43,155.41,Price List C,2026-01-02,2026-01-02,3,Shipped,NIC-CUST0007-S1
SO-26225,3,A-20101,Gearbox Sub-Assembly 5/8-11,2,EA,2946.29,5892.58,2382.4,Manual override,2025-12-17,2025-12-24,2,Shipped,NIC-CUST0007-S1
SO-26226,1,A-20034,Shaft Coupling M10,1,EA,155.86,155.86,111.33,Price List A,2025-07-21,2025-07-21,1,Shipped,NIC-CUST0033-S1
SO-26226,2,A-20073,Machined Housing 1.500,1,EA,819.27,819.27,496.53000000000003,Price List A,2025-07-26,2025-07-26,1,Shipped,NIC-CUST0033-S1
SO-26227,1,A-20097,Machined Housing #80,3,EA,375.4,1126.2,246.81,Price List C,2025-10-05,2025-10-05,3,Shipped,NIC-CUST0002-S1
SO-26227,2,A-20003,Gearbox Sub-Assembly 2.000,1,EA,3021.66,3021.66,2450.66,Price List C,2025-09-20,2025-09-27,1,Shipped,NIC-CUST0002-S1
SO-26228,1,A-20110,Gearbox Sub-Assembly 2.000,2,EA,4698.17,9396.34,2979.18,Price List B,2025-10-19,2025-10-26,2,Shipped,NIC-CUST0010-S1
SO-26228,2,A-20078,Machined Housing 3/8-16,3,EA,1211.82,3635.46,704.75,Price List B,2025-10-31,2025-11-01,3,Shipped,NIC-CUST0010-S1
SO-26228,3,A-20076,Gearbox Sub-Assembly 1.375,1,EA,1267.47,1267.47,721.1800000000001,Price List B,2025-10-11,2025-10-11,1,Shipped,NIC-CUST0010-S1
SO-26228,4,A-20039,Shaft Coupling 1.000,1,EA,651.88,651.88,415.87,Price List B,2025-11-02,2025-11-02,1,Shipped,NIC-CUST0010-S1
SO-26228,5,A-20043,Gearbox Sub-Assembly 1.000,1,EA,2197.16,2197.16,1336.88,Price List B,2025-10-23,2025-10-24,1,Shipped,NIC-CUST0010-S1
SO-26229,1,A-20036,Gearbox Sub-Assembly M10,3,EA,3711.52,11134.56,2945.65,Price List C,2025-11-15,2025-11-15,3,Shipped,NIC-CUST0024-S1
SO-26230,1,A-20065,Machined Housing M6,1,EA,929.19,929.19,798.0,Price List D,2025-10-10,2025-10-10,1,Shipped,NIC-CUST0014-S1
SO-26230,2,A-20097,Machined Housing #80,3,EA,342.03,1026.09,246.81,Price List D,2025-10-13,2025-10-16,3,Shipped,NIC-CUST0014-S1
SO-26230,3,A-20114,Shaft Coupling 3/8-16,3,EA,319.59,958.77,244.69,Manual override,2025-11-01,2025-11-01,3,Shipped,NIC-CUST0014-S1
SO-26230,4,A-20072,Machined Housing 1.250,3,EA,442.24,1326.72,402.48,Price List D,2025-10-31,2025-10-31,3,Shipped,NIC-CUST0014-S1
SO-26230,5,A-20033,Shaft Coupling 2.000,2,EA,439.23,878.46,328.62,Price List D,2025-10-21,2025-10-24,2,Shipped,NIC-CUST0014-S1
SO-26231,1,A-20077,Machined Housing 1.250,1,EA,1166.64,1166.64,869.98,Price List C,2025-12-11,2025-12-11,1,Shipped,NIC-CUST0031-S1
SO-26231,2,A-20077,Machined Housing 1.250,1,EA,1166.64,1166.64,869.98,Price List C,2025-12-20,2025-12-23,1,Shipped,NIC-CUST0031-S1
SO-26231,3,A-20034,Shaft Coupling M10,1,EA,140.27,140.27,111.33,Price List C,2025-12-28,2026-01-04,1,Shipped,NIC-CUST0031-S1
SO-26231,4,A-20065,Machined Housing M6,3,EA,938.25,2814.75,798.0,Manual override,2025-12-15,2025-12-15,3,Shipped,NIC-CUST0031-S1
SO-26231,5,A-20114,Shaft Coupling 3/8-16,5,EA,398.6,1993.0,244.69,Price List C,2025-12-18,2025-12-25,5,Shipped,NIC-CUST0031-S1
SO-26232,1,A-20082,Machined Housing #60,1,EA,1038.42,1038.42,841.44,Manual override,2026-01-09,2026-01-09,1,Shipped,NIC-CUST0019-S1
SO-26232,2,A-20053,Machined Housing #50,2,EA,764.38,1528.76,695.65,Price List D,2026-01-09,2026-01-16,2,Shipped,NIC-CUST0019-S1
SO-26232,3,A-20034,Shaft Coupling M10,1,EA,127.81,127.81,111.33,Price List D,2025-12-18,2025-12-18,1,Shipped,NIC-CUST0019-S1
SO-26232,4,A-20092,Gearbox Sub-Assembly 2.000,3,EA,2120.77,6362.31,1915.78,Price List D,2025-12-30,2025-12-30,3,Shipped,NIC-CUST0019-S1
SO-26233,1,A-20072,Machined Housing 1.250,2,EA,485.39,970.78,402.48,Price List C,2025-07-03,2025-07-06,2,Shipped,NIC-CUST0004-S1
SO-26233,2,A-20073,Machined Housing 1.500,2,EA,670.98,1341.96,496.53000000000003,Manual override,2025-07-09,2025-07-16,2,Shipped,NIC-CUST0004-S1
SO-26233,3,A-20092,Gearbox Sub-Assembly 2.000,5,EA,2327.67,11638.35,1915.78,Price List C,2025-06-28,2025-06-28,5,Shipped,NIC-CUST0004-S1
SO-26233,4,A-20034,Shaft Coupling M10,1,EA,121.57,121.57,111.33,NIC-CPA004,2025-07-04,2025-07-04,1,Shipped,NIC-CUST0004-S1
SO-26233,5,A-20090,Machined Housing 1.250,5,EA,1212.24,6061.2,821.3000000000001,Price List C,2025-07-13,2025-07-13,5,Shipped,NIC-CUST0004-S1
SO-26234,1,A-20087,Machined Housing M12,3,EA,507.98,1523.94,333.06,Price List D,2026-03-28,2026-03-28,0,Open,NIC-CUST0003-S1
SO-26234,2,A-20101,Gearbox Sub-Assembly 5/8-11,3,EA,2949.88,8849.64,2382.4,Price List D,2026-03-28,2026-03-31,0,Backordered,NIC-CUST0003-S1
SO-26235,1,A-20031,Shaft Coupling M10,1,EA,193.34,193.34,128.84,Price List D,2025-12-09,2025-12-16,1,Shipped,NIC-CUST0019-S1
SO-26236,1,A-20061,Shaft Coupling 2.000,3,EA,265.04,795.12,175.52,Price List A,2025-12-11,2025-12-18,3,Shipped,NIC-CUST0039-S1
SO-26236,2,A-20107,Gearbox Sub-Assembly M12,1,EA,3711.05,3711.05,2631.9500000000003,Price List A,2025-11-25,2025-11-25,1,Shipped,NIC-CUST0039-S1
SO-26236,3,A-20077,Machined Housing 1.250,3,EA,1296.27,3888.81,869.98,Price List A,2025-12-02,2025-12-09,3,Shipped,NIC-CUST0039-S1
SO-26237,1,A-20114,Shaft Coupling 3/8-16,1,EA,442.89,442.89,244.69,Price List A,2025-08-06,2025-08-06,1,Shipped,NIC-CUST0012-S1
SO-26237,2,A-20038,Gearbox Sub-Assembly #80,1,EA,3136.81,3136.81,1997.97,Price List A,2025-08-15,2025-08-15,1,Shipped,NIC-CUST0012-S1
SO-26237,3,A-20070,Gearbox Sub-Assembly 1.000,3,EA,2863.63,8590.89,1739.22,Manual override,2025-08-13,2025-08-13,3,Shipped,NIC-CUST0012-S1
SO-26238,1,A-20038,Gearbox Sub-Assembly #80,1,EA,3136.81,3136.81,1997.97,Price List A,2025-11-13,2025-11-14,1,Shipped,NIC-CUST0006-S1
SO-26238,2,A-20038,Gearbox Sub-Assembly #80,1,EA,3136.81,3136.81,1997.97,Price List A,2025-11-27,2025-11-27,0,Open,NIC-CUST0006-S1
SO-26239,1,A-20043,Gearbox Sub-Assembly 1.000,5,EA,2081.52,10407.6,1336.88,Price List C,2025-09-15,2025-09-15,5,Shipped,NIC-CUST0001-S1
SO-26240,1,A-20022,Machined Housing 1.500,5,EA,184.78,923.9,155.41,Price List D,2025-10-20,2025-10-23,5,Shipped,NIC-CUST0003-S1
SO-26240,2,A-20034,Shaft Coupling M10,1,EA,127.81,127.81,111.33,Price List D,2025-10-17,2025-10-17,1,Shipped,NIC-CUST0003-S1
SO-26240,3,A-20034,Shaft Coupling M10,5,EA,127.81,639.05,111.33,Price List D,2025-10-24,2025-10-24,5,Shipped,NIC-CUST0003-S1
SO-26240,4,A-20043,Gearbox Sub-Assembly 1.000,2,EA,1896.5,3793.0,1336.88,Price List D,2025-11-04,2025-11-04,0,Open,NIC-CUST0003-S1
SO-26240,5,A-20061,Shaft Coupling 2.000,2,EA,217.33,434.66,175.52,Price List D,2025-10-23,2025-10-23,2,Shipped,NIC-CUST0003-S1
SO-26241,1,A-20065,Machined Housing M6,2,EA,1019.84,2039.68,798.0,Price List C,2025-07-05,2025-07-05,2,Shipped,NIC-CUST0034-S1
SO-26242,1,A-20082,Machined Housing #60,3,EA,1207.47,3622.41,841.44,Price List D,2025-07-06,2025-07-06,3,Shipped,NIC-CUST0015-S1
SO-26242,2,A-20061,Shaft Coupling 2.000,3,EA,206.46,619.38,175.52,Manual override,2025-06-14,2025-06-14,3,Shipped,NIC-CUST0015-S1
SO-26242,3,A-20043,Gearbox Sub-Assembly 1.000,2,EA,1896.5,3793.0,1336.88,Price List D,2025-06-21,2025-06-24,2,Shipped,NIC-CUST0015-S1
SO-26242,4,A-20072,Machined Housing 1.250,1,EA,442.24,442.24,402.48,Price List D,2025-07-06,2025-07-09,1,Shipped,NIC-CUST0015-S1
SO-26242,5,A-20070,Gearbox Sub-Assembly 1.000,5,EA,2400.94,12004.7,1739.22,Manual override,2025-06-11,2025-06-18,5,Shipped,NIC-CUST0015-S1
SO-26243,1,A-20076,Gearbox Sub-Assembly 1.375,3,EA,1116.71,3350.13,721.1800000000001,Manual override,2025-11-29,2025-11-29,3,Shipped,NIC-CUST0007-S1
SO-26244,1,A-20077,Machined Housing 1.250,1,EA,1231.46,1231.46,869.98,Price List B,2026-02-03,2026-02-04,1,Shipped,NIC-CUST0035-S1
SO-26244,2,A-20110,Gearbox Sub-Assembly 2.000,1,EA,4698.17,4698.17,2979.18,Price List B,2026-02-07,2026-02-07,1,Shipped,NIC-CUST0035-S1
SO-26245,1,A-20101,Gearbox Sub-Assembly 5/8-11,3,EA,3597.42,10792.26,2382.4,Price List A,2025-09-02,2025-09-05,3,Shipped,NIC-CUST0006-S1
SO-26245,2,A-20101,Gearbox Sub-Assembly 5/8-11,1,EA,3597.42,3597.42,2382.4,Price List A,2025-08-13,2025-08-13,1,Shipped,NIC-CUST0006-S1
SO-26246,1,A-20114,Shaft Coupling 3/8-16,3,EA,363.17,1089.51,244.69,Price List D,2025-09-18,2025-09-18,3,Shipped,NIC-CUST0015-S1
SO-26247,1,A-20110,Gearbox Sub-Assembly 2.000,1,EA,4698.17,4698.17,2979.18,Price List B,2025-05-23,2025-05-26,1,Shipped,NIC-CUST0038-S1
SO-26247,2,A-20101,Gearbox Sub-Assembly 5/8-11,1,EA,3417.55,3417.55,2382.4,Price List B,2025-05-29,2025-06-01,1,Shipped,NIC-CUST0038-S1
SO-26247,3,A-20090,Machined Housing 1.250,1,EA,1279.58,1279.58,821.3000000000001,Price List B,2025-06-03,2025-06-03,1,Shipped,NIC-CUST0038-S1
SO-26247,4,A-20063,Gearbox Sub-Assembly 5/8-11,3,EA,1891.18,5673.54,1372.91,Price List B,2025-05-22,2025-05-29,3,Shipped,NIC-CUST0038-S1
SO-26248,1,A-20020,Shaft Coupling 5/8-11,1,EA,559.46,559.46,316.62,Price List B,2025-12-25,2025-12-28,1,Shipped,NIC-CUST0013-S1
SO-26248,2,A-20061,Shaft Coupling 2.000,1,EA,251.79,251.79,175.52,Price List B,2025-12-29,2025-12-29,1,Shipped,NIC-CUST0013-S1
SO-26248,3,A-20053,Machined Housing #50,2,EA,885.56,1771.12,695.65,Price List B,2026-01-05,2026-01-05,0,Open,NIC-CUST0013-S1
SO-26248,4,A-20076,Gearbox Sub-Assembly 1.375,1,EA,1267.47,1267.47,721.1800000000001,Price List B,2025-12-27,2026-01-03,1,Shipped,NIC-CUST0013-S1
SO-26248,5,A-20043,Gearbox Sub-Assembly 1.000,1,EA,2197.16,2197.16,1336.88,Price List B,2025-12-30,2025-12-30,1,Shipped,NIC-CUST0013-S1
SO-26249,1,A-20040,Machined Housing #60,3,EA,298.58,895.74,210.93,Price List B,2025-09-21,2025-09-21,3,Shipped,NIC-CUST0013-S1
SO-26249,2,A-20110,Gearbox Sub-Assembly 2.000,2,EA,4698.17,9396.34,2979.18,Price List B,2025-08-31,2025-09-03,2,Shipped,NIC-CUST0013-S1
SO-26250,1,A-20058,Shaft Coupling size 6,1,EA,430.53,430.53,254.75,Price List A,2025-05-15,2025-05-15,1,Shipped,NIC-CUST0012-S1
SO-26250,2,A-20090,Machined Housing 1.250,2,EA,1346.93,2693.86,821.3000000000001,Price List A,2025-05-11,2025-05-12,2,Shipped,NIC-CUST0012-S1
SO-26250,3,A-20087,Machined Housing M12,5,EA,619.49,3097.45,333.06,Price List A,2025-05-06,2025-05-09,5,Shipped,NIC-CUST0012-S1
SO-26250,4,A-20034,Shaft Coupling M10,1,EA,155.86,155.86,111.33,Price List A,2025-05-17,2025-05-17,1,Shipped,NIC-CUST0012-S1
SO-26250,5,A-20040,Machined Housing #60,2,EA,314.29,628.58,210.93,Price List A,2025-04-29,2025-05-06,2,Shipped,NIC-CUST0012-S1
SO-26251,1,A-20070,Gearbox Sub-Assembly 1.000,1,EA,2895.8,2895.8,1739.22,Price List C,2025-05-13,2025-05-16,1,Shipped,NIC-CUST0017-S1
SO-26251,2,A-20110,Gearbox Sub-Assembly 2.000,2,EA,4450.9,8901.8,2979.18,Price List C,2025-05-18,2025-05-18,2,Shipped,NIC-CUST0017-S1
SO-26251,3,A-20002,Gearbox Sub-Assembly 3/8-16,1,EA,2311.59,2311.59,1931.15,Price List C,2025-05-20,2025-05-20,1,Shipped,NIC-CUST0017-S1
SO-26252,1,A-20034,Shaft Coupling M10,3,EA,134.74,404.22,111.33,Manual override,2025-08-15,2025-08-15,3,Shipped,NIC-CUST0010-S1
SO-26252,2,A-20033,Shaft Coupling 2.000,1,EA,508.87,508.87,328.62,Price List B,2025-07-30,2025-08-06,1,Shipped,NIC-CUST0010-S1
SO-26252,3,A-20070,Gearbox Sub-Assembly 1.000,1,EA,3056.68,3056.68,1739.22,Price List B,2025-08-17,2025-08-24,1,Shipped,NIC-CUST0010-S1
SO-26253,1,A-20070,Gearbox Sub-Assembly 1.000,2,EA,2895.8,5791.6,1739.22,Price List C,2025-12-21,2025-12-22,2,Shipped,NIC-CUST0002-S1
SO-26253,2,A-20090,Machined Housing 1.250,1,EA,1212.24,1212.24,821.3000000000001,Price List C,2025-12-22,2025-12-23,1,Shipped,NIC-CUST0002-S1
SO-26254,1,A-20013,Shaft Coupling 5/8-11,1,EA,218.8,218.8,162.20000000000002,Price List B,2025-04-25,2025-04-25,1,Shipped,NIC-CUST0029-S1
SO-26254,2,A-20092,Gearbox Sub-Assembly 2.000,5,EA,2456.99,12284.95,1915.78,Price List B,2025-04-11,2025-04-14,5,Shipped,NIC-CUST0029-S1
SO-26255,1,A-20107,Gearbox Sub-Assembly M12,5,EA,3043.06,15215.3,2631.9500000000003,Price List D,2025-05-01,2025-05-04,5,Shipped,NIC-CUST0008-S1
SO-26256,1,A-20013,Shaft Coupling 5/8-11,2,EA,230.32,460.64,162.20000000000002,Price List A,2025-11-12,2025-11-12,2,Shipped,NIC-CUST0006-S1
SO-26256,2,A-20043,Gearbox Sub-Assembly 1.000,2,EA,2312.8,4625.6,1336.88,Price List A,2025-11-08,2025-11-08,2,Shipped,NIC-CUST0006-S1
SO-26256,3,A-20076,Gearbox Sub-Assembly 1.375,1,EA,1334.18,1334.18,721.1800000000001,Price List A,2025-11-20,2025-11-23,1,Shipped,NIC-CUST0006-S1
SO-26257,1,A-20065,Machined Housing M6,1,EA,1133.16,1133.16,798.0,Price List A,2025-10-16,2025-10-17,1,Shipped,NIC-CUST0033-S1
SO-26257,2,A-20107,Gearbox Sub-Assembly M12,1,EA,3711.05,3711.05,2631.9500000000003,Price List A,2025-10-16,2025-10-16,1,Shipped,NIC-CUST0033-S1
SO-26257,3,A-20101,Gearbox Sub-Assembly 5/8-11,1,EA,3597.42,3597.42,2382.4,Price List A,2025-10-06,2025-10-09,1,Shipped,NIC-CUST0033-S1
SO-26258,1,A-20034,Shaft Coupling M10,1,EA,127.81,127.81,111.33,Price List D,2026-01-31,2026-01-31,0,Open,NIC-CUST0014-S1
SO-26258,2,A-20043,Gearbox Sub-Assembly 1.000,2,EA,1896.5,3793.0,1336.88,Price List D,2026-01-29,2026-01-29,2,Shipped,NIC-CUST0014-S1
SO-26258,3,A-20110,Gearbox Sub-Assembly 2.000,1,EA,4055.26,4055.26,2979.18,Price List D,2026-02-22,2026-02-23,1,Shipped,NIC-CUST0014-S1
SO-26258,4,A-20053,Machined Housing #50,5,EA,764.38,3821.9,695.65,Price List D,2026-01-31,2026-02-03,5,Shipped,NIC-CUST0014-S1
SO-26258,5,A-20038,Gearbox Sub-Assembly #80,5,EA,2572.18,12860.9,1997.97,Price List D,2026-02-11,2026-02-11,5,Shipped,NIC-CUST0014-S1
SO-26259,1,A-20061,Shaft Coupling 2.000,5,EA,217.33,1086.65,175.52,Price List D,2025-09-16,2025-09-17,5,Shipped,NIC-CUST0014-S1
SO-26259,2,A-20034,Shaft Coupling M10,2,EA,127.81,255.62,111.33,Price List D,2025-09-13,2025-09-13,2,Shipped,NIC-CUST0014-S1
SO-26259,3,A-20072,Machined Housing 1.250,1,EA,442.24,442.24,402.48,Price List D,2025-09-11,2025-09-11,1,Shipped,NIC-CUST0014-S1
SO-26260,1,A-20087,Machined Housing M12,5,EA,619.49,3097.45,333.06,Price List A,2025-10-26,2025-10-26,5,Shipped,NIC-CUST0006-S1
SO-26261,1,A-20076,Gearbox Sub-Assembly 1.375,1,EA,1094.03,1094.03,721.1800000000001,Price List D,2025-05-23,2025-05-24,1,Shipped,NIC-CUST0011-S1
SO-26261,2,A-20114,Shaft Coupling 3/8-16,2,EA,326.85,653.7,244.69,Manual override,2025-05-28,2025-05-28,2,Shipped,NIC-CUST0011-S1
SO-26261,3,A-20058,Shaft Coupling size 6,1,EA,353.03,353.03,254.75,Price List D,2025-05-28,2025-05-28,1,Shipped,NIC-CUST0011-S1
SO-26261,4,A-20073,Machined Housing 1.500,2,EA,671.8,1343.6,496.53000000000003,Price List D,2025-05-30,2025-06-02,0,Open,NIC-CUST0011-S1
SO-26261,5,A-20107,Gearbox Sub-Assembly M12,2,EA,3043.06,6086.12,2631.9500000000003,Price List D,2025-06-06,2025-06-06,0,Open,NIC-CUST0011-S1
SO-26262,1,A-20070,Gearbox Sub-Assembly 1.000,1,EA,3217.56,3217.56,1739.22,Price List A,2025-11-30,2025-12-07,1,Shipped,NIC-CUST0022-S1
SO-26262,2,A-20101,Gearbox Sub-Assembly 5/8-11,5,EA,3597.42,17987.1,2382.4,Price List A,2025-12-15,2025-12-22,5,Shipped,NIC-CUST0022-S1
SO-26262,3,A-20053,Machined Housing #50,2,EA,932.17,1864.34,695.65,Price List A,2025-12-13,2025-12-14,2,Shipped,NIC-CUST0022-S1
SO-26262,4,A-20076,Gearbox Sub-Assembly 1.375,1,EA,1334.18,1334.18,721.1800000000001,Price List A,2025-12-10,2025-12-11,1,Shipped,NIC-CUST0022-S1
SO-26263,1,A-20022,Machined Housing 1.500,1,EA,225.34,225.34,155.41,Price List A,2025-05-26,2025-05-26,1,Shipped,NIC-CUST0022-S1
SO-26264,1,A-20038,Gearbox Sub-Assembly #80,2,EA,2415.34,4830.68,1997.97,NIC-CPA001,2026-01-10,2026-01-13,2,Shipped,NIC-CUST0039-S1
SO-26264,2,A-20013,Shaft Coupling 5/8-11,2,EA,204.98,409.96,162.20000000000002,Manual override,2025-12-27,2025-12-27,0,Open,NIC-CUST0039-S1
SO-26265,1,A-20022,Machined Housing 1.500,1,EA,202.81,202.81,155.41,Price List C,2026-04-10,2026-04-10,0,Open,NIC-CUST0018-S1
SO-26265,2,A-20013,Shaft Coupling 5/8-11,2,EA,207.29,414.58,162.20000000000002,Price List C,2026-04-07,2026-04-14,0,Backordered,NIC-CUST0018-S1
SO-26266,1,A-20031,Shaft Coupling M10,2,EA,235.78,471.56,128.84,Price List A,2025-11-24,2025-11-24,2,Shipped,NIC-CUST0012-S1
SO-26266,2,A-20033,Shaft Coupling 2.000,1,EA,535.65,535.65,328.62,Price List A,2025-11-24,2025-11-27,1,Shipped,NIC-CUST0012-S1
SO-26266,3,A-20036,Gearbox Sub-Assembly M10,1,EA,4123.91,4123.91,2945.65,Price List A,2025-11-26,2025-11-27,1,Shipped,NIC-CUST0012-S1
SO-26267,1,A-20058,Shaft Coupling size 6,5,EA,353.03,1765.15,254.75,Price List D,2025-12-09,2025-12-09,5,Shipped,NIC-CUST0040-S1
SO-26267,2,A-20065,Machined Housing M6,3,EA,929.19,2787.57,798.0,Price List D,2025-11-29,2025-11-30,3,Shipped,NIC-CUST0040-S1
SO-26267,3,A-20053,Machined Housing #50,1,EA,671.16,671.16,695.65,NIC-CPA020,2025-12-18,2025-12-21,1,Shipped,NIC-CUST0040-S1
SO-26267,4,A-20030,Shaft Coupling M8,1,EA,196.67,196.67,176.98,Manual override,2025-11-28,2025-11-28,1,Shipped,NIC-CUST0040-S1
SO-26267,5,A-20090,Machined Housing 1.250,2,EA,1104.48,2208.96,821.3000000000001,Price List D,2025-12-13,2025-12-16,2,Shipped,NIC-CUST0040-S1
SO-26268,1,A-20110,Gearbox Sub-Assembly 2.000,1,EA,4450.9,4450.9,2979.18,Price List C,2026-01-29,2026-02-05,1,Shipped,NIC-CUST0030-S1
SO-26268,2,A-20013,Shaft Coupling 5/8-11,1,EA,207.29,207.29,162.20000000000002,Price List C,2026-01-08,2026-01-08,1,Shipped,NIC-CUST0030-S1
SO-26268,3,A-20107,Gearbox Sub-Assembly M12,3,EA,3339.95,10019.85,2631.9500000000003,Price List C,2026-01-24,2026-01-27,3,Shipped,NIC-CUST0030-S1
SO-26269,1,A-20058,Shaft Coupling size 6,1,EA,409.0,409.0,254.75,Price List B,2025-10-03,2025-10-06,1,Shipped,NIC-CUST0038-S1
SO-26269,2,A-20031,Shaft Coupling M10,1,EA,223.99,223.99,128.84,Price List B,2025-09-18,2025-09-18,0,Open,NIC-CUST0038-S1
SO-26270,1,A-20022,Machined Housing 1.500,1,EA,202.81,202.81,155.41,Price List C,2026-04-23,2026-04-23,0,Open,NIC-CUST0024-S1
SO-26271,1,A-20033,Shaft Coupling 2.000,1,EA,482.08,482.08,328.62,Price List C,2025-04-30,2025-04-30,1,Shipped,NIC-CUST0030-S1
SO-26271,2,A-20043,Gearbox Sub-Assembly 1.000,1,EA,1810.92,1810.92,1336.88,Manual override,2025-04-30,2025-05-01,1,Shipped,NIC-CUST0030-S1
SO-26271,3,A-20002,Gearbox Sub-Assembly 3/8-16,1,EA,2311.59,2311.59,1931.15,Price List C,2025-04-17,2025-04-17,1,Shipped,NIC-CUST0030-S1
SO-26271,4,A-20002,Gearbox Sub-Assembly 3/8-16,1,EA,2311.59,2311.59,1931.15,Price List C,2025-04-17,2025-04-24,1,Shipped,NIC-CUST0030-S1
SO-26272,1,A-20020,Shaft Coupling 5/8-11,3,EA,530.02,1590.06,316.62,Price List C,2025-11-26,2025-11-26,3,Shipped,NIC-CUST0001-S1
SO-26272,2,A-20101,Gearbox Sub-Assembly 5/8-11,1,EA,3237.68,3237.68,2382.4,Price List C,2025-12-12,2025-12-12,1,Shipped,NIC-CUST0001-S1
SO-26272,3,A-20092,Gearbox Sub-Assembly 2.000,1,EA,2327.67,2327.67,1915.78,Price List C,2025-12-20,2025-12-20,1,Shipped,NIC-CUST0001-S1
SO-26272,4,A-20077,Machined Housing 1.250,5,EA,1166.64,5833.2,869.98,Price List C,2025-12-01,2025-12-01,0,Backordered,NIC-CUST0001-S1
SO-26272,5,A-20022,Machined Housing 1.500,3,EA,202.81,608.43,155.41,Price List C,2025-12-15,2025-12-16,3,Shipped,NIC-CUST0001-S1
SO-26273,1,A-20034,Shaft Coupling M10,2,EA,148.07,296.14,111.33,Price List B,2026-01-06,2026-01-07,2,Shipped,NIC-CUST0026-S1
SO-26273,2,A-20053,Machined Housing #50,2,EA,885.56,1771.12,695.65,Price List B,2025-12-27,2026-01-03,2,Shipped,NIC-CUST0026-S1
SO-26273,3,A-20043,Gearbox Sub-Assembly 1.000,5,EA,2197.16,10985.8,1336.88,Price List B,2025-12-20,2025-12-21,5,Shipped,NIC-CUST0026-S1
SO-26273,4,A-20022,Machined Housing 1.500,1,EA,214.07,214.07,155.41,Price List B,2026-01-08,2026-01-08,1,Shipped,NIC-CUST0026-S1
SO-26274,1,A-20031,Shaft Coupling M10,1,EA,188.62,188.62,128.84,NIC-CPA019,2025-10-13,2025-10-13,1,Shipped,NIC-CUST0040-S1
SO-26274,2,A-20031,Shaft Coupling M10,1,EA,188.62,188.62,128.84,NIC-CPA019,2025-11-03,2025-11-06,1,Shipped,NIC-CUST0040-S1
SO-26274,3,A-20034,Shaft Coupling M10,1,EA,127.81,127.81,111.33,Price List D,2025-10-12,2025-10-13,1,Shipped,NIC-CUST0040-S1
SO-26274,4,A-20077,Machined Housing 1.250,5,EA,1062.94,5314.7,869.98,Price List D,2025-10-11,2025-10-11,0,Open,NIC-CUST0040-S1
SO-26275,1,A-20078,Machined Housing 3/8-16,3,EA,1148.04,3444.12,704.75,Price List C,2026-01-24,2026-01-25,3,Shipped,NIC-CUST0007-S1
SO-26275,2,A-20107,Gearbox Sub-Assembly M12,2,EA,3339.95,6679.9,2631.9500000000003,Price List C,2026-01-24,2026-01-27,2,Shipped,NIC-CUST0007-S1
SO-26275,3,A-20076,Gearbox Sub-Assembly 1.375,2,EA,1200.76,2401.52,721.1800000000001,Price List C,2026-01-11,2026-01-18,2,Shipped,NIC-CUST0007-S1
SO-26276,1,A-20058,Shaft Coupling size 6,1,EA,409.0,409.0,254.75,Price List B,2025-07-26,2025-07-29,1,Shipped,NIC-CUST0026-S1
SO-26276,2,A-20101,Gearbox Sub-Assembly 5/8-11,5,EA,3417.55,17087.75,2382.4,Price List B,2025-08-06,2025-08-13,5,Shipped,NIC-CUST0026-S1
SO-26276,3,A-20058,Shaft Coupling size 6,1,EA,409.0,409.0,254.75,Price List B,2025-08-02,2025-08-02,1,Shipped,NIC-CUST0026-S1
SO-26276,4,A-20034,Shaft Coupling M10,3,EA,148.07,444.21,111.33,Price List B,2025-08-03,2025-08-03,0,Open,NIC-CUST0026-S1
SO-26276,5,A-20101,Gearbox Sub-Assembly 5/8-11,3,EA,3417.55,10252.65,2382.4,Price List B,2025-08-14,2025-08-15,3,Shipped,NIC-CUST0026-S1
SO-26277,1,A-20039,Shaft Coupling 1.000,1,EA,686.19,686.19,415.87,Price List A,2025-05-20,2025-05-21,1,Shipped,NIC-CUST0006-S1
SO-26277,2,A-20070,Gearbox Sub-Assembly 1.000,1,EA,3217.56,3217.56,1739.22,Price List A,2025-05-18,2025-05-18,1,Shipped,NIC-CUST0006-S1
SO-26277,3,A-20090,Machined Housing 1.250,1,EA,1346.93,1346.93,821.3000000000001,Price List A,2025-05-26,2025-05-26,1,Shipped,NIC-CUST0006-S1
SO-26277,4,A-20078,Machined Housing 3/8-16,1,EA,1275.6,1275.6,704.75,Price List A,2025-06-01,2025-06-01,1,Shipped,NIC-CUST0006-S1
SO-26278,1,A-20065,Machined Housing M6,5,EA,1019.84,5099.2,798.0,Price List C,2025-11-14,2025-11-14,5,Shipped,NIC-CUST0025-S1
SO-26278,2,A-20114,Shaft Coupling 3/8-16,5,EA,398.6,1993.0,244.69,Price List C,2025-11-12,2025-11-19,5,Shipped,NIC-CUST0025-S1
SO-26278,3,A-20093,Gearbox Sub-Assembly M12,2,EA,3195.28,6390.56,2017.22,Price List C,2025-10-30,2025-10-30,2,Shipped,NIC-CUST0025-S1
SO-26278,4,A-20078,Machined Housing 3/8-16,1,EA,1148.04,1148.04,704.75,Price List C,2025-11-08,2025-11-08,1,Shipped,NIC-CUST0025-S1
SO-26278,5,A-20097,Machined Housing #80,3,EA,375.4,1126.2,246.81,Price List C,2025-11-23,2025-11-30,3,Shipped,NIC-CUST0025-S1
SO-26279,1,A-20043,Gearbox Sub-Assembly 1.000,1,EA,2081.52,2081.52,1336.88,Price List C,2026-03-09,2026-03-16,0,Open,NIC-CUST0007-S1
SO-26279,2,A-20063,Gearbox Sub-Assembly 5/8-11,1,EA,1737.9,1737.9,1372.91,Manual override,2026-03-10,2026-03-10,1,Shipped,NIC-CUST0007-S1
SO-26279,3,A-20092,Gearbox Sub-Assembly 2.000,2,EA,2327.67,4655.34,1915.78,Price List C,2026-03-02,2026-03-03,2,Shipped,NIC-CUST0007-S1
SO-26280,1,A-20040,Machined Housing #60,5,EA,314.29,1571.45,210.93,Price List A,2025-11-04,2025-11-07,5,Shipped,NIC-CUST0023-S1
SO-26281,1,A-20065,Machined Housing M6,3,EA,1019.84,3059.52,798.0,Price List C,2025-11-25,2025-12-02,3,Shipped,NIC-CUST0025-S1
SO-26281,2,A-20073,Machined Housing 1.500,5,EA,737.34,3686.7,496.53000000000003,Price List C,2025-12-03,2025-12-06,5,Shipped,NIC-CUST0025-S1
SO-26281,3,A-20073,Machined Housing 1.500,5,EA,737.34,3686.7,496.53000000000003,Price List C,2025-12-06,2025-12-06,5,Shipped,NIC-CUST0025-S1
SO-26281,4,A-20043,Gearbox Sub-Assembly 1.000,1,EA,2081.52,2081.52,1336.88,Price List C,2025-11-18,2025-11-21,1,Shipped,NIC-CUST0025-S1
SO-26282,1,A-20077,Machined Housing 1.250,2,EA,1083.68,2167.36,869.98,Manual override,2025-08-28,2025-08-29,2,Shipped,NIC-CUST0005-S1
SO-26282,2,A-20020,Shaft Coupling 5/8-11,2,EA,559.46,1118.92,316.62,Price List B,2025-09-07,2025-09-10,2,Shipped,NIC-CUST0005-S1
SO-26283,1,A-20114,Shaft Coupling 3/8-16,5,EA,363.17,1815.85,244.69,Price List D,2026-01-17,2026-01-17,5,Shipped,NIC-CUST0008-S1
SO-26283,2,A-20065,Machined Housing M6,3,EA,929.19,2787.57,798.0,Price List D,2026-01-26,2026-01-26,3,Shipped,NIC-CUST0008-S1
SO-26283,3,A-20003,Gearbox Sub-Assembly 2.000,1,EA,2753.07,2753.07,2450.66,Price List D,2026-01-29,2026-01-29,1,Shipped,NIC-CUST0008-S1
SO-26284,1,A-20078,Machined Housing 3/8-16,3,EA,1275.6,3826.8,704.75,Price List A,2025-11-26,2025-11-26,3,Shipped,NIC-CUST0023-S1
SO-26284,2,A-20087,Machined Housing M12,5,EA,619.49,3097.45,333.06,Price List A,2025-11-13,2025-11-13,5,Shipped,NIC-CUST0023-S1
SO-26285,1,A-20092,Gearbox Sub-Assembly 2.000,5,EA,2327.67,11638.35,1915.78,Price List C,2025-08-11,2025-08-14,5,Shipped,NIC-CUST0031-S1
SO-26285,2,A-20013,Shaft Coupling 5/8-11,3,EA,207.29,621.87,162.20000000000002,Price List C,2025-08-12,2025-08-12,3,Shipped,NIC-CUST0031-S1
SO-26285,3,A-20030,Shaft Coupling M8,1,EA,245.3,245.3,176.98,Price List C,2025-08-17,2025-08-20,1,Shipped,NIC-CUST0031-S1
SO-26286,1,A-20070,Gearbox Sub-Assembly 1.000,1,EA,2767.1,2767.1,1739.22,NIC-CPA018,2026-01-15,2026-01-18,1,Shipped,NIC-CUST0034-S1
SO-26286,2,A-20033,Shaft Coupling 2.000,5,EA,482.08,2410.4,328.62,Price List C,2026-01-26,2026-01-26,5,Shipped,NIC-CUST0034-S1
SO-26287,1,A-20013,Shaft Coupling 5/8-11,1,EA,218.8,218.8,162.20000000000002,Price List B,2025-04-23,2025-04-24,1,Shipped,NIC-CUST0026-S1
SO-26287,2,A-20058,Shaft Coupling size 6,1,EA,409.0,409.0,254.75,Price List B,2025-04-25,2025-04-25,1,Shipped,NIC-CUST0026-S1
SO-26287,3,A-20022,Machined Housing 1.500,1,EA,214.07,214.07,155.41,Price List B,2025-05-05,2025-05-05,1,Shipped,NIC-CUST0026-S1
SO-26287,4,A-20110,Gearbox Sub-Assembly 2.000,2,EA,4698.17,9396.34,2979.18,Price List B,2025-05-01,2025-05-04,2,Shipped,NIC-CUST0026-S1
SO-26288,1,A-20040,Machined Housing #60,1,EA,262.75,262.75,210.93,Manual override,2025-10-05,2025-10-05,0,Open,NIC-CUST0035-S1
SO-26288,2,A-20013,Shaft Coupling 5/8-11,1,EA,218.8,218.8,162.20000000000002,Price List B,2025-10-11,2025-10-14,1,Shipped,NIC-CUST0035-S1
SO-26288,3,A-20053,Machined Housing #50,5,EA,885.56,4427.8,695.65,Price List B,2025-09-23,2025-09-30,5,Shipped,NIC-CUST0035-S1
SO-26288,4,A-20114,Shaft Coupling 3/8-16,1,EA,420.75,420.75,244.69,Price List B,2025-09-19,2025-09-26,1,Shipped,NIC-CUST0035-S1
SO-26288,5,A-20092,Gearbox Sub-Assembly 2.000,3,EA,2456.99,7370.97,1915.78,Price List B,2025-10-01,2025-10-01,3,Shipped,NIC-CUST0035-S1
SO-26289,1,A-20058,Shaft Coupling size 6,5,EA,430.53,2152.65,254.75,Price List A,2025-06-22,2025-06-23,5,Shipped,NIC-CUST0021-S1
SO-26289,2,A-20053,Machined Housing #50,3,EA,932.17,2796.51,695.65,Price List A,2025-07-07,2025-07-07,3,Shipped,NIC-CUST0021-S1
SO-26289,3,A-20022,Machined Housing 1.500,1,EA,225.34,225.34,155.41,Price List A,2025-06-16,2025-06-16,1,Shipped,NIC-CUST0021-S1
SO-26289,4,A-20030,Shaft Coupling M8,1,EA,272.55,272.55,176.98,Price List A,2025-06-14,2025-06-21,1,Shipped,NIC-CUST0021-S1
SO-26290,1,A-20070,Gearbox Sub-Assembly 1.000,1,EA,3056.68,3056.68,1739.22,Price List B,2026-03-08,2026-03-15,1,Shipped,NIC-CUST0010-S1
SO-26291,1,A-20097,Machined Housing #80,1,EA,396.25,396.25,246.81,Price List B,2026-01-30,2026-01-30,1,Shipped,NIC-CUST0020-S1
SO-26291,2,A-20058,Shaft Coupling size 6,1,EA,355.83,355.83,254.75,Manual override,2026-01-21,2026-01-24,1,Shipped,NIC-CUST0020-S1
SO-26291,3,A-20107,Gearbox Sub-Assembly M12,1,EA,3525.5,3525.5,2631.9500000000003,Price List B,2026-01-06,2026-01-06,1,Shipped,NIC-CUST0020-S1
SO-26291,4,A-20040,Machined Housing #60,1,EA,298.58,298.58,210.93,Price List B,2026-01-27,2026-01-30,1,Shipped,NIC-CUST0020-S1
SO-26291,5,A-20077,Machined Housing 1.250,2,EA,1231.46,2462.92,869.98,Price List B,2026-01-26,2026-01-26,2,Shipped,NIC-CUST0020-S1
SO-26292,1,A-20022,Machined Housing 1.500,1,EA,202.81,202.81,155.41,Price List C,2026-04-04,2026-04-04,0,Open,NIC-CUST0034-S1
SO-26292,2,A-20082,Machined Housing #60,3,EA,1325.27,3975.81,841.44,Price List C,2026-03-30,2026-03-30,0,Open,NIC-CUST0034-S1
SO-26292,3,A-20090,Machined Housing 1.250,1,EA,1212.24,1212.24,821.3000000000001,Price List C,2026-04-09,2026-04-09,0,Open,NIC-CUST0034-S1
SO-26292,4,A-20038,Gearbox Sub-Assembly #80,3,EA,2823.13,8469.39,1997.97,Price List C,2026-04-07,2026-04-07,0,Open,NIC-CUST0034-S1
SO-26292,5,A-20078,Machined Housing 3/8-16,3,EA,1148.04,3444.12,704.75,Price List C,2026-03-30,2026-03-30,0,Open,NIC-CUST0034-S1
SO-26293,1,A-20070,Gearbox Sub-Assembly 1.000,1,EA,2532.86,2532.86,1739.22,Manual override,2025-04-22,2025-04-29,1,Shipped,NIC-CUST0019-S1
SO-26293,2,A-20082,Machined Housing #60,1,EA,1207.47,1207.47,841.44,Price List D,2025-04-19,2025-04-19,1,Shipped,NIC-CUST0019-S1
SO-26294,1,A-20076,Gearbox Sub-Assembly 1.375,1,EA,1094.03,1094.03,721.1800000000001,Price List D,2025-07-05,2025-07-08,1,Shipped,NIC-CUST0009-S1
SO-26294,2,A-20020,Shaft Coupling 5/8-11,1,EA,482.91,482.91,316.62,Price List D,2025-07-01,2025-07-01,1,Shipped,NIC-CUST0009-S1
SO-26294,3,A-20033,Shaft Coupling 2.000,5,EA,382.13,1910.65,328.62,Manual override,2025-06-24,2025-06-24,5,Shipped,NIC-CUST0009-S1
SO-26294,4,A-20093,Gearbox Sub-Assembly M12,1,EA,2911.25,2911.25,2017.22,Price List D,2025-07-17,2025-07-17,1,Shipped,NIC-CUST0009-S1
SO-26294,5,A-20087,Machined Housing M12,2,EA,507.98,1015.96,333.06,Price List D,2025-06-25,2025-06-25,0,Backordered,NIC-CUST0009-S1
SO-26295,1,A-20107,Gearbox Sub-Assembly M12,1,EA,3043.06,3043.06,2631.9500000000003,Price List D,2025-08-09,2025-08-09,1,Shipped,NIC-CUST0015-S1
SO-26296,1,A-20065,Machined Housing M6,1,EA,1019.84,1019.84,798.0,Price List C,2026-02-14,2026-02-14,0,Backordered,NIC-CUST0002-S1
SO-26296,2,A-20039,Shaft Coupling 1.000,1,EA,617.57,617.57,415.87,Price List C,2026-02-21,2026-02-21,1,Shipped,NIC-CUST0002-S1
SO-26296,3,A-20076,Gearbox Sub-Assembly 1.375,1,EA,1200.76,1200.76,721.1800000000001,Price List C,2026-02-06,2026-02-06,1,Shipped,NIC-CUST0002-S1
SO-26296,4,A-20073,Machined Housing 1.500,1,EA,737.34,737.34,496.53000000000003,Price List C,2026-02-11,2026-02-18,0,Open,NIC-CUST0002-S1
SO-26297,1,A-20093,Gearbox Sub-Assembly M12,2,EA,3550.31,7100.62,2017.22,Price List A,2026-02-27,2026-02-27,2,Shipped,NIC-CUST0039-S1
SO-26297,2,A-20072,Machined Housing 1.250,5,EA,539.32,2696.6,402.48,Price List A,2026-02-28,2026-02-28,5,Shipped,NIC-CUST0039-S1
SO-26297,3,A-20077,Machined Housing 1.250,3,EA,1296.27,3888.81,869.98,Price List A,2026-03-07,2026-03-07,3,Shipped,NIC-CUST0039-S1
SO-26297,4,A-20073,Machined Housing 1.500,1,EA,819.27,819.27,496.53000000000003,Price List A,2026-02-25,2026-03-04,1,Shipped,NIC-CUST0039-S1
SO-26297,5,A-20063,Gearbox Sub-Assembly 5/8-11,1,EA,1990.72,1990.72,1372.91,Price List A,2026-02-23,2026-02-24,1,Shipped,NIC-CUST0039-S1
SO-26298,1,A-20022,Machined Housing 1.500,3,EA,225.34,676.02,155.41,Price List A,2025-06-07,2025-06-08,3,Shipped,NIC-CUST0021-S1
SO-26299,1,A-20087,Machined Housing M12,5,EA,588.52,2942.6,333.06,Price List B,2025-05-21,2025-05-24,5,Shipped,NIC-CUST0005-S1
SO-26299,2,A-20013,Shaft Coupling 5/8-11,3,EA,205.67,617.01,162.20000000000002,Manual override,2025-05-19,2025-05-22,3,Shipped,NIC-CUST0005-S1
SO-26300,1,A-20082,Machined Housing #60,1,EA,1398.89,1398.89,841.44,Price List B,2025-08-27,2025-08-30,1,Shipped,NIC-CUST0020-S1
SO-26300,2,A-20022,Machined Housing 1.500,1,EA,214.07,214.07,155.41,Price List B,2025-08-28,2025-09-04,1,Shipped,NIC-CUST0020-S1
SO-26301,1,A-20020,Shaft Coupling 5/8-11,1,EA,588.91,588.91,316.62,Price List A,2025-04-06,2025-04-07,1,Shipped,NIC-CUST0006-S1
SO-26301,2,A-20087,Machined Housing M12,2,EA,619.49,1238.98,333.06,Price List A,2025-04-20,2025-04-20,2,Shipped,NIC-CUST0006-S1
SO-26302,1,A-20053,Machined Housing #50,1,EA,838.95,838.95,695.65,Price List C,2025-06-22,2025-06-22,1,Shipped,NIC-CUST0004-S1
SO-26302,2,A-20087,Machined Housing M12,1,EA,557.54,557.54,333.06,Price List C,2025-06-20,2025-06-21,0,Open,NIC-CUST0004-S1
SO-26302,3,A-20022,Machined Housing 1.500,1,EA,202.81,202.81,155.41,Price List C,2025-07-09,2025-07-09,1,Shipped,NIC-CUST0004-S1
SO-26302,4,A-20039,Shaft Coupling 1.000,5,EA,617.57,3087.85,415.87,Price List C,2025-07-11,2025-07-12,0,Open,NIC-CUST0004-S1
SO-26302,5,A-20003,Gearbox Sub-Assembly 2.000,2,EA,3021.66,6043.32,2450.66,Price List C,2025-06-22,2025-06-22,2,Shipped,NIC-CUST0004-S1
SO-26303,1,A-20034,Shaft Coupling M10,1,EA,155.86,155.86,111.33,Price List A,2026-04-08,2026-04-11,0,Open,NIC-CUST0039-S1
SO-26303,2,A-20114,Shaft Coupling 3/8-16,1,EA,442.89,442.89,244.69,Price List A,2026-04-20,2026-04-27,0,Open,NIC-CUST0039-S1
SO-26304,1,A-20002,Gearbox Sub-Assembly 3/8-16,2,EA,2568.43,5136.86,1931.15,Price List A,2026-01-09,2026-01-10,2,Shipped,NIC-CUST0022-S1
SO-26304,2,A-20003,Gearbox Sub-Assembly 2.000,2,EA,3357.4,6714.8,2450.66,Price List A,2025-12-26,2025-12-26,2,Shipped,NIC-CUST0022-S1
SO-26304,3,A-20073,Machined Housing 1.500,2,EA,712.76,1425.52,496.53000000000003,Manual override,2025-12-28,2026-01-04,2,Shipped,NIC-CUST0022-S1
SO-26305,1,A-20093,Gearbox Sub-Assembly M12,3,EA,2911.25,8733.75,2017.22,Price List D,2025-06-17,2025-06-24,3,Shipped,NIC-CUST0019-S1
SO-26305,2,A-20039,Shaft Coupling 1.000,2,EA,562.68,1125.36,415.87,Price List D,2025-06-07,2025-06-10,2,Shipped,NIC-CUST0019-S1
SO-26305,3,A-20036,Gearbox Sub-Assembly M10,5,EA,3381.61,16908.05,2945.65,Price List D,2025-06-10,2025-06-17,5,Shipped,NIC-CUST0019-S1
SO-26305,4,A-20078,Machined Housing 3/8-16,1,EA,1045.99,1045.99,704.75,Price List D,2025-06-12,2025-06-19,1,Shipped,NIC-CUST0019-S1
SO-26305,5,A-20073,Machined Housing 1.500,3,EA,671.8,2015.4,496.53000000000003,Price List D,2025-06-06,2025-06-09,3,Shipped,NIC-CUST0019-S1
SO-26306,1,A-20003,Gearbox Sub-Assembly 2.000,1,EA,3021.66,3021.66,2450.66,Price List C,2025-09-28,2025-10-05,1,Shipped,NIC-CUST0001-S1
SO-26306,2,A-20003,Gearbox Sub-Assembly 2.000,2,EA,3021.66,6043.32,2450.66,Price List C,2025-09-29,2025-09-29,2,Shipped,NIC-CUST0001-S1
SO-26307,1,A-20077,Machined Housing 1.250,1,EA,1296.27,1296.27,869.98,Price List A,2026-02-10,2026-02-10,1,Shipped,NIC-CUST0033-S1
SO-26308,1,A-20038,Gearbox Sub-Assembly #80,3,EA,2823.13,8469.39,1997.97,Price List C,2026-03-16,2026-03-23,0,Open,NIC-CUST0018-S1
SO-26308,2,A-20065,Machined Housing M6,5,EA,1019.84,5099.2,798.0,Price List C,2026-03-11,2026-03-11,5,Shipped,NIC-CUST0018-S1
SO-26308,3,A-20040,Machined Housing #60,2,EA,282.86,565.72,210.93,Price List C,2026-03-14,2026-03-14,2,Shipped,NIC-CUST0018-S1
SO-26308,4,A-20039,Shaft Coupling 1.000,5,EA,617.57,3087.85,415.87,Price List C,2026-02-23,2026-02-26,0,Open,NIC-CUST0018-S1
SO-26308,5,A-20090,Machined Housing 1.250,2,EA,1212.24,2424.48,821.3000000000001,Price List C,2026-03-09,2026-03-10,2,Shipped,NIC-CUST0018-S1
SO-26309,1,A-20022,Machined Housing 1.500,1,EA,184.78,184.78,155.41,Price List D,2025-11-09,2025-11-09,0,Backordered,NIC-CUST0019-S1
SO-26309,2,A-20092,Gearbox Sub-Assembly 2.000,1,EA,2120.77,2120.77,1915.78,Price List D,2025-11-06,2025-11-06,1,Shipped,NIC-CUST0019-S1
SO-26309,3,A-20097,Machined Housing #80,5,EA,342.03,1710.15,246.81,Price List D,2025-11-10,2025-11-11,5,Shipped,NIC-CUST0019-S1
SO-26309,4,A-20087,Machined Housing M12,2,EA,507.98,1015.96,333.06,Price List D,2025-11-18,2025-11-21,2,Shipped,NIC-CUST0019-S1
SO-26310,1,A-20110,Gearbox Sub-Assembly 2.000,1,EA,4945.44,4945.44,2979.18,Price List A,2025-07-18,2025-07-19,1,Shipped,NIC-CUST0033-S1
SO-26310,2,A-20076,Gearbox Sub-Assembly 1.375,5,EA,1334.18,6670.9,721.1800000000001,Price List A,2025-07-28,2025-07-28,5,Shipped,NIC-CUST0033-S1
SO-26310,3,A-20003,Gearbox Sub-Assembly 2.000,5,EA,3357.4,16787.0,2450.66,Price List A,2025-07-28,2025-07-28,5,Shipped,NIC-CUST0033-S1
SO-26310,4,A-20072,Machined Housing 1.250,1,EA,539.32,539.32,402.48,Price List A,2025-07-12,2025-07-19,1,Shipped,NIC-CUST0033-S1
SO-26311,1,A-20053,Machined Housing #50,3,EA,583.91,1751.73,695.65,Manual override,2025-08-13,2025-08-20,0,Open,NIC-CUST0040-S1
SO-26311,2,A-20072,Machined Housing 1.250,1,EA,442.24,442.24,402.48,Price List D,2025-08-25,2025-08-26,1,Shipped,NIC-CUST0040-S1
SO-26311,3,A-20101,Gearbox Sub-Assembly 5/8-11,3,EA,2949.88,8849.64,2382.4,Price List D,2025-08-06,2025-08-09,3,Shipped,NIC-CUST0040-S1
SO-26312,1,A-20093,Gearbox Sub-Assembly M12,3,EA,3195.28,9585.84,2017.22,Price List C,2025-06-19,2025-06-19,3,Shipped,NIC-CUST0004-S1
SO-26312,2,A-20034,Shaft Coupling M10,1,EA,106.98,106.98,111.33,Manual override,2025-06-27,2025-06-30,1,Shipped,NIC-CUST0004-S1
SO-26312,3,A-20022,Machined Housing 1.500,3,EA,202.81,608.43,155.41,Price List C,2025-07-09,2025-07-09,3,Shipped,NIC-CUST0004-S1
SO-26313,1,A-20082,Machined Housing #60,3,EA,1472.52,4417.56,841.44,Price List A,2026-03-13,2026-03-13,3,Shipped,NIC-CUST0039-S1
SO-26313,2,A-20093,Gearbox Sub-Assembly M12,1,EA,3550.31,3550.31,2017.22,Price List A,2026-02-28,2026-03-01,1,Shipped,NIC-CUST0039-S1
SO-26313,3,A-20073,Machined Housing 1.500,1,EA,819.27,819.27,496.53000000000003,Price List A,2026-03-04,2026-03-04,1,Shipped,NIC-CUST0039-S1
SO-26314,1,A-20093,Gearbox Sub-Assembly M12,3,EA,2911.25,8733.75,2017.22,Price List D,2025-09-04,2025-09-04,3,Shipped,NIC-CUST0011-S1
SO-26314,2,A-20082,Machined Housing #60,3,EA,1207.47,3622.41,841.44,Price List D,2025-08-25,2025-08-25,3,Shipped,NIC-CUST0011-S1
SO-26314,3,A-20082,Machined Housing #60,5,EA,1207.47,6037.35,841.44,Price List D,2025-08-28,2025-08-29,5,Shipped,NIC-CUST0011-S1
SO-26315,1,A-20110,Gearbox Sub-Assembly 2.000,2,EA,4450.9,8901.8,2979.18,Price List C,2025-06-17,2025-06-17,2,Shipped,NIC-CUST0001-S1
SO-26315,2,A-20110,Gearbox Sub-Assembly 2.000,3,EA,4450.9,13352.7,2979.18,Price List C,2025-07-08,2025-07-15,3,Shipped,NIC-CUST0001-S1
SO-26315,3,A-20058,Shaft Coupling size 6,1,EA,387.48,387.48,254.75,Price List C,2025-07-05,2025-07-05,1,Shipped,NIC-CUST0001-S1
SO-26315,4,A-20043,Gearbox Sub-Assembly 1.000,2,EA,2081.52,4163.04,1336.88,Price List C,2025-06-12,2025-06-13,2,Shipped,NIC-CUST0001-S1
SO-26316,1,A-20110,Gearbox Sub-Assembly 2.000,5,EA,3852.5,19262.5,2979.18,Manual override,2025-12-22,2025-12-22,0,Open,NIC-CUST0036-S1
SO-26316,2,A-20078,Machined Housing 3/8-16,5,EA,1045.99,5229.95,704.75,Price List D,2025-12-19,2025-12-19,5,Shipped,NIC-CUST0036-S1
SO-26317,1,A-20034,Shaft Coupling M10,3,EA,127.81,383.43,111.33,Price List D,2025-10-03,2025-10-03,3,Shipped,NIC-CUST0037-S1
SO-26317,2,A-20078,Machined Housing 3/8-16,1,EA,1045.99,1045.99,704.75,Price List D,2025-10-25,2025-11-01,1,Shipped,NIC-CUST0037-S1
SO-26317,3,A-20101,Gearbox Sub-Assembly 5/8-11,1,EA,2949.88,2949.88,2382.4,Price List D,2025-10-11,2025-10-14,1,Shipped,NIC-CUST0037-S1
SO-26317,4,A-20107,Gearbox Sub-Assembly M12,3,EA,3043.06,9129.18,2631.9500000000003,Price List D,2025-10-06,2025-10-06,3,Shipped,NIC-CUST0037-S1
SO-26318,1,A-20110,Gearbox Sub-Assembly 2.000,1,EA,4698.17,4698.17,2979.18,Price List B,2025-05-02,2025-05-02,1,Shipped,NIC-CUST0026-S1
SO-26318,2,A-20036,Gearbox Sub-Assembly M10,3,EA,3917.71,11753.13,2945.65,Price List B,2025-04-16,2025-04-16,3,Shipped,NIC-CUST0026-S1
SO-26318,3,A-20030,Shaft Coupling M8,5,EA,258.92,1294.6,176.98,Price List B,2025-04-28,2025-04-29,5,Shipped,NIC-CUST0026-S1
SO-26318,4,A-20040,Machined Housing #60,1,EA,298.58,298.58,210.93,Price List B,2025-04-25,2025-04-25,1,Shipped,NIC-CUST0026-S1
SO-26319,1,A-20107,Gearbox Sub-Assembly M12,5,EA,3043.06,15215.3,2631.9500000000003,Price List D,2026-04-03,2026-04-10,0,Open,NIC-CUST0040-S1
SO-26319,2,A-20087,Machined Housing M12,3,EA,507.98,1523.94,333.06,Price List D,2026-03-12,2026-03-12,3,Shipped,NIC-CUST0040-S1
SO-26319,3,A-20036,Gearbox Sub-Assembly M10,1,EA,3381.61,3381.61,2945.65,Price List D,2026-03-15,2026-03-15,1,Shipped,NIC-CUST0040-S1
SO-26319,4,A-20036,Gearbox Sub-Assembly M10,1,EA,3381.61,3381.61,2945.65,Price List D,2026-03-20,2026-03-27,1,Shipped,NIC-CUST0040-S1
SO-26320,1,A-20087,Machined Housing M12,1,EA,507.98,507.98,333.06,Price List D,2025-09-06,2025-09-06,1,Shipped,NIC-CUST0019-S1
SO-26320,2,A-20061,Shaft Coupling 2.000,1,EA,217.33,217.33,175.52,Price List D,2025-09-02,2025-09-05,1,Shipped,NIC-CUST0019-S1
SO-26320,3,A-20043,Gearbox Sub-Assembly 1.000,1,EA,1896.5,1896.5,1336.88,Price List D,2025-09-13,2025-09-13,0,Open,NIC-CUST0019-S1
SO-26320,4,A-20020,Shaft Coupling 5/8-11,3,EA,482.91,1448.73,316.62,Price List D,2025-09-03,2025-09-03,3,Shipped,NIC-CUST0019-S1
SO-26321,1,A-20077,Machined Housing 1.250,2,EA,1231.46,2462.92,869.98,Price List B,2026-02-11,2026-02-11,2,Shipped,NIC-CUST0026-S1
SO-26322,1,A-20038,Gearbox Sub-Assembly #80,2,EA,2572.18,5144.36,1997.97,Price List D,2025-09-28,2025-09-28,2,Shipped,NIC-CUST0014-S1
SO-26322,2,A-20031,Shaft Coupling M10,3,EA,193.34,580.02,128.84,Price List D,2025-09-22,2025-09-22,3,Shipped,NIC-CUST0014-S1
SO-26323,1,A-20087,Machined Housing M12,3,EA,507.98,1523.94,333.06,Price List D,2025-08-07,2025-08-08,3,Shipped,NIC-CUST0011-S1
SO-26323,2,A-20031,Shaft Coupling M10,3,EA,193.34,580.02,128.84,Price List D,2025-07-18,2025-07-25,3,Shipped,NIC-CUST0011-S1
SO-26323,3,A-20077,Machined Housing 1.250,5,EA,1062.94,5314.7,869.98,Price List D,2025-08-02,2025-08-03,5,Shipped,NIC-CUST0011-S1
SO-26323,4,A-20107,Gearbox Sub-Assembly M12,1,EA,3043.06,3043.06,2631.9500000000003,Price List D,2025-07-23,2025-07-23,1,Shipped,NIC-CUST0011-S1
SO-26324,1,A-20093,Gearbox Sub-Assembly M12,3,EA,3195.28,9585.84,2017.22,Price List C,2025-11-21,2025-11-28,0,Backordered,NIC-CUST0004-S1
SO-26324,2,A-20093,Gearbox Sub-Assembly M12,1,EA,3195.28,3195.28,2017.22,Price List C,2025-11-22,2025-11-22,0,Open,NIC-CUST0004-S1
SO-26324,3,A-20063,Gearbox Sub-Assembly 5/8-11,2,EA,1791.65,3583.3,1372.91,Price List C,2025-11-23,2025-11-23,2,Shipped,NIC-CUST0004-S1
SO-26324,4,A-20072,Machined Housing 1.250,1,EA,485.39,485.39,402.48,Price List C,2025-11-25,2025-11-26,0,Open,NIC-CUST0004-S1
SO-26325,1,A-20107,Gearbox Sub-Assembly M12,1,EA,3043.06,3043.06,2631.9500000000003,Price List D,2025-06-27,2025-06-28,0,Open,NIC-CUST0036-S1
SO-26326,1,A-20031,Shaft Coupling M10,3,EA,235.78,707.34,128.84,Price List A,2025-10-26,2025-10-26,3,Shipped,NIC-CUST0006-S1
SO-26327,1,A-20003,Gearbox Sub-Assembly 2.000,1,EA,2585.2,2585.2,2450.66,NIC-CPA014,2025-08-22,2025-08-23,1,Shipped,NIC-CUST0018-S1
SO-26327,2,A-20031,Shaft Coupling M10,2,EA,212.2,424.4,128.84,Price List C,2025-08-29,2025-08-29,2,Shipped,NIC-CUST0018-S1
SO-26328,1,A-20039,Shaft Coupling 1.000,1,EA,686.19,686.19,415.87,Price List A,2026-03-22,2026-03-22,1,Shipped,NIC-CUST0022-S1
SO-26328,2,A-20110,Gearbox Sub-Assembly 2.000,1,EA,4945.44,4945.44,2979.18,Price List A,2026-03-16,2026-03-16,1,Shipped,NIC-CUST0022-S1
SO-26328,3,A-20114,Shaft Coupling 3/8-16,2,EA,442.89,885.78,244.69,Price List A,2026-03-05,2026-03-08,2,Shipped,NIC-CUST0022-S1
SO-26328,4,A-20040,Machined Housing #60,1,EA,314.29,314.29,210.93,Price List A,2026-03-19,2026-03-20,1,Shipped,NIC-CUST0022-S1
SO-26329,1,A-20040,Machined Housing #60,3,EA,257.72,773.16,210.93,Price List D,2025-06-05,2025-06-05,3,Shipped,NIC-CUST0008-S1
SO-26329,2,A-20110,Gearbox Sub-Assembly 2.000,2,EA,4055.26,8110.52,2979.18,Price List D,2025-06-05,2025-06-05,2,Shipped,NIC-CUST0008-S1
SO-26329,3,A-20061,Shaft Coupling 2.000,3,EA,217.33,651.99,175.52,Price List D,2025-06-06,2025-06-07,3,Shipped,NIC-CUST0008-S1
SO-26329,4,A-20031,Shaft Coupling M10,2,EA,193.34,386.68,128.84,Price List D,2025-06-05,2025-06-08,2,Shipped,NIC-CUST0008-S1
SO-26330,1,A-20053,Machined Housing #50,1,EA,932.17,932.17,695.65,Price List A,2026-04-20,2026-04-20,0,Open,NIC-CUST0021-S1
SO-26330,2,A-20061,Shaft Coupling 2.000,1,EA,265.04,265.04,175.52,Price List A,2026-04-22,2026-04-22,0,Open,NIC-CUST0021-S1
SO-26331,1,A-20090,Machined Housing 1.250,5,EA,1279.58,6397.9,821.3000000000001,Price List B,2026-04-07,2026-04-08,0,Backordered,NIC-CUST0020-S1
SO-26331,2,A-20030,Shaft Coupling M8,2,EA,258.92,517.84,176.98,Price List B,2026-04-09,2026-04-16,0,Open,NIC-CUST0020-S1
SO-26331,3,A-20036,Gearbox Sub-Assembly M10,5,EA,3917.71,19588.55,2945.65,Price List B,2026-04-10,2026-04-10,0,Open,NIC-CUST0020-S1
SO-26331,4,A-20073,Machined Housing 1.500,3,EA,778.31,2334.93,496.53000000000003,Price List B,2026-04-06,2026-04-06,0,Open,NIC-CUST0020-S1
SO-26332,1,A-20065,Machined Housing M6,3,EA,929.19,2787.57,798.0,Price List D,2025-10-04,2025-10-07,3,Shipped,NIC-CUST0009-S1
SO-26333,1,A-20097,Machined Housing #80,5,EA,417.11,2085.55,246.81,Price List A,2025-05-13,2025-05-13,5,Shipped,NIC-CUST0033-S1
SO-26334,1,A-20090,Machined Housing 1.250,3,EA,1279.58,3838.74,821.3000000000001,Price List B,2025-06-28,2025-06-28,3,Shipped,NIC-CUST0035-S1
SO-26334,2,A-20038,Gearbox Sub-Assembly #80,1,EA,2979.97,2979.97,1997.97,Price List B,2025-06-23,2025-06-23,1,Shipped,NIC-CUST0035-S1
SO-26334,3,A-20043,Gearbox Sub-Assembly 1.000,1,EA,2197.16,2197.16,1336.88,Price List B,2025-06-24,2025-06-25,1,Shipped,NIC-CUST0035-S1
SO-26335,1,A-20073,Machined Housing 1.500,3,EA,778.31,2334.93,496.53000000000003,Price List B,2025-05-31,2025-06-07,3,Shipped,NIC-CUST0020-S1
SO-26335,2,A-20065,Machined Housing M6,3,EA,1076.5,3229.5,798.0,Price List B,2025-06-12,2025-06-19,3,Shipped,NIC-CUST0020-S1
SO-26335,3,A-20061,Shaft Coupling 2.000,1,EA,251.79,251.79,175.52,Price List B,2025-06-12,2025-06-15,1,Shipped,NIC-CUST0020-S1
SO-26335,4,A-20076,Gearbox Sub-Assembly 1.375,1,EA,1000.63,1000.63,721.1800000000001,NIC-CPA010,2025-05-31,2025-05-31,1,Shipped,NIC-CUST0020-S1
SO-26335,5,A-20087,Machined Housing M12,5,EA,588.52,2942.6,333.06,Price List B,2025-06-09,2025-06-16,5,Shipped,NIC-CUST0020-S1
SO-26336,1,A-20114,Shaft Coupling 3/8-16,1,EA,420.75,420.75,244.69,Price List B,2026-03-16,2026-03-16,1,Shipped,NIC-CUST0038-S1
SO-26336,2,A-20058,Shaft Coupling size 6,5,EA,409.0,2045.0,254.75,Price List B,2026-03-06,2026-03-07,5,Shipped,NIC-CUST0038-S1
SO-26337,1,A-20034,Shaft Coupling M10,5,EA,140.27,701.35,111.33,Price List C,2026-01-15,2026-01-15,5,Shipped,NIC-CUST0017-S1
SO-26337,2,A-20073,Machined Housing 1.500,1,EA,737.34,737.34,496.53000000000003,Price List C,2026-02-04,2026-02-07,1,Shipped,NIC-CUST0017-S1
SO-26337,3,A-20058,Shaft Coupling size 6,2,EA,387.48,774.96,254.75,Price List C,2026-01-30,2026-01-31,2,Shipped,NIC-CUST0017-S1
SO-26338,1,A-20110,Gearbox Sub-Assembly 2.000,5,EA,4055.26,20276.3,2979.18,Price List D,2025-08-12,2025-08-13,5,Shipped,NIC-CUST0037-S1
SO-26338,2,A-20038,Gearbox Sub-Assembly #80,1,EA,2572.18,2572.18,1997.97,Price List D,2025-08-12,2025-08-19,1,Shipped,NIC-CUST0037-S1
SO-26338,3,A-20030,Shaft Coupling M8,2,EA,223.49,446.98,176.98,Price List D,2025-08-22,2025-08-25,2,Shipped,NIC-CUST0037-S1
SO-26338,4,A-20087,Machined Housing M12,3,EA,507.98,1523.94,333.06,Price List D,2025-08-29,2025-08-30,3,Shipped,NIC-CUST0037-S1
SO-26338,5,A-20033,Shaft Coupling 2.000,5,EA,439.23,2196.15,328.62,Price List D,2025-08-27,2025-08-27,5,Shipped,NIC-CUST0037-S1
SO-26339,1,A-20034,Shaft Coupling M10,2,EA,148.07,296.14,111.33,Price List B,2026-03-29,2026-04-05,0,Open,NIC-CUST0029-S1
SO-26339,2,A-20101,Gearbox Sub-Assembly 5/8-11,1,EA,3417.55,3417.55,2382.4,Price List B,2026-04-07,2026-04-14,0,Open,NIC-CUST0029-S1
SO-26339,3,A-20036,Gearbox Sub-Assembly M10,1,EA,3917.71,3917.71,2945.65,Price List B,2026-04-02,2026-04-09,0,Open,NIC-CUST0029-S1
SO-26340,1,A-20065,Machined Housing M6,1,EA,929.19,929.19,798.0,Price List D,2025-09-07,2025-09-07,1,Shipped,NIC-CUST0003-S1
SO-26340,2,A-20110,Gearbox Sub-Assembly 2.000,5,EA,4055.26,20276.3,2979.18,Price List D,2025-09-05,2025-09-05,5,Shipped,NIC-CUST0003-S1
SO-26341,1,A-20039,Shaft Coupling 1.000,3,EA,617.57,1852.71,415.87,Price List C,2025-05-28,2025-05-31,3,Shipped,NIC-CUST0024-S1
SO-26341,2,A-20038,Gearbox Sub-Assembly #80,5,EA,2823.13,14115.65,1997.97,Price List C,2025-06-05,2025-06-05,5,Shipped,NIC-CUST0024-S1
SO-26342,1,A-20097,Machined Housing #80,5,EA,342.03,1710.15,246.81,Price List D,2025-06-09,2025-06-12,5,Shipped,NIC-CUST0008-S1
SO-26342,2,A-20053,Machined Housing #50,5,EA,764.38,3821.9,695.65,Price List D,2025-06-20,2025-06-21,5,Shipped,NIC-CUST0008-S1
SO-26343,1,A-20033,Shaft Coupling 2.000,1,EA,508.87,508.87,328.62,Price List B,2025-11-30,2025-11-30,1,Shipped,NIC-CUST0035-S1
SO-26344,1,A-20078,Machined Housing 3/8-16,1,EA,1275.6,1275.6,704.75,Price List A,2025-11-06,2025-11-06,1,Shipped,NIC-CUST0006-S1
SO-26344,2,A-20114,Shaft Coupling 3/8-16,1,EA,442.89,442.89,244.69,Price List A,2025-11-27,2025-11-30,1,Shipped,NIC-CUST0006-S1
SO-26344,3,A-20087,Machined Housing M12,5,EA,619.49,3097.45,333.06,Price List A,2025-11-30,2025-11-30,5,Shipped,NIC-CUST0006-S1
SO-26344,4,A-20039,Shaft Coupling 1.000,2,EA,686.19,1372.38,415.87,Price List A,2025-11-12,2025-11-12,2,Shipped,NIC-CUST0006-S1
SO-26345,1,A-20002,Gearbox Sub-Assembly 3/8-16,5,EA,2440.01,12200.05,1931.15,Price List B,2025-12-30,2025-12-30,5,Shipped,NIC-CUST0035-S1
SO-26345,2,A-20076,Gearbox Sub-Assembly 1.375,5,EA,1267.47,6337.35,721.1800000000001,Price List B,2025-12-29,2025-12-29,5,Shipped,NIC-CUST0035-S1
SO-26345,3,A-20065,Machined Housing M6,1,EA,1076.5,1076.5,798.0,Price List B,2026-01-01,2026-01-02,1,Shipped,NIC-CUST0035-S1
SO-26345,4,A-20114,Shaft Coupling 3/8-16,5,EA,420.75,2103.75,244.69,Price List B,2026-01-07,2026-01-07,5,Shipped,NIC-CUST0035-S1
SO-26345,5,A-20076,Gearbox Sub-Assembly 1.375,2,EA,1267.47,2534.94,721.1800000000001,Price List B,2025-12-25,2025-12-25,2,Shipped,NIC-CUST0035-S1
SO-26346,1,A-20090,Machined Housing 1.250,3,EA,1103.14,3309.42,821.3000000000001,Manual override,2026-03-20,2026-03-20,3,Shipped,NIC-CUST0024-S1
SO-26346,2,A-20043,Gearbox Sub-Assembly 1.000,2,EA,2081.52,4163.04,1336.88,Price List C,2026-03-30,2026-04-02,0,Open,NIC-CUST0024-S1
SO-26346,3,A-20003,Gearbox Sub-Assembly 2.000,3,EA,3021.66,9064.98,2450.66,Price List C,2026-03-28,2026-04-04,0,Open,NIC-CUST0024-S1
SO-26346,4,A-20039,Shaft Coupling 1.000,5,EA,617.57,3087.85,415.87,Price List C,2026-03-19,2026-03-19,5,Shipped,NIC-CUST0024-S1
SO-26346,5,A-20058,Shaft Coupling size 6,1,EA,371.98,371.98,254.75,Manual override,2026-03-12,2026-03-12,1,Shipped,NIC-CUST0024-S1
SO-26347,1,A-20020,Shaft Coupling 5/8-11,1,EA,588.91,588.91,316.62,Price List A,2026-04-09,2026-04-09,0,Open,NIC-CUST0021-S1
SO-26347,2,A-20082,Machined Housing #60,5,EA,1384.17,6920.85,841.44,Manual override,2026-04-15,2026-04-15,0,Open,NIC-CUST0021-S1
SO-26348,1,A-20061,Shaft Coupling 2.000,1,EA,238.54,238.54,175.52,Price List C,2025-10-10,2025-10-17,1,Shipped,NIC-CUST0031-S1
SO-26349,1,A-20002,Gearbox Sub-Assembly 3/8-16,2,EA,2440.01,4880.02,1931.15,Price List B,2026-03-04,2026-03-05,2,Shipped,NIC-CUST0026-S1
SO-26349,2,A-20002,Gearbox Sub-Assembly 3/8-16,1,EA,2440.01,2440.01,1931.15,Price List B,2026-03-17,2026-03-17,1,Shipped,NIC-CUST0026-S1
SO-26349,3,A-20110,Gearbox Sub-Assembly 2.000,5,EA,4698.17,23490.85,2979.18,Price List B,2026-02-25,2026-02-25,5,Shipped,NIC-CUST0026-S1
SO-26350,1,A-20090,Machined Housing 1.250,2,EA,1212.24,2424.48,821.3000000000001,Price List C,2026-02-17,2026-02-17,2,Shipped,NIC-CUST0025-S1
SO-26351,1,A-20076,Gearbox Sub-Assembly 1.375,1,EA,1200.76,1200.76,721.1800000000001,Price List C,2025-11-08,2025-11-08,1,Shipped,NIC-CUST0017-S1
SO-26351,2,A-20013,Shaft Coupling 5/8-11,3,EA,207.29,621.87,162.20000000000002,Price List C,2025-10-31,2025-10-31,3,Shipped,NIC-CUST0017-S1
SO-26351,3,A-20073,Machined Housing 1.500,3,EA,737.34,2212.02,496.53000000000003,Price List C,2025-11-02,2025-11-03,3,Shipped,NIC-CUST0017-S1
SO-26352,1,A-20053,Machined Housing #50,2,EA,932.17,1864.34,695.65,Price List A,2026-03-06,2026-03-13,2,Shipped,NIC-CUST0022-S1
SO-26353,1,A-20022,Machined Housing 1.500,1,EA,214.07,214.07,155.41,Price List B,2025-05-28,2025-06-04,1,Shipped,NIC-CUST0026-S1
SO-26353,2,A-20093,Gearbox Sub-Assembly M12,1,EA,3372.79,3372.79,2017.22,Price List B,2025-05-29,2025-06-01,1,Shipped,NIC-CUST0026-S1
SO-26353,3,A-20034,Shaft Coupling M10,1,EA,148.07,148.07,111.33,Price List B,2025-05-29,2025-06-05,1,Shipped,NIC-CUST0026-S1
SO-26353,4,A-20101,Gearbox Sub-Assembly 5/8-11,3,EA,3144.15,9432.45,2382.4,Manual override,2025-05-24,2025-05-24,0,Open,NIC-CUST0026-S1
SO-26353,5,A-20039,Shaft Coupling 1.000,1,EA,651.88,651.88,415.87,Price List B,2025-05-15,2025-05-18,1,Shipped,NIC-CUST0026-S1
SO-26354,1,A-20107,Gearbox Sub-Assembly M12,5,EA,3711.05,18555.25,2631.9500000000003,Price List A,2025-10-03,2025-10-03,5,Shipped,NIC-CUST0012-S1
SO-26354,2,A-20077,Machined Housing 1.250,1,EA,1296.27,1296.27,869.98,Price List A,2025-10-03,2025-10-03,0,Open,NIC-CUST0012-S1
SO-26354,3,A-20092,Gearbox Sub-Assembly 2.000,1,EA,2586.3,2586.3,1915.78,Price List A,2025-10-16,2025-10-16,1,Shipped,NIC-CUST0012-S1
SO-26354,4,A-20065,Machined Housing M6,2,EA,1133.16,2266.32,798.0,Price List A,2025-10-21,2025-10-21,2,Shipped,NIC-CUST0012-S1
SO-26354,5,A-20003,Gearbox Sub-Assembly 2.000,3,EA,3357.4,10072.2,2450.66,Price List A,2025-10-06,2025-10-07,3,Shipped,NIC-CUST0012-S1
SO-26355,1,A-20065,Machined Housing M6,1,EA,1076.5,1076.5,798.0,Price List B,2025-04-18,2025-04-21,1,Shipped,NIC-CUST0035-S1
SO-26355,2,A-20072,Machined Housing 1.250,3,EA,512.35,1537.05,402.48,Price List B,2025-05-01,2025-05-01,3,Shipped,NIC-CUST0035-S1
SO-26356,1,A-20022,Machined Housing 1.500,1,EA,214.07,214.07,155.41,Price List B,2025-10-13,2025-10-16,1,Shipped,NIC-CUST0010-S1
SO-26356,2,A-20013,Shaft Coupling 5/8-11,1,EA,218.8,218.8,162.20000000000002,Price List B,2025-10-07,2025-10-08,1,Shipped,NIC-CUST0010-S1
SO-26356,3,A-20036,Gearbox Sub-Assembly M10,1,EA,3917.71,3917.71,2945.65,Price List B,2025-09-30,2025-09-30,1,Shipped,NIC-CUST0010-S1
SO-26356,4,A-20031,Shaft Coupling M10,1,EA,223.99,223.99,128.84,Price List B,2025-10-11,2025-10-11,1,Shipped,NIC-CUST0010-S1
SO-26356,5,A-20040,Machined Housing #60,3,EA,298.58,895.74,210.93,Price List B,2025-10-08,2025-10-08,3,Shipped,NIC-CUST0010-S1
SO-26357,1,A-20082,Machined Housing #60,1,EA,1325.27,1325.27,841.44,Price List C,2026-03-21,2026-03-21,1,Shipped,NIC-CUST0034-S1
SO-26357,2,A-20020,Shaft Coupling 5/8-11,1,EA,530.02,530.02,316.62,Price List C,2026-04-08,2026-04-08,0,Open,NIC-CUST0034-S1
SO-26358,1,A-20038,Gearbox Sub-Assembly #80,1,EA,2979.97,2979.97,1997.97,Price List B,2025-10-13,2025-10-13,1,Shipped,NIC-CUST0029-S1
SO-26358,2,A-20082,Machined Housing #60,5,EA,1398.89,6994.45,841.44,Price List B,2025-09-21,2025-09-21,5,Shipped,NIC-CUST0029-S1
SO-26358,3,A-20038,Gearbox Sub-Assembly #80,1,EA,2979.97,2979.97,1997.97,Price List B,2025-09-25,2025-09-26,0,Backordered,NIC-CUST0029-S1
SO-26359,1,A-20093,Gearbox Sub-Assembly M12,3,EA,2503.68,7511.04,2017.22,Manual override,2025-04-18,2025-04-21,3,Shipped,NIC-CUST0040-S1
SO-26359,2,A-20053,Machined Housing #50,3,EA,671.16,2013.48,695.65,NIC-CPA020,2025-04-13,2025-04-13,3,Shipped,NIC-CUST0040-S1
SO-26360,1,A-20003,Gearbox Sub-Assembly 2.000,3,EA,3021.66,9064.98,2450.66,Price List C,2026-04-01,2026-04-01,0,Open,NIC-CUST0024-S1
SO-26360,2,A-20033,Shaft Coupling 2.000,3,EA,482.08,1446.24,328.62,Price List C,2026-04-06,2026-04-07,0,Open,NIC-CUST0024-S1
SO-26360,3,A-20087,Machined Housing M12,3,EA,557.54,1672.62,333.06,Price List C,2026-03-21,2026-03-21,3,Shipped,NIC-CUST0024-S1
SO-26361,1,A-20077,Machined Housing 1.250,1,EA,1062.94,1062.94,869.98,Price List D,2025-05-18,2025-05-21,1,Shipped,NIC-CUST0019-S1
SO-26361,2,A-20002,Gearbox Sub-Assembly 3/8-16,1,EA,2106.11,2106.11,1931.15,Price List D,2025-06-07,2025-06-07,1,Shipped,NIC-CUST0019-S1
SO-26361,3,A-20038,Gearbox Sub-Assembly #80,5,EA,2572.18,12860.9,1997.97,Price List D,2025-06-03,2025-06-03,5,Shipped,NIC-CUST0019-S1
SO-26361,4,A-20043,Gearbox Sub-Assembly 1.000,2,EA,1896.5,3793.0,1336.88,Price List D,2025-05-22,2025-05-23,2,Shipped,NIC-CUST0019-S1
SO-26362,1,A-20107,Gearbox Sub-Assembly M12,3,EA,3339.95,10019.85,2631.9500000000003,Price List C,2025-05-05,2025-05-06,3,Shipped,NIC-CUST0017-S1
SO-26362,2,A-20038,Gearbox Sub-Assembly #80,2,EA,2823.13,5646.26,1997.97,Price List C,2025-05-06,2025-05-06,2,Shipped,NIC-CUST0017-S1
SO-26362,3,A-20036,Gearbox Sub-Assembly M10,5,EA,3711.52,18557.6,2945.65,Price List C,2025-04-21,2025-04-24,5,Shipped,NIC-CUST0017-S1
SO-26362,4,A-20038,Gearbox Sub-Assembly #80,3,EA,2512.59,7537.77,1997.97,Manual override,2025-04-13,2025-04-20,3,Shipped,NIC-CUST0017-S1
SO-26363,1,A-20090,Machined Housing 1.250,1,EA,1104.48,1104.48,821.3000000000001,Price List D,2025-10-22,2025-10-25,1,Shipped,NIC-CUST0015-S1
SO-26363,2,A-20110,Gearbox Sub-Assembly 2.000,2,EA,4055.26,8110.52,2979.18,Price List D,2025-10-11,2025-10-11,2,Shipped,NIC-CUST0015-S1
SO-26363,3,A-20061,Shaft Coupling 2.000,1,EA,217.33,217.33,175.52,Price List D,2025-10-25,2025-10-25,1,Shipped,NIC-CUST0015-S1
SO-26363,4,A-20034,Shaft Coupling M10,5,EA,111.19,555.95,111.33,Manual override,2025-10-25,2025-11-01,5,Shipped,NIC-CUST0015-S1
SO-26363,5,A-20002,Gearbox Sub-Assembly 3/8-16,2,EA,2106.11,4212.22,1931.15,Price List D,2025-10-14,2025-10-14,0,Open,NIC-CUST0015-S1
SO-26364,1,A-20043,Gearbox Sub-Assembly 1.000,1,EA,1896.5,1896.5,1336.88,Price List D,2026-02-07,2026-02-07,0,Open,NIC-CUST0003-S1
SO-26365,1,A-20036,Gearbox Sub-Assembly M10,1,EA,3381.61,3381.61,2945.65,Price List D,2025-11-18,2025-11-18,1,Shipped,NIC-CUST0011-S1
SO-26366,1,A-20107,Gearbox Sub-Assembly M12,5,EA,3339.95,16699.75,2631.9500000000003,Price List C,2026-03-10,2026-03-10,0,Open,NIC-CUST0018-S1
SO-26367,1,A-20034,Shaft Coupling M10,1,EA,155.86,155.86,111.33,Price List A,2025-09-28,2025-09-29,1,Shipped,NIC-CUST0021-S1
SO-26368,1,A-20063,Gearbox Sub-Assembly 5/8-11,1,EA,1891.18,1891.18,1372.91,Price List B,2025-05-12,2025-05-13,1,Shipped,NIC-CUST0020-S1
SO-26368,2,A-20061,Shaft Coupling 2.000,1,EA,251.79,251.79,175.52,Price List B,2025-05-04,2025-05-04,1,Shipped,NIC-CUST0020-S1
SO-26368,3,A-20101,Gearbox Sub-Assembly 5/8-11,1,EA,3417.55,3417.55,2382.4,Price List B,2025-05-25,2025-05-25,1,Shipped,NIC-CUST0020-S1
SO-26369,1,A-20114,Shaft Coupling 3/8-16,5,EA,442.89,2214.45,244.69,Price List A,2026-01-15,2026-01-15,5,Shipped,NIC-CUST0022-S1
SO-26369,2,A-20078,Machined Housing 3/8-16,2,EA,1275.6,2551.2,704.75,Price List A,2026-01-25,2026-01-26,2,Shipped,NIC-CUST0022-S1
SO-26369,3,A-20097,Machined Housing #80,2,EA,417.11,834.22,246.81,Price List A,2026-01-15,2026-01-22,2,Shipped,NIC-CUST0022-S1
SO-26370,1,A-20072,Machined Housing 1.250,3,EA,442.24,1326.72,402.48,Price List D,2026-04-16,2026-04-17,0,Open,NIC-CUST0015-S1
SO-26371,1,A-20013,Shaft Coupling 5/8-11,3,EA,218.8,656.4,162.20000000000002,Price List B,2025-07-18,2025-07-18,0,Open,NIC-CUST0005-S1
SO-26371,2,A-20058,Shaft Coupling size 6,1,EA,409.0,409.0,254.75,Price List B,2025-07-02,2025-07-05,1,Shipped,NIC-CUST0005-S1
SO-26371,3,A-20002,Gearbox Sub-Assembly 3/8-16,2,EA,2440.01,4880.02,1931.15,Price List B,2025-07-04,2025-07-04,2,Shipped,NIC-CUST0005-S1
SO-26372,1,A-20073,Machined Housing 1.500,1,EA,671.8,671.8,496.53000000000003,Price List D,2026-04-19,2026-04-20,0,Open,NIC-CUST0036-S1
SO-26372,2,A-20107,Gearbox Sub-Assembly M12,2,EA,3043.06,6086.12,2631.9500000000003,Price List D,2026-04-04,2026-04-04,0,Open,NIC-CUST0036-S1
SO-26372,3,A-20077,Machined Housing 1.250,3,EA,1020.42,3061.26,869.98,Manual override,2026-04-06,2026-04-09,0,Open,NIC-CUST0036-S1
SO-26372,4,A-20107,Gearbox Sub-Assembly M12,5,EA,3043.06,15215.3,2631.9500000000003,Price List D,2026-04-15,2026-04-15,0,Backordered,NIC-CUST0036-S1
SO-26373,1,A-20039,Shaft Coupling 1.000,1,EA,562.68,562.68,415.87,Price List D,2026-01-18,2026-01-21,1,Shipped,NIC-CUST0009-S1
SO-26373,2,A-20077,Machined Housing 1.250,3,EA,1062.94,3188.82,869.98,Price List D,2026-01-08,2026-01-08,3,Shipped,NIC-CUST0009-S1
SO-26374,1,A-20107,Gearbox Sub-Assembly M12,1,EA,3043.06,3043.06,2631.9500000000003,Price List D,2025-07-19,2025-07-20,0,Backordered,NIC-CUST0011-S1
SO-26374,2,A-20073,Machined Housing 1.500,1,EA,671.8,671.8,496.53000000000003,Price List D,2025-07-10,2025-07-17,1,Shipped,NIC-CUST0011-S1
SO-26374,3,A-20070,Gearbox Sub-Assembly 1.000,2,EA,2638.4,5276.8,1739.22,Price List D,2025-07-12,2025-07-12,2,Shipped,NIC-CUST0011-S1
SO-26374,4,A-20092,Gearbox Sub-Assembly 2.000,3,EA,2120.77,6362.31,1915.78,Price List D,2025-07-15,2025-07-15,3,Shipped,NIC-CUST0011-S1
SO-26375,1,A-20031,Shaft Coupling M10,2,EA,223.99,447.98,128.84,Price List B,2025-10-23,2025-10-23,2,Shipped,NIC-CUST0020-S1
SO-26375,2,A-20092,Gearbox Sub-Assembly 2.000,3,EA,2456.99,7370.97,1915.78,Price List B,2025-10-24,2025-10-31,3,Shipped,NIC-CUST0020-S1
SO-26375,3,A-20022,Machined Housing 1.500,5,EA,214.07,1070.35,155.41,Price List B,2025-10-23,2025-10-23,5,Shipped,NIC-CUST0020-S1
SO-26375,4,A-20073,Machined Housing 1.500,5,EA,700.48,3502.4,496.53000000000003,Manual override,2025-11-04,2025-11-04,5,Shipped,NIC-CUST0020-S1
SO-26376,1,A-20022,Machined Housing 1.500,2,EA,202.81,405.62,155.41,Price List C,2026-03-23,2026-03-23,2,Shipped,NIC-CUST0034-S1
SO-26376,2,A-20039,Shaft Coupling 1.000,1,EA,561.99,561.99,415.87,Manual override,2026-04-14,2026-04-14,0,Backordered,NIC-CUST0034-S1
SO-26376,3,A-20043,Gearbox Sub-Assembly 1.000,1,EA,2081.52,2081.52,1336.88,Price List C,2026-04-06,2026-04-06,0,Open,NIC-CUST0034-S1
SO-26376,4,A-20003,Gearbox Sub-Assembly 2.000,3,EA,3021.66,9064.98,2450.66,Price List C,2026-04-01,2026-04-08,0,Open,NIC-CUST0034-S1
SO-26376,5,A-20040,Machined Housing #60,3,EA,282.86,848.58,210.93,Price List C,2026-04-18,2026-04-21,0,Open,NIC-CUST0034-S1
SO-26377,1,A-20082,Machined Housing #60,1,EA,1325.27,1325.27,841.44,Price List C,2025-05-24,2025-05-24,1,Shipped,NIC-CUST0025-S1
SO-26377,2,A-20097,Machined Housing #80,5,EA,375.4,1877.0,246.81,Price List C,2025-05-05,2025-05-06,5,Shipped,NIC-CUST0025-S1
SO-26377,3,A-20090,Machined Housing 1.250,5,EA,1212.24,6061.2,821.3000000000001,Price List C,2025-05-29,2025-06-01,5,Shipped,NIC-CUST0025-S1
SO-26378,1,A-20020,Shaft Coupling 5/8-11,3,EA,559.46,1678.38,316.62,Price List B,2025-11-21,2025-11-24,0,Open,NIC-CUST0035-S1
SO-26378,2,A-20013,Shaft Coupling 5/8-11,3,EA,218.8,656.4,162.20000000000002,Price List B,2025-11-12,2025-11-12,3,Shipped,NIC-CUST0035-S1
SO-26378,3,A-20114,Shaft Coupling 3/8-16,2,EA,420.75,841.5,244.69,Price List B,2025-11-18,2025-11-19,2,Shipped,NIC-CUST0035-S1
SO-26378,4,A-20036,Gearbox Sub-Assembly M10,1,EA,3917.71,3917.71,2945.65,Price List B,2025-11-12,2025-11-12,1,Shipped,NIC-CUST0035-S1
SO-26378,5,A-20002,Gearbox Sub-Assembly 3/8-16,3,EA,2440.01,7320.03,1931.15,Price List B,2025-11-13,2025-11-13,3,Shipped,NIC-CUST0035-S1
SO-26379,1,A-20076,Gearbox Sub-Assembly 1.375,5,EA,1094.03,5470.15,721.1800000000001,Price List D,2026-01-31,2026-02-01,5,Shipped,NIC-CUST0019-S1
SO-26379,2,A-20033,Shaft Coupling 2.000,3,EA,439.23,1317.69,328.62,Price List D,2026-02-07,2026-02-07,3,Shipped,NIC-CUST0019-S1
SO-26379,3,A-20030,Shaft Coupling M8,1,EA,223.49,223.49,176.98,Price List D,2026-02-11,2026-02-11,1,Shipped,NIC-CUST0019-S1
SO-26379,4,A-20040,Machined Housing #60,2,EA,257.72,515.44,210.93,Price List D,2026-02-07,2026-02-07,2,Shipped,NIC-CUST0019-S1
SO-26379,5,A-20070,Gearbox Sub-Assembly 1.000,1,EA,2638.4,2638.4,1739.22,Price List D,2026-02-19,2026-02-20,0,Open,NIC-CUST0019-S1
SO-26380,1,A-20030,Shaft Coupling M8,5,EA,223.49,1117.45,176.98,Price List D,2025-05-30,2025-05-30,5,Shipped,NIC-CUST0040-S1
SO-26380,2,A-20107,Gearbox Sub-Assembly M12,3,EA,3043.06,9129.18,2631.9500000000003,Price List D,2025-06-01,2025-06-02,3,Shipped,NIC-CUST0040-S1
SO-26380,3,A-20092,Gearbox Sub-Assembly 2.000,1,EA,2120.77,2120.77,1915.78,Price List D,2025-06-08,2025-06-11,1,Shipped,NIC-CUST0040-S1
SO-26380,4,A-20072,Machined Housing 1.250,5,EA,442.24,2211.2,402.48,Price List D,2025-05-26,2025-05-26,5,Shipped,NIC-CUST0040-S1
SO-26381,1,A-20039,Shaft Coupling 1.000,1,EA,651.88,651.88,415.87,Price List B,2025-07-21,2025-07-28,1,Shipped,NIC-CUST0029-S1
SO-26381,2,A-20107,Gearbox Sub-Assembly M12,2,EA,3525.5,7051.0,2631.9500000000003,Price List B,2025-08-03,2025-08-04,2,Shipped,NIC-CUST0029-S1
SO-26381,3,A-20013,Shaft Coupling 5/8-11,1,EA,218.8,218.8,162.20000000000002,Price List B,2025-08-01,2025-08-04,1,Shipped,NIC-CUST0029-S1
SO-26382,1,A-20092,Gearbox Sub-Assembly 2.000,1,EA,2586.3,2586.3,1915.78,Price List A,2025-10-27,2025-10-30,1,Shipped,NIC-CUST0023-S1
SO-26383,1,A-20031,Shaft Coupling M10,1,EA,212.2,212.2,128.84,Price List C,2026-02-09,2026-02-09,1,Shipped,NIC-CUST0001-S1
SO-26383,2,A-20038,Gearbox Sub-Assembly #80,2,EA,2823.13,5646.26,1997.97,Price List C,2026-02-22,2026-02-25,2,Shipped,NIC-CUST0001-S1
SO-26383,3,A-20053,Machined Housing #50,1,EA,838.95,838.95,695.65,Price List C,2026-02-04,2026-02-05,1,Shipped,NIC-CUST0001-S1
SO-26383,4,A-20070,Gearbox Sub-Assembly 1.000,5,EA,2895.8,14479.0,1739.22,Price List C,2026-02-19,2026-02-22,0,Open,NIC-CUST0001-S1
SO-26383,5,A-20070,Gearbox Sub-Assembly 1.000,1,EA,2895.8,2895.8,1739.22,Price List C,2026-01-27,2026-01-27,1,Shipped,NIC-CUST0001-S1
SO-26384,1,A-20065,Machined Housing M6,5,EA,1008.51,5042.55,798.0,Manual override,2025-08-01,2025-08-01,5,Shipped,NIC-CUST0033-S1
SO-26385,1,A-20002,Gearbox Sub-Assembly 3/8-16,2,EA,2568.43,5136.86,1931.15,Price List A,2026-01-28,2026-01-28,2,Shipped,NIC-CUST0006-S1
SO-26385,2,A-20110,Gearbox Sub-Assembly 2.000,1,EA,4945.44,4945.44,2979.18,Price List A,2026-01-27,2026-01-27,1,Shipped,NIC-CUST0006-S1
SO-26386,1,A-20043,Gearbox Sub-Assembly 1.000,1,EA,2197.16,2197.16,1336.88,Price List B,2026-01-06,2026-01-06,1,Shipped,NIC-CUST0005-S1
SO-26386,2,A-20065,Machined Housing M6,2,EA,1076.5,2153.0,798.0,Price List B,2026-01-16,2026-01-19,2,Shipped,NIC-CUST0005-S1
SO-26386,3,A-20101,Gearbox Sub-Assembly 5/8-11,1,EA,3417.55,3417.55,2382.4,Price List B,2025-12-28,2025-12-29,1,Shipped,NIC-CUST0005-S1
SO-26387,1,A-20039,Shaft Coupling 1.000,5,EA,686.19,3430.95,415.87,Price List A,2026-03-07,2026-03-07,0,Open,NIC-CUST0006-S1
SO-26387,2,A-20033,Shaft Coupling 2.000,5,EA,535.65,2678.25,328.62,Price List A,2026-03-24,2026-03-24,5,Shipped,NIC-CUST0006-S1
SO-26387,3,A-20022,Machined Housing 1.500,1,EA,225.34,225.34,155.41,Price List A,2026-03-24,2026-03-24,1,Shipped,NIC-CUST0006-S1
SO-26388,1,A-20072,Machined Housing 1.250,1,EA,485.39,485.39,402.48,Manual override,2025-04-22,2025-04-22,1,Shipped,NIC-CUST0021-S1
SO-26389,1,A-20022,Machined Housing 1.500,5,EA,173.69,868.45,155.41,Manual override,2025-11-27,2025-11-30,5,Shipped,NIC-CUST0040-S1
SO-26389,2,A-20058,Shaft Coupling size 6,1,EA,353.03,353.03,254.75,Price List D,2025-11-19,2025-11-22,1,Shipped,NIC-CUST0040-S1
SO-26390,1,A-20020,Shaft Coupling 5/8-11,3,EA,530.02,1590.06,316.62,Price List C,2026-02-01,2026-02-02,3,Shipped,NIC-CUST0017-S1
SO-26390,2,A-20114,Shaft Coupling 3/8-16,2,EA,398.6,797.2,244.69,Price List C,2026-02-12,2026-02-19,0,Open,NIC-CUST0017-S1
SO-26390,3,A-20065,Machined Housing M6,2,EA,968.85,1937.7,798.0,Manual override,2026-02-16,2026-02-19,2,Shipped,NIC-CUST0017-S1
SO-26390,4,A-20043,Gearbox Sub-Assembly 1.000,3,EA,2081.52,6244.56,1336.88,Price List C,2026-01-26,2026-01-27,3,Shipped,NIC-CUST0017-S1
SO-26391,1,A-20043,Gearbox Sub-Assembly 1.000,5,EA,1896.5,9482.5,1336.88,Price List D,2025-11-26,2025-11-29,5,Shipped,NIC-CUST0036-S1
SO-26391,2,A-20036,Gearbox Sub-Assembly M10,3,EA,3009.63,9028.89,2945.65,Manual override,2025-11-17,2025-11-24,3,Shipped,NIC-CUST0036-S1
SO-26392,1,A-20101,Gearbox Sub-Assembly 5/8-11,3,EA,3597.42,10792.26,2382.4,Price List A,2025-12-06,2025-12-07,3,Shipped,NIC-CUST0022-S1
SO-26392,2,A-20082,Machined Housing #60,3,EA,1472.52,4417.56,841.44,Price List A,2025-12-04,2025-12-07,3,Shipped,NIC-CUST0022-S1
SO-26392,3,A-20078,Machined Housing 3/8-16,1,EA,1275.6,1275.6,704.75,Price List A,2025-12-09,2025-12-12,1,Shipped,NIC-CUST0022-S1
SO-26393,1,A-20022,Machined Housing 1.500,3,EA,202.81,608.43,155.41,Price List C,2025-07-09,2025-07-09,3,Shipped,NIC-CUST0017-S1
SO-26393,2,A-20101,Gearbox Sub-Assembly 5/8-11,5,EA,3237.68,16188.4,2382.4,Price List C,2025-07-17,2025-07-17,5,Shipped,NIC-CUST0017-S1
SO-26393,3,A-20107,Gearbox Sub-Assembly M12,2,EA,3339.95,6679.9,2631.9500000000003,Price List C,2025-07-29,2025-08-05,2,Shipped,NIC-CUST0017-S1
SO-26393,4,A-20097,Machined Housing #80,5,EA,375.4,1877.0,246.81,Price List C,2025-07-15,2025-07-15,5,Shipped,NIC-CUST0017-S1
SO-26394,1,A-20022,Machined Housing 1.500,3,EA,184.78,554.34,155.41,Price List D,2026-04-03,2026-04-04,0,Open,NIC-CUST0008-S1
SO-26394,2,A-20030,Shaft Coupling M8,1,EA,223.49,223.49,176.98,Price List D,2026-03-17,2026-03-24,1,Shipped,NIC-CUST0008-S1
SO-26394,3,A-20101,Gearbox Sub-Assembly 5/8-11,2,EA,2949.88,5899.76,2382.4,Price List D,2026-04-08,2026-04-09,0,Backordered,NIC-CUST0008-S1
SO-26394,4,A-20076,Gearbox Sub-Assembly 1.375,2,EA,1094.03,2188.06,721.1800000000001,Price List D,2026-03-26,2026-03-29,0,Open,NIC-CUST0008-S1
SO-26394,5,A-20070,Gearbox Sub-Assembly 1.000,1,EA,2506.48,2506.48,1739.22,Manual override,2026-04-06,2026-04-13,0,Open,NIC-CUST0008-S1
SO-26395,1,A-20076,Gearbox Sub-Assembly 1.375,1,EA,1094.03,1094.03,721.1800000000001,Price List D,2025-10-17,2025-10-20,1,Shipped,NIC-CUST0008-S1
SO-26395,2,A-20053,Machined Housing #50,1,EA,764.38,764.38,695.65,Price List D,2025-10-08,2025-10-08,1,Shipped,NIC-CUST0008-S1
SO-26395,3,A-20070,Gearbox Sub-Assembly 1.000,5,EA,2638.4,13192.0,1739.22,Price List D,2025-10-25,2025-10-28,5,Shipped,NIC-CUST0008-S1
SO-26396,1,A-20030,Shaft Coupling M8,2,EA,258.92,517.84,176.98,Price List B,2025-10-22,2025-10-23,2,Shipped,NIC-CUST0005-S1
SO-26396,2,A-20053,Machined Housing #50,1,EA,885.56,885.56,695.65,Price List B,2025-10-05,2025-10-08,1,Shipped,NIC-CUST0005-S1
SO-26396,3,A-20077,Machined Housing 1.250,2,EA,1231.46,2462.92,869.98,Price List B,2025-10-29,2025-10-30,0,Open,NIC-CUST0005-S1
SO-26397,1,A-20020,Shaft Coupling 5/8-11,1,EA,559.46,559.46,316.62,Price List B,2026-01-25,2026-01-28,0,Open,NIC-CUST0005-S1
SO-26397,2,A-20078,Machined Housing 3/8-16,3,EA,1211.82,3635.46,704.75,Price List B,2026-02-12,2026-02-19,3,Shipped,NIC-CUST0005-S1
SO-26397,3,A-20063,Gearbox Sub-Assembly 5/8-11,2,EA,1891.18,3782.36,1372.91,Price List B,2026-01-29,2026-01-29,2,Shipped,NIC-CUST0005-S1
SO-26397,4,A-20003,Gearbox Sub-Assembly 2.000,1,EA,3189.53,3189.53,2450.66,Price List B,2026-01-24,2026-01-24,1,Shipped,NIC-CUST0005-S1
SO-26397,5,A-20036,Gearbox Sub-Assembly M10,1,EA,3330.05,3330.05,2945.65,Manual override,2026-02-01,2026-02-01,1,Shipped,NIC-CUST0005-S1
SO-26398,1,A-20013,Shaft Coupling 5/8-11,1,EA,218.8,218.8,162.20000000000002,Price List B,2025-09-26,2025-09-26,1,Shipped,NIC-CUST0035-S1
SO-26398,2,A-20020,Shaft Coupling 5/8-11,5,EA,559.46,2797.3,316.62,Price List B,2025-09-30,2025-09-30,5,Shipped,NIC-CUST0035-S1
SO-26398,3,A-20070,Gearbox Sub-Assembly 1.000,1,EA,3056.68,3056.68,1739.22,Price List B,2025-09-23,2025-09-24,1,Shipped,NIC-CUST0035-S1
SO-26399,1,A-20110,Gearbox Sub-Assembly 2.000,5,EA,4698.17,23490.85,2979.18,Price List B,2025-07-15,2025-07-15,5,Shipped,NIC-CUST0038-S1
SO-26399,2,A-20082,Machined Housing #60,5,EA,1398.89,6994.45,841.44,Price List B,2025-06-26,2025-06-26,5,Shipped,NIC-CUST0038-S1
SO-26400,1,A-20033,Shaft Coupling 2.000,1,EA,508.87,508.87,328.62,Price List B,2026-01-06,2026-01-07,1,Shipped,NIC-CUST0035-S1
SO-26400,2,A-20043,Gearbox Sub-Assembly 1.000,5,EA,2197.16,10985.8,1336.88,Price List B,2026-01-20,2026-01-21,5,Shipped,NIC-CUST0035-S1
SO-26400,3,A-20087,Machined Housing M12,3,EA,588.52,1765.56,333.06,Price List B,2026-01-15,2026-01-15,3,Shipped,NIC-CUST0035-S1
SO-26400,4,A-20078,Machined Housing 3/8-16,2,EA,1211.82,2423.64,704.75,Price List B,2026-01-10,2026-01-10,2,Shipped,NIC-CUST0035-S1
SO-26401,1,A-20082,Machined Housing #60,1,EA,1398.89,1398.89,841.44,Price List B,2026-02-12,2026-02-13,1,Shipped,NIC-CUST0010-S1
SO-26401,2,A-20072,Machined Housing 1.250,1,EA,512.35,512.35,402.48,Price List B,2026-02-08,2026-02-11,1,Shipped,NIC-CUST0010-S1
SO-26401,3,A-20077,Machined Housing 1.250,2,EA,1231.46,2462.92,869.98,Price List B,2026-01-18,2026-01-18,2,Shipped,NIC-CUST0010-S1
SO-26401,4,A-20092,Gearbox Sub-Assembly 2.000,2,EA,2456.99,4913.98,1915.78,Price List B,2026-01-30,2026-02-02,2,Shipped,NIC-CUST0010-S1
SO-26401,5,A-20107,Gearbox Sub-Assembly M12,5,EA,3525.5,17627.5,2631.9500000000003,Price List B,2026-01-28,2026-01-28,5,Shipped,NIC-CUST0010-S1
SO-26402,1,A-20022,Machined Housing 1.500,2,EA,196.05,392.1,155.41,Manual override,2026-04-15,2026-04-16,0,Open,NIC-CUST0033-S1
SO-26403,1,A-20107,Gearbox Sub-Assembly M12,1,EA,2617.03,2617.03,2631.9500000000003,Manual override,2025-11-20,2025-11-20,1,Shipped,NIC-CUST0003-S1
SO-26403,2,A-20002,Gearbox Sub-Assembly 3/8-16,1,EA,2106.11,2106.11,1931.15,Price List D,2025-11-08,2025-11-08,1,Shipped,NIC-CUST0003-S1
SO-26403,3,A-20002,Gearbox Sub-Assembly 3/8-16,3,EA,2106.11,6318.33,1931.15,Price List D,2025-11-22,2025-11-22,3,Shipped,NIC-CUST0003-S1
SO-26403,4,A-20107,Gearbox Sub-Assembly M12,1,EA,2677.89,2677.89,2631.9500000000003,Manual override,2025-11-18,2025-11-18,1,Shipped,NIC-CUST0003-S1
SO-26403,5,A-20038,Gearbox Sub-Assembly #80,2,EA,2572.18,5144.36,1997.97,Price List D,2025-11-26,2025-11-26,2,Shipped,NIC-CUST0003-S1
SO-26404,1,A-20107,Gearbox Sub-Assembly M12,3,EA,3043.06,9129.18,2631.9500000000003,Price List D,2025-10-31,2025-10-31,3,Shipped,NIC-CUST0011-S1
SO-26404,2,A-20043,Gearbox Sub-Assembly 1.000,3,EA,1896.5,5689.5,1336.88,Price List D,2025-10-23,2025-10-24,3,Shipped,NIC-CUST0011-S1
SO-26404,3,A-20063,Gearbox Sub-Assembly 5/8-11,3,EA,1632.39,4897.17,1372.91,Price List D,2025-10-31,2025-10-31,3,Shipped,NIC-CUST0011-S1
SO-26404,4,A-20077,Machined Housing 1.250,1,EA,1062.94,1062.94,869.98,Price List D,2025-10-17,2025-10-17,1,Shipped,NIC-CUST0011-S1
SO-26404,5,A-20077,Machined Housing 1.250,3,EA,1062.94,3188.82,869.98,Price List D,2025-10-23,2025-10-23,3,Shipped,NIC-CUST0011-S1
SO-26405,1,A-20031,Shaft Coupling M10,5,EA,193.34,966.7,128.84,Price List D,2025-05-15,2025-05-15,5,Shipped,NIC-CUST0008-S1
SO-26406,1,A-20020,Shaft Coupling 5/8-11,5,EA,530.02,2650.1,316.62,Price List C,2025-09-18,2025-09-25,5,Shipped,NIC-CUST0017-S1
SO-26407,1,A-20034,Shaft Coupling M10,1,EA,148.07,148.07,111.33,Price List B,2025-10-12,2025-10-12,1,Shipped,NIC-CUST0035-S1
SO-26407,2,A-20072,Machined Housing 1.250,3,EA,512.35,1537.05,402.48,Price List B,2025-10-11,2025-10-18,3,Shipped,NIC-CUST0035-S1
SO-26407,3,A-20063,Gearbox Sub-Assembly 5/8-11,2,EA,1891.18,3782.36,1372.91,Price List B,2025-10-16,2025-10-16,0,Open,NIC-CUST0035-S1
SO-26407,4,A-20073,Machined Housing 1.500,1,EA,778.31,778.31,496.53000000000003,Price List B,2025-10-29,2025-10-29,1,Shipped,NIC-CUST0035-S1
SO-26408,1,A-20020,Shaft Coupling 5/8-11,3,EA,477.02,1431.06,316.62,Manual override,2026-02-13,2026-02-13,3,Shipped,NIC-CUST0001-S1
SO-26409,1,A-20092,Gearbox Sub-Assembly 2.000,2,EA,2586.3,5172.6,1915.78,Price List A,2025-11-09,2025-11-10,2,Shipped,NIC-CUST0033-S1
SO-26409,2,A-20043,Gearbox Sub-Assembly 1.000,1,EA,2312.8,2312.8,1336.88,Price List A,2025-10-31,2025-10-31,1,Shipped,NIC-CUST0033-S1
SO-26409,3,A-20040,Machined Housing #60,5,EA,314.29,1571.45,210.93,Price List A,2025-10-30,2025-11-06,5,Shipped,NIC-CUST0033-S1
SO-26409,4,A-20038,Gearbox Sub-Assembly #80,3,EA,3136.81,9410.43,1997.97,Price List A,2025-11-07,2025-11-07,3,Shipped,NIC-CUST0033-S1
SO-26410,1,A-20090,Machined Housing 1.250,1,EA,1212.24,1212.24,821.3000000000001,Price List C,2025-04-28,2025-04-28,1,Shipped,NIC-CUST0018-S1
SO-26410,2,A-20053,Machined Housing #50,5,EA,838.95,4194.75,695.65,Price List C,2025-05-05,2025-05-06,5,Shipped,NIC-CUST0018-S1
SO-26410,3,A-20003,Gearbox Sub-Assembly 2.000,5,EA,2585.2,12926.0,2450.66,NIC-CPA014,2025-04-19,2025-04-19,0,Backordered,NIC-CUST0018-S1
SO-26410,4,A-20110,Gearbox Sub-Assembly 2.000,5,EA,3961.3,19806.5,2979.18,Manual override,2025-04-22,2025-04-29,5,Shipped,NIC-CUST0018-S1
SO-26410,5,A-20022,Machined Housing 1.500,1,EA,202.81,202.81,155.41,Price List C,2025-05-05,2025-05-08,0,Open,NIC-CUST0018-S1
SO-26411,1,A-20036,Gearbox Sub-Assembly M10,5,EA,3381.61,16908.05,2945.65,Price List D,2025-11-06,2025-11-09,5,Shipped,NIC-CUST0003-S1
SO-26411,2,A-20078,Machined Housing 3/8-16,1,EA,1045.99,1045.99,704.75,Price List D,2025-11-05,2025-11-12,0,Open,NIC-CUST0003-S1
SO-26411,3,A-20097,Machined Housing #80,1,EA,342.03,342.03,246.81,Price List D,2025-11-06,2025-11-09,1,Shipped,NIC-CUST0003-S1
SO-26411,4,A-20114,Shaft Coupling 3/8-16,1,EA,363.17,363.17,244.69,Price List D,2025-10-18,2025-10-25,1,Shipped,NIC-CUST0003-S1
SO-26411,5,A-20053,Machined Housing #50,2,EA,764.38,1528.76,695.65,Price List D,2025-11-08,2025-11-08,2,Shipped,NIC-CUST0003-S1
SO-26412,1,A-20061,Shaft Coupling 2.000,2,EA,265.04,530.08,175.52,Price List A,2026-01-31,2026-01-31,2,Shipped,NIC-CUST0022-S1
SO-26412,2,A-20090,Machined Housing 1.250,1,EA,1346.93,1346.93,821.3000000000001,Price List A,2026-01-11,2026-01-11,1,Shipped,NIC-CUST0022-S1
SO-26413,1,A-20003,Gearbox Sub-Assembly 2.000,1,EA,2753.07,2753.07,2450.66,Price List D,2025-11-27,2025-11-27,1,Shipped,NIC-CUST0009-S1
SO-26413,2,A-20036,Gearbox Sub-Assembly M10,5,EA,3381.61,16908.05,2945.65,Price List D,2025-11-28,2025-12-05,5,Shipped,NIC-CUST0009-S1
SO-26413,3,A-20020,Shaft Coupling 5/8-11,3,EA,482.91,1448.73,316.62,Price List D,2025-11-11,2025-11-11,3,Shipped,NIC-CUST0009-S1
SO-26413,4,A-20107,Gearbox Sub-Assembly M12,5,EA,3043.06,15215.3,2631.9500000000003,Price List D,2025-11-24,2025-11-27,5,Shipped,NIC-CUST0009-S1
SO-26413,5,A-20043,Gearbox Sub-Assembly 1.000,2,EA,1896.5,3793.0,1336.88,Price List D,2025-11-15,2025-11-15,2,Shipped,NIC-CUST0009-S1
SO-26414,1,A-20038,Gearbox Sub-Assembly #80,5,EA,2979.97,14899.85,1997.97,Price List B,2026-01-05,2026-01-12,5,Shipped,NIC-CUST0005-S1
SO-26414,2,A-20003,Gearbox Sub-Assembly 2.000,3,EA,3189.53,9568.59,2450.66,Price List B,2026-01-18,2026-01-19,3,Shipped,NIC-CUST0005-S1
SO-26414,3,A-20077,Machined Housing 1.250,1,EA,1231.46,1231.46,869.98,Price List B,2026-01-08,2026-01-15,1,Shipped,NIC-CUST0005-S1
SO-26414,4,A-20058,Shaft Coupling size 6,5,EA,409.0,2045.0,254.75,Price List B,2026-01-16,2026-01-16,5,Shipped,NIC-CUST0005-S1
SO-26414,5,A-20070,Gearbox Sub-Assembly 1.000,1,EA,3056.68,3056.68,1739.22,Price List B,2026-01-21,2026-01-21,1,Shipped,NIC-CUST0005-S1
SO-26415,1,A-20065,Machined Housing M6,3,EA,929.19,2787.57,798.0,Price List D,2026-03-05,2026-03-12,3,Shipped,NIC-CUST0015-S1
SO-26416,1,A-20065,Machined Housing M6,5,EA,1019.84,5099.2,798.0,Price List C,2026-03-12,2026-03-15,5,Shipped,NIC-CUST0018-S1
SO-26416,2,A-20058,Shaft Coupling size 6,1,EA,387.48,387.48,254.75,Price List C,2026-03-19,2026-03-22,1,Shipped,NIC-CUST0018-S1
SO-26416,3,A-20058,Shaft Coupling size 6,3,EA,387.48,1162.44,254.75,Price List C,2026-03-04,2026-03-04,3,Shipped,NIC-CUST0018-S1
SO-26416,4,A-20072,Machined Housing 1.250,1,EA,485.39,485.39,402.48,Price List C,2026-03-06,2026-03-09,1,Shipped,NIC-CUST0018-S1
SO-26417,1,A-20092,Gearbox Sub-Assembly 2.000,2,EA,2120.77,4241.54,1915.78,Price List D,2025-09-27,2025-09-30,2,Shipped,NIC-CUST0036-S1
SO-26417,2,A-20097,Machined Housing #80,5,EA,342.03,1710.15,246.81,Price List D,2025-10-02,2025-10-09,5,Shipped,NIC-CUST0036-S1
SO-26418,1,A-20002,Gearbox Sub-Assembly 3/8-16,1,EA,2440.01,2440.01,1931.15,Price List B,2025-06-13,2025-06-14,1,Shipped,NIC-CUST0026-S1
SO-26418,2,A-20022,Machined Housing 1.500,5,EA,214.07,1070.35,155.41,Price List B,2025-06-02,2025-06-03,5,Shipped,NIC-CUST0026-S1
SO-26419,1,A-20030,Shaft Coupling M8,3,EA,245.3,735.9,176.98,Price List C,2025-06-20,2025-06-20,3,Shipped,NIC-CUST0031-S1
SO-26419,2,A-20101,Gearbox Sub-Assembly 5/8-11,2,EA,3237.68,6475.36,2382.4,Price List C,2025-06-25,2025-07-02,2,Shipped,NIC-CUST0031-S1
SO-26419,3,A-20073,Machined Housing 1.500,5,EA,693.1,3465.5,496.53000000000003,Manual override,2025-06-12,2025-06-12,5,Shipped,NIC-CUST0031-S1
SO-26420,1,A-20114,Shaft Coupling 3/8-16,3,EA,398.6,1195.8,244.69,Price List C,2025-09-07,2025-09-07,3,Shipped,NIC-CUST0017-S1
SO-26420,2,A-20002,Gearbox Sub-Assembly 3/8-16,1,EA,2311.59,2311.59,1931.15,Price List C,2025-08-25,2025-09-01,1,Shipped,NIC-CUST0017-S1
