Journal Id,Posting Date,Period,Account Number,Account Name,Debit,Credit,Memo,Source Module,Reference
JE-000800,2025-04-15,2025-04,1100,Accounts Receivable,7834.0,0,Invoice INV-60169,AR,INV-60169
JE-000801,2025-04-15,2025-04,4010,Product Sales - Distributed,0,7834.0,Invoice INV-60169,AR,INV-60169
JE-000802,2025-04-15,2025-04,5000,COGS - Materials,4764.0,0,COGS,AR,INV-60169
JE-000803,2025-04-15,2025-04,1230,Inventory - Purchased for Resale,0,4764.0,Inventory relief,AR,INV-60169
JE-003693,2025-04-20,2025-04,2050,GR/IR Clearing (Received Not Invoiced),4854.64,0,Supplier inv 6779292,AP,6779292
JE-003694,2025-04-20,2025-04,5300,Freight In,80.44,0,Freight in,AP,6779292
JE-003695,2025-04-20,2025-04,2000,Accounts Payable,0,4935.08,Supplier inv 6779292,AP,6779292
JE-004282,2025-04-20,2025-04,1230,Inventory - Purchased for Resale,4854.64,0,PO receipt PO-31267,INV,RCV-40258
JE-004283,2025-04-20,2025-04,2050,GR/IR Clearing (Received Not Invoiced),0,4854.64,PO receipt PO-31267,INV,RCV-40258
JE-002029,2025-04-21,2025-04,1100,Accounts Receivable,19.48,0,Invoice INV-60427,AR,INV-60427
JE-002030,21-Apr-2025,2025-04,4010,Product Sales - Distributed,0,4.0,Invoice INV-60427,AR,INV-60427
JE-002031,2025-04-21,2025-04,4100,Freight Revenue,0,15.48,Freight billed,AR,INV-60427
JE-002032,2025-04-21,2025-04,5000,COGS - Materials,3.55,0,COGS,AR,INV-60427
JE-002033,2025-04-21,2025-04,1230,Inventory - Purchased for Resale,0,3.55,Inventory relief,AR,INV-60427
JE-002285,2025-04-21,2025-04,1100,Accounts Receivable,9214.75,0,Invoice INV-60482,AR,INV-60482
JE-002286,2025-04-21,2025-04,4010,Product Sales - Distributed,0,9214.75,Invoice INV-60482,AR,INV-60482
JE-002287,2025-04-21,2025-04,5000,COGS - Materials,8386.2,0,COGS,AR,INV-60482
JE-002288,2025-04-21,2025-04,1230,Inventory - Purchased for Resale,0,8386.2,Inventory relief,AR,INV-60482
JE-000397,2025-04-23,2025-04,1100,Accounts Receivable,402.17,0,Invoice INV-60084,AR,INV-60084
JE-000398,2025-04-23,2025-04 ,4010,Product Sales - Distributed,0,374.98,Invoice INV-60084,AR,INV-60084
JE-000399,2025-04-23,2025-04,2100,Accrued Expenses,0,27.19,Sales tax payable,AR,INV-60084
JE-000400,2025-04-23,2025-04,5000,COGS - Materials,231.03,0,COGS,AR,INV-60084
JE-000401,2025-04-23,2025-04,1230,Inventory - Purchased for Resale,0,231.03,Inventory relief,AR,INV-60084
JE-000512,2025-04-23,2025-04,1100,Accounts Receivable,3786.94,0,Invoice INV-60109,AR,INV-60109
JE-000513,2025-04-23,2025-04,4010,Product Sales - Distributed,0,3147.0,Invoice INV-60109,AR,INV-60109 
JE-000514,2025-04-23,2025-04,4100,Freight Revenue,0,639.94,Freight billed,AR,INV-60109
JE-000515,04/23/2025,2025-04,5000,COGS - Materials,2320.34,0,COGS,AR,INV-60109
JE-000516,2025-04-23,2025-04,1230,Inventory - Purchased for Resale,0,2320.34,Inventory relief,AR,INV-60109
JE-000867,04/23/25,2025-04,1100,Accounts Receivable,27239.42,0,Invoice INV-60183,AR,INV-60183
JE-000868,2025-04-23,2025-04,4010,Product Sales - Distributed,0,26949.53,Invoice INV-60183,AR,INV-60183 
JE-000869,2025-04-23,2025-04 ,4100,Freight Revenue,0,289.89,Freight billed,AR,INV-60183 
JE-000870,2025-04-23,2025-04,5000,COGS - Materials,17826.59,0,COGS,AR ,INV-60183
JE-000871,2025-04-23,2025-04,1230,Inventory - Purchased for Resale,0,17826.59,Inventory relief,AR,INV-60183
JE-000377,2025-04-25,2025-04,1100,Accounts Receivable,14253.3,0,Invoice INV-60080,AR,INV-60080
JE-000378,04/25/25,2025-04,4010,Product Sales - Distributed,0,13358.11,Invoice INV-60080,AR,INV-60080
JE-000379,2025-04-25,2025-04,4100,Freight Revenue,0,895.19,Freight billed,AR,INV-60080
JE-000380,2025-04-25,2025-04,5000,COGS - Materials,9904.94,0,COGS,AR,INV-60080
JE-000381,2025-04-25,2025-04,1230,Inventory - Purchased for Resale,0,9904.94,Inventory relief,AR,INV-60080
JE-001657,2025-04-25,2025-04,1100,Accounts Receivable,213.58,0,Invoice INV-60348,AR,INV-60348
JE-001658,2025-04-25,2025-04,4010,Product Sales - Distributed,0,199.14,Invoice INV-60348,AR,INV-60348
JE-001659,25-Apr-2025,2025-04,2100,Accrued Expenses,0,14.44,Sales tax payable,AR,INV-60348
JE-001660,2025-04-25,2025-04,5000,COGS - Materials,135.75,0,COGS,AR,INV-60348
JE-001661,2025-04-25,2025-04,1230,Inventory - Purchased for Resale,0,135.75,Inventory relief,AR,INV-60348
JE-003960,2025-04-25,2025-04,1230,Inventory - Purchased for Resale,29299.4,0,PO receipt PO-31099,INV,RCV-40097
JE-003961,2025-04-25,2025-04,2050,GR/IR Clearing (Received Not Invoiced),0,29299.4,PO receipt PO-31099,INV,RCV-40097
JE-000228,2025-04-26,2025-04,1100,Accounts Receivable,14401.66,0,Invoice INV-60049,AR,INV-60049
JE-000229,2025-04-26,2025-04,4010,Product Sales - Distributed,0,11301.09,Invoice INV-60049,AR,INV-60049
JE-000230,"Apr 26, 2025",2025-04,4100 ,Freight Revenue,0,2281.24,Freight billed,AR,INV-60049
JE-000231,04/26/2025,2025-04,2100,Accrued Expenses,0,819.33,Sales tax payable,AR,INV-60049
JE-000232,2025-04-26,2025-04,5000,COGS - Materials,7565.61,0,COGS,AR ,INV-60049
JE-000233,"Apr 26, 2025",2025-04,1230,Inventory - Purchased for Resale,0,7565.61,Inventory relief,AR,INV-60049
JE-001890,04/26/25,2025-04,1100,Accounts Receivable,12012.03,0,Invoice INV-60397,AR,INV-60397
JE-001891,2025-04-26,2025-04,4010,Product Sales - Distributed,0,11440.78,Invoice INV-60397,AR,INV-60397
JE-001892,2025-04-26,2025-04,4100,Freight Revenue,0,571.25,Freight billed,AR,INV-60397
JE-001893,2025-04-26,2025-04,5000,COGS - Materials,7761.0,0,COGS,AR,INV-60397
JE-001894,2025-04-26,2025-04,1230,Inventory - Purchased for Resale,0,7761.0,Inventory relief,AR,INV-60397
JE-003792,2025-04-26,2025-04 ,1230,Inventory - Purchased for Resale,161669.34,0,PO receipt PO-31013,INV,RCV-40013
JE-003793,2025-04-26,2025-04,2050,GR/IR Clearing (Received Not Invoiced),0,161669.34,PO receipt PO-31013,INV,RCV-40013
JE-004294,2025-04-28,2025-04 ,1230,Inventory - Purchased for Resale ,6444.0,0,PO receipt PO-31274,INV,RCV-40264
JE-004295,2025-04-28,2025-04,2050,GR/IR Clearing (Received Not Invoiced),0,6444.0,PO receipt PO-31274,INV,RCV-40264
JE-003976,2025-04-29,2025-04,1230,Inventory - Purchased for Resale,12877.8,0,PO receipt PO-31107,INV,RCV-40105
JE-003977 ,2025-04-29,2025-04,2050,GR/IR Clearing (Received Not Invoiced),0,12877.8,PO receipt PO-31107,INV,RCV-40105
JE-004178,2025-04-30,2025-04,1230,Inventory - Purchased for Resale,1306625.14,0,PO receipt PO-31211,INV,RCV-40206
JE-004179,"Apr 30, 2025",2025-04,2050,GR/IR Clearing (Received Not Invoiced),0,1306625.14,PO receipt PO-31211,INV,RCV-40206
JE-004362,2025-04-30,2025-04,6700,Office & Supplies,3096.64,0,GRAINGER,AP,KBD-AP00009
JE-004363,"Apr 30, 2025",2025-04,2000,Accounts Payable,0,3096.64,GRAINGER,AP,KBD-AP00009
JE-004382,2025-04-30,2025-04,6700,Office & Supplies,2020.96,0,Cintas Corp #472,AP,KBD-AP00019
JE-004383,2025-04-30,2025-04,2000,Accounts Payable,0,2020.96,Cintas Corp #472,AP,KBD-AP00019
JE-004396,2025-04-30,2025-04,6700,Office & Supplies,3004.63,0,STAPLES BUS ADV,AP,KBD-AP00026
JE-004397,2025-04-30,2025-04,2000,Accounts Payable,0,3004.63,STAPLES BUS ADV,AP,KBD-AP00026
JE-004414,2025-04-30,2025-04,5300,Freight In,13.82,0,FEDEX,AP,KBD-AP00035
JE-004415,2025-04-30,2025-04,2000,Accounts Payable,0,13.82,FEDEX,AP,KBD-AP00035
JE-004436,2025-04-30,2025-04,6300,Rent,14200,0,Allentown Industrial Park LLC,AP,KBD-AP00046
JE-004437,04/30/2025,2025-04,2000,Accounts Payable,0,14200,Allentown Industrial Park LLC,AP,KBD-AP00046 
JE-004460,2025-04-30,2025-04,6400,Software Subscriptions,9000.0,0,NetSuite,AP,SW-NETSUI
JE-004461,2025-04-30,2025-04,2000,Accounts Payable,0,9000.0,NetSuite,AP,SW-NETSUI
JE-004484,2025-04-30,2025-04,6400,Software Subscriptions,1725.0,0,Autodesk Inventor,AP,SW-AUTODE
JE-004485,2025-04-30,2025-04,2000,Accounts Payable,0,1725.0,Autodesk Inventor,AP,SW-AUTODE
JE-004508,2025-04-30,2025-04,6400,Software Subscriptions,400.0,0,uniPoint QMS,AP,SW-UNIPOI
JE-004509,2025-04-30,2025-04,2000,Accounts Payable,0,400.0,uniPoint QMS,AP,SW-UNIPOI
JE-004532,2025-04-30,2025-04,6400,Software Subscriptions,787.5,0,Microsoft 365 Business Standard,AP,SW-MICROS 
JE-004533,2025-04-30,2025-04,2000,Accounts Payable,0,787.5,Microsoft 365 Business Standard,AP,SW-MICROS
JE-004556,2025-04-30,2025-04,6400,Software Subscriptions,1980.0,0,Paycom,AP,SW-PAYCOM
JE-004557,2025-04-30,2025-04,2000,Accounts Payable,0,1980.0,Paycom,AP,SW-PAYCOM
JE-004580,2025-04-30,2025-04,6400,Software Subscriptions,1200.0,0,ShipStation,AP,SW-SHIPST
JE-004581,30-Apr-2025,2025-04,2000,Accounts Payable,0,1200.0,ShipStation,AP,SW-SHIPST
JE-004604,2025-04-30,2025-04,6400,Software Subscriptions,720.0,0,HubSpot Sales Hub,AP,SW-HUBSPO
JE-004605,"Apr 30, 2025",2025-04,2000,Accounts Payable,0,720.0,HubSpot Sales Hub,AP,SW-HUBSPO
JE-004628,2025-04-30,2025-04,6400,Software Subscriptions,567.0,0,Expensify ,AP,SW-EXPENS
JE-004629,30-Apr-2025,2025-04,2000,Accounts Payable,0,567.0,Expensify,AP,SW-EXPENS 
JE-004652,2025-04-30,2025-04 ,6400,Software Subscriptions,880.0,0,Dropbox Business,AP ,SW-DROPBO
JE-004653,2025-04-30,2025-04,2000,Accounts Payable,0,880.0,Dropbox Business,AP,SW-DROPBO
JE-004676,2025-04-30,2025-04,6400,Software Subscriptions,630.0,0,Zoom Workplace,AP,SW-ZOOMW
JE-004677,2025-04-30,2025-04,2000,Accounts Payable,0,630.0,Zoom Workplace,AP,SW-ZOOMW
JE-004700,2025-04-30,2025-04 ,6400,Software Subscriptions,392.0,0,8x8 Work,AP,SW-8X8WO
JE-004701,2025-04-30,2025-04,2000,Accounts Payable,0,392.0,8x8 Work,AP,SW-8X8WO
JE-004724,"Apr 30, 2025",2025-04,6000,Salaries & Wages,346465.1,0,Monthly payroll,PR,PR-202504
JE-004725,2025-04-30,2025-04,2300,Payroll Liabilities,0,346465.1,Monthly payroll,PR,PR-202504
JE-003327,05/01/25,2025-05,2050,GR/IR Clearing (Received Not Invoiced),29299.4,0,Supplier inv 98341182,AP,98341182
JE-003328,2025-05-01,2025-05,5300,Freight In,166.47,0,Freight in,AP,98341182
JE-003329,05/01/2025,2025-05,2000,Accounts Payable,0,29465.87,Supplier inv 98341182,AP,98341182
JE-003347,2025-05-02,2025-05,2050,GR/IR Clearing (Received Not Invoiced),13263.9,0,Supplier inv 99749431,AP,99749431
JE-003348,2025-05-02,2025-05,2000,Accounts Payable,0,13263.9,Supplier inv 99749431,AP,99749431
JE-003140,2025-05-03,2025-05,2050,GR/IR Clearing (Received Not Invoiced),161669.34,0,Supplier inv 3069796,AP,3069796
JE-003141 ,2025-05-03,2025-05,2000,Accounts Payable,0,161669.34,Supplier inv 3069796,AP,3069796
JE-003707,2025-05-03,2025-05,2050,GR/IR Clearing (Received Not Invoiced),6444.0,0,Supplier inv INV5400499,AP,INV5400499
JE-003708,2025-05-03,2025-05,5300,Freight In,68.55,0,Freight in,AP,INV5400499
JE-003709,2025-05-03,2025-05,2000,Accounts Payable,0,6512.55,Supplier inv INV5400499,AP,INV5400499
JE-000637,2025-05-04,2025-05,1100,Accounts Receivable,1482.1,0,Invoice INV-60135,AR,INV-60135
JE-000638,2025-05-04,2025-05,4010,Product Sales - Distributed,0,1381.91,Invoice INV-60135,AR,INV-60135
JE-000639,2025-05-04,2025-05,2100,Accrued Expenses,0,100.19,Sales tax payable,AR,INV-60135
JE-000640,2025-05-04,2025-05,5000,COGS - Materials,909.15,0,COGS,AR,INV-60135
JE-000641,2025-05-04,2025-05,1230,Inventory - Purchased for Resale,0,909.15,Inventory relief,AR,INV-60135
JE-001927,2025-05-04,2025-05,1100,Accounts Receivable,10777.01,0,Invoice INV-60405,AR,INV-60405
JE-001928,2025-05-04,2025-05,4010,Product Sales - Distributed,0,10777.01,Invoice INV-60405,AR,INV-60405
JE-001929,2025-05-04,2025-05,5000,COGS - Materials,7042.96,0,COGS,AR,INV-60405
JE-001930,2025-05-04,2025-05,1230,Inventory - Purchased for Resale,0,7042.96,Inventory relief,AR ,INV-60405
JE-000267,2025-05-05,2025-05,1100,Accounts Receivable,19306.22,0,Invoice INV-60057,AR,INV-60057
JE-000268,2025-05-05,2025-05,4010,Product Sales - Distributed,0,17612.62,Invoice INV-60057,AR,INV-60057 
JE-000269,2025-05-05,2025-05,4100,Freight Revenue,0,416.69,Freight billed,AR,INV-60057
JE-000270,2025-05-05,2025-05,2100,Accrued Expenses,0,1276.91,Sales tax payable,AR,INV-60057
JE-000271,2025-05-05,2025-05,5000,COGS - Materials,11492.98,0,COGS,AR,INV-60057
JE-000272,2025-05-05,2025-05,1230,Inventory - Purchased for Resale,0,11492.98,Inventory relief,AR,INV-60057
JE-001752,2025-05-05,2025-05,1100,Accounts Receivable,244.78,0,Invoice INV-60368,AR,INV-60368
JE-001753,2025-05-05,2025-05,4010,Product Sales - Distributed,0,244.78,Invoice INV-60368,AR,INV-60368
JE-001754,05/05/25,2025-05,5000,COGS - Materials,145.12,0,COGS,AR,INV-60368
JE-001755,2025-05-05,2025-05,1230,Inventory - Purchased for Resale,0,145.12,Inventory relief,AR,INV-60368
JE-003575,2025-05-05,2025-05,2050,GR/IR Clearing (Received Not Invoiced),1314045.14,0,Supplier inv INV3835099,AP,INV3835099
JE-003576,"May 05, 2025",2025-05,5300,Freight In,84.01,0,Freight in,AP,INV3835099
JE-003577,2025-05-05,2025-05,2000,Accounts Payable,0,1314129.15,Supplier inv INV3835099,AP,INV3835099
JE-000223,05/06/25,2025-05,1100,Accounts Receivable,34747.23,0,Invoice INV-60048,AR,INV-60048
JE-000224,05/06/2025,2025-05,4010,Product Sales - Distributed,0,32723.88,Invoice INV-60048 ,AR,INV-60048
JE-000225,05/06/25,2025-05,4100,Freight Revenue,0,2023.35,Freight billed,AR,INV-60048
JE-000226,06-May-2025,2025-05,5000,COGS - Materials,22710.32,0,COGS,AR,INV-60048
JE-000227,2025-05-06,2025-05,1230,Inventory - Purchased for Resale,0,22710.32,Inventory relief ,AR,INV-60048
JE-004220,2025-05-06,2025-05,1230,Inventory - Purchased for Resale,254308.96,0,PO receipt PO-31234,INV,RCV-40227
JE-004221,2025-05-06,2025-05,2050,GR/IR Clearing (Received Not Invoiced),0,254308.96,PO receipt PO-31234,INV,RCV-40227
JE-001208,2025-05-07,2025-05,1100,Accounts Receivable,14647.55,0,Invoice INV-60255,AR,INV-60255
JE-001209,2025-05-07,2025-05,4010,Product Sales - Distributed,0,14647.55,Invoice INV-60255,AR,INV-60255
JE-001210,2025-05-07,2025-05,5000,COGS - Materials,10770.25,0,COGS,AR,INV-60255
JE-001211,2025-05-07,2025-05,1230,Inventory - Purchased for Resale,0,10770.25,Inventory relief,AR,INV-60255
JE-001595,2025-05-07,2025-05,1100,Accounts Receivable,1925.58,0,Invoice INV-60335,AR,INV-60335
JE-001596,2025-05-07,2025-05,4010,Product Sales - Distributed ,0,1746.79,Invoice INV-60335,AR,INV-60335
JE-001597,2025-05-07,2025-05,4100,Freight Revenue,0,178.79,Freight billed,AR,INV-60335
JE-001598,2025-05-07,2025-05,5000,COGS - Materials,1094.33,0,COGS,AR,INV-60335
JE-001599,2025-05-07,2025-05,1230,Inventory - Purchased for Resale,0,1094.33,Inventory relief,AR,INV-60335
JE-003151 ,2025-05-07,2025-05,2050,GR/IR Clearing (Received Not Invoiced),12877.8,0,Supplier inv SI4483768,AP,SI4483768 
JE-003152,2025-05-07,2025-05,5300,Freight In,19.07,0,Freight in,AP,SI4483768
JE-003153,2025-05-07,2025-05,2000,Accounts Payable,0,12896.87,Supplier inv SI4483768,AP,SI4483768
JE-003802,"May 07, 2025",2025-05,1230,Inventory - Purchased for Resale,12877.8,0,PO receipt PO-31018,INV,RCV-40018
JE-003803,2025-05-07,2025-05,2050,GR/IR Clearing (Received Not Invoiced),0,12877.8,PO receipt PO-31018,INV,RCV-40018
JE-001342,2025-05-08,2025-05,1100,Accounts Receivable,4846.0,0,Invoice INV-60283,AR,INV-60283
JE-001343,2025-05-08,2025-05,4010,Product Sales - Distributed,0,4846.0,Invoice INV-60283,AR,INV-60283
JE-001344,2025-05-08,2025-05,5000,COGS - Materials,3456.0,0,COGS,AR,INV-60283
JE-001345,2025-05-08,2025-05,1230,Inventory - Purchased for Resale,0,3456.0,Inventory relief,AR,INV-60283
JE-003620,2025-05-08,2025-05,2050,GR/IR Clearing (Received Not Invoiced),254308.96,0,Supplier inv 6328148,AP,6328148
JE-003621,2025-05-08,2025-05,2000,Accounts Payable,0,254308.96,Supplier inv 6328148,AP,6328148
JE-003788,2025-05-08,2025-05,1230,Inventory - Purchased for Resale,15236.0,0,PO receipt PO-31011,INV,RCV-40011
JE-003789,2025-05-08,2025-05,2050,GR/IR Clearing (Received Not Invoiced),0,15236.0,PO receipt PO-31011,INV,RCV-40011
JE-000209,2025-05-09,2025-05,1100,Accounts Receivable,24650.12,0,Invoice INV-60045,AR,INV-60045
JE-000210,2025-05-09,2025-05,4010,Product Sales - Distributed,0,24650.12,Invoice INV-60045,AR,INV-60045
JE-000211,2025-05-09,2025-05 ,5000,COGS - Materials,17574.48,0,COGS,AR,INV-60045
JE-000212,2025-05-09,2025-05,1230,Inventory - Purchased for Resale,0,17574.48,Inventory relief,AR,INV-60045
JE-003134,2025-05-09,2025-05,2050,GR/IR Clearing (Received Not Invoiced),15236.0,0,Supplier inv 92327789,AP,92327789
JE-003135,2025-05-09,2025-05,5300,Freight In,13.78,0,Freight in,AP,92327789
JE-003136,2025-05-09,2025-05,2000,Accounts Payable,0,15249.78,Supplier inv 92327789,AP,92327789
JE-003800,09-May-2025,2025-05,1230,Inventory - Purchased for Resale,29127.99,0,PO receipt PO-31017,INV,RCV-40017
JE-003801,2025-05-09,2025-05,2050,GR/IR Clearing (Received Not Invoiced),0,29127.99,PO receipt PO-31017,INV,RCV-40017
JE-001028,2025-05-10,2025-05,1100,Accounts Receivable,16287.18,0,Invoice INV-60217,AR,INV-60217
JE-001029,2025-05-10,2025-05,4010,Product Sales - Distributed,0,16287.18,Invoice INV-60217,AR,INV-60217
JE-001030,2025-05-10,2025-05,5000,COGS - Materials,13189.05,0,COGS,AR,INV-60217
JE-001031,2025-05-10,2025-05,1230,Inventory - Purchased for Resale,0,13189.05,Inventory relief,AR,INV-60217
JE-001051,2025-05-10,2025-05,1100,Accounts Receivable,193.55,0,Invoice INV-60222,AR,INV-60222
JE-001052,2025-05-10,2025-05,4010,Product Sales - Distributed,0,146.77,Invoice INV-60222,AR,INV-60222
JE-001053,2025-05-10,2025-05,4100,Freight Revenue,0,46.78,Freight billed,AR,INV-60222
JE-001054,2025-05-10,2025-05,5000,COGS - Materials,81.74,0,COGS,AR,INV-60222
JE-001055,2025-05-10,2025-05,1230,Inventory - Purchased for Resale,0,81.74,Inventory relief,AR,INV-60222
JE-004078,10-May-2025,2025-05,1230,Inventory - Purchased for Resale,9721.09,0,PO receipt PO-31159,INV,RCV-40156
JE-004079,2025-05-10,2025-05,2050 ,GR/IR Clearing (Received Not Invoiced) ,0,9721.09,PO receipt PO-31159,INV,RCV-40156
JE-003826,2025-05-11,2025-05,1230,Inventory - Purchased for Resale,52588.44,0,PO receipt PO-31030,INV,RCV-40030
JE-003827,2025-05-11,2025-05,2050,GR/IR Clearing (Received Not Invoiced),0,52588.44,PO receipt PO-31030,INV,RCV-40030
JE-001126,2025-05-12,2025-05,1100,Accounts Receivable,9836.8,0,Invoice INV-60238,AR,INV-60238
JE-001127,2025-05-12,2025-05,4010,Product Sales - Distributed,0,4796.8,Invoice INV-60238,AR,INV-60238
JE-001128,2025-05-12,2025-05,4100,Freight Revenue,0,4692.23,Freight billed,AR,INV-60238
JE-001129,12-May-2025,2025-05,2100,Accrued Expenses,0,347.77,Sales tax payable,AR,INV-60238
JE-001130,05/12/2025,2025-05,5000,COGS - Materials,3081.8,0,COGS,AR,INV-60238
JE-001131,2025-05-12,2025-05,1230,Inventory - Purchased for Resale,0,3081.8,Inventory relief,AR,INV-60238
JE-001346,2025-05-12,2025-05,1100,Accounts Receivable,35030.82,0,Invoice INV-60284,AR,INV-60284
JE-001347,2025-05-12,2025-05 ,4010,Product Sales - Distributed,0,34820.8,Invoice INV-60284,AR,INV-60284
JE-001348,05/12/2025,2025-05,4100,Freight Revenue,0,210.02,Freight billed,AR,INV-60284
JE-001349,2025-05-12,2025-05,5000 ,COGS - Materials,26226.3,0,COGS,AR,INV-60284
JE-001350,2025-05-12,2025-05,1230,Inventory - Purchased for Resale,0,26226.3,Inventory relief,AR,INV-60284
JE-001880,2025-05-13,2025-05,1100,Accounts Receivable,30737.06,0,Invoice INV-60395,AR,INV-60395
JE-001881,05/13/25,2025-05,4010,Product Sales - Distributed,0,30692.1,Invoice INV-60395,AR,INV-60395
JE-001882,2025-05-13,2025-05,4100,Freight Revenue,0,44.96,Freight billed,AR,INV-60395
JE-001883,2025-05-13,2025-05,5000,COGS - Materials,20737.9,0,COGS,AR,INV-60395
JE-001884,2025-05-13,2025-05,1230,Inventory - Purchased for Resale,0,20737.9,Inventory relief,AR,INV-60395
JE-003148,2025-05-13,2025-05,2050,GR/IR Clearing (Received Not Invoiced),29188.9,0,Supplier inv 8152743,AP,8152743
JE-003149,2025-05-13,2025-05 ,5300,Freight In,92.1,0,Freight in,AP,8152743
JE-003150,2025-05-13,2025-05,2000,Accounts Payable,0,29281.0,Supplier inv 8152743,AP,8152743
JE-003463,2025-05-13,2025-05,2050,GR/IR Clearing (Received Not Invoiced),9730.61,0,Supplier inv INV2123111,AP,INV2123111
JE-003464,2025-05-13,2025-05,5300,Freight In,143.83,0,Freight in,AP,INV2123111
JE-003465,2025-05-13,2025-05,2000,Accounts Payable,0,9874.44,Supplier inv INV2123111,AP,INV2123111
JE-001046,2025-05-14,2025-05,1100,Accounts Receivable,10045.98,0,Invoice INV-60221,AR,INV-60221
JE-001047,2025-05-14,2025-05,4010,Product Sales - Distributed,0,7676.68,Invoice INV-60221,AR,INV-60221
JE-001048,2025-05-14,2025-05,4100,Freight Revenue,0,2369.3,Freight billed,AR,INV-60221
JE-001049 ,2025-05-14,2025-05,5000,COGS - Materials,5280.49,0,COGS,AR,INV-60221
JE-001050,2025-05-14,2025-05,1230,Inventory - Purchased for Resale,0,5280.49,Inventory relief,AR,INV-60221
JE-003178,2025-05-16,2025-05,2050,GR/IR Clearing (Received Not Invoiced),53279.13,0,Supplier inv INV6348124,AP,INV6348124
JE-003179,2025-05-16,2025-05,5300,Freight In,123.86,0,Freight in,AP,INV6348124
JE-003180,2025-05-16,2025-05,2000,Accounts Payable,0,53402.99,Supplier inv INV6348124,AP,INV6348124
JE-003313,2025-05-16,2025-05,2050,GR/IR Clearing (Received Not Invoiced),40284.9,0,Supplier inv 95753238,AP,95753238
JE-003314,2025-05-16,2025-05,2000,Accounts Payable,0,40284.9,Supplier inv 95753238,AP,95753238
JE-003948,2025-05-16,2025-05,1230,Inventory - Purchased for Resale,40407.4,0,PO receipt PO-31093,INV,RCV-40091
JE-003949,2025-05-16,2025-05,2050,GR/IR Clearing (Received Not Invoiced),0,40407.4,PO receipt PO-31093,INV,RCV-40091
JE-000586,2025-05-17,2025-05,1100,Accounts Receivable,1908.51,0,Invoice INV-60124,AR,INV-60124
JE-000587,05/17/2025,2025-05,4010,Product Sales - Distributed,0,1083.51,Invoice INV-60124,AR,INV-60124
JE-000588,2025-05-17,2025-05,4100,Freight Revenue,0,746.45,Freight billed,AR,INV-60124
JE-000589,2025-05-17,2025-05,2100,Accrued Expenses,0,78.55,Sales tax payable,AR,INV-60124
JE-000590,2025-05-17,2025-05,5000,COGS - Materials,678.72,0,COGS,AR,INV-60124 
JE-000591,2025-05-17,2025-05,1230,Inventory - Purchased for Resale,0,678.72,Inventory relief,AR,INV-60124
JE-002072,17-May-2025,2025-05,1100,Accounts Receivable,9156.82,0,Invoice INV-60436,AR ,INV-60436
JE-002073,2025-05-17,2025-05,4010,Product Sales - Distributed,0,9156.82,Invoice INV-60436,AR,INV-60436
JE-002074,2025-05-17,2025-05,5000,COGS - Materials,6382.28,0,COGS,AR,INV-60436
JE-002075,2025-05-17,2025-05,1230,Inventory - Purchased for Resale,0,6382.28,Inventory relief,AR,INV-60436
JE-000916,2025-05-18,2025-05,1100,Accounts Receivable,2014.21,0,Invoice INV-60193,AR,INV-60193
JE-000917,2025-05-18,2025-05,4010,Product Sales - Distributed,0,1954.41,Invoice INV-60193,AR,INV-60193
JE-000918,2025-05-18,2025-05,4100,Freight Revenue,0,59.8,Freight billed,AR,INV-60193
JE-000919,2025-05-18,2025-05,5000,COGS - Materials,1566.98,0,COGS,AR,INV-60193
JE-000920,05/18/2025,2025-05,1230,Inventory - Purchased for Resale,0,1566.98,Inventory relief,AR,INV-60193
JE-002500,2025-05-18,2025-05,1000,Operating Cash,3786.94,0,Customer payment,AR,KBD-CR00094
JE-002501,2025-05-18,2025-05,1100,Accounts Receivable,0,3786.94,Customer payment,AR,KBD-CR00094
JE-001399,2025-05-19,2025-05,1100,Accounts Receivable,25991.29,0,Invoice INV-60295,AR,INV-60295
JE-001400,2025-05-19,2025-05,4010,Product Sales - Distributed,0,25551.11,Invoice INV-60295,AR,INV-60295
JE-001401,2025-05-19,2025-05,4100,Freight Revenue,0,440.18,Freight billed,AR ,INV-60295
JE-001402,2025-05-19,2025-05,5000,COGS - Materials,16822.48,0,COGS,AR,INV-60295
JE-001403,2025-05-19,2025-05,1230,Inventory - Purchased for Resale,0,16822.48,Inventory relief,AR,INV-60295
JE-001543,2025-05-19,2025-05,1100,Accounts Receivable,22061.0,0,Invoice INV-60324,AR,INV-60324 
JE-001544,19-May-2025,2025-05,4010,Product Sales - Distributed ,0,21469.52,Invoice INV-60324,AR,INV-60324
JE-001545,2025-05-19,2025-05,4100,Freight Revenue,0,591.48,Freight billed,AR,INV-60324
JE-001546,2025-05-19,2025-05,5000,COGS - Materials,15595.58,0,COGS,AR,INV-60324
JE-001547,2025-05-19,2025-05,1230,Inventory - Purchased for Resale,0,15595.58,Inventory relief,AR,INV-60324
JE-000765,2025-05-20,2025-05,1100,Accounts Receivable,43238.44,0,Invoice INV-60162,AR,INV-60162
JE-000766,2025-05-20,2025-05,4010,Product Sales - Distributed,0,37052.45,Invoice INV-60162,AR,INV-60162
JE-000767,2025-05-20,2025-05,4100,Freight Revenue,0,3499.69,Freight billed,AR,INV-60162
JE-000768,2025-05-20,2025-05,2100,Accrued Expenses,0,2686.3,Sales tax payable,AR,INV-60162
JE-000769,"May 20, 2025",2025-05,5000,COGS - Materials,22851.28,0,COGS,AR,INV-60162
JE-000770,2025-05-20,2025-05,1230,Inventory - Purchased for Resale,0,22851.28,Inventory relief,AR,INV-60162
JE-001822,2025-05-20,2025-05,1100,Accounts Receivable,11925.77,0,Invoice INV-60383,AR,INV-60383
JE-001823,2025-05-20,2025-05,4010,Product Sales - Distributed,0,11119.6,Invoice INV-60383,AR,INV-60383
JE-001824,2025-05-20,2025-05,2100,Accrued Expenses,0,806.17,Sales tax payable,AR,INV-60383
JE-001825,2025-05-20,2025-05,5000,COGS - Materials,8109.98,0,COGS,AR,INV-60383
JE-001826,2025-05-20,2025-05,1230,Inventory - Purchased for Resale,0,8109.98,Inventory relief,AR,INV-60383
JE-003892,2025-05-20,2025-05,1230,Inventory - Purchased for Resale,311169.73,0,PO receipt PO-31065,INV,RCV-40063
JE-003893,2025-05-20,2025-05,2050,GR/IR Clearing (Received Not Invoiced),0,311169.73,PO receipt PO-31065,INV,RCV-40063
JE-000945,2025-05-21,2025-05,1100,Accounts Receivable,9081.25,0,Invoice INV-60199,AR,INV-60199
JE-000946 ,2025-05-21,2025-05,4010,Product Sales - Distributed,0,9081.25,Invoice INV-60199,AR,INV-60199
JE-000947,05/21/2025,2025-05,5000,COGS - Materials,6293.15,0,COGS,AR,INV-60199
JE-000948,2025-05-21,2025-05,1230,Inventory - Purchased for Resale,0,6293.15,Inventory relief,AR,INV-60199
JE-001965,2025-05-21,2025-05,1100 ,Accounts Receivable,25100.46,0,Invoice INV-60413,AR,INV-60413
JE-001966,2025-05-21,2025-05,4010,Product Sales - Distributed,0,25100.46,Invoice INV-60413,AR,INV-60413
JE-001967,2025-05-21,2025-05 ,5000,COGS - Materials,14600.65,0,COGS,AR,INV-60413
JE-001968,2025-05-21,2025-05,1230,Inventory - Purchased for Resale,0,14600.65,Inventory relief,AR ,INV-60413
JE-002676,2025-05-21,2025-05,1000,Operating Cash,10045.98,0,Customer payment,AR,KBD-CR00182
JE-002677,2025-05-21,2025-05,1100,Accounts Receivable,0,10045.98,Customer payment,AR ,KBD-CR00182
JE-001885,2025-05-22,2025-05,1100,Accounts Receivable ,14881.98,0,Invoice INV-60396,AR,INV-60396
JE-001886,"May 22, 2025",2025-05,4010,Product Sales - Distributed,0,14152.39,Invoice INV-60396,AR,INV-60396
JE-001887,2025-05-22,2025-05,4100,Freight Revenue,0,729.59,Freight billed,AR,INV-60396
JE-001888,2025-05-22,2025-05,5000,COGS - Materials,11479.87,0,COGS,AR,INV-60396
JE-001889,05/22/2025,2025-05,1230,Inventory - Purchased for Resale,0,11479.87,Inventory relief,AR,INV-60396
JE-002145,2025-05-22 ,2025-05,1100,Accounts Receivable,3832.57,0,Invoice INV-60452,AR,INV-60452
JE-002146,2025-05-22,2025-05,4010,Product Sales - Distributed,0,3832.57,Invoice INV-60452,AR,INV-60452
JE-002147,2025-05-22,2025-05,5000,COGS - Materials,3257.67,0,COGS,AR,INV-60452
JE-002148,2025-05-22,2025-05,1230,Inventory - Purchased for Resale,0,3257.67,Inventory relief,AR,INV-60452
JE-003252,22-May-2025,2025-05,2050,GR/IR Clearing (Received Not Invoiced),315827.33,0,Supplier inv 8305112,AP,8305112
JE-003253,2025-05-22,2025-05,2000,Accounts Payable,0,315827.33,Supplier inv 8305112,AP,8305112
JE-000600,2025-05-23,2025-05,1100,Accounts Receivable,3320.24,0,Invoice INV-60127,AR,INV-60127
JE-000601,2025-05-23 ,2025-05,4010,Product Sales - Distributed,0,3320.24,Invoice INV-60127,AR,INV-60127
JE-000602,2025-05-23,2025-05,5000,COGS - Materials,2390.4,0,COGS,AR,INV-60127
JE-000603,2025-05-23,2025-05,1230,Inventory - Purchased for Resale,0,2390.4,Inventory relief,AR,INV-60127
JE-000857,2025-05-23,2025-05,1100,Accounts Receivable,8804.5,0,Invoice INV-60181,AR,INV-60181
JE-000858,2025-05-23,2025-05,4010,Product Sales - Distributed,0,5073.45,Invoice INV-60181,AR,INV-60181
JE-000859,2025-05-23,2025-05,4100,Freight Revenue,0,3363.22,Freight billed,AR,INV-60181
JE-000860,2025-05-23,2025-05,2100,Accrued Expenses,0,367.83,Sales tax payable,AR,INV-60181
JE-000861,2025-05-23,2025-05,5000,COGS - Materials,3802.46,0,COGS,AR,INV-60181
JE-000862,2025-05-23,2025-05,1230,Inventory - Purchased for Resale,0,3802.46,Inventory relief,AR,INV-60181
JE-000872,2025-05-23,2025-05,1100,Accounts Receivable,227.16,0,Invoice INV-60184,AR,INV-60184
JE-000873,2025-05-23,2025-05,4010,Product Sales - Distributed,0,211.8,Invoice INV-60184,AR,INV-60184
JE-000874,2025-05-23,2025-05,2100,Accrued Expenses,0,15.36,Sales tax payable,AR,INV-60184
JE-000875,23-May-2025,2025-05,5000,COGS - Materials,129.94,0,COGS,AR,INV-60184
JE-000876,2025-05-23,2025-05,1230,Inventory - Purchased for Resale,0,129.94,Inventory relief,AR,INV-60184
JE-004028,2025-05-24,2025-05,1230,Inventory - Purchased for Resale,91429.0,0,PO receipt PO-31133,INV,RCV-40131
JE-004029,2025-05-24,2025-05,2050,GR/IR Clearing (Received Not Invoiced),0,91429.0,PO receipt PO-31133,INV,RCV-40131
JE-000843,2025-05-25,2025-05,1100,Accounts Receivable,8972.79,0,Invoice INV-60178,AR,INV-60178
JE-000844,2025-05-25,2025-05,4010,Product Sales - Distributed,0,8811.58,Invoice INV-60178,AR,INV-60178
JE-000845,2025-05-25,2025-05,4100,Freight Revenue,0,161.21,Freight billed,AR,INV-60178
JE-000846,2025-05-25,2025-05,5000 ,COGS - Materials,6493.06,0,COGS,AR,INV-60178
JE-000847,2025-05-25,2025-05,1230,Inventory - Purchased for Resale,0,6493.06,Inventory relief,AR,INV-60178
JE-001861,2025-05-26,2025-05,1100,Accounts Receivable,6231.68,0,Invoice INV-60391,AR,INV-60391
JE-001862,05/26/25,2025-05,4010,Product Sales - Distributed,0,5810.42,Invoice INV-60391,AR,INV-60391
JE-001863,2025-05-26,2025-05,2100,Accrued Expenses,0,421.26,Sales tax payable,AR,INV-60391
JE-001864,2025-05-26,2025-05,5000,COGS - Materials ,3694.45,0,COGS,AR,INV-60391
JE-001865,2025-05-26,2025-05,1230,Inventory - Purchased for Resale,0,3694.45,Inventory relief,AR,INV-60391
JE-002538,2025-05-26,2025-05,1000,Operating Cash,1482.1,0,Customer payment,AR,KBD-CR00113
JE-002539,2025-05-26,2025-05,1100,Accounts Receivable,0,1482.1,Customer payment,AR,KBD-CR00113
JE-004016,2025-05-26,2025-05,1230,Inventory - Purchased for Resale,274756.25,0,PO receipt PO-31127,INV,RCV-40125
JE-004017,2025-05-26,2025-05,2050,GR/IR Clearing (Received Not Invoiced),0,274756.25,PO receipt PO-31127,INV,RCV-40125 
JE-000953,2025-05-27,2025-05,1100,Accounts Receivable,8642.4,0,Invoice INV-60201,AR,INV-60201
JE-000954,2025-05-27,2025-05,4010,Product Sales - Distributed,0,8642.4,Invoice INV-60201,AR,INV-60201
JE-000955,2025-05-27,2025-05,5000,COGS - Materials,7585.78,0,COGS,AR,INV-60201
JE-000956,2025-05-27,2025-05,1230,Inventory - Purchased for Resale,0,7585.78,Inventory relief,AR,INV-60201
JE-001104,28-May-2025,2025-05,1100,Accounts Receivable,813.88,0,Invoice INV-60233,AR,INV-60233
JE-001105,2025-05-28,2025-05,4010,Product Sales - Distributed,0,301.08,Invoice INV-60233,AR,INV-60233
JE-001106,2025-05-28,2025-05,4100,Freight Revenue,0,512.8,Freight billed,AR,INV-60233
JE-001107,2025-05-28,2025-05,5000,COGS - Materials,206.52,0,COGS,AR,INV-60233
JE-001108,2025-05-28,2025-05,1230,Inventory - Purchased for Resale,0,206.52,Inventory relief,AR,INV-60233
JE-001846,2025-05-28,2025-05,1100,Accounts Receivable,18635.85,0,Invoice INV-60388,AR,INV-60388
JE-001847,2025-05-28,2025-05,4010,Product Sales - Distributed,0,16219.83,Invoice INV-60388,AR,INV-60388
JE-001848,2025-05-28 ,2025-05,4100,Freight Revenue,0,1240.08,Freight billed,AR,INV-60388
JE-001849,2025-05-28,2025-05,2100,Accrued Expenses,0,1175.94,Sales tax payable,AR,INV-60388
JE-001850,05/28/25,2025-05,5000,COGS - Materials,11569.31,0,COGS,AR,INV-60388
JE-001851,28-May-2025,2025-05,1230,Inventory - Purchased for Resale,0,11569.31,Inventory relief,AR,INV-60388
JE-002112,2025-05-28,2025-05,1100,Accounts Receivable,3334.37,0,Invoice INV-60445,AR,INV-60445
JE-002113,2025-05-28,2025-05,4010,Product Sales - Distributed,0,3334.37,Invoice INV-60445,AR,INV-60445
JE-002114,2025-05-28,2025-05,5000,COGS - Materials,2261.08,0,COGS,AR,INV-60445
JE-002115,"May 28, 2025",2025-05,1230,Inventory - Purchased for Resale,0,2261.08,Inventory relief,AR,INV-60445
JE-003778,05/28/25,2025-05 ,1230,Inventory - Purchased for Resale,43943.0,0,PO receipt PO-31006,INV,RCV-40006
JE-003779,2025-05-28,2025-05,2050,GR/IR Clearing (Received Not Invoiced),0,43943.0,PO receipt PO-31006,INV,RCV-40006
JE-003098,2025-05-29,2025-05,1000,Operating Cash,9214.75,0,Customer payment,AR,KBD-CR00393
JE-003099,2025-05-29,2025-05,1100,Accounts Receivable,0,9214.75,Customer payment,AR,KBD-CR00393
JE-003122,2025-05-29,2025-05,2050,GR/IR Clearing (Received Not Invoiced),43943.0,0,Supplier inv 96298620,AP,96298620
JE-003123,2025-05-29,2025-05,5300,Freight In,33.68,0,Freight in,AP,96298620
JE-003124,2025-05-29,2025-05,2000,Accounts Payable ,0,43976.68,Supplier inv 96298620,AP,96298620
JE-003406,05/29/25,2025-05,2050,GR/IR Clearing (Received Not Invoiced),91429.0,0,Supplier inv 95483298,AP,95483298
JE-003407,2025-05-29,2025-05,2000,Accounts Payable,0,91429.0,Supplier inv 95483298,AP,95483298
JE-002195,2025-05-30,2025-05,1100 ,Accounts Receivable,25949.61,0,Invoice INV-60463,AR,INV-60463
JE-002196,2025-05-30,2025-05,4010,Product Sales - Distributed,0,25743.3,Invoice INV-60463,AR,INV-60463
JE-002197,2025-05-30,2025-05,4100,Freight Revenue,0,206.31,Freight billed,AR,INV-60463 
JE-002198,2025-05-30,2025-05,5000,COGS - Materials,18260.75,0,COGS,AR,INV-60463
JE-002199,2025-05-30,2025-05,1230,Inventory - Purchased for Resale,0,18260.75,Inventory relief,AR,INV-60463
JE-003453,2025-05-30,2025-05,2050,GR/IR Clearing (Received Not Invoiced),564236.44,0,Supplier inv SI4669700,AP,SI4669700
JE-003454,2025-05-30,2025-05,2000,Accounts Payable,0,564236.44,Supplier inv SI4669700,AP,SI4669700
JE-004068,2025-05-30,2025-05,1230,Inventory - Purchased for Resale,564236.44,0,PO receipt PO-31153,INV,RCV-40151
JE-004069,2025-05-30 ,2025-05,2050,GR/IR Clearing (Received Not Invoiced),0,564236.44,PO receipt PO-31153,INV,RCV-40151
JE-004118,2025-05-31,2025-05,1230,Inventory - Purchased for Resale,155565.59,0,PO receipt PO-31180,INV,RCV-40176
JE-004119,2025-05-31,2025-05,2050,GR/IR Clearing (Received Not Invoiced),0,155565.59,PO receipt PO-31180,INV,RCV-40176
JE-004346,2025-05-31,2025-05,6700,Office & Supplies,1199.84,0,"Iron Mountain Information Management, LLC",AP,KBD-AP00001
JE-004347,2025-05-31,2025-05,2000,Accounts Payable,0,1199.84,"Iron Mountain Information Management, LLC",AP,KBD-AP00001
JE-004364,05/31/2025,2025-05,6700,Office & Supplies,1110.88,0,GRAINGER,AP,KBD-AP00010 
JE-004365,2025-05-31,2025-05,2000,Accounts Payable,0,1110.88,GRAINGER,AP,KBD-AP00010
JE-004384,2025-05-31,2025-05,6700 ,Office & Supplies,755.98,0,Cintas Corp #472,AP,KBD-AP00020
JE-004385,2025-05-31,2025-05,2000,Accounts Payable,0,755.98,Cintas Corp #472,AP,KBD-AP00020
JE-004398,2025-05-31,2025-05,6700,Office & Supplies,658.41,0,STAPLES BUS ADV,AP,KBD-AP00027
JE-004399,2025-05-31,2025-05,2000,Accounts Payable,0,658.41,STAPLES BUS ADV,AP,KBD-AP00027
JE-004416,2025-05-31,2025-05,5300,Freight In,109.77,0,FEDEX,AP ,KBD-AP00036
JE-004417 ,2025-05-31,2025-05,2000,Accounts Payable,0,109.77,FEDEX,AP,KBD-AP00036 
JE-004438,2025-05-31,2025-05,6300,Rent,14200,0,Allentown Industrial Park LLC,AP,KBD-AP00047
JE-004439,2025-05-31,2025-05,2000,Accounts Payable,0,14200,Allentown Industrial Park LLC,AP,KBD-AP00047
JE-004462,2025-05-31,2025-05,6400,Software Subscriptions,9000.0,0,NetSuite,AP,SW-NETSUI
JE-004463,2025-05-31,2025-05,2000,Accounts Payable,0,9000.0,NetSuite,AP,SW-NETSUI
JE-004486,05/31/2025,2025-05,6400,Software Subscriptions,1725.0,0,Autodesk Inventor,AP,SW-AUTODE
JE-004487,2025-05-31,2025-05,2000,Accounts Payable,0,1725.0,Autodesk Inventor,AP,SW-AUTODE
JE-004510,2025-05-31,2025-05,6400,Software Subscriptions,400.0,0,uniPoint QMS,AP,SW-UNIPOI
JE-004511,2025-05-31,2025-05,2000,Accounts Payable,0,400.0,uniPoint QMS,AP,SW-UNIPOI
JE-004534,2025-05-31,2025-05,6400,Software Subscriptions,787.5,0,Microsoft 365 Business Standard,AP,SW-MICROS
JE-004535,2025-05-31,2025-05,2000,Accounts Payable,0,787.5,Microsoft 365 Business Standard,AP,SW-MICROS
JE-004558,2025-05-31 ,2025-05,6400,Software Subscriptions,1980.0,0,Paycom,AP,SW-PAYCOM
JE-004559,2025-05-31,2025-05,2000,Accounts Payable,0,1980.0,Paycom,AP,SW-PAYCOM
JE-004582,2025-05-31,2025-05,6400,Software Subscriptions,1200.0,0,ShipStation ,AP,SW-SHIPST
JE-004583,2025-05-31,2025-05,2000,Accounts Payable,0,1200.0,ShipStation,AP,SW-SHIPST
JE-004606,2025-05-31,2025-05,6400,Software Subscriptions,720.0,0,HubSpot Sales Hub,AP,SW-HUBSPO
JE-004607,2025-05-31 ,2025-05,2000,Accounts Payable,0,720.0,HubSpot Sales Hub,AP,SW-HUBSPO
JE-004630,2025-05-31,2025-05,6400,Software Subscriptions,567.0,0,Expensify,AP,SW-EXPENS
JE-004631,2025-05-31,2025-05,2000,Accounts Payable,0,567.0,Expensify,AP,SW-EXPENS
JE-004654,2025-05-31,2025-05 ,6400,Software Subscriptions,880.0,0,Dropbox Business,AP,SW-DROPBO
JE-004655,2025-05-31,2025-05,2000,Accounts Payable,0,880.0,Dropbox Business,AP ,SW-DROPBO
JE-004678,2025-05-31,2025-05,6400,Software Subscriptions,630.0,0,Zoom Workplace,AP,SW-ZOOMW 
JE-004679,2025-05-31,2025-05,2000 ,Accounts Payable,0,630.0,Zoom Workplace,AP,SW-ZOOMW
JE-004702,2025-05-31,2025-05,6400,Software Subscriptions,392.0,0,8x8 Work,AP,SW-8X8WO
JE-004703,2025-05-31,2025-05,2000,Accounts Payable,0,392.0,8x8 Work,AP,SW-8X8WO
JE-004726,2025-05-31,2025-05,6000,Salaries & Wages,346992.9,0,Monthly payroll,PR,PR-202505
JE-004727,2025-05-31,2025-05,2300,Payroll Liabilities,0,346992.9,Monthly payroll,PR,PR-202505
JE-000657,2025-06-01,2025-06,1100,Accounts Receivable,7275.87,0,Invoice INV-60139,AR,INV-60139
JE-000658,2025-06-01,2025-06,4010,Product Sales - Distributed,0,6784.03,Invoice INV-60139,AR,INV-60139
JE-000659,2025-06-01,2025-06,2100,Accrued Expenses,0,491.84,Sales tax payable,AR,INV-60139
JE-000660,2025-06-01,2025-06,5000,COGS - Materials,5032.81,0,COGS,AR,INV-60139
JE-000661,2025-06-01,2025-06,1230,Inventory - Purchased for Resale,0,5032.81,Inventory relief,AR,INV-60139
JE-001222,2025-06-01,2025-06,1100,Accounts Receivable,6261.67,0,Invoice INV-60258,AR,INV-60258
JE-001223,2025-06-01,2025-06,4010,Product Sales - Distributed,0,6261.67,Invoice INV-60258,AR,INV-60258
JE-001224,2025-06-01,2025-06,5000,COGS - Materials,5159.58,0,COGS,AR,INV-60258
JE-001225,2025-06-01,2025-06 ,1230,Inventory - Purchased for Resale,0,5159.58,Inventory relief,AR,INV-60258
JE-001633 ,2025-06-01,2025-06,1100,Accounts Receivable,3906.39,0,Invoice INV-60343,AR,INV-60343
JE-001634,2025-06-01,2025-06,4010,Product Sales - Distributed,0,2430.54,Invoice INV-60343,AR,INV-60343
JE-001635,2025-06-01,2025-06,4100,Freight Revenue,0,1475.85,Freight billed,AR,INV-60343
JE-001636,2025-06-01,2025-06,5000,COGS - Materials,1930.4,0,COGS,AR,INV-60343
JE-001637,"Jun 01, 2025",2025-06,1230,Inventory - Purchased for Resale,0,1930.4,Inventory relief,AR,INV-60343
JE-004048,2025-06-01,2025-06,1230,Inventory - Purchased for Resale,207415.04,0,PO receipt PO-31143,INV,RCV-40141
JE-004049,2025-06-01,2025-06,2050,GR/IR Clearing (Received Not Invoiced),0,207415.04,PO receipt PO-31143,INV,RCV-40141
JE-002446,2025-06-02,2025-06,1000,Operating Cash,14253.3,0,Customer payment,AR,KBD-CR00067
JE-002447,2025-06-02,2025-06,1100,Accounts Receivable,0,14253.3,Customer payment,AR,KBD-CR00067
JE-002972,2025-06-02,2025-06,1000,Operating Cash,10777.01,0,Customer payment,AR,KBD-CR00330
JE-002973,2025-06-02,2025-06,1100,Accounts Receivable,0,10777.01,Customer payment,AR,KBD-CR00330
JE-003391,2025-06-02,2025-06,2050,GR/IR Clearing (Received Not Invoiced),274756.25,0,Supplier inv SI3260903,AP,SI3260903
JE-003392,06/02/2025,2025-06,2000,Accounts Payable,0,274756.25,Supplier inv SI3260903,AP,SI3260903
JE-003038,2025-06-03,2025-06,1000,Operating Cash,3334.37,0,Customer payment,AR,KBD-CR00363
JE-003039,2025-06-03,2025-06,1100,Accounts Receivable,0,3334.37,Customer payment,AR,KBD-CR00363
JE-003202,2025-06-03,2025-06,2050,GR/IR Clearing (Received Not Invoiced),4182.74,0,Supplier inv 99200340,AP,99200340
JE-003203,2025-06-03,2025-06,2000,Accounts Payable,0,4182.74,Supplier inv 99200340,AP,99200340
JE-003508,2025-06-03,2025-06,2050,GR/IR Clearing (Received Not Invoiced),155559.09,0,Supplier inv 96646164,AP,96646164
JE-003509,2025-06-03,2025-06,2000,Accounts Payable,0,155559.09,Supplier inv 96646164,AP,96646164
JE-003846,2025-06-03,2025-06,1230,Inventory - Purchased for Resale,4147.24,0,PO receipt PO-31041,INV,RCV-40040
JE-003847,2025-06-03,2025-06,2050,GR/IR Clearing (Received Not Invoiced),0,4147.24,PO receipt PO-31041,INV,RCV-40040
JE-003966,2025-06-03,2025-06,1230,Inventory - Purchased for Resale,31856.8,0,PO receipt PO-31102,INV,RCV-40100
JE-003967,06/03/2025,2025-06,2050,GR/IR Clearing (Received Not Invoiced),0,31856.8,PO receipt PO-31102,INV,RCV-40100
JE-002736,2025-06-04,2025-06,1000,Operating Cash,14647.55,0,Customer payment,AR,KBD-CR00212
JE-002737,2025-06-04,2025-06,1100,Accounts Receivable,0,14647.55,Customer payment,AR,KBD-CR00212
JE-003430,2025-06-04,2025-06,2050,GR/IR Clearing (Received Not Invoiced),208291.2,0,Supplier inv 448751,AP,448751
JE-003431,2025-06-04,2025-06,2000,Accounts Payable,0,208291.2,Supplier inv 448751,AP,448751
JE-001159,2025-06-05,2025-06,1100,Accounts Receivable,19014.65,0,Invoice INV-60245,AR,INV-60245
JE-001160,2025-06-05,2025-06,4010,Product Sales - Distributed,0,17729.28,Invoice INV-60245,AR,INV-60245
JE-001161,2025-06-05,2025-06,2100,Accrued Expenses,0,1285.37,Sales tax payable,AR ,INV-60245
JE-001162,2025-06-05,2025-06,5000,COGS - Materials,10368.0,0,COGS,AR,INV-60245
JE-001163,2025-06-05,2025-06,1230,Inventory - Purchased for Resale,0,10368.0,Inventory relief,AR,INV-60245
JE-001775,2025-06-05,2025-06,1100,Accounts Receivable,2508.64,0,Invoice INV-60373,AR,INV-60373
JE-001776,2025-06-05 ,2025-06,4010,Product Sales - Distributed,0,1480.28,Invoice INV-60373,AR,INV-60373
JE-001777,2025-06-05,2025-06,4100,Freight Revenue,0,921.04,Freight billed,AR,INV-60373
JE-001778,2025-06-05,2025-06,2100,Accrued Expenses,0,107.32,Sales tax payable,AR,INV-60373
JE-001779,2025-06-05,2025-06,5000,COGS - Materials,1155.88,0,COGS,AR,INV-60373
JE-001780,2025-06-05,2025-06,1230,Inventory - Purchased for Resale,0,1155.88,Inventory relief,AR,INV-60373
JE-002956,2025-06-05,2025-06,1000,Operating Cash,12012.03,0,Customer payment,AR,KBD-CR00322
JE-002957,2025-06-05,2025-06,1100,Accounts Receivable,0,12012.03,Customer payment,AR,KBD-CR00322
JE-003262,2025-06-05,2025-06,2050,GR/IR Clearing (Received Not Invoiced),44198.06,0,Supplier inv 9837104,AP,9837104
JE-003263,2025-06-05,2025-06,2000,Accounts Payable,0,44198.06,Supplier inv 9837104,AP,9837104
JE-003334,2025-06-05,2025-06,2050,GR/IR Clearing (Received Not Invoiced),31856.8,0,Supplier inv 9394749,AP,9394749
JE-003335,2025-06-05,2025-06,5300,Freight In,128.23,0,Freight in,AP,9394749
JE-003336,2025-06-05,2025-06,2000,Accounts Payable ,0,31985.03,Supplier inv 9394749,AP,9394749
JE-003902,2025-06-05,2025-06,1230,Inventory - Purchased for Resale,44216.13,0,PO receipt PO-31070,INV,RCV-40068
JE-003903,2025-06-05,2025-06,2050,GR/IR Clearing (Received Not Invoiced),0,44216.13,PO receipt PO-31070,INV,RCV-40068
JE-000030,2025-06-06,2025-06,1100,Accounts Receivable,1083.0,0,Invoice INV-60007,AR,INV-60007
JE-000031,2025-06-06,2025-06,4010,Product Sales - Distributed,0,1083.0,Invoice INV-60007,AR,INV-60007
JE-000032,2025-06-06,2025-06,5000,COGS - Materials,699.4,0,COGS,AR,INV-60007
JE-000033,2025-06-06,2025-06,1230,Inventory - Purchased for Resale,0,699.4,Inventory relief,AR ,INV-60007
JE-000101,2025-06-07,2025-06,1100,Accounts Receivable,6337.76,0,Invoice INV-60022,AR,INV-60022
JE-000102,2025-06-07,2025-06,4010,Product Sales - Distributed,0,6173.06,Invoice INV-60022,AR,INV-60022
JE-000103,2025-06-07,2025-06,4100,Freight Revenue,0,164.7,Freight billed,AR,INV-60022
JE-000104,2025-06-07,2025-06,5000,COGS - Materials,5090.34,0,COGS,AR,INV-60022
JE-000105,2025-06-07,2025-06,1230,Inventory - Purchased for Resale,0,5090.34,Inventory relief,AR,INV-60022
JE-002454,2025-06-07,2025-06,1000,Operating Cash,315.73,0,Customer payment,AR,KBD-CR00071
JE-002455,2025-06-07,2025-06,1100,Accounts Receivable,0,315.73,Customer payment,AR,KBD-CR00071
JE-003882,07-Jun-2025,2025-06,1230,Inventory - Purchased for Resale,645838.75,0,PO receipt PO-31060,INV,RCV-40058
JE-003883,2025-06-07,2025-06,2050,GR/IR Clearing (Received Not Invoiced),0,645838.75,PO receipt PO-31060,INV,RCV-40058
JE-004082,07-Jun-2025,2025-06,1230,Inventory - Purchased for Resale,1968.0,0,PO receipt PO-31161,INV,RCV-40158
JE-004083,2025-06-07,2025-06,2050,GR/IR Clearing (Received Not Invoiced),0,1968.0,PO receipt PO-31161,INV,RCV-40158
JE-000429,"Jun 08, 2025",2025-06,1100,Accounts Receivable,460.0,0,Invoice INV-60091,AR,INV-60091
JE-000430,2025-06-08,2025-06,4010,Product Sales - Distributed,0,460.0,Invoice INV-60091,AR,INV-60091
JE-000431,2025-06-08,2025-06,5000,COGS - Materials,355.0,0,COGS,AR,INV-60091
JE-000432,2025-06-08,2025-06,1230,Inventory - Purchased for Resale,0,355.0,Inventory relief,AR,INV-60091
JE-001628,2025-06-08,2025-06,1100,Accounts Receivable,871.42,0,Invoice INV-60342,AR,INV-60342
JE-001629,2025-06-08,2025-06,4010,Product Sales - Distributed,0,517.14,Invoice INV-60342,AR,INV-60342
JE-001630,2025-06-08,2025-06,4100,Freight Revenue,0,354.28,Freight billed,AR,INV-60342
JE-001631,06/08/25,2025-06,5000,COGS - Materials,319.8,0,COGS,AR,INV-60342
JE-001632,2025-06-08,2025-06,1230,Inventory - Purchased for Resale,0,319.8,Inventory relief,AR,INV-60342
JE-003240,2025-06-08,2025-06,2050,GR/IR Clearing (Received Not Invoiced),672186.25,0,Supplier inv 94566515,AP,94566515
JE-003241,2025-06-08,2025-06,2000,Accounts Payable,0,672186.25,Supplier inv 94566515,AP,94566515
JE-003880,2025-06-08,2025-06,1230,Inventory - Purchased for Resale,5672.5,0,PO receipt PO-31059,INV,RCV-40057
JE-003881,2025-06-08,2025-06,2050,GR/IR Clearing (Received Not Invoiced),0,5672.5,PO receipt PO-31059,INV,RCV-40057
JE-002081,2025-06-09,2025-06,1100,Accounts Receivable,7873.74,0,Invoice INV-60438,AR,INV-60438
JE-002082,2025-06-09,2025-06,4010,Product Sales - Distributed,0,7341.48,Invoice INV-60438,AR,INV-60438
JE-002083,2025-06-09,2025-06,2100,Accrued Expenses,0,532.26,Sales tax payable,AR,INV-60438
JE-002084,2025-06-09,2025-06,5000,COGS - Materials,4987.72,0,COGS,AR,INV-60438
JE-002085,2025-06-09,2025-06,1230,Inventory - Purchased for Resale,0,4987.72,Inventory relief,AR,INV-60438
JE-002298,2025-06-09,2025-06,1100,Accounts Receivable,25281.51,0,Invoice INV-60485,AR,INV-60485
JE-002299,2025-06-09,2025-06,4010 ,Product Sales - Distributed,0,21449.38,Invoice INV-60485,AR,INV-60485
JE-002300,2025-06-09,2025-06,4100 ,Freight Revenue,0,2277.05,Freight billed,AR,INV-60485
JE-002301,2025-06-09,2025-06,2100,Accrued Expenses,0,1555.08,Sales tax payable,AR,INV-60485
JE-002302,09-Jun-2025,2025-06,5000,COGS - Materials ,15579.08,0,COGS,AR,INV-60485
JE-002303,2025-06-09,2025-06,1230,Inventory - Purchased for Resale,0,15579.08,Inventory relief,AR,INV-60485
JE-002392,2025-06-09,2025-06,1000,Operating Cash,14401.66,0,Customer payment,AR,KBD-CR00040
JE-002393,2025-06-09,2025-06,1100,Accounts Receivable,0,14401.66,Customer payment,AR,KBD-CR00040
JE-003315,2025-06-09,2025-06,2050,GR/IR Clearing (Received Not Invoiced),2893.45,0,Supplier inv 6878908,AP,6878908
JE-003316,2025-06-09,2025-06,2000,Accounts Payable,0,2893.45,Supplier inv 6878908,AP,6878908
JE-003950,2025-06-09,2025-06,1230,Inventory - Purchased for Resale,2835.2,0,PO receipt PO-31094,INV ,RCV-40092
JE-003951,2025-06-09,2025-06,2050,GR/IR Clearing (Received Not Invoiced),0,2835.2,PO receipt PO-31094,INV,RCV-40092
JE-003468,2025-06-10,2025-06,2050,GR/IR Clearing (Received Not Invoiced),1968.0,0,Supplier inv SI3336768,AP,SI3336768
JE-003469,2025-06-10,2025-06,5300,Freight In,27.06,0,Freight in,AP,SI3336768
JE-003470,2025-06-10,2025-06,2000,Accounts Payable,0,1995.06,Supplier inv SI3336768 ,AP,SI3336768
JE-000218,2025-06-11,2025-06,1100,Accounts Receivable,18276.08,0,Invoice INV-60047,AR,INV-60047
JE-000219,2025-06-11,2025-06,4010,Product Sales - Distributed,0,18213.35,Invoice INV-60047,AR,INV-60047
JE-000220,2025-06-11,2025-06,4100,Freight Revenue,0,62.73,Freight billed,AR,INV-60047
JE-000221,2025-06-11,2025-06,5000,COGS - Materials,16064.97,0,COGS,AR,INV-60047
JE-000222,2025-06-11,2025-06,1230,Inventory - Purchased for Resale,0,16064.97,Inventory relief,AR,INV-60047
JE-001061,2025-06-11,2025-06,1100,Accounts Receivable,2207.2,0,Invoice INV-60224,AR,INV-60224
JE-001062,2025-06-11,2025-06,4010,Product Sales - Distributed ,0,2058.0,Invoice INV-60224,AR,INV-60224
JE-001063,2025-06-11,2025-06,2100,Accrued Expenses,0,149.2,Sales tax payable ,AR,INV-60224
JE-001064,2025-06-11,2025-06,5000,COGS - Materials,1321.3,0,COGS,AR,INV-60224
JE-001065,2025-06-11,2025-06,1230,Inventory - Purchased for Resale,0,1321.3,Inventory relief,AR ,INV-60224
JE-001558,2025-06-11,2025-06,1100,Accounts Receivable,35481.01,0,Invoice INV-60327,AR,INV-60327
JE-001559,2025-06-11,2025-06,4010,Product Sales - Distributed,0,35481.01,Invoice INV-60327,AR,INV-60327
JE-001560,2025-06-11,2025-06,5000,COGS - Materials,23550.23,0,COGS,AR,INV-60327
JE-001561,2025-06-11,2025-06,1230,Inventory - Purchased for Resale,0,23550.23,Inventory relief,AR,INV-60327
JE-004158,2025-06-11,2025-06,1230,Inventory - Purchased for Resale,155244.34,0,PO receipt PO-31200,INV,RCV-40196
JE-004159,2025-06-11,2025-06,2050,GR/IR Clearing (Received Not Invoiced),0,155244.34,PO receipt PO-31200,INV,RCV-40196
JE-000305,2025-06-12,2025-06,1100,Accounts Receivable ,10175.34,0,Invoice INV-60065,AR,INV-60065
JE-000306,2025-06-12,2025-06,4010,Product Sales - Distributed,0,10175.34,Invoice INV-60065 ,AR,INV-60065
JE-000307,2025-06-12,2025-06,5000,COGS - Materials,6583.85,0,COGS,AR,INV-60065
JE-000308,2025-06-12,2025-06,1230,Inventory - Purchased for Resale,0,6583.85,Inventory relief,AR,INV-60065
JE-001677,12-Jun-2025,2025-06,1100,Accounts Receivable,7616.35,0,Invoice INV-60352,AR,INV-60352
JE-001678,2025-06-12,2025-06,4010,Product Sales - Distributed,0,5513.98,Invoice INV-60352,AR,INV-60352
JE-001679,2025-06-12,2025-06,4100,Freight Revenue,0,2102.37,Freight billed,AR,INV-60352
JE-001680,2025-06-12,2025-06,5000,COGS - Materials,3644.65,0,COGS,AR,INV-60352
JE-001681,2025-06-12,2025-06,1230,Inventory - Purchased for Resale,0,3644.65,Inventory relief,AR,INV-60352
JE-003238,2025-06-12,2025-06,2050,GR/IR Clearing (Received Not Invoiced),5699.54,0,Supplier inv SI7699281,AP,SI7699281
JE-003239,2025-06-12,2025-06,2000,Accounts Payable,0,5699.54,Supplier inv SI7699281,AP,SI7699281
JE-004054,2025-06-12,2025-06,1230,Inventory - Purchased for Resale,7173.25,0,PO receipt PO-31146,INV,RCV-40144
JE-004055 ,2025-06-12,2025-06,2050,GR/IR Clearing (Received Not Invoiced),0,7173.25,PO receipt PO-31146,INV,RCV-40144
JE-001451,2025-06-13,2025-06,1100,Accounts Receivable,6947.56,0,Invoice INV-60305,AR,INV-60305
JE-001452,2025-06-13,2025-06,4010,Product Sales - Distributed,0,5864.4,Invoice INV-60305,AR,INV-60305
JE-001453,2025-06-13,2025-06,4100,Freight Revenue,0,1083.16,Freight billed,AR,INV-60305
JE-001454,2025-06-13,2025-06,5000,COGS - Materials,4170.9,0,COGS,AR,INV-60305
JE-001455,2025-06-13,2025-06,1230,Inventory - Purchased for Resale ,0,4170.9,Inventory relief,AR,INV-60305 
JE-003553,2025-06-13,2025-06,2050,GR/IR Clearing (Received Not Invoiced),155244.34,0,Supplier inv INV5429818 ,AP,INV5429818
JE-003554,2025-06-13,2025-06,2000,Accounts Payable,0,155244.34,Supplier inv INV5429818,AP,INV5429818
JE-004240,06/13/25,2025-06,1230,Inventory - Purchased for Resale,4220.88,0,PO receipt PO-31245,INV,RCV-40237
JE-004241,2025-06-13,2025-06,2050,GR/IR Clearing (Received Not Invoiced),0,4220.88,PO receipt PO-31245,INV,RCV-40237
JE-004296,2025-06-13,2025-06,1230,Inventory - Purchased for Resale,348972.75,0,PO receipt PO-31275,INV,RCV-40265
JE-004297,2025-06-13,2025-06,2050,GR/IR Clearing (Received Not Invoiced),0,348972.75,PO receipt PO-31275,INV,RCV-40265
JE-002172,2025-06-14,2025-06,1100,Accounts Receivable,23478.24,0,Invoice INV-60458,AR,INV-60458
JE-002173,2025-06-14,2025-06,4010,Product Sales - Distributed,0,23478.24,Invoice INV-60458,AR,INV-60458
JE-002174,2025-06-14,2025-06,5000,COGS - Materials,14538.78,0,COGS,AR,INV-60458
JE-002175,2025-06-14,2025-06,1230,Inventory - Purchased for Resale,0,14538.78,Inventory relief,AR,INV-60458
JE-002858,14-Jun-2025,2025-06,1000,Operating Cash,1925.58,0,Customer payment,AR,KBD-CR00273
JE-002859,2025-06-14,2025-06,1100,Accounts Receivable,0,1925.58,Customer payment,AR,KBD-CR00273
JE-003643,2025-06-14,2025-06,2050,GR/IR Clearing (Received Not Invoiced),4220.88,0,Supplier inv INV6862298,AP,INV6862298
JE-003644,2025-06-14,2025-06,2000,Accounts Payable,0,4220.88,Supplier inv INV6862298,AP,INV6862298
JE-002618,2025-06-16,2025-06,1000,Operating Cash,27239.42,0,Customer payment,AR,KBD-CR00153
JE-002619,2025-06-16,2025-06,1100,Accounts Receivable,0,27239.42,Customer payment ,AR,KBD-CR00153
JE-000407,2025-06-17,2025-06 ,1100,Accounts Receivable,18565.33,0,Invoice INV-60086,AR,INV-60086
JE-000408,2025-06-17,2025-06,4010,Product Sales - Distributed,0,17310.33,Invoice INV-60086,AR,INV-60086
JE-000409,2025-06-17,2025-06,2100,Accrued Expenses,0,1255.0,Sales tax payable,AR,INV-60086
JE-000410,2025-06-17,2025-06,5000,COGS - Materials,12442.74,0,COGS,AR,INV-60086
JE-000411,2025-06-17,2025-06,1230,Inventory - Purchased for Resale,0,12442.74,Inventory relief,AR,INV-60086
JE-002522,06/17/25,2025-06,1000,Operating Cash,1908.51,0,Customer payment,AR,KBD-CR00105
JE-002523,2025-06-17,2025-06,1100,Accounts Receivable,0,1908.51,Customer payment,AR,KBD-CR00105
JE-002620,2025-06-17,2025-06,1000,Operating Cash,227.16,0,Customer payment,AR,KBD-CR00154
JE-002621,2025-06-17,2025-06,1100,Accounts Receivable,0,227.16,Customer payment,AR,KBD-CR00154
JE-000055,2025-06-18,2025-06,1100,Accounts Receivable,2402.4,0,Invoice INV-60012,AR,INV-60012
JE-000056,2025-06-18,2025-06,4010,Product Sales - Distributed,0,2402.4,Invoice INV-60012,AR,INV-60012
JE-000057,2025-06-18,2025-06,5000,COGS - Materials,1828.32,0,COGS,AR,INV-60012 
JE-000058 ,2025-06-18,2025-06,1230,Inventory - Purchased for Resale,0,1828.32,Inventory relief,AR,INV-60012
JE-000508,2025-06-18,2025-06,1100,Accounts Receivable,11354.74,0,Invoice INV-60108,AR,INV-60108
JE-000509 ,2025-06-18,2025-06,4010,Product Sales - Distributed,0,11354.74,Invoice INV-60108,AR,INV-60108
JE-000510,2025-06-18,2025-06,5000,COGS - Materials,8236.18,0,COGS,AR,INV-60108
JE-000511,2025-06-18,2025-06,1230,Inventory - Purchased for Resale,0,8236.18,Inventory relief,AR,INV-60108
JE-001132,2025-06-18,2025-06,1100,Accounts Receivable,37982.78,0,Invoice INV-60239,AR,INV-60239
JE-001133,2025-06-18,2025-06,4010,Product Sales - Distributed,0,37642.09,Invoice INV-60239,AR,INV-60239
JE-001134,"Jun 18, 2025",2025-06,4100,Freight Revenue,0,340.69,Freight billed,AR,INV-60239
JE-001135,2025-06-18,2025-06,5000,COGS - Materials,29768.51,0,COGS,AR,INV-60239
JE-001136,2025-06-18,2025-06,1230,Inventory - Purchased for Resale,0,29768.51,Inventory relief,AR,INV-60239
JE-002792,18-Jun-2025,2025-06,1000,Operating Cash,25991.29,0,Customer payment,AR,KBD-CR00240
JE-002793,"Jun 18, 2025",2025-06,1100,Accounts Receivable,0,25991.29,Customer payment,AR,KBD-CR00240
JE-003437,2025-06-18,2025-06,2050,GR/IR Clearing (Received Not Invoiced),7173.25,0,Supplier inv SI8732439,AP,SI8732439
JE-003438,2025-06-18,2025-06,2000,Accounts Payable,0,7173.25,Supplier inv SI8732439,AP,SI8732439
JE-003922,2025-06-18,2025-06,1230,Inventory - Purchased for Resale,681.05,0,PO receipt PO-31080 ,INV,RCV-40078
JE-003923,"Jun 18, 2025",2025-06,2050,GR/IR Clearing (Received Not Invoiced),0,681.05,PO receipt PO-31080,INV,RCV-40078
JE-004322,2025-06-18,2025-06,1230,Inventory - Purchased for Resale,365473.43,0,PO receipt PO-31289,INV,RCV-40278
JE-004323,2025-06-18,2025-06,2050,GR/IR Clearing (Received Not Invoiced),0,365473.43,PO receipt PO-31289,INV,RCV-40278
JE-002061,2025-06-19,2025-06,1100,Accounts Receivable,18620.2,0,Invoice INV-60434,AR,INV-60434
JE-002062,06/19/2025,2025-06,4010,Product Sales - Distributed,0,17278.93,Invoice INV-60434,AR,INV-60434
JE-002063,2025-06-19,2025-06,4100,Freight Revenue,0,88.55,Freight billed,AR,INV-60434
JE-002064,2025-06-19,2025-06,2100,Accrued Expenses,0,1252.72,Sales tax payable,AR,INV-60434
JE-002065,19-Jun-2025,2025-06,5000,COGS - Materials,12129.71,0,COGS,AR,INV-60434
JE-002066,"Jun 19, 2025",2025-06,1230,Inventory - Purchased for Resale,0,12129.71,Inventory relief,AR,INV-60434
JE-002067,2025-06-19,2025-06,1100,Accounts Receivable,4414.46,0,Invoice INV-60435,AR,INV-60435
JE-002068,2025-06-19,2025-06 ,4010,Product Sales - Distributed,0,3201.52,Invoice INV-60435,AR,INV-60435
JE-002069,2025-06-19,2025-06,4100,Freight Revenue,0,1212.94,Freight billed,AR,INV-60435
JE-002070,2025-06-19,2025-06,5000,COGS - Materials,2182.36,0,COGS,AR,INV-60435
JE-002071,2025-06-19,2025-06,1230,Inventory - Purchased for Resale,0,2182.36,Inventory relief,AR,INV-60435
JE-002642,2025-06-19,2025-06,1000,Operating Cash,9081.25,0,Customer payment,AR,KBD-CR00165
JE-002643,2025-06-19,2025-06,1100,Accounts Receivable,0,9081.25,Customer payment,AR ,KBD-CR00165
JE-000213,2025-06-20,2025-06,1100,Accounts Receivable,8288.25,0,Invoice INV-60046,AR,INV-60046
JE-000214,2025-06-20,2025-06,4010,Product Sales - Distributed,0,7133.47,Invoice INV-60046,AR,INV-60046
JE-000215,2025-06-20,2025-06,4100,Freight Revenue,0,1154.78,Freight billed,AR,INV-60046
JE-000216,2025-06-20,2025-06,5000,COGS - Materials,5539.33,0,COGS,AR,INV-60046
JE-000217,2025-06-20,2025-06,1230,Inventory - Purchased for Resale,0,5539.33,Inventory relief,AR,INV-60046
JE-002116,"Jun 20, 2025",2025-06,1100,Accounts Receivable,10477.23,0,Invoice INV-60446,AR,INV-60446
JE-002117,2025-06-20,2025-06,4010,Product Sales - Distributed,0,10220.35,Invoice INV-60446,AR,INV-60446
JE-002118,2025-06-20,2025-06,4100,Freight Revenue,0,256.88,Freight billed,AR,INV-60446
JE-002119,2025-06-20,2025-06,5000,COGS - Materials,6912.53,0,COGS,AR,INV-60446
JE-002120,2025-06-20,2025-06,1230,Inventory - Purchased for Resale,0,6912.53,Inventory relief,AR,INV-60446
JE-002952,2025-06-20,2025-06,1000,Operating Cash,30737.06,0,Customer payment,AR,KBD-CR00320
JE-002953,2025-06-20,2025-06,1100,Accounts Receivable,0,30737.06,Customer payment,AR,KBD-CR00320
JE-003710,2025-06-20,2025-06,2050,GR/IR Clearing (Received Not Invoiced),348972.75,0,Supplier inv INV8229764,AP,INV8229764
JE-003711,"Jun 20, 2025",2025-06,2000,Accounts Payable,0,348972.75,Supplier inv INV8229764,AP,INV8229764
JE-003741,2025-06-20,2025-06,2050,GR/IR Clearing (Received Not Invoiced),365473.43,0,Supplier inv SI7006862,AP ,SI7006862
JE-003742,2025-06-20,2025-06,2000,Accounts Payable,0,365473.43,Supplier inv SI7006862,AP,SI7006862
JE-004022,2025-06-20,2025-06,1230,Inventory - Purchased for Resale,11021.46,0,PO receipt PO-31130,INV,RCV-40128
JE-004023,20-Jun-2025,2025-06,2050,GR/IR Clearing (Received Not Invoiced),0,11021.46,PO receipt PO-31130,INV,RCV-40128
JE-004058,2025-06-20,2025-06,1230,Inventory - Purchased for Resale,216208.2,0,PO receipt PO-31148,INV,RCV-40146
JE-004059,2025-06-20,2025-06,2050,GR/IR Clearing (Received Not Invoiced),0,216208.2,PO receipt PO-31148,INV,RCV-40146
JE-004182,2025-06-20,2025-06,1230,Inventory - Purchased for Resale,155886.84,0,PO receipt PO-31213,INV,RCV-40208
JE-004183,06/20/2025,2025-06,2050,GR/IR Clearing (Received Not Invoiced),0,155886.84,PO receipt PO-31213,INV,RCV-40208
JE-000485 ,2025-06-21,2025-06,1100,Accounts Receivable,38548.94,0,Invoice INV-60103,AR,INV-60103
JE-000486,2025-06-21,2025-06,4010,Product Sales - Distributed,0,38548.94,Invoice INV-60103,AR,INV-60103
JE-000487,2025-06-21,2025-06,5000,COGS - Materials,24637.49,0,COGS,AR,INV-60103
JE-000488,2025-06-21,2025-06,1230,Inventory - Purchased for Resale,0,24637.49,Inventory relief,AR,INV-60103
JE-000671,2025-06-21,2025-06,1100,Accounts Receivable,1890.98,0,Invoice INV-60142,AR,INV-60142
JE-000672,2025-06-21,2025-06,4010,Product Sales - Distributed,0,1763.15,Invoice INV-60142,AR,INV-60142
JE-000673,2025-06-21,2025-06,2100,Accrued Expenses,0,127.83,Sales tax payable,AR,INV-60142
JE-000674,"Jun 21, 2025",2025-06,5000,COGS - Materials,1187.15,0,COGS,AR,INV-60142
JE-000675,2025-06-21,2025-06,1230,Inventory - Purchased for Resale,0,1187.15,Inventory relief,AR,INV-60142 
JE-000838,2025-06-21,2025-06,1100,Accounts Receivable,2805.37,0,Invoice INV-60177,AR,INV-60177
JE-000839,2025-06-21,2025-06,4010,Product Sales - Distributed,0,2767.7,Invoice INV-60177,AR,INV-60177
JE-000840,2025-06-21,2025-06 ,4100,Freight Revenue,0,37.67,Freight billed,AR,INV-60177
JE-000841,21-Jun-2025,2025-06,5000,COGS - Materials,2265.26,0,COGS,AR,INV-60177
JE-000842,06/21/25,2025-06,1230,Inventory - Purchased for Resale,0,2265.26,Inventory relief,AR,INV-60177
JE-001739,2025-06-21,2025-06,1100,Accounts Receivable,5526.55,0,Invoice INV-60365,AR,INV-60365
JE-001740 ,2025-06-21,2025-06,4010,Product Sales - Distributed,0,5526.55,Invoice INV-60365,AR,INV-60365
JE-001741,2025-06-21,2025-06,5000,COGS - Materials,4544.75,0,COGS,AR,INV-60365
JE-001742,2025-06-21,2025-06,1230,Inventory - Purchased for Resale,0,4544.75,Inventory relief,AR,INV-60365
JE-002670,2025-06-21,2025-06,1000,Operating Cash,16287.18,0,Customer payment,AR,KBD-CR00179
JE-002671,2025-06-21,2025-06,1100,Accounts Receivable,0,16287.18,Customer payment,AR,KBD-CR00179
JE-000249,2025-06-22,2025-06,1100,Accounts Receivable,1965.98,0,Invoice INV-60053,AR,INV-60053
JE-000250,2025-06-22,2025-06,4010,Product Sales - Distributed,0,1613.89,Invoice INV-60053,AR,INV-60053
JE-000251,2025-06-22,2025-06,4100,Freight Revenue,0,352.09,Freight billed,AR,INV-60053
JE-000252,2025-06-22,2025-06,5000,COGS - Materials,1193.48,0,COGS,AR,INV-60053
JE-000253,2025-06-22,2025-06,1230,Inventory - Purchased for Resale,0,1193.48,Inventory relief,AR,INV-60053 
JE-002149,2025-06-22,2025-06,1100,Accounts Receivable,826.99,0,Invoice INV-60453,AR,INV-60453
JE-002150,2025-06-22,2025-06,4010,Product Sales - Distributed,0,703.78,Invoice INV-60453,AR,INV-60453
JE-002151,2025-06-22,2025-06,4100,Freight Revenue,0,72.19,Freight billed,AR ,INV-60453
JE-002152,2025-06-22 ,2025-06,2100,Accrued Expenses,0,51.02,Sales tax payable,AR,INV-60453
JE-002153,2025-06-22,2025-06,5000,COGS - Materials,424.48,0,COGS,AR,INV-60453
JE-002154,2025-06-22,2025-06,1230,Inventory - Purchased for Resale,0,424.48,Inventory relief,AR,INV-60453
JE-002400,2025-06-22,2025-06,1000,Operating Cash,1965.98,0,Customer payment,AR,KBD-CR00044
JE-002401,2025-06-22,2025-06,1100,Accounts Receivable,0,1965.98,Customer payment,AR,KBD-CR00044
JE-003397,2025-06-22,2025-06,2050,GR/IR Clearing (Received Not Invoiced),11021.46,0,Supplier inv INV8069868,AP,INV8069868
JE-003398,2025-06-22,2025-06,5300 ,Freight In,82.62,0,Freight in,AP,INV8069868 
JE-003399,2025-06-22,2025-06,2000,Accounts Payable ,0,11104.08,Supplier inv INV8069868,AP,INV8069868
JE-000961,2025-06-23,2025-06,1100,Accounts Receivable,2804.15,0,Invoice INV-60203,AR,INV-60203
JE-000962,2025-06-23,2025-06,4010,Product Sales - Distributed,0,2614.59,Invoice INV-60203,AR,INV-60203 
JE-000963,2025-06-23,2025-06,2100,Accrued Expenses,0,189.56,Sales tax payable,AR,INV-60203
JE-000964,2025-06-23,2025-06,5000,COGS - Materials,1881.22,0,COGS,AR,INV-60203
JE-000965,2025-06-23,2025-06,1230,Inventory - Purchased for Resale,0,1881.22,Inventory relief,AR,INV-60203
JE-001336,2025-06-23,2025-06,1100,Accounts Receivable,20076.77,0,Invoice INV-60282,AR,INV-60282
JE-001337,2025-06-23,2025-06,4010,Product Sales - Distributed,0,15611.17,Invoice INV-60282,AR,INV-60282
JE-001338,2025-06-23,2025-06,4100,Freight Revenue ,0,3333.79,Freight billed,AR,INV-60282
JE-001339,2025-06-23,2025-06,2100,Accrued Expenses,0,1131.81,Sales tax payable,AR,INV-60282 
JE-001340,2025-06-23,2025-06,5000,COGS - Materials,10744.56,0,COGS,AR,INV-60282
JE-001341,2025-06-23,2025-06,1230,Inventory - Purchased for Resale,0,10744.56,Inventory relief,AR,INV-60282
JE-001351,2025-06-23,2025-06,1100,Accounts Receivable,24602.71,0,Invoice INV-60285,AR,INV-60285
JE-001352,2025-06-23,2025-06,4010,Product Sales - Distributed,0,15645.28,Invoice INV-60285,AR,INV-60285
JE-001353,2025-06-23,2025-06,4100,Freight Revenue,0,7823.15,Freight billed,AR,INV-60285
JE-001354,2025-06-23,2025-06 ,2100,Accrued Expenses,0,1134.28,Sales tax payable,AR,INV-60285
JE-001355,2025-06-23,2025-06,5000,COGS - Materials,10999.48,0,COGS,AR,INV-60285
JE-001356,06/23/2025,2025-06,1230,Inventory - Purchased for Resale,0,10999.48,Inventory relief,AR,INV-60285
JE-002678,2025-06-23,2025-06,1000 ,Operating Cash,193.55,0,Customer payment,AR,KBD-CR00183
JE-002679,2025-06-23,2025-06 ,1100,Accounts Receivable,0,193.55,Customer payment,AR,KBD-CR00183
JE-003285,2025-06-23,2025-06,2050,GR/IR Clearing (Received Not Invoiced),681.05,0,Supplier inv 4758210,AP,4758210
JE-003286,2025-06-23,2025-06,2000,Accounts Payable,0,681.05,Supplier inv 4758210,AP,4758210
JE-001235,2025-06-24,2025-06,1100,Accounts Receivable,36801.61,0,Invoice INV-60261,AR,INV-60261
JE-001236,2025-06-24,2025-06,4010,Product Sales - Distributed,0,26692.42,Invoice INV-60261,AR,INV-60261
JE-001237,2025-06-24,2025-06,4100,Freight Revenue,0,8173.99,Freight billed,AR,INV-60261
JE-001238,06/24/2025,2025-06,2100,Accrued Expenses,0,1935.2,Sales tax payable,AR,INV-60261
JE-001239,2025-06-24,2025-06,5000,COGS - Materials ,18718.81,0,COGS,AR,INV-60261
JE-001240,2025-06-24,2025-06,1230,Inventory - Purchased for Resale,0,18718.81,Inventory relief,AR,INV-60261
JE-001729,2025-06-24,2025-06,1100,Accounts Receivable,417.6,0,Invoice INV-60363,AR,INV-60363
JE-001730,2025-06-24,2025-06,4010,Product Sales - Distributed,0,417.6,Invoice INV-60363,AR,INV-60363
JE-001731,2025-06-24,2025-06,5000,COGS - Materials,281.36,0,COGS,AR,INV-60363
JE-001732,2025-06-24,2025-06,1230,Inventory - Purchased for Resale,0,281.36,Inventory relief,AR,INV-60363
JE-002000,2025-06-24,2025-06,1100,Accounts Receivable,610.01,0,Invoice INV-60421,AR,INV-60421
JE-002001,2025-06-24,2025-06,4010,Product Sales - Distributed,0,438.9,Invoice INV-60421,AR,INV-60421
JE-002002,2025-06-24,2025-06,4100,Freight Revenue,0,171.11,Freight billed,AR,INV-60421
JE-002003,2025-06-24,2025-06,5000,COGS - Materials,312.18,0,COGS,AR,INV-60421
JE-002004,"Jun 24, 2025",2025-06,1230,Inventory - Purchased for Resale,0,312.18,Inventory relief,AR,INV-60421
JE-002596,2025-06-24,2025-06,1000,Operating Cash,7834.0,0,Customer payment,AR,KBD-CR00142
JE-002597,2025-06-24,2025-06,1100,Accounts Receivable,0,7834.0,Customer payment,AR,KBD-CR00142
JE-003580,2025-06-24,2025-06,2050,GR/IR Clearing (Received Not Invoiced),151222.74,0,Supplier inv 99533002,AP,99533002
JE-003581,2025-06-24,2025-06,2000,Accounts Payable,0,151222.74,Supplier inv 99533002,AP,99533002
JE-001404,2025-06-25,2025-06,1100,Accounts Receivable,631.19,0,Invoice INV-60296,AR,INV-60296
JE-001405,2025-06-25,2025-06,4010,Product Sales - Distributed,0,323.66,Invoice INV-60296,AR,INV-60296
JE-001406,2025-06-25,2025-06,4100,Freight Revenue,0,284.06,Freight billed,AR,INV-60296
JE-001407,06/25/2025,2025-06,2100,Accrued Expenses,0,23.47,Sales tax payable,AR,INV-60296
JE-001408,2025-06-25,2025-06,5000,COGS - Materials,216.64,0,COGS,AR,INV-60296
JE-001409,2025-06-25,2025-06,1230,Inventory - Purchased for Resale,0,216.64,Inventory relief,AR,INV-60296
JE-001505,2025-06-25,2025-06,1100,Accounts Receivable,1132.32,0,Invoice INV-60316,AR,INV-60316
JE-001506,2025-06-25,2025-06,4010,Product Sales - Distributed,0,1016.1,Invoice INV-60316,AR,INV-60316
JE-001507,2025-06-25,2025-06,4100,Freight Revenue,0,116.22,Freight billed,AR,INV-60316
JE-001508,2025-06-25,2025-06,5000,COGS - Materials,727.6,0,COGS,AR,INV-60316
JE-001509,2025-06-25,2025-06,1230,Inventory - Purchased for Resale,0,727.6,Inventory relief,AR,INV-60316
JE-001519,2025-06-25,2025-06,1100,Accounts Receivable,7045.51,0,Invoice INV-60319,AR,INV-60319
JE-001520,25-Jun-2025,2025-06,4010,Product Sales - Distributed,0,6504.0,Invoice INV-60319,AR,INV-60319
JE-001521,2025-06-25,2025-06,4100,Freight Revenue,0,541.51,Freight billed,AR,INV-60319
JE-001522,2025-06-25,2025-06,5000,COGS - Materials,4455.0,0,COGS,AR,INV-60319
JE-001523,2025-06-25,2025-06,1230 ,Inventory - Purchased for Resale,0,4455.0,Inventory relief,AR,INV-60319
JE-003050,2025-06-25,2025-06,1000,Operating Cash,3832.57,0,Customer payment,AR,KBD-CR00369
JE-003051,2025-06-25,2025-06,1100,Accounts Receivable,0,3832.57,Customer payment,AR,KBD-CR00369
JE-003442,2025-06-25,2025-06,2050,GR/IR Clearing (Received Not Invoiced),216208.2,0,Supplier inv 8468911,AP,8468911 
JE-003443,2025-06-25,2025-06,2000,Accounts Payable,0,216208.2,Supplier inv 8468911,AP,8468911
JE-004050,2025-06-25,2025-06,1230,Inventory - Purchased for Resale,32194.5,0,PO receipt PO-31144,INV,RCV-40142
JE-004051,2025-06-25,2025-06,2050,GR/IR Clearing (Received Not Invoiced),0,32194.5,PO receipt PO-31144,INV,RCV-40142
JE-000823,2025-06-26,2025-06,1100,Accounts Receivable,5853.61,0,Invoice INV-60174,AR,INV-60174
JE-000824,2025-06-26,2025-06,4010,Product Sales - Distributed,0,5831.5,Invoice INV-60174,AR,INV-60174
JE-000825,2025-06-26,2025-06,4100,Freight Revenue,0,22.11,Freight billed,AR,INV-60174
JE-000826,26-Jun-2025,2025-06,5000,COGS - Materials,4147.58,0,COGS,AR,INV-60174
JE-000827,2025-06-26 ,2025-06,1230,Inventory - Purchased for Resale,0,4147.58,Inventory relief,AR,INV-60174
JE-001548,2025-06-26,2025-06,1100,Accounts Receivable,2383.7,0,Invoice INV-60325,AR,INV-60325
JE-001549,2025-06-26,2025-06,4010,Product Sales - Distributed,0,2222.56,Invoice INV-60325,AR,INV-60325
JE-001550,"Jun 26, 2025 ",2025-06,2100,Accrued Expenses,0,161.14,Sales tax payable,AR,INV-60325
JE-001551,06/26/25,2025-06,5000,COGS - Materials,1389.65,0,COGS,AR,INV-60325
JE-001552,2025-06-26,2025-06,1230,Inventory - Purchased for Resale,0,1389.65,Inventory relief,AR,INV-60325
JE-002880,2025-06-26,2025-06,1000,Operating Cash,213.58,0,Customer payment,AR,KBD-CR00284
JE-002881,2025-06-26,2025-06,1100,Accounts Receivable,0,213.58,Customer payment,AR,KBD-CR00284
JE-003432,2025-06-26,2025-06,2050,GR/IR Clearing (Received Not Invoiced),32194.5,0,Supplier inv 95549720,AP,95549720
JE-003433,2025-06-26,2025-06,5300,Freight In,148.56,0,Freight in,AP,95549720
JE-003434,2025-06-26,2025-06,2000,Accounts Payable,0,32343.06,Supplier inv 95549720,AP,95549720
JE-003868,2025-06-26,2025-06,1230,Inventory - Purchased for Resale,3203.4,0,PO receipt PO-31052,INV,RCV-40051
JE-003869,2025-06-26,2025-06,2050,GR/IR Clearing (Received Not Invoiced),0,3203.4,PO receipt PO-31052,INV,RCV-40051
JE-004096,2025-06-26,2025-06,1230,Inventory - Purchased for Resale,17535.04,0,PO receipt PO-31168,INV,RCV-40165
JE-004097,2025-06-26 ,2025-06,2050,GR/IR Clearing (Received Not Invoiced),0,17535.04,PO receipt PO-31168,INV,RCV-40165
JE-004258,06/26/25,2025-06,1230,Inventory - Purchased for Resale,14879.7,0,PO receipt PO-31254,INV,RCV-40246
JE-004259,2025-06-26,2025-06,2050,GR/IR Clearing (Received Not Invoiced),0,14879.7,PO receipt PO-31254,INV,RCV-40246
JE-000402 ,2025-06-28,2025-06,1100,Accounts Receivable,26774.32,0,Invoice INV-60085,AR,INV-60085
JE-000403,2025-06-28,2025-06,4010,Product Sales - Distributed ,0,26375.78,Invoice INV-60085,AR,INV-60085
JE-000404,2025-06-28,2025-06,4100,Freight Revenue,0,398.54,Freight billed,AR,INV-60085
JE-000405,2025-06-28,2025-06,5000 ,COGS - Materials,18283.25,0,COGS,AR,INV-60085
JE-000406,2025-06-28,2025-06,1230,Inventory - Purchased for Resale,0,18283.25,Inventory relief,AR,INV-60085
JE-000733,2025-06-28,2025-06,1100,Accounts Receivable,17953.13,0,Invoice INV-60155,AR,INV-60155
JE-000734,2025-06-28,2025-06,4010,Product Sales - Distributed,0,12558.1,Invoice INV-60155,AR,INV-60155
JE-000735,2025-06-28,2025-06,4100,Freight Revenue,0,5395.03,Freight billed,AR,INV-60155
JE-000736,2025-06-28,2025-06,5000,COGS - Materials,9122.8,0,COGS,AR ,INV-60155
JE-000737,2025-06-28,2025-06,1230,Inventory - Purchased for Resale,0,9122.8,Inventory relief,AR,INV-60155
JE-003830,2025-06-28,2025-06,1230,Inventory - Purchased for Resale,313331.5,0,PO receipt PO-31032,INV,RCV-40032
JE-003831,2025-06-28,2025-06,2050,GR/IR Clearing (Received Not Invoiced),0,313331.5,PO receipt PO-31032,INV,RCV-40032
JE-004222,2025-06-28,2025-06,1230,Inventory - Purchased for Resale,293999.24,0,PO receipt PO-31235,INV,RCV-40228
JE-004223,2025-06-28,2025-06,2050,GR/IR Clearing (Received Not Invoiced),0,293999.24,PO receipt PO-31235,INV,RCV-40228
JE-002466,2025-06-29,2025-06,1000,Operating Cash,460.0,0,Customer payment,AR,KBD-CR00077
JE-002467,29-Jun-2025,2025-06,1100,Accounts Receivable,0,460.0,Customer payment,AR,KBD-CR00077
JE-003183,2025-06-29,2025-06,2050,GR/IR Clearing (Received Not Invoiced),313331.5,0,Supplier inv INV7694626,AP,INV7694626
JE-003184,29-Jun-2025,2025-06 ,5300,Freight In,15.21,0,Freight in,AP,INV7694626
JE-003185,2025-06-29,2025-06,2000,Accounts Payable,0,313346.71,Supplier inv INV7694626,AP,INV7694626
JE-003224,06/29/2025,2025-06,2050,GR/IR Clearing (Received Not Invoiced),3203.4,0,Supplier inv 96832322,AP,96832322
JE-003225,2025-06-29,2025-06,2000,Accounts Payable,0,3203.4,Supplier inv 96832322,AP,96832322
JE-003483,2025-06-29,2025-06,2050,GR/IR Clearing (Received Not Invoiced),17535.04,0,Supplier inv 93400426,AP,93400426
JE-003484,2025-06-29,2025-06,5300,Freight In,13.1,0,Freight in,AP,93400426
JE-003485,2025-06-29,2025-06,2000,Accounts Payable,0,17548.14,Supplier inv 93400426,AP,93400426
JE-000096,2025-06-30,2025-06,1100,Accounts Receivable,25237.21,0,Invoice INV-60021,AR,INV-60021
JE-000097,2025-06-30,2025-06,4010,Product Sales - Distributed,0,23531.2,Invoice INV-60021,AR,INV-60021
JE-000098,2025-06-30,2025-06,2100,Accrued Expenses,0,1706.01,Sales tax payable,AR,INV-60021
JE-000099,2025-06-30,2025-06,5000,COGS - Materials,14411.15,0,COGS,AR,INV-60021
JE-000100,2025-06-30,2025-06,1230,Inventory - Purchased for Resale,0,14411.15,Inventory relief,AR,INV-60021
JE-000676,2025-06-30,2025-06,1100,Accounts Receivable,37939.69,0,Invoice INV-60143,AR,INV-60143 
JE-000677,2025-06-30,2025-06,4010,Product Sales - Distributed,0,32077.07,Invoice INV-60143,AR,INV-60143
JE-000678,2025-06-30,2025-06,4100,Freight Revenue,0,5862.62,Freight billed,AR,INV-60143
JE-000679,2025-06-30,2025-06,5000,COGS - Materials,22986.88,0,COGS ,AR,INV-60143
JE-000680,2025-06-30,2025-06,1230,Inventory - Purchased for Resale,0,22986.88,Inventory relief,AR,INV-60143
JE-001514,2025-06-30,2025-06,1100,Accounts Receivable,10959.82,0,Invoice INV-60318,AR,INV-60318
JE-001515,2025-06-30,2025-06,4010,Product Sales - Distributed,0,10356.45,Invoice INV-60318,AR,INV-60318
JE-001516,"Jun 30, 2025",2025-06,4100,Freight Revenue,0,603.37,Freight billed,AR,INV-60318
JE-001517,2025-06-30,2025-06,5000,COGS - Materials,5526.32,0,COGS,AR,INV-60318
JE-001518,2025-06-30,2025-06,1230,Inventory - Purchased for Resale,0,5526.32,Inventory relief,AR,INV-60318
JE-001553,30-Jun-2025,2025-06,1100,Accounts Receivable,26422.38,0,Invoice INV-60326,AR,INV-60326
JE-001554,2025-06-30,2025-06,4010,Product Sales - Distributed,0,26033.8,Invoice INV-60326,AR,INV-60326
JE-001555,2025-06-30,2025-06,4100,Freight Revenue,0,388.58,Freight billed,AR,INV-60326
JE-001556,30-Jun-2025,2025-06,5000,COGS - Materials,15508.34,0,COGS,AR,INV-60326
JE-001557,2025-06-30,2025-06,1230,Inventory - Purchased for Resale,0,15508.34,Inventory relief,AR,INV-60326
JE-003758,2025-06-30,2025-06,2050,GR/IR Clearing (Received Not Invoiced),799741.57,0,Supplier inv SI2389111,AP,SI2389111
JE-003759 ,2025-06-30,2025-06,5300,Freight In,163.81,0,Freight in,AP ,SI2389111
JE-003760,2025-06-30,2025-06,2000,Accounts Payable,0,799905.38,Supplier inv SI2389111,AP,SI2389111
JE-004338,2025-06-30,2025-06,1230,Inventory - Purchased for Resale,797085.21,0,PO receipt PO-31297,INV,RCV-40286
JE-004339,2025-06-30,2025-06,2050,GR/IR Clearing (Received Not Invoiced),0,797085.21,PO receipt PO-31297,INV,RCV-40286
JE-004348,2025-06-30,2025-06,6700,Office & Supplies,202.19,0,"Iron Mountain Information Management, LLC",AP,KBD-AP00002
JE-004349,2025-06-30,2025-06,2000,Accounts Payable,0,202.19,"Iron Mountain Information Management, LLC",AP,KBD-AP00002
JE-004366,2025-06-30,2025-06,6700,Office & Supplies,3023.34,0,GRAINGER,AP,KBD-AP00011
JE-004367,2025-06-30,2025-06,2000,Accounts Payable,0,3023.34,GRAINGER,AP,KBD-AP00011
JE-004400,2025-06-30,2025-06,6700,Office & Supplies,3794.22,0,STAPLES BUS ADV,AP,KBD-AP00028
JE-004401,2025-06-30,2025-06,2000,Accounts Payable,0,3794.22,STAPLES BUS ADV,AP,KBD-AP00028
JE-004418,06/30/25,2025-06,5300,Freight In,183.87,0,FEDEX,AP,KBD-AP00037
JE-004419,"Jun 30, 2025",2025-06,2000 ,Accounts Payable,0,183.87,FEDEX,AP,KBD-AP00037
JE-004440,2025-06-30,2025-06,6300,Rent,14200,0,Allentown Industrial Park LLC,AP ,KBD-AP00048
JE-004441,2025-06-30,2025-06,2000,Accounts Payable,0,14200,Allentown Industrial Park LLC,AP,KBD-AP00048
JE-004464,2025-06-30,2025-06,6400,Software Subscriptions,9000.0,0,NetSuite,AP,SW-NETSUI
JE-004465,2025-06-30,2025-06,2000,Accounts Payable,0,9000.0,NetSuite,AP,SW-NETSUI
JE-004488,2025-06-30,2025-06,6400,Software Subscriptions,1725.0,0,Autodesk Inventor,AP,SW-AUTODE
JE-004489,2025-06-30,2025-06,2000,Accounts Payable,0,1725.0,Autodesk Inventor,AP,SW-AUTODE
JE-004512,2025-06-30,2025-06,6400,Software Subscriptions,400.0,0,uniPoint QMS,AP,SW-UNIPOI
JE-004513,2025-06-30,2025-06,2000,Accounts Payable,0,400.0,uniPoint QMS,AP,SW-UNIPOI
JE-004536,2025-06-30,2025-06,6400,Software Subscriptions,787.5,0,Microsoft 365 Business Standard,AP,SW-MICROS
JE-004537,"Jun 30, 2025",2025-06,2000,Accounts Payable,0,787.5,Microsoft 365 Business Standard,AP,SW-MICROS
JE-004560,2025-06-30,2025-06,6400,Software Subscriptions,1980.0,0,Paycom,AP,SW-PAYCOM
JE-004561,2025-06-30,2025-06,2000,Accounts Payable,0,1980.0,Paycom,AP,SW-PAYCOM
JE-004584,2025-06-30,2025-06,6400,Software Subscriptions,1200.0,0,ShipStation,AP,SW-SHIPST
JE-004585,"Jun 30, 2025",2025-06,2000,Accounts Payable,0,1200.0,ShipStation,AP,SW-SHIPST
JE-004608,2025-06-30,2025-06,6400,Software Subscriptions,720.0,0,HubSpot Sales Hub,AP,SW-HUBSPO
JE-004609,2025-06-30,2025-06,2000,Accounts Payable,0,720.0,HubSpot Sales Hub,AP,SW-HUBSPO
JE-004632,2025-06-30,2025-06,6400,Software Subscriptions,567.0,0,Expensify,AP,SW-EXPENS
JE-004633,06/30/2025,2025-06 ,2000,Accounts Payable,0,567.0,Expensify,AP,SW-EXPENS
JE-004656,2025-06-30,2025-06,6400,Software Subscriptions,880.0,0,Dropbox Business,AP,SW-DROPBO
JE-004657,2025-06-30,2025-06,2000,Accounts Payable,0,880.0,Dropbox Business,AP,SW-DROPBO
JE-004680,2025-06-30,2025-06,6400,Software Subscriptions,630.0,0,Zoom Workplace,AP,SW-ZOOMW
JE-004681,2025-06-30,2025-06,2000,Accounts Payable,0,630.0,Zoom Workplace,AP,SW-ZOOMW
JE-004704,2025-06-30,2025-06,6400,Software Subscriptions,392.0,0,8x8 Work,AP,SW-8X8WO
JE-004705,2025-06-30,2025-06,2000,Accounts Payable,0,392.0,8x8 Work,AP,SW-8X8WO
JE-004728,2025-06-30,2025-06,6000,Salaries & Wages,346019.35,0,Monthly payroll,PR,PR-202506
JE-004729,2025-06-30,2025-06,2300,Payroll Liabilities,0,346019.35,Monthly payroll,PR,PR-202506
JE-000786,2025-07-01,2025-07,1100,Accounts Receivable,14081.24,0,Invoice INV-60166,AR,INV-60166
JE-000787,2025-07-01,2025-07,4010,Product Sales - Distributed,0,13129.36,Invoice INV-60166,AR,INV-60166
JE-000788,"Jul 01, 2025",2025-07 ,2100,Accrued Expenses,0,951.88,Sales tax payable,AR,INV-60166
JE-000789,2025-07-01,2025-07,5000,COGS - Materials,8561.23,0,COGS,AR,INV-60166
JE-000790,2025-07-01,2025-07,1230,Inventory - Purchased for Resale,0,8561.23,Inventory relief,AR,INV-60166
JE-002406,2025-07-01,2025-07,1000,Operating Cash,19306.22,0,Customer payment,AR,KBD-CR00047
JE-002407,2025-07-01,2025-07,1100,Accounts Receivable,0,19306.22,Customer payment,AR,KBD-CR00047
JE-004154,2025-07-01,2025-07,1230,Inventory - Purchased for Resale,60828.95,0,PO receipt PO-31198,INV,RCV-40194
JE-004155,2025-07-01,2025-07,2050,GR/IR Clearing (Received Not Invoiced),0,60828.95,PO receipt PO-31198,INV,RCV-40194
JE-003664 ,2025-07-02,2025-07,2050,GR/IR Clearing (Received Not Invoiced),14879.7,0,Supplier inv 5740867,AP,5740867
JE-003665,2025-07-02,2025-07,5300,Freight In,37.21,0,Freight in,AP,5740867
JE-003666,2025-07-02,2025-07,2000,Accounts Payable,0,14916.91,Supplier inv 5740867,AP,5740867
JE-003808,2025-07-02,2025-07,1230,Inventory - Purchased for Resale,1188805.8,0,PO receipt PO-31021,INV,RCV-40021
JE-003809,2025-07-02,2025-07,2050,GR/IR Clearing (Received Not Invoiced),0,1188805.8,PO receipt PO-31021,INV,RCV-40021
JE-003970,2025-07-02,2025-07,1230,Inventory - Purchased for Resale,282892.92,0,PO receipt PO-31104,INV,RCV-40102
JE-003971,2025-07-02,2025-07,2050,GR/IR Clearing (Received Not Invoiced),0,282892.92,PO receipt PO-31104,INV,RCV-40102
JE-002930,07/03/2025,2025-07,1000,Operating Cash,11925.77,0,Customer payment,AR,KBD-CR00309
JE-002931,2025-07-03,2025-07,1100,Accounts Receivable,0,11925.77,Customer payment,AR,KBD-CR00309
JE-003340,2025-07-03,2025-07,2050,GR/IR Clearing (Received Not Invoiced),293947.34,0,Supplier inv 97342566,AP,97342566
JE-003341,2025-07-03,2025-07,2000,Accounts Payable,0,293947.34,Supplier inv 97342566,AP,97342566
JE-002954,2025-07-04,2025-07,1000,Operating Cash,14881.98,0,Customer payment,AR,KBD-CR00321
JE-002955,2025-07-04,2025-07,1100,Accounts Receivable,0,14881.98,Customer payment,AR,KBD-CR00321
JE-003455,2025-07-04,2025-07,2050,GR/IR Clearing (Received Not Invoiced),3543.6,0,Supplier inv SI7143444,AP,SI7143444
JE-003456,2025-07-04,2025-07,2000,Accounts Payable,0,3543.6,Supplier inv SI7143444,AP ,SI7143444
JE-003622,2025-07-04,2025-07,2050,GR/IR Clearing (Received Not Invoiced),299209.61,0,Supplier inv INV4744587,AP,INV4744587
JE-003623,2025-07-04,2025-07,5300,Freight In,98.55,0,Freight in,AP,INV4744587
JE-003624,2025-07-04,2025-07,2000,Accounts Payable,0,299308.16,Supplier inv INV4744587,AP,INV4744587
JE-004070,2025-07-04,2025-07,1230,Inventory - Purchased for Resale,3543.6,0,PO receipt PO-31155,INV,RCV-40152
JE-004071,2025-07-04,2025-07,2050 ,GR/IR Clearing (Received Not Invoiced),0,3543.6,PO receipt PO-31155,INV,RCV-40152
JE-003104,2025-07-05,2025-07,1000,Operating Cash,25281.51,0,Customer payment,AR,KBD-CR00396
JE-003105,2025-07-05,2025-07,1100 ,Accounts Receivable,0,25281.51,Customer payment,AR,KBD-CR00396
JE-003158,2025-07-05,2025-07,2050,GR/IR Clearing (Received Not Invoiced),1217885.8,0,Supplier inv 379297,AP,379297
JE-003159,2025-07-05,2025-07,5300,Freight In,117.51,0,Freight in,AP,379297
JE-003160,2025-07-05,2025-07,2000,Accounts Payable,0,1218003.31,Supplier inv 379297,AP,379297
JE-004212,2025-07-05,2025-07,1230,Inventory - Purchased for Resale,9075.52,0,PO receipt PO-31230,INV,RCV-40223
JE-004213,2025-07-05,2025-07,2050,GR/IR Clearing (Received Not Invoiced) ,0,9075.52,PO receipt PO-31230,INV,RCV-40223
JE-001798,2025-07-06,2025-07,1100,Accounts Receivable,46063.32,0,Invoice INV-60378,AR,INV-60378
JE-001799,2025-07-06,2025-07,4010,Product Sales - Distributed,0,42949.48,Invoice INV-60378,AR,INV-60378 
JE-001800,2025-07-06,2025-07,2100,Accrued Expenses,0,3113.84,Sales tax payable,AR,INV-60378
JE-001801,2025-07-06,2025-07,5000,COGS - Materials,25089.72,0,COGS,AR,INV-60378
JE-001802 ,2025-07-06,2025-07,1230,Inventory - Purchased for Resale,0,25089.72,Inventory relief,AR,INV-60378
JE-001969,2025-07-06,2025-07,1100,Accounts Receivable,513.0,0,Invoice INV-60414,AR,INV-60414
JE-001970,2025-07-06,2025-07,4010,Product Sales - Distributed,0,513.0,Invoice INV-60414,AR,INV-60414
JE-001971,2025-07-06,2025-07,5000,COGS - Materials,353.0,0,COGS,AR,INV-60414
JE-001972,2025-07-06,2025-07,1230,Inventory - Purchased for Resale,0,353.0,Inventory relief,AR,INV-60414
JE-003418,2025-07-06,2025-07,2050,GR/IR Clearing (Received Not Invoiced),993452.84,0,Supplier inv 97037180,AP,97037180
JE-003419,2025-07-06,2025-07,2000,Accounts Payable,0,993452.84,Supplier inv 97037180,AP,97037180
JE-003612,2025-07-06,2025-07,2050,GR/IR Clearing (Received Not Invoiced),9075.52,0,Supplier inv INV4727820,AP,INV4727820
JE-003613,07/06/2025,2025-07,2000,Accounts Payable,0,9075.52,Supplier inv INV4727820,AP,INV4727820
JE-003918,2025-07-06,2025-07,1230,Inventory - Purchased for Resale,265695.07,0,PO receipt PO-31078,INV,RCV-40076
JE-003919,06-Jul-2025,2025-07,2050,GR/IR Clearing (Received Not Invoiced),0,265695.07,PO receipt PO-31078,INV,RCV-40076
JE-004038,2025-07-06,2025-07,1230,Inventory - Purchased for Resale,959610.02,0,PO receipt PO-31138,INV,RCV-40136
JE-004039,2025-07-06 ,2025-07,2050,GR/IR Clearing (Received Not Invoiced),0,959610.02,PO receipt PO-31138,INV,RCV-40136
JE-000466,2025-07-07,2025-07,1100,Accounts Receivable,47797.01,0,Invoice INV-60099,AR,INV-60099
JE-000467,2025-07-07,2025-07,4010,Product Sales - Distributed,0,43949.88,Invoice INV-60099,AR,INV-60099
JE-000468,2025-07-07,2025-07,4100,Freight Revenue,0,660.76,Freight billed,AR,INV-60099
JE-000469,2025-07-07,2025-07,2100,Accrued Expenses,0,3186.37,Sales tax payable,AR,INV-60099
JE-000470,2025-07-07,2025-07,5000,COGS - Materials,28965.08,0,COGS,AR,INV-60099
JE-000471,2025-07-07,2025-07,1230,Inventory - Purchased for Resale,0,28965.08,Inventory relief,AR,INV-60099
JE-000932,07/07/2025,2025-07,1100,Accounts Receivable,42121.19,0,Invoice INV-60196,AR,INV-60196
JE-000933,07/07/25,2025-07,4010,Product Sales - Distributed,0,42121.19,Invoice INV-60196,AR,INV-60196
JE-000934,2025-07-07,2025-07,5000,COGS - Materials,30811.22,0,COGS,AR,INV-60196
JE-000935,2025-07-07,2025-07,1230,Inventory - Purchased for Resale,0,30811.22,Inventory relief,AR,INV-60196
JE-001709,2025-07-07,2025-07 ,1100,Accounts Receivable,10688.51,0,Invoice INV-60359,AR,INV-60359
JE-001710,07-Jul-2025,2025-07,4010,Product Sales - Distributed,0,10688.51,Invoice INV-60359,AR,INV-60359
JE-001711 ,2025-07-07,2025-07,5000,COGS - Materials,7036.04,0,COGS,AR,INV-60359
JE-001712,2025-07-07,2025-07,1230,Inventory - Purchased for Resale,0,7036.04,Inventory relief,AR,INV-60359
JE-002698,2025-07-07,2025-07,1000,Operating Cash,813.88,0,Customer payment,AR,KBD-CR00193
JE-002699,2025-07-07,2025-07,1100,Accounts Receivable,0,813.88,Customer payment,AR,KBD-CR00193
JE-002718,2025-07-07,2025-07,1000,Operating Cash,19014.65,0,Customer payment,AR,KBD-CR00203
JE-002719,2025-07-07,2025-07,1100,Accounts Receivable,0,19014.65,Customer payment,AR,KBD-CR00203
JE-000751,2025-07-08,2025-07,1100,Accounts Receivable,2827.71,0,Invoice INV-60159,AR,INV-60159
JE-000752,07/08/25,2025-07,4010,Product Sales - Distributed,0,2636.56,Invoice INV-60159,AR,INV-60159
JE-000753,2025-07-08,2025-07,2100,Accrued Expenses,0,191.15,Sales tax payable,AR,INV-60159
JE-000754,2025-07-08,2025-07,5000,COGS - Materials,2154.05,0,COGS,AR,INV-60159
JE-000755,2025-07-08,2025-07 ,1230,Inventory - Purchased for Resale,0,2154.05,Inventory relief,AR,INV-60159
JE-000971,2025-07-08,2025-07,1100,Accounts Receivable,46657.11,0,Invoice INV-60205,AR,INV-60205
JE-000972,2025-07-08,2025-07,4010,Product Sales - Distributed,0,46657.11,Invoice INV-60205,AR,INV-60205
JE-000973,2025-07-08,2025-07,5000,COGS - Materials,31742.14,0,COGS,AR,INV-60205
JE-000974,2025-07-08,2025-07,1230,Inventory - Purchased for Resale,0,31742.14,Inventory relief,AR,INV-60205 
JE-002872,2025-07-08,2025-07,1000,Operating Cash,3906.39,0,Customer payment,AR,KBD-CR00280
JE-002873,2025-07-08,2025-07,1100,Accounts Receivable,0,3906.39,Customer payment,AR,KBD-CR00280
JE-003195,"Jul 08, 2025",2025-07,2050,GR/IR Clearing (Received Not Invoiced),7582.68,0,Supplier inv SI631213,AP,SI631213
JE-003196,2025-07-08,2025-07,2000,Accounts Payable,0,7582.68,Supplier inv SI631213,AP,SI631213
JE-003549,2025-07-08,2025-07,2050,GR/IR Clearing (Received Not Invoiced),60853.45,0,Supplier inv INV5184272,AP,INV5184272
JE-003550,2025-07-08,2025-07,2000,Accounts Payable ,0,60853.45,Supplier inv INV5184272,AP,INV5184272
JE-003840,08-Jul-2025,2025-07,1230,Inventory - Purchased for Resale,7582.68,0,PO receipt PO-31037,INV,RCV-40037
JE-003841,2025-07-08,2025-07,2050,GR/IR Clearing (Received Not Invoiced),0,7582.68,PO receipt PO-31037,INV,RCV-40037
JE-004120,2025-07-08,2025-07,1230,Inventory - Purchased for Resale,202376.3,0,PO receipt PO-31181,INV,RCV-40177
JE-004121,2025-07-08,2025-07,2050,GR/IR Clearing (Received Not Invoiced),0,202376.3,PO receipt PO-31181,INV,RCV-40177
JE-002778,2025-07-09,2025-07,1000,Operating Cash,35030.82,0,Customer payment,AR,KBD-CR00233
JE-002779,2025-07-09,2025-07,1100,Accounts Receivable ,0,35030.82,Customer payment,AR,KBD-CR00233
JE-000382,2025-07-10,2025-07,1100,Accounts Receivable,25947.61,0,Invoice INV-60081,AR,INV-60081
JE-000383,2025-07-10,2025-07,4010,Product Sales - Distributed,0,25678.73,Invoice INV-60081,AR,INV-60081
JE-000384,"Jul 10, 2025",2025-07,4100,Freight Revenue,0,268.88,Freight billed,AR,INV-60081
JE-000385,2025-07-10,2025-07,5000,COGS - Materials,17485.15,0,COGS,AR,INV-60081
JE-000386,2025-07-10,2025-07,1230,Inventory - Purchased for Resale,0,17485.15,Inventory relief,AR,INV-60081
JE-000662,2025-07-10,2025-07,1100,Accounts Receivable,17717.14,0,Invoice INV-60140,AR,INV-60140
JE-000663,07/10/2025,2025-07,4010,Product Sales - Distributed,0,17717.14,Invoice INV-60140,AR,INV-60140
JE-000664,2025-07-10,2025-07,5000,COGS - Materials,12874.36,0,COGS,AR,INV-60140 
JE-000665,2025-07-10,2025-07,1230,Inventory - Purchased for Resale,0,12874.36,Inventory relief,AR,INV-60140
JE-002886,2025-07-10,2025-07,1000,Operating Cash,7616.35,0,Customer payment,AR,KBD-CR00287
JE-002887,2025-07-10,2025-07,1100,Accounts Receivable,0,7616.35,Customer payment,AR,KBD-CR00287
JE-003280,2025-07-10,2025-07,2050,GR/IR Clearing (Received Not Invoiced),265695.07,0,Supplier inv INV2218397,AP,INV2218397
JE-003281,2025-07-10,2025-07,2000,Accounts Payable,0,265695.07,Supplier inv INV2218397,AP,INV2218397
JE-004156,2025-07-10,2025-07,1230,Inventory - Purchased for Resale,22268.55,0,PO receipt PO-31199,INV,RCV-40195 
JE-004157,2025-07-10,2025-07,2050,GR/IR Clearing (Received Not Invoiced),0,22268.55,PO receipt PO-31199,INV,RCV-40195
JE-001580,2025-07-11,2025-07,1100,Accounts Receivable,13947.75,0,Invoice INV-60332,AR,INV-60332
JE-001581,2025-07-11,2025-07,4010,Product Sales - Distributed,0,11450.37,Invoice INV-60332,AR,INV-60332
JE-001582,"Jul 11, 2025",2025-07,4100,Freight Revenue,0,2497.38,Freight billed,AR,INV-60332 
JE-001583,2025-07-11,2025-07,5000,COGS - Materials ,6984.06,0,COGS,AR,INV-60332
JE-001584,2025-07-11,2025-07,1230,Inventory - Purchased for Resale,0,6984.06,Inventory relief,AR,INV-60332
JE-001371,2025-07-12,2025-07,1100,Accounts Receivable,2263.23,0,Invoice INV-60289 ,AR,INV-60289
JE-001372,2025-07-12,2025-07,4010,Product Sales - Distributed,0,2263.23,Invoice INV-60289,AR,INV-60289
JE-001373,2025-07-12,2025-07,5000,COGS - Materials,1583.54,0,COGS,AR,INV-60289
JE-001374,2025-07-12,2025-07,1230,Inventory - Purchased for Resale,0,1583.54,Inventory relief,AR,INV-60289
JE-003199,2025-07-12,2025-07,2050,GR/IR Clearing (Received Not Invoiced),74214.4,0,Supplier inv INV7348332,AP,INV7348332
JE-003200,07/12/25,2025-07,5300,Freight In,66.98,0,Freight in,AP,INV7348332
JE-003201,2025-07-12,2025-07,2000,Accounts Payable,0,74281.38,Supplier inv INV7348332,AP,INV7348332
JE-003816,2025-07-12,2025-07,1230,Inventory - Purchased for Resale,94241.3,0,PO receipt PO-31025,INV,RCV-40025
JE-003817,2025-07-12,2025-07,2050,GR/IR Clearing (Received Not Invoiced),0,94241.3,PO receipt PO-31025,INV,RCV-40025
JE-003844,2025-07-12,2025-07,1230,Inventory - Purchased for Resale,74278.8,0,PO receipt PO-31040,INV,RCV-40039
JE-003845,2025-07-12,2025-07,2050,GR/IR Clearing (Received Not Invoiced),0,74278.8,PO receipt PO-31040,INV,RCV-40039
JE-003896,07/12/25,2025-07,1230,Inventory - Purchased for Resale,20501.8,0,PO receipt PO-31067,INV,RCV-40065
JE-003897,2025-07-12,2025-07,2050,GR/IR Clearing (Received Not Invoiced),0,20501.8,PO receipt PO-31067,INV,RCV-40065
JE-004184,2025-07-13,2025-07,1230,Inventory - Purchased for Resale,880792.92,0,PO receipt PO-31214,INV,RCV-40209
JE-004185,2025-07-13,2025-07,2050,GR/IR Clearing (Received Not Invoiced),0,880792.92,PO receipt PO-31214,INV,RCV-40209
JE-002322,2025-07-14,2025-07,1000,Operating Cash,1083.0,0,Customer payment,AR,KBD-CR00005
JE-002323,2025-07-14,2025-07,1100,Accounts Receivable,0,1083.0,Customer payment,AR,KBD-CR00005
JE-002386,2025-07-14,2025-07,1000,Operating Cash,8288.25,0,Customer payment,AR,KBD-CR00037
JE-002387,2025-07-14,2025-07,1100,Accounts Receivable,0,8288.25,Customer payment,AR,KBD-CR00037
JE-002612,07/14/25,2025-07,1000,Operating Cash,8972.79,0,Customer payment,AR,KBD-CR00150
JE-002613,2025-07-14,2025-07,1100,Accounts Receivable,0,8972.79,Customer payment ,AR,KBD-CR00150
JE-002706,2025-07-14,2025-07,1000,Operating Cash,9836.8,0,Customer payment,AR,KBD-CR00197
JE-002707,2025-07-14,2025-07,1100,Accounts Receivable,0,9836.8,Customer payment,AR,KBD-CR00197
JE-003012,2025-07-14,2025-07,1000,Operating Cash,19.48,0,Customer payment,AR,KBD-CR00350
JE-003013,2025-07-14,2025-07,1100,Accounts Receivable,0,19.48,Customer payment,AR,KBD-CR00350
JE-000957,2025-07-15,2025-07,1100,Accounts Receivable,15790.26,0,Invoice INV-60202,AR,INV-60202
JE-000958,15-Jul-2025,2025-07,4010,Product Sales - Distributed,0,15790.26,Invoice INV-60202,AR,INV-60202
JE-000959,2025-07-15,2025-07,5000,COGS - Materials,11080.89,0,COGS,AR,INV-60202
JE-000960,"Jul 15, 2025",2025-07,1230,Inventory - Purchased for Resale,0,11080.89,Inventory relief,AR,INV-60202
JE-001977,2025-07-15,2025-07,1100,Accounts Receivable,9852.36,0,Invoice INV-60416,AR,INV-60416
JE-001978,2025-07-15,2025-07,4010,Product Sales - Distributed,0,9852.36,Invoice INV-60416,AR,INV-60416
JE-001979,2025-07-15,2025-07,5000,COGS - Materials,5894.72,0,COGS,AR,INV-60416
JE-001980,2025-07-15,2025-07,1230,Inventory - Purchased for Resale,0,5894.72,Inventory relief,AR,INV-60416
JE-002944,2025-07-15,2025-07,1000,Operating Cash,6231.68,0,Customer payment,AR,KBD-CR00316
JE-002945,2025-07-15,2025-07,1100,Accounts Receivable,0,6231.68,Customer payment,AR,KBD-CR00316
JE-003168,2025-07-15,2025-07,2050,GR/IR Clearing (Received Not Invoiced),94241.3,0,Supplier inv INV2640916,AP,INV2640916
JE-003169,2025-07-15,2025-07,2000,Accounts Payable,0,94241.3,Supplier inv INV2640916,AP,INV2640916
JE-003510,2025-07-15,2025-07,2050,GR/IR Clearing (Received Not Invoiced),206364.1,0,Supplier inv SI3058951,AP,SI3058951
JE-003511,2025-07-15,2025-07,5300,Freight In,72.83,0,Freight in,AP,SI3058951
JE-003512,2025-07-15,2025-07,2000,Accounts Payable,0,206436.93,Supplier inv SI3058951,AP,SI3058951
JE-000044,2025-07-16,2025-07,1100,Accounts Receivable,38964.29,0,Invoice INV-60010,AR,INV-60010
JE-000045,2025-07-16,2025-07,4010,Product Sales - Distributed,0,38745.34,Invoice INV-60010,AR,INV-60010
JE-000046,2025-07-16,2025-07,4100,Freight Revenue,0,218.95,Freight billed,AR,INV-60010
JE-000047,2025-07-16,2025-07,5000,COGS - Materials,24175.34,0,COGS,AR,INV-60010
JE-000048,2025-07-16,2025-07,1230,Inventory - Purchased for Resale,0,24175.34,Inventory relief,AR,INV-60010
JE-001420,2025-07-17,2025-07,1100,Accounts Receivable,32301.97,0,Invoice INV-60299,AR,INV-60299
JE-001421,17-Jul-2025,2025-07,4010,Product Sales - Distributed,0,26537.61,Invoice INV-60299,AR,INV-60299
JE-001422,2025-07-17,2025-07,4100,Freight Revenue,0,3840.38,Freight billed,AR,INV-60299
JE-001423,"Jul 17, 2025",2025-07,2100,Accrued Expenses,0,1923.98,Sales tax payable ,AR,INV-60299
JE-001424,2025-07-17,2025-07,5000,COGS - Materials,20977.72,0,COGS,AR,INV-60299
JE-001425,2025-07-17,2025-07,1230,Inventory - Purchased for Resale,0,20977.72,Inventory relief,AR,INV-60299
JE-002614,2025-07-17,2025-07,1000,Operating Cash,8804.5,0,Customer payment,AR,KBD-CR00151
JE-002615,2025-07-17,2025-07,1100,Accounts Receivable,0,8804.5,Customer payment,AR,KBD-CR00151
JE-003256,2025-07-17,2025-07,2050,GR/IR Clearing (Received Not Invoiced),20976.8,0,Supplier inv INV5558310,AP,INV5558310
JE-003257,2025-07-17,2025-07,2000,Accounts Payable,0,20976.8,Supplier inv INV5558310,AP,INV5558310
JE-003551,2025-07-17,2025-07,2050,GR/IR Clearing (Received Not Invoiced),22268.55,0,Supplier inv 94842569,AP,94842569
JE-003552,2025-07-17,2025-07,2000,Accounts Payable,0,22268.55,Supplier inv 94842569,AP,94842569
JE-000709,"Jul 18, 2025",2025-07,1100,Accounts Receivable,29812.94,0,Invoice INV-60150,AR,INV-60150
JE-000710,2025-07-18,2025-07,4010,Product Sales - Distributed,0,23349.24,Invoice INV-60150,AR,INV-60150
JE-000711,2025-07-18 ,2025-07,4100,Freight Revenue,0,6463.7,Freight billed,AR,INV-60150
JE-000712,2025-07-18,2025-07,5000,COGS - Materials,15230.52,0,COGS,AR,INV-60150
JE-000713,2025-07-18,2025-07,1230 ,Inventory - Purchased for Resale,0,15230.52,Inventory relief,AR,INV-60150
JE-002104,2025-07-18,2025-07,1100,Accounts Receivable,4163.67,0,Invoice INV-60443,AR,INV-60443
JE-002105,2025-07-18,2025-07,4010,Product Sales - Distributed,0,4163.67,Invoice INV-60443,AR,INV-60443
JE-002106,2025-07-18,2025-07,5000,COGS - Materials,3201.78,0,COGS,AR,INV-60443
JE-002107,2025-07-18,2025-07,1230,Inventory - Purchased for Resale,0,3201.78,Inventory relief,AR,INV-60443
JE-003916,07/18/2025,2025-07,1230,Inventory - Purchased for Resale,549512.5,0,PO receipt PO-31077,INV,RCV-40075
JE-003917,2025-07-18,2025-07,2050,GR/IR Clearing (Received Not Invoiced),0,549512.5,PO receipt PO-31077,INV,RCV-40075
JE-004280 ,"Jul 18, 2025",2025-07,1230,Inventory - Purchased for Resale,3203.4,0,PO receipt PO-31266,INV,RCV-40257
JE-004281,2025-07-18,2025-07,2050,GR/IR Clearing (Received Not Invoiced),0,3203.4,PO receipt PO-31266,INV ,RCV-40257
JE-004330,2025-07-18,2025-07,1230,Inventory - Purchased for Resale,7340.6,0,PO receipt PO-31293,INV,RCV-40282
JE-004331,2025-07-18,2025-07,2050,GR/IR Clearing (Received Not Invoiced),0,7340.6,PO receipt PO-31293,INV,RCV-40282
JE-002646,2025-07-19,2025-07,1000,Operating Cash,8642.4,0,Customer payment,AR,KBD-CR00167
JE-002647,2025-07-19,2025-07,1100,Accounts Receivable ,0,8642.4,Customer payment,AR,KBD-CR00167
JE-003070,2025-07-19,2025-07,1000,Operating Cash,25949.61,0,Customer payment,AR,KBD-CR00379
JE-003071,07/19/25,2025-07,1100,Accounts Receivable,0,25949.61,Customer payment,AR,KBD-CR00379
JE-003582,2025-07-19,2025-07,2050,GR/IR Clearing (Received Not Invoiced),880792.92,0,Supplier inv 6529587,AP,6529587
JE-003583,2025-07-19 ,2025-07,2000,Accounts Payable,0,880792.92,Supplier inv 6529587,AP,6529587
JE-004086,2025-07-19,2025-07,1230,Inventory - Purchased for Resale,73242.04,0,PO receipt PO-31163,INV,RCV-40160
JE-004087,2025-07-19,2025-07,2050,GR/IR Clearing (Received Not Invoiced),0,73242.04,PO receipt PO-31163,INV,RCV-40160
JE-004100,"Jul 19, 2025",2025-07,1230,Inventory - Purchased for Resale,27592.92,0,PO receipt PO-31170,INV,RCV-40167
JE-004101,2025-07-19,2025-07,2050,GR/IR Clearing (Received Not Invoiced),0,27592.92,PO receipt PO-31170,INV,RCV-40167
JE-004190,2025-07-19,2025-07,1230,Inventory - Purchased for Resale,356529.11,0,PO receipt PO-31217,INV,RCV-40212
JE-004191,2025-07-19,2025-07,2050,GR/IR Clearing (Received Not Invoiced),0,356529.11,PO receipt PO-31217,INV,RCV-40212
JE-001690,2025-07-20,2025-07,1100 ,Accounts Receivable,15192.62,0,Invoice INV-60355,AR,INV-60355
JE-001691,2025-07-20,2025-07,4010,Product Sales - Distributed,0,14165.61,Invoice INV-60355,AR,INV-60355
JE-001692,2025-07-20,2025-07 ,2100,Accrued Expenses,0,1027.01,Sales tax payable,AR,INV-60355
JE-001693,2025-07-20,2025-07,5000,COGS - Materials,10477.39,0,COGS,AR,INV-60355
JE-001694,2025-07-20,2025-07,1230,Inventory - Purchased for Resale,0,10477.39,Inventory relief,AR,INV-60355
JE-001713,2025-07-20,2025-07,1100,Accounts Receivable,8188.67,0,Invoice INV-60360,AR,INV-60360
JE-001714,2025-07-20,2025-07,4010,Product Sales - Distributed,0,7799.53,Invoice INV-60360,AR,INV-60360
JE-001715,2025-07-20,2025-07,4100,Freight Revenue,0,389.14,Freight billed,AR,INV-60360
JE-001716,2025-07-20,2025-07,5000,COGS - Materials,5373.6,0,COGS,AR,INV-60360
JE-001717,2025-07-20,2025-07,1230,Inventory - Purchased for Resale,0,5373.6,Inventory relief,AR,INV-60360
JE-002260,07/20/2025,2025-07,1100,Accounts Receivable,13827.8,0,Invoice INV-60477,AR,INV-60477
JE-002261,2025-07-20,2025-07,4010,Product Sales - Distributed,0,12893.05,Invoice INV-60477,AR,INV-60477
JE-002262 ,"Jul 20, 2025",2025-07,2100,Accrued Expenses,0,934.75,Sales tax payable,AR ,INV-60477
JE-002263,2025-07-20,2025-07,5000,COGS - Materials,8074.05,0,COGS,AR,INV-60477
JE-002264,2025-07-20,2025-07,1230,Inventory - Purchased for Resale,0,8074.05,Inventory relief,AR,INV-60477
JE-002794,2025-07-20,2025-07,1000,Operating Cash,631.19,0,Customer payment,AR,KBD-CR00241
JE-002795,07/20/25,2025-07,1100,Accounts Receivable,0,631.19,Customer payment,AR,KBD-CR00241
JE-003278,2025-07-20,2025-07 ,2050,GR/IR Clearing (Received Not Invoiced),550056.39,0,Supplier inv INV9588895,AP,INV9588895
JE-003279,2025-07-20,2025-07,2000,Accounts Payable,0,550056.39,Supplier inv INV9588895,AP,INV9588895
JE-003588,2025-07-20,2025-07,2050,GR/IR Clearing (Received Not Invoiced),356529.11,0,Supplier inv SI8103127,AP,SI8103127
JE-003589,2025-07-20,2025-07,2000,Accounts Payable,0,356529.11,Supplier inv SI8103127,AP,SI8103127
JE-003750,2025-07-20,2025-07,2050,GR/IR Clearing (Received Not Invoiced),7603.59,0,Supplier inv INV2392659,AP,INV2392659
JE-003751,2025-07-20,2025-07,2000,Accounts Payable,0,7603.59,Supplier inv INV2392659,AP,INV2392659
JE-003942,2025-07-20,2025-07,1230,Inventory - Purchased for Resale,14018.7,0,PO receipt PO-31090,INV,RCV-40088
JE-003943,2025-07-20,2025-07,2050,GR/IR Clearing (Received Not Invoiced),0,14018.7,PO receipt PO-31090,INV,RCV-40088
JE-001375,07/21/2025,2025-07,1100,Accounts Receivable,5837.57,0,Invoice INV-60290,AR,INV-60290
JE-001376,2025-07-21,2025-07,4010,Product Sales - Distributed,0,5283.65,Invoice INV-60290,AR,INV-60290
JE-001377,07/21/25,2025-07,4100,Freight Revenue,0,553.92,Freight billed,AR,INV-60290
JE-001378,2025-07-21,2025-07 ,5000,COGS - Materials,3489.33,0,COGS,AR,INV-60290
JE-001379,2025-07-21,2025-07,1230,Inventory - Purchased for Resale,0,3489.33,Inventory relief,AR,INV-60290
JE-001900,2025-07-21,2025-07,1100,Accounts Receivable,290.98,0,Invoice INV-60399,AR,INV-60399
JE-001901,2025-07-21,2025-07,4010,Product Sales - Distributed,0,290.98,Invoice INV-60399,AR,INV-60399
JE-001902,2025-07-21,2025-07,5000,COGS - Materials,198.78,0,COGS,AR,INV-60399
JE-001903,2025-07-21,2025-07,1230,Inventory - Purchased for Resale,0,198.78,Inventory relief,AR,INV-60399
JE-002740,2025-07-21,2025-07,1000,Operating Cash,6261.67,0,Customer payment,AR,KBD-CR00214
JE-002741,2025-07-21,2025-07,1100,Accounts Receivable,0,6261.67,Customer payment,AR,KBD-CR00214
JE-002810,2025-07-21,2025-07,1000,Operating Cash,6947.56,0,Customer payment,AR,KBD-CR00249
JE-002811,2025-07-21,2025-07,1100,Accounts Receivable ,0,6947.56,Customer payment,AR,KBD-CR00249
JE-004010 ,2025-07-21,2025-07,1230,Inventory - Purchased for Resale,12112.26,0,PO receipt PO-31124,INV,RCV-40122
JE-004011,2025-07-21,2025-07,2050,GR/IR Clearing (Received Not Invoiced),0,12112.26,PO receipt PO-31124,INV,RCV-40122
JE-000335,2025-07-22,2025-07,1100,Accounts Receivable,2248.45,0,Invoice INV-60071,AR,INV-60071
JE-000336,07/22/25,2025-07,4010,Product Sales - Distributed,0,1778.53,Invoice INV-60071,AR,INV-60071
JE-000337,2025-07-22 ,2025-07,4100,Freight Revenue,0,469.92,Freight billed,AR,INV-60071
JE-000338,2025-07-22,2025-07,5000,COGS - Materials,1201.76,0,COGS,AR,INV-60071
JE-000339,2025-07-22,2025-07,1230,Inventory - Purchased for Resale,0,1201.76,Inventory relief,AR,INV-60071
JE-001472,2025-07-22,2025-07,1100,Accounts Receivable,3326.5,0,Invoice INV-60309,AR,INV-60309
JE-001473,2025-07-22,2025-07,4010,Product Sales - Distributed,0,3326.5,Invoice INV-60309,AR,INV-60309
JE-001474,2025-07-22,2025-07,5000,COGS - Materials,2601.5,0,COGS,AR,INV-60309
JE-001475,2025-07-22,2025-07,1230,Inventory - Purchased for Resale,0,2601.5,Inventory relief,AR,INV-60309
JE-001643,"Jul 22, 2025",2025-07,1100,Accounts Receivable,10265.61,0,Invoice INV-60345,AR ,INV-60345
JE-001644,2025-07-22,2025-07,4010,Product Sales - Distributed,0,9447.5,Invoice INV-60345,AR,INV-60345
JE-001645,22-Jul-2025,2025-07 ,4100,Freight Revenue,0,818.11,Freight billed,AR,INV-60345
JE-001646,2025-07-22,2025-07,5000,COGS - Materials,6496.49,0,COGS,AR,INV-60345
JE-001647,2025-07-22,2025-07,1230,Inventory - Purchased for Resale,0,6496.49,Inventory relief,AR,INV-60345
JE-002610,2025-07-22,2025-07,1000,Operating Cash,2805.37,0,Customer payment,AR,KBD-CR00149
JE-002611,2025-07-22,2025-07,1100,Accounts Receivable,0,2805.37,Customer payment,AR,KBD-CR00149
JE-003306,2025-07-22,2025-07,2050,GR/IR Clearing (Received Not Invoiced),14018.7,0,Supplier inv 7597081,AP,7597081
JE-003307,2025-07-22,2025-07,2000,Accounts Payable,0,14018.7,Supplier inv 7597081,AP,7597081
JE-003473,2025-07-22,2025-07,2050,GR/IR Clearing (Received Not Invoiced),73242.04,0,Supplier inv 96661192,AP,96661192
JE-003474,2025-07-22,2025-07,2000,Accounts Payable,0,73242.04,Supplier inv 96661192,AP,96661192
JE-003690,2025-07-22,2025-07,2050,GR/IR Clearing (Received Not Invoiced),3203.4,0,Supplier inv INV4351435,AP,INV4351435
JE-003691,2025-07-22,2025-07,5300,Freight In,160.76,0,Freight in,AP,INV4351435
JE-003692,2025-07-22,2025-07,2000,Accounts Payable,0,3364.16,Supplier inv INV4351435,AP,INV4351435
JE-003936,2025-07-22,2025-07,1230,Inventory - Purchased for Resale,10196.0,0,PO receipt PO-31087,INV,RCV-40085
JE-003937,2025-07-22,2025-07,2050,GR/IR Clearing (Received Not Invoiced),0,10196.0,PO receipt PO-31087,INV,RCV-40085
JE-004014,2025-07-22,2025-07,1230,Inventory - Purchased for Resale,110008.05,0,PO receipt PO-31126,INV,RCV-40124
JE-004015,2025-07-22,2025-07,2050,GR/IR Clearing (Received Not Invoiced),0,110008.05,PO receipt PO-31126,INV,RCV-40124
JE-002498,2025-07-23,2025-07,1000,Operating Cash,11354.74,0,Customer payment,AR,KBD-CR00093
JE-002499,2025-07-23,2025-07,1100,Accounts Receivable,0,11354.74,Customer payment,AR,KBD-CR00093
JE-002776,2025-07-23,2025-07,1000,Operating Cash,4846.0,0,Customer payment,AR,KBD-CR00232
JE-002777,2025-07-23,2025-07,1100,Accounts Receivable,0,4846.0,Customer payment,AR,KBD-CR00232
JE-002986,2025-07-23,2025-07,1000,Operating Cash,25100.46,0,Customer payment,AR,KBD-CR00337
JE-002987 ,2025-07-23,2025-07,1100,Accounts Receivable,0,25100.46,Customer payment,AR,KBD-CR00337
JE-003018,07/23/2025,2025-07,1000 ,Operating Cash,4414.46,0,Customer payment,AR,KBD-CR00353
JE-003019,07/23/25,2025-07,1100,Accounts Receivable,0,4414.46,Customer payment,AR,KBD-CR00353
JE-003488,2025-07-23,2025-07,2050,GR/IR Clearing (Received Not Invoiced),28012.08,0,Supplier inv SI7324713,AP,SI7324713 
JE-003489,2025-07-23,2025-07,2000,Accounts Payable,0,28012.08,Supplier inv SI7324713,AP,SI7324713
JE-001260,07/24/2025,2025-07,1100,Accounts Receivable,4366.77,0,Invoice INV-60266,AR,INV-60266
JE-001261,2025-07-24,2025-07,4010,Product Sales - Distributed,0,3880.15,Invoice INV-60266,AR,INV-60266
JE-001262,2025-07-24,2025-07,4100,Freight Revenue,0,486.62,Freight billed,AR,INV-60266
JE-001263,2025-07-24,2025-07,5000,COGS - Materials,2293.8,0,COGS ,AR,INV-60266
JE-001264,2025-07-24,2025-07,1230,Inventory - Purchased for Resale,0,2293.8,Inventory relief ,AR,INV-60266
JE-002458,2025-07-24,2025-07,1000,Operating Cash,18565.33,0,Customer payment,AR,KBD-CR00073
JE-002459,2025-07-24,2025-07,1100,Accounts Receivable,0,18565.33,Customer payment,AR,KBD-CR00073
JE-002546,2025-07-24,2025-07,1000,Operating Cash,7275.87,0,Customer payment,AR,KBD-CR00117
JE-002547,2025-07-24,2025-07,1100,Accounts Receivable,0,7275.87,Customer payment,AR ,KBD-CR00117
JE-002632,2025-07-24,2025-07,1000,Operating Cash,2014.21,0,Customer payment,AR,KBD-CR00160
JE-002633,2025-07-24,2025-07,1100,Accounts Receivable,0,2014.21,Customer payment,AR,KBD-CR00160
JE-002912,2025-07-24,2025-07,1000,Operating Cash,244.78,0,Customer payment,AR,KBD-CR00300
JE-002913,2025-07-24,2025-07,1100,Accounts Receivable,0,244.78,Customer payment,AR,KBD-CR00300
JE-004300,2025-07-24,2025-07,1230,Inventory - Purchased for Resale,28415.1,0,PO receipt PO-31277,INV,RCV-40267
JE-004301,07/24/2025,2025-07,2050,GR/IR Clearing (Received Not Invoiced),0,28415.1,PO receipt PO-31277,INV,RCV-40267
JE-002390,2025-07-25,2025-07,1000,Operating Cash,34747.23,0,Customer payment,AR,KBD-CR00039
JE-002391,2025-07-25,2025-07,1100,Accounts Receivable,0,34747.23,Customer payment,AR,KBD-CR00039
JE-003062,2025-07-25,2025-07,1000,Operating Cash,23478.24,0,Customer payment,AR,KBD-CR00375
JE-003063,2025-07-25,2025-07,1100,Accounts Receivable,0,23478.24,Customer payment,AR,KBD-CR00375
JE-003388,2025-07-25,2025-07 ,2050,GR/IR Clearing (Received Not Invoiced),110008.05,0,Supplier inv 96041340,AP,96041340
JE-003389,2025-07-25,2025-07,5300,Freight In,13.61,0,Freight in,AP,96041340
JE-003390,"Jul 25, 2025",2025-07,2000,Accounts Payable,0,110021.66,Supplier inv 96041340,AP,96041340
JE-000494,2025-07-26,2025-07,1100,Accounts Receivable,35134.07,0,Invoice INV-60105,AR,INV-60105
JE-000495,2025-07-26,2025-07,4010,Product Sales - Distributed,0,23258.64,Invoice INV-60105,AR,INV-60105
JE-000496,2025-07-26,2025-07,4100,Freight Revenue,0,11875.43,Freight billed,AR,INV-60105
JE-000497,2025-07-26,2025-07,5000,COGS - Materials,16900.73,0,COGS,AR,INV-60105
JE-000498,2025-07-26,2025-07,1230,Inventory - Purchased for Resale,0,16900.73,Inventory relief,AR,INV-60105
JE-002584,2025-07-26,2025-07,1000,Operating Cash,43238.44,0,Customer payment,AR,KBD-CR00136
JE-002585,2025-07-26,2025-07,1100,Accounts Receivable,0,43238.44,Customer payment,AR,KBD-CR00136
JE-003024,2025-07-26,2025-07,1000,Operating Cash,7873.74,0,Customer payment,AR,KBD-CR00356
JE-003025,2025-07-26,2025-07,1100,Accounts Receivable,0,7873.74,Customer payment,AR,KBD-CR00356
JE-003384,2025-07-26,2025-07,2050,GR/IR Clearing (Received Not Invoiced),12112.26,0,Supplier inv 5890986,AP,5890986
JE-003385,2025-07-26,2025-07,2000,Accounts Payable,0,12112.26,Supplier inv 5890986,AP,5890986
JE-003714,07/26/25,2025-07,2050,GR/IR Clearing (Received Not Invoiced) ,28484.6,0,Supplier inv 2587784,AP,2587784
JE-003715,2025-07-26,2025-07,2000,Accounts Payable,0,28484.6,Supplier inv 2587784,AP,2587784
JE-000068,2025-07-27,2025-07,1100,Accounts Receivable,51849.33,0,Invoice INV-60015,AR,INV-60015 
JE-000069,2025-07-27,2025-07,4010,Product Sales - Distributed,0,51849.33,Invoice INV-60015,AR,INV-60015
JE-000070,07/27/25,2025-07,5000,COGS - Materials,39415.67,0,COGS,AR,INV-60015
JE-000071,2025-07-27,2025-07,1230,Inventory - Purchased for Resale,0,39415.67,Inventory relief,AR,INV-60015
JE-003300,2025-07-27,2025-07,2050 ,GR/IR Clearing (Received Not Invoiced),10604.0,0,Supplier inv SI9755882,AP,SI9755882
JE-003301,2025-07-27,2025-07 ,2000,Accounts Payable,0,10604.0,Supplier inv SI9755882,AP,SI9755882
JE-003958,2025-07-27,2025-07,1230,Inventory - Purchased for Resale,621473.38,0,PO receipt PO-31098,INV,RCV-40096
JE-003959,2025-07-27,2025-07,2050,GR/IR Clearing (Received Not Invoiced),0,621473.38,PO receipt PO-31098,INV,RCV-40096
JE-000461,2025-07-28,2025-07,1100,Accounts Receivable,17494.92,0,Invoice INV-60098,AR,INV-60098
JE-000462,2025-07-28,2025-07,4010,Product Sales - Distributed,0,17312.05,Invoice INV-60098,AR,INV-60098
JE-000463,2025-07-28,2025-07,4100,Freight Revenue,0,182.87,Freight billed,AR,INV-60098
JE-000464,2025-07-28,2025-07,5000,COGS - Materials,12017.53,0,COGS,AR,INV-60098
JE-000465,2025-07-28,2025-07,1230,Inventory - Purchased for Resale,0,12017.53,Inventory relief,AR,INV-60098
JE-000543,2025-07-28,2025-07,1100,Accounts Receivable,16165.74,0,Invoice INV-60116,AR,INV-60116
JE-000544,2025-07-28,2025-07,4010,Product Sales - Distributed,0,14927.8,Invoice INV-60116,AR,INV-60116
JE-000545,2025-07-28,2025-07,4100,Freight Revenue ,0,1237.94,Freight billed,AR,INV-60116
JE-000546,2025-07-28,2025-07,5000,COGS - Materials,9219.84,0,COGS,AR,INV-60116
JE-000547,2025-07-28,2025-07,1230,Inventory - Purchased for Resale,0,9219.84,Inventory relief,AR,INV-60116
JE-001609,2025-07-28,2025-07,1100,Accounts Receivable,5438.17,0,Invoice INV-60338,AR,INV-60338
JE-001610,2025-07-28,2025-07,4010,Product Sales - Distributed,0,5438.17,Invoice INV-60338,AR,INV-60338
JE-001611,2025-07-28,2025-07,5000,COGS - Materials,3783.58,0,COGS,AR,INV-60338
JE-001612,2025-07-28,2025-07,1230,Inventory - Purchased for Resale,0,3783.58,Inventory relief,AR,INV-60338
JE-002034,2025-07-28,2025-07,1100,Accounts Receivable,11823.43,0,Invoice INV-60428,AR,INV-60428
JE-002035,2025-07-28,2025-07,4010,Product Sales - Distributed,0,11024.18,Invoice INV-60428,AR,INV-60428
JE-002036,2025-07-28,2025-07,2100,Accrued Expenses,0,799.25,Sales tax payable,AR,INV-60428
JE-002037,2025-07-28,2025-07,5000,COGS - Materials,6684.36,0,COGS,AR,INV-60428
JE-002038,2025-07-28,2025-07,1230,Inventory - Purchased for Resale,0,6684.36,Inventory relief,AR,INV-60428
JE-002604,2025-07-28,2025-07 ,1000,Operating Cash,5853.61,0,Customer payment,AR,KBD-CR00146
JE-002605,2025-07-28,2025-07,1100,Accounts Receivable,0,5853.61,Customer payment,AR,KBD-CR00146
JE-002904,2025-07-28,2025-07,1000 ,Operating Cash,417.6,0,Customer payment,AR,KBD-CR00296
JE-002905,2025-07-28,2025-07,1100,Accounts Receivable,0,417.6,Customer payment,AR,KBD-CR00296
JE-000319,2025-07-29,2025-07,1100,Accounts Receivable,13456.47,0,Invoice INV-60068,AR,INV-60068
JE-000320,2025-07-29,2025-07,4010,Product Sales - Distributed,0,12223.68,Invoice INV-60068,AR,INV-60068
JE-000321,2025-07-29,2025-07,4100,Freight Revenue,0,346.57,Freight billed,AR,INV-60068
JE-000322,2025-07-29,2025-07,2100,Accrued Expenses,0,886.22,Sales tax payable,AR,INV-60068
JE-000323,2025-07-29,2025-07,5000,COGS - Materials,7929.78,0,COGS,AR,INV-60068
JE-000324,2025-07-29,2025-07,1230,Inventory - Purchased for Resale,0,7929.78,Inventory relief,AR,INV-60068
JE-001908,2025-07-29,2025-07,1100,Accounts Receivable,1273.08,0,Invoice INV-60401,AR,INV-60401
JE-001909,2025-07-29,2025-07,4010,Product Sales - Distributed,0,1069.25,Invoice INV-60401,AR,INV-60401
JE-001910,2025-07-29,2025-07,4100 ,Freight Revenue,0,126.31,Freight billed,AR,INV-60401
JE-001911,2025-07-29,2025-07,2100,Accrued Expenses,0,77.52,Sales tax payable,AR,INV-60401
JE-001912,2025-07-29,2025-07,5000 ,COGS - Materials ,595.5,0,COGS,AR,INV-60401
JE-001913,2025-07-29,2025-07,1230,Inventory - Purchased for Resale,0,595.5,Inventory relief,AR,INV-60401
JE-002848,2025-07-29,2025-07,1000,Operating Cash,35481.01,0,Customer payment,AR,KBD-CR00268
JE-002849,2025-07-29,2025-07,1100,Accounts Receivable,0,35481.01,Customer payment,AR,KBD-CR00268
JE-003016,2025-07-29,2025-07,1000,Operating Cash,18620.2,0,Customer payment,AR,KBD-CR00352
JE-003017,2025-07-29,2025-07,1100,Accounts Receivable,0,18620.2,Customer payment,AR,KBD-CR00352
JE-002384,2025-07-30,2025-07,1000,Operating Cash,24650.12,0,Customer payment,AR,KBD-CR00036
JE-002385,2025-07-30,2025-07,1100,Accounts Receivable,0,24650.12,Customer payment,AR,KBD-CR00036
JE-003872,2025-07-30,2025-07 ,1230,Inventory - Purchased for Resale,307201.44,0,PO receipt PO-31054,INV,RCV-40053
JE-003873,2025-07-30,2025-07,2050,GR/IR Clearing (Received Not Invoiced) ,0,307201.44,PO receipt PO-31054,INV,RCV-40053
JE-002176,2025-07-31,2025-07,1100,Accounts Receivable,17438.14,0,Invoice INV-60459,AR,INV-60459
JE-002177,2025-07-31,2025-07,4010,Product Sales - Distributed,0,12431.18,Invoice INV-60459,AR,INV-60459
JE-002178,31-Jul-2025,2025-07,4100,Freight Revenue,0,5006.96,Freight billed,AR,INV-60459
JE-002179,2025-07-31,2025-07,5000,COGS - Materials,7703.83,0,COGS,AR,INV-60459 
JE-002180,"Jul 31, 2025",2025-07,1230,Inventory - Purchased for Resale,0,7703.83,Inventory relief,AR,INV-60459
JE-003020,2025-07-31,2025-07,1000,Operating Cash,9156.82,0,Customer payment,AR,KBD-CR00354
JE-003021,2025-07-31,2025-07,1100,Accounts Receivable,0,9156.82,Customer payment,AR,KBD-CR00354
JE-003324,2025-07-31,2025-07,2050,GR/IR Clearing (Received Not Invoiced),633866.76,0,Supplier inv SI9769797,AP,SI9769797
JE-003325,2025-07-31,2025-07,5300,Freight In,100.37,0,Freight in,AP,SI9769797
JE-003326 ,2025-07-31,2025-07,2000,Accounts Payable,0,633967.13,Supplier inv SI9769797,AP,SI9769797
JE-004350,2025-07-31,2025-07,6700,Office & Supplies,2337.84,0,"Iron Mountain Information Management, LLC",AP,KBD-AP00003
JE-004351,2025-07-31,2025-07,2000,Accounts Payable,0,2337.84,"Iron Mountain Information Management, LLC",AP,KBD-AP00003
JE-004368,2025-07-31,2025-07,6700,Office & Supplies,3532.72,0,GRAINGER,AP,KBD-AP00012
JE-004369,31-Jul-2025,2025-07,2000,Accounts Payable,0,3532.72,GRAINGER,AP,KBD-AP00012
JE-004402,2025-07-31,2025-07,6700,Office & Supplies ,3017.8,0,STAPLES BUS ADV,AP,KBD-AP00029
JE-004403,2025-07-31,2025-07,2000,Accounts Payable,0,3017.8,STAPLES BUS ADV,AP,KBD-AP00029
JE-004442,2025-07-31,2025-07,6300,Rent,14200,0,Allentown Industrial Park LLC,AP,KBD-AP00049
JE-004443,2025-07-31,2025-07,2000,Accounts Payable,0,14200,Allentown Industrial Park LLC,AP,KBD-AP00049
JE-004466,2025-07-31,2025-07,6400,Software Subscriptions,9000.0,0,NetSuite ,AP,SW-NETSUI
JE-004467,2025-07-31,2025-07,2000,Accounts Payable,0,9000.0,NetSuite,AP,SW-NETSUI
JE-004490,2025-07-31,2025-07,6400,Software Subscriptions,1725.0,0,Autodesk Inventor,AP,SW-AUTODE
JE-004491,2025-07-31,2025-07,2000,Accounts Payable,0,1725.0,Autodesk Inventor,AP,SW-AUTODE
JE-004514,2025-07-31 ,2025-07,6400,Software Subscriptions,400.0,0,uniPoint QMS,AP,SW-UNIPOI
JE-004515,31-Jul-2025,2025-07,2000,Accounts Payable,0,400.0,uniPoint QMS,AP,SW-UNIPOI
JE-004538 ,2025-07-31,2025-07,6400,Software Subscriptions,787.5,0,Microsoft 365 Business Standard,AP,SW-MICROS
JE-004539,2025-07-31,2025-07,2000,Accounts Payable,0,787.5,Microsoft 365 Business Standard,AP,SW-MICROS
JE-004562 ,2025-07-31,2025-07,6400,Software Subscriptions,1980.0,0,Paycom,AP ,SW-PAYCOM
JE-004563,2025-07-31,2025-07,2000,Accounts Payable,0,1980.0,Paycom,AP,SW-PAYCOM
JE-004586,2025-07-31,2025-07,6400,Software Subscriptions,1200.0,0,ShipStation,AP,SW-SHIPST
JE-004587,"Jul 31, 2025",2025-07,2000,Accounts Payable,0,1200.0,ShipStation,AP,SW-SHIPST
JE-004610,2025-07-31,2025-07,6400,Software Subscriptions,720.0,0,HubSpot Sales Hub,AP,SW-HUBSPO
JE-004611,2025-07-31,2025-07,2000,Accounts Payable,0,720.0,HubSpot Sales Hub,AP,SW-HUBSPO
JE-004634,07/31/2025,2025-07,6400,Software Subscriptions,567.0,0,Expensify,AP,SW-EXPENS
JE-004635,2025-07-31,2025-07,2000,Accounts Payable,0,567.0,Expensify,AP,SW-EXPENS
JE-004658,2025-07-31,2025-07,6400,Software Subscriptions,880.0,0,Dropbox Business,AP,SW-DROPBO
JE-004659,2025-07-31,2025-07,2000,Accounts Payable,0,880.0,Dropbox Business,AP,SW-DROPBO
JE-004682,2025-07-31,2025-07,6400,Software Subscriptions,630.0,0,Zoom Workplace,AP,SW-ZOOMW
JE-004683,2025-07-31,2025-07,2000,Accounts Payable,0,630.0,Zoom Workplace,AP,SW-ZOOMW
JE-004706,31-Jul-2025,2025-07,6400,Software Subscriptions,392.0,0,8x8 Work,AP,SW-8X8WO
JE-004707,2025-07-31,2025-07,2000,Accounts Payable,0,392.0,8x8 Work,AP,SW-8X8WO
JE-004730,2025-07-31,2025-07,6000,Salaries & Wages,342022.21,0,Monthly payroll,PR,PR-202507
JE-004731,2025-07-31,2025-07 ,2300,Payroll Liabilities,0,342022.21,Monthly payroll,PR,PR-202507
JE-001100 ,2025-08-01,2025-08,1100,Accounts Receivable,5428.33,0,Invoice INV-60232,AR,INV-60232
JE-001101,2025-08-01,2025-08,4010,Product Sales - Distributed,0,5428.33,Invoice INV-60232,AR,INV-60232
JE-001102,2025-08-01,2025-08,5000,COGS - Materials,2911.73,0,COGS,AR,INV-60232
JE-001103,2025-08-01,2025-08,1230,Inventory - Purchased for Resale,0,2911.73,Inventory relief,AR,INV-60232
JE-003914,2025-08-01,2025-08,1230,Inventory - Purchased for Resale,314271.94,0,PO receipt PO-31076,INV,RCV-40074
JE-003915,2025-08-01,2025-08,2050,GR/IR Clearing (Received Not Invoiced),0,314271.94,PO receipt PO-31076,INV,RCV-40074
JE-001015,2025-08-02,2025-08,1100,Accounts Receivable,13750.66,0,Invoice INV-60214,AR,INV-60214
JE-001016,2025-08-02,2025-08,4010,Product Sales - Distributed,0,13750.66,Invoice INV-60214,AR,INV-60214
JE-001017,2025-08-02,2025-08,5000,COGS - Materials,10076.14,0,COGS,AR,INV-60214
JE-001018,2025-08-02,2025-08,1230,Inventory - Purchased for Resale,0,10076.14,Inventory relief,AR,INV-60214
JE-002938,2025-08-02,2025-08,1000,Operating Cash,18635.85,0,Customer payment,AR,KBD-CR00313
JE-002939,2025-08-02,2025-08,1100,Accounts Receivable,0,18635.85,Customer payment,AR,KBD-CR00313
JE-004130,02-Aug-2025,2025-08,1230,Inventory - Purchased for Resale,6870.8,0,PO receipt PO-31186,INV,RCV-40182 
JE-004131,2025-08-02,2025-08,2050,GR/IR Clearing (Received Not Invoiced),0,6870.8,PO receipt PO-31186,INV,RCV-40182
JE-000314,2025-08-03,2025-08,1100,Accounts Receivable,306.22,0,Invoice INV-60067,AR,INV-60067
JE-000315,2025-08-03,2025-08,4010,Product Sales - Distributed,0,285.52,Invoice INV-60067,AR,INV-60067
JE-000316,2025-08-03,2025-08,2100,Accrued Expenses,0,20.7,Sales tax payable,AR,INV-60067
JE-000317,2025-08-03,2025-08,5000,COGS - Materials,186.61,0,COGS,AR ,INV-60067
JE-000318,2025-08-03,2025-08,1230,Inventory - Purchased for Resale,0,186.61,Inventory relief,AR,INV-60067
JE-001199,2025-08-03,2025-08,1100,Accounts Receivable,277.46,0,Invoice INV-60253,AR,INV-60253
JE-001200,2025-08-03,2025-08,4010,Product Sales - Distributed,0,205.25,Invoice INV-60253,AR,INV-60253
JE-001201,2025-08-03,2025-08,4100,Freight Revenue,0,72.21,Freight billed,AR,INV-60253
JE-001202,2025-08-03,2025-08,5000,COGS - Materials,176.89,0,COGS,AR,INV-60253
JE-001203,2025-08-03,2025-08,1230,Inventory - Purchased for Resale,0,176.89,Inventory relief,AR,INV-60253
JE-001490,2025-08-03,2025-08,1100,Accounts Receivable,1604.76,0,Invoice INV-60313,AR,INV-60313
JE-001491,2025-08-03,2025-08,4010,Product Sales - Distributed,0,1246.48,Invoice INV-60313,AR,INV-60313
JE-001492,2025-08-03,2025-08,4100,Freight Revenue,0,267.91,Freight billed,AR,INV-60313
JE-001493,2025-08-03,2025-08,2100,Accrued Expenses,0,90.37,Sales tax payable,AR,INV-60313
JE-001494,2025-08-03,2025-08,5000,COGS - Materials,793.6,0,COGS,AR,INV-60313
JE-001495,2025-08-03,2025-08,1230,Inventory - Purchased for Resale,0,793.6,Inventory relief,AR,INV-60313
JE-001701,08/03/25,2025-08,1100,Accounts Receivable,15461.21,0,Invoice INV-60357,AR,INV-60357
JE-001702,2025-08-03,2025-08,4010,Product Sales - Distributed,0,15461.21,Invoice INV-60357,AR,INV-60357
JE-001703,2025-08-03,2025-08,5000,COGS - Materials,11056.33,0,COGS,AR,INV-60357
JE-001704,2025-08-03,2025-08,1230,Inventory - Purchased for Resale,0,11056.33,Inventory relief,AR,INV-60357
JE-002416,2025-08-03,2025-08,1000,Operating Cash,10175.34,0,Customer payment,AR,KBD-CR00052
JE-002417,2025-08-03,2025-08,1100,Accounts Receivable,0,10175.34,Customer payment,AR,KBD-CR00052
JE-003229,08/03/25,2025-08,2050,GR/IR Clearing (Received Not Invoiced),307201.44,0,Supplier inv 91637374,AP,91637374
JE-003230 ,2025-08-03 ,2025-08,2000,Accounts Payable,0,307201.44,Supplier inv 91637374,AP,91637374
JE-003521,2025-08-04,2025-08,2050,GR/IR Clearing (Received Not Invoiced),6870.8,0,Supplier inv SI9961460,AP,SI9961460
JE-003522,2025-08-04,2025-08,5300,Freight In,114.71,0,Freight in,AP,SI9961460
JE-003523,2025-08-04,2025-08,2000,Accounts Payable,0,6985.51,Supplier inv SI9961460,AP,SI9961460
JE-004256,2025-08-04,2025-08,1230,Inventory - Purchased for Resale,12302.77,0,PO receipt PO-31253,INV,RCV-40245
JE-004257,2025-08-04,2025-08,2050,GR/IR Clearing (Received Not Invoiced),0,12302.77,PO receipt PO-31253,INV,RCV-40245
JE-000452,2025-08-05,2025-08,1100,Accounts Receivable,40817.73,0,Invoice INV-60096,AR,INV-60096
JE-000453,2025-08-05,2025-08,4010,Product Sales - Distributed,0,26828.06,Invoice INV-60096,AR ,INV-60096
JE-000454,2025-08-05,2025-08,4100,Freight Revenue,0,13989.67,Freight billed,AR,INV-60096
JE-000455,08/05/25,2025-08,5000,COGS - Materials,18864.47,0,COGS,AR,INV-60096
JE-000456,2025-08-05,2025-08,1230,Inventory - Purchased for Resale,0,18864.47,Inventory relief,AR,INV-60096
JE-001265,2025-08-05,2025-08,1100,Accounts Receivable,4920.6,0,Invoice INV-60267,AR,INV-60267
JE-001266,2025-08-05,2025-08,4010,Product Sales - Distributed,0,4920.6,Invoice INV-60267 ,AR,INV-60267
JE-001267,2025-08-05,2025-08,5000,COGS - Materials,3540.0,0,COGS,AR,INV-60267
JE-001268,2025-08-05,2025-08,1230,Inventory - Purchased for Resale,0,3540.0,Inventory relief,AR,INV-60267 
JE-002842,2025-08-05,2025-08,1000,Operating Cash,22061.0,0,Customer payment,AR ,KBD-CR00265
JE-002843,2025-08-05,2025-08,1100,Accounts Receivable,0,22061.0,Customer payment,AR,KBD-CR00265
JE-004216,2025-08-05,2025-08,1230,Inventory - Purchased for Resale,85827.54,0,PO receipt PO-31232,INV,RCV-40225
JE-004217,2025-08-05,2025-08,2050,GR/IR Clearing (Received Not Invoiced),0,85827.54,PO receipt PO-31232,INV,RCV-40225
JE-004342,2025-08-05,2025-08,1230,Inventory - Purchased for Resale,6133.55,0,PO receipt PO-31299,INV,RCV-40288
JE-004343,08/05/2025,2025-08,2050,GR/IR Clearing (Received Not Invoiced),0,6133.55,PO receipt PO-31299,INV,RCV-40288
JE-002005 ,2025-08-06,2025-08,1100,Accounts Receivable,7597.32,0,Invoice INV-60422,AR,INV-60422
JE-002006,2025-08-06,2025-08,4010,Product Sales - Distributed,0,7597.32,Invoice INV-60422,AR,INV-60422
JE-002007,2025-08-06,2025-08,5000,COGS - Materials,5766.51,0,COGS,AR,INV-60422
JE-002008,2025-08-06,2025-08,1230,Inventory - Purchased for Resale,0,5766.51,Inventory relief,AR,INV-60422
JE-002121,2025-08-06,2025-08,1100,Accounts Receivable,9214.75,0,Invoice INV-60447,AR,INV-60447
JE-002122,2025-08-06,2025-08,4010,Product Sales - Distributed,0,9214.75,Invoice INV-60447,AR,INV-60447
JE-002123,2025-08-06,2025-08,5000,COGS - Materials,8386.2,0,COGS,AR,INV-60447
JE-002124,2025-08-06,2025-08,1230,Inventory - Purchased for Resale,0,8386.2,Inventory relief,AR,INV-60447
JE-002348,2025-08-06,2025-08,1000,Operating Cash,6337.76,0,Customer payment,AR,KBD-CR00018
JE-002349,2025-08-06,2025-08,1100,Accounts Receivable,0,6337.76,Customer payment,AR,KBD-CR00018
JE-000412,2025-08-07,2025-08,1100,Accounts Receivable,27191.82,0,Invoice INV-60087,AR,INV-60087
JE-000413,2025-08-07,2025-08,4010,Product Sales - Distributed,0,25353.68,Invoice INV-60087,AR,INV-60087
JE-000414,2025-08-07,2025-08,2100,Accrued Expenses,0,1838.14,Sales tax payable,AR,INV-60087
JE-000415,2025-08-07,2025-08,5000,COGS - Materials,17235.12,0,COGS,AR,INV-60087
JE-000416,2025-08-07,2025-08,1230,Inventory - Purchased for Resale,0,17235.12,Inventory relief,AR,INV-60087
JE-000504,"Aug 07, 2025",2025-08,1100,Accounts Receivable,18.92,0,Invoice INV-60107,AR,INV-60107
JE-000505,2025-08-07,2025-08,4010,Product Sales - Distributed,0,18.92,Invoice INV-60107,AR,INV-60107
JE-000506,2025-08-07,2025-08,5000,COGS - Materials,15.2,0,COGS,AR,INV-60107
JE-000507,2025-08-07,2025-08,1230,Inventory - Purchased for Resale,0,15.2,Inventory relief,AR,INV-60107
JE-000705,2025-08-07,2025-08,1100,Accounts Receivable,17609.04,0,Invoice INV-60149,AR,INV-60149
JE-000706,2025-08-07,2025-08,4010,Product Sales - Distributed,0,17609.04,Invoice INV-60149,AR,INV-60149
JE-000707,2025-08-07,2025-08,5000,COGS - Materials,11001.2,0,COGS,AR,INV-60149
JE-000708,2025-08-07,2025-08,1230,Inventory - Purchased for Resale,0,11001.2,Inventory relief,AR,INV-60149
JE-001950,2025-08-07,2025-08,1100,Accounts Receivable,8301.52,0,Invoice INV-60410,AR,INV-60410
JE-001951,2025-08-07,2025-08,4010,Product Sales - Distributed,0,5008.48,Invoice INV-60410,AR,INV-60410
JE-001952,2025-08-07,2025-08,4100,Freight Revenue,0,2929.93,Freight billed,AR,INV-60410
JE-001953,2025-08-07,2025-08,2100,Accrued Expenses ,0,363.11,Sales tax payable,AR,INV-60410
JE-001954,2025-08-07,2025-08,5000,COGS - Materials,3542.36,0,COGS,AR,INV-60410
JE-001955,2025-08-07,2025-08,1230,Inventory - Purchased for Resale,0,3542.36,Inventory relief,AR,INV-60410
JE-002654,2025-08-07,2025-08,1000,Operating Cash,46657.11,0,Customer payment,AR,KBD-CR00171
JE-002655,08/07/25,2025-08 ,1100,Accounts Receivable,0,46657.11,Customer payment,AR,KBD-CR00171
JE-002682,2025-08-07,2025-08,1000,Operating Cash,2207.2,0,Customer payment,AR,KBD-CR00185
JE-002683,2025-08-07,2025-08,1100,Accounts Receivable,0,2207.2,Customer payment,AR,KBD-CR00185
JE-002774,08/07/25,2025-08,1000,Operating Cash,20076.77,0,Customer payment,AR,KBD-CR00231 
JE-002775 ,07-Aug-2025,2025-08,1100,Accounts Receivable,0,20076.77,Customer payment,AR,KBD-CR00231
JE-002916,"Aug 07, 2025",2025-08,1000,Operating Cash,2243.83,0,Customer payment,AR,KBD-CR00302
JE-002917,2025-08-07,2025-08,1100,Accounts Receivable,0,2243.83,Customer payment,AR,KBD-CR00302
JE-003034 ,2025-08-07,2025-08,1000,Operating Cash,4163.67,0,Customer payment,AR,KBD-CR00361
JE-003035,07-Aug-2025,2025-08,1100,Accounts Receivable,0,4163.67,Customer payment,AR,KBD-CR00361
JE-003275,2025-08-07,2025-08,2050,GR/IR Clearing (Received Not Invoiced),320451.25,0,Supplier inv 96901149,AP,96901149
JE-003276,2025-08-07,2025-08,5300,Freight In,177.85,0,Freight in,AP,96901149
JE-003277,2025-08-07,2025-08,2000,Accounts Payable,0,320629.1,Supplier inv 96901149,AP,96901149
JE-003661,07-Aug-2025,2025-08,2050,GR/IR Clearing (Received Not Invoiced),12444.18,0,Supplier inv SI2748175,AP,SI2748175
JE-003662,2025-08-07,2025-08,5300,Freight In,119.72,0,Freight in,AP,SI2748175
JE-003663,2025-08-07,2025-08,2000,Accounts Payable,0,12563.9,Supplier inv SI2748175,AP,SI2748175
JE-003763,2025-08-08,2025-08,2050,GR/IR Clearing (Received Not Invoiced),6097.55,0,Supplier inv 93741896,AP,93741896
JE-003764,2025-08-08,2025-08,5300,Freight In,78.65,0,Freight in,AP,93741896
JE-003765,2025-08-08,2025-08,2000 ,Accounts Payable,0,6176.2,Supplier inv 93741896,AP,93741896
JE-002456,2025-08-09,2025-08,1000,Operating Cash,26774.32,0,Customer payment,AR,KBD-CR00072
JE-002457,"Aug 09, 2025",2025-08,1100,Accounts Receivable,0,26774.32,Customer payment,AR,KBD-CR00072
JE-002828,2025-08-09,2025-08,1000,Operating Cash,1132.32,0,Customer payment,AR,KBD-CR00258
JE-002829,2025-08-09,2025-08,1100,Accounts Receivable,0,1132.32,Customer payment,AR,KBD-CR00258
JE-002844,2025-08-09,2025-08,1000,Operating Cash,2383.7,0,Customer payment,AR,KBD-CR00266
JE-002845,2025-08-09,2025-08,1100,Accounts Receivable,0,2383.7,Customer payment,AR,KBD-CR00266
JE-003930,2025-08-09,2025-08,1230,Inventory - Purchased for Resale,265695.07,0,PO receipt PO-31084,INV,RCV-40082
JE-003931,"Aug 09, 2025",2025-08,2050,GR/IR Clearing (Received Not Invoiced),0,265695.07,PO receipt PO-31084,INV,RCV-40082 
JE-004004,2025-08-09,2025-08,1230,Inventory - Purchased for Resale,12994.0,0,PO receipt PO-31121,INV,RCV-40119
JE-004005,2025-08-09,2025-08,2050,GR/IR Clearing (Received Not Invoiced),0,12994.0,PO receipt PO-31121,INV,RCV-40119
JE-002576,2025-08-10,2025-08,1000,Operating Cash,17953.13,0,Customer payment,AR,KBD-CR00132 
JE-002577,2025-08-10,2025-08,1100,Accounts Receivable,0,17953.13,Customer payment,AR,KBD-CR00132
JE-003000,2025-08-10,2025-08,1000,Operating Cash ,610.01,0,Customer payment,AR,KBD-CR00344
JE-003001,2025-08-10,2025-08,1100 ,Accounts Receivable,0,610.01,Customer payment,AR,KBD-CR00344
JE-003616,2025-08-10 ,2025-08,2050,GR/IR Clearing (Received Not Invoiced),85827.54,0,Supplier inv SI119762,AP,SI119762
JE-003617,2025-08-10,2025-08,2000,Accounts Payable,0,85827.54,Supplier inv SI119762,AP,SI119762
JE-000647,2025-08-11,2025-08,1100,Accounts Receivable,61718.86,0,Invoice INV-60137,AR,INV-60137
JE-000648,2025-08-11,2025-08,4010,Product Sales - Distributed,0,49094.13,Invoice INV-60137,AR,INV-60137
JE-000649,2025-08-11,2025-08,4100,Freight Revenue,0,9065.41,Freight billed,AR,INV-60137
JE-000650,2025-08-11,2025-08,2100,Accrued Expenses,0,3559.32,Sales tax payable,AR,INV-60137
JE-000651,11-Aug-2025,2025-08,5000,COGS - Materials,35374.4,0,COGS,AR,INV-60137
JE-000652,2025-08-11,2025-08,1230,Inventory - Purchased for Resale,0,35374.4,Inventory relief,AR,INV-60137
JE-004218,2025-08-11 ,2025-08,1230,Inventory - Purchased for Resale,289772.96,0,PO receipt PO-31233,INV,RCV-40226
JE-004219,2025-08-11,2025-08,2050,GR/IR Clearing (Received Not Invoiced),0,289772.96,PO receipt PO-31233,INV,RCV-40226
JE-001410,08/12/25,2025-08,1100,Accounts Receivable,29864.91,0,Invoice INV-60297,AR,INV-60297
JE-001411,08/12/25,2025-08,4010,Product Sales - Distributed,0,29864.91,Invoice INV-60297,AR,INV-60297
JE-001412,2025-08-12,2025-08,5000 ,COGS - Materials ,18795.35,0,COGS,AR,INV-60297
JE-001413,2025-08-12,2025-08,1230,Inventory - Purchased for Resale,0,18795.35,Inventory relief,AR,INV-60297
JE-001467,2025-08-12,2025-08,1100,Accounts Receivable,9873.85,0,Invoice INV-60308,AR,INV-60308
JE-001468 ,2025-08-12,2025-08,4010,Product Sales - Distributed,0,8556.75,Invoice INV-60308,AR,INV-60308
JE-001469,2025-08-12,2025-08,4100,Freight Revenue,0,1317.1,Freight billed,AR,INV-60308
JE-001470,2025-08-12,2025-08,5000,COGS - Materials,5227.5,0,COGS,AR,INV-60308
JE-001471,2025-08-12,2025-08,1230,Inventory - Purchased for Resale,0,5227.5,Inventory relief,AR,INV-60308
JE-002592,12-Aug-2025,2025-08,1000,Operating Cash,13752.0,0,Customer payment,AR,KBD-CR00140
JE-002593,2025-08-12,2025-08,1100,Accounts Receivable,0,13752.0,Customer payment,AR,KBD-CR00140
JE-002636,2025-08-12,2025-08,1000,Operating Cash,41953.91,0,Customer payment,AR,KBD-CR00162
JE-002637,2025-08-12,2025-08,1100,Accounts Receivable,0,41953.91,Customer payment,AR,KBD-CR00162
JE-003974,2025-08-12,2025-08,1230,Inventory - Purchased for Resale,32722.14,0,PO receipt PO-31106,INV,RCV-40104
JE-003975,2025-08-12,2025-08,2050,GR/IR Clearing (Received Not Invoiced) ,0,32722.14,PO receipt PO-31106,INV,RCV-40104
JE-003964,2025-08-13,2025-08,1230,Inventory - Purchased for Resale,18040.26,0,PO receipt PO-31101,INV,RCV-40099
JE-003965,2025-08-13,2025-08,2050,GR/IR Clearing (Received Not Invoiced),0,18040.26,PO receipt PO-31101,INV,RCV-40099
JE-004326,2025-08-13,2025-08 ,1230,Inventory - Purchased for Resale,69880.12,0,PO receipt PO-31291,INV,RCV-40280
JE-004327,2025-08-13,2025-08,2050,GR/IR Clearing (Received Not Invoiced),0,69880.12,PO receipt PO-31291,INV,RCV-40280
JE-003332,2025-08-14,2025-08,2050,GR/IR Clearing (Received Not Invoiced),18024.86,0,Supplier inv 95318323,AP,95318323
JE-003333,2025-08-14,2025-08,2000,Accounts Payable,0,18024.86,Supplier inv 95318323,AP,95318323
JE-003344,2025-08-14,2025-08,2050,GR/IR Clearing (Received Not Invoiced),32441.6,0,Supplier inv 7473736,AP ,7473736
JE-003345,2025-08-14,2025-08,5300,Freight In,26.55,0,Freight in,AP,7473736
JE-003346,2025-08-14,2025-08,2000,Accounts Payable,0,32468.15,Supplier inv 7473736,AP,7473736
JE-004026 ,2025-08-14 ,2025-08,1230,Inventory - Purchased for Resale,159137.89,0,PO receipt PO-31132,INV,RCV-40130
JE-004027,2025-08-14,2025-08,2050,GR/IR Clearing (Received Not Invoiced),0,159137.89,PO receipt PO-31132,INV,RCV-40130
JE-004228,2025-08-14,2025-08,1230,Inventory - Purchased for Resale,16850.0,0,PO receipt PO-31239,INV,RCV-40231
JE-004229,14-Aug-2025,2025-08,2050,GR/IR Clearing (Received Not Invoiced),0,16850.0,PO receipt PO-31239,INV,RCV-40231
JE-004278,2025-08-14,2025-08,1230,Inventory - Purchased for Resale,168094.34,0,PO receipt PO-31265,INV,RCV-40256
JE-004279,2025-08-14,2025-08,2050,GR/IR Clearing (Received Not Invoiced),0,168094.34,PO receipt PO-31265,INV,RCV-40256
JE-004332 ,2025-08-14,2025-08,1230,Inventory - Purchased for Resale,284617.46,0,PO receipt PO-31294,INV,RCV-40283
JE-004333,2025-08-14,2025-08,2050,GR/IR Clearing (Received Not Invoiced),0,284617.46,PO receipt PO-31294,INV,RCV-40283
JE-000681,2025-08-15,2025-08,1100,Accounts Receivable,29253.75,0,Invoice INV-60144,AR,INV-60144
JE-000682,2025-08-15,2025-08,4010,Product Sales - Distributed,0,29253.75,Invoice INV-60144,AR,INV-60144
JE-000683,2025-08-15,2025-08,5000,COGS - Materials,18260.75,0,COGS,AR,INV-60144
JE-000684,2025-08-15,2025-08,1230,Inventory - Purchased for Resale,0,18260.75,Inventory relief,AR,INV-60144
JE-001042,2025-08-15,2025-08,1100,Accounts Receivable,7345.59,0,Invoice INV-60220,AR,INV-60220
JE-001043,2025-08-15,2025-08,4010,Product Sales - Distributed,0,7345.59,Invoice INV-60220,AR,INV-60220
JE-001044,2025-08-15 ,2025-08,5000,COGS - Materials,4737.91,0,COGS ,AR,INV-60220
JE-001045,2025-08-15,2025-08,1230,Inventory - Purchased for Resale,0,4737.91,Inventory relief,AR,INV-60220
JE-001623,2025-08-15,2025-08,1100,Accounts Receivable,18480.17,0,Invoice INV-60341,AR,INV-60341
JE-001624,2025-08-15,2025-08,4010,Product Sales - Distributed,0,12346.18,Invoice INV-60341,AR,INV-60341
JE-001625,2025-08-15,2025-08,4100,Freight Revenue,0,6133.99,Freight billed,AR,INV-60341
JE-001626,2025-08-15,2025-08,5000,COGS - Materials,7913.58,0,COGS,AR,INV-60341
JE-001627,15-Aug-2025,2025-08,1230,Inventory - Purchased for Resale,0,7913.58,Inventory relief,AR,INV-60341
JE-002528,2025-08-15,2025-08,1000,Operating Cash,3320.24,0,Customer payment,AR,KBD-CR00108
JE-002529,"Aug 15, 2025",2025-08,1100,Accounts Receivable,0,3320.24,Customer payment,AR,KBD-CR00108
JE-002578,2025-08-15,2025-08,1000,Operating Cash,2827.71,0,Customer payment,AR,KBD-CR00133
JE-002579,2025-08-15,2025-08,1100,Accounts Receivable,0,2827.71,Customer payment,AR,KBD-CR00133
JE-003378,2025-08-15 ,2025-08,2050,GR/IR Clearing (Received Not Invoiced),12994.0,0,Supplier inv 94060450,AP,94060450
JE-003379,2025-08-15,2025-08,2000,Accounts Payable,0,12994.0,Supplier inv 94060450,AP,94060450
JE-003786,2025-08-15,2025-08,1230,Inventory - Purchased for Resale,288206.02,0,PO receipt PO-31010,INV,RCV-40010
JE-003787,2025-08-15,2025-08,2050,GR/IR Clearing (Received Not Invoiced),0,288206.02,PO receipt PO-31010,INV,RCV-40010
JE-003946,2025-08-15,2025-08,1230,Inventory - Purchased for Resale,1227.75,0,PO receipt PO-31092,INV,RCV-40090
JE-003947,08/15/2025,2025-08,2050,GR/IR Clearing (Received Not Invoiced),0,1227.75,PO receipt PO-31092,INV,RCV-40090
JE-004248,2025-08-15,2025-08,1230,Inventory - Purchased for Resale,51259.1,0,PO receipt PO-31249,INV,RCV-40241
JE-004249,08/15/2025,2025-08,2050,GR/IR Clearing (Received Not Invoiced),0,51259.1,PO receipt PO-31249,INV,RCV-40241
JE-003294,2025-08-16,2025-08,2050,GR/IR Clearing (Received Not Invoiced),265695.07,0,Supplier inv 92876398,AP,92876398
JE-003295,2025-08-16,2025-08,2000,Accounts Payable,0,265695.07,Supplier inv 92876398,AP,92876398
JE-003403,2025-08-16,2025-08,2050,GR/IR Clearing (Received Not Invoiced),159072.89,0,Supplier inv 9711989,AP,9711989
JE-003404,2025-08-16,2025-08,5300 ,Freight In,58.85,0,Freight in,AP,9711989
JE-003405,2025-08-16,2025-08,2000,Accounts Payable,0,159131.74,Supplier inv 9711989,AP,9711989
JE-003618,2025-08-16,2025-08,2050,GR/IR Clearing (Received Not Invoiced),289772.96,0,Supplier inv 5328758,AP,5328758
JE-003619,2025-08-16,2025-08,2000,Accounts Payable,0,289772.96,Supplier inv 5328758,AP,5328758
JE-003652,2025-08-16,2025-08,2050,GR/IR Clearing (Received Not Invoiced),51259.1,0,Supplier inv 93864620,AP,93864620
JE-003653,2025-08-16,2025-08,2000,Accounts Payable,0,51259.1,Supplier inv 93864620,AP,93864620
JE-003752,2025-08-16,2025-08,2050,GR/IR Clearing (Received Not Invoiced),284864.91,0,Supplier inv 368598,AP,368598
JE-003753,2025-08-16,2025-08,2000,Accounts Payable,0,284864.91,Supplier inv 368598,AP,368598
JE-000039,2025-08-17,2025-08,1100,Accounts Receivable,135.35,0,Invoice INV-60009,AR,INV-60009
JE-000040,2025-08-17,2025-08,4010,Product Sales - Distributed,0,126.2,Invoice INV-60009,AR,INV-60009
JE-000041,2025-08-17,2025-08,2100,Accrued Expenses,0,9.15,Sales tax payable,AR,INV-60009
JE-000042,2025-08-17,2025-08,5000,COGS - Materials,89.5,0,COGS,AR,INV-60009
JE-000043,2025-08-17,2025-08 ,1230,Inventory - Purchased for Resale,0,89.5,Inventory relief,AR,INV-60009
JE-001212,2025-08-17,2025-08,1100,Accounts Receivable,1624.84,0,Invoice INV-60256,AR,INV-60256
JE-001213,2025-08-17,2025-08,4010,Product Sales - Distributed,0,1013.25,Invoice INV-60256,AR,INV-60256
JE-001214 ,2025-08-17,2025-08,4100 ,Freight Revenue,0,611.59,Freight billed,AR,INV-60256
JE-001215,2025-08-17,2025-08,5000,COGS - Materials,653.97,0,COGS,AR,INV-60256
JE-001216,2025-08-17,2025-08,1230,Inventory - Purchased for Resale,0,653.97,Inventory relief,AR,INV-60256
JE-002448,2025-08-17,2025-08,1000,Operating Cash,25947.61,0,Customer payment,AR,KBD-CR00068
JE-002449,2025-08-17,2025-08,1100,Accounts Receivable,0,25947.61,Customer payment,AR,KBD-CR00068
JE-002708,2025-08-17,2025-08,1000,Operating Cash,37982.78,0,Customer payment,AR,KBD-CR00198
JE-002709,2025-08-17,2025-08,1100,Accounts Receivable,0,37982.78,Customer payment,AR,KBD-CR00198
JE-003014,2025-08-17,2025-08,1000,Operating Cash,11823.43,0,Customer payment,AR,KBD-CR00351
JE-003015,2025-08-17,2025-08,1100,Accounts Receivable,0,11823.43,Customer payment ,AR,KBD-CR00351
JE-000325,2025-08-18,2025-08,1100,Accounts Receivable,2457.72,0,Invoice INV-60069,AR,INV-60069
JE-000326,2025-08-18,2025-08,4010,Product Sales - Distributed,0,2083.9,Invoice INV-60069,AR,INV-60069
JE-000327,2025-08-18 ,2025-08,4100,Freight Revenue,0,222.74,Freight billed,AR,INV-60069
JE-000328,2025-08-18,2025-08,2100,Accrued Expenses,0,151.08,Sales tax payable,AR,INV-60069
JE-000329,2025-08-18,2025-08,5000,COGS - Materials,1338.77,0,COGS,AR,INV-60069
JE-000330,2025-08-18,2025-08,1230,Inventory - Purchased for Resale,0,1338.77,Inventory relief,AR,INV-60069
JE-000476,08/18/25,2025-08,1100,Accounts Receivable,630.63,0,Invoice INV-60101,AR,INV-60101
JE-000477,2025-08-18,2025-08,4010,Product Sales - Distributed,0,630.63,Invoice INV-60101,AR,INV-60101 
JE-000478,2025-08-18,2025-08,5000,COGS - Materials,407.25,0,COGS,AR,INV-60101
JE-000479,2025-08-18,2025-08,1230,Inventory - Purchased for Resale,0,407.25,Inventory relief,AR,INV-60101
JE-000690,2025-08-18,2025-08,1100,Accounts Receivable,7600.53,0,Invoice INV-60146 ,AR,INV-60146
JE-000691,2025-08-18,2025-08,4010,Product Sales - Distributed,0,6645.18,Invoice INV-60146,AR,INV-60146
JE-000692,2025-08-18,2025-08,4100,Freight Revenue,0,955.35,Freight billed,AR,INV-60146
JE-000693,2025-08-18,2025-08,5000,COGS - Materials,4793.97,0,COGS,AR,INV-60146
JE-000694,2025-08-18,2025-08,1230 ,Inventory - Purchased for Resale,0,4793.97,Inventory relief,AR,INV-60146
JE-002422,2025-08-18,2025-08,1000,Operating Cash,13456.47,0,Customer payment,AR,KBD-CR00055
JE-002423,2025-08-18,2025-08,1100,Accounts Receivable,0,13456.47,Customer payment,AR,KBD-CR00055
JE-003688,2025-08-18,2025-08,2050,GR/IR Clearing (Received Not Invoiced),168094.34,0,Supplier inv SI1725755,AP,SI1725755
JE-003689,2025-08-18,2025-08,2000,Accounts Payable,0,168094.34,Supplier inv SI1725755,AP,SI1725755
JE-002304,2025-08-19,2025-08 ,1100,Accounts Receivable,34078.98,0,Invoice INV-60486,AR,INV-60486
JE-002305,2025-08-19,2025-08,4010,Product Sales - Distributed,0,33947.99,Invoice INV-60486 ,AR,INV-60486 
JE-002306,2025-08-19,2025-08,4100,Freight Revenue,0,130.99,Freight billed,AR,INV-60486
JE-002307,2025-08-19,2025-08,5000 ,COGS - Materials,26671.93,0,COGS,AR,INV-60486
JE-002308,2025-08-19,2025-08,1230,Inventory - Purchased for Resale,0,26671.93,Inventory relief,AR,INV-60486
JE-003052,19-Aug-2025,2025-08,1000,Operating Cash,826.99,0,Customer payment,AR,KBD-CR00370
JE-003053 ,2025-08-19,2025-08,1100,Accounts Receivable ,0,826.99,Customer payment ,AR,KBD-CR00370
JE-003630,2025-08-19,2025-08,2050,GR/IR Clearing (Received Not Invoiced),16850.0,0,Supplier inv INV8575934,AP,INV8575934
JE-003631,08/19/2025,2025-08,2000,Accounts Payable,0,16850.0,Supplier inv INV8575934,AP,INV8575934
JE-000138,2025-08-20,2025-08,1100,Accounts Receivable,4294.29,0,Invoice INV-60030,AR ,INV-60030
JE-000139,2025-08-20,2025-08,4010,Product Sales - Distributed,0,4004.0,Invoice INV-60030,AR,INV-60030
JE-000140,"Aug 20, 2025",2025-08,2100,Accrued Expenses ,0,290.29,Sales tax payable,AR,INV-60030
JE-000141,2025-08-20,2025-08,5000,COGS - Materials,3047.2,0,COGS,AR,INV-60030
JE-000142,2025-08-20 ,2025-08,1230,Inventory - Purchased for Resale,0,3047.2,Inventory relief,AR,INV-60030
JE-002332,2025-08-20,2025-08,1000,Operating Cash,2402.4,0,Customer payment,AR,KBD-CR00010
JE-002333,20-Aug-2025,2025-08,1100,Accounts Receivable,0,2402.4,Customer payment,AR,KBD-CR00010
JE-002338,08/20/25,2025-08,1000,Operating Cash,51849.33,0,Customer payment,AR,KBD-CR00013
JE-002339,2025-08-20,2025-08,1100,Accounts Receivable,0,51849.33,Customer payment,AR,KBD-CR00013
JE-002488,2025-08-20,2025-08,1000,Operating Cash,38548.94,0,Customer payment,AR,KBD-CR00088
JE-002489,2025-08-20,2025-08,1100,Accounts Receivable,0,38548.94,Customer payment,AR,KBD-CR00088
JE-003131,2025-08-20,2025-08,2050,GR/IR Clearing (Received Not Invoiced),288615.02,0,Supplier inv 93995405,AP,93995405
JE-003132,2025-08-20,2025-08,5300,Freight In,167.48,0,Freight in,AP,93995405
JE-003133,2025-08-20,2025-08,2000,Accounts Payable,0,288782.5,Supplier inv 93995405,AP,93995405
JE-003310,2025-08-20,2025-08,2050,GR/IR Clearing (Received Not Invoiced),1227.75,0,Supplier inv 96217029,AP,96217029
JE-003311,2025-08-20,2025-08,5300,Freight In,29.3,0,Freight in,AP,96217029
JE-003312,2025-08-20,2025-08,2000,Accounts Payable,0,1257.05,Supplier inv 96217029,AP,96217029
JE-003746,2025-08-20,2025-08,2050,GR/IR Clearing (Received Not Invoiced),69880.12,0,Supplier inv 7124789 ,AP,7124789
JE-003747,2025-08-20,2025-08,2000,Accounts Payable,0,69880.12,Supplier inv 7124789,AP,7124789
JE-004328,2025-08-20,2025-08,1230,Inventory - Purchased for Resale,5506.5,0,PO receipt PO-31292,INV,RCV-40281
JE-004329,2025-08-20,2025-08,2050,GR/IR Clearing (Received Not Invoiced),0,5506.5,PO receipt PO-31292,INV,RCV-40281
JE-000001,2025-08-21,2025-08,1100,Accounts Receivable,2576.57,0,Invoice INV-60001,AR,INV-60001
JE-000002,2025-08-21,2025-08,4010,Product Sales - Distributed,0,2402.4,Invoice INV-60001,AR,INV-60001
JE-000003,2025-08-21,2025-08,2100,Accrued Expenses,0,174.17,Sales tax payable ,AR,INV-60001
JE-000004,2025-08-21,2025-08,5000,COGS - Materials,1828.32,0,COGS ,AR,INV-60001
JE-000005,2025-08-21,2025-08,1230,Inventory - Purchased for Resale,0,1828.32,Inventory relief,AR,INV-60001
JE-001241,2025-08-21,2025-08,1100,Accounts Receivable,62421.75,0,Invoice INV-60262,AR,INV-60262
JE-001242,2025-08-21,2025-08,4010,Product Sales - Distributed,0,52198.0,Invoice INV-60262,AR,INV-60262
JE-001243,2025-08-21,2025-08,4100,Freight Revenue,0,10223.75,Freight billed,AR,INV-60262
JE-001244,2025-08-21,2025-08,5000,COGS - Materials,34774.0,0,COGS,AR,INV-60262
JE-001245,2025-08-21,2025-08,1230,Inventory - Purchased for Resale,0,34774.0,Inventory relief,AR,INV-60262
JE-002181,2025-08-21,2025-08,1100,Accounts Receivable,30284.45,0,Invoice INV-60460,AR,INV-60460
JE-002182,08/21/25,2025-08,4010,Product Sales - Distributed,0,28237.25,Invoice INV-60460,AR,INV-60460
JE-002183,21-Aug-2025,2025-08,2100,Accrued Expenses,0,2047.2,Sales tax payable,AR,INV-60460
JE-002184,08/21/2025,2025-08,5000,COGS - Materials,19268.61,0,COGS,AR,INV-60460
JE-002185,2025-08-21,2025-08,1230,Inventory - Purchased for Resale,0,19268.61,Inventory relief,AR,INV-60460
JE-002846,2025-08-21,2025-08,1000,Operating Cash,26422.38,0,Customer payment,AR,KBD-CR00267
JE-002847,2025-08-21,2025-08,1100,Accounts Receivable,0,26422.38,Customer payment,AR,KBD-CR00267
JE-002550,2025-08-22,2025-08,1000,Operating Cash,1890.98,0,Customer payment,AR,KBD-CR00119
JE-002551,2025-08-22,2025-08,1100,Accounts Receivable,0,1890.98,Customer payment,AR,KBD-CR00119
JE-002650,2025-08-22 ,2025-08,1000,Operating Cash,2804.15,0,Customer payment,AR,KBD-CR00169
JE-002651,08/22/25,2025-08,1100,Accounts Receivable,0,2804.15,Customer payment,AR,KBD-CR00169
JE-003854,2025-08-22,2025-08,1230,Inventory - Purchased for Resale,30344.64,0,PO receipt PO-31045,INV,RCV-40044
JE-003855,2025-08-22,2025-08,2050,GR/IR Clearing (Received Not Invoiced),0,30344.64,PO receipt PO-31045,INV,RCV-40044
JE-000480,2025-08-23,2025-08,1100,Accounts Receivable,8721.59,0,Invoice INV-60102,AR,INV-60102
JE-000481,2025-08-23,2025-08,4010,Product Sales - Distributed,0,5760.36,Invoice INV-60102,AR,INV-60102
JE-000482,2025-08-23,2025-08,4100,Freight Revenue,0,2961.23,Freight billed,AR ,INV-60102
JE-000483,2025-08-23,2025-08,5000,COGS - Materials,4637.28,0,COGS,AR,INV-60102
JE-000484,23-Aug-2025,2025-08,1230,Inventory - Purchased for Resale,0,4637.28,Inventory relief,AR,INV-60102
JE-001914,"Aug 23, 2025",2025-08,1100,Accounts Receivable,36225.32,0,Invoice INV-60402,AR,INV-60402
JE-001915,2025-08-23,2025-08,4010,Product Sales - Distributed,0,36225.32,Invoice INV-60402,AR,INV-60402
JE-001916,2025-08-23,2025-08,5000,COGS - Materials,22396.64,0,COGS,AR,INV-60402
JE-001917,2025-08-23,2025-08,1230,Inventory - Purchased for Resale,0,22396.64,Inventory relief,AR,INV-60402
JE-003457,08/23/2025,2025-08,2050,GR/IR Clearing (Received Not Invoiced),275014.1,0,Supplier inv SI5930594,AP,SI5930594
JE-003458,2025-08-23,2025-08,2000,Accounts Payable,0,275014.1,Supplier inv SI5930594,AP,SI5930594
JE-004072,2025-08-23,2025-08,1230,Inventory - Purchased for Resale,275000.85,0,PO receipt PO-31156,INV,RCV-40153
JE-004073,2025-08-23 ,2025-08,2050,GR/IR Clearing (Received Not Invoiced),0,275000.85,PO receipt PO-31156,INV,RCV-40153
JE-002388,08/24/25,2025-08,1000,Operating Cash,18276.08,0,Customer payment,AR,KBD-CR00038
JE-002389,2025-08-24,2025-08,1100,Accounts Receivable,0,18276.08,Customer payment,AR,KBD-CR00038
JE-002746,2025-08-24,2025-08,1000,Operating Cash,36801.61,0,Customer payment,AR,KBD-CR00217
JE-002747,2025-08-24,2025-08,1100,Accounts Receivable,0,36801.61,Customer payment,AR,KBD-CR00217
JE-002898,2025-08-24,2025-08,1000,Operating Cash,10688.51,0,Customer payment,AR,KBD-CR00293
JE-002899,2025-08-24,2025-08,1100,Accounts Receivable,0,10688.51,Customer payment,AR,KBD-CR00293
JE-002964,2025-08-24,2025-08,1000,Operating Cash,1273.08,0,Customer payment,AR,KBD-CR00326
JE-002965,2025-08-24,2025-08,1100,Accounts Receivable,0,1273.08,Customer payment,AR,KBD-CR00326
JE-004210,"Aug 24, 2025",2025-08,1230,Inventory - Purchased for Resale,31541.23,0,PO receipt PO-31229,INV,RCV-40222
JE-004211,2025-08-24,2025-08,2050,GR/IR Clearing (Received Not Invoiced),0,31541.23,PO receipt PO-31229,INV,RCV-40222
JE-004318,2025-08-24,2025-08,1230,Inventory - Purchased for Resale,34437.8,0,PO receipt PO-31286,INV,RCV-40276
JE-004319,2025-08-24,2025-08,2050,GR/IR Clearing (Received Not Invoiced),0,34437.8,PO receipt PO-31286,INV,RCV-40276
JE-001904,2025-08-25,2025-08,1100,Accounts Receivable,15233.84,0,Invoice INV-60400,AR,INV-60400
JE-001905,2025-08-25,2025-08,4010,Product Sales - Distributed,0,15233.84,Invoice INV-60400,AR,INV-60400
JE-001906,2025-08-25,2025-08,5000,COGS - Materials,10660.18,0,COGS,AR,INV-60400
JE-001907,2025-08-25,2025-08,1230,Inventory - Purchased for Resale,0,10660.18,Inventory relief,AR,INV-60400
JE-002922,2025-08-25,2025-08,1000,Operating Cash,46063.32,0,Customer payment,AR,KBD-CR00305
JE-002923,2025-08-25,2025-08,1100,Accounts Receivable,0,46063.32,Customer payment,AR,KBD-CR00305
JE-001071,2025-08-26,2025-08,1100,Accounts Receivable,5505.66,0,Invoice INV-60226,AR,INV-60226
JE-001072,2025-08-26,2025-08,4010,Product Sales - Distributed,0,5505.66,Invoice INV-60226,AR,INV-60226
JE-001073,"Aug 26, 2025",2025-08,5000,COGS - Materials,3565.6,0,COGS,AR,INV-60226
JE-001074,2025-08-26,2025-08,1230,Inventory - Purchased for Resale,0,3565.6,Inventory relief,AR,INV-60226
JE-001931,2025-08-26,2025-08,1100,Accounts Receivable,14204.96,0,Invoice INV-60406,AR,INV-60406
JE-001932,2025-08-26,2025-08,4010,Product Sales - Distributed,0,14204.96,Invoice INV-60406,AR,INV-60406
JE-001933,2025-08-26,2025-08,5000,COGS - Materials,9411.35,0,COGS,AR,INV-60406
JE-001934,2025-08-26,2025-08,1230,Inventory - Purchased for Resale,0,9411.35,Inventory relief,AR,INV-60406
JE-002786,2025-08-26,2025-08,1000,Operating Cash,2263.23,0,Customer payment,AR,KBD-CR00237
JE-002787,2025-08-26,2025-08,1100,Accounts Receivable,0,2263.23,Customer payment,AR,KBD-CR00237
JE-002854,2025-08-26,2025-08,1000,Operating Cash,13947.75,0,Customer payment,AR,KBD-CR00271
JE-002855,2025-08-26,2025-08,1100,Accounts Receivable,0,13947.75,Customer payment,AR,KBD-CR00271
JE-004162,2025-08-26,2025-08,1230,Inventory - Purchased for Resale,15631.35,0,PO receipt PO-31202,INV,RCV-40198
JE-004163,2025-08-26,2025-08,2050,GR/IR Clearing (Received Not Invoiced),0,15631.35,PO receipt PO-31202,INV,RCV-40198
JE-000086,2025-08-27,2025-08,1100,Accounts Receivable,3664.64,0,Invoice INV-60019,AR,INV-60019
JE-000087,2025-08-27,2025-08,4010,Product Sales - Distributed,0,3664.64,Invoice INV-60019,AR,INV-60019
JE-000088,2025-08-27,2025-08,5000,COGS - Materials,2631.84,0,COGS,AR,INV-60019
JE-000089,2025-08-27,2025-08,1230,Inventory - Purchased for Resale,0,2631.84,Inventory relief,AR,INV-60019
JE-000244 ,2025-08-27,2025-08,1100,Accounts Receivable,16279.9,0,Invoice INV-60052,AR,INV-60052
JE-000245,2025-08-27,2025-08,4010,Product Sales - Distributed,0,11710.92,Invoice INV-60052,AR,INV-60052
JE-000246,27-Aug-2025,2025-08,4100,Freight Revenue,0,4568.98,Freight billed,AR,INV-60052
JE-000247,2025-08-27,2025-08,5000,COGS - Materials,8833.81,0,COGS,AR,INV-60052
JE-000248 ,08/27/25,2025-08,1230,Inventory - Purchased for Resale,0,8833.81,Inventory relief,AR ,INV-60052
JE-000921,2025-08-27,2025-08,1100,Accounts Receivable,4599.31,0,Invoice INV-60194,AR,INV-60194
JE-000922,2025-08-27,2025-08,4010,Product Sales - Distributed,0,3383.04,Invoice INV-60194,AR,INV-60194
JE-000923,2025-08-27,2025-08,4100,Freight Revenue,0,971.0,Freight billed,AR,INV-60194
JE-000924,2025-08-27,2025-08,2100,Accrued Expenses,0,245.27,Sales tax payable,AR,INV-60194
JE-000925,2025-08-27,2025-08,5000,COGS - Materials,2851.92,0,COGS,AR,INV-60194
JE-000926,08/27/2025,2025-08,1230,Inventory - Purchased for Resale,0,2851.92,Inventory relief,AR,INV-60194
JE-002756,2025-08-27,2025-08,1000,Operating Cash,4366.77,0,Customer payment,AR,KBD-CR00222
JE-002757,08/27/25,2025-08,1100,Accounts Receivable,0,4366.77,Customer payment,AR,KBD-CR00222
JE-002870,2025-08-27,2025-08,1000,Operating Cash,871.42,0,Customer payment,AR,KBD-CR00279
JE-002871,2025-08-27,2025-08,1100,Accounts Receivable,0,871.42,Customer payment,AR,KBD-CR00279
JE-002908,2025-08-27,2025-08,1000,Operating Cash,5526.55,0,Customer payment,AR,KBD-CR00298
JE-002909,2025-08-27,2025-08,1100,Accounts Receivable,0,5526.55,Customer payment,AR,KBD-CR00298
JE-003610,2025-08-27,2025-08,2050,GR/IR Clearing (Received Not Invoiced),31541.23,0,Supplier inv INV1314900,AP,INV1314900
JE-003611,2025-08-27,2025-08,2000,Accounts Payable,0,31541.23,Supplier inv INV1314900,AP,INV1314900
JE-003748,2025-08-27,2025-08,2050,GR/IR Clearing (Received Not Invoiced),5506.5,0,Supplier inv 97807069,AP,97807069
JE-003749,2025-08-27,2025-08,2000,Accounts Payable,0,5506.5,Supplier inv 97807069,AP,97807069
JE-000940,2025-08-28,2025-08,1100,Accounts Receivable,62580.33,0,Invoice INV-60198,AR,INV-60198 
JE-000941,08/28/25,2025-08,4010,Product Sales - Distributed,0,58349.96,Invoice INV-60198,AR,INV-60198
JE-000942,2025-08-28,2025-08,2100,Accrued Expenses,0,4230.37,Sales tax payable,AR,INV-60198
JE-000943,2025-08-28,2025-08,5000,COGS - Materials,36897.78,0,COGS,AR,INV-60198
JE-000944,2025-08-28,2025-08,1230,Inventory - Purchased for Resale,0,36897.78,Inventory relief,AR,INV-60198
JE-003210,08/28/2025,2025-08 ,2050,GR/IR Clearing (Received Not Invoiced),30344.64,0,Supplier inv 95977332,AP,95977332
JE-003211,2025-08-28,2025-08,2000,Accounts Payable ,0,30344.64,Supplier inv 95977332,AP,95977332
JE-000499,2025-08-29,2025-08,1100,Accounts Receivable ,2562.45,0,Invoice INV-60106,AR,INV-60106
JE-000500,2025-08-29,2025-08,4010,Product Sales - Distributed,0,2540.65,Invoice INV-60106,AR,INV-60106
JE-000501,2025-08-29,2025-08,4100,Freight Revenue,0,21.8,Freight billed,AR,INV-60106
JE-000502,2025-08-29,2025-08,5000,COGS - Materials,1571.61,0,COGS,AR,INV-60106
JE-000503,2025-08-29,2025-08,1230,Inventory - Purchased for Resale,0,1571.61,Inventory relief,AR,INV-60106
JE-002548,2025-08-29,2025-08,1000,Operating Cash,17717.14,0,Customer payment,AR,KBD-CR00118
JE-002549,2025-08-29,2025-08,1100,Accounts Receivable,0,17717.14,Customer payment,AR,KBD-CR00118
JE-002818,2025-08-29,2025-08,1000,Operating Cash,3326.5,0,Customer payment,AR,KBD-CR00253
JE-002819,2025-08-29,2025-08,1100,Accounts Receivable,0,3326.5,Customer payment,AR,KBD-CR00253
JE-003980,2025-08-29,2025-08,1230,Inventory - Purchased for Resale,4222.5,0,PO receipt PO-31109 ,INV,RCV-40107
JE-003981,2025-08-29,2025-08,2050,GR/IR Clearing (Received Not Invoiced),0,4222.5,PO receipt PO-31109,INV,RCV-40107
JE-000134,2025-08-30,2025-08,1100,Accounts Receivable,5318.78,0,Invoice INV-60029,AR,INV-60029
JE-000135,2025-08-30,2025-08,4010,Product Sales - Distributed,0,5318.78,Invoice INV-60029,AR,INV-60029
JE-000136 ,2025-08-30,2025-08,5000,COGS - Materials,3456.0,0,COGS,AR,INV-60029
JE-000137,08/30/2025,2025-08 ,1230,Inventory - Purchased for Resale,0,3456.0,Inventory relief,AR,INV-60029
JE-002480,2025-08-30,2025-08,1000,Operating Cash,47797.01,0,Customer payment,AR,KBD-CR00084
JE-002481,2025-08-30,2025-08,1100,Accounts Receivable,0,47797.01,Customer payment,AR,KBD-CR00084
JE-002496,2025-08-30,2025-08,1000,Operating Cash,18.92,0,Customer payment,AR,KBD-CR00092
JE-002497,2025-08-30,2025-08,1100,Accounts Receivable,0,18.92,Customer payment,AR,KBD-CR00092
JE-003040,2025-08-30,2025-08,1000,Operating Cash,10477.23,0,Customer payment,AR,KBD-CR00364
JE-003041,08/30/25 ,2025-08,1100,Accounts Receivable,0,10477.23,Customer payment,AR,KBD-CR00364
JE-003351,2025-08-30,2025-08,2050,GR/IR Clearing (Received Not Invoiced),4303.5,0,Supplier inv 95802295,AP,95802295
JE-003352,2025-08-30,2025-08,5300,Freight In,6.58,0,Freight in,AP,95802295
JE-003353,2025-08-30,2025-08,2000,Accounts Payable,0,4310.08,Supplier inv 95802295,AP,95802295
JE-003736,2025-08-30,2025-08,2050,GR/IR Clearing (Received Not Invoiced),34437.8,0,Supplier inv 6183022,AP,6183022
JE-003737,2025-08-30,2025-08,5300,Freight In,113.47,0,Freight in,AP,6183022
JE-003738,2025-08-30,2025-08,2000,Accounts Payable,0,34551.27,Supplier inv 6183022 ,AP,6183022 
JE-003924,2025-08-30,2025-08,1230,Inventory - Purchased for Resale,11459.2,0,PO receipt PO-31081,INV ,RCV-40079
JE-003925,2025-08-30,2025-08,2050,GR/IR Clearing (Received Not Invoiced),0,11459.2,PO receipt PO-31081,INV,RCV-40079
JE-004030,2025-08-30,2025-08,1230,Inventory - Purchased for Resale,30075.29,0,PO receipt PO-31134,INV,RCV-40132
JE-004031,2025-08-30,2025-08,2050,GR/IR Clearing (Received Not Invoiced),0,30075.29,PO receipt PO-31134,INV,RCV-40132
JE-002648,2025-08-31,2025-08,1000 ,Operating Cash,15790.26,0,Customer payment,AR,KBD-CR00168
JE-002649,2025-08-31,2025-08,1100,Accounts Receivable,0,15790.26,Customer payment,AR,KBD-CR00168
JE-003092,2025-08-31,2025-08,1000,Operating Cash,13827.8,0,Customer payment,AR,KBD-CR00390
JE-003093,2025-08-31,2025-08,1100,Accounts Receivable,0,13827.8,Customer payment,AR,KBD-CR00390
JE-004352,2025-08-31,2025-08,6700,Office & Supplies,1840.46,0,"Iron Mountain Information Management, LLC",AP,KBD-AP00004
JE-004353,2025-08-31,2025-08,2000,Accounts Payable,0,1840.46,"Iron Mountain Information Management, LLC",AP,KBD-AP00004
JE-004386 ,2025-08-31,2025-08,6700,Office & Supplies,2739.32,0,Cintas Corp #472,AP,KBD-AP00021
JE-004387 ,2025-08-31,2025-08,2000,Accounts Payable,0,2739.32,Cintas Corp #472,AP,KBD-AP00021
JE-004404,08/31/2025,2025-08,6700,Office & Supplies,2107.73,0,STAPLES BUS ADV,AP,KBD-AP00030
JE-004405,2025-08-31,2025-08,2000,Accounts Payable,0,2107.73,STAPLES BUS ADV,AP,KBD-AP00030
JE-004420,2025-08-31,2025-08,5300,Freight In ,67.63,0,FEDEX,AP,KBD-AP00038
JE-004421,2025-08-31,2025-08,2000,Accounts Payable,0,67.63,FEDEX,AP ,KBD-AP00038
JE-004444,2025-08-31,2025-08,6300,Rent,14200,0,Allentown Industrial Park LLC,AP,KBD-AP00050
JE-004445,2025-08-31,2025-08,2000,Accounts Payable,0,14200,Allentown Industrial Park LLC,AP,KBD-AP00050
JE-004468,2025-08-31,2025-08,6400,Software Subscriptions,9000.0,0,NetSuite,AP,SW-NETSUI
JE-004469,2025-08-31,2025-08,2000,Accounts Payable,0,9000.0,NetSuite,AP,SW-NETSUI
JE-004492,2025-08-31,2025-08,6400,Software Subscriptions,1725.0,0,Autodesk Inventor,AP,SW-AUTODE
JE-004493,2025-08-31,2025-08,2000,Accounts Payable,0,1725.0,Autodesk Inventor,AP,SW-AUTODE
JE-004516,2025-08-31,2025-08,6400,Software Subscriptions,400.0,0,uniPoint QMS,AP,SW-UNIPOI
JE-004517,2025-08-31,2025-08,2000,Accounts Payable,0,400.0,uniPoint QMS,AP,SW-UNIPOI
JE-004540,2025-08-31,2025-08,6400,Software Subscriptions,787.5,0,Microsoft 365 Business Standard,AP,SW-MICROS
JE-004541,2025-08-31,2025-08,2000,Accounts Payable,0,787.5,Microsoft 365 Business Standard,AP,SW-MICROS
JE-004564,2025-08-31,2025-08,6400,Software Subscriptions,1980.0,0,Paycom,AP,SW-PAYCOM
JE-004565,2025-08-31,2025-08,2000,Accounts Payable,0,1980.0,Paycom,AP,SW-PAYCOM
JE-004588,2025-08-31,2025-08,6400,Software Subscriptions,1200.0,0,ShipStation,AP,SW-SHIPST
JE-004589,2025-08-31,2025-08,2000,Accounts Payable,0,1200.0,ShipStation,AP,SW-SHIPST
JE-004612,2025-08-31,2025-08,6400,Software Subscriptions,720.0,0,HubSpot Sales Hub,AP,SW-HUBSPO
JE-004613,08/31/25,2025-08,2000,Accounts Payable,0,720.0,HubSpot Sales Hub,AP,SW-HUBSPO
JE-004636,2025-08-31,2025-08,6400,Software Subscriptions,567.0,0,Expensify,AP,SW-EXPENS
JE-004637,"Aug 31, 2025",2025-08,2000,Accounts Payable,0,567.0,Expensify,AP,SW-EXPENS
JE-004660,08/31/25,2025-08,6400,Software Subscriptions,880.0,0,Dropbox Business,AP,SW-DROPBO
JE-004661,2025-08-31,2025-08,2000,Accounts Payable,0,880.0,Dropbox Business,AP,SW-DROPBO
JE-004684,2025-08-31,2025-08,6400,Software Subscriptions,630.0,0,Zoom Workplace,AP,SW-ZOOMW
JE-004685,2025-08-31,2025-08,2000,Accounts Payable,0,630.0,Zoom Workplace,AP,SW-ZOOMW
JE-004708,2025-08-31,2025-08,6400,Software Subscriptions,392.0,0,8x8 Work,AP,SW-8X8WO
JE-004709,2025-08-31,2025-08,2000,Accounts Payable,0,392.0,8x8 Work,AP,SW-8X8WO
JE-004732,"Aug 31, 2025",2025-08,6000 ,Salaries & Wages,347350.66,0,Monthly payroll,PR,PR-202508
JE-004733,31-Aug-2025,2025-08,2300,Payroll Liabilities,0,347350.66,Monthly payroll,PR,PR-202508
JE-002289,2025-09-01,2025-09,1100,Accounts Receivable,550.5,0,Invoice INV-60483,AR,INV-60483
JE-002290,2025-09-01,2025-09,4010,Product Sales - Distributed,0,550.5,Invoice INV-60483,AR,INV-60483
JE-002291,2025-09-01,2025-09,5000,COGS - Materials,327.39,0,COGS,AR,INV-60483
JE-002292,2025-09-01,2025-09,1230,Inventory - Purchased for Resale,0,327.39,Inventory relief ,AR,INV-60483
JE-002788,2025-09-01,2025-09,1000,Operating Cash,5837.57,0,Customer payment,AR,KBD-CR00238
JE-002789,2025-09-01,2025-09,1100,Accounts Receivable,0,5837.57,Customer payment,AR,KBD-CR00238
JE-003558,2025-09-01,2025-09,2050,GR/IR Clearing (Received Not Invoiced),15631.35,0,Supplier inv 1789786,AP,1789786
JE-003559,2025-09-01,2025-09,2000,Accounts Payable,0,15631.35,Supplier inv 1789786,AP,1789786
JE-002492,09/02/2025,2025-09,1000,Operating Cash,35134.07,0,Customer payment,AR,KBD-CR00090
JE-002493,2025-09-02,2025-09,1100,Accounts Receivable,0,35134.07,Customer payment,AR,KBD-CR00090
JE-002992,09/02/2025,2025-09,1000,Operating Cash,9852.36,0,Customer payment,AR,KBD-CR00340
JE-002993,09/02/2025,2025-09,1100,Accounts Receivable,0,9852.36,Customer payment,AR,KBD-CR00340
JE-003287,09/02/2025,2025-09,2050,GR/IR Clearing (Received Not Invoiced),11252.1,0,Supplier inv SI6624399,AP,SI6624399
JE-003288,2025-09-02,2025-09,2000,Accounts Payable,0,11252.1,Supplier inv SI6624399,AP,SI6624399
JE-003541,2025-09-02,2025-09,2050,GR/IR Clearing (Received Not Invoiced),358371.85,0,Supplier inv INV3621013,AP,INV3621013
JE-003542,2025-09-02,2025-09,2000,Accounts Payable,0,358371.85,Supplier inv INV3621013,AP,INV3621013
JE-003928,"Sep 02, 2025",2025-09,1230,Inventory - Purchased for Resale,414182.42,0,PO receipt PO-31083,INV,RCV-40081
JE-003929,2025-09-02,2025-09,2050,GR/IR Clearing (Received Not Invoiced),0,414182.42,PO receipt PO-31083 ,INV,RCV-40081
JE-004146,2025-09-02,2025-09 ,1230,Inventory - Purchased for Resale,344631.85,0,PO receipt PO-31194,INV,RCV-40190
JE-004147,2025-09-02,2025-09,2050,GR/IR Clearing (Received Not Invoiced),0,344631.85,PO receipt PO-31194,INV,RCV-40190
JE-004252,2025-09-02,2025-09,1230,Inventory - Purchased for Resale,156259.49,0,PO receipt PO-31251,INV,RCV-40243
JE-004253,2025-09-02,2025-09,2050,GR/IR Clearing (Received Not Invoiced),0,156259.49,PO receipt PO-31251,INV,RCV-40243
JE-004284,2025-09-02,2025-09,1230,Inventory - Purchased for Resale,2463.6,0,PO receipt PO-31268,INV,RCV-40259
JE-004285,2025-09-02,2025-09,2050,GR/IR Clearing (Received Not Invoiced),0,2463.6,PO receipt PO-31268,INV,RCV-40259
JE-002566,2025-09-03,2025-09,1000,Operating Cash,29812.94,0,Customer payment,AR,KBD-CR00127 
JE-002567,2025-09-03 ,2025-09,1100,Accounts Receivable,0,29812.94,Customer payment,AR,KBD-CR00127
JE-002796,2025-09-03,2025-09,1000,Operating Cash,29864.91,0,Customer payment ,AR,KBD-CR00242
JE-002797,2025-09-03,2025-09,1100,Accounts Receivable ,0,29864.91,Customer payment,AR,KBD-CR00242
JE-002834,2025-09-03,2025-09,1000,Operating Cash,7045.51,0,Customer payment,AR,KBD-CR00261
JE-002835,2025-09-03,2025-09,1100,Accounts Receivable,0,7045.51,Customer payment,AR,KBD-CR00261
JE-000014,2025-09-04,2025-09,1100,Accounts Receivable,12346.24,0,Invoice INV-60004,AR,INV-60004
JE-000015,2025-09-04,2025-09,4010,Product Sales - Distributed,0,11511.65,Invoice INV-60004,AR,INV-60004
JE-000016,2025-09-04,2025-09,2100,Accrued Expenses,0,834.59,Sales tax payable,AR,INV-60004
JE-000017,2025-09-04,2025-09,5000,COGS - Materials,7337.9,0,COGS,AR,INV-60004
JE-000018,2025-09-04,2025-09,1230,Inventory - Purchased for Resale,0,7337.9,Inventory relief,AR,INV-60004
JE-001362,2025-09-04,2025-09,1100,Accounts Receivable,50132.23,0,Invoice INV-60287,AR,INV-60287
JE-001363,2025-09-04,2025-09,4010,Product Sales - Distributed,0,48671.48,Invoice INV-60287,AR,INV-60287
JE-001364,2025-09-04,2025-09,4100,Freight Revenue,0,1460.75,Freight billed,AR,INV-60287
JE-001365,09/04/2025 ,2025-09,5000,COGS - Materials,32534.2,0,COGS,AR,INV-60287
JE-001366,"Sep 04, 2025",2025-09,1230,Inventory - Purchased for Resale,0,32534.2,Inventory relief,AR,INV-60287
JE-001827,2025-09-04,2025-09,1100,Accounts Receivable,10197.02,0,Invoice INV-60384,AR,INV-60384
JE-001828,2025-09-04,2025-09,4010,Product Sales - Distributed,0,7557.45,Invoice INV-60384,AR,INV-60384
JE-001829,2025-09-04,2025-09,4100,Freight Revenue,0,2639.57,Freight billed ,AR,INV-60384
JE-001830,2025-09-04,2025-09,5000,COGS - Materials,4892.53,0,COGS,AR,INV-60384
JE-001831,2025-09-04,2025-09,1230,Inventory - Purchased for Resale,0,4892.53,Inventory relief,AR,INV-60384
JE-002200,2025-09-04,2025-09,1100,Accounts Receivable,11619.67,0,Invoice INV-60464,AR,INV-60464
JE-002201,2025-09-04,2025-09,4010,Product Sales - Distributed,0,11273.96,Invoice INV-60464,AR,INV-60464
JE-002202,2025-09-04,2025-09,4100,Freight Revenue,0,345.71,Freight billed,AR,INV-60464
JE-002203,2025-09-04,2025-09,5000,COGS - Materials,8213.5,0,COGS,AR,INV-60464
JE-002204,2025-09-04,2025-09,1230,Inventory - Purchased for Resale,0,8213.5,Inventory relief,AR,INV-60464
JE-003292,09/04/25,2025-09,2050,GR/IR Clearing (Received Not Invoiced),414182.42,0,Supplier inv SI3304553,AP,SI3304553
JE-003293,2025-09-04,2025-09,2000,Accounts Payable,0,414182.42,Supplier inv SI3304553,AP,SI3304553
JE-001154,2025-09-05,2025-09,1100,Accounts Receivable,14298.03,0,Invoice INV-60244,AR,INV-60244
JE-001155,2025-09-05,2025-09,4010,Product Sales - Distributed,0,12987.09,Invoice INV-60244 ,AR,INV-60244
JE-001156,2025-09-05,2025-09,4100,Freight Revenue,0,1310.94,Freight billed,AR,INV-60244
JE-001157,2025-09-05,2025-09,5000,COGS - Materials,10338.59,0,COGS,AR,INV-60244
JE-001158,09/05/25,2025-09,1230,Inventory - Purchased for Resale,0,10338.59,Inventory relief,AR,INV-60244
JE-002476,05-Sep-2025,2025-09,1000,Operating Cash,40817.73,0,Customer payment,AR,KBD-CR00082
JE-002477,2025-09-05,2025-09,1100,Accounts Receivable,0,40817.73,Customer payment,AR,KBD-CR00082
JE-002552,2025-09-05,2025-09,1000,Operating Cash,37939.69,0,Customer payment,AR,KBD-CR00120
JE-002553,2025-09-05,2025-09,1100,Accounts Receivable,0,37939.69,Customer payment,AR,KBD-CR00120
JE-003874,2025-09-05,2025-09,1230,Inventory - Purchased for Resale,441.45,0,PO receipt PO-31055,INV ,RCV-40054
JE-003875,"Sep 05, 2025 ",2025-09,2050,GR/IR Clearing (Received Not Invoiced),0,441.45,PO receipt PO-31055,INV,RCV-40054
JE-003944,2025-09-05,2025-09,1230,Inventory - Purchased for Resale,365280.68,0,PO receipt PO-31091,INV,RCV-40089
JE-003945,2025-09-05,2025-09,2050,GR/IR Clearing (Received Not Invoiced),0,365280.68,PO receipt PO-31091,INV,RCV-40089
JE-004224,2025-09-05,2025-09,1230,Inventory - Purchased for Resale,5132.5,0,PO receipt PO-31236,INV,RCV-40229
JE-004225,2025-09-05,2025-09,2050,GR/IR Clearing (Received Not Invoiced),0,5132.5,PO receipt PO-31236,INV,RCV-40229
JE-002800,"Sep 06, 2025",2025-09,1000,Operating Cash,32301.97,0,Customer payment,AR,KBD-CR00244
JE-002801,2025-09-06,2025-09,1100,Accounts Receivable,0,32301.97,Customer payment,AR,KBD-CR00244
JE-002960,2025-09-06,2025-09,1000,Operating Cash,290.98,0,Customer payment,AR,KBD-CR00324
JE-002961,"Sep 06, 2025",2025-09,1100,Accounts Receivable,0,290.98,Customer payment,AR,KBD-CR00324
JE-003231,2025-09-06,2025-09,2050,GR/IR Clearing (Received Not Invoiced),441.45,0,Supplier inv 1684698,AP,1684698
JE-003232,2025-09-06,2025-09,2000,Accounts Payable,0,441.45,Supplier inv 1684698,AP,1684698
JE-003408,2025-09-06,2025-09,2050,GR/IR Clearing (Received Not Invoiced),30075.29,0,Supplier inv INV5365710,AP,INV5365710
JE-003409,2025-09-06,2025-09,2000,Accounts Payable,0,30075.29,Supplier inv INV5365710,AP,INV5365710
JE-004032,2025-09-06,2025-09,1230,Inventory - Purchased for Resale,49949.2,0,PO receipt PO-31135,INV,RCV-40133
JE-004033,2025-09-06,2025-09,2050,GR/IR Clearing (Received Not Invoiced),0,49949.2,PO receipt PO-31135,INV,RCV-40133
JE-002252,2025-09-07,2025-09,1100,Accounts Receivable,3799.51,0,Invoice INV-60475,AR,INV-60475
JE-002253,09/07/25,2025-09,4010,Product Sales - Distributed,0,3799.51,Invoice INV-60475,AR,INV-60475
JE-002254,2025-09-07,2025-09,5000,COGS - Materials,2491.49,0,COGS,AR,INV-60475
JE-002255,2025-09-07,2025-09,1230,Inventory - Purchased for Resale,0,2491.49,Inventory relief,AR,INV-60475
JE-002346,2025-09-07,2025-09,1000,Operating Cash,24841.06,0,Customer payment,AR,KBD-CR00017
JE-002347,2025-09-07,2025-09,1100,Accounts Receivable,0,24841.06,Customer payment,AR,KBD-CR00017
JE-003968,2025-09-07,2025-09,1230,Inventory - Purchased for Resale ,55951.3,0,PO receipt PO-31103,INV,RCV-40101
JE-003969,2025-09-07,2025-09,2050,GR/IR Clearing (Received Not Invoiced),0,55951.3,PO receipt PO-31103,INV,RCV-40101
JE-001524,08-Sep-2025,2025-09,1100,Accounts Receivable,202.88,0,Invoice INV-60320,AR,INV-60320
JE-001525,2025-09-08,2025-09,4010,Product Sales - Distributed,0,131.16,Invoice INV-60320,AR,INV-60320
JE-001526,"Sep 08, 2025",2025-09 ,4100,Freight Revenue,0,71.72,Freight billed,AR,INV-60320
JE-001527,2025-09-08,2025-09,5000,COGS - Materials,123.0,0,COGS,AR,INV-60320
JE-001528,2025-09-08,2025-09,1230,Inventory - Purchased for Resale,0,123.0,Inventory relief,AR,INV-60320 
JE-002988,2025-09-08,2025-09,1000,Operating Cash,222.3,0,Customer payment,AR,KBD-CR00338
JE-002989,2025-09-08,2025-09,1100,Accounts Receivable,0,222.3,Customer payment,AR,KBD-CR00338
JE-003410,2025-09-08,2025-09,2050,GR/IR Clearing (Received Not Invoiced),49949.2,0,Supplier inv SI1733959,AP,SI1733959
JE-003411,2025-09-08,2025-09,2000,Accounts Payable,0,49949.2,Supplier inv SI1733959,AP,SI1733959
JE-003656,2025-09-08 ,2025-09,2050,GR/IR Clearing (Received Not Invoiced),156259.49,0,Supplier inv INV3593183,AP,INV3593183
JE-003657,2025-09-08,2025-09,2000,Accounts Payable,0,156259.49,Supplier inv INV3593183,AP,INV3593183
JE-003696,08-Sep-2025,2025-09,2050,GR/IR Clearing (Received Not Invoiced),2463.6,0,Supplier inv SI4823123,AP,SI4823123
JE-003697,2025-09-08,2025-09,2000,Accounts Payable,0,2463.6,Supplier inv SI4823123,AP,SI4823123
JE-002228,2025-09-09,2025-09,1100,Accounts Receivable,249.88,0,Invoice INV-60470,AR,INV-60470
JE-002229,2025-09-09,2025-09,4010,Product Sales - Distributed,0,249.88,Invoice INV-60470,AR,INV-60470
JE-002230,2025-09-09,2025-09,5000,COGS - Materials,153.4,0,COGS,AR,INV-60470
JE-002231,09/09/2025,2025-09,1230,Inventory - Purchased for Resale,0,153.4,Inventory relief,AR,INV-60470
JE-002554,2025-09-09,2025-09,1000,Operating Cash,29253.75,0,Customer payment,AR,KBD-CR00121
JE-002555,2025-09-09,2025-09,1100,Accounts Receivable,0,29253.75,Customer payment,AR,KBD-CR00121
JE-002896,2025-09-09,2025-09,1000,Operating Cash,15461.21,0,Customer payment,AR,KBD-CR00292
JE-002897,2025-09-09,2025-09,1100,Accounts Receivable,0,15461.21,Customer payment,AR,KBD-CR00292
JE-003308,09/09/2025,2025-09 ,2050,GR/IR Clearing (Received Not Invoiced),367467.18,0,Supplier inv SI5134844,AP,SI5134844
JE-003309,2025-09-09,2025-09,2000,Accounts Payable,0,367467.18,Supplier inv SI5134844,AP,SI5134844
JE-003395,2025-09-09,2025-09,2050,GR/IR Clearing (Received Not Invoiced),316417.92,0,Supplier inv 92595741 ,AP,92595741
JE-003396,"Sep 09, 2025",2025-09,2000,Accounts Payable,0,316417.92,Supplier inv 92595741,AP,92595741
JE-004020,2025-09-09,2025-09,1230,Inventory - Purchased for Resale,307201.44,0,PO receipt PO-31129,INV,RCV-40127
JE-004021,2025-09-09,2025-09,2050,GR/IR Clearing (Received Not Invoiced),0,307201.44,PO receipt PO-31129,INV,RCV-40127
JE-000309,09/10/25,2025-09,1100,Accounts Receivable,11646.11,0,Invoice INV-60066,AR,INV-60066
JE-000310,2025-09-10,2025-09,4010,Product Sales - Distributed ,0,10858.84,Invoice INV-60066,AR,INV-60066
JE-000311,2025-09-10,2025-09,2100,Accrued Expenses,0,787.27,Sales tax payable,AR,INV-60066
JE-000312,2025-09-10,2025-09,5000,COGS - Materials,8192.7,0,COGS,AR,INV-60066
JE-000313,2025-09-10,2025-09,1230,Inventory - Purchased for Resale,0,8192.7,Inventory relief,AR,INV-60066
JE-002780,2025-09-10,2025-09,1000,Operating Cash,24602.71,0,Customer payment,AR,KBD-CR00234
JE-002781,2025-09-10,2025-09,1100,Accounts Receivable,0,24602.71,Customer payment,AR,KBD-CR00234
JE-003625,2025-09-10,2025-09,2050,GR/IR Clearing (Received Not Invoiced),5184.0,0,Supplier inv INV5206160,AP,INV5206160
JE-003626,2025-09-10,2025-09,2000,Accounts Payable,0,5184.0,Supplier inv INV5206160,AP,INV5206160
JE-004238,2025-09-10,2025-09,1230,Inventory - Purchased for Resale,34147.26,0,PO receipt PO-31244,INV,RCV-40236
JE-004239,2025-09-10,2025-09,2050,GR/IR Clearing (Received Not Invoiced),0,34147.26,PO receipt PO-31244,INV,RCV-40236
JE-000548,2025-09-11,2025-09,1100,Accounts Receivable,24793.6,0,Invoice INV-60117,AR,INV-60117
JE-000549,2025-09-11,2025-09,4010,Product Sales - Distributed,0,23598.45,Invoice INV-60117,AR,INV-60117
JE-000550,2025-09-11,2025-09,4100,Freight Revenue,0,1195.15,Freight billed,AR,INV-60117
JE-000551,2025-09-11,2025-09,5000,COGS - Materials ,16499.09,0,COGS,AR,INV-60117
JE-000552,2025-09-11,2025-09,1230,Inventory - Purchased for Resale,0,16499.09,Inventory relief,AR,INV-60117
JE-002342,2025-09-11,2025-09,1000,Operating Cash,3664.64,0,Customer payment,AR,KBD-CR00015
JE-002343,2025-09-11,2025-09,1100,Accounts Receivable,0,3664.64,Customer payment,AR,KBD-CR00015
JE-002512,2025-09-11,2025-09,1000,Operating Cash,16165.74,0,Customer payment,AR,KBD-CR00100
JE-002513,2025-09-11,2025-09,1100,Accounts Receivable,0,16165.74,Customer payment,AR,KBD-CR00100
JE-002892,2025-09-11,2025-09,1000,Operating Cash,15192.62,0,Customer payment,AR,KBD-CR00290
JE-002893,2025-09-11,2025-09,1100,Accounts Receivable,0,15192.62,Customer payment,AR,KBD-CR00290
JE-000019,2025-09-12,2025-09,1100,Accounts Receivable,1546.09,0,Invoice INV-60005,AR,INV-60005
JE-000020,2025-09-12,2025-09,4010,Product Sales - Distributed,0,1365.32,Invoice INV-60005,AR,INV-60005
JE-000021,2025-09-12,2025-09,4100,Freight Revenue,0,180.77,Freight billed,AR,INV-60005
JE-000022,2025-09-12,2025-09,5000,COGS - Materials,979.68,0,COGS,AR,INV-60005
JE-000023,2025-09-12,2025-09,1230,Inventory - Purchased for Resale,0,979.68,Inventory relief,AR,INV-60005
JE-000331,2025-09-12,2025-09,1100,Accounts Receivable,5852.76,0,Invoice INV-60070,AR,INV-60070
JE-000332,2025-09-12,2025-09,4010,Product Sales - Distributed,0,5852.76,Invoice INV-60070,AR,INV-60070
JE-000333,2025-09-12,2025-09,5000,COGS - Materials,4078.35,0,COGS,AR,INV-60070
JE-000334,2025-09-12,2025-09,1230,Inventory - Purchased for Resale,0,4078.35,Inventory relief,AR ,INV-60070
JE-002734,2025-09-12,2025-09,1000,Operating Cash,277.46,0,Customer payment,AR,KBD-CR00211
JE-002735,2025-09-12,2025-09,1100,Accounts Receivable,0,277.46,Customer payment,AR,KBD-CR00211 
JE-003042,2025-09-12,2025-09,1000,Operating Cash,9214.75,0,Customer payment,AR,KBD-CR00365
JE-003043,2025-09-12,2025-09,1100 ,Accounts Receivable,0,9214.75,Customer payment,AR,KBD-CR00365
JE-003641,09/12/2025,2025-09,2050,GR/IR Clearing (Received Not Invoiced),34147.26,0,Supplier inv 93302649,AP,93302649
JE-003642,2025-09-12,2025-09,2000,Accounts Payable,0,34147.26,Supplier inv 93302649,AP,93302649
JE-000124,2025-09-13,2025-09,1100,Accounts Receivable,671.88,0,Invoice INV-60027,AR,INV-60027
JE-000125,2025-09-13,2025-09,4010,Product Sales - Distributed,0,626.46,Invoice INV-60027,AR,INV-60027
JE-000126,2025-09-13,2025-09,2100,Accrued Expenses,0,45.42,Sales tax payable,AR,INV-60027
JE-000127,2025-09-13,2025-09,5000,COGS - Materials,447.48,0,COGS ,AR,INV-60027
JE-000128,2025-09-13,2025-09,1230,Inventory - Purchased for Resale,0,447.48,Inventory relief,AR,INV-60027
JE-002164,2025-09-13,2025-09,1100,Accounts Receivable,437.89,0,Invoice INV-60456,AR,INV-60456
JE-002165,2025-09-13,2025-09,4010,Product Sales - Distributed,0,437.89,Invoice INV-60456,AR,INV-60456
JE-002166,2025-09-13,2025-09,5000,COGS - Materials,365.76,0,COGS,AR,INV-60456
JE-002167,2025-09-13,2025-09,1230,Inventory - Purchased for Resale,0,365.76,Inventory relief,AR,INV-60456
JE-003337,2025-09-13,2025-09,2050,GR/IR Clearing (Received Not Invoiced),55951.3,0,Supplier inv SI2061471 ,AP,SI2061471
JE-003338,2025-09-13,2025-09,5300,Freight In,33.14,0,Freight in,AP,SI2061471
JE-003339,2025-09-13,2025-09,2000,Accounts Payable,0,55984.44,Supplier inv SI2061471,AP,SI2061471
JE-003940,09/13/2025,2025-09,1230,Inventory - Purchased for Resale,21942.5,0,PO receipt PO-31089,INV,RCV-40087
JE-003941,2025-09-13,2025-09,2050,GR/IR Clearing (Received Not Invoiced),0,21942.5,PO receipt PO-31089,INV,RCV-40087
JE-004302,2025-09-13,2025-09,1230,Inventory - Purchased for Resale,429242.89,0,PO receipt PO-31278,INV,RCV-40268
JE-004303,2025-09-13,2025-09,2050,GR/IR Clearing (Received Not Invoiced),0,429242.89,PO receipt PO-31278,INV,RCV-40268
JE-002564,2025-09-14,2025-09,1000,Operating Cash,17507.23,0,Customer payment,AR,KBD-CR00126
JE-002565 ,2025-09-14,2025-09,1100,Accounts Receivable,0,17507.23,Customer payment,AR,KBD-CR00126
JE-003716,2025-09-14,2025-09,2050,GR/IR Clearing (Received Not Invoiced),429242.89,0,Supplier inv 93235474,AP,93235474
JE-003717,2025-09-14,2025-09,2000,Accounts Payable,0,429242.89,Supplier inv 93235474,AP,93235474
JE-004264,2025-09-14,2025-09,1230,Inventory - Purchased for Resale,397510.34,0,PO receipt PO-31257,INV,RCV-40249
JE-004265,2025-09-14,2025-09,2050,GR/IR Clearing (Received Not Invoiced),0,397510.34,PO receipt PO-31257,INV,RCV-40249
JE-004286,2025-09-14,2025-09,1230,Inventory - Purchased for Resale,22531.48,0,PO receipt PO-31269,INV,RCV-40260
JE-004287,2025-09-14,2025-09 ,2050,GR/IR Clearing (Received Not Invoiced),0,22531.48,PO receipt PO-31269,INV,RCV-40260
JE-004314,2025-09-14,2025-09,1230,Inventory - Purchased for Resale,104214.24,0,PO receipt PO-31284,INV,RCV-40274
JE-004315,2025-09-14,2025-09,2050,GR/IR Clearing (Received Not Invoiced),0,104214.24,PO receipt PO-31284,INV,RCV-40274
JE-001096,2025-09-15,2025-09,1100,Accounts Receivable,1870.5,0,Invoice INV-60231,AR,INV-60231
JE-001097,15-Sep-2025,2025-09,4010,Product Sales - Distributed,0,1870.5,Invoice INV-60231,AR,INV-60231
JE-001098,2025-09-15,2025-09,5000,COGS - Materials,1168.1,0,COGS,AR,INV-60231
JE-001099,2025-09-15,2025-09,1230,Inventory - Purchased for Resale,0,1168.1,Inventory relief,AR,INV-60231
JE-001871,2025-09-15,2025-09,1100,Accounts Receivable,4896.48,0,Invoice INV-60393,AR,INV-60393
JE-001872,2025-09-15,2025-09,4010,Product Sales - Distributed,0,4565.48,Invoice INV-60393,AR,INV-60393
JE-001873,2025-09-15,2025-09,2100,Accrued Expenses,0,331.0,Sales tax payable,AR,INV-60393
JE-001874,2025-09-15,2025-09,5000,COGS - Materials,3039.45,0,COGS,AR,INV-60393
JE-001875,2025-09-15,2025-09,1230,Inventory - Purchased for Resale,0,3039.45,Inventory relief,AR,INV-60393
JE-001995,15-Sep-2025,2025-09,1100,Accounts Receivable,5704.39,0,Invoice INV-60420,AR,INV-60420
JE-001996,2025-09-15,2025-09,4010,Product Sales - Distributed,0,5318.78,Invoice INV-60420,AR,INV-60420
JE-001997,2025-09-15,2025-09,2100,Accrued Expenses,0,385.61,Sales tax payable,AR,INV-60420
JE-001998,2025-09-15,2025-09,5000,COGS - Materials,3456.0,0,COGS ,AR,INV-60420
JE-001999,2025-09-15,2025-09,1230,Inventory - Purchased for Resale,0,3456.0,Inventory relief,AR,INV-60420
JE-002094,2025-09-15,2025-09,1100,Accounts Receivable,1150.38,0,Invoice INV-60441,AR,INV-60441
JE-002095,2025-09-15,2025-09,4010,Product Sales - Distributed,0,1020.11,Invoice INV-60441,AR,INV-60441
JE-002096,2025-09-15,2025-09,4100,Freight Revenue,0,130.27,Freight billed,AR,INV-60441
JE-002097,2025-09-15,2025-09,5000,COGS - Materials,774.67,0,COGS,AR,INV-60441
JE-002098,2025-09-15,2025-09,1230,Inventory - Purchased for Resale,0,774.67,Inventory relief,AR,INV-60441
JE-002980,2025-09-15,2025-09 ,1000,Operating Cash,8301.52,0,Customer payment,AR,KBD-CR00334
JE-002981,2025-09-15,2025-09,1100,Accounts Receivable,0,8301.52,Customer payment,AR,KBD-CR00334
JE-003672,2025-09-15,2025-09,2050,GR/IR Clearing (Received Not Invoiced),397459.64,0,Supplier inv 9750341,AP,9750341
JE-003673,2025-09-15,2025-09,5300,Freight In,116.59,0,Freight in,AP,9750341
JE-003674,2025-09-15,2025-09,2000,Accounts Payable,0,397576.23,Supplier inv 9750341,AP,9750341
JE-004186,15-Sep-2025,2025-09,1230,Inventory - Purchased for Resale,11462.97,0,PO receipt PO-31215,INV,RCV-40210
JE-004187,2025-09-15,2025-09 ,2050,GR/IR Clearing (Received Not Invoiced),0,11462.97,PO receipt PO-31215,INV,RCV-40210
JE-000363,2025-09-16,2025-09,1100,Accounts Receivable,10941.05,0,Invoice INV-60077,AR,INV-60077
JE-000364,2025-09-16,2025-09,4010,Product Sales - Distributed,0,10941.05,Invoice INV-60077,AR,INV-60077
JE-000365,2025-09-16,2025-09,5000,COGS - Materials,8622.1,0,COGS,AR,INV-60077
JE-000366,09/16/2025,2025-09,1230,Inventory - Purchased for Resale,0,8622.1,Inventory relief,AR,INV-60077
JE-001326,2025-09-16,2025-09,1100,Accounts Receivable,47336.21,0,Invoice INV-60280,AR,INV-60280
JE-001327,2025-09-16,2025-09,4010,Product Sales - Distributed,0,43093.5,Invoice INV-60280,AR,INV-60280
JE-001328,2025-09-16,2025-09,4100,Freight Revenue,0,1118.43,Freight billed,AR,INV-60280
JE-001329,2025-09-16,2025-09 ,2100,Accrued Expenses,0,3124.28,Sales tax payable,AR,INV-60280 
JE-001330,16-Sep-2025,2025-09,5000 ,COGS - Materials,32607.83,0,COGS,AR,INV-60280
JE-001331,2025-09-16,2025-09,1230,Inventory - Purchased for Resale,0,32607.83,Inventory relief,AR,INV-60280
JE-002420,2025-09-16,2025-09,1000,Operating Cash,306.22,0,Customer payment,AR,KBD-CR00054
JE-002421,2025-09-16,2025-09,1100,Accounts Receivable,0,306.22,Customer payment,AR,KBD-CR00054
JE-003064,2025-09-16,2025-09,1000,Operating Cash,17438.14,0,Customer payment,AR,KBD-CR00376
JE-003065,2025-09-16,2025-09,1100,Accounts Receivable,0,17438.14,Customer payment,AR,KBD-CR00376
JE-003304,2025-09-16,2025-09,2050,GR/IR Clearing (Received Not Invoiced),21942.5,0,Supplier inv INV6468586,AP,INV6468586
JE-003305,2025-09-16,2025-09,2000,Accounts Payable,0,21942.5,Supplier inv INV6468586,AP,INV6468586
JE-003698,09/16/2025,2025-09,2050,GR/IR Clearing (Received Not Invoiced),23679.32,0,Supplier inv 93923550,AP,93923550
JE-003699,2025-09-16,2025-09,2000,Accounts Payable,0,23679.32,Supplier inv 93923550,AP,93923550
JE-003876,09/16/2025,2025-09,1230,Inventory - Purchased for Resale,69083.56,0,PO receipt PO-31056,INV,RCV-40055
JE-003877,2025-09-16,2025-09,2050,GR/IR Clearing (Received Not Invoiced),0,69083.56,PO receipt PO-31056,INV,RCV-40055
JE-002009,2025-09-17,2025-09,1100,Accounts Receivable,966.46,0,Invoice INV-60423,AR,INV-60423
JE-002010,2025-09-17,2025-09,4010,Product Sales - Distributed,0,832.95,Invoice INV-60423,AR,INV-60423 
JE-002011,2025-09-17,2025-09,4100,Freight Revenue,0,133.51,Freight billed,AR,INV-60423
JE-002012,2025-09-17,2025-09,5000,COGS - Materials,460.2,0,COGS,AR,INV-60423
JE-002013,2025-09-17,2025-09,1230,Inventory - Purchased for Resale,0,460.2,Inventory relief,AR,INV-60423
JE-002484,2025-09-17,2025-09,1000,Operating Cash,630.63,0,Customer payment,AR,KBD-CR00086
JE-002485,2025-09-17,2025-09,1100,Accounts Receivable,0,630.63,Customer payment,AR,KBD-CR00086
JE-001332,2025-09-18,2025-09,1100,Accounts Receivable,12372.74,0,Invoice INV-60281,AR,INV-60281
JE-001333,2025-09-18,2025-09,4010,Product Sales - Distributed,0,12372.74,Invoice INV-60281,AR,INV-60281
JE-001334,09/18/25,2025-09,5000,COGS - Materials ,8568.79,0,COGS ,AR ,INV-60281
JE-001335,2025-09-18,2025-09,1230,Inventory - Purchased for Resale,0,8568.79,Inventory relief,AR,INV-60281
JE-003730,2025-09-18,2025-09,2050,GR/IR Clearing (Received Not Invoiced),104214.24,0,Supplier inv 5040474,AP,5040474
JE-003731,2025-09-18,2025-09,5300,Freight In,50.33,0,Freight in,AP,5040474
JE-003732,09/18/25,2025-09,2000,Accounts Payable,0,104264.57,Supplier inv 5040474,AP,5040474
JE-001122,09/19/2025 ,2025-09,1100,Accounts Receivable,7802.7,0,Invoice INV-60237,AR,INV-60237
JE-001123,2025-09-19,2025-09,4010,Product Sales - Distributed,0,7802.7,Invoice INV-60237,AR,INV-60237
JE-001124,2025-09-19,2025-09,5000,COGS - Materials,6223.28,0,COGS,AR,INV-60237
JE-001125,2025-09-19,2025-09,1230,Inventory - Purchased for Resale,0,6223.28,Inventory relief,AR,INV-60237
JE-001303,09/19/2025,2025-09,1100,Accounts Receivable,347.46,0,Invoice INV-60275,AR,INV-60275
JE-001304,2025-09-19,2025-09,4010,Product Sales - Distributed,0,347.46,Invoice INV-60275,AR,INV-60275
JE-001305,2025-09-19,2025-09,5000,COGS - Materials,212.1,0,COGS,AR,INV-60275
JE-001306,2025-09-19,2025-09,1230,Inventory - Purchased for Resale,0,212.1,Inventory relief,AR,INV-60275
JE-002864,2025-09-19,2025-09,1000,Operating Cash,5438.17,0,Customer payment,AR,KBD-CR00276
JE-002865,2025-09-19,2025-09,1100,Accounts Receivable,0,5438.17,Customer payment,AR,KBD-CR00276
JE-002428,2025-09-20,2025-09,1000,Operating Cash,2248.45,0,Customer payment,AR,KBD-CR00058
JE-002429,2025-09-20,2025-09,1100,Accounts Receivable,0,2248.45,Customer payment,AR,KBD-CR00058
JE-003002,2025-09-20,2025-09,1000,Operating Cash,7597.32,0,Customer payment,AR,KBD-CR00345
JE-003003 ,2025-09-20,2025-09,1100,Accounts Receivable,0,7597.32,Customer payment,AR,KBD-CR00345
JE-003233,2025-09-20,2025-09,2050,GR/IR Clearing (Received Not Invoiced),69429.36,0,Supplier inv SI2123422,AP,SI2123422
JE-003234,2025-09-20,2025-09,5300,Freight In,70.91,0,Freight in,AP,SI2123422
JE-003235,2025-09-20,2025-09,2000,Accounts Payable,0,69500.27,Supplier inv SI2123422,AP,SI2123422
JE-003774,2025-09-20,2025-09,1230,Inventory - Purchased for Resale,146762.8,0,PO receipt PO-31004,INV,RCV-40004
JE-003775,2025-09-20,2025-09 ,2050,GR/IR Clearing (Received Not Invoiced),0,146762.8,PO receipt PO-31004,INV,RCV-40004
JE-004290,2025-09-20,2025-09,1230,Inventory - Purchased for Resale,13470.0,0,PO receipt PO-31271,INV ,RCV-40262
JE-004291,2025-09-20 ,2025-09,2050,GR/IR Clearing (Received Not Invoiced),0,13470.0,PO receipt PO-31271,INV,RCV-40262
JE-001895,2025-09-21,2025-09,1100,Accounts Receivable,2513.45,0,Invoice INV-60398,AR,INV-60398
JE-001896,2025-09-21,2025-09,4010,Product Sales - Distributed,0,2234.02,Invoice INV-60398,AR,INV-60398
JE-001897,2025-09-21,2025-09,4100,Freight Revenue,0,279.43,Freight billed,AR,INV-60398
JE-001898,2025-09-21,2025-09,5000,COGS - Materials,1599.2,0,COGS,AR,INV-60398
JE-001899,2025-09-21,2025-09,1230,Inventory - Purchased for Resale,0,1599.2,Inventory relief,AR,INV-60398
JE-002696,2025-09-21,2025-09,1000,Operating Cash,5428.33,0,Customer payment,AR,KBD-CR00192
JE-002697,2025-09-21,2025-09,1100,Accounts Receivable,0,5428.33,Customer payment,AR,KBD-CR00192
JE-002634,2025-09-22,2025-09,1000,Operating Cash,4599.31,0,Customer payment,AR,KBD-CR00161
JE-002635,2025-09-22,2025-09 ,1100,Accounts Receivable,0,4599.31,Customer payment,AR,KBD-CR00161
JE-002832,09/22/25,2025-09,1000,Operating Cash,10959.82,0,Customer payment,AR,KBD-CR00260
JE-002833,09/22/25,2025-09,1100,Accounts Receivable,0,10959.82,Customer payment,AR,KBD-CR00260
JE-003584,2025-09-22,2025-09,2050,GR/IR Clearing (Received Not Invoiced),11505.22,0,Supplier inv 9127562,AP,9127562
JE-003585,2025-09-22,2025-09,2000,Accounts Payable,0,11505.22,Supplier inv 9127562,AP,9127562
JE-000911,2025-09-23,2025-09,1100,Accounts Receivable,2410.26,0,Invoice INV-60192,AR,INV-60192
JE-000912,2025-09-23,2025-09,4010,Product Sales - Distributed,0,1800.55,Invoice INV-60192,AR,INV-60192
JE-000913,2025-09-23,2025-09,4100,Freight Revenue,0,609.71,Freight billed,AR,INV-60192
JE-000914,09/23/2025,2025-09,5000,COGS - Materials,1569.82,0,COGS,AR,INV-60192
JE-000915,2025-09-23,2025-09 ,1230,Inventory - Purchased for Resale,0,1569.82,Inventory relief ,AR,INV-60192
JE-002424,2025-09-23 ,2025-09,1000,Operating Cash,2457.72,0,Customer payment,AR,KBD-CR00056
JE-002425,2025-09-23,2025-09,1100,Accounts Receivable,0,2457.72,Customer payment,AR,KBD-CR00056
JE-001269,2025-09-24,2025-09,1100,Accounts Receivable,30649.16,0,Invoice INV-60268,AR,INV-60268
JE-001270,2025-09-24,2025-09,4010,Product Sales - Distributed,0,30649.16,Invoice INV-60268,AR,INV-60268
JE-001271,2025-09-24,2025-09,5000,COGS - Materials,16721.1,0,COGS,AR,INV-60268
JE-001272,2025-09-24,2025-09,1230,Inventory - Purchased for Resale,0,16721.1,Inventory relief,AR,INV-60268 
JE-002280,2025-09-24,2025-09,1100,Accounts Receivable,15263.06,0,Invoice INV-60481,AR,INV-60481
JE-002281,2025-09-24,2025-09,4010,Product Sales - Distributed,0,14231.29,Invoice INV-60481,AR,INV-60481
JE-002282,2025-09-24,2025-09,2100,Accrued Expenses ,0,1031.77,Sales tax payable,AR,INV-60481
JE-002283,2025-09-24,2025-09,5000,COGS - Materials,9197.94,0,COGS,AR,INV-60481
JE-002284,2025-09-24,2025-09,1230,Inventory - Purchased for Resale,0,9197.94,Inventory relief,AR,INV-60481
JE-002684,2025-09-24,2025-09,1000,Operating Cash,5505.66,0,Customer payment,AR,KBD-CR00186
JE-002685,2025-09-24,2025-09,1100,Accounts Receivable,0,5505.66,Customer payment,AR,KBD-CR00186 
JE-002816,2025-09-24,2025-09,1000,Operating Cash,9873.85,0,Customer payment,AR,KBD-CR00252
JE-002817,2025-09-24,2025-09,1100,Accounts Receivable,0,9873.85,Customer payment,AR,KBD-CR00252
JE-003117,2025-09-24,2025-09,2050,GR/IR Clearing (Received Not Invoiced),147406.3,0,Supplier inv INV4465502,AP,INV4465502
JE-003118,2025-09-24,2025-09,2000,Accounts Payable,0,147406.3,Supplier inv INV4465502,AP,INV4465502
JE-003910,09/24/2025,2025-09,1230 ,Inventory - Purchased for Resale,35576.21,0,PO receipt PO-31074,INV,RCV-40072
JE-003911,2025-09-24,2025-09,2050,GR/IR Clearing (Received Not Invoiced),0,35576.21,PO receipt PO-31074,INV,RCV-40072
JE-000653,2025-09-25,2025-09,1100,Accounts Receivable,2792.05,0,Invoice INV-60138,AR,INV-60138
JE-000654,2025-09-25,2025-09,4010,Product Sales - Distributed,0,2792.05,Invoice INV-60138,AR,INV-60138
JE-000655,2025-09-25,2025-09,5000,COGS - Materials,1840.69,0,COGS ,AR,INV-60138
JE-000656,2025-09-25,2025-09,1230,Inventory - Purchased for Resale,0,1840.69,Inventory relief,AR,INV-60138
JE-002326,09/25/25,2025-09,1000,Operating Cash,-193.38,0,Customer payment,AR,KBD-CR00007
JE-002327,2025-09-25,2025-09,1100,Accounts Receivable,0,-193.38,Customer payment,AR,KBD-CR00007
JE-002478,2025-09-25,2025-09,1000,Operating Cash,17494.92,0,Customer payment,AR,KBD-CR00083
JE-002479,2025-09-25,2025-09,1100,Accounts Receivable,0,17494.92,Customer payment,AR,KBD-CR00083
JE-002666,2025-09-25,2025-09,1000,Operating Cash,13750.66,0,Customer payment,AR,KBD-CR00177
JE-002667,2025-09-25,2025-09,1100,Accounts Receivable,0,13750.66,Customer payment,AR,KBD-CR00177
JE-002704,2025-09-25,2025-09,1000,Operating Cash,7802.7,0,Customer payment,AR,KBD-CR00196
JE-002705,2025-09-25,2025-09,1100,Accounts Receivable,0,7802.7,Customer payment,AR,KBD-CR00196
JE-002826,2025-09-25,2025-09,1000,Operating Cash,1604.76,0,Customer payment,AR,KBD-CR00257
JE-002827,2025-09-25,2025-09,1100,Accounts Receivable,0,1604.76,Customer payment,AR,KBD-CR00257
JE-003066,2025-09-25,2025-09,1000,Operating Cash,30284.45,0,Customer payment,AR,KBD-CR00377
JE-003067,2025-09-25,2025-09,1100,Accounts Receivable,0,30284.45,Customer payment,AR,KBD-CR00377
JE-004056,09/25/2025,2025-09,1230,Inventory - Purchased for Resale,3399.0,0,PO receipt PO-31147,INV,RCV-40145
JE-004057,2025-09-25,2025-09,2050,GR/IR Clearing (Received Not Invoiced),0,3399.0,PO receipt PO-31147,INV,RCV-40145
JE-001866,2025-09-26,2025-09,1100,Accounts Receivable,823.89,0,Invoice INV-60392,AR,INV-60392
JE-001867,2025-09-26,2025-09,4010,Product Sales - Distributed,0,607.74,Invoice INV-60392,AR,INV-60392
JE-001868,2025-09-26,2025-09,4100,Freight Revenue,0,216.15,Freight billed,AR,INV-60392
JE-001869,2025-09-26,2025-09,5000,COGS - Materials,430.74,0,COGS,AR,INV-60392
JE-001870,2025-09-26,2025-09,1230,Inventory - Purchased for Resale,0,430.74,Inventory relief,AR,INV-60392
JE-002738,2025-09-26,2025-09,1000,Operating Cash,1624.84,0,Customer payment,AR,KBD-CR00213
JE-002739,2025-09-26,2025-09,1100,Accounts Receivable,0,1624.84,Customer payment,AR,KBD-CR00213
JE-003702,2025-09-26,2025-09,2050,GR/IR Clearing (Received Not Invoiced),13470.0,0,Supplier inv 97519776,AP,97519776
JE-003703,2025-09-26,2025-09,2000,Accounts Payable,0,13470.0,Supplier inv 97519776,AP,97519776
JE-002674 ,2025-09-27,2025-09,1000,Operating Cash,7345.59,0,Customer payment,AR,KBD-CR00181
JE-002675,2025-09-27,2025-09,1100,Accounts Receivable,0,7345.59,Customer payment,AR,KBD-CR00181
JE-004260,27-Sep-2025,2025-09,1230,Inventory - Purchased for Resale,51859.0,0,PO receipt PO-31255,INV,RCV-40247
JE-004261,2025-09-27,2025-09,2050,GR/IR Clearing (Received Not Invoiced),0,51859.0,PO receipt PO-31255 ,INV,RCV-40247
JE-002076,2025-09-28,2025-09,1100,Accounts Receivable,18982.55,0,Invoice INV-60437,AR,INV-60437
JE-002077,28-Sep-2025,2025-09,4010,Product Sales - Distributed,0,18792.08,Invoice INV-60437,AR,INV-60437
JE-002078,2025-09-28,2025-09,4100,Freight Revenue,0,190.47,Freight billed,AR,INV-60437
JE-002079,2025-09-28,2025-09,5000,COGS - Materials,13871.93,0,COGS,AR,INV-60437
JE-002080,2025-09-28,2025-09,1230,Inventory - Purchased for Resale,0,13871.93,Inventory relief,AR,INV-60437
JE-003667,2025-09-28,2025-09,2050,GR/IR Clearing (Received Not Invoiced),51859.0,0,Supplier inv 9759450,AP,9759450
JE-003668,2025-09-28,2025-09,2000,Accounts Payable,0,51859.0,Supplier inv 9759450,AP,9759450
JE-000828,2025-09-29,2025-09,1100,Accounts Receivable,217.28,0,Invoice INV-60175,AR,INV-60175
JE-000829,09/29/25,2025-09,4010,Product Sales - Distributed,0,202.59,Invoice INV-60175,AR,INV-60175
JE-000830,2025-09-29,2025-09,2100,Accrued Expenses,0,14.69,Sales tax payable,AR,INV-60175
JE-000831,2025-09-29,2025-09,5000,COGS - Materials,115.11,0,COGS,AR,INV-60175
JE-000832,2025-09-29,2025-09,1230,Inventory - Purchased for Resale,0,115.11,Inventory relief,AR,INV-60175
JE-002318,2025-09-29,2025-09,1000,Operating Cash,1546.09,0,Customer payment,AR,KBD-CR00003
JE-002319,2025-09-29,2025-09,1100,Accounts Receivable,0,1546.09,Customer payment,AR,KBD-CR00003
JE-002876,2025-09-29,2025-09,1000,Operating Cash,10265.61,0,Customer payment,AR,KBD-CR00282
JE-002877,2025-09-29,2025-09,1100,Accounts Receivable,0,10265.61,Customer payment,AR,KBD-CR00282
JE-003439,2025-09-29,2025-09,2050,GR/IR Clearing (Received Not Invoiced),3399.0,0,Supplier inv INV5198809,AP,INV5198809
JE-003440,09/29/25,2025-09,5300,Freight In,14.67,0,Freight in,AP,INV5198809
JE-003441,2025-09-29,2025-09,2000,Accounts Payable,0,3413.67,Supplier inv INV5198809,AP,INV5198809
JE-004140,2025-09-29,2025-09,1230,Inventory - Purchased for Resale,93551.6,0,PO receipt PO-31191,INV,RCV-40187
JE-004141,2025-09-29,2025-09,2050,GR/IR Clearing (Received Not Invoiced),0,93551.6,PO receipt PO-31191,INV,RCV-40187
JE-003814,2025-09-30,2025-09,1230,Inventory - Purchased for Resale,6950.32,0,PO receipt PO-31024,INV,RCV-40024
JE-003815,2025-09-30,2025-09,2050,GR/IR Clearing (Received Not Invoiced),0,6950.32,PO receipt PO-31024,INV,RCV-40024
JE-004354,2025-09-30,2025-09,6700,Office & Supplies,596.17,0,"Iron Mountain Information Management, LLC",AP,KBD-AP00005
JE-004355,2025-09-30,2025-09,2000,Accounts Payable,0,596.17,"Iron Mountain Information Management, LLC",AP,KBD-AP00005
JE-004370,2025-09-30,2025-09,6700,Office & Supplies,2075.26,0,GRAINGER,AP,KBD-AP00013
JE-004371,09/30/2025,2025-09,2000,Accounts Payable,0,2075.26,GRAINGER,AP,KBD-AP00013
JE-004406,2025-09-30,2025-09,6700,Office & Supplies,4176.91,0,STAPLES BUS ADV,AP,KBD-AP00031
JE-004407,2025-09-30,2025-09,2000,Accounts Payable,0,4176.91,STAPLES BUS ADV,AP,KBD-AP00031
JE-004422,2025-09-30,2025-09,5300,Freight In,53.52,0,FEDEX,AP,KBD-AP00039
JE-004423,2025-09-30,2025-09,2000,Accounts Payable,0,53.52,FEDEX,AP,KBD-AP00039 
JE-004446,2025-09-30,2025-09,6300,Rent,14200,0,Allentown Industrial Park LLC,AP,KBD-AP00051
JE-004447,2025-09-30,2025-09,2000,Accounts Payable,0,14200,Allentown Industrial Park LLC,AP,KBD-AP00051
JE-004470,2025-09-30,2025-09,6400,Software Subscriptions,9000.0,0,NetSuite,AP,SW-NETSUI
JE-004471,2025-09-30,2025-09,2000,Accounts Payable,0,9000.0,NetSuite,AP,SW-NETSUI
JE-004494 ,2025-09-30,2025-09,6400,Software Subscriptions,1725.0,0,Autodesk Inventor,AP,SW-AUTODE
JE-004495,2025-09-30 ,2025-09,2000,Accounts Payable,0,1725.0,Autodesk Inventor,AP,SW-AUTODE
JE-004518,2025-09-30,2025-09,6400,Software Subscriptions,400.0,0,uniPoint QMS,AP,SW-UNIPOI
JE-004519,2025-09-30,2025-09,2000,Accounts Payable,0,400.0,uniPoint QMS,AP,SW-UNIPOI
JE-004542,2025-09-30,2025-09,6400,Software Subscriptions,787.5,0,Microsoft 365 Business Standard,AP,SW-MICROS
JE-004543,"Sep 30, 2025",2025-09,2000,Accounts Payable,0,787.5,Microsoft 365 Business Standard,AP,SW-MICROS
JE-004566,2025-09-30,2025-09 ,6400,Software Subscriptions,1980.0,0,Paycom,AP,SW-PAYCOM
JE-004567,2025-09-30,2025-09,2000,Accounts Payable,0,1980.0,Paycom,AP,SW-PAYCOM
JE-004590,2025-09-30,2025-09,6400,Software Subscriptions,1200.0,0,ShipStation ,AP,SW-SHIPST
JE-004591,2025-09-30 ,2025-09,2000 ,Accounts Payable,0,1200.0,ShipStation,AP,SW-SHIPST
JE-004614,"Sep 30, 2025",2025-09,6400,Software Subscriptions,720.0,0,HubSpot Sales Hub,AP,SW-HUBSPO
JE-004615,2025-09-30,2025-09,2000,Accounts Payable,0,720.0,HubSpot Sales Hub,AP,SW-HUBSPO
JE-004638,2025-09-30,2025-09,6400,Software Subscriptions,567.0,0,Expensify,AP,SW-EXPENS 
JE-004639,2025-09-30,2025-09,2000,Accounts Payable,0,567.0,Expensify,AP,SW-EXPENS
JE-004662,2025-09-30,2025-09,6400,Software Subscriptions,880.0,0,Dropbox Business,AP ,SW-DROPBO
JE-004663,2025-09-30 ,2025-09,2000,Accounts Payable,0,880.0,Dropbox Business,AP ,SW-DROPBO
JE-004686,2025-09-30,2025-09,6400,Software Subscriptions,630.0,0,Zoom Workplace,AP,SW-ZOOMW
JE-004687,2025-09-30,2025-09,2000,Accounts Payable,0,630.0,Zoom Workplace,AP,SW-ZOOMW
JE-004710,2025-09-30,2025-09,6400,Software Subscriptions,392.0,0,8x8 Work,AP,SW-8X8WO
JE-004711,2025-09-30,2025-09,2000,Accounts Payable,0,392.0,8x8 Work,AP,SW-8X8WO
JE-004734,2025-09-30,2025-09,6000,Salaries & Wages,343893.46,0,Monthly payroll,PR,PR-202509
JE-004735,2025-09-30,2025-09,2300,Payroll Liabilities,0,343893.46,Monthly payroll,PR,PR-202509
JE-003270,2025-10-01,2025-10,2050,GR/IR Clearing (Received Not Invoiced),36022.73,0,Supplier inv SI1658736,AP,SI1658736
JE-003271,2025-10-01,2025-10,2000,Accounts Payable,0,36022.73,Supplier inv SI1658736,AP,SI1658736
JE-004034,2025-10-01,2025-10,1230,Inventory - Purchased for Resale,436367.5,0,PO receipt PO-31136,INV,RCV-40134
JE-004035,2025-10-01,2025-10,2050,GR/IR Clearing (Received Not Invoiced),0,436367.5,PO receipt PO-31136,INV,RCV-40134
JE-004126,2025-10-01,2025-10,1230,Inventory - Purchased for Resale,266356.47,0,PO receipt PO-31184,INV ,RCV-40180
JE-004127,2025-10-01,2025-10,2050,GR/IR Clearing (Received Not Invoiced),0,266356.47,PO receipt PO-31184,INV,RCV-40180
JE-004152,2025-10-01,2025-10,1230,Inventory - Purchased for Resale,85528.6,0,PO receipt PO-31197,INV,RCV-40193
JE-004153,01-Oct-2025,2025-10,2050,GR/IR Clearing (Received Not Invoiced),0,85528.6,PO receipt PO-31197,INV,RCV-40193
JE-000425,2025-10-02,2025-10 ,1100,Accounts Receivable,321.8,0,Invoice INV-60090,AR,INV-60090
JE-000426,2025-10-02,2025-10,4010,Product Sales - Distributed,0,321.8,Invoice INV-60090,AR,INV-60090
JE-000427,2025-10-02,2025-10,5000,COGS - Materials,205.3,0,COGS,AR,INV-60090
JE-000428,2025-10-02,2025-10,1230,Inventory - Purchased for Resale,0,205.3,Inventory relief,AR,INV-60090
JE-000609,"Oct 02, 2025",2025-10,1100,Accounts Receivable,7718.71,0,Invoice INV-60129,AR,INV-60129
JE-000610,10/02/25,2025-10,4010,Product Sales - Distributed,0,7718.71,Invoice INV-60129,AR,INV-60129
JE-000611,2025-10-02,2025-10,5000,COGS - Materials,5091.8,0,COGS,AR,INV-60129
JE-000612,2025-10-02,2025-10,1230,Inventory - Purchased for Resale,0,5091.8,Inventory relief,AR,INV-60129
JE-003533,2025-10-02,2025-10,2050,GR/IR Clearing (Received Not Invoiced),92985.35,0,Supplier inv SI8506966,AP,SI8506966
JE-003534,2025-10-02,2025-10,2000,Accounts Payable,0,92985.35,Supplier inv SI8506966,AP,SI8506966
JE-000205,2025-10-03,2025-10,1100,Accounts Receivable,17131.57,0,Invoice INV-60044,AR,INV-60044
JE-000206,2025-10-03,2025-10,4010,Product Sales - Distributed,0,17131.57,Invoice INV-60044,AR,INV-60044
JE-000207,2025-10-03,2025-10,5000,COGS - Materials,12749.81,0,COGS,AR,INV-60044
JE-000208,2025-10-03,2025-10,1230,Inventory - Purchased for Resale,0,12749.81,Inventory relief,AR,INV-60044
JE-001284,2025-10-03,2025-10,1100,Accounts Receivable,34200.53,0,Invoice INV-60271,AR,INV-60271
JE-001285,03-Oct-2025,2025-10,4010,Product Sales - Distributed,0,33500.89,Invoice INV-60271,AR,INV-60271
JE-001286,2025-10-03,2025-10,4100,Freight Revenue,0,699.64,Freight billed,AR,INV-60271
JE-001287,2025-10-03,2025-10,5000,COGS - Materials,25222.7,0,COGS,AR,INV-60271
JE-001288,2025-10-03,2025-10,1230,Inventory - Purchased for Resale,0,25222.7,Inventory relief,AR,INV-60271
JE-001389,2025-10-03,2025-10,1100,Accounts Receivable,27044.82,0,Invoice INV-60293,AR,INV-60293
JE-001390,2025-10-03,2025-10,4010,Product Sales - Distributed,0,17643.57,Invoice INV-60293,AR,INV-60293
JE-001391,2025-10-03,2025-10,4100,Freight Revenue,0,9401.25,Freight billed,AR,INV-60293
JE-001392,2025-10-03,2025-10,5000,COGS - Materials,11996.43,0,COGS,AR,INV-60293
JE-001393,2025-10-03,2025-10,1230,Inventory - Purchased for Resale,0,11996.43,Inventory relief,AR,INV-60293
JE-002276,2025-10-03,2025-10,1100,Accounts Receivable,13739.09,0,Invoice INV-60480,AR,INV-60480
JE-002277,10/03/2025,2025-10,4010,Product Sales - Distributed,0,13739.09,Invoice INV-60480,AR,INV-60480
JE-002278,2025-10-03,2025-10,5000,COGS - Materials,9788.49,0,COGS,AR,INV-60480
JE-002279,2025-10-03,2025-10,1230,Inventory - Purchased for Resale,0,9788.49,Inventory relief,AR,INV-60480
JE-002376,10/03/2025,2025-10,1000,Operating Cash,21348.46,0,Customer payment,AR,KBD-CR00032
JE-002377,2025-10-03,2025-10,1100,Accounts Receivable,0,21348.46,Customer payment,AR,KBD-CR00032
JE-002398,2025-10-03,2025-10,1000,Operating Cash,16279.9,0,Customer payment,AR,KBD-CR00043
JE-002399,2025-10-03,2025-10,1100,Accounts Receivable,0,16279.9,Customer payment ,AR,KBD-CR00043
JE-003547,2025-10-03,2025-10,2050,GR/IR Clearing (Received Not Invoiced),83988.6,0,Supplier inv INV8696889,AP,INV8696889
JE-003548,2025-10-03,2025-10,2000,Accounts Payable,0,83988.6,Supplier inv INV8696889,AP,INV8696889
JE-000151,2025-10-04,2025-10,1100,Accounts Receivable,1028.09,0,Invoice INV-60033,AR,INV-60033
JE-000152,2025-10-04,2025-10,4010,Product Sales - Distributed,0,660.66,Invoice INV-60033,AR,INV-60033
JE-000153,2025-10-04,2025-10,4100,Freight Revenue,0,319.53,Freight billed,AR,INV-60033
JE-000154,2025-10-04,2025-10,2100,Accrued Expenses,0,47.9,Sales tax payable ,AR,INV-60033
JE-000155,2025-10-04,2025-10,5000,COGS - Materials,506.7,0,COGS,AR,INV-60033
JE-000156,2025-10-04,2025-10,1230,Inventory - Purchased for Resale,0,506.7,Inventory relief,AR,INV-60033
JE-002219,2025-10-04,2025-10,1100 ,Accounts Receivable,22717.81,0,Invoice INV-60468 ,AR,INV-60468
JE-002220,2025-10-04,2025-10 ,4010,Product Sales - Distributed,0,15175.92,Invoice INV-60468,AR,INV-60468
JE-002221,2025-10-04,2025-10,4100,Freight Revenue,0,7541.89,Freight billed,AR,INV-60468
JE-002222,2025-10-04,2025-10,5000,COGS - Materials,14570.59,0,COGS,AR,INV-60468
JE-002223,2025-10-04,2025-10,1230,Inventory - Purchased for Resale,0,14570.59,Inventory relief,AR,INV-60468
JE-002764,2025-10-04,2025-10,1000,Operating Cash,347.46,0,Customer payment,AR,KBD-CR00226
JE-002765,2025-10-04,2025-10,1100,Accounts Receivable,0,347.46,Customer payment,AR,KBD-CR00226
JE-003517,2025-10-04,2025-10,2050,GR/IR Clearing (Received Not Invoiced),266356.47,0,Supplier inv 96163998,AP,96163998
JE-003518,2025-10-04,2025-10,2000,Accounts Payable,0,266356.47,Supplier inv 96163998,AP,96163998
JE-001956,2025-10-05,2025-10,1100,Accounts Receivable,21691.14,0,Invoice INV-60411,AR,INV-60411
JE-001957,"Oct 05, 2025",2025-10,4010,Product Sales - Distributed,0,21691.14,Invoice INV-60411,AR,INV-60411
JE-001958,2025-10-05,2025-10,5000,COGS - Materials,17386.23,0,COGS,AR,INV-60411
JE-001959,2025-10-05,2025-10,1230,Inventory - Purchased for Resale,0,17386.23,Inventory relief,AR ,INV-60411
JE-002364,2025-10-05,2025-10,1000,Operating Cash,4294.29,0,Customer payment,AR,KBD-CR00026
JE-002365,2025-10-05,2025-10,1100,Accounts Receivable,0,4294.29,Customer payment,AR,KBD-CR00026
JE-003165,2025-10-05,2025-10,2050,GR/IR Clearing (Received Not Invoiced),6918.12,0,Supplier inv 93769357,AP,93769357
JE-003166,2025-10-05,2025-10,5300,Freight In,49.93,0,Freight in,AP,93769357
JE-003167,2025-10-05,2025-10,2000,Accounts Payable,0,6968.05,Supplier inv 93769357,AP,93769357
JE-002328,2025-10-06,2025-10 ,1000,Operating Cash,38964.29,0,Customer payment,AR,KBD-CR00008
JE-002329,2025-10-06,2025-10,1100,Accounts Receivable,0,38964.29,Customer payment,AR,KBD-CR00008
JE-002542,2025-10-06,2025-10,1000,Operating Cash,61718.86,0,Customer payment,AR,KBD-CR00115
JE-002543,2025-10-06,2025-10,1100,Accounts Receivable,0,61718.86,Customer payment,AR,KBD-CR00115
JE-002748,2025-10-06,2025-10,1000,Operating Cash,62421.75,0,Customer payment,AR,KBD-CR00218
JE-002749,2025-10-06,2025-10,1100,Accounts Receivable,0,62421.75,Customer payment,AR,KBD-CR00218
JE-000049,2025-10-07,2025-10,1100,Accounts Receivable,1443.15,0,Invoice INV-60011,AR,INV-60011
JE-000050,2025-10-07,2025-10,4010,Product Sales - Distributed,0,991.91,Invoice INV-60011,AR,INV-60011
JE-000051,2025-10-07,2025-10,4100,Freight Revenue,0,379.33,Freight billed,AR,INV-60011 
JE-000052,2025-10-07,2025-10,2100,Accrued Expenses,0,71.91,Sales tax payable,AR,INV-60011
JE-000053,2025-10-07,2025-10,5000,COGS - Materials,647.41,0,COGS,AR,INV-60011
JE-000054,2025-10-07,2025-10,1230,Inventory - Purchased for Resale,0,647.41,Inventory relief,AR,INV-60011
JE-000192,2025-10-07,2025-10,1100,Accounts Receivable,3896.75,0,Invoice INV-60041 ,AR,INV-60041
JE-000193,2025-10-07,2025-10,4010,Product Sales - Distributed,0,3896.75,Invoice INV-60041,AR,INV-60041
JE-000194,2025-10-07,2025-10,5000,COGS - Materials,3582.16,0,COGS,AR,INV-60041
JE-000195,2025-10-07,2025-10,1230,Inventory - Purchased for Resale,0,3582.16,Inventory relief,AR,INV-60041
JE-000887,2025-10-07 ,2025-10,1100,Accounts Receivable,193.59,0,Invoice INV-60187,AR,INV-60187
JE-000888,2025-10-07,2025-10,4010,Product Sales - Distributed,0,148.86,Invoice INV-60187,AR,INV-60187
JE-000889,2025-10-07,2025-10,4100,Freight Revenue,0,44.73,Freight billed,AR,INV-60187
JE-000890,2025-10-07,2025-10,5000,COGS - Materials,101.96,0,COGS,AR,INV-60187
JE-000891,2025-10-07,2025-10,1230,Inventory - Purchased for Resale,0,101.96,Inventory relief,AR,INV-60187
JE-003258,2025-10-07,2025-10,2050,GR/IR Clearing (Received Not Invoiced),185117.78,0,Supplier inv SI9802172,AP,SI9802172
JE-003259,10/07/25,2025-10,2000,Accounts Payable,0,185117.78,Supplier inv SI9802172,AP,SI9802172
JE-003412,2025-10-07,2025-10,2050,GR/IR Clearing (Received Not Invoiced),436367.5,0,Supplier inv SI3436835,AP,SI3436835
JE-003413,2025-10-07,2025-10,5300,Freight In,135.28,0,Freight in,AP,SI3436835
JE-003414,2025-10-07,2025-10,2000,Accounts Payable,0,436502.78,Supplier inv SI3436835,AP,SI3436835
JE-003894,10/07/2025,2025-10,1230,Inventory - Purchased for Resale,5984.4,0,PO receipt PO-31066,INV,RCV-40064
JE-003895,2025-10-07,2025-10,2050,GR/IR Clearing (Received Not Invoiced),0,5984.4,PO receipt PO-31066,INV,RCV-40064
JE-003898,2025-10-07,2025-10,1230,Inventory - Purchased for Resale,185000.03,0,PO receipt PO-31068,INV,RCV-40066
JE-003899,2025-10-07,2025-10,2050,GR/IR Clearing (Received Not Invoiced),0,185000.03,PO receipt PO-31068,INV,RCV-40066
JE-004136,2025-10-07,2025-10,1230,Inventory - Purchased for Resale,14852.0,0,PO receipt PO-31189,INV,RCV-40185
JE-004137,2025-10-07,2025-10,2050,GR/IR Clearing (Received Not Invoiced),0,14852.0,PO receipt PO-31189,INV,RCV-40185
JE-002314,2025-10-08,2025-10,1000,Operating Cash,2576.57,0,Customer payment,AR,KBD-CR00001
JE-002315,2025-10-08,2025-10,1100,Accounts Receivable,0,2576.57,Customer payment,AR,KBD-CR00001
JE-002640,2025-10-08,2025-10,1000,Operating Cash,62580.33,0,Customer payment,AR,KBD-CR00164
JE-002641,2025-10-08,2025-10,1100,Accounts Receivable,0,62580.33,Customer payment,AR,KBD-CR00164 
JE-004036,2025-10-08,2025-10,1230,Inventory - Purchased for Resale,7875.15,0,PO receipt PO-31137,INV,RCV-40135
JE-004037,2025-10-08,2025-10,2050,GR/IR Clearing (Received Not Invoiced),0,7875.15,PO receipt PO-31137,INV,RCV-40135
JE-004192,2025-10-08,2025-10,1230,Inventory - Purchased for Resale,10196.0,0,PO receipt PO-31218,INV,RCV-40213
JE-004193,2025-10-08,2025-10,2050,GR/IR Clearing (Received Not Invoiced),0,10196.0,PO receipt PO-31218,INV,RCV-40213
JE-000182,2025-10-09,2025-10,1100,Accounts Receivable,21348.46,0,Invoice INV-60039,AR,INV-60039
JE-000183,2025-10-09,2025-10,4010,Product Sales - Distributed,0,19399.45,Invoice INV-60039,AR,INV-60039
JE-000184,2025-10-09,2025-10,4100,Freight Revenue,0,1949.01,Freight billed,AR,INV-60039
JE-000185,2025-10-09,2025-10 ,5000,COGS - Materials,14138.67,0,COGS,AR,INV-60039
JE-000186,2025-10-09,2025-10,1230,Inventory - Purchased for Resale,0,14138.67,Inventory relief,AR,INV-60039
JE-002024,2025-10-09,2025-10,1100 ,Accounts Receivable,12187.75,0,Invoice INV-60426,AR,INV-60426
JE-002025,2025-10-09,2025-10,4010,Product Sales - Distributed,0,11147.49,Invoice INV-60426,AR,INV-60426
JE-002026,10/09/25,2025-10,4100,Freight Revenue,0,1040.26,Freight billed,AR,INV-60426
JE-002027,09-Oct-2025,2025-10,5000,COGS - Materials,7236.02,0,COGS,AR,INV-60426
JE-002028,2025-10-09,2025-10,1230,Inventory - Purchased for Resale,0,7236.02,Inventory relief,AR,INV-60426
JE-003254,2025-10-09,2025-10,2050,GR/IR Clearing (Received Not Invoiced),5984.4,0,Supplier inv 6947904,AP,6947904
JE-003255,10/09/2025,2025-10,2000 ,Accounts Payable,0,5984.4,Supplier inv 6947904,AP,6947904
JE-004112,2025-10-09,2025-10 ,1230,Inventory - Purchased for Resale,393612.52,0,PO receipt PO-31176,INV,RCV-40173
JE-004113,2025-10-09,2025-10,2050,GR/IR Clearing (Received Not Invoiced),0,393612.52,PO receipt PO-31176,INV,RCV-40173
JE-001150,10/10/25,2025-10,1100,Accounts Receivable,25178.32,0,Invoice INV-60243,AR,INV-60243 
JE-001151,2025-10-10,2025-10,4010,Product Sales - Distributed,0,25178.32,Invoice INV-60243,AR,INV-60243
JE-001152,2025-10-10,2025-10,5000,COGS - Materials,14068.26,0,COGS,AR,INV-60243
JE-001153,2025-10-10,2025-10,1230,Inventory - Purchased for Resale,0,14068.26,Inventory relief,AR,INV-60243
JE-002974,2025-10-10,2025-10,1000,Operating Cash,14204.96,0,Customer payment,AR,KBD-CR00331
JE-002975,2025-10-10,2025-10,1100,Accounts Receivable,0,14204.96,Customer payment,AR,KBD-CR00331
JE-002486,2025-10-11,2025-10,1000 ,Operating Cash,8721.59,0,Customer payment,AR,KBD-CR00087
JE-002487,2025-10-11,2025-10,1100,Accounts Receivable,0,8721.59,Customer payment,AR,KBD-CR00087
JE-003866,2025-10-11,2025-10,1230,Inventory - Purchased for Resale,25345.0,0,PO receipt PO-31051,INV,RCV-40050
JE-003867,2025-10-11,2025-10,2050,GR/IR Clearing (Received Not Invoiced),0,25345.0,PO receipt PO-31051,INV,RCV-40050
JE-003900,2025-10-11,2025-10,1230,Inventory - Purchased for Resale,9384.9,0,PO receipt PO-31069,INV,RCV-40067
JE-003901,2025-10-11,2025-10,2050,GR/IR Clearing (Received Not Invoiced),0,9384.9,PO receipt PO-31069,INV,RCV-40067
JE-000517,2025-10-12,2025-10,1100,Accounts Receivable,7868.31,0,Invoice INV-60110,AR,INV-60110
JE-000518,2025-10-12,2025-10,4010,Product Sales - Distributed,0,7868.31,Invoice INV-60110,AR,INV-60110
JE-000519,2025-10-12,2025-10,5000,COGS - Materials,4989.42,0,COGS,AR,INV-60110
JE-000520,2025-10-12,2025-10,1230,Inventory - Purchased for Resale,0,4989.42,Inventory relief,AR,INV-60110
JE-001462,2025-10-12,2025-10,1100,Accounts Receivable,19623.34,0,Invoice INV-60307,AR,INV-60307
JE-001463,2025-10-12,2025-10,4010,Product Sales - Distributed,0,19502.49,Invoice INV-60307,AR,INV-60307
JE-001464,2025-10-12,2025-10,4100,Freight Revenue,0,120.85,Freight billed,AR,INV-60307
JE-001465,2025-10-12,2025-10,5000 ,COGS - Materials,10956.45,0,COGS,AR,INV-60307
JE-001466,"Oct 12, 2025",2025-10,1230,Inventory - Purchased for Resale,0,10956.45,Inventory relief,AR,INV-60307
JE-002309,2025-10-12,2025-10,1100,Accounts Receivable,1038.46,0,Invoice INV-60487,AR,INV-60487
JE-002310,2025-10-12,2025-10,4010,Product Sales - Distributed,0,860.06,Invoice INV-60487,AR,INV-60487
JE-002311,2025-10-12,2025-10,4100,Freight Revenue,0,178.4,Freight billed,AR,INV-60487
JE-002312,2025-10-12,2025-10,5000,COGS - Materials,569.28,0,COGS,AR,INV-60487
JE-002313,2025-10-12,2025-10,1230,Inventory - Purchased for Resale,0,569.28,Inventory relief,AR,INV-60487
JE-002900,2025-10-12,2025-10,1000,Operating Cash,8188.67,0,Customer payment,AR,KBD-CR00294
JE-002901,2025-10-12,2025-10,1100,Accounts Receivable,0,8188.67,Customer payment,AR,KBD-CR00294
JE-003908,2025-10-12,2025-10,1230,Inventory - Purchased for Resale,4854.64,0,PO receipt PO-31073,INV,RCV-40071
JE-003909,2025-10-12,2025-10,2050,GR/IR Clearing (Received Not Invoiced),0,4854.64,PO receipt PO-31073,INV,RCV-40071
JE-003954,2025-10-12,2025-10,1230,Inventory - Purchased for Resale,253828.1,0,PO receipt PO-31096,INV,RCV-40094
JE-003955,2025-10-12,2025-10,2050,GR/IR Clearing (Received Not Invoiced),0,253828.1,PO receipt PO-31096,INV,RCV-40094
JE-004024,2025-10-12,2025-10,1230,Inventory - Purchased for Resale,360057.88,0,PO receipt PO-31131,INV,RCV-40129
JE-004025,2025-10-12,2025-10,2050,GR/IR Clearing (Received Not Invoiced),0,360057.88,PO receipt PO-31131,INV,RCV-40129
JE-000262,2025-10-13,2025-10,1100,Accounts Receivable,330.2,0,Invoice INV-60056,AR,INV-60056
JE-000263,2025-10-13,2025-10,4010,Product Sales - Distributed,0,228.6,Invoice INV-60056,AR,INV-60056
JE-000264,10/13/25,2025-10,4100,Freight Revenue,0,101.6,Freight billed,AR,INV-60056 
JE-000265,2025-10-13,2025-10,5000,COGS - Materials,135.96,0,COGS,AR,INV-60056
JE-000266,"Oct 13, 2025",2025-10,1230,Inventory - Purchased for Resale,0,135.96,Inventory relief,AR,INV-60056
JE-002558,13-Oct-2025,2025-10,1000,Operating Cash,7269.33,0,Customer payment,AR,KBD-CR00123
JE-002559,2025-10-13,2025-10,1100,Accounts Receivable,0,7269.33,Customer payment,AR ,KBD-CR00123
JE-003088,2025-10-13,2025-10,1000,Operating Cash,3799.51,0,Customer payment,AR,KBD-CR00388
JE-003089,2025-10-13,2025-10,1100,Accounts Receivable,0,3799.51,Customer payment,AR,KBD-CR00388
JE-003260,2025-10-13,2025-10,2050 ,GR/IR Clearing (Received Not Invoiced),9384.9,0,Supplier inv 99058267 ,AP,99058267
JE-003261,2025-10-13,2025-10,2000,Accounts Payable,0,9384.9,Supplier inv 99058267,AP,99058267
JE-004104,2025-10-13,2025-10,1230,Inventory - Purchased for Resale,74536.98,0,PO receipt PO-31172,INV,RCV-40169
JE-004105,2025-10-13,2025-10,2050 ,GR/IR Clearing (Received Not Invoiced),0,74536.98,PO receipt PO-31172,INV,RCV-40169
JE-004340,2025-10-13,2025-10,1230,Inventory - Purchased for Resale,8886.84,0,PO receipt PO-31298,INV,RCV-40287
JE-004341,2025-10-13,2025-10,2050,GR/IR Clearing (Received Not Invoiced),0,8886.84,PO receipt PO-31298,INV,RCV-40287
JE-000090,2025-10-14,2025-10,1100,Accounts Receivable,9378.3,0,Invoice INV-60020,AR,INV-60020
JE-000091,2025-10-14,2025-10,4010,Product Sales - Distributed,0,8332.09,Invoice INV-60020 ,AR,INV-60020 
JE-000092,2025-10-14,2025-10,4100,Freight Revenue,0,442.13,Freight billed,AR,INV-60020
JE-000093,2025-10-14,2025-10,2100,Accrued Expenses,0,604.08,Sales tax payable,AR,INV-60020
JE-000094,2025-10-14,2025-10,5000,COGS - Materials,4867.7,0,COGS,AR,INV-60020
JE-000095,2025-10-14,2025-10,1230,Inventory - Purchased for Resale ,0,4867.7,Inventory relief,AR,INV-60020
JE-002209,2025-10-14,2025-10,1100,Accounts Receivable,28923.98,0,Invoice INV-60466,AR,INV-60466
JE-002210,10/14/25,2025-10,4010,Product Sales - Distributed,0,27235.43,Invoice INV-60466,AR,INV-60466
JE-002211,2025-10-14,2025-10,4100,Freight Revenue,0,1688.55,Freight billed,AR,INV-60466
JE-002212,2025-10-14,2025-10,5000,COGS - Materials,17551.86,0,COGS,AR,INV-60466
JE-002213,2025-10-14,2025-10,1230,Inventory - Purchased for Resale,0,17551.86,Inventory relief,AR,INV-60466
JE-002362,"Oct 14, 2025",2025-10 ,1000,Operating Cash,5318.78,0,Customer payment,AR,KBD-CR00025
JE-002363,2025-10-14,2025-10,1100,Accounts Receivable,0,5318.78,Customer payment,AR,KBD-CR00025
JE-003400,2025-10-14,2025-10,2050,GR/IR Clearing (Received Not Invoiced),356456.49,0,Supplier inv 91844964,AP,91844964
JE-003401,2025-10-14,2025-10,5300,Freight In,153.23,0,Freight in,AP,91844964
JE-003402,10/14/2025,2025-10,2000,Accounts Payable,0,356609.72,Supplier inv 91844964,AP,91844964
JE-003415,2025-10-14,2025-10,2050,GR/IR Clearing (Received Not Invoiced),7896.95,0,Supplier inv SI7132334,AP,SI7132334
JE-003416,2025-10-14,2025-10,5300,Freight In,162.24,0,Freight in,AP,SI7132334
JE-003417,2025-10-14,2025-10,2000,Accounts Payable,0,8059.19,Supplier inv SI7132334,AP,SI7132334
JE-003492,2025-10-14,2025-10,2050,GR/IR Clearing (Received Not Invoiced),74536.98,0,Supplier inv 91503695,AP,91503695
JE-003493,10/14/25,2025-10,2000,Accounts Payable,0,74536.98,Supplier inv 91503695,AP,91503695
JE-003528,2025-10-14,2025-10 ,2050,GR/IR Clearing (Received Not Invoiced),14852.0,0,Supplier inv SI8925461,AP,SI8925461
JE-003529,2025-10-14,2025-10,2000,Accounts Payable,0,14852.0,Supplier inv SI8925461,AP,SI8925461
JE-003590,2025-10-14,2025-10 ,2050,GR/IR Clearing (Received Not Invoiced),10196.0,0,Supplier inv INV7957484,AP,INV7957484
JE-003591,2025-10-14,2025-10,5300,Freight In,132.79,0,Freight in,AP,INV7957484
JE-003592,2025-10-14,2025-10,2000,Accounts Payable,0,10328.79,Supplier inv INV7957484,AP,INV7957484
JE-000472,10/15/2025,2025-10,1100,Accounts Receivable,1257.75,0,Invoice INV-60100,AR,INV-60100
JE-000473,2025-10-15,2025-10,4010,Product Sales - Distributed,0,1257.75,Invoice INV-60100,AR,INV-60100
JE-000474,2025-10-15,2025-10,5000,COGS - Materials,769.75,0,COGS,AR,INV-60100
JE-000475,2025-10-15,2025-10,1230,Inventory - Purchased for Resale,0,769.75,Inventory relief,AR,INV-60100
JE-003222 ,2025-10-15,2025-10,2050,GR/IR Clearing (Received Not Invoiced),25345.0,0,Supplier inv INV5740380,AP,INV5740380
JE-003223,2025-10-15,2025-10,2000,Accounts Payable,0,25345.0,Supplier inv INV5740380,AP,INV5740380
JE-004094,2025-10-15,2025-10,1230,Inventory - Purchased for Resale,6133.55,0,PO receipt PO-31167 ,INV,RCV-40164
JE-004095,2025-10-15,2025-10,2050,GR/IR Clearing (Received Not Invoiced),0,6133.55,PO receipt PO-31167,INV,RCV-40164
JE-000350,2025-10-16,2025-10,1100,Accounts Receivable,49735.9,0,Invoice INV-60074 ,AR,INV-60074
JE-000351,2025-10-16,2025-10,4010,Product Sales - Distributed,0,46373.8,Invoice INV-60074,AR,INV-60074
JE-000352,2025-10-16,2025-10,2100,Accrued Expenses,0,3362.1,Sales tax payable,AR,INV-60074
JE-000353,2025-10-16,2025-10,5000,COGS - Materials,30968.23,0,COGS,AR,INV-60074
JE-000354,2025-10-16,2025-10,1230,Inventory - Purchased for Resale,0,30968.23,Inventory relief,AR,INV-60074
JE-000833,2025-10-16,2025-10,1100,Accounts Receivable,25507.03,0,Invoice INV-60176,AR,INV-60176
JE-000834,2025-10-16,2025-10,4010,Product Sales - Distributed,0,23782.78,Invoice INV-60176,AR,INV-60176
JE-000835,2025-10-16,2025-10,2100,Accrued Expenses,0,1724.25,Sales tax payable,AR,INV-60176
JE-000836,2025-10-16,2025-10,5000 ,COGS - Materials,18281.46,0,COGS,AR,INV-60176
JE-000837,16-Oct-2025,2025-10,1230,Inventory - Purchased for Resale,0,18281.46,Inventory relief,AR,INV-60176
JE-003502,2025-10-16 ,2025-10 ,2050,GR/IR Clearing (Received Not Invoiced),393612.52,0,Supplier inv SI3024328,AP,SI3024328
JE-003503,2025-10-16,2025-10,2000,Accounts Payable,0,393612.52,Supplier inv SI3024328,AP,SI3024328
JE-001973,2025-10-17,2025-10,1100,Accounts Receivable,19247.81,0,Invoice INV-60415,AR,INV-60415
JE-001974,2025-10-17,2025-10,4010,Product Sales - Distributed,0,19247.81,Invoice INV-60415,AR,INV-60415
JE-001975,2025-10-17,2025-10,5000,COGS - Materials,13727.3,0,COGS,AR,INV-60415
JE-001976,2025-10-17,2025-10,1230,Inventory - Purchased for Resale,0,13727.3,Inventory relief,AR,INV-60415
JE-002460,2025-10-17,2025-10,1000,Operating Cash,27191.82,0,Customer payment,AR,KBD-CR00074
JE-002461,2025-10-17,2025-10,1100,Accounts Receivable,0,27191.82,Customer payment,AR,KBD-CR00074
JE-003319,2025-10-17,2025-10,2050,GR/IR Clearing (Received Not Invoiced),249504.3,0,Supplier inv 4084421,AP,4084421
JE-003320,2025-10-17,2025-10,2000,Accounts Payable,0,249504.3,Supplier inv 4084421,AP,4084421
JE-004002,2025-10-17,2025-10,1230,Inventory - Purchased for Resale,17778.8,0,PO receipt PO-31120,INV,RCV-40118
JE-004003,2025-10-17,2025-10,2050,GR/IR Clearing (Received Not Invoiced),0,17778.8,PO receipt PO-31120,INV,RCV-40118
JE-001189,2025-10-19,2025-10,1100,Accounts Receivable,20179.28,0,Invoice INV-60251,AR,INV-60251
JE-001190,2025-10-19,2025-10,4010,Product Sales - Distributed,0,18815.18,Invoice INV-60251,AR,INV-60251
JE-001191,2025-10-19,2025-10,2100,Accrued Expenses,0,1364.1,Sales tax payable,AR,INV-60251
JE-001192,2025-10-19,2025-10,5000,COGS - Materials,11423.33,0,COGS,AR,INV-60251
JE-001193,2025-10-19,2025-10,1230,Inventory - Purchased for Resale,0,11423.33,Inventory relief,AR,INV-60251
JE-003058,2025-10-19,2025-10,1000 ,Operating Cash,437.89,0,Customer payment,AR,KBD-CR00373
JE-003059,2025-10-19,2025-10,1100,Accounts Receivable,0,437.89,Customer payment,AR,KBD-CR00373
JE-003268,"Oct 19, 2025",2025-10,2050 ,GR/IR Clearing (Received Not Invoiced),4888.3,0,Supplier inv 3279767,AP,3279767
JE-003269,2025-10-19,2025-10,2000,Accounts Payable,0,4888.3,Supplier inv 3279767,AP,3279767
JE-004062,2025-10-19,2025-10,1230,Inventory - Purchased for Resale,274756.25,0,PO receipt PO-31150,INV,RCV-40148
JE-004063 ,19-Oct-2025,2025-10,2050,GR/IR Clearing (Received Not Invoiced),0,274756.25,PO receipt PO-31150,INV,RCV-40148
JE-000571,2025-10-20,2025-10,1100,Accounts Receivable,26768.44,0,Invoice INV-60121,AR,INV-60121
JE-000572,2025-10-20,2025-10,4010,Product Sales - Distributed,0,26458.83,Invoice INV-60121,AR,INV-60121
JE-000573,2025-10-20,2025-10,4100,Freight Revenue,0,309.61,Freight billed,AR,INV-60121
JE-000574,2025-10-20,2025-10,5000,COGS - Materials,21738.75,0,COGS,AR,INV-60121
JE-000575,2025-10-20,2025-10,1230,Inventory - Purchased for Resale,0,21738.75,Inventory relief,AR,INV-60121
JE-001194,2025-10-20,2025-10,1100,Accounts Receivable,40113.93,0,Invoice INV-60252,AR,INV-60252
JE-001195,2025-10-20,2025-10,4010,Product Sales - Distributed,0,38150.26,Invoice INV-60252,AR,INV-60252
JE-001196,2025-10-20,2025-10,4100,Freight Revenue,0,1963.67,Freight billed,AR,INV-60252
JE-001197,2025-10-20,2025-10,5000,COGS - Materials,30948.97,0,COGS,AR,INV-60252 
JE-001198,2025-10-20,2025-10,1230,Inventory - Purchased for Resale,0,30948.97,Inventory relief,AR,INV-60252
JE-001456,2025-10-20,2025-10,1100,Accounts Receivable,27994.6,0,Invoice INV-60306,AR,INV-60306
JE-001457,2025-10-20,2025-10,4010,Product Sales - Distributed,0,21289.2,Invoice INV-60306,AR,INV-60306
JE-001458 ,2025-10-20,2025-10,4100,Freight Revenue,0,5161.93,Freight billed,AR,INV-60306
JE-001459,2025-10-20,2025-10,2100,Accrued Expenses,0,1543.47,Sales tax payable,AR,INV-60306
JE-001460,2025-10-20,2025-10,5000,COGS - Materials,14490.04,0,COGS,AR,INV-60306 
JE-001461,2025-10-20,2025-10,1230,Inventory - Purchased for Resale,0,14490.04,Inventory relief,AR,INV-60306
JE-002494,2025-10-20,2025-10,1000,Operating Cash,2562.45,0,Customer payment,AR,KBD-CR00091
JE-002495,2025-10-20,2025-10,1100,Accounts Receivable,0,2562.45,Customer payment,AR,KBD-CR00091
JE-002948,2025-10-20,2025-10,1000,Operating Cash,4896.48,0,Customer payment,AR,KBD-CR00318
JE-002949,10/20/25,2025-10,1100,Accounts Receivable,0,4896.48,Customer payment,AR,KBD-CR00318
JE-003761,2025-10-20,2025-10,2050,GR/IR Clearing (Received Not Invoiced),8886.84,0,Supplier inv SI7831341,AP,SI7831341
JE-003762,2025-10-20,2025-10,2000,Accounts Payable ,0,8886.84,Supplier inv SI7831341,AP,SI7831341
JE-004244,2025-10-20,2025-10,1230,Inventory - Purchased for Resale,2230.74,0,PO receipt PO-31247,INV,RCV-40239
JE-004245,10/20/25,2025-10,2050,GR/IR Clearing (Received Not Invoiced),0,2230.74,PO receipt PO-31247,INV,RCV-40239
JE-004274 ,2025-10-20,2025-10,1230,Inventory - Purchased for Resale,11932.8,0,PO receipt PO-31262,INV,RCV-40254
JE-004275,2025-10-20,2025-10,2050,GR/IR Clearing (Received Not Invoiced),0,11932.8,PO receipt PO-31262,INV ,RCV-40254
JE-002868,2025-10-21,2025-10,1000,Operating Cash,18480.17,0,Customer payment,AR,KBD-CR00278
JE-002869 ,2025-10-21,2025-10,1100,Accounts Receivable,0,18480.17,Customer payment,AR,KBD-CR00278
JE-003481,2025-10-21,2025-10,2050,GR/IR Clearing (Received Not Invoiced),6133.55,0,Supplier inv SI4400080,AP,SI4400080
JE-003482,2025-10-21,2025-10,2000,Accounts Payable,0,6133.55,Supplier inv SI4400080,AP,SI4400080
JE-000695,2025-10-22,2025-10,1100,Accounts Receivable ,27073.01,0,Invoice INV-60147,AR,INV-60147
JE-000696,2025-10-22,2025-10,4010,Product Sales - Distributed,0,19568.9,Invoice INV-60147,AR,INV-60147
JE-000697,2025-10-22,2025-10,4100,Freight Revenue,0,7504.11,Freight billed,AR,INV-60147
JE-000698,2025-10-22,2025-10,5000,COGS - Materials,15698.65,0,COGS,AR,INV-60147
JE-000699,2025-10-22,2025-10,1230,Inventory - Purchased for Resale,0,15698.65,Inventory relief,AR,INV-60147
JE-002159,2025-10-22,2025-10,1100,Accounts Receivable,4033.21,0,Invoice INV-60455,AR,INV-60455
JE-002160,2025-10-22,2025-10,4010,Product Sales - Distributed,0,2707.25,Invoice INV-60455,AR,INV-60455
JE-002161,2025-10-22,2025-10,4100,Freight Revenue,0,1325.96,Freight billed,AR,INV-60455
JE-002162,2025-10-22,2025-10,5000,COGS - Materials,1699.5,0,COGS,AR,INV-60455
JE-002163,2025-10-22,2025-10,1230,Inventory - Purchased for Resale,0,1699.5,Inventory relief,AR ,INV-60455
JE-002418,2025-10-22,2025-10,1000,Operating Cash,11646.11,0,Customer payment,AR,KBD-CR00053
JE-002419,22-Oct-2025,2025-10,1100,Accounts Receivable,0,11646.11,Customer payment,AR ,KBD-CR00053
JE-002544,2025-10-22,2025-10,1000,Operating Cash,2498.99,0,Customer payment,AR,KBD-CR00116
JE-002545,"Oct 22, 2025",2025-10,1100,Accounts Receivable,0,2498.99,Customer payment,AR,KBD-CR00116
JE-003100,2025-10-22,2025-10,1000,Operating Cash,550.5,0,Customer payment,AR,KBD-CR00394
JE-003101,2025-10-22,2025-10,1100,Accounts Receivable,0,550.5,Customer payment,AR,KBD-CR00394
JE-003106,2025-10-22,2025-10,1000,Operating Cash,34078.98,0,Customer payment,AR,KBD-CR00397
JE-003107,2025-10-22,2025-10,1100,Accounts Receivable,0,34078.98,Customer payment,AR,KBD-CR00397
JE-003784,2025-10-22,2025-10,1230,Inventory - Purchased for Resale,9187.8,0,PO receipt PO-31009,INV,RCV-40009
JE-003785,2025-10-22,2025-10,2050,GR/IR Clearing (Received Not Invoiced),0,9187.8,PO receipt PO-31009,INV,RCV-40009
JE-001662,2025-10-23,2025-10,1100,Accounts Receivable,18803.8,0,Invoice INV-60349,AR,INV-60349
JE-001663,2025-10-23,2025-10,4010,Product Sales - Distributed ,0,18803.8,Invoice INV-60349,AR,INV-60349
JE-001664,2025-10-23,2025-10,5000,COGS - Materials,15908.18,0,COGS,AR,INV-60349
JE-001665,2025-10-23,2025-10,1230,Inventory - Purchased for Resale,0,15908.18,Inventory relief,AR,INV-60349
JE-001985,2025-10-23,2025-10,1100,Accounts Receivable,16568.06,0,Invoice INV-60418,AR,INV-60418
JE-001986,2025-10-23,2025-10,4010,Product Sales - Distributed,0,14262.35,Invoice INV-60418,AR,INV-60418
JE-001987,2025-10-23,2025-10,4100,Freight Revenue,0,2305.71,Freight billed,AR,INV-60418
JE-001988,2025-10-23,2025-10 ,5000,COGS - Materials,9608.81,0,COGS,AR,INV-60418
JE-001989,2025-10-23,2025-10,1230,Inventory - Purchased for Resale,0,9608.81,Inventory relief,AR,INV-60418
JE-003376,10/23/2025,2025-10,2050,GR/IR Clearing (Received Not Invoiced),17778.8,0,Supplier inv 2082537,AP,2082537
JE-003377,2025-10-23,2025-10,2000,Accounts Payable,0,17778.8,Supplier inv 2082537,AP,2082537
JE-003683,2025-10-23,2025-10,2050,GR/IR Clearing (Received Not Invoiced),11932.8,0,Supplier inv SI9776651,AP,SI9776651
JE-003684,2025-10-23,2025-10,5300,Freight In,177.71,0,Freight in,AP,SI9776651
JE-003685,2025-10-23,2025-10,2000,Accounts Payable,0,12110.51,Supplier inv SI9776651,AP,SI9776651
JE-004276,2025-10-23,2025-10,1230,Inventory - Purchased for Resale,417622.5,0,PO receipt PO-31264,INV,RCV-40255
JE-004277,2025-10-23,2025-10,2050,GR/IR Clearing (Received Not Invoiced),0,417622.5,PO receipt PO-31264,INV,RCV-40255
JE-000292,2025-10-24,2025-10,1100,Accounts Receivable,3262.45,0,Invoice INV-60062,AR,INV-60062
JE-000293,2025-10-24,2025-10,4010,Product Sales - Distributed,0,1796.08,Invoice INV-60062,AR,INV-60062
JE-000294,2025-10-24,2025-10,4100,Freight Revenue,0,1466.37,Freight billed,AR,INV-60062
JE-000295,2025-10-24,2025-10,5000,COGS - Materials,1078.26,0,COGS,AR,INV-60062
JE-000296,2025-10-24,2025-10,1230,Inventory - Purchased for Resale,0,1078.26,Inventory relief,AR,INV-60062
JE-000724,2025-10-24,2025-10,1100,Accounts Receivable,229.17,0,Invoice INV-60153,AR,INV-60153
JE-000725,2025-10-24,2025-10,4010,Product Sales - Distributed,0,229.17,Invoice INV-60153,AR,INV-60153 
JE-000726,"Oct 24, 2025",2025-10,5000,COGS - Materials,140.68,0,COGS,AR ,INV-60153
JE-000727,2025-10-24,2025-10,1230,Inventory - Purchased for Resale,0,140.68,Inventory relief,AR,INV-60153
JE-002836,2025-10-24,2025-10,1000,Operating Cash,202.88,0,Customer payment,AR,KBD-CR00262
JE-002837,2025-10-24,2025-10,1100,Accounts Receivable,0,202.88,Customer payment,AR,KBD-CR00262
JE-002316,2025-10-25,2025-10,1000,Operating Cash,12346.24,0,Customer payment,AR,KBD-CR00002
JE-002317,2025-10-25,2025-10,1100,Accounts Receivable,0,12346.24,Customer payment,AR,KBD-CR00002
JE-003446,2025-10-25,2025-10,2050,GR/IR Clearing (Received Not Invoiced),274756.25,0,Supplier inv 98953038,AP,98953038
JE-003447,"Oct 25, 2025",2025-10,2000,Accounts Payable,0,274756.25,Supplier inv 98953038,AP,98953038
JE-003648,2025-10-25,2025-10,2050,GR/IR Clearing (Received Not Invoiced),2230.74,0,Supplier inv 91364630,AP,91364630
JE-003649,10/25/2025,2025-10,2000 ,Accounts Payable,0,2230.74,Supplier inv 91364630,AP,91364630
JE-004334,"Oct 25, 2025",2025-10,1230,Inventory - Purchased for Resale,53710.57,0,PO receipt PO-31295,INV,RCV-40284
JE-004335,2025-10-25,2025-10,2050,GR/IR Clearing (Received Not Invoiced),0,53710.57,PO receipt PO-31295,INV,RCV-40284
JE-000059,2025-10-26,2025-10,1100,Accounts Receivable,587.7,0,Invoice INV-60013,AR,INV-60013
JE-000060,2025-10-26,2025-10,4010,Product Sales - Distributed,0,547.97,Invoice INV-60013,AR,INV-60013
JE-000061,2025-10-26,2025-10,2100,Accrued Expenses,0,39.73,Sales tax payable,AR,INV-60013
JE-000062,2025-10-26,2025-10,5000,COGS - Materials,422.8,0,COGS,AR,INV-60013
JE-000063,2025-10-26,2025-10,1230,Inventory - Purchased for Resale,0,422.8,Inventory relief,AR,INV-60013
JE-001231,2025-10-26,2025-10,1100,Accounts Receivable,22895.34,0,Invoice INV-60260,AR,INV-60260
JE-001232,2025-10-26,2025-10,4010,Product Sales - Distributed ,0,22895.34,Invoice INV-60260,AR,INV-60260
JE-001233,2025-10-26,2025-10,5000,COGS - Materials,17338.25,0,COGS,AR,INV-60260
JE-001234,2025-10-26,2025-10,1230,Inventory - Purchased for Resale,0,17338.25,Inventory relief,AR,INV-60260
JE-002966,2025-10-26,2025-10,1000,Operating Cash,36225.32,0,Customer payment,AR,KBD-CR00327
JE-002967,2025-10-26,2025-10,1100,Accounts Receivable,0,36225.32,Customer payment,AR,KBD-CR00327
JE-003798,2025-10-26,2025-10,1230,Inventory - Purchased for Resale,26483.41,0,PO receipt PO-31016,INV,RCV-40016
JE-003799,2025-10-26,2025-10,2050,GR/IR Clearing (Received Not Invoiced),0,26483.41,PO receipt PO-31016,INV,RCV-40016
JE-000985,27-Oct-2025,2025-10,1100,Accounts Receivable,5421.31,0,Invoice INV-60208,AR,INV-60208
JE-000986,2025-10-27,2025-10,4010,Product Sales - Distributed,0,2237.0,Invoice INV-60208,AR,INV-60208
JE-000987,10/27/25,2025-10,4100,Freight Revenue,0,3184.31,Freight billed,AR,INV-60208
JE-000988,27-Oct-2025,2025-10,5000,COGS - Materials,1377.0,0,COGS,AR,INV-60208
JE-000989,10/27/2025,2025-10,1230,Inventory - Purchased for Resale,0,1377.0,Inventory relief,AR,INV-60208
JE-001794,2025-10-27,2025-10,1100,Accounts Receivable,1091.66,0,Invoice INV-60377,AR,INV-60377
JE-001795 ,10/27/25,2025-10,4010,Product Sales - Distributed,0,1091.66,Invoice INV-60377,AR,INV-60377
JE-001796,2025-10-27,2025-10,5000,COGS - Materials,739.37,0,COGS,AR,INV-60377
JE-001797,2025-10-27,2025-10,1230,Inventory - Purchased for Resale,0,739.37,Inventory relief ,AR,INV-60377
JE-001812,2025-10-27,2025-10,1100,Accounts Receivable,4545.64,0,Invoice INV-60381,AR,INV-60381
JE-001813,2025-10-27,2025-10,4010 ,Product Sales - Distributed,0,4285.22,Invoice INV-60381,AR,INV-60381
JE-001814,2025-10-27,2025-10,4100,Freight Revenue,0,260.42,Freight billed,AR,INV-60381
JE-001815,2025-10-27,2025-10,5000,COGS - Materials,3367.96,0,COGS,AR ,INV-60381
JE-001816,2025-10-27,2025-10,1230,Inventory - Purchased for Resale,0,3367.96,Inventory relief,AR,INV-60381
JE-002758,2025-10-27,2025-10,1000,Operating Cash,4920.6,0,Customer payment,AR,KBD-CR00223
JE-002759,2025-10-27,2025-10,1100,Accounts Receivable,0,4920.6,Customer payment,AR,KBD-CR00223
JE-003080,2025-10-27,2025-10,1000,Operating Cash,249.88,0,Customer payment ,AR,KBD-CR00384
JE-003081,2025-10-27,2025-10,1100,Accounts Receivable,0,249.88,Customer payment,AR,KBD-CR00384
JE-003129,2025-10-27,2025-10,2050,GR/IR Clearing (Received Not Invoiced),9204.6,0,Supplier inv 3623313,AP,3623313
JE-003130,2025-10-27,2025-10,2000,Accounts Payable,0,9204.6,Supplier inv 3623313,AP,3623313
JE-003686,2025-10-27,2025-10,2050,GR/IR Clearing (Received Not Invoiced),414838.5,0,Supplier inv INV824052,AP,INV824052
JE-003687,2025-10-27,2025-10,2000,Accounts Payable,0,414838.5,Supplier inv INV824052,AP,INV824052
JE-001141,2025-10-28,2025-10,1100,Accounts Receivable,11849.5,0,Invoice INV-60241,AR,INV-60241
JE-001142,2025-10-28,2025-10,4010,Product Sales - Distributed,0,11849.5,Invoice INV-60241,AR,INV-60241
JE-001143,2025-10-28,2025-10,5000,COGS - Materials,7661.7,0,COGS,AR,INV-60241
JE-001144,10/28/2025,2025-10,1230,Inventory - Purchased for Resale,0,7661.7,Inventory relief,AR,INV-60241
JE-002242,"Oct 28, 2025",2025-10,1100,Accounts Receivable,40163.71,0,Invoice INV-60473,AR,INV-60473
JE-002243,2025-10-28,2025-10,4010,Product Sales - Distributed,0,40163.71,Invoice INV-60473,AR,INV-60473 
JE-002244,2025-10-28,2025-10,5000,COGS - Materials,27329.5,0,COGS,AR,INV-60473
JE-002245,2025-10-28,2025-10,1230,Inventory - Purchased for Resale,0,27329.5,Inventory relief,AR,INV-60473
JE-002762,2025-10-28,2025-10,1000,Operating Cash,34200.53,0,Customer payment,AR,KBD-CR00225
JE-002763,2025-10-28,2025-10,1100,Accounts Receivable,0,34200.53,Customer payment,AR,KBD-CR00225
JE-004106,2025-10-28,2025-10,1230,Inventory - Purchased for Resale,679.8,0,PO receipt PO-31173 ,INV,RCV-40170
JE-004107,2025-10-28,2025-10,2050,GR/IR Clearing (Received Not Invoiced),0,679.8,PO receipt PO-31173,INV,RCV-40170
JE-004310,2025-10-28,2025-10,1230,Inventory - Purchased for Resale,130279.31,0,PO receipt PO-31282,INV,RCV-40272
JE-004311,2025-10-28,2025-10,2050,GR/IR Clearing (Received Not Invoiced),0,130279.31,PO receipt PO-31282,INV,RCV-40272
JE-000273,2025-10-29,2025-10,1100,Accounts Receivable,10760.57,0,Invoice INV-60058,AR,INV-60058
JE-000274,2025-10-29,2025-10,4010 ,Product Sales - Distributed,0,10661.36,Invoice INV-60058,AR,INV-60058
JE-000275,2025-10-29,2025-10,4100,Freight Revenue,0,99.21,Freight billed ,AR,INV-60058
JE-000276,"Oct 29, 2025",2025-10,5000,COGS - Materials,7304.3,0,COGS,AR,INV-60058
JE-000277,2025-10-29,2025-10,1230,Inventory - Purchased for Resale,0,7304.3,Inventory relief,AR,INV-60058
JE-000345,2025-10-29,2025-10,1100,Accounts Receivable,34199.41,0,Invoice INV-60073,AR,INV-60073
JE-000346,2025-10-29,2025-10,4010,Product Sales - Distributed,0,31887.56,Invoice INV-60073,AR,INV-60073
JE-000347,2025-10-29,2025-10,2100,Accrued Expenses,0,2311.85,Sales tax payable,AR,INV-60073
JE-000348,2025-10-29,2025-10,5000,COGS - Materials,26580.46,0,COGS,AR,INV-60073 
JE-000349,2025-10-29,2025-10,1230,Inventory - Purchased for Resale,0,26580.46,Inventory relief,AR,INV-60073
JE-000621,2025-10-29,2025-10,1100,Accounts Receivable,48967.05,0,Invoice INV-60132,AR,INV-60132
JE-000622,"Oct 29, 2025",2025-10,4010,Product Sales - Distributed,0,41647.45,Invoice INV-60132,AR,INV-60132
JE-000623,2025-10-29,2025-10,4100,Freight Revenue,0,7319.6,Freight billed,AR,INV-60132
JE-000624,2025-10-29,2025-10,5000,COGS - Materials,25776.75,0,COGS,AR,INV-60132
JE-000625,2025-10-29,2025-10,1230,Inventory - Purchased for Resale,0,25776.75,Inventory relief,AR,INV-60132
JE-000901,2025-10-29,2025-10,1100,Accounts Receivable,19006.26,0,Invoice INV-60190,AR,INV-60190
JE-000902,2025-10-29,2025-10,4010,Product Sales - Distributed,0,17721.45,Invoice INV-60190,AR,INV-60190
JE-000903,10/29/2025,2025-10,2100,Accrued Expenses ,0,1284.81,Sales tax payable,AR,INV-60190
JE-000904,2025-10-29,2025-10,5000,COGS - Materials,13110.5,0,COGS,AR,INV-60190
JE-000905,2025-10-29,2025-10,1230,Inventory - Purchased for Resale,0,13110.5,Inventory relief,AR,INV-60190
JE-001832,2025-10-29,2025-10,1100,Accounts Receivable,3206.48,0,Invoice INV-60385,AR,INV-60385
JE-001833,2025-10-29,2025-10,4010,Product Sales - Distributed,0,3206.48,Invoice INV-60385,AR,INV-60385
JE-001834,29-Oct-2025,2025-10,5000,COGS - Materials,2265.26,0,COGS,AR,INV-60385
JE-001835,2025-10-29,2025-10,1230,Inventory - Purchased for Resale,0,2265.26,Inventory relief,AR,INV-60385
JE-002190,2025-10-29,2025-10,1100,Accounts Receivable,23523.61,0,Invoice INV-60462,AR,INV-60462
JE-002191,2025-10-29,2025-10,4010,Product Sales - Distributed,0,23254.99,Invoice INV-60462,AR,INV-60462
JE-002192 ,29-Oct-2025,2025-10,4100,Freight Revenue,0,268.62,Freight billed,AR,INV-60462
JE-002193,2025-10-29,2025-10,5000,COGS - Materials,15077.37,0,COGS,AR,INV-60462
JE-002194,2025-10-29,2025-10,1230,Inventory - Purchased for Resale ,0,15077.37,Inventory relief,AR,INV-60462
JE-002440,2025-10-29,2025-10,1000,Operating Cash,10941.05,0,Customer payment,AR,KBD-CR00064
JE-002441,2025-10-29,2025-10,1100,Accounts Receivable,0,10941.05,Customer payment,AR,KBD-CR00064
JE-002772,10/29/2025,2025-10,1000,Operating Cash,12372.74,0,Customer payment,AR,KBD-CR00230
JE-002773,2025-10-29,2025-10 ,1100,Accounts Receivable,0,12372.74,Customer payment,AR,KBD-CR00230
JE-003072,2025-10-29,2025-10,1000,Operating Cash,11619.67,0,Customer payment,AR,KBD-CR00380
JE-003073,2025-10-29,2025-10,1100,Accounts Receivable ,0,11619.67,Customer payment,AR,KBD-CR00380
JE-003754,"Oct 29, 2025",2025-10,2050,GR/IR Clearing (Received Not Invoiced),53710.57,0,Supplier inv INV565538 ,AP,INV565538
JE-003755,2025-10-29,2025-10,2000,Accounts Payable,0,53710.57,Supplier inv INV565538,AP,INV565538
JE-001169,2025-10-30,2025-10,1100,Accounts Receivable,9182.35,0,Invoice INV-60247,AR,INV-60247
JE-001170,2025-10-30,2025-10 ,4010,Product Sales - Distributed,0,9102.66,Invoice INV-60247,AR,INV-60247
JE-001171,2025-10-30,2025-10,4100,Freight Revenue,0,79.69,Freight billed,AR,INV-60247
JE-001172,2025-10-30 ,2025-10,5000,COGS - Materials,5807.12,0,COGS,AR,INV-60247
JE-001173,2025-10-30,2025-10,1230,Inventory - Purchased for Resale ,0,5807.12,Inventory relief,AR,INV-60247
JE-001790,2025-10-30,2025-10,1100,Accounts Receivable,3637.39,0,Invoice INV-60376,AR,INV-60376
JE-001791,2025-10-30,2025-10,4010,Product Sales - Distributed,0,3637.39,Invoice INV-60376,AR,INV-60376
JE-001792,2025-10-30,2025-10,5000,COGS - Materials,2394.66,0,COGS,AR,INV-60376
JE-001793,2025-10-30,2025-10,1230,Inventory - Purchased for Resale,0,2394.66,Inventory relief,AR,INV-60376
JE-002368,2025-10-30,2025-10,1000,Operating Cash,1028.09,0,Customer payment,AR,KBD-CR00028
JE-002369,2025-10-30,2025-10,1100,Accounts Receivable,0,1028.09,Customer payment,AR,KBD-CR00028
JE-003030,10/30/25,2025-10,1000,Operating Cash,1150.38,0,Customer payment,AR,KBD-CR00359
JE-003031,2025-10-30,2025-10,1100,Accounts Receivable,0,1150.38,Customer payment,AR,KBD-CR00359
JE-003494,2025-10-30,2025-10,2050,GR/IR Clearing (Received Not Invoiced),679.8,0,Supplier inv 8398455,AP,8398455
JE-003495,2025-10-30,2025-10,5300,Freight In,82.02,0,Freight in,AP,8398455
JE-003496,2025-10-30,2025-10,2000,Accounts Payable,0,761.82,Supplier inv 8398455,AP,8398455
JE-003725,2025-10-30,2025-10,2050,GR/IR Clearing (Received Not Invoiced),130835.78,0,Supplier inv SI4235034,AP,SI4235034
JE-003726,30-Oct-2025,2025-10,5300,Freight In,117.38,0,Freight in,AP,SI4235034
JE-003727,2025-10-30,2025-10,2000,Accounts Payable,0,130953.16,Supplier inv SI4235034,AP,SI4235034
JE-004242,2025-10-30,2025-10,1230,Inventory - Purchased for Resale,8728.0,0,PO receipt PO-31246,INV,RCV-40238
JE-004243,10/30/2025,2025-10,2050,GR/IR Clearing (Received Not Invoiced),0,8728.0,PO receipt PO-31246,INV,RCV-40238
JE-001226,2025-10-31,2025-10,1100,Accounts Receivable,32891.07,0,Invoice INV-60259,AR,INV-60259
JE-001227,2025-10-31,2025-10,4010,Product Sales - Distributed,0,30667.66,Invoice INV-60259,AR,INV-60259
JE-001228,2025-10-31,2025-10,2100,Accrued Expenses,0,2223.41,Sales tax payable,AR,INV-60259
JE-001229,2025-10-31,2025-10,5000,COGS - Materials,18757.29,0,COGS,AR,INV-60259
JE-001230,2025-10-31,2025-10,1230,Inventory - Purchased for Resale,0,18757.29,Inventory relief,AR,INV-60259
JE-002962,31-Oct-2025,2025-10,1000,Operating Cash,15233.84,0,Customer payment,AR,KBD-CR00325
JE-002963,2025-10-31,2025-10,1100,Accounts Receivable,0,15233.84,Customer payment,AR,KBD-CR00325
JE-003645,2025-10-31,2025-10,2050,GR/IR Clearing (Received Not Invoiced),8728.0,0,Supplier inv INV4176752,AP,INV4176752
JE-003646,2025-10-31,2025-10,5300,Freight In,60.63,0,Freight in,AP,INV4176752
JE-003647,2025-10-31,2025-10,2000,Accounts Payable,0,8788.63,Supplier inv INV4176752,AP,INV4176752
JE-004064,2025-10-31,2025-10,1230,Inventory - Purchased for Resale,48186.81,0,PO receipt PO-31151,INV,RCV-40149
JE-004065,2025-10-31,2025-10,2050,GR/IR Clearing (Received Not Invoiced),0,48186.81,PO receipt PO-31151,INV,RCV-40149
JE-004372,2025-10-31,2025-10,6700,Office & Supplies,4000.87,0,GRAINGER,AP,KBD-AP00014
JE-004373,10/31/25,2025-10,2000,Accounts Payable,0,4000.87,GRAINGER,AP,KBD-AP00014
JE-004388,2025-10-31,2025-10,6700,Office & Supplies,1553.85,0,Cintas Corp #472,AP,KBD-AP00022
JE-004389,2025-10-31,2025-10,2000,Accounts Payable,0,1553.85,Cintas Corp #472,AP,KBD-AP00022
JE-004424,2025-10-31,2025-10,5300,Freight In,134.17,0,FEDEX,AP,KBD-AP00040
JE-004425,2025-10-31,2025-10,2000,Accounts Payable,0,134.17,FEDEX,AP,KBD-AP00040
JE-004448,2025-10-31,2025-10,6300,Rent,14200,0,Allentown Industrial Park LLC,AP,KBD-AP00052
JE-004449,2025-10-31,2025-10,2000,Accounts Payable,0,14200,Allentown Industrial Park LLC,AP,KBD-AP00052
JE-004472,2025-10-31,2025-10,6400,Software Subscriptions,9000.0,0,NetSuite,AP,SW-NETSUI
JE-004473,2025-10-31,2025-10,2000,Accounts Payable,0,9000.0,NetSuite,AP,SW-NETSUI
JE-004496,2025-10-31,2025-10,6400,Software Subscriptions,1725.0,0,Autodesk Inventor,AP,SW-AUTODE
JE-004497 ,2025-10-31,2025-10 ,2000,Accounts Payable,0,1725.0,Autodesk Inventor,AP,SW-AUTODE
JE-004520,2025-10-31,2025-10,6400,Software Subscriptions,400.0,0,uniPoint QMS,AP,SW-UNIPOI
JE-004521,2025-10-31,2025-10,2000,Accounts Payable,0,400.0,uniPoint QMS,AP,SW-UNIPOI
JE-004544,2025-10-31,2025-10,6400,Software Subscriptions,787.5,0,Microsoft 365 Business Standard,AP,SW-MICROS
JE-004545,2025-10-31 ,2025-10,2000,Accounts Payable,0,787.5,Microsoft 365 Business Standard,AP,SW-MICROS
JE-004568,2025-10-31,2025-10,6400,Software Subscriptions,1980.0,0,Paycom,AP,SW-PAYCOM
JE-004569,2025-10-31,2025-10,2000,Accounts Payable,0,1980.0,Paycom,AP,SW-PAYCOM
JE-004592,2025-10-31,2025-10,6400,Software Subscriptions,1200.0,0,ShipStation,AP,SW-SHIPST
JE-004593,2025-10-31,2025-10,2000,Accounts Payable,0,1200.0,ShipStation,AP,SW-SHIPST
JE-004616,2025-10-31,2025-10,6400,Software Subscriptions,720.0,0,HubSpot Sales Hub,AP,SW-HUBSPO
JE-004617,2025-10-31,2025-10,2000,Accounts Payable,0,720.0,HubSpot Sales Hub,AP,SW-HUBSPO
JE-004640 ,2025-10-31,2025-10,6400,Software Subscriptions,567.0,0,Expensify,AP,SW-EXPENS
JE-004641,2025-10-31,2025-10,2000,Accounts Payable,0,567.0,Expensify,AP,SW-EXPENS
JE-004664,2025-10-31,2025-10,6400,Software Subscriptions,880.0,0,Dropbox Business,AP,SW-DROPBO
JE-004665,2025-10-31,2025-10,2000,Accounts Payable,0,880.0,Dropbox Business,AP,SW-DROPBO
JE-004688,2025-10-31,2025-10,6400,Software Subscriptions,630.0,0,Zoom Workplace,AP,SW-ZOOMW
JE-004689,2025-10-31,2025-10,2000,Accounts Payable,0,630.0,Zoom Workplace,AP,SW-ZOOMW
JE-004712,2025-10-31,2025-10 ,6400,Software Subscriptions,392.0,0,8x8 Work,AP,SW-8X8WO
JE-004713,2025-10-31,2025-10,2000,Accounts Payable,0,392.0,8x8 Work,AP,SW-8X8WO
JE-004736,"Oct 31, 2025",2025-10,6000,Salaries & Wages,346107.16,0,Monthly payroll,PR,PR-202510
JE-004737,2025-10-31,2025-10,2300,Payroll Liabilities,0,346107.16,Monthly payroll,PR ,PR-202510
JE-002426,2025-11-01,2025-11,1000,Operating Cash,5852.76,0,Customer payment,AR,KBD-CR00057
JE-002427,2025-11-01,2025-11,1100,Accounts Receivable,0,5852.76,Customer payment,AR,KBD-CR00057
JE-002464,2025-11-01,2025-11,1000,Operating Cash,321.8,0,Customer payment,AR,KBD-CR00076
JE-002465,2025-11-01,2025-11,1100,Accounts Receivable,0,321.8,Customer payment,AR,KBD-CR00076 
JE-000417,2025-11-02 ,2025-11 ,1100,Accounts Receivable,32111.26,0,Invoice INV-60088,AR,INV-60088
JE-000418,2025-11-02,2025-11,4010,Product Sales - Distributed,0,32111.26,Invoice INV-60088,AR,INV-60088
JE-000419,2025-11-02,2025-11,5000,COGS - Materials,24478.37,0,COGS,AR,INV-60088
JE-000420,2025-11-02,2025-11,1230,Inventory - Purchased for Resale,0,24478.37,Inventory relief,AR,INV-60088
JE-001604,2025-11-02,2025-11,1100,Accounts Receivable,22797.71,0,Invoice INV-60337,AR,INV-60337
JE-001605,2025-11-02,2025-11,4010,Product Sales - Distributed,0,22515.66,Invoice INV-60337,AR,INV-60337
JE-001606,2025-11-02,2025-11,4100,Freight Revenue,0,282.05,Freight billed,AR,INV-60337
JE-001607,2025-11-02,2025-11,5000,COGS - Materials,15536.98,0,COGS,AR,INV-60337
JE-001608,"Nov 02, 2025",2025-11,1230,Inventory - Purchased for Resale,0,15536.98,Inventory relief,AR,INV-60337
JE-002256,2025-11-02,2025-11,1100,Accounts Receivable,11788.41,0,Invoice INV-60476,AR,INV-60476
JE-002257,2025-11-02,2025-11,4010,Product Sales - Distributed,0,11788.41,Invoice INV-60476,AR,INV-60476
JE-002258,2025-11-02,2025-11,5000,COGS - Materials,9356.25,0,COGS,AR,INV-60476
JE-002259,11/02/2025,2025-11,1230,Inventory - Purchased for Resale,0,9356.25,Inventory relief,AR,INV-60476
JE-002982,2025-11-02,2025-11,1000,Operating Cash,21691.14,0,Customer payment,AR,KBD-CR00335
JE-002983,2025-11-02,2025-11,1100,Accounts Receivable,0,21691.14,Customer payment,AR ,KBD-CR00335
JE-003146,2025-11-02,2025-11,2050,GR/IR Clearing (Received Not Invoiced),26483.41,0,Supplier inv INV3820000,AP,INV3820000
JE-003147,2025-11-02,2025-11,2000,Accounts Payable,0,26483.41,Supplier inv INV3820000,AP,INV3820000
JE-000642,2025-11-03,2025-11,1100,Accounts Receivable,6868.88,0,Invoice INV-60136,AR,INV-60136
JE-000643,2025-11-03,2025-11,4010,Product Sales - Distributed,0,6572.96,Invoice INV-60136,AR,INV-60136
JE-000644,2025-11-03,2025-11,4100,Freight Revenue,0,295.92,Freight billed,AR,INV-60136
JE-000645,2025-11-03,2025-11,5000,COGS - Materials,4043.42,0,COGS,AR,INV-60136
JE-000646,2025-11-03,2025-11,1230,Inventory - Purchased for Resale,0,4043.42,Inventory relief,AR,INV-60136
JE-001682,2025-11-03,2025-11,1100,Accounts Receivable,99.19,0,Invoice INV-60353,AR,INV-60353
JE-001683,2025-11-03,2025-11,4010,Product Sales - Distributed,0,99.19,Invoice INV-60353,AR,INV-60353
JE-001684,2025-11-03,2025-11,5000,COGS - Materials,74.58,0,COGS,AR,INV-60353
JE-001685,2025-11-03,2025-11,1230,Inventory - Purchased for Resale,0,74.58,Inventory relief,AR,INV-60353
JE-002932,2025-11-04,2025-11,1000,Operating Cash,10197.02,0,Customer payment,AR,KBD-CR00310
JE-002933,11/04/2025,2025-11,1100,Accounts Receivable,0,10197.02,Customer payment,AR,KBD-CR00310
JE-003448,2025-11-04,2025-11,2050,GR/IR Clearing (Received Not Invoiced),48186.81,0,Supplier inv 8742021,AP,8742021
JE-003449,2025-11-04,2025-11,5300,Freight In,31.93,0,Freight in,AP,8742021
JE-003450,2025-11-04,2025-11,2000,Accounts Payable,0,48218.74,Supplier inv 8742021 ,AP,8742021
JE-003545,"Nov 04, 2025",2025-11,2050,GR/IR Clearing (Received Not Invoiced),9351.72,0,Supplier inv INV2256463,AP,INV2256463
JE-003546,2025-11-04,2025-11,2000,Accounts Payable,0,9351.72,Supplier inv INV2256463,AP,INV2256463
JE-004150,2025-11-04,2025-11,1230,Inventory - Purchased for Resale,9351.72,0,PO receipt PO-31196,INV,RCV-40192
JE-004151,2025-11-04,2025-11,2050,GR/IR Clearing (Received Not Invoiced),0,9351.72,PO receipt PO-31196,INV,RCV-40192
JE-001441,2025-11-05,2025-11,1100,Accounts Receivable,2466.23,0,Invoice INV-60303,AR,INV-60303
JE-001442,2025-11-05,2025-11,4010,Product Sales - Distributed,0,1972.25,Invoice INV-60303,AR,INV-60303
JE-001443,2025-11-05,2025-11,4100,Freight Revenue,0,493.98,Freight billed,AR,INV-60303
JE-001444,11/05/25,2025-11,5000,COGS - Materials,1211.75,0,COGS,AR,INV-60303
JE-001445,2025-11-05,2025-11,1230,Inventory - Purchased for Resale,0,1211.75,Inventory relief,AR,INV-60303
JE-002514,2025-11-05,2025-11,1000,Operating Cash,24793.6,0,Customer payment,AR,KBD-CR00101
JE-002515,2025-11-05,2025-11,1100,Accounts Receivable,0,24793.6,Customer payment,AR,KBD-CR00101
JE-004270,2025-11-05,2025-11,1230,Inventory - Purchased for Resale,37883.92,0,PO receipt PO-31260,INV,RCV-40252
JE-004271,2025-11-05,2025-11,2050,GR/IR Clearing (Received Not Invoiced),0,37883.92,PO receipt PO-31260,INV,RCV-40252
JE-004046,2025-11-06 ,2025-11,1230,Inventory - Purchased for Resale,60925.92,0,PO receipt PO-31142,INV,RCV-40140
JE-004047,2025-11-06,2025-11,2050,GR/IR Clearing (Received Not Invoiced),0,60925.92,PO receipt PO-31142,INV,RCV-40140
JE-000081,2025-11-07,2025-11,1100,Accounts Receivable,8737.93,0,Invoice INV-60018,AR,INV-60018
JE-000082,2025-11-07,2025-11,4010,Product Sales - Distributed,0,8147.25,Invoice INV-60018,AR,INV-60018
JE-000083,2025-11-07,2025-11,2100,Accrued Expenses,0,590.68,Sales tax payable,AR,INV-60018
JE-000084,2025-11-07,2025-11,5000,COGS - Materials,6397.01,0,COGS,AR,INV-60018
JE-000085,2025-11-07,2025-11,1230,Inventory - Purchased for Resale,0,6397.01,Inventory relief,AR,INV-60018
JE-002382,2025-11-07,2025-11,1000,Operating Cash,17131.57,0,Customer payment,AR,KBD-CR00035
JE-002383,2025-11-07,2025-11,1100,Accounts Receivable,0,17131.57,Customer payment,AR,KBD-CR00035
JE-003490,2025-11-07,2025-11,2050,GR/IR Clearing (Received Not Invoiced),1148.0,0,Supplier inv 2153364,AP,2153364
JE-003491,2025-11-07,2025-11,2000,Accounts Payable,0,1148.0,Supplier inv 2153364,AP,2153364
JE-004102,2025-11-07,2025-11,1230,Inventory - Purchased for Resale,1148.0,0,PO receipt PO-31171,INV,RCV-40168
JE-004103,2025-11-07,2025-11,2050,GR/IR Clearing (Received Not Invoiced),0,1148.0,PO receipt PO-31171,INV,RCV-40168
JE-000110,2025-11-08,2025-11,1100,Accounts Receivable,3166.41,0,Invoice INV-60024,AR,INV-60024
JE-000111,2025-11-08,2025-11,4010,Product Sales - Distributed,0,2952.36,Invoice INV-60024,AR,INV-60024
JE-000112,11/08/25,2025-11,2100,Accrued Expenses,0,214.05,Sales tax payable,AR,INV-60024
JE-000113,2025-11-08,2025-11,5000,COGS - Materials,2360.0,0,COGS,AR,INV-60024
JE-000114,2025-11-08,2025-11,1230,Inventory - Purchased for Resale,0,2360.0,Inventory relief,AR,INV-60024
JE-003094,11/08/2025,2025-11,1000,Operating Cash,13739.09,0,Customer payment,AR,KBD-CR00391
JE-003095,2025-11-08,2025-11,1100,Accounts Receivable,0,13739.09,Customer payment,AR ,KBD-CR00391
JE-003427,2025-11-08,2025-11,2050,GR/IR Clearing (Received Not Invoiced),60925.92,0,Supplier inv 95840640,AP,95840640
JE-003428,"Nov 08, 2025",2025-11,5300,Freight In,72.52,0,Freight in,AP,95840640
JE-003429,2025-11-08,2025-11,2000,Accounts Payable,0,60998.44,Supplier inv 95840640,AP,95840640
JE-004148,2025-11-08,2025-11,1230,Inventory - Purchased for Resale,61059.0,0,PO receipt PO-31195,INV,RCV-40191
JE-004149 ,2025-11-08,2025-11,2050,GR/IR Clearing (Received Not Invoiced),0,61059.0,PO receipt PO-31195,INV,RCV-40191
JE-004166,2025-11-08 ,2025-11,1230,Inventory - Purchased for Resale,216563.2,0,PO receipt PO-31204,INV,RCV-40200
JE-004167,2025-11-08,2025-11,2050,GR/IR Clearing (Received Not Invoiced),0,216563.2,PO receipt PO-31204,INV,RCV-40200
JE-003562,2025-11-09,2025-11,2050,GR/IR Clearing (Received Not Invoiced),216563.2,0,Supplier inv 9810290,AP,9810290
JE-003563,2025-11-09,2025-11,2000,Accounts Payable,0,216563.2,Supplier inv 9810290,AP,9810290
JE-003543,2025-11-10,2025-11,2050,GR/IR Clearing (Received Not Invoiced),61059.0,0,Supplier inv 95671661,AP,95671661
JE-003544,2025-11-10,2025-11,2000,Accounts Payable,0,61059.0,Supplier inv 95671661 ,AP,95671661
JE-000238,2025-11-11 ,2025-11,1100,Accounts Receivable,21462.82,0,Invoice INV-60051,AR,INV-60051
JE-000239,2025-11-11,2025-11,4010,Product Sales - Distributed,0,19890.57,Invoice INV-60051,AR,INV-60051
JE-000240,11/11/2025,2025-11,4100,Freight Revenue,0,130.18,Freight billed,AR,INV-60051
JE-000241,2025-11-11,2025-11,2100,Accrued Expenses,0,1442.07,Sales tax payable,AR,INV-60051
JE-000242 ,2025-11-11,2025-11,5000,COGS - Materials,15381.33,0,COGS,AR,INV-60051
JE-000243,2025-11-11,2025-11,1230,Inventory - Purchased for Resale,0,15381.33,Inventory relief,AR,INV-60051
JE-002358,2025-11-11,2025-11,1000,Operating Cash,671.88,0,Customer payment,AR,KBD-CR00023
JE-002359,2025-11-11,2025-11,1100,Accounts Receivable,0,671.88,Customer payment,AR,KBD-CR00023
JE-002958,2025-11-11,2025-11,1000,Operating Cash,2513.45,0,Customer payment,AR,KBD-CR00323
JE-002959,2025-11-11,2025-11,1100,Accounts Receivable,0,2513.45,Customer payment,AR,KBD-CR00323
JE-003679,2025-11-11,2025-11,2050 ,GR/IR Clearing (Received Not Invoiced),38085.83,0,Supplier inv SI4561766,AP,SI4561766
JE-003680,2025-11-11,2025-11,2000,Accounts Payable,0,38085.83,Supplier inv SI4561766,AP,SI4561766
JE-004008,2025-11-11,2025-11,1230,Inventory - Purchased for Resale,17294.6,0,PO receipt PO-31123,INV,RCV-40121
JE-004009,2025-11-11,2025-11,2050,GR/IR Clearing (Received Not Invoiced),0,17294.6,PO receipt PO-31123,INV,RCV-40121
JE-004254,2025-11-11,2025-11,1230,Inventory - Purchased for Resale,61114.7,0,PO receipt PO-31252,INV,RCV-40244
JE-004255,11-Nov-2025,2025-11,2050,GR/IR Clearing (Received Not Invoiced),0,61114.7,PO receipt PO-31252,INV,RCV-40244
JE-004336,2025-11-11,2025-11,1230,Inventory - Purchased for Resale,21923.91,0,PO receipt PO-31296,INV,RCV-40285
JE-004337,2025-11-11,2025-11,2050,GR/IR Clearing (Received Not Invoiced),0,21923.91,PO receipt PO-31296,INV,RCV-40285
JE-001613,2025-11-12,2025-11,1100,Accounts Receivable,16986.67,0,Invoice INV-60339,AR,INV-60339
JE-001614,"Nov 12, 2025",2025-11,4010,Product Sales - Distributed,0,12431.44,Invoice INV-60339,AR,INV-60339
JE-001615,2025-11-12,2025-11,4100,Freight Revenue,0,4555.23,Freight billed,AR,INV-60339
JE-001616,2025-11-12,2025-11,5000,COGS - Materials,9892.06,0,COGS,AR,INV-60339
JE-001617,2025-11-12,2025-11,1230,Inventory - Purchased for Resale,0,9892.06,Inventory relief,AR,INV-60339
JE-002155,2025-11-12,2025-11,1100,Accounts Receivable,21799.9,0,Invoice INV-60454,AR,INV-60454
JE-002156,2025-11-12,2025-11,4010,Product Sales - Distributed,0,21799.9,Invoice INV-60454,AR,INV-60454
JE-002157,2025-11-12,2025-11,5000,COGS - Materials,13920.75,0,COGS,AR,INV-60454
JE-002158,2025-11-12,2025-11,1230,Inventory - Purchased for Resale,0,13920.75,Inventory relief,AR,INV-60454
JE-003756,2025-11-12,2025-11,2050,GR/IR Clearing (Received Not Invoiced),22126.71,0,Supplier inv INV5451981,AP,INV5451981
JE-003757,2025-11-12,2025-11,2000,Accounts Payable,0,22126.71,Supplier inv INV5451981,AP,INV5451981
JE-002760,2025-11-13,2025-11,1000,Operating Cash,30649.16,0,Customer payment ,AR,KBD-CR00224
JE-002761,2025-11-13,2025-11,1100,Accounts Receivable,0,30649.16,Customer payment,AR,KBD-CR00224
JE-003382,2025-11-13,2025-11,2050,GR/IR Clearing (Received Not Invoiced),17294.6,0,Supplier inv 5299984,AP,5299984
JE-003383,2025-11-13,2025-11,2000,Accounts Payable,0,17294.6,Supplier inv 5299984,AP,5299984
JE-003658,2025-11-13,2025-11,2050,GR/IR Clearing (Received Not Invoiced),61114.7,0,Supplier inv 3062153,AP,3062153
JE-003659,"Nov 13, 2025",2025-11,5300,Freight In,120.81,0,Freight in ,AP,3062153
JE-003660,2025-11-13,2025-11,2000,Accounts Payable,0,61235.51,Supplier inv 3062153,AP,3062153
JE-004006,2025-11-13,2025-11,1230,Inventory - Purchased for Resale,363594.04,0,PO receipt PO-31122,INV,RCV-40120
JE-004007,2025-11-13,2025-11,2050,GR/IR Clearing (Received Not Invoiced),0,363594.04,PO receipt PO-31122,INV,RCV-40120
JE-001436,2025-11-14,2025-11,1100,Accounts Receivable,2295.27,0,Invoice INV-60302,AR,INV-60302
JE-001437,2025-11-14,2025-11,4010,Product Sales - Distributed,0,2140.11,Invoice INV-60302,AR,INV-60302
JE-001438,2025-11-14,2025-11,2100,Accrued Expenses,0,155.16,Sales tax payable,AR,INV-60302 
JE-001439,2025-11-14,2025-11,5000,COGS - Materials,1553.72,0,COGS,AR,INV-60302
JE-001440,11/14/2025,2025-11,1230,Inventory - Purchased for Resale,0,1553.72,Inventory relief,AR,INV-60302
JE-002998,2025-11-14,2025-11,1000,Operating Cash,5704.39,0,Customer payment,AR,KBD-CR00343
JE-002999,2025-11-14,2025-11,1100,Accounts Receivable,0,5704.39,Customer payment,AR,KBD-CR00343
JE-003004,2025-11-14,2025-11,1000,Operating Cash,966.46,0,Customer payment,AR,KBD-CR00346
JE-003005,2025-11-14,2025-11,1100,Accounts Receivable,0,966.46,Customer payment,AR,KBD-CR00346
JE-003074,14-Nov-2025,2025-11,1000,Operating Cash,28923.98,0,Customer payment,AR,KBD-CR00381
JE-003075,2025-11-14,2025-11,1100,Accounts Receivable,0,28923.98,Customer payment,AR,KBD-CR00381
JE-000863,2025-11-15,2025-11,1100,Accounts Receivable,21541.02,0,Invoice INV-60182,AR,INV-60182
JE-000864,2025-11-15,2025-11,4010,Product Sales - Distributed,0,21541.02,Invoice INV-60182,AR,INV-60182
JE-000865,2025-11-15,2025-11,5000,COGS - Materials,15218.63,0,COGS,AR,INV-60182
JE-000866,2025-11-15,2025-11,1230,Inventory - Purchased for Resale,0,15218.63,Inventory relief,AR,INV-60182
JE-001024,2025-11-15,2025-11,1100 ,Accounts Receivable,3274.05,0,Invoice INV-60216 ,AR,INV-60216
JE-001025,2025-11-15 ,2025-11,4010,Product Sales - Distributed,0,3274.05,Invoice INV-60216,AR,INV-60216
JE-001026,15-Nov-2025,2025-11,5000,COGS - Materials,2390.86,0,COGS,AR,INV-60216
JE-001027,2025-11-15,2025-11,1230,Inventory - Purchased for Resale,0,2390.86,Inventory relief,AR,INV-60216
JE-002139,2025-11-15,2025-11,1100,Accounts Receivable,33362.67,0,Invoice INV-60451,AR,INV-60451
JE-002140,2025-11-15,2025-11,4010,Product Sales - Distributed,0,25575.48,Invoice INV-60451,AR,INV-60451
JE-002141,2025-11-15,2025-11,4100,Freight Revenue,0,5932.97,Freight billed,AR,INV-60451
JE-002142,15-Nov-2025,2025-11,2100,Accrued Expenses,0,1854.22,Sales tax payable,AR,INV-60451
JE-002143,2025-11-15,2025-11,5000,COGS - Materials,16474.56,0,COGS,AR ,INV-60451
JE-002144,2025-11-15,2025-11 ,1230,Inventory - Purchased for Resale,0,16474.56,Inventory relief,AR,INV-60451
JE-002770,2025-11-15,2025-11,1000,Operating Cash,47336.21,0,Customer payment,AR,KBD-CR00229
JE-002771,2025-11-15,2025-11,1100,Accounts Receivable,0,47336.21,Customer payment,AR,KBD-CR00229
JE-001803,11/16/25,2025-11,1100,Accounts Receivable,6397.52,0,Invoice INV-60379,AR,INV-60379
JE-001804,16-Nov-2025,2025-11,4010,Product Sales - Distributed,0,3943.9,Invoice INV-60379,AR,INV-60379
JE-001805,11/16/2025,2025-11,4100,Freight Revenue,0,2453.62,Freight billed,AR,INV-60379
JE-001806,2025-11-16,2025-11,5000,COGS - Materials ,2853.58,0,COGS,AR,INV-60379
JE-001807 ,2025-11-16,2025-11,1230,Inventory - Purchased for Resale,0,2853.58,Inventory relief,AR,INV-60379
JE-003810,2025-11-16,2025-11,1230,Inventory - Purchased for Resale,506865.06,0,PO receipt PO-31022,INV,RCV-40022
JE-003811,2025-11-16,2025-11,2050,GR/IR Clearing (Received Not Invoiced),0,506865.06,PO receipt PO-31022,INV,RCV-40022
JE-000525,2025-11-17,2025-11,1100,Accounts Receivable,7020.4,0,Invoice INV-60112,AR,INV-60112 
JE-000526,2025-11-17,2025-11,4010,Product Sales - Distributed,0,6995.03,Invoice INV-60112,AR,INV-60112
JE-000527,2025-11-17,2025-11,4100,Freight Revenue,0,25.37,Freight billed,AR,INV-60112
JE-000528,11/17/25,2025-11,5000,COGS - Materials,4538.67,0,COGS,AR,INV-60112
JE-000529,2025-11-17,2025-11,1230,Inventory - Purchased for Resale,0,4538.67,Inventory relief,AR,INV-60112
JE-002606,2025-11-17,2025-11,1000 ,Operating Cash,217.28,0,Customer payment,AR,KBD-CR00147
JE-002607,2025-11-17,2025-11,1100,Accounts Receivable,0,217.28,Customer payment,AR,KBD-CR00147
JE-003776,2025-11-17,2025-11,1230,Inventory - Purchased for Resale,13600.2,0,PO receipt PO-31005,INV,RCV-40005
JE-003777,2025-11-17,2025-11,2050,GR/IR Clearing (Received Not Invoiced),0,13600.2,PO receipt PO-31005,INV,RCV-40005
JE-001091,2025-11-18,2025-11,1100,Accounts Receivable,956.5,0,Invoice INV-60230,AR,INV-60230
JE-001092,"Nov 18, 2025",2025-11,4010,Product Sales - Distributed,0,721.14,Invoice INV-60230,AR,INV-60230
JE-001093,2025-11-18,2025-11,4100,Freight Revenue,0,235.36,Freight billed,AR,INV-60230
JE-001094,2025-11-18,2025-11,5000,COGS - Materials,569.22,0,COGS,AR,INV-60230
JE-001095,2025-11-18,2025-11,1230 ,Inventory - Purchased for Resale,0,569.22,Inventory relief,AR,INV-60230
JE-001940,2025-11-18,2025-11,1100 ,Accounts Receivable,5548.78,0,Invoice INV-60408,AR,INV-60408
JE-001941,2025-11-18,2025-11,4010,Product Sales - Distributed,0,4621.4,Invoice INV-60408,AR,INV-60408
JE-001942,2025-11-18,2025-11,4100 ,Freight Revenue,0,592.33,Freight billed,AR,INV-60408
JE-001943,"Nov 18, 2025",2025-11,2100,Accrued Expenses,0,335.05,Sales tax payable,AR,INV-60408
JE-001944,11/18/25,2025-11,5000,COGS - Materials,2870.4,0,COGS,AR ,INV-60408
JE-001945,2025-11-18,2025-11,1230,Inventory - Purchased for Resale,0,2870.4,Inventory relief,AR,INV-60408
JE-003818,2025-11-18,2025-11,1230,Inventory - Purchased for Resale,11932.8,0,PO receipt PO-31026,INV,RCV-40026
JE-003819,2025-11-18,2025-11,2050,GR/IR Clearing (Received Not Invoiced),0,11932.8,PO receipt PO-31026,INV,RCV-40026
JE-002716,2025-11-19,2025-11,1000,Operating Cash,14298.03,0,Customer payment,AR,KBD-CR00202
JE-002717,19-Nov-2025,2025-11,1100,Accounts Receivable,0,14298.03,Customer payment,AR,KBD-CR00202
JE-002722,2025-11-19,2025-11,1000,Operating Cash,9182.35,0,Customer payment,AR,KBD-CR00205
JE-002723,2025-11-19,2025-11,1100,Accounts Receivable,0,9182.35,Customer payment,AR,KBD-CR00205
JE-002918 ,2025-11-19,2025-11,1000 ,Operating Cash,3637.39,0,Customer payment,AR,KBD-CR00303
JE-002919,2025-11-19,2025-11,1100,Accounts Receivable,0,3637.39,Customer payment,AR,KBD-CR00303
JE-003226,2025-11-19,2025-11,2050,GR/IR Clearing (Received Not Invoiced),66937.2,0,Supplier inv INV3391737,AP,INV3391737
JE-003227,11/19/2025,2025-11,5300,Freight In,131.77,0,Freight in,AP,INV3391737
JE-003228,2025-11-19,2025-11,2000,Accounts Payable,0,67068.97,Supplier inv INV3391737,AP,INV3391737
JE-003566,2025-11-19,2025-11,2050,GR/IR Clearing (Received Not Invoiced),26388.7,0,Supplier inv 1336619,AP,1336619
JE-003567,19-Nov-2025,2025-11,2000,Accounts Payable,0,26388.7,Supplier inv 1336619,AP,1336619
JE-003870,2025-11-19,2025-11,1230,Inventory - Purchased for Resale,66796.1,0,PO receipt PO-31053,INV,RCV-40052
JE-003871,2025-11-19,2025-11,2050,GR/IR Clearing (Received Not Invoiced),0,66796.1,PO receipt PO-31053,INV,RCV-40052
JE-004170,2025-11-19,2025-11,1230,Inventory - Purchased for Resale,26388.7,0,PO receipt PO-31206,INV,RCV-40202
JE-004171,2025-11-19,2025-11,2050,GR/IR Clearing (Received Not Invoiced),0,26388.7,PO receipt PO-31206,INV,RCV-40202
JE-002334,2025-11-20,2025-11,1000,Operating Cash,587.7,0,Customer payment ,AR,KBD-CR00011
JE-002335,2025-11-20,2025-11,1100,Accounts Receivable,0,587.7,Customer payment,AR,KBD-CR00011
JE-002946,2025-11-20,2025-11,1000,Operating Cash,823.89,0,Customer payment,AR,KBD-CR00317
JE-002947,2025-11-20,2025-11,1100,Accounts Receivable,0,823.89,Customer payment,AR,KBD-CR00317
JE-003161,11/20/2025,2025-11,2050,GR/IR Clearing (Received Not Invoiced),506865.06,0,Supplier inv 2538793,AP,2538793
JE-003162,2025-11-20,2025-11,2000,Accounts Payable,0,506865.06,Supplier inv 2538793,AP,2538793
JE-003380,2025-11-20,2025-11,2050,GR/IR Clearing (Received Not Invoiced),363594.04,0,Supplier inv INV5541275,AP,INV5541275
JE-003381,11/20/25,2025-11,2000,Accounts Payable,0,363594.04,Supplier inv INV5541275,AP,INV5541275
JE-000804,2025-11-21,2025-11,1100,Accounts Receivable,20226.5,0,Invoice INV-60170,AR,INV-60170
JE-000805,2025-11-21,2025-11,4010,Product Sales - Distributed,0,20226.5,Invoice INV-60170,AR,INV-60170
JE-000806,2025-11-21,2025-11,5000,COGS - Materials,11558.0,0,COGS,AR,INV-60170
JE-000807,2025-11-21,2025-11,1230,Inventory - Purchased for Resale,0,11558.0,Inventory relief,AR,INV-60170
JE-002882,2025-11-21,2025-11,1000,Operating Cash,18803.8,0,Customer payment,AR,KBD-CR00285
JE-002883,2025-11-21,2025-11,1100,Accounts Receivable,0,18803.8,Customer payment,AR,KBD-CR00285
JE-000760,2025-11-22,2025-11,1100,Accounts Receivable,13327.05,0,Invoice INV-60161,AR,INV-60161
JE-000761,2025-11-22,2025-11,4010,Product Sales - Distributed,0,13113.85,Invoice INV-60161,AR,INV-60161
JE-000762,2025-11-22,2025-11,4100,Freight Revenue,0,213.2,Freight billed,AR,INV-60161
JE-000763,2025-11-22,2025-11,5000,COGS - Materials,8315.7,0,COGS,AR,INV-60161
JE-000764,2025-11-22,2025-11,1230,Inventory - Purchased for Resale,0,8315.7,Inventory relief,AR,INV-60161
JE-001145,2025-11-22 ,2025-11,1100,Accounts Receivable,12056.48,0,Invoice INV-60242,AR,INV-60242
JE-001146,2025-11-22,2025-11,4010,Product Sales - Distributed,0,12021.9,Invoice INV-60242,AR,INV-60242
JE-001147,2025-11-22,2025-11,4100,Freight Revenue,0,34.58,Freight billed,AR,INV-60242
JE-001148,2025-11-22,2025-11,5000,COGS - Materials,8727.35,0,COGS,AR,INV-60242
JE-001149,2025-11-22,2025-11,1230,Inventory - Purchased for Resale,0,8727.35,Inventory relief,AR,INV-60242
JE-002694,2025-11-22,2025-11,1000,Operating Cash,1870.5,0,Customer payment,AR,KBD-CR00191
JE-002695,2025-11-22,2025-11,1100,Accounts Receivable,0,1870.5,Customer payment,AR,KBD-CR00191
JE-003068,2025-11-22,2025-11,1000,Operating Cash,23523.61,0,Customer payment,AR,KBD-CR00378
JE-003069,2025-11-22,2025-11,1100,Accounts Receivable,0,23523.61,Customer payment,AR,KBD-CR00378
JE-003119,2025-11-22,2025-11,2050,GR/IR Clearing (Received Not Invoiced),13490.2,0,Supplier inv 379957,AP,379957
JE-003120,2025-11-22,2025-11,5300,Freight In,98.88,0,Freight in,AP,379957
JE-003121,2025-11-22,2025-11,2000,Accounts Payable ,0,13589.08,Supplier inv 379957,AP,379957
JE-002086,2025-11-23,2025-11,1100,Accounts Receivable,51597.42,0,Invoice INV-60439,AR,INV-60439
JE-002087,2025-11-23,2025-11,4010,Product Sales - Distributed,0,51597.42,Invoice INV-60439,AR,INV-60439
JE-002088,2025-11-23,2025-11,5000,COGS - Materials,38792.1,0,COGS,AR,INV-60439
JE-002089,2025-11-23,2025-11,1230,Inventory - Purchased for Resale,0,38792.1,Inventory relief,AR,INV-60439
JE-002518,2025-11-23,2025-11,1000,Operating Cash ,26768.44,0,Customer payment,AR,KBD-CR00103
JE-002519,2025-11-23,2025-11,1100,Accounts Receivable,0,26768.44,Customer payment,AR,KBD-CR00103
JE-003860,11/23/25,2025-11,1230,Inventory - Purchased for Resale,33670.56,0,PO receipt PO-31048,INV,RCV-40047
JE-003861,23-Nov-2025,2025-11,2050,GR/IR Clearing (Received Not Invoiced),0,33670.56,PO receipt PO-31048,INV,RCV-40047 
JE-002658,2025-11-24,2025-11,1000,Operating Cash,5421.31,0,Customer payment,AR,KBD-CR00173
JE-002659,2025-11-24,2025-11,1100,Accounts Receivable,0,5421.31,Customer payment,AR,KBD-CR00173
JE-002920,2025-11-24,2025-11,1000,Operating Cash,1091.66,0,Customer payment,AR,KBD-CR00304
JE-002921,2025-11-24,2025-11,1100,Accounts Receivable,0,1091.66,Customer payment,AR,KBD-CR00304
JE-000966,2025-11-25,2025-11,1100,Accounts Receivable,19278.56,0,Invoice INV-60204,AR,INV-60204
JE-000967 ,2025-11-25,2025-11,4010,Product Sales - Distributed,0,19138.08,Invoice INV-60204,AR,INV-60204
JE-000968,"Nov 25, 2025",2025-11,4100,Freight Revenue,0,140.48,Freight billed,AR,INV-60204
JE-000969,2025-11-25,2025-11,5000,COGS - Materials,14284.83,0,COGS,AR,INV-60204
JE-000970,2025-11-25,2025-11,1230,Inventory - Purchased for Resale,0,14284.83,Inventory relief,AR,INV-60204
JE-001946,2025-11-25,2025-11,1100,Accounts Receivable,22229.7,0,Invoice INV-60409,AR,INV-60409
JE-001947,2025-11-25,2025-11,4010,Product Sales - Distributed,0,22229.7,Invoice INV-60409,AR,INV-60409
JE-001948,2025-11-25,2025-11,5000,COGS - Materials,17593.77,0,COGS,AR,INV-60409
JE-001949,2025-11-25,2025-11,1230,Inventory - Purchased for Resale,0,17593.77,Inventory relief,AR,INV-60409
JE-003170,2025-11-25,2025-11,2050,GR/IR Clearing (Received Not Invoiced),11932.8,0,Supplier inv SI7604679,AP,SI7604679
JE-003171,25-Nov-2025,2025-11,2000,Accounts Payable,0,11932.8,Supplier inv SI7604679,AP,SI7604679
JE-000756,2025-11-26,2025-11,1100,Accounts Receivable,6742.64,0,Invoice INV-60160 ,AR,INV-60160
JE-000757,2025-11-26,2025-11,4010,Product Sales - Distributed,0,6742.64,Invoice INV-60160,AR,INV-60160
JE-000758,2025-11-26,2025-11,5000,COGS - Materials,4922.95,0,COGS,AR,INV-60160
JE-000759,11/26/2025,2025-11,1230,Inventory - Purchased for Resale,0,4922.95,Inventory relief,AR,INV-60160
JE-001638,2025-11-26,2025-11,1100,Accounts Receivable,6163.49,0,Invoice INV-60344 ,AR,INV-60344 
JE-001639,2025-11-26,2025-11,4010,Product Sales - Distributed,0,6138.42,Invoice INV-60344,AR,INV-60344
JE-001640,11/26/25,2025-11,4100,Freight Revenue,0,25.07,Freight billed,AR,INV-60344
JE-001641,2025-11-26,2025-11,5000,COGS - Materials,4147.58,0,COGS,AR,INV-60344
JE-001642,2025-11-26,2025-11,1230,Inventory - Purchased for Resale,0,4147.58,Inventory relief,AR,INV-60344
JE-002928,2025-11-26,2025-11,1000,Operating Cash,4545.64,0,Customer payment,AR,KBD-CR00308
JE-002929,2025-11-26,2025-11,1100,Accounts Receivable,0,4545.64,Customer payment,AR,KBD-CR00308
JE-003555,2025-11-26,2025-11,2050,GR/IR Clearing (Received Not Invoiced),55653.48,0,Supplier inv SI9757803,AP,SI9757803
JE-003556,2025-11-26,2025-11,5300,Freight In,76.91,0,Freight in,AP,SI9757803
JE-003557,2025-11-26,2025-11,2000,Accounts Payable,0,55730.39,Supplier inv SI9757803,AP,SI9757803
JE-003796,2025-11-26,2025-11 ,1230,Inventory - Purchased for Resale,20734.7,0,PO receipt PO-31015,INV,RCV-40015
JE-003797,2025-11-26,2025-11,2050,GR/IR Clearing (Received Not Invoiced),0,20734.7,PO receipt PO-31015,INV,RCV-40015
JE-004160,2025-11-26,2025-11,1230,Inventory - Purchased for Resale,55653.48,0,PO receipt PO-31201,INV ,RCV-40197
JE-004161,2025-11-26,2025-11,2050,GR/IR Clearing (Received Not Invoiced),0,55653.48,PO receipt PO-31201,INV,RCV-40197
JE-000949,2025-11-27,2025-11,1100,Accounts Receivable,25266.77,0,Invoice INV-60200,AR,INV-60200
JE-000950,2025-11-27,2025-11,4010,Product Sales - Distributed,0,25266.77,Invoice INV-60200,AR,INV-60200
JE-000951,2025-11-27,2025-11,5000,COGS - Materials,20409.54,0,COGS,AR,INV-60200
JE-000952,2025-11-27,2025-11,1230,Inventory - Purchased for Resale ,0,20409.54,Inventory relief,AR,INV-60200
JE-002330,2025-11-27,2025-11,1000,Operating Cash,1443.15,0,Customer payment,AR,KBD-CR00009 
JE-002331,2025-11-27,2025-11,1100,Accounts Receivable,0,1443.15,Customer payment,AR,KBD-CR00009
JE-002630,2025-11-27,2025-11,1000,Operating Cash,2410.26,0,Customer payment,AR,KBD-CR00159
JE-002631,2025-11-27,2025-11,1100 ,Accounts Receivable,0,2410.26,Customer payment,AR,KBD-CR00159
JE-003054,2025-11-27,2025-11,1000,Operating Cash,21799.9,0,Customer payment,AR,KBD-CR00371
JE-003055,2025-11-27,2025-11,1100,Accounts Receivable,0,21799.9,Customer payment,AR,KBD-CR00371
JE-003096,2025-11-27,2025-11,1000,Operating Cash,15263.06,0,Customer payment,AR,KBD-CR00392
JE-003097,2025-11-27,2025-11,1100,Accounts Receivable,0,15263.06,Customer payment,AR,KBD-CR00392
JE-003144,"Nov 27, 2025",2025-11,2050,GR/IR Clearing (Received Not Invoiced),20734.7,0,Supplier inv SI4073147,AP,SI4073147
JE-003145,2025-11-27,2025-11,2000,Accounts Payable,0,20734.7,Supplier inv SI4073147,AP,SI4073147
JE-003743,2025-11-27,2025-11,2050,GR/IR Clearing (Received Not Invoiced),32485.0,0,Supplier inv SI5743384,AP,SI5743384
JE-003744,2025-11-27,2025-11,5300,Freight In,179.89,0,Freight in,AP,SI5743384
JE-003745,2025-11-27,2025-11,2000,Accounts Payable,0,32664.89,Supplier inv SI5743384,AP,SI5743384
JE-003904,2025-11-27,2025-11,1230,Inventory - Purchased for Resale,59057.64,0,PO receipt PO-31071,INV,RCV-40069
JE-003905,2025-11-27,2025-11,2050,GR/IR Clearing (Received Not Invoiced),0,59057.64,PO receipt PO-31071,INV,RCV-40069
JE-004324,2025-11-27,2025-11,1230,Inventory - Purchased for Resale,32485.0,0,PO receipt PO-31290,INV,RCV-40279
JE-004325,2025-11-27,2025-11,2050,GR/IR Clearing (Received Not Invoiced),0,32485.0,PO receipt PO-31290,INV,RCV-40279
JE-001718,2025-11-28,2025-11,1100,Accounts Receivable,30595.53,0,Invoice INV-60361,AR,INV-60361
JE-001719,2025-11-28,2025-11,4010,Product Sales - Distributed,0,25425.02,Invoice INV-60361,AR,INV-60361
JE-001720,2025-11-28,2025-11,4100,Freight Revenue,0,5170.51,Freight billed,AR,INV-60361 
JE-001721,2025-11-28,2025-11,5000,COGS - Materials,20435.76,0,COGS,AR,INV-60361
JE-001722,2025-11-28,2025-11,1230,Inventory - Purchased for Resale,0,20435.76,Inventory relief,AR,INV-60361
JE-002784,2025-11-28,2025-11,1000,Operating Cash,50132.23,0,Customer payment,AR,KBD-CR00236
JE-002785,2025-11-28,2025-11,1100,Accounts Receivable,0,50132.23,Customer payment,AR,KBD-CR00236
JE-003864,2025-11-28,2025-11,1230,Inventory - Purchased for Resale,129436.78,0,PO receipt PO-31050,INV,RCV-40049
JE-003865,2025-11-28,2025-11,2050,GR/IR Clearing (Received Not Invoiced),0,129436.78,PO receipt PO-31050,INV,RCV-40049
JE-000034,2025-11-29,2025-11,1100,Accounts Receivable,8059.3,0,Invoice INV-60008,AR,INV-60008
JE-000035,2025-11-29,2025-11,4010,Product Sales - Distributed,0,7514.5,Invoice INV-60008,AR,INV-60008
JE-000036,2025-11-29 ,2025-11,2100,Accrued Expenses,0,544.8,Sales tax payable,AR,INV-60008
JE-000037,2025-11-29,2025-11,5000,COGS - Materials,6172.5,0,COGS ,AR,INV-60008
JE-000038,2025-11-29,2025-11,1230,Inventory - Purchased for Resale,0,6172.5,Inventory relief,AR,INV-60008
JE-000234,2025-11-29,2025-11,1100,Accounts Receivable,38277.7,0,Invoice INV-60050,AR,INV-60050
JE-000235,2025-11-29,2025-11,4010,Product Sales - Distributed,0,38277.7,Invoice INV-60050,AR,INV-60050
JE-000236,2025-11-29,2025-11,5000,COGS - Materials,27174.96,0,COGS,AR,INV-60050
JE-000237,2025-11-29,2025-11,1230,Inventory - Purchased for Resale,0,27174.96,Inventory relief,AR,INV-60050
JE-000817,2025-11-29,2025-11,1100,Accounts Receivable,5267.84,0,Invoice INV-60173,AR,INV-60173
JE-000818,2025-11-29,2025-11,4010,Product Sales - Distributed,0,4056.67,Invoice INV-60173,AR,INV-60173
JE-000819,2025-11-29,2025-11,4100,Freight Revenue,0,917.06,Freight billed,AR,INV-60173
JE-000820,2025-11-29,2025-11,2100,Accrued Expenses,0,294.11,Sales tax payable,AR,INV-60173
JE-000821,2025-11-29,2025-11,5000,COGS - Materials,2482.41,0,COGS,AR,INV-60173
JE-000822,2025-11-29,2025-11,1230,Inventory - Purchased for Resale,0,2482.41,Inventory relief,AR,INV-60173
JE-002560,2025-11-29,2025-11,1000,Operating Cash,27073.01,0,Customer payment,AR,KBD-CR00124
JE-002561,11/29/25,2025-11,1100,Accounts Receivable,0,27073.01,Customer payment ,AR,KBD-CR00124
JE-003010,2025-11-29,2025-11,1000,Operating Cash,12187.75,0,Customer payment,AR,KBD-CR00349
JE-003011,2025-11-29,2025-11,1100,Accounts Receivable,0,12187.75,Customer payment,AR,KBD-CR00349 
JE-003770,2025-11-29,2025-11,1230,Inventory - Purchased for Resale,9351.72,0,PO receipt PO-31002,INV,RCV-40002
JE-003771,2025-11-29,2025-11,2050,GR/IR Clearing (Received Not Invoiced),0,9351.72,PO receipt PO-31002,INV ,RCV-40002
JE-004164,2025-11-29,2025-11,1230,Inventory - Purchased for Resale,1667.4,0,PO receipt PO-31203,INV,RCV-40199
JE-004165,2025-11-29,2025-11,2050,GR/IR Clearing (Received Not Invoiced),0,1667.4,PO receipt PO-31203,INV,RCV-40199
JE-004292 ,2025-11-29,2025-11,1230,Inventory - Purchased for Resale,12877.8,0,PO receipt PO-31272,INV,RCV-40263
JE-004293,2025-11-29,2025-11,2050,GR/IR Clearing (Received Not Invoiced),0,12877.8,PO receipt PO-31272,INV,RCV-40263
JE-002019,2025-11-30,2025-11,1100,Accounts Receivable,11733.87,0,Invoice INV-60425,AR,INV-60425
JE-002020,2025-11-30,2025-11,4010,Product Sales - Distributed,0,11168.79,Invoice INV-60425,AR,INV-60425
JE-002021,2025-11-30,2025-11,4100 ,Freight Revenue,0,565.08,Freight billed,AR,INV-60425
JE-002022,2025-11-30,2025-11,5000,COGS - Materials,6979.23,0,COGS,AR,INV-60425
JE-002023,2025-11-30,2025-11,1230,Inventory - Purchased for Resale,0,6979.23,Inventory relief,AR,INV-60425
JE-002714,2025-11-30,2025-11,1000,Operating Cash,25178.32,0,Customer payment,AR,KBD-CR00201
JE-002715,2025-11-30,2025-11,1100,Accounts Receivable,0,25178.32,Customer payment,AR,KBD-CR00201
JE-002812,2025-11-30,2025-11,1000,Operating Cash,27994.6,0,Customer payment,AR,KBD-CR00250
JE-002813,2025-11-30,2025-11,1100,Accounts Receivable,0,27994.6,Customer payment,AR,KBD-CR00250
JE-003078,2025-11-30,2025-11,1000,Operating Cash,22717.81,0,Customer payment,AR,KBD-CR00383
JE-003079,11/30/25,2025-11,1100,Accounts Receivable,0,22717.81,Customer payment,AR,KBD-CR00383
JE-003112,2025-11-30,2025-11 ,2050,GR/IR Clearing (Received Not Invoiced),9351.72,0,Supplier inv 95662838,AP,95662838
JE-003113,2025-11-30,2025-11,5300,Freight In,111.53,0,Freight in,AP,95662838
JE-003114,2025-11-30,2025-11,2000,Accounts Payable,0,9463.25,Supplier inv 95662838,AP,95662838
JE-003216,2025-11-30,2025-11,2050,GR/IR Clearing (Received Not Invoiced),33841.22,0,Supplier inv SI9033609,AP,SI9033609
JE-003217,2025-11-30,2025-11,2000,Accounts Payable,0,33841.22,Supplier inv SI9033609,AP,SI9033609
JE-003220,2025-11-30,2025-11,2050,GR/IR Clearing (Received Not Invoiced),129436.78,0,Supplier inv SI4693485,AP,SI4693485
JE-003221,2025-11-30,2025-11,2000,Accounts Payable,0,129436.78,Supplier inv SI4693485,AP,SI4693485
JE-003704,2025-11-30,2025-11,2050,GR/IR Clearing (Received Not Invoiced),12877.8,0,Supplier inv SI3366405,AP,SI3366405
JE-003705,2025-11-30,2025-11,5300,Freight In,115.7,0,Freight in,AP,SI3366405
JE-003706,2025-11-30,2025-11,2000,Accounts Payable,0,12993.5,Supplier inv SI3366405,AP,SI3366405 
JE-004374,2025-11-30,2025-11,6700,Office & Supplies,2713.69,0,GRAINGER,AP,KBD-AP00015
JE-004375,2025-11-30,2025-11,2000 ,Accounts Payable,0,2713.69,GRAINGER,AP,KBD-AP00015
JE-004408,2025-11-30,2025-11,6700,Office & Supplies,2642.69,0,STAPLES BUS ADV,AP,KBD-AP00032
JE-004409,2025-11-30,2025-11,2000,Accounts Payable,0,2642.69,STAPLES BUS ADV,AP,KBD-AP00032
JE-004426,11/30/25,2025-11,5300,Freight In,19.74,0,FEDEX,AP,KBD-AP00041
JE-004427,2025-11-30,2025-11,2000 ,Accounts Payable,0,19.74,FEDEX,AP,KBD-AP00041
JE-004450,2025-11-30,2025-11,6300,Rent,14200,0,Allentown Industrial Park LLC,AP,KBD-AP00053
JE-004451,2025-11-30,2025-11,2000,Accounts Payable,0,14200,Allentown Industrial Park LLC,AP,KBD-AP00053
JE-004474,2025-11-30,2025-11,6400,Software Subscriptions,9000.0,0,NetSuite ,AP,SW-NETSUI
JE-004475,2025-11-30,2025-11,2000,Accounts Payable,0,9000.0,NetSuite,AP,SW-NETSUI
JE-004498,30-Nov-2025,2025-11,6400,Software Subscriptions,1725.0,0,Autodesk Inventor,AP,SW-AUTODE
JE-004499,2025-11-30,2025-11,2000,Accounts Payable,0,1725.0,Autodesk Inventor,AP,SW-AUTODE
JE-004522,2025-11-30,2025-11,6400,Software Subscriptions,400.0,0,uniPoint QMS,AP,SW-UNIPOI
JE-004523,2025-11-30,2025-11,2000,Accounts Payable,0,400.0,uniPoint QMS,AP,SW-UNIPOI
JE-004546,2025-11-30,2025-11,6400,Software Subscriptions,787.5,0,Microsoft 365 Business Standard,AP,SW-MICROS
JE-004547,2025-11-30,2025-11,2000,Accounts Payable,0,787.5,Microsoft 365 Business Standard ,AP,SW-MICROS
JE-004570,2025-11-30,2025-11,6400,Software Subscriptions,1980.0,0,Paycom,AP,SW-PAYCOM
JE-004571,2025-11-30,2025-11,2000,Accounts Payable,0,1980.0,Paycom,AP,SW-PAYCOM
JE-004594,2025-11-30,2025-11,6400,Software Subscriptions,1200.0,0,ShipStation,AP,SW-SHIPST
JE-004595,2025-11-30,2025-11,2000,Accounts Payable,0,1200.0,ShipStation,AP,SW-SHIPST
JE-004618,2025-11-30,2025-11,6400,Software Subscriptions,720.0,0,HubSpot Sales Hub,AP,SW-HUBSPO
JE-004619,2025-11-30,2025-11,2000,Accounts Payable,0,720.0,HubSpot Sales Hub ,AP,SW-HUBSPO
JE-004642,2025-11-30,2025-11,6400,Software Subscriptions,567.0,0,Expensify,AP,SW-EXPENS
JE-004643,2025-11-30,2025-11,2000,Accounts Payable,0,567.0,Expensify,AP,SW-EXPENS
JE-004666,2025-11-30,2025-11,6400,Software Subscriptions,880.0,0,Dropbox Business,AP,SW-DROPBO
JE-004667,2025-11-30,2025-11,2000,Accounts Payable,0,880.0,Dropbox Business,AP,SW-DROPBO
JE-004690,30-Nov-2025,2025-11,6400,Software Subscriptions,630.0,0,Zoom Workplace,AP,SW-ZOOMW
JE-004691,2025-11-30,2025-11,2000,Accounts Payable,0,630.0,Zoom Workplace,AP,SW-ZOOMW
JE-004714,2025-11-30,2025-11,6400,Software Subscriptions,392.0,0,8x8 Work,AP,SW-8X8WO
JE-004715,2025-11-30,2025-11,2000,Accounts Payable,0,392.0,8x8 Work,AP,SW-8X8WO
JE-004738,2025-11-30,2025-11,6000,Salaries & Wages,345751.32,0,Monthly payroll,PR,PR-202511
JE-004739,2025-11-30,2025-11,2300,Payroll Liabilities,0,345751.32,Monthly payroll,PR,PR-202511
JE-002214,"Dec 01, 2025",2025-12,1100,Accounts Receivable,15355.78,0,Invoice INV-60467,AR,INV-60467
JE-002215,"Dec 01, 2025",2025-12,4010,Product Sales - Distributed,0,15010.88,Invoice INV-60467,AR,INV-60467
JE-002216,2025-12-01,2025-12,4100,Freight Revenue,0,344.9,Freight billed,AR,INV-60467
JE-002217,2025-12-01,2025-12,5000,COGS - Materials,9523.13,0,COGS,AR,INV-60467
JE-002218,2025-12-01,2025-12,1230,Inventory - Purchased for Resale,0,9523.13,Inventory relief,AR,INV-60467
JE-003264,2025-12-01,2025-12,2050,GR/IR Clearing (Received Not Invoiced),59057.64,0,Supplier inv INV3066238,AP ,INV3066238
JE-003265,2025-12-01,2025-12,2000,Accounts Payable,0,59057.64,Supplier inv INV3066238,AP,INV3066238
JE-002502,2025-12-02,2025-12,1000,Operating Cash,7868.31,0,Customer payment,AR,KBD-CR00095
JE-002503,2025-12-02,2025-12,1100,Accounts Receivable,0,7868.31,Customer payment,AR,KBD-CR00095
JE-002744 ,2025-12-02,2025-12,1000,Operating Cash,22895.34,0,Customer payment,AR,KBD-CR00216
JE-002745,2025-12-02,2025-12,1100,Accounts Receivable,0,22895.34,Customer payment,AR,KBD-CR00216
JE-002934,2025-12-02,2025-12,1000,Operating Cash,3206.48,0,Customer payment,AR,KBD-CR00311
JE-002935,2025-12-02,2025-12,1100,Accounts Receivable,0,3206.48,Customer payment,AR,KBD-CR00311
JE-003932,2025-12-02,2025-12,1230,Inventory - Purchased for Resale,475681.5,0,PO receipt PO-31085,INV,RCV-40083
JE-003933,2025-12-02,2025-12,2050,GR/IR Clearing (Received Not Invoiced),0,475681.5,PO receipt PO-31085,INV,RCV-40083
JE-004042,2025-12-02,2025-12,1230,Inventory - Purchased for Resale,26564.58,0,PO receipt PO-31140 ,INV ,RCV-40138
JE-004043,"Dec 02, 2025",2025-12,2050,GR/IR Clearing (Received Not Invoiced),0,26564.58,PO receipt PO-31140,INV,RCV-40138
JE-000129,2025-12-03 ,2025-12,1100,Accounts Receivable,54544.44,0,Invoice INV-60028,AR,INV-60028
JE-000130,2025-12-03,2025-12,4010,Product Sales - Distributed,0,46394.06,Invoice INV-60028,AR,INV-60028
JE-000131,2025-12-03,2025-12,4100,Freight Revenue,0,8150.38,Freight billed,AR,INV-60028
JE-000132,12/03/25,2025-12,5000,COGS - Materials,31087.2,0,COGS,AR,INV-60028
JE-000133,"Dec 03, 2025",2025-12,1230,Inventory - Purchased for Resale,0,31087.2,Inventory relief,AR,INV-60028
JE-000201,2025-12-03,2025-12,1100,Accounts Receivable,24326.6,0,Invoice INV-60043,AR,INV-60043
JE-000202,2025-12-03,2025-12,4010,Product Sales - Distributed,0,24326.6,Invoice INV-60043,AR,INV-60043
JE-000203,2025-12-03,2025-12 ,5000,COGS - Materials,17653.28,0,COGS,AR,INV-60043
JE-000204,2025-12-03,2025-12,1230,Inventory - Purchased for Resale,0,17653.28,Inventory relief,AR,INV-60043
JE-001876,2025-12-03,2025-12,1100,Accounts Receivable,99.19,0,Invoice INV-60394,AR,INV-60394
JE-001877,2025-12-03,2025-12,4010,Product Sales - Distributed,0,99.19,Invoice INV-60394,AR,INV-60394
JE-001878,2025-12-03,2025-12,5000,COGS - Materials,74.58,0,COGS,AR,INV-60394
JE-001879,2025-12-03,2025-12,1230,Inventory - Purchased for Resale,0,74.58,Inventory relief,AR,INV-60394
JE-002482,2025-12-03,2025-12,1000,Operating Cash,1257.75,0,Customer payment,AR,KBD-CR00085
JE-002483,"Dec 03, 2025",2025-12,1100,Accounts Receivable,0,1257.75,Customer payment,AR,KBD-CR00085
JE-000387,2025-12-04,2025-12,1100,Accounts Receivable,89139.72,0,Invoice INV-60082,AR,INV-60082
JE-000388,2025-12-04,2025-12,4010,Product Sales - Distributed,0,87040.01,Invoice INV-60082,AR,INV-60082
JE-000389,2025-12-04,2025-12,4100,Freight Revenue,0,2099.71,Freight billed,AR,INV-60082
JE-000390,12/04/2025,2025-12 ,5000,COGS - Materials,66652.28,0,COGS,AR,INV-60082
JE-000391,2025-12-04,2025-12,1230,Inventory - Purchased for Resale,0,66652.28,Inventory relief,AR,INV-60082
JE-003850,2025-12-04,2025-12,1230,Inventory - Purchased for Resale,32641.1,0,PO receipt PO-31043,INV,RCV-40042
JE-003851,2025-12-04,2025-12,2050,GR/IR Clearing (Received Not Invoiced),0,32641.1,PO receipt PO-31043,INV,RCV-40042
JE-004308,2025-12-04,2025-12,1230,Inventory - Purchased for Resale,279703.43,0,PO receipt PO-31281,INV ,RCV-40271
JE-004309,12/04/2025 ,2025-12,2050,GR/IR Clearing (Received Not Invoiced),0,279703.43,PO receipt PO-31281,INV,RCV-40271
JE-001357,12/05/25,2025-12,1100,Accounts Receivable,5855.44,0,Invoice INV-60286,AR,INV-60286
JE-001358,2025-12-05,2025-12,4010,Product Sales - Distributed,0,5459.62,Invoice INV-60286,AR,INV-60286
JE-001359,12/05/25,2025-12,2100,Accrued Expenses,0,395.82,Sales tax payable,AR,INV-60286
JE-001360,2025-12-05,2025-12,5000,COGS - Materials,3653.48,0,COGS,AR,INV-60286
JE-001361,05-Dec-2025,2025-12,1230,Inventory - Purchased for Resale,0,3653.48,Inventory relief,AR,INV-60286
JE-003422,2025-12-05,2025-12,2050,GR/IR Clearing (Received Not Invoiced),26564.58,0,Supplier inv SI1368756,AP,SI1368756
JE-003423,2025-12-05,2025-12,5300,Freight In,40.07,0,Freight in,AP,SI1368756
JE-003424,"Dec 05, 2025",2025-12,2000,Accounts Payable,0,26604.65,Supplier inv SI1368756,AP,SI1368756
JE-000177,2025-12-06,2025-12,1100,Accounts Receivable,47378.46,0,Invoice INV-60038,AR,INV-60038
JE-000178,2025-12-06,2025-12,4010,Product Sales - Distributed,0,44869.56,Invoice INV-60038,AR,INV-60038
JE-000179,2025-12-06,2025-12,4100,Freight Revenue,0,2508.9,Freight billed,AR,INV-60038
JE-000180,2025-12-06,2025-12,5000,COGS - Materials,38335.79,0,COGS,AR,INV-60038
JE-000181,2025-12-06,2025-12,1230,Inventory - Purchased for Resale,0,38335.79,Inventory relief,AR,INV-60038
JE-000372,2025-12-06,2025-12,1100,Accounts Receivable,15111.15,0,Invoice INV-60079,AR,INV-60079
JE-000373,"Dec 06, 2025",2025-12,4010,Product Sales - Distributed,0,14076.12,Invoice INV-60079,AR,INV-60079
JE-000374,2025-12-06,2025-12,4100,Freight Revenue,0,1035.03,Freight billed,AR,INV-60079
JE-000375,2025-12-06,2025-12,5000,COGS - Materials,12420.06,0,COGS,AR,INV-60079
JE-000376,2025-12-06,2025-12,1230,Inventory - Purchased for Resale,0,12420.06,Inventory relief,AR,INV-60079
JE-002404,2025-12-06,2025-12,1000,Operating Cash,24.42,0,Customer payment,AR,KBD-CR00046
JE-002405,2025-12-06,2025-12,1100,Accounts Receivable,0,24.42,Customer payment,AR,KBD-CR00046
JE-002616,2025-12-06,2025-12,1000,Operating Cash,21541.02,0,Customer payment,AR,KBD-CR00152
JE-002617,2025-12-06,2025-12,1100,Accounts Receivable,0,21541.02,Customer payment,AR,KBD-CR00152
JE-003560,2025-12-06,2025-12,2050,GR/IR Clearing (Received Not Invoiced),1700.65,0,Supplier inv SI9018185,AP,SI9018185
JE-003561,2025-12-06,2025-12,2000,Accounts Payable,0,1700.65,Supplier inv SI9018185,AP,SI9018185
JE-000776,2025-12-07,2025-12,1100,Accounts Receivable,41313.47,0,Invoice INV-60164,AR,INV-60164
JE-000777,2025-12-07,2025-12,4010,Product Sales - Distributed,0,31711.4,Invoice INV-60164,AR,INV-60164
JE-000778,12/07/25,2025-12,4100,Freight Revenue,0,9602.07,Freight billed,AR,INV-60164
JE-000779,2025-12-07,2025-12,5000,COGS - Materials,20060.3,0,COGS,AR,INV-60164
JE-000780,2025-12-07,2025-12,1230,Inventory - Purchased for Resale,0,20060.3,Inventory relief,AR,INV-60164
JE-001179,2025-12-07,2025-12,1100,Accounts Receivable,28543.11,0,Invoice INV-60249,AR,INV-60249
JE-001180,2025-12-07,2025-12,4010,Product Sales - Distributed,0,28147.29,Invoice INV-60249,AR,INV-60249
JE-001181,2025-12-07,2025-12,4100,Freight Revenue,0,395.82,Freight billed,AR,INV-60249
JE-001182,"Dec 07, 2025",2025-12,5000,COGS - Materials,21537.0,0,COGS,AR,INV-60249
JE-001183,2025-12-07,2025-12,1230,Inventory - Purchased for Resale,0,21537.0,Inventory relief,AR,INV-60249
JE-001653,2025-12-07,2025-12,1100,Accounts Receivable,117.76,0,Invoice INV-60347,AR,INV-60347
JE-001654 ,12/07/2025,2025-12,4010,Product Sales - Distributed,0,117.76,Invoice INV-60347,AR,INV-60347
JE-001655,07-Dec-2025,2025-12,5000,COGS - Materials,69.25,0,COGS,AR,INV-60347
JE-001656,2025-12-07,2025-12,1230,Inventory - Purchased for Resale,0,69.25,Inventory relief,AR,INV-60347
JE-002628,2025-12-07,2025-12,1000,Operating Cash,19006.26,0,Customer payment,AR,KBD-CR00158
JE-002629,2025-12-07,2025-12,1100,Accounts Receivable ,0,19006.26,Customer payment ,AR ,KBD-CR00158
JE-003048,2025-12-07,2025-12,1000,Operating Cash,33362.67,0,Customer payment,AR,KBD-CR00368
JE-003049,2025-12-07,2025-12,1100,Accounts Receivable,0,33362.67,Customer payment,AR,KBD-CR00368
JE-003056,2025-12-07,2025-12,1000,Operating Cash,4033.21,0,Customer payment,AR,KBD-CR00372
JE-003057,2025-12-07,2025-12,1100,Accounts Receivable,0,4033.21,Customer payment,AR,KBD-CR00372
JE-003296 ,2025-12-07,2025-12,2050,GR/IR Clearing (Received Not Invoiced),480415.15,0,Supplier inv 5821287,AP,5821287
JE-003297,07-Dec-2025,2025-12,2000 ,Accounts Payable,0,480415.15,Supplier inv 5821287,AP,5821287
JE-004012,2025-12-07,2025-12,1230,Inventory - Purchased for Resale,5682.6,0,PO receipt PO-31125,INV,RCV-40123
JE-004013,2025-12-07,2025-12,2050,GR/IR Clearing (Received Not Invoiced),0,5682.6,PO receipt PO-31125,INV,RCV-40123
JE-001960,2025-12-08,2025-12,1100,Accounts Receivable,19471.61,0,Invoice INV-60412,AR,INV-60412
JE-001961 ,2025-12-08,2025-12,4010,Product Sales - Distributed,0,18155.35,Invoice INV-60412,AR,INV-60412
JE-001962,2025-12-08,2025-12,2100,Accrued Expenses,0,1316.26,Sales tax payable ,AR,INV-60412
JE-001963,2025-12-08,2025-12,5000,COGS - Materials,10350.35,0,COGS,AR,INV-60412
JE-001964,2025-12-08,2025-12 ,1230,Inventory - Purchased for Resale,0,10350.35,Inventory relief,AR,INV-60412
JE-002344,2025-12-08,2025-12,1000,Operating Cash,9070.11,0,Customer payment,AR,KBD-CR00016
JE-002345,2025-12-08,2025-12,1100,Accounts Receivable,0,9070.11,Customer payment,AR,KBD-CR00016
JE-002408,2025-12-08,2025-12,1000,Operating Cash,10760.57,0,Customer payment,AR,KBD-CR00048
JE-002409,2025-12-08,2025-12,1100,Accounts Receivable,0,10760.57,Customer payment,AR,KBD-CR00048
JE-002434,"Dec 08, 2025",2025-12,1000,Operating Cash,49735.9,0,Customer payment,AR,KBD-CR00061
JE-002435,2025-12-08,2025-12,1100,Accounts Receivable,0,49735.9,Customer payment,AR,KBD-CR00061
JE-003733,2025-12-08,2025-12,2050,GR/IR Clearing (Received Not Invoiced),283817.43,0,Supplier inv 7379500,AP,7379500
JE-003734,2025-12-08,2025-12,5300,Freight In,103.14,0,Freight in,AP,7379500
JE-003735,2025-12-08,2025-12,2000,Accounts Payable,0,283920.57,Supplier inv 7379500,AP,7379500
JE-004316,2025-12-08,2025-12,1230,Inventory - Purchased for Resale,283817.43,0,PO receipt PO-31285,INV,RCV-40275
JE-004317,08-Dec-2025,2025-12,2050,GR/IR Clearing (Received Not Invoiced),0,283817.43,PO receipt PO-31285,INV,RCV-40275
JE-000106,2025-12-09,2025-12,1100,Accounts Receivable,22534.43,0,Invoice INV-60023,AR,INV-60023
JE-000107,2025-12-09,2025-12,4010,Product Sales - Distributed,0,22534.43,Invoice INV-60023,AR,INV-60023
JE-000108,2025-12-09,2025-12,5000,COGS - Materials,16324.84,0,COGS,AR,INV-60023
JE-000109,2025-12-09,2025-12,1230,Inventory - Purchased for Resale,0,16324.84,Inventory relief,AR,INV-60023
JE-003206,2025-12-09,2025-12,2050,GR/IR Clearing (Received Not Invoiced),33941.9,0,Supplier inv INV7638244,AP,INV7638244
JE-003207,2025-12-09,2025-12,2000,Accounts Payable,0,33941.9,Supplier inv INV7638244,AP,INV7638244
JE-004018,2025-12-09,2025-12,1230,Inventory - Purchased for Resale,19495.0,0,PO receipt PO-31128,INV,RCV-40126
JE-004019,"Dec 09, 2025",2025-12,2050,GR/IR Clearing (Received Not Invoiced),0,19495.0,PO receipt PO-31128,INV,RCV-40126 
JE-001184,2025-12-10,2025-12,1100,Accounts Receivable,24825.28,0,Invoice INV-60250,AR,INV-60250
JE-001185,10-Dec-2025,2025-12,4010,Product Sales - Distributed,0,23147.11,Invoice INV-60250,AR,INV-60250 
JE-001186,2025-12-10,2025-12,2100,Accrued Expenses,0,1678.17,Sales tax payable,AR,INV-60250
JE-001187,2025-12-10,2025-12,5000,COGS - Materials,15323.54,0,COGS,AR,INV-60250
JE-001188,"Dec 10, 2025",2025-12,1230,Inventory - Purchased for Resale,0,15323.54,Inventory relief,AR,INV-60250
JE-003386 ,2025-12-10,2025-12,2050,GR/IR Clearing (Received Not Invoiced),5657.6,0,Supplier inv SI6772560,AP,SI6772560 
JE-003387,2025-12-10,2025-12,2000,Accounts Payable,0,5657.6,Supplier inv SI6772560,AP,SI6772560
JE-003723,2025-12-10,2025-12,2050,GR/IR Clearing (Received Not Invoiced),279703.43,0,Supplier inv 99035239,AP,99035239
JE-003724,2025-12-10,2025-12,2000,Accounts Payable,0,279703.43,Supplier inv 99035239,AP,99035239
JE-004066,2025-12-10,2025-12,1230,Inventory - Purchased for Resale,550941.68,0,PO receipt PO-31152,INV,RCV-40150
JE-004067,2025-12-10,2025-12,2050,GR/IR Clearing (Received Not Invoiced),0,550941.68,PO receipt PO-31152,INV,RCV-40150
JE-004266,2025-12-10,2025-12,1230,Inventory - Purchased for Resale,280032.02,0,PO receipt PO-31258,INV,RCV-40250
JE-004267,2025-12-10,2025-12,2050,GR/IR Clearing (Received Not Invoiced),0,280032.02,PO receipt PO-31258,INV,RCV-40250
JE-000538,2025-12-11,2025-12,1100,Accounts Receivable,2723.2,0,Invoice INV-60115,AR,INV-60115
JE-000539,2025-12-11,2025-12,4010,Product Sales - Distributed,0,2539.11,Invoice INV-60115,AR,INV-60115
JE-000540,2025-12-11,2025-12,2100,Accrued Expenses,0,184.09,Sales tax payable,AR,INV-60115
JE-000541,2025-12-11,2025-12,5000,COGS - Materials,1609.88,0,COGS,AR,INV-60115
JE-000542,"Dec 11, 2025",2025-12,1230,Inventory - Purchased for Resale,0,1609.88,Inventory relief,AR,INV-60115
JE-003451,2025-12-11,2025-12,2050,GR/IR Clearing (Received Not Invoiced),550941.68,0,Supplier inv INV8727064,AP,INV8727064
JE-003452,2025-12-11,2025-12,2000,Accounts Payable,0,550941.68,Supplier inv INV8727064,AP,INV8727064
JE-004144,2025-12-11,2025-12,1230,Inventory - Purchased for Resale,328926.69,0,PO receipt PO-31193,INV,RCV-40189
JE-004145,2025-12-11,2025-12,2050,GR/IR Clearing (Received Not Invoiced),0,328926.69,PO receipt PO-31193,INV,RCV-40189
JE-004194,2025-12-11,2025-12,1230,Inventory - Purchased for Resale,3543.36,0,PO receipt PO-31219,INV,RCV-40214
JE-004195,2025-12-11,2025-12 ,2050,GR/IR Clearing (Received Not Invoiced),0,3543.36,PO receipt PO-31219,INV,RCV-40214
JE-000115,2025-12-12,2025-12,1100,Accounts Receivable,4955.58,0,Invoice INV-60025,AR,INV-60025
JE-000116,2025-12-12,2025-12,4010,Product Sales - Distributed,0,4620.59,Invoice INV-60025,AR,INV-60025
JE-000117,2025-12-12,2025-12 ,2100,Accrued Expenses,0,334.99,Sales tax payable,AR,INV-60025
JE-000118,2025-12-12,2025-12,5000,COGS - Materials,2711.85,0,COGS,AR,INV-60025
JE-000119,2025-12-12,2025-12,1230,Inventory - Purchased for Resale,0,2711.85,Inventory relief,AR,INV-60025
JE-000147,2025-12-12,2025-12,1100,Accounts Receivable,51.1,0,Invoice INV-60032,AR,INV-60032
JE-000148,2025-12-12,2025-12,4010,Product Sales - Distributed,0,51.1,Invoice INV-60032,AR,INV-60032
JE-000149,2025-12-12,2025-12,5000,COGS - Materials,35.5,0,COGS,AR,INV-60032
JE-000150,2025-12-12,2025-12,1230,Inventory - Purchased for Resale,0,35.5,Inventory relief,AR,INV-60032
JE-000771,2025-12-12,2025-12,1100,Accounts Receivable,7992.69,0,Invoice INV-60163,AR,INV-60163
JE-000772,2025-12-12,2025-12,4010,Product Sales - Distributed,0,7452.39,Invoice INV-60163,AR,INV-60163
JE-000773,2025-12-12,2025-12,2100,Accrued Expenses,0,540.3,Sales tax payable,AR,INV-60163
JE-000774,2025-12-12,2025-12,5000,COGS - Materials,5914.59,0,COGS,AR,INV-60163
JE-000775,2025-12-12,2025-12,1230,Inventory - Purchased for Resale,0,5914.59,Inventory relief,AR,INV-60163
JE-001808,2025-12-12,2025-12,1100 ,Accounts Receivable,40242.61,0,Invoice INV-60380,AR,INV-60380
JE-001809,2025-12-12,2025-12,4010,Product Sales - Distributed,0,40242.61,Invoice INV-60380,AR,INV-60380
JE-001810,2025-12-12,2025-12,5000,COGS - Materials,26725.64,0,COGS,AR,INV-60380
JE-001811,2025-12-12,2025-12,1230,Inventory - Purchased for Resale,0,26725.64,Inventory relief,AR,INV-60380
JE-003393,2025-12-12,2025-12,2050,GR/IR Clearing (Received Not Invoiced) ,19495.0,0,Supplier inv 99004703,AP,99004703
JE-003394,2025-12-12,2025-12,2000,Accounts Payable,0,19495.0,Supplier inv 99004703,AP,99004703
JE-004124,2025-12-12,2025-12,1230,Inventory - Purchased for Resale,90390.0,0,PO receipt PO-31183,INV,RCV-40179
JE-004125,12/12/25,2025-12,2050,GR/IR Clearing (Received Not Invoiced),0,90390.0,PO receipt PO-31183,INV,RCV-40179
JE-000812,2025-12-13,2025-12,1100,Accounts Receivable,37295.06,0,Invoice INV-60172,AR,INV-60172
JE-000813,2025-12-13,2025-12,4010,Product Sales - Distributed,0,37049.5,Invoice INV-60172,AR,INV-60172
JE-000814,2025-12-13,2025-12,4100,Freight Revenue,0,245.56,Freight billed,AR,INV-60172
JE-000815,2025-12-13,2025-12,5000,COGS - Materials,29322.95,0,COGS,AR,INV-60172
JE-000816,2025-12-13,2025-12,1230,Inventory - Purchased for Resale,0,29322.95,Inventory relief,AR,INV-60172
JE-003538,2025-12-13,2025-12,2050,GR/IR Clearing (Received Not Invoiced),328926.69,0,Supplier inv SI217493,AP,SI217493
JE-003539,2025-12-13,2025-12,5300,Freight In,162.85,0,Freight in,AP,SI217493
JE-003540,2025-12-13,2025-12,2000,Accounts Payable,0,329089.54,Supplier inv SI217493,AP,SI217493
JE-001036,2025-12-14,2025-12,1100,Accounts Receivable,37589.03,0,Invoice INV-60219,AR,INV-60219
JE-001037,2025-12-14,2025-12,4010,Product Sales - Distributed,0,29132.0,Invoice INV-60219,AR,INV-60219
JE-001038,2025-12-14,2025-12,4100,Freight Revenue,0,6344.96,Freight billed,AR,INV-60219
JE-001039,2025-12-14,2025-12,2100,Accrued Expenses,0,2112.07,Sales tax payable,AR,INV-60219
JE-001040,2025-12-14,2025-12,5000,COGS - Materials ,19812.0,0,COGS,AR,INV-60219
JE-001041,2025-12-14,2025-12,1230,Inventory - Purchased for Resale,0,19812.0,Inventory relief,AR,INV-60219
JE-001567,2025-12-14,2025-12,1100,Accounts Receivable,1474.18,0,Invoice INV-60329,AR,INV-60329
JE-001568,2025-12-14,2025-12,4010,Product Sales - Distributed,0,1474.18,Invoice INV-60329,AR,INV-60329
JE-001569,12/14/25,2025-12 ,5000,COGS - Materials,985.46,0,COGS ,AR,INV-60329
JE-001570,2025-12-14,2025-12,1230,Inventory - Purchased for Resale,0,985.46,Inventory relief,AR,INV-60329
JE-002125,2025-12-14,2025-12,1100,Accounts Receivable,2529.87,0,Invoice INV-60448,AR,INV-60448
JE-002126,2025-12-14,2025-12,4010,Product Sales - Distributed,0,2529.87,Invoice INV-60448,AR,INV-60448
JE-002127,2025-12-14,2025-12,5000,COGS - Materials,2266.22,0,COGS,AR,INV-60448
JE-002128,2025-12-14 ,2025-12,1230,Inventory - Purchased for Resale,0,2266.22,Inventory relief,AR,INV-60448
JE-002412 ,2025-12-14,2025-12,1000,Operating Cash,3262.45,0,Customer payment,AR,KBD-CR00050
JE-002413,2025-12-14,2025-12,1100,Accounts Receivable,0,3262.45,Customer payment,AR,KBD-CR00050
JE-002530,2025-12-14,2025-12,1000,Operating Cash ,7718.71,0,Customer payment,AR,KBD-CR00109
JE-002531,2025-12-14,2025-12,1100,Accounts Receivable,0,7718.71,Customer payment,AR,KBD-CR00109
JE-003675,2025-12-14,2025-12,2050,GR/IR Clearing (Received Not Invoiced),280141.84,0,Supplier inv 6200379,AP,6200379
JE-003676,2025-12-14,2025-12,2000,Accounts Payable,0,280141.84,Supplier inv 6200379,AP,6200379
JE-002293,12/15/25,2025-12,1100,Accounts Receivable,27248.92,0,Invoice INV-60484,AR,INV-60484
JE-002294,2025-12-15,2025-12,4010,Product Sales - Distributed,0,25406.92,Invoice INV-60484,AR,INV-60484
JE-002295,2025-12-15,2025-12,2100,Accrued Expenses,0,1842.0,Sales tax payable,AR,INV-60484
JE-002296,2025-12-15,2025-12,5000,COGS - Materials,15437.95,0,COGS,AR,INV-60484
JE-002297,2025-12-15,2025-12,1230,Inventory - Purchased for Resale,0,15437.95,Inventory relief,AR,INV-60484
JE-003515,2025-12-15,2025-12,2050,GR/IR Clearing (Received Not Invoiced),90390.0,0,Supplier inv 96006366,AP,96006366 
JE-003516,15-Dec-2025,2025-12,2000,Accounts Payable,0,90390.0,Supplier inv 96006366,AP,96006366
JE-003593,2025-12-15,2025-12,2050,GR/IR Clearing (Received Not Invoiced),3543.36,0,Supplier inv INV9629691,AP,INV9629691
JE-003594,2025-12-15,2025-12,2000,Accounts Payable,0,3543.36,Supplier inv INV9629691,AP,INV9629691
JE-002622,2025-12-16,2025-12,1000,Operating Cash,193.59,0,Customer payment,AR,KBD-CR00155
JE-002623,2025-12-16,2025-12,1100,Accounts Receivable,0,193.59,Customer payment,AR,KBD-CR00155
JE-002902,2025-12-16,2025-12,1000,Operating Cash,30595.53,0,Customer payment,AR,KBD-CR00295
JE-002903 ,2025-12-16,2025-12,1100,Accounts Receivable,0,30595.53,Customer payment,AR,KBD-CR00295
JE-000719,2025-12-17,2025-12,1100,Accounts Receivable,10873.87,0,Invoice INV-60152,AR,INV-60152
JE-000720,2025-12-17,2025-12,4010,Product Sales - Distributed,0,10138.81,Invoice INV-60152,AR ,INV-60152
JE-000721,2025-12-17,2025-12,2100,Accrued Expenses,0,735.06,Sales tax payable ,AR,INV-60152
JE-000722,2025-12-17,2025-12,5000,COGS - Materials,8060.12,0,COGS,AR,INV-60152
JE-000723,2025-12-17,2025-12,1230,Inventory - Purchased for Resale,0,8060.12,Inventory relief,AR,INV-60152
JE-001575,2025-12-17,2025-12,1100,Accounts Receivable,10041.57,0,Invoice INV-60331,AR,INV-60331
JE-001576,2025-12-17,2025-12,4010,Product Sales - Distributed,0,9590.73,Invoice INV-60331 ,AR,INV-60331
JE-001577,2025-12-17,2025-12,4100,Freight Revenue,0,450.84,Freight billed,AR,INV-60331
JE-001578,2025-12-17,2025-12,5000,COGS - Materials,6425.24,0,COGS,AR,INV-60331
JE-001579,2025-12-17,2025-12,1230,Inventory - Purchased for Resale,0,6425.24,Inventory relief,AR,INV-60331 
JE-002976,2025-12-17,2025-12,1000,Operating Cash,5548.78,0,Customer payment,AR,KBD-CR00332
JE-002977,2025-12-17,2025-12 ,1100,Accounts Receivable,0,5548.78,Customer payment,AR,KBD-CR00332
JE-002990,2025-12-17,2025-12,1000,Operating Cash,19247.81,0,Customer payment,AR,KBD-CR00339
JE-002991 ,2025-12-17,2025-12,1100,Accounts Receivable,0,19247.81,Customer payment,AR,KBD-CR00339
JE-003022,2025-12-17,2025-12,1000,Operating Cash,18982.55,0,Customer payment,AR,KBD-CR00355
JE-003023,2025-12-17,2025-12,1100,Accounts Receivable,0,18982.55,Customer payment,AR,KBD-CR00355
JE-004108,2025-12-17,2025-12,1230,Inventory - Purchased for Resale,79333.5,0,PO receipt PO-31174,INV,RCV-40171
JE-004109,2025-12-17,2025-12,2050,GR/IR Clearing (Received Not Invoiced),0,79333.5,PO receipt PO-31174,INV,RCV-40171
JE-004204,2025-12-17,2025-12,1230,Inventory - Purchased for Resale,17535.04,0,PO receipt PO-31226,INV,RCV-40219
JE-004205,2025-12-17,2025-12,2050,GR/IR Clearing (Received Not Invoiced),0,17535.04,PO receipt PO-31226,INV,RCV-40219
JE-000254,2025-12-18,2025-12,1100,Accounts Receivable,5128.18,0,Invoice INV-60054,AR,INV-60054
JE-000255,12/18/25,2025-12,4010 ,Product Sales - Distributed,0,5128.18,Invoice INV-60054,AR,INV-60054
JE-000256,2025-12-18,2025-12,5000,COGS - Materials,3454.19,0,COGS,AR,INV-60054
JE-000257,2025-12-18,2025-12 ,1230,Inventory - Purchased for Resale,0,3454.19,Inventory relief,AR,INV-60054
JE-002432,2025-12-18,2025-12,1000,Operating Cash,34199.41,0,Customer payment,AR,KBD-CR00060
JE-002433,2025-12-18,2025-12,1100,Accounts Receivable,0,34199.41,Customer payment,AR,KBD-CR00060
JE-000489,2025-12-19,2025-12,1100,Accounts Receivable,20490.77,0,Invoice INV-60104,AR,INV-60104
JE-000490,2025-12-19,2025-12,4010,Product Sales - Distributed,0,19105.61,Invoice INV-60104,AR,INV-60104
JE-000491,2025-12-19,2025-12,2100,Accrued Expenses,0,1385.16,Sales tax payable,AR,INV-60104
JE-000492,2025-12-19,2025-12,5000,COGS - Materials,11956.28,0,COGS,AR,INV-60104
JE-000493,2025-12-19,2025-12,1230,Inventory - Purchased for Resale,0,11956.28,Inventory relief,AR,INV-60104
JE-000613,2025-12-19,2025-12,1100,Accounts Receivable,5034.04,0,Invoice INV-60130,AR,INV-60130
JE-000614,2025-12-19 ,2025-12,4010,Product Sales - Distributed,0,5034.04,Invoice INV-60130,AR,INV-60130
JE-000615,2025-12-19,2025-12,5000,COGS - Materials,3370.07,0,COGS,AR,INV-60130
JE-000616,2025-12-19,2025-12,1230,Inventory - Purchased for Resale,0,3370.07,Inventory relief,AR,INV-60130
JE-002572,19-Dec-2025,2025-12,1000,Operating Cash,229.17,0,Customer payment,AR,KBD-CR00130
JE-002573,2025-12-19,2025-12,1100 ,Accounts Receivable,0,229.17,Customer payment,AR,KBD-CR00130
JE-002790,19-Dec-2025,2025-12,1000,Operating Cash,27044.82,0,Customer payment,AR,KBD-CR00239
JE-002791,2025-12-19,2025-12,1100,Accounts Receivable,0,27044.82,Customer payment,AR,KBD-CR00239
JE-002814,2025-12-19,2025-12,1000,Operating Cash,19623.34,0,Customer payment,AR,KBD-CR00251
JE-002815,2025-12-19,2025-12,1100,Accounts Receivable,0,19623.34,Customer payment,AR,KBD-CR00251
JE-002888,2025-12-19,2025-12,1000,Operating Cash,99.19,0,Customer payment,AR,KBD-CR00288
JE-002889,12/19/25,2025-12,1100,Accounts Receivable,0,99.19,Customer payment,AR,KBD-CR00288
JE-003604,2025-12-19,2025-12,2050,GR/IR Clearing (Received Not Invoiced),17535.04,0,Supplier inv 9761925,AP,9761925
JE-003605,2025-12-19,2025-12,2000,Accounts Payable,0,17535.04,Supplier inv 9761925,AP,9761925
JE-002462,2025-12-20,2025-12,1000,Operating Cash,32111.26,0,Customer payment,AR,KBD-CR00075
JE-002463,12/20/2025,2025-12,1100,Accounts Receivable,0,32111.26,Customer payment,AR,KBD-CR00075
JE-001005,2025-12-21,2025-12,1100,Accounts Receivable,844.09,0,Invoice INV-60212,AR,INV-60212
JE-001006,2025-12-21,2025-12,4010,Product Sales - Distributed,0,775.44,Invoice INV-60212,AR,INV-60212
JE-001007,21-Dec-2025,2025-12,4100,Freight Revenue,0,68.65,Freight billed,AR,INV-60212
JE-001008,2025-12-21,2025-12,5000,COGS - Materials,516.6,0,COGS,AR,INV-60212
JE-001009,2025-12-21,2025-12,1230,Inventory - Purchased for Resale,0,516.6,Inventory relief,AR,INV-60212
JE-002534,2025-12-21,2025-12,1000,Operating Cash,48967.05,0,Customer payment,AR,KBD-CR00111 
JE-002535,2025-12-21,2025-12,1100,Accounts Receivable,0,48967.05,Customer payment,AR,KBD-CR00111
JE-002808,2025-12-21,2025-12,1000,Operating Cash,2466.23,0,Customer payment,AR,KBD-CR00248
JE-002809,2025-12-21,2025-12,1100,Accounts Receivable,0,2466.23,Customer payment,AR ,KBD-CR00248
JE-000392,2025-12-22,2025-12,1100,Accounts Receivable,16946.89,0,Invoice INV-60083,AR,INV-60083
JE-000393,2025-12-22,2025-12,4010,Product Sales - Distributed,0,15801.3,Invoice INV-60083,AR,INV-60083
JE-000394,"Dec 22, 2025",2025-12,2100,Accrued Expenses,0,1145.59,Sales tax payable,AR,INV-60083
JE-000395,2025-12-22,2025-12,5000,COGS - Materials,12621.26,0,COGS,AR,INV-60083
JE-000396,2025-12-22,2025-12,1230,Inventory - Purchased for Resale,0,12621.26,Inventory relief,AR,INV-60083
JE-001743,2025-12-22,2025-12,1100,Accounts Receivable,11986.17,0,Invoice INV-60366,AR,INV-60366
JE-001744,2025-12-22,2025-12,4010,Product Sales - Distributed,0,11986.17,Invoice INV-60366,AR,INV-60366
JE-001745,2025-12-22,2025-12,5000,COGS - Materials,7850.01,0,COGS,AR,INV-60366
JE-001746,2025-12-22,2025-12,1230,Inventory - Purchased for Resale,0,7850.01,Inventory relief,AR,INV-60366
JE-002340,2025-12-22,2025-12,1000,Operating Cash,8737.93,0,Customer payment,AR,KBD-CR00014
JE-002341,2025-12-22,2025-12,1100,Accounts Receivable,0,8737.93,Customer payment,AR,KBD-CR00014
JE-002506,2025-12-22,2025-12,1000,Operating Cash,7020.4,0,Customer payment,AR,KBD-CR00097
JE-002507,2025-12-22,2025-12,1100,Accounts Receivable,0,7020.4,Customer payment,AR,KBD-CR00097
JE-002710,2025-12-22,2025-12,1000,Operating Cash,11849.5,0,Customer payment,AR,KBD-CR00199
JE-002711,2025-12-22,2025-12,1100,Accounts Receivable,0,11849.5,Customer payment,AR,KBD-CR00199
JE-003852,12/22/2025 ,2025-12,1230,Inventory - Purchased for Resale,278415.0,0,PO receipt PO-31044,INV,RCV-40043
JE-003853,2025-12-22,2025-12,2050,GR/IR Clearing (Received Not Invoiced),0,278415.0,PO receipt PO-31044 ,INV,RCV-40043
JE-003992,2025-12-22,2025-12,1230,Inventory - Purchased for Resale,83296.9,0,PO receipt PO-31115,INV ,RCV-40113
JE-003993,2025-12-22,2025-12,2050,GR/IR Clearing (Received Not Invoiced),0,83296.9,PO receipt PO-31115,INV,RCV-40113
JE-000301,2025-12-23,2025-12,1100,Accounts Receivable,79451.05,0,Invoice INV-60064,AR,INV-60064
JE-000302,2025-12-23,2025-12,4010,Product Sales - Distributed,0,79451.05,Invoice INV-60064,AR,INV-60064
JE-000303,2025-12-23,2025-12,5000,COGS - Materials ,57206.87,0,COGS,AR,INV-60064
JE-000304,2025-12-23,2025-12,1230 ,Inventory - Purchased for Resale,0,57206.87,Inventory relief,AR,INV-60064
JE-000796,2025-12-23,2025-12,1100,Accounts Receivable,15009.83,0,Invoice INV-60168,AR,INV-60168
JE-000797,2025-12-23,2025-12,4010,Product Sales - Distributed,0,15009.83,Invoice INV-60168,AR,INV-60168
JE-000798,2025-12-23,2025-12,5000,COGS - Materials,8958.04,0,COGS,AR,INV-60168
JE-000799,2025-12-23,2025-12,1230,Inventory - Purchased for Resale,0,8958.04,Inventory relief,AR,INV-60168
JE-001733,2025-12-23,2025-12,1100,Accounts Receivable,13616.84,0,Invoice INV-60364,AR,INV-60364
JE-001734,2025-12-23,2025-12,4010,Product Sales - Distributed,0,10686.68,Invoice INV-60364,AR,INV-60364
JE-001735,2025-12-23,2025-12,4100,Freight Revenue,0,2155.38,Freight billed,AR,INV-60364
JE-001736,2025-12-23,2025-12,2100,Accrued Expenses,0,774.78,Sales tax payable,AR,INV-60364
JE-001737,2025-12-23,2025-12,5000,COGS - Materials,7359.59,0,COGS,AR,INV-60364
JE-001738,2025-12-23,2025-12,1230,Inventory - Purchased for Resale,0,7359.59,Inventory relief,AR,INV-60364
JE-002924,2025-12-23,2025-12,1000,Operating Cash,6397.52,0,Customer payment,AR,KBD-CR00306
JE-002925,2025-12-23,2025-12,1100,Accounts Receivable,0,6397.52,Customer payment,AR,KBD-CR00306
JE-003090,2025-12-23,2025-12,1000 ,Operating Cash,11571.13,0,Customer payment,AR,KBD-CR00389
JE-003091,2025-12-23,2025-12,1100,Accounts Receivable,0,11571.13,Customer payment,AR,KBD-CR00389
JE-003972,2025-12-23,2025-12,1230,Inventory - Purchased for Resale,51036.23,0,PO receipt PO-31105,INV,RCV-40103
JE-003973,2025-12-23,2025-12,2050,GR/IR Clearing (Received Not Invoiced),0,51036.23,PO receipt PO-31105,INV,RCV-40103
JE-004262,2025-12-23,2025-12,1230,Inventory - Purchased for Resale,408934.24,0,PO receipt PO-31256,INV,RCV-40248
JE-004263,2025-12-23,2025-12,2050,GR/IR Clearing (Received Not Invoiced),0,408934.24,PO receipt PO-31256,INV,RCV-40248
JE-000896,2025-12-24,2025-12,1100,Accounts Receivable,15883.88,0,Invoice INV-60189,AR,INV-60189
JE-000897,2025-12-24,2025-12,4010,Product Sales - Distributed,0,15489.98,Invoice INV-60189,AR,INV-60189
JE-000898 ,12/24/25,2025-12,4100,Freight Revenue,0,393.9,Freight billed,AR,INV-60189
JE-000899,2025-12-24,2025-12,5000,COGS - Materials,10656.83,0,COGS,AR,INV-60189
JE-000900,2025-12-24,2025-12,1230,Inventory - Purchased for Resale,0,10656.83,Inventory relief,AR,INV-60189
JE-002378 ,2025-12-24,2025-12,1000,Operating Cash,3896.75,0,Customer payment,AR,KBD-CR00033
JE-002379,2025-12-24,2025-12,1100,Accounts Receivable,0,3896.75,Customer payment,AR,KBD-CR00033
JE-002394,24-Dec-2025,2025-12,1000,Operating Cash,38277.7,0,Customer payment,AR,KBD-CR00041
JE-002395,2025-12-24,2025-12,1100,Accounts Receivable,0,38277.7,Customer payment,AR,KBD-CR00041
JE-002732,2025-12-24,2025-12,1000,Operating Cash,40113.93,0,Customer payment,AR,KBD-CR00210
JE-002733,2025-12-24,2025-12,1100,Accounts Receivable,0,40113.93,Customer payment,AR,KBD-CR00210
JE-002862,2025-12-24,2025-12,1000 ,Operating Cash,22797.71,0,Customer payment,AR,KBD-CR00275
JE-002863,2025-12-24,2025-12,1100,Accounts Receivable,0,22797.71,Customer payment,AR,KBD-CR00275
JE-002994,2025-12-24,2025-12,1000,Operating Cash,16309.12,0,Customer payment,AR,KBD-CR00341
JE-002995,2025-12-24,2025-12,1100,Accounts Receivable,0,16309.12,Customer payment,AR,KBD-CR00341
JE-003497,24-Dec-2025,2025-12,2050,GR/IR Clearing (Received Not Invoiced),79333.5,0,Supplier inv INV5261305,AP,INV5261305
JE-003498,2025-12-24,2025-12,2000,Accounts Payable,0,79333.5,Supplier inv INV5261305,AP,INV5261305
JE-003848,2025-12-24,2025-12,1230,Inventory - Purchased for Resale,4857.3,0,PO receipt PO-31042,INV,RCV-40041
JE-003849,2025-12-24,2025-12,2050,GR/IR Clearing (Received Not Invoiced),0,4857.3,PO receipt PO-31042,INV,RCV-40041
JE-000714,2025-12-25,2025-12,1100,Accounts Receivable,3166.41,0,Invoice INV-60151,AR,INV-60151
JE-000715,12/25/25,2025-12,4010,Product Sales - Distributed,0,2952.36,Invoice INV-60151,AR,INV-60151
JE-000716,2025-12-25,2025-12,2100,Accrued Expenses,0,214.05,Sales tax payable,AR,INV-60151
JE-000717,2025-12-25,2025-12,5000,COGS - Materials,2360.0,0,COGS,AR,INV-60151
JE-000718,2025-12-25,2025-12,1230,Inventory - Purchased for Resale,0,2360.0,Inventory relief,AR,INV-60151
JE-001086,12/25/25,2025-12,1100,Accounts Receivable,12975.4,0,Invoice INV-60229,AR,INV-60229
JE-001087,"Dec 25, 2025",2025-12,4010,Product Sales - Distributed,0,12780.61,Invoice INV-60229,AR,INV-60229
JE-001088,2025-12-25,2025-12,4100,Freight Revenue,0,194.79,Freight billed,AR,INV-60229
JE-001089,2025-12-25,2025-12,5000,COGS - Materials,10544.05,0,COGS,AR,INV-60229
JE-001090,2025-12-25,2025-12,1230,Inventory - Purchased for Resale,0,10544.05,Inventory relief,AR,INV-60229
JE-001533,2025-12-25,2025-12 ,1100,Accounts Receivable,699.09,0,Invoice INV-60322,AR,INV-60322
JE-001534,2025-12-25,2025-12,4010,Product Sales - Distributed,0,699.09,Invoice INV-60322,AR,INV-60322
JE-001535,2025-12-25,2025-12,5000,COGS - Materials,435.16,0,COGS,AR,INV-60322
JE-001536,2025-12-25,2025-12,1230,Inventory - Purchased for Resale,0,435.16,Inventory relief,AR,INV-60322
JE-001585,2025-12-25 ,2025-12,1100,Accounts Receivable,37794.24,0,Invoice INV-60333,AR,INV-60333
JE-001586,2025-12-25,2025-12,4010,Product Sales - Distributed,0,26815.05,Invoice INV-60333,AR,INV-60333
JE-001587,2025-12-25,2025-12,4100,Freight Revenue,0,9035.1,Freight billed,AR,INV-60333
JE-001588,2025-12-25,2025-12,2100,Accrued Expenses,0,1944.09,Sales tax payable,AR,INV-60333
JE-001589,2025-12-25,2025-12,5000,COGS - Materials,20847.42,0,COGS,AR,INV-60333
JE-001590,2025-12-25,2025-12,1230,Inventory - Purchased for Resale,0,20847.42,Inventory relief,AR,INV-60333
JE-002608,2025-12-25,2025-12,1000,Operating Cash,25400.12,0,Customer payment,AR,KBD-CR00148
JE-002609,12/25/25,2025-12,1100,Accounts Receivable,0,25400.12,Customer payment,AR,KBD-CR00148
JE-002644,12/25/25,2025-12,1000,Operating Cash,25266.77,0,Customer payment,AR,KBD-CR00166
JE-002645,2025-12-25,2025-12,1100,Accounts Receivable,0,25266.77,Customer payment,AR,KBD-CR00166
JE-002014,2025-12-26,2025-12,1100,Accounts Receivable,642.76,0,Invoice INV-60424,AR,INV-60424
JE-002015,"Dec 26, 2025",2025-12,4010,Product Sales - Distributed,0,473.0,Invoice INV-60424,AR,INV-60424
JE-002016,2025-12-26,2025-12,4100,Freight Revenue,0,169.76,Freight billed,AR,INV-60424
JE-002017,2025-12-26,2025-12,5000,COGS - Materials,380.0,0,COGS,AR,INV-60424
JE-002018,2025-12-26,2025-12,1230,Inventory - Purchased for Resale,0,380.0,Inventory relief,AR,INV-60424
JE-002866,2025-12-26,2025-12,1000,Operating Cash,16986.67,0,Customer payment,AR,KBD-CR00277
JE-002867,2025-12-26,2025-12,1100,Accounts Receivable ,0,16986.67,Customer payment,AR,KBD-CR00277
JE-003365,2025-12-26,2025-12,2050,GR/IR Clearing (Received Not Invoiced),83296.9,0,Supplier inv 4380612,AP,4380612
JE-003366,2025-12-26,2025-12,2000,Accounts Payable,0,83296.9,Supplier inv 4380612,AP,4380612
JE-004088,2025-12-26,2025-12,1230,Inventory - Purchased for Resale,311773.68,0,PO receipt PO-31164,INV,RCV-40161
JE-004089,2025-12-26,2025-12,2050,GR/IR Clearing (Received Not Invoiced),0,311773.68,PO receipt PO-31164,INV,RCV-40161
JE-000355,2025-12-27,2025-12,1100,Accounts Receivable,118.28,0,Invoice INV-60075,AR,INV-60075
JE-000356,12/27/2025,2025-12,4010,Product Sales - Distributed,0,118.28,Invoice INV-60075,AR,INV-60075
JE-000357,2025-12-27,2025-12,5000,COGS - Materials,95.04,0,COGS,AR,INV-60075
JE-000358,2025-12-27,2025-12,1230,Inventory - Purchased for Resale,0,95.04,Inventory relief,AR,INV-60075
JE-003108,2025-12-27,2025-12,1000,Operating Cash,1038.46,0,Customer payment,AR,KBD-CR00398
JE-003109,2025-12-27,2025-12,1100,Accounts Receivable,0,1038.46,Customer payment,AR,KBD-CR00398
JE-003475,2025-12-27,2025-12,2050,GR/IR Clearing (Received Not Invoiced),311773.68,0,Supplier inv 9500966,AP,9500966
JE-003476,2025-12-27,2025-12,2000,Accounts Payable,0,311773.68,Supplier inv 9500966,AP,9500966
JE-000367,2025-12-28,2025-12,1100,Accounts Receivable,939.51,0,Invoice INV-60078,AR,INV-60078
JE-000368 ,2025-12-28,2025-12,4010,Product Sales - Distributed,0,876.0,Invoice INV-60078,AR,INV-60078
JE-000369,2025-12-28,2025-12,2100,Accrued Expenses,0,63.51,Sales tax payable,AR,INV-60078
JE-000370,12/28/2025,2025-12,5000,COGS - Materials,742.1,0,COGS,AR,INV-60078
JE-000371,2025-12-28,2025-12,1230,Inventory - Purchased for Resale,0,742.1,Inventory relief,AR,INV-60078
JE-000433,2025-12-28,2025-12,1100,Accounts Receivable,26258.02,0,Invoice INV-60092,AR,INV-60092
JE-000434,2025-12-28,2025-12,4010,Product Sales - Distributed,0,26258.02,Invoice INV-60092,AR,INV-60092
JE-000435,2025-12-28 ,2025-12,5000,COGS - Materials,19785.34,0,COGS,AR,INV-60092
JE-000436,2025-12-28,2025-12,1230,Inventory - Purchased for Resale,0,19785.34,Inventory relief,AR,INV-60092
JE-001256,2025-12-28,2025-12,1100,Accounts Receivable,39742.88,0,Invoice INV-60265,AR,INV-60265
JE-001257,2025-12-28,2025-12,4010,Product Sales - Distributed,0,39742.88,Invoice INV-60265,AR,INV-60265
JE-001258,2025-12-28 ,2025-12,5000,COGS - Materials,27484.76,0,COGS,AR,INV-60265
JE-001259,2025-12-28,2025-12,1230,Inventory - Purchased for Resale,0,27484.76,Inventory relief,AR,INV-60265
JE-003115,2025-12-28,2025-12,2050,GR/IR Clearing (Received Not Invoiced),264694.13,0,Supplier inv 98303346,AP,98303346
JE-003116,2025-12-28,2025-12 ,2000,Accounts Payable,0,264694.13,Supplier inv 98303346,AP,98303346
JE-003772,2025-12-28,2025-12,1230,Inventory - Purchased for Resale,264433.87,0,PO receipt PO-31003,INV,RCV-40003
JE-003773,2025-12-28,2025-12,2050,GR/IR Clearing (Received Not Invoiced),0,264433.87,PO receipt PO-31003,INV,RCV-40003
JE-004044,2025-12-28,2025-12,1230,Inventory - Purchased for Resale,3256.3,0,PO receipt PO-31141,INV,RCV-40139
JE-004045,2025-12-28,2025-12,2050,GR/IR Clearing (Received Not Invoiced),0,3256.3,PO receipt PO-31141,INV,RCV-40139
JE-000064,2025-12-29,2025-12,1100,Accounts Receivable,3485.84,0,Invoice INV-60014,AR,INV-60014
JE-000065,2025-12-29,2025-12,4010,Product Sales - Distributed,0,3485.84,Invoice INV-60014,AR,INV-60014
JE-000066,2025-12-29,2025-12,5000,COGS - Materials,2606.29,0,COGS,AR,INV-60014
JE-000067,2025-12-29,2025-12,1230,Inventory - Purchased for Resale,0,2606.29,Inventory relief,AR,INV-60014
JE-001320,2025-12-29,2025-12,1100,Accounts Receivable,24426.24,0,Invoice INV-60279,AR,INV-60279
JE-001321,2025-12-29,2025-12,4010,Product Sales - Distributed,0,21858.35,Invoice INV-60279,AR,INV-60279
JE-001322,2025-12-29,2025-12,4100,Freight Revenue,0,983.16,Freight billed,AR,INV-60279
JE-001323,2025-12-29,2025-12,2100 ,Accrued Expenses,0,1584.73,Sales tax payable,AR,INV-60279
JE-001324,2025-12-29,2025-12,5000,COGS - Materials,16728.06,0,COGS,AR,INV-60279
JE-001325,2025-12-29,2025-12,1230,Inventory - Purchased for Resale,0,16728.06,Inventory relief,AR,INV-60279
JE-002692,2025-12-29,2025-12,1000,Operating Cash,956.5,0,Customer payment,AR,KBD-CR00190
JE-002693,2025-12-29,2025-12,1100,Accounts Receivable,0,956.5,Customer payment ,AR,KBD-CR00190
JE-002782,2025-12-29,2025-12,1000,Operating Cash,5855.44,0,Customer payment,AR,KBD-CR00235
JE-002783,2025-12-29 ,2025-12,1100,Accounts Receivable,0,5855.44,Customer payment,AR,KBD-CR00235
JE-003208,2025-12-29,2025-12,2050,GR/IR Clearing (Received Not Invoiced),278415.0,0,Supplier inv SI4061254,AP,SI4061254
JE-003209,2025-12-29,2025-12,2000,Accounts Payable,0,278415.0,Supplier inv SI4061254,AP,SI4061254
JE-002099,2025-12-30,2025-12,1100,Accounts Receivable,8701.48,0,Invoice INV-60442,AR,INV-60442
JE-002100,2025-12-30,2025-12,4010,Product Sales - Distributed,0,8492.74,Invoice INV-60442,AR,INV-60442
JE-002101,2025-12-30,2025-12,4100,Freight Revenue,0,208.74,Freight billed,AR,INV-60442
JE-002102,2025-12-30,2025-12,5000,COGS - Materials,6435.78,0,COGS,AR,INV-60442
JE-002103,2025-12-30,2025-12,1230,Inventory - Purchased for Resale,0,6435.78,Inventory relief,AR,INV-60442
JE-002730,2025-12-30,2025-12,1000,Operating Cash,20179.28,0,Customer payment,AR,KBD-CR00209
JE-002731,2025-12-30,2025-12,1100,Accounts Receivable,0,20179.28,Customer payment,AR,KBD-CR00209
JE-003204,2025-12-30,2025-12,2050,GR/IR Clearing (Received Not Invoiced),4884.33,0,Supplier inv 2405897,AP,2405897
JE-003205,2025-12-30,2025-12,2000,Accounts Payable,0,4884.33,Supplier inv 2405897,AP,2405897 
JE-003342,12/30/25,2025-12,2050,GR/IR Clearing (Received Not Invoiced),51034.41,0,Supplier inv 6013528,AP,6013528
JE-003343,2025-12-30,2025-12,2000,Accounts Payable,0,51034.41,Supplier inv 6013528,AP,6013528
JE-003669,2025-12-30,2025-12,2050,GR/IR Clearing (Received Not Invoiced),408934.24,0,Supplier inv INV5746916,AP,INV5746916
JE-003670,2025-12-30,2025-12,5300,Freight In,122.08,0,Freight in,AP ,INV5746916 
JE-003671,2025-12-30,2025-12,2000,Accounts Payable,0,409056.32,Supplier inv INV5746916,AP,INV5746916
JE-000559,2025-12-31,2025-12,1100,Accounts Receivable,23485.49,0,Invoice INV-60119,AR,INV-60119
JE-000560,2025-12-31,2025-12,4010,Product Sales - Distributed,0,15885.56,Invoice INV-60119,AR,INV-60119
JE-000561,2025-12-31,2025-12,4100,Freight Revenue,0,6448.23,Freight billed,AR,INV-60119
JE-000562,2025-12-31,2025-12,2100,Accrued Expenses,0,1151.7,Sales tax payable ,AR,INV-60119
JE-000563,12/31/25,2025-12,5000,COGS - Materials,12025.14,0,COGS,AR,INV-60119
JE-000564,2025-12-31,2025-12,1230,Inventory - Purchased for Resale,0,12025.14,Inventory relief,AR,INV-60119
JE-000700,2025-12-31,2025-12,1100,Accounts Receivable,655.63,0,Invoice INV-60148,AR,INV-60148
JE-000701,12/31/2025,2025-12,4010,Product Sales - Distributed,0,427.25,Invoice INV-60148,AR,INV-60148
JE-000702,2025-12-31,2025-12,4100,Freight Revenue,0,228.38,Freight billed,AR,INV-60148
JE-000703,2025-12-31,2025-12,5000,COGS - Materials,321.25,0,COGS,AR,INV-60148
JE-000704,2025-12-31,2025-12,1230,Inventory - Purchased for Resale,0,321.25,Inventory relief,AR,INV-60148
JE-000728,2025-12-31,2025-12,1100,Accounts Receivable,5969.59,0,Invoice INV-60154,AR,INV-60154
JE-000729,2025-12-31,2025-12,4010,Product Sales - Distributed,0,4888.41,Invoice INV-60154,AR ,INV-60154
JE-000730,2025-12-31,2025-12,4100,Freight Revenue,0,1081.18,Freight billed,AR,INV-60154
JE-000731,2025-12-31,2025-12,5000,COGS - Materials,3847.32,0,COGS,AR,INV-60154
JE-000732,2025-12-31,2025-12,1230,Inventory - Purchased for Resale,0,3847.32,Inventory relief,AR,INV-60154
JE-001852,2025-12-31,2025-12,1100,Accounts Receivable,21867.22,0,Invoice INV-60389,AR,INV-60389
JE-001853,2025-12-31,2025-12,4010,Product Sales - Distributed,0,21763.11,Invoice INV-60389,AR,INV-60389
JE-001854,2025-12-31,2025-12,4100,Freight Revenue,0,104.11,Freight billed,AR,INV-60389
JE-001855,2025-12-31,2025-12,5000,COGS - Materials,15478.74,0,COGS,AR,INV-60389
JE-001856,2025-12-31,2025-12,1230,Inventory - Purchased for Resale,0,15478.74,Inventory relief,AR,INV-60389
JE-002742,2025-12-31,2025-12,1000,Operating Cash,32891.07,0,Customer payment,AR ,KBD-CR00215
JE-002743,2025-12-31,2025-12,1100,Accounts Receivable,0,32891.07,Customer payment,AR,KBD-CR00215
JE-003602,2025-12-31,2025-12,2050,GR/IR Clearing (Received Not Invoiced),10586.8,0,Supplier inv 96758296,AP,96758296
JE-003603,2025-12-31,2025-12,2000,Accounts Payable,0,10586.8,Supplier inv 96758296,AP,96758296
JE-004202,2025-12-31,2025-12,1230,Inventory - Purchased for Resale,10683.4,0,PO receipt PO-31224,INV,RCV-40218
JE-004203,2025-12-31,2025-12,2050,GR/IR Clearing (Received Not Invoiced),0,10683.4,PO receipt PO-31224,INV,RCV-40218
JE-004356,2025-12-31,2025-12,6700 ,Office & Supplies,2341.69,0,"Iron Mountain Information Management, LLC",AP,KBD-AP00006
JE-004357,2025-12-31,2025-12,2000,Accounts Payable,0,2341.69,"Iron Mountain Information Management, LLC",AP,KBD-AP00006
JE-004376,2025-12-31,2025-12,6700,Office & Supplies,3848.3,0,GRAINGER,AP ,KBD-AP00016
JE-004377,2025-12-31,2025-12,2000,Accounts Payable,0,3848.3,GRAINGER,AP,KBD-AP00016
JE-004390,2025-12-31,2025-12,6700,Office & Supplies,814.41,0,Cintas Corp #472,AP,KBD-AP00023
JE-004391,2025-12-31,2025-12,2000,Accounts Payable,0,814.41,Cintas Corp #472,AP,KBD-AP00023
JE-004428,2025-12-31,2025-12 ,5300,Freight In,60.57,0,FEDEX,AP,KBD-AP00042
JE-004429,2025-12-31,2025-12,2000,Accounts Payable,0,60.57,FEDEX,AP,KBD-AP00042
JE-004452,2025-12-31,2025-12,6300,Rent,14200,0,Allentown Industrial Park LLC,AP,KBD-AP00054 
JE-004453,2025-12-31,2025-12,2000,Accounts Payable,0,14200,Allentown Industrial Park LLC,AP,KBD-AP00054
JE-004476,2025-12-31,2025-12,6400,Software Subscriptions,9000.0,0,NetSuite,AP,SW-NETSUI
JE-004477,2025-12-31,2025-12,2000,Accounts Payable,0,9000.0,NetSuite,AP,SW-NETSUI
JE-004500,2025-12-31,2025-12,6400 ,Software Subscriptions,1725.0,0,Autodesk Inventor,AP,SW-AUTODE
JE-004501,2025-12-31,2025-12,2000,Accounts Payable,0,1725.0,Autodesk Inventor,AP,SW-AUTODE
JE-004524,12/31/25,2025-12,6400,Software Subscriptions,400.0,0,uniPoint QMS,AP,SW-UNIPOI
JE-004525,2025-12-31,2025-12,2000,Accounts Payable,0,400.0,uniPoint QMS,AP,SW-UNIPOI
JE-004548,2025-12-31,2025-12,6400,Software Subscriptions,787.5,0,Microsoft 365 Business Standard,AP,SW-MICROS
JE-004549,2025-12-31,2025-12,2000,Accounts Payable,0,787.5,Microsoft 365 Business Standard,AP,SW-MICROS
JE-004572,2025-12-31,2025-12,6400,Software Subscriptions ,1980.0,0,Paycom,AP,SW-PAYCOM
JE-004573,2025-12-31,2025-12,2000,Accounts Payable,0,1980.0,Paycom,AP,SW-PAYCOM
JE-004596,2025-12-31,2025-12,6400,Software Subscriptions,1200.0,0,ShipStation,AP,SW-SHIPST
JE-004597,2025-12-31,2025-12,2000,Accounts Payable,0,1200.0,ShipStation,AP,SW-SHIPST
JE-004620,2025-12-31,2025-12,6400,Software Subscriptions,720.0,0,HubSpot Sales Hub,AP,SW-HUBSPO
JE-004621,2025-12-31,2025-12,2000,Accounts Payable,0,720.0,HubSpot Sales Hub,AP,SW-HUBSPO
JE-004644,2025-12-31,2025-12,6400,Software Subscriptions,567.0,0,Expensify,AP,SW-EXPENS 
JE-004645,12/31/25,2025-12,2000,Accounts Payable,0,567.0,Expensify,AP,SW-EXPENS
JE-004668,2025-12-31,2025-12,6400,Software Subscriptions,880.0,0,Dropbox Business ,AP,SW-DROPBO
JE-004669,2025-12-31,2025-12,2000,Accounts Payable,0,880.0,Dropbox Business,AP,SW-DROPBO
JE-004692,2025-12-31,2025-12,6400 ,Software Subscriptions,630.0,0,Zoom Workplace,AP,SW-ZOOMW
JE-004693,2025-12-31,2025-12,2000,Accounts Payable,0,630.0,Zoom Workplace,AP,SW-ZOOMW
JE-004716,2025-12-31,2025-12,6400,Software Subscriptions ,392.0,0,8x8 Work,AP,SW-8X8WO
JE-004717,2025-12-31,2025-12,2000,Accounts Payable,0,392.0,8x8 Work,AP,SW-8X8WO
JE-004740,2025-12-31,2025-12,6000,Salaries & Wages,346523.19,0,Monthly payroll,PR,PR-202512
JE-004741,12/31/2025,2025-12,2300,Payroll Liabilities,0,346523.19,Monthly payroll,PR,PR-202512
JE-002444,2026-01-01,2026-01,1000,Operating Cash,15111.15,0,Customer payment,AR,KBD-CR00066
JE-002445,2026-01-01,2026-01,1100,Accounts Receivable,0,15111.15,Customer payment,AR,KBD-CR00066 
JE-000282,2026-01-02,2026-01,1100,Accounts Receivable ,11316.54,0,Invoice INV-60060,AR,INV-60060
JE-000283,2026-01-02,2026-01,4010,Product Sales - Distributed,0,11198.56,Invoice INV-60060,AR,INV-60060
JE-000284,2026-01-02,2026-01,4100,Freight Revenue,0,117.98,Freight billed,AR,INV-60060
JE-000285,2026-01-02,2026-01,5000,COGS - Materials,8088.7,0,COGS,AR,INV-60060
JE-000286 ,2026-01-02,2026-01,1230,Inventory - Purchased for Resale,0,8088.7,Inventory relief,AR,INV-60060
JE-000975,2026-01-02,2026-01,1100,Accounts Receivable,19858.86,0,Invoice INV-60206,AR,INV-60206
JE-000976,"Jan 02, 2026",2026-01,4010 ,Product Sales - Distributed,0,17033.77,Invoice INV-60206,AR,INV-60206
JE-000977,2026-01-02,2026-01,4100,Freight Revenue,0,2825.09,Freight billed,AR,INV-60206
JE-000978,"Jan 02, 2026",2026-01,5000,COGS - Materials,10276.94,0,COGS,AR,INV-60206 
JE-000979,2026-01-02,2026-01,1230,Inventory - Purchased for Resale,0,10276.94,Inventory relief,AR,INV-60206
JE-001307,01/02/2026,2026-01,1100,Accounts Receivable,3293.75,0,Invoice INV-60276,AR,INV-60276
JE-001308,2026-01-02,2026-01,4010,Product Sales - Distributed,0,3293.75,Invoice INV-60276,AR,INV-60276
JE-001309,02-Jan-2026,2026-01,5000,COGS - Materials,2194.25,0,COGS,AR,INV-60276
JE-001310,2026-01-02,2026-01,1230,Inventory - Purchased for Resale,0,2194.25,Inventory relief,AR,INV-60276
JE-002950,2026-01-02,2026-01,1000,Operating Cash,99.19,0,Customer payment,AR,KBD-CR00319
JE-002951 ,2026-01-02,2026-01,1100,Accounts Receivable,0,99.19,Customer payment,AR,KBD-CR00319
JE-003806,2026-01-02,2026-01,1230,Inventory - Purchased for Resale,52306.4,0,PO receipt PO-31020,INV,RCV-40020
JE-003807,2026-01-02,2026-01,2050,GR/IR Clearing (Received Not Invoiced) ,0,52306.4,PO receipt PO-31020,INV,RCV-40020
JE-004132,01/02/26,2026-01,1230,Inventory - Purchased for Resale,445.5,0,PO receipt PO-31187,INV,RCV-40183
JE-004133,2026-01-02,2026-01,2050,GR/IR Clearing (Received Not Invoiced),0,445.5,PO receipt PO-31187,INV,RCV-40183
JE-000024,01/03/2026,2026-01,1100,Accounts Receivable,43941.05,0,Invoice INV-60006,AR,INV-60006
JE-000025,2026-01-03,2026-01,4010,Product Sales - Distributed,0,39801.81,Invoice INV-60006,AR,INV-60006
JE-000026,2026-01-03,2026-01,4100,Freight Revenue,0,1253.61,Freight billed,AR,INV-60006
JE-000027,03-Jan-2026,2026-01,2100,Accrued Expenses,0,2885.63,Sales tax payable,AR,INV-60006
JE-000028,2026-01-03,2026-01,5000,COGS - Materials,33561.26,0,COGS,AR,INV-60006
JE-000029,2026-01-03,2026-01,1230,Inventory - Purchased for Resale,0,33561.26,Inventory relief,AR,INV-60006
JE-000596,2026-01-03,2026-01,1100,Accounts Receivable,16826.2,0,Invoice INV-60126,AR,INV-60126
JE-000597,2026-01-03,2026-01,4010,Product Sales - Distributed,0,16826.2,Invoice INV-60126,AR,INV-60126
JE-000598,01/03/26,2026-01,5000,COGS - Materials,9854.15,0,COGS,AR,INV-60126 
JE-000599,"Jan 03, 2026",2026-01,1230,Inventory - Purchased for Resale,0,9854.15,Inventory relief,AR,INV-60126
JE-002090,2026-01-03,2026-01,1100,Accounts Receivable,29514.31,0,Invoice INV-60440,AR,INV-60440
JE-002091,2026-01-03,2026-01,4010,Product Sales - Distributed ,0,29514.31,Invoice INV-60440,AR,INV-60440
JE-002092,03-Jan-2026,2026-01,5000,COGS - Materials,21782.47,0,COGS,AR,INV-60440
JE-002093,2026-01-03,2026-01,1230,Inventory - Purchased for Resale,0,21782.47,Inventory relief,AR,INV-60440
JE-002602,2026-01-03,2026-01,1000,Operating Cash,5267.84,0,Customer payment ,AR,KBD-CR00145
JE-002603,2026-01-03,2026-01,1100,Accounts Receivable,0,5267.84,Customer payment,AR,KBD-CR00145
JE-003425,2026-01-03,2026-01,2050,GR/IR Clearing (Received Not Invoiced),3256.3,0,Supplier inv 7024660,AP,7024660
JE-003426,01/03/2026,2026-01,2000,Accounts Payable,0,3256.3,Supplier inv 7024660,AP,7024660
JE-003524,2026-01-03,2026-01,2050,GR/IR Clearing (Received Not Invoiced),445.5,0,Supplier inv SI844930,AP,SI844930
JE-003525,2026-01-03,2026-01,2000,Accounts Payable,0,445.5,Supplier inv SI844930,AP,SI844930
JE-003598,2026-01-03,2026-01,2050,GR/IR Clearing (Received Not Invoiced),246.0,0,Supplier inv SI6578947,AP,SI6578947
JE-003599,2026-01-03,2026-01,2000,Accounts Payable,0,246.0,Supplier inv SI6578947,AP,SI6578947
JE-003804,03-Jan-2026,2026-01,1230,Inventory - Purchased for Resale,8890.74,0,PO receipt PO-31019,INV,RCV-40019
JE-003805,2026-01-03,2026-01,2050,GR/IR Clearing (Received Not Invoiced),0,8890.74,PO receipt PO-31019,INV,RCV-40019
JE-004198,2026-01-03,2026-01,1230,Inventory - Purchased for Resale,246.0,0,PO receipt PO-31222,INV,RCV-40216
JE-004199,2026-01-03,2026-01,2050,GR/IR Clearing (Received Not Invoiced),0,246.0,PO receipt PO-31222,INV,RCV-40216
JE-004206,2026-01-03 ,2026-01,1230,Inventory - Purchased for Resale,155925.39,0,PO receipt PO-31227,INV,RCV-40220
JE-004207,01/03/2026,2026-01,2050,GR/IR Clearing (Received Not Invoiced),0,155925.39,PO receipt PO-31227,INV,RCV-40220
JE-000437,2026-01-04,2026-01,1100,Accounts Receivable,38635.53,0,Invoice INV-60093,AR,INV-60093
JE-000438,2026-01-04,2026-01,4010,Product Sales - Distributed,0,30154.07,Invoice INV-60093,AR,INV-60093
JE-000439,2026-01-04,2026-01,4100,Freight Revenue,0,8481.46,Freight billed,AR,INV-60093
JE-000440,2026-01-04,2026-01,5000,COGS - Materials,19463.84,0,COGS,AR,INV-60093
JE-000441,2026-01-04,2026-01,1230,Inventory - Purchased for Resale,0,19463.84,Inventory relief,AR,INV-60093 
JE-001600,2026-01-04,2026-01,1100,Accounts Receivable,25766.88,0,Invoice INV-60336,AR,INV-60336
JE-001601,2026-01-04,2026-01,4010,Product Sales - Distributed,0,25766.88,Invoice INV-60336,AR,INV-60336
JE-001602,2026-01-04,2026-01,5000 ,COGS - Materials,15898.85,0,COGS,AR,INV-60336
JE-001603,2026-01-04,2026-01,1230,Inventory - Purchased for Resale,0,15898.85,Inventory relief,AR,INV-60336
JE-002540,2026-01-04,2026-01,1000,Operating Cash,6868.88,0,Customer payment,AR,KBD-CR00114
JE-002541,2026-01-04,2026-01,1100,Accounts Receivable,0,6868.88,Customer payment,AR,KBD-CR00114
JE-004304,2026-01-04,2026-01,1230,Inventory - Purchased for Resale,703241.44,0,PO receipt PO-31279,INV,RCV-40269
JE-004305,2026-01-04,2026-01,2050,GR/IR Clearing (Received Not Invoiced),0,703241.44,PO receipt PO-31279,INV,RCV-40269
JE-003878,2026-01-05,2026-01,1230,Inventory - Purchased for Resale,387434.03,0,PO receipt PO-31057,INV,RCV-40056
JE-003879,2026-01-05,2026-01,2050,GR/IR Clearing (Received Not Invoiced),0,387434.03,PO receipt PO-31057,INV,RCV-40056
JE-001075,2026-01-06,2026-01,1100,Accounts Receivable,2182.27,0,Invoice INV-60227,AR,INV-60227
JE-001076,2026-01-06,2026-01,4010,Product Sales - Distributed,0,1605.91,Invoice INV-60227,AR,INV-60227
JE-001077,2026-01-06,2026-01,4100,Freight Revenue,0,459.93,Freight billed,AR,INV-60227
JE-001078,2026-01-06,2026-01,2100,Accrued Expenses,0,116.43,Sales tax payable,AR,INV-60227
JE-001079,2026-01-06,2026-01,5000,COGS - Materials,1015.75,0,COGS,AR,INV-60227
JE-001080,2026-01-06,2026-01,1230,Inventory - Purchased for Resale,0,1015.75,Inventory relief,AR,INV-60227
JE-003606,2026-01-06,2026-01,2050,GR/IR Clearing (Received Not Invoiced),155939.17,0,Supplier inv INV5184730,AP,INV5184730
JE-003607,2026-01-06 ,2026-01,2000,Accounts Payable,0,155939.17,Supplier inv INV5184730,AP,INV5184730
JE-001510,2026-01-07,2026-01,1100,Accounts Receivable,4176.95,0,Invoice INV-60317,AR,INV-60317
JE-001511,2026-01-07,2026-01 ,4010,Product Sales - Distributed,0,4176.95,Invoice INV-60317,AR,INV-60317
JE-001512,2026-01-07,2026-01,5000,COGS - Materials,2740.04,0,COGS,AR,INV-60317
JE-001513,2026-01-07,2026-01,1230,Inventory - Purchased for Resale,0,2740.04,Inventory relief,AR,INV-60317
JE-001529,2026-01-07,2026-01,1100,Accounts Receivable,1216.25,0,Invoice INV-60321,AR,INV-60321
JE-001530,2026-01-07,2026-01,4010 ,Product Sales - Distributed,0,1216.25,Invoice INV-60321,AR,INV-60321
JE-001531,2026-01-07,2026-01,5000,COGS - Materials,754.2,0,COGS,AR,INV-60321
JE-001532,2026-01-07,2026-01,1230,Inventory - Purchased for Resale,0,754.2,Inventory relief,AR,INV-60321
JE-003236,2026-01-07,2026-01,2050,GR/IR Clearing (Received Not Invoiced),384447.97,0,Supplier inv INV206319,AP,INV206319
JE-003237,2026-01-07,2026-01,2000,Accounts Payable,0,384447.97,Supplier inv INV206319,AP,INV206319
JE-001001,2026-01-08,2026-01,1100,Accounts Receivable,2297.75,0,Invoice INV-60211,AR,INV-60211
JE-001002,2026-01-08,2026-01,4010,Product Sales - Distributed,0,2297.75,Invoice INV-60211,AR,INV-60211 
JE-001003,2026-01-08,2026-01,5000,COGS - Materials,1484.33,0,COGS,AR,INV-60211
JE-001004,2026-01-08,2026-01,1230,Inventory - Purchased for Resale,0,1484.33,Inventory relief,AR,INV-60211
JE-003154,2026-01-08,2026-01,2050,GR/IR Clearing (Received Not Invoiced),8890.74,0,Supplier inv SI7146057,AP,SI7146057
JE-003155,2026-01-08,2026-01,2000,Accounts Payable,0,8890.74,Supplier inv SI7146057,AP,SI7146057
JE-003718,2026-01-08,2026-01,2050,GR/IR Clearing (Received Not Invoiced),703241.44,0,Supplier inv 9850487,AP,9850487
JE-003719,2026-01-08,2026-01,5300,Freight In,94.72,0,Freight in,AP,9850487
JE-003720,2026-01-08,2026-01,2000,Accounts Payable,0,703336.16,Supplier inv 9850487,AP,9850487
JE-003782,2026-01-08,2026-01,1230,Inventory - Purchased for Resale,11968.74,0,PO receipt PO-31008,INV,RCV-40008
JE-003783,2026-01-08,2026-01,2050,GR/IR Clearing (Received Not Invoiced),0,11968.74,PO receipt PO-31008,INV,RCV-40008
JE-000685,2026-01-09,2026-01,1100,Accounts Receivable,16370.7,0,Invoice INV-60145,AR,INV-60145
JE-000686,2026-01-09,2026-01,4010,Product Sales - Distributed,0,15264.06,Invoice INV-60145,AR,INV-60145
JE-000687,09-Jan-2026,2026-01,2100,Accrued Expenses,0,1106.64,Sales tax payable,AR,INV-60145
JE-000688,2026-01-09,2026-01 ,5000,COGS - Materials,11286.19,0,COGS,AR,INV-60145
JE-000689,2026-01-09,2026-01,1230,Inventory - Purchased for Resale,0,11286.19,Inventory relief,AR,INV-60145
JE-001246,09-Jan-2026,2026-01,1100,Accounts Receivable,5805.27,0,Invoice INV-60263,AR,INV-60263
JE-001247,2026-01-09,2026-01,4010,Product Sales - Distributed,0,4719.02,Invoice INV-60263,AR,INV-60263
JE-001248,2026-01-09,2026-01,4100,Freight Revenue,0,1086.25,Freight billed,AR,INV-60263
JE-001249,2026-01-09,2026-01,5000,COGS - Materials,3193.86,0,COGS,AR,INV-60263
JE-001250,2026-01-09,2026-01,1230,Inventory - Purchased for Resale,0,3193.86,Inventory relief,AR,INV-60263
JE-001666,2026-01-09,2026-01,1100,Accounts Receivable,3141.49,0,Invoice INV-60350,AR,INV-60350
JE-001667,2026-01-09,2026-01,4010,Product Sales - Distributed,0,2600.78,Invoice INV-60350,AR,INV-60350
JE-001668,2026-01-09,2026-01,4100,Freight Revenue,0,540.71,Freight billed,AR,INV-60350
JE-001669,2026-01-09 ,2026-01,5000,COGS - Materials,1564.88,0,COGS,AR,INV-60350
JE-001670,2026-01-09,2026-01,1230,Inventory - Purchased for Resale,0,1564.88,Inventory relief,AR,INV-60350
JE-002352,2026-01-09,2026-01,1000,Operating Cash,3166.41,0,Customer payment,AR,KBD-CR00020
JE-002353,2026-01-09,2026-01,1100,Accounts Receivable,0,3166.41,Customer payment,AR,KBD-CR00020
JE-002380,2026-01-09,2026-01,1000,Operating Cash,24326.6,0,Customer payment,AR,KBD-CR00034
JE-002381,2026-01-09,2026-01,1100,Accounts Receivable,0,24326.6,Customer payment,AR,KBD-CR00034
JE-002978,2026-01-09,2026-01,1000,Operating Cash,22229.7,0,Customer payment,AR ,KBD-CR00333
JE-002979,2026-01-09,2026-01,1100,Accounts Receivable,0,22229.7,Customer payment,AR,KBD-CR00333
JE-003156,2026-01-09,2026-01,2050,GR/IR Clearing (Received Not Invoiced),52306.4,0,Supplier inv 98219681 ,AP,98219681
JE-003157,2026-01-09,2026-01,2000,Accounts Payable,0,52306.4,Supplier inv 98219681,AP,98219681
JE-003188,2026-01-09,2026-01,2050,GR/IR Clearing (Received Not Invoiced),42801.28,0,Supplier inv SI8848852,AP,SI8848852
JE-003189,2026-01-09,2026-01,5300,Freight In,153.94,0,Freight in,AP,SI8848852
JE-003190,2026-01-09,2026-01,2000,Accounts Payable,0,42955.22,Supplier inv SI8848852,AP,SI8848852
JE-003486,01/09/2026,2026-01,2050,GR/IR Clearing (Received Not Invoiced),1445.2,0,Supplier inv 95260900,AP,95260900
JE-003487,2026-01-09,2026-01,2000,Accounts Payable,0,1445.2,Supplier inv 95260900,AP,95260900
JE-003834,2026-01-09,2026-01,1230,Inventory - Purchased for Resale,42801.28,0,PO receipt PO-31034,INV,RCV-40034
JE-003835,2026-01-09,2026-01,2050,GR/IR Clearing (Received Not Invoiced),0,42801.28,PO receipt PO-31034,INV,RCV-40034
JE-003994,2026-01-09,2026-01,1230,Inventory - Purchased for Resale,258.15,0,PO receipt PO-31116,INV,RCV-40114
JE-003995,2026-01-09,2026-01,2050,GR/IR Clearing (Received Not Invoiced),0,258.15,PO receipt PO-31116,INV,RCV-40114
JE-004098,2026-01-09,2026-01,1230,Inventory - Purchased for Resale,1445.2,0,PO receipt PO-31169,INV,RCV-40166
JE-004099,01/09/26,2026-01,2050,GR/IR Clearing (Received Not Invoiced),0,1445.2,PO receipt PO-31169,INV,RCV-40166
JE-001174,2026-01-10,2026-01,1100,Accounts Receivable,10411.58,0,Invoice INV-60248,AR,INV-60248
JE-001175,2026-01-10,2026-01,4010,Product Sales - Distributed ,0,7763.0,Invoice INV-60248,AR,INV-60248
JE-001176,2026-01-10,2026-01,4100,Freight Revenue,0,2648.58,Freight billed,AR,INV-60248
JE-001177,2026-01-10,2026-01,5000,COGS - Materials,6394.0,0,COGS,AR,INV-60248
JE-001178,01/10/26,2026-01,1230,Inventory - Purchased for Resale,0,6394.0,Inventory relief,AR,INV-60248
JE-003367,2026-01-10,2026-01,2050,GR/IR Clearing (Received Not Invoiced),258.15,0,Supplier inv 9342146,AP,9342146
JE-003368,2026-01-10,2026-01,2000,Accounts Payable,0,258.15,Supplier inv 9342146,AP,9342146
JE-004080 ,2026-01-10,2026-01,1230,Inventory - Purchased for Resale,82676.3,0,PO receipt PO-31160,INV,RCV-40157
JE-004081,2026-01-10,2026-01,2050,GR/IR Clearing (Received Not Invoiced),0,82676.3,PO receipt PO-31160,INV,RCV-40157
JE-004110,2026-01-10,2026-01,1230,Inventory - Purchased for Resale,689687.64,0,PO receipt PO-31175,INV,RCV-40172
JE-004111,10-Jan-2026,2026-01,2050,GR/IR Clearing (Received Not Invoiced),0,689687.64,PO receipt PO-31175,INV,RCV-40172
JE-000447,01/11/26,2026-01,1100,Accounts Receivable,8353.02,0,Invoice INV-60095,AR,INV-60095
JE-000448,2026-01-11,2026-01,4010,Product Sales - Distributed,0,5141.75,Invoice INV-60095,AR,INV-60095
JE-000449,2026-01-11,2026-01,4100,Freight Revenue,0,3211.27,Freight billed,AR,INV-60095
JE-000450,2026-01-11,2026-01,5000,COGS - Materials,3349.0,0,COGS,AR,INV-60095
JE-000451,2026-01-11,2026-01,1230,Inventory - Purchased for Resale,0,3349.0,Inventory relief,AR,INV-60095
JE-001113,2026-01-11,2026-01,1100,Accounts Receivable,5347.91,0,Invoice INV-60235,AR,INV-60235
JE-001114,2026-01-11,2026-01,4010,Product Sales - Distributed,0,4986.4,Invoice INV-60235,AR,INV-60235
JE-001115,01/11/26,2026-01,2100,Accrued Expenses,0,361.51,Sales tax payable,AR,INV-60235
JE-001116,2026-01-11,2026-01,5000,COGS - Materials,3693.63,0,COGS,AR,INV-60235
JE-001117,2026-01-11,2026-01,1230,Inventory - Purchased for Resale,0,3693.63,Inventory relief,AR,INV-60235
JE-002108,2026-01-11,2026-01,1100,Accounts Receivable,67315.01,0,Invoice INV-60444,AR,INV-60444
JE-002109,2026-01-11,2026-01,4010,Product Sales - Distributed,0,67315.01,Invoice INV-60444,AR,INV-60444
JE-002110,2026-01-11,2026-01,5000,COGS - Materials,49299.41,0,COGS,AR,INV-60444
JE-002111,2026-01-11,2026-01,1230,Inventory - Purchased for Resale,0,49299.41,Inventory relief,AR ,INV-60444
JE-002878,2026-01-11,2026-01,1000,Operating Cash,117.76,0,Customer payment,AR,KBD-CR00283
JE-002879,2026-01-11,2026-01,1100,Accounts Receivable,0,117.76,Customer payment,AR,KBD-CR00283
JE-003513,2026-01-11,2026-01,2050,GR/IR Clearing (Received Not Invoiced),7384.0,0,Supplier inv INV724163,AP,INV724163
JE-003514,2026-01-11,2026-01,2000,Accounts Payable,0,7384.0,Supplier inv INV724163,AP,INV724163
JE-003986,11-Jan-2026,2026-01,1230,Inventory - Purchased for Resale,1016921.25,0,PO receipt PO-31112,INV,RCV-40110
JE-003987,2026-01-11,2026-01,2050,GR/IR Clearing (Received Not Invoiced),0,1016921.25,PO receipt PO-31112,INV,RCV-40110
JE-004122,2026-01-11,2026-01,1230,Inventory - Purchased for Resale,7354.2,0,PO receipt PO-31182,INV,RCV-40178
JE-004123,2026-01-11,2026-01,2050,GR/IR Clearing (Received Not Invoiced),0,7354.2,PO receipt PO-31182,INV,RCV-40178
JE-000442,2026-01-12,2026-01,1100,Accounts Receivable,20826.41,0,Invoice INV-60094,AR,INV-60094
JE-000443,2026-01-12,2026-01,4010,Product Sales - Distributed,0,13116.04,Invoice INV-60094,AR,INV-60094
JE-000444,2026-01-12,2026-01,4100,Freight Revenue,0,7710.37,Freight billed,AR,INV-60094
JE-000445,2026-01-12,2026-01,5000,COGS - Materials,9979.49,0,COGS,AR,INV-60094
JE-000446,2026-01-12,2026-01,1230,Inventory - Purchased for Resale,0,9979.49,Inventory relief,AR,INV-60094
JE-002396,2026-01-12,2026-01,1000,Operating Cash,21462.82,0,Customer payment,AR,KBD-CR00042
JE-002397,2026-01-12,2026-01,1100,Accounts Receivable,0,21462.82,Customer payment,AR,KBD-CR00042
JE-003127,2026-01-12,2026-01,2050,GR/IR Clearing (Received Not Invoiced),11931.49,0,Supplier inv 8560081,AP,8560081
JE-003128,"Jan 12, 2026",2026-01,2000,Accounts Payable,0,11931.49,Supplier inv 8560081,AP,8560081
JE-003862,01/12/26,2026-01,1230,Inventory - Purchased for Resale,26620.4,0,PO receipt PO-31049,INV,RCV-40048
JE-003863,2026-01-12,2026-01,2050,GR/IR Clearing (Received Not Invoiced),0,26620.4,PO receipt PO-31049,INV,RCV-40048
JE-000173,2026-01-13,2026-01,1100,Accounts Receivable,6780.06,0,Invoice INV-60037,AR,INV-60037
JE-000174,01/13/26,2026-01,4010,Product Sales - Distributed,0,6780.06,Invoice INV-60037,AR,INV-60037
JE-000175,2026-01-13,2026-01,5000,COGS - Materials,4875.78,0,COGS,AR,INV-60037
JE-000176,2026-01-13,2026-01,1230,Inventory - Purchased for Resale,0,4875.78,Inventory relief,AR,INV-60037
JE-000359,2026-01-13,2026-01,1100 ,Accounts Receivable,28177.18,0,Invoice INV-60076,AR,INV-60076
JE-000360,2026-01-13,2026-01,4010,Product Sales - Distributed,0,28177.18,Invoice INV-60076,AR,INV-60076
JE-000361,2026-01-13,2026-01,5000,COGS - Materials,22111.21,0,COGS,AR,INV-60076
JE-000362,2026-01-13,2026-01,1230,Inventory - Purchased for Resale,0,22111.21,Inventory relief,AR,INV-60076
JE-003008,2026-01-13,2026-01,1000,Operating Cash,11733.87,0,Customer payment,AR,KBD-CR00348
JE-003009,2026-01-13,2026-01,1100,Accounts Receivable,0,11733.87,Customer payment,AR,KBD-CR00348
JE-003084,2026-01-13,2026-01,1000,Operating Cash,40163.71,0,Customer payment,AR,KBD-CR00386
JE-003085,2026-01-13,2026-01,1100,Accounts Receivable,0,40163.71,Customer payment,AR,KBD-CR00386
JE-003466,2026-01-13,2026-01,2050,GR/IR Clearing (Received Not Invoiced),82676.3,0,Supplier inv 93181566,AP,93181566
JE-003467,2026-01-13,2026-01,2000,Accounts Payable,0,82676.3,Supplier inv 93181566,AP,93181566
JE-003499,2026-01-13,2026-01,2050,GR/IR Clearing (Received Not Invoiced),689650.98,0,Supplier inv 3014766,AP,3014766
JE-003500,2026-01-13,2026-01,5300,Freight In,139.28,0,Freight in,AP,3014766
JE-003501,13-Jan-2026,2026-01 ,2000,Accounts Payable,0,689790.26,Supplier inv 3014766,AP,3014766
JE-003884,2026-01-13,2026-01,1230,Inventory - Purchased for Resale,56487.18,0,PO receipt PO-31061,INV,RCV-40059
JE-003885,2026-01-13,2026-01,2050,GR/IR Clearing (Received Not Invoiced),0,56487.18,PO receipt PO-31061,INV,RCV-40059
JE-002324,2026-01-14,2026-01,1000,Operating Cash,8059.3,0,Customer payment,AR,KBD-CR00006
JE-002325,2026-01-14,2026-01,1100,Accounts Receivable,0,8059.3,Customer payment,AR,KBD-CR00006
JE-002360,2026-01-14,2026-01,1000,Operating Cash,54544.44,0,Customer payment,AR,KBD-CR00024
JE-002361,01/14/2026,2026-01,1100,Accounts Receivable,0,54544.44,Customer payment,AR,KBD-CR00024
JE-002588,2026-01-14,2026-01,1000,Operating Cash,41313.47,0,Customer payment,AR,KBD-CR00138
JE-002589,2026-01-14,2026-01,1100 ,Accounts Receivable,0,41313.47,Customer payment,AR,KBD-CR00138
JE-002594,2026-01-14,2026-01,1000 ,Operating Cash,15009.83,0,Customer payment,AR,KBD-CR00141
JE-002595 ,2026-01-14,2026-01,1100,Accounts Receivable,0,15009.83,Customer payment,AR,KBD-CR00141
JE-002652,14-Jan-2026,2026-01,1000,Operating Cash,19278.56,0,Customer payment,AR,KBD-CR00170
JE-002653,2026-01-14,2026-01,1100,Accounts Receivable,0,19278.56,Customer payment,AR,KBD-CR00170
JE-003218,2026-01-15,2026-01,2050,GR/IR Clearing (Received Not Invoiced),26620.4,0,Supplier inv 5648433,AP,5648433
JE-003219,2026-01-15,2026-01,2000,Accounts Payable,0,26620.4,Supplier inv 5648433,AP,5648433 
JE-003359,2026-01-15,2026-01,2050,GR/IR Clearing (Received Not Invoiced),1016921.25,0,Supplier inv 94368276,AP,94368276
JE-003360,2026-01-15,2026-01,2000,Accounts Payable,0,1016921.25,Supplier inv 94368276,AP,94368276
JE-003820,2026-01-15,2026-01,1230,Inventory - Purchased for Resale,114663.8,0,PO receipt PO-31027,INV,RCV-40027
JE-003821,2026-01-15,2026-01,2050,GR/IR Clearing (Received Not Invoiced),0,114663.8,PO receipt PO-31027,INV,RCV-40027
JE-000530,2026-01-16,2026-01,1100,Accounts Receivable,153.96,0,Invoice INV-60113,AR,INV-60113
JE-000531,2026-01-16,2026-01,4010,Product Sales - Distributed,0,153.96,Invoice INV-60113,AR,INV-60113
JE-000532,2026-01-16,2026-01,5000,COGS - Materials,95.28,0,COGS,AR,INV-60113
JE-000533,2026-01-16,2026-01 ,1230,Inventory - Purchased for Resale,0,95.28,Inventory relief,AR,INV-60113
JE-000781,2026-01-16,2026-01,1100,Accounts Receivable,933.85,0,Invoice INV-60165,AR,INV-60165
JE-000782,2026-01-16,2026-01,4010 ,Product Sales - Distributed,0,870.72,Invoice INV-60165,AR,INV-60165 
JE-000783,2026-01-16,2026-01,2100,Accrued Expenses,0,63.13,Sales tax payable,AR,INV-60165
JE-000784,2026-01-16,2026-01,5000,COGS - Materials,542.34,0,COGS,AR,INV-60165
JE-000785,2026-01-16,2026-01,1230,Inventory - Purchased for Resale,0,542.34,Inventory relief,AR ,INV-60165
JE-001056,2026-01-16,2026-01,1100,Accounts Receivable ,15971.48,0,Invoice INV-60223,AR,INV-60223
JE-001057,2026-01-16,2026-01,4010,Product Sales - Distributed,0,15864.61,Invoice INV-60223,AR,INV-60223
JE-001058,2026-01-16,2026-01,4100,Freight Revenue,0,106.87,Freight billed,AR,INV-60223
JE-001059,2026-01-16,2026-01,5000,COGS - Materials,14120.38,0,COGS,AR,INV-60223
JE-001060,2026-01-16,2026-01,1230,Inventory - Purchased for Resale,0,14120.38,Inventory relief,AR,INV-60223
JE-001081,2026-01-16,2026-01,1100 ,Accounts Receivable,13802.44,0,Invoice INV-60228,AR,INV-60228
JE-001082,2026-01-16,2026-01 ,4010,Product Sales - Distributed,0,13674.1,Invoice INV-60228,AR,INV-60228
JE-001083,2026-01-16,2026-01,4100,Freight Revenue,0,128.34,Freight billed,AR,INV-60228
JE-001084,2026-01-16,2026-01,5000,COGS - Materials,9288.27,0,COGS,AR,INV-60228
JE-001085,"Jan 16, 2026",2026-01,1230 ,Inventory - Purchased for Resale,0,9288.27,Inventory relief,AR,INV-60228
JE-001771,2026-01-16,2026-01,1100,Accounts Receivable,21359.14,0,Invoice INV-60372,AR ,INV-60372
JE-001772,2026-01-16,2026-01,4010,Product Sales - Distributed,0,21359.14,Invoice INV-60372,AR,INV-60372
JE-001773,2026-01-16,2026-01,5000,COGS - Materials,16370.65,0,COGS,AR,INV-60372
JE-001774,2026-01-16,2026-01,1230,Inventory - Purchased for Resale,0,16370.65,Inventory relief,AR,INV-60372
JE-002374,2026-01-16,2026-01,1000,Operating Cash,47378.46,0,Customer payment,AR,KBD-CR00031
JE-002375,2026-01-16,2026-01,1100,Accounts Receivable,0,47378.46,Customer payment,AR,KBD-CR00031
JE-004246 ,2026-01-16,2026-01,1230,Inventory - Purchased for Resale,21298.38,0,PO receipt PO-31248,INV,RCV-40240
JE-004247,2026-01-16,2026-01,2050,GR/IR Clearing (Received Not Invoiced),0,21298.38,PO receipt PO-31248,INV,RCV-40240
JE-004250,2026-01-16,2026-01,1230,Inventory - Purchased for Resale,4854.64,0,PO receipt PO-31250,INV,RCV-40242
JE-004251,2026-01-16,2026-01,2050,GR/IR Clearing (Received Not Invoiced),0,4854.64,PO receipt PO-31250,INV,RCV-40242
JE-003920,2026-01-17,2026-01,1230,Inventory - Purchased for Resale,315046.38,0,PO receipt PO-31079,INV,RCV-40077
JE-003921,2026-01-17,2026-01,2050,GR/IR Clearing (Received Not Invoiced),0,315046.38,PO receipt PO-31079,INV,RCV-40077
JE-000521 ,2026-01-18,2026-01,1100,Accounts Receivable,22919.19,0,Invoice INV-60111,AR,INV-60111
JE-000522,2026-01-18,2026-01,4010,Product Sales - Distributed,0,22919.19,Invoice INV-60111,AR,INV-60111
JE-000523,2026-01-18,2026-01,5000,COGS - Materials,16159.55,0,COGS,AR,INV-60111
JE-000524,2026-01-18,2026-01,1230,Inventory - Purchased for Resale,0,16159.55,Inventory relief,AR,INV-60111
JE-002598,2026-01-18,2026-01,1000,Operating Cash,20082.32,0,Customer payment,AR,KBD-CR00143
JE-002599,2026-01-18,2026-01,1100 ,Accounts Receivable,0,20082.32,Customer payment,AR,KBD-CR00143
JE-002668,2026-01-18,2026-01,1000,Operating Cash,3274.05,0,Customer payment,AR,KBD-CR00178
JE-002669,2026-01-18,2026-01,1100,Accounts Receivable,0,3274.05,Customer payment,AR,KBD-CR00178
JE-003172,18-Jan-2026,2026-01,2050,GR/IR Clearing (Received Not Invoiced),114663.8,0,Supplier inv SI3056949,AP,SI3056949
JE-003173,2026-01-18,2026-01,2000,Accounts Payable,0,114663.8,Supplier inv SI3056949,AP,SI3056949
JE-003654,2026-01-19,2026-01,2050,GR/IR Clearing (Received Not Invoiced),4854.64,0,Supplier inv 99809757,AP,99809757
JE-003655,2026-01-19,2026-01,2000,Accounts Payable,0,4854.64,Supplier inv 99809757,AP,99809757
JE-001164,2026-01-20,2026-01,1100,Accounts Receivable,44434.1,0,Invoice INV-60246,AR,INV-60246
JE-001165,2026-01-20,2026-01,4010,Product Sales - Distributed,0,43959.96,Invoice INV-60246,AR,INV-60246
JE-001166,2026-01-20,2026-01,4100,Freight Revenue,0,474.14,Freight billed,AR,INV-60246
JE-001167,2026-01-20,2026-01,5000,COGS - Materials,34414.31,0,COGS,AR,INV-60246
JE-001168,2026-01-20,2026-01,1230 ,Inventory - Purchased for Resale,0,34414.31,Inventory relief,AR,INV-60246
JE-001918,2026-01-20,2026-01,1100,Accounts Receivable,2061.79,0,Invoice INV-60403,AR,INV-60403
JE-001919,2026-01-20,2026-01,4010,Product Sales - Distributed ,0,1551.1,Invoice INV-60403,AR,INV-60403
JE-001920,2026-01-20,2026-01,4100,Freight Revenue,0,510.69,Freight billed,AR,INV-60403
JE-001921,2026-01-20,2026-01,5000,COGS - Materials,1145.3,0,COGS,AR,INV-60403
JE-001922,2026-01-20,2026-01,1230,Inventory - Purchased for Resale,0,1145.3,Inventory relief,AR,INV-60403
JE-001990,2026-01-20,2026-01,1100,Accounts Receivable,16728.98,0,Invoice INV-60419,AR,INV-60419
JE-001991,01/20/2026,2026-01,4010,Product Sales - Distributed,0,13716.93,Invoice INV-60419,AR,INV-60419
JE-001992,2026-01-20,2026-01,4100,Freight Revenue,0,3012.05,Freight billed,AR,INV-60419
JE-001993,2026-01-20,2026-01,5000,COGS - Materials,9291.02,0,COGS,AR,INV-60419
JE-001994,01/20/26,2026-01,1230,Inventory - Purchased for Resale,0,9291.02,Inventory relief,AR,INV-60419
JE-002246,2026-01-20,2026-01,1100,Accounts Receivable,2709.45,0,Invoice INV-60474,AR,INV-60474
JE-002247,2026-01-20,2026-01,4010,Product Sales - Distributed,0,2244.63,Invoice INV-60474,AR,INV-60474
JE-002248,2026-01-20,2026-01,4100,Freight Revenue,0,302.08,Freight billed,AR,INV-60474
JE-002249,2026-01-20,2026-01,2100,Accrued Expenses,0,162.74,Sales tax payable,AR,INV-60474
JE-002250,2026-01-20,2026-01,5000,COGS - Materials,1287.95,0,COGS,AR,INV-60474
JE-002251,2026-01-20 ,2026-01,1230,Inventory - Purchased for Resale,0,1287.95,Inventory relief,AR,INV-60474
JE-002582,2026-01-20 ,2026-01,1000,Operating Cash,13327.05,0,Customer payment,AR,KBD-CR00135
JE-002583,2026-01-20,2026-01,1100,Accounts Receivable,0,13327.05,Customer payment,AR,KBD-CR00135
JE-002926,2026-01-20,2026-01,1000,Operating Cash,40242.61,0,Customer payment,AR,KBD-CR00307 
JE-002927,2026-01-20,2026-01,1100,Accounts Receivable,0,40242.61,Customer payment,AR,KBD-CR00307
JE-003242,2026-01-20,2026-01,2050,GR/IR Clearing (Received Not Invoiced),56512.03,0,Supplier inv INV9233430,AP,INV9233430
JE-003243,2026-01-20,2026-01,2000,Accounts Payable,0,56512.03,Supplier inv INV9233430,AP,INV9233430
JE-003282,2026-01-20,2026-01,2050,GR/IR Clearing (Received Not Invoiced),315301.38,0,Supplier inv 94757308,AP,94757308
JE-003283,01/20/26,2026-01,5300,Freight In,56.8,0,Freight in,AP,94757308
JE-003284,2026-01-20,2026-01,2000,Accounts Payable,0,315358.18,Supplier inv 94757308,AP,94757308
JE-001311,2026-01-21,2026-01,1100,Accounts Receivable,4423.98,0,Invoice INV-60277,AR,INV-60277
JE-001312,2026-01-21,2026-01,4010,Product Sales - Distributed,0,4423.98,Invoice INV-60277,AR,INV-60277
JE-001313,2026-01-21,2026-01,5000,COGS - Materials,3006.94,0,COGS,AR,INV-60277
JE-001314,2026-01-21,2026-01,1230,Inventory - Purchased for Resale,0,3006.94,Inventory relief,AR,INV-60277
JE-001476,2026-01-21,2026-01,1100,Accounts Receivable,30448.3,0,Invoice INV-60310,AR,INV-60310
JE-001477,2026-01-21,2026-01 ,4010,Product Sales - Distributed,0,30448.3,Invoice INV-60310,AR,INV-60310
JE-001478,2026-01-21,2026-01,5000,COGS - Materials,20987.47,0,COGS,AR,INV-60310
JE-001479,2026-01-21,2026-01,1230,Inventory - Purchased for Resale,0,20987.47,Inventory relief,AR,INV-60310
JE-002237,"Jan 21, 2026",2026-01,1100,Accounts Receivable,1742.6,0,Invoice INV-60472,AR ,INV-60472
JE-002238,2026-01-21,2026-01,4010,Product Sales - Distributed,0,1624.8,Invoice INV-60472,AR,INV-60472
JE-002239,2026-01-21,2026-01,2100,Accrued Expenses,0,117.8,Sales tax payable,AR,INV-60472
JE-002240,2026-01-21,2026-01,5000,COGS - Materials,1192.31,0,COGS,AR,INV-60472
JE-002241,2026-01-21,2026-01,1230,Inventory - Purchased for Resale,0,1192.31,Inventory relief,AR,INV-60472
JE-004234,2026-01-21,2026-01,1230,Inventory - Purchased for Resale,678456.8,0,PO receipt PO-31242,INV,RCV-40234
JE-004235,2026-01-21,2026-01,2050,GR/IR Clearing (Received Not Invoiced),0,678456.8,PO receipt PO-31242,INV,RCV-40234
JE-000340,2026-01-22,2026-01,1100,Accounts Receivable,26322.69,0,Invoice INV-60072,AR,INV-60072
JE-000341,2026-01-22,2026-01,4010,Product Sales - Distributed,0,24543.3,Invoice INV-60072,AR,INV-60072
JE-000342,2026-01-22,2026-01,2100,Accrued Expenses,0,1779.39,Sales tax payable,AR,INV-60072
JE-000343,2026-01-22,2026-01,5000,COGS - Materials,21847.32,0,COGS,AR,INV-60072
JE-000344,2026-01-22,2026-01,1230,Inventory - Purchased for Resale,0,21847.32,Inventory relief,AR,INV-60072
JE-000883,2026-01-22,2026-01,1100,Accounts Receivable,33226.1,0,Invoice INV-60186,AR,INV-60186
JE-000884,01/22/2026,2026-01,4010,Product Sales - Distributed,0,33226.1,Invoice INV-60186,AR,INV-60186
JE-000885,2026-01-22,2026-01,5000,COGS - Materials,19683.2,0,COGS,AR,INV-60186
JE-000886,2026-01-22,2026-01,1230,Inventory - Purchased for Resale,0,19683.2,Inventory relief,AR,INV-60186
JE-002410,2026-01-22,2026-01,1000,Operating Cash,11316.54,0,Customer payment,AR,KBD-CR00049
JE-002411,2026-01-22 ,2026-01,1100,Accounts Receivable,0,11316.54,Customer payment,AR,KBD-CR00049
JE-000592,2026-01-23,2026-01,1100,Accounts Receivable,2004.0,0,Invoice INV-60125,AR,INV-60125
JE-000593,2026-01-23,2026-01,4010,Product Sales - Distributed ,0,2004.0,Invoice INV-60125,AR,INV-60125
JE-000594,2026-01-23,2026-01,5000,COGS - Materials,1646.0,0,COGS,AR,INV-60125
JE-000595,"Jan 23, 2026",2026-01,1230,Inventory - Purchased for Resale,0,1646.0,Inventory relief,AR,INV-60125
JE-002402,2026-01-23,2026-01,1000,Operating Cash,5128.18,0,Customer payment,AR,KBD-CR00045
JE-002403,2026-01-23,2026-01,1100,Accounts Receivable,0,5128.18,Customer payment,AR,KBD-CR00045
JE-002580,01/23/2026,2026-01,1000,Operating Cash,6742.64,0,Customer payment,AR,KBD-CR00134
JE-002581,2026-01-23,2026-01,1100,Accounts Receivable,0,6742.64,Customer payment,AR,KBD-CR00134
JE-002712,2026-01-23,2026-01,1000,Operating Cash,12056.48,0,Customer payment,AR,KBD-CR00200
JE-002713,2026-01-23,2026-01,1100,Accounts Receivable,0,12056.48,Customer payment,AR,KBD-CR00200
JE-003650,2026-01-23,2026-01,2050,GR/IR Clearing (Received Not Invoiced),21331.13,0,Supplier inv SI6592247,AP,SI6592247
JE-003651,"Jan 23, 2026",2026-01,2000,Accounts Payable,0,21331.13,Supplier inv SI6592247,AP,SI6592247
JE-003890,2026-01-23,2026-01,1230,Inventory - Purchased for Resale,15393.65,0,PO receipt PO-31064,INV,RCV-40062
JE-003891,2026-01-23,2026-01,2050,GR/IR Clearing (Received Not Invoiced),0,15393.65,PO receipt PO-31064,INV,RCV-40062
JE-000666,2026-01-24,2026-01,1100,Accounts Receivable,396.49,0,Invoice INV-60141,AR,INV-60141
JE-000667,2026-01-24,2026-01,4010,Product Sales - Distributed,0,286.91,Invoice INV-60141,AR ,INV-60141 
JE-000668,2026-01-24,2026-01,4100,Freight Revenue,0,109.58,Freight billed,AR,INV-60141
JE-000669,2026-01-24,2026-01,5000,COGS - Materials,201.88,0,COGS,AR,INV-60141
JE-000670,2026-01-24,2026-01,1230,Inventory - Purchased for Resale,0,201.88,Inventory relief,AR,INV-60141 
JE-000738,2026-01-24 ,2026-01,1100,Accounts Receivable,10376.8,0,Invoice INV-60156,AR,INV-60156
JE-000739,2026-01-24,2026-01,4010,Product Sales - Distributed,0,10376.8,Invoice INV-60156,AR,INV-60156
JE-000740,2026-01-24,2026-01,5000,COGS - Materials,8727.35,0,COGS,AR,INV-60156
JE-000741,2026-01-24,2026-01,1230,Inventory - Purchased for Resale,0,8727.35,Inventory relief,AR,INV-60156
JE-001857,2026-01-24,2026-01,1100,Accounts Receivable,5060.52,0,Invoice INV-60390,AR,INV-60390
JE-001858,2026-01-24,2026-01,4010,Product Sales - Distributed,0,5060.52,Invoice INV-60390,AR,INV-60390
JE-001859,"Jan 24, 2026",2026-01,5000,COGS - Materials,3430.35,0,COGS,AR,INV-60390
JE-001860,2026-01-24,2026-01,1230,Inventory - Purchased for Resale,0,3430.35,Inventory relief,AR,INV-60390
JE-003858,01/24/2026 ,2026-01,1230 ,Inventory - Purchased for Resale,843788.75,0,PO receipt PO-31047,INV,RCV-40046
JE-003859,2026-01-24,2026-01,2050,GR/IR Clearing (Received Not Invoiced),0,843788.75,PO receipt PO-31047,INV,RCV-40046
JE-002442,2026-01-25,2026-01,1000,Operating Cash,939.51,0,Customer payment,AR,KBD-CR00065
JE-002443,2026-01-25,2026-01,1100,Accounts Receivable,0,939.51,Customer payment,AR,KBD-CR00065
JE-002452,2026-01-25,2026-01,1000,Operating Cash,16946.89,0,Customer payment,AR,KBD-CR00070
JE-002453,2026-01-25,2026-01,1100,Accounts Receivable,0,16946.89,Customer payment,AR,KBD-CR00070
JE-001251,2026-01-26,2026-01,1100,Accounts Receivable,2100.92,0,Invoice INV-60264,AR,INV-60264
JE-001252,2026-01-26,2026-01,4010,Product Sales - Distributed ,0,1566.26,Invoice INV-60264,AR,INV-60264
JE-001253,2026-01-26,2026-01,4100,Freight Revenue,0,534.66,Freight billed,AR,INV-60264
JE-001254,2026-01-26,2026-01,5000,COGS - Materials,1051.7,0,COGS,AR,INV-60264
JE-001255,2026-01-26,2026-01,1230 ,Inventory - Purchased for Resale,0,1051.7,Inventory relief,AR,INV-60264
JE-003637,"Jan 26, 2026 ",2026-01,2050,GR/IR Clearing (Received Not Invoiced),678497.12,0,Supplier inv SI4617165,AP,SI4617165
JE-003638,01/26/2026,2026-01,2000,Accounts Payable,0,678497.12,Supplier inv SI4617165,AP,SI4617165
JE-000157,2026-01-27,2026-01,1100,Accounts Receivable,5194.53,0,Invoice INV-60034,AR,INV-60034
JE-000158,2026-01-27,2026-01,4010,Product Sales - Distributed,0,4843.38,Invoice INV-60034,AR,INV-60034 
JE-000159,2026-01-27,2026-01,2100,Accrued Expenses,0,351.15,Sales tax payable,AR,INV-60034
JE-000160,2026-01-27,2026-01,5000,COGS - Materials,3121.95,0,COGS,AR,INV-60034
JE-000161,2026-01-27,2026-01,1230,Inventory - Purchased for Resale,0,3121.95,Inventory relief,AR,INV-60034
JE-000162,2026-01-27,2026-01,1100,Accounts Receivable,9041.13,0,Invoice INV-60035,AR,INV-60035
JE-000163,2026-01-27,2026-01,4010,Product Sales - Distributed,0,5776.6,Invoice INV-60035,AR,INV-60035
JE-000164,2026-01-27,2026-01,4100,Freight Revenue,0,3264.53,Freight billed,AR,INV-60035
JE-000165,2026-01-27,2026-01,5000,COGS - Materials,4612.88,0,COGS,AR,INV-60035
JE-000166,2026-01-27,2026-01,1230,Inventory - Purchased for Resale,0,4612.88,Inventory relief,AR,INV-60035
JE-001756,2026-01-27,2026-01,1100,Accounts Receivable,13166.91,0,Invoice INV-60369,AR,INV-60369
JE-001757,01/27/26,2026-01,4010,Product Sales - Distributed,0,12276.84,Invoice INV-60369,AR,INV-60369
JE-001758,2026-01-27,2026-01,2100,Accrued Expenses,0,890.07,Sales tax payable,AR,INV-60369
JE-001759,2026-01-27,2026-01,5000,COGS - Materials,8295.16,0,COGS,AR,INV-60369
JE-001760,2026-01-27,2026-01,1230,Inventory - Purchased for Resale,0,8295.16,Inventory relief,AR,INV-60369
JE-004168,01/27/26,2026-01,1230,Inventory - Purchased for Resale,8677.5,0,PO receipt PO-31205,INV,RCV-40201
JE-004169,2026-01-27,2026-01,2050,GR/IR Clearing (Received Not Invoiced),0,8677.5,PO receipt PO-31205,INV,RCV-40201
JE-004236,2026-01-27,2026-01,1230,Inventory - Purchased for Resale,665.7,0,PO receipt PO-31243,INV,RCV-40235
JE-004237,2026-01-27,2026-01,2050,GR/IR Clearing (Received Not Invoiced),0,665.7,PO receipt PO-31243,INV,RCV-40235
JE-002526,28-Jan-2026,2026-01,1000,Operating Cash,16826.2,0,Customer payment,AR,KBD-CR00107
JE-002527,2026-01-28,2026-01,1100,Accounts Receivable,0,16826.2,Customer payment,AR,KBD-CR00107
JE-002874,2026-01-28,2026-01,1000,Operating Cash,6163.49,0,Customer payment,AR,KBD-CR00281
JE-002875,2026-01-28,2026-01,1100,Accounts Receivable,0,6163.49,Customer payment,AR,KBD-CR00281
JE-003214 ,2026-01-28,2026-01,2050,GR/IR Clearing (Received Not Invoiced),843788.75,0,Supplier inv INV9660187,AP,INV9660187
JE-003215,"Jan 28, 2026",2026-01,2000,Accounts Payable,0,843788.75,Supplier inv INV9660187,AP,INV9660187
JE-003595,2026-01-28,2026-01,2050,GR/IR Clearing (Received Not Invoiced),8066.05,0,Supplier inv INV5696508,AP,INV5696508
JE-003596 ,2026-01-28,2026-01,5300,Freight In,129.09,0,Freight in,AP,INV5696508
JE-003597,2026-01-28,2026-01,2000,Accounts Payable,0,8195.14,Supplier inv INV5696508,AP,INV5696508
JE-004196,2026-01-28,2026-01,1230,Inventory - Purchased for Resale ,8134.75,0,PO receipt PO-31221,INV,RCV-40215
JE-004197,2026-01-28,2026-01,2050,GR/IR Clearing (Received Not Invoiced),0,8134.75,PO receipt PO-31221,INV,RCV-40215
JE-000936,2026-01-29,2026-01,1100,Accounts Receivable,3843.03,0,Invoice INV-60197,AR,INV-60197
JE-000937,2026-01-29,2026-01,4010,Product Sales - Distributed,0,3843.03,Invoice INV-60197,AR,INV-60197
JE-000938,2026-01-29,2026-01,5000,COGS - Materials,2311.6,0,COGS,AR,INV-60197
JE-000939,"Jan 29, 2026",2026-01,1230,Inventory - Purchased for Resale,0,2311.6,Inventory relief,AR,INV-60197
JE-002570,2026-01-29,2026-01,1000 ,Operating Cash,10873.87,0,Customer payment,AR,KBD-CR00129
JE-002571,2026-01-29,2026-01,1100,Accounts Receivable,0,10873.87,Customer payment,AR,KBD-CR00129
JE-002806,2026-01-29,2026-01,1000,Operating Cash,2295.27,0,Customer payment,AR,KBD-CR00247
JE-002807,2026-01-29,2026-01,1100,Accounts Receivable,0,2295.27,Customer payment,AR,KBD-CR00247
JE-002940,29-Jan-2026,2026-01,1000,Operating Cash,21867.22,0,Customer payment ,AR,KBD-CR00314
JE-002941,2026-01-29,2026-01,1100,Accounts Receivable,0,21867.22,Customer payment,AR,KBD-CR00314
JE-003102,2026-01-29,2026-01,1000,Operating Cash,27248.92,0,Customer payment,AR,KBD-CR00395
JE-003103,2026-01-29,2026-01,1100,Accounts Receivable,0,27248.92,Customer payment,AR,KBD-CR00395
JE-003420,2026-01-29,2026-01,2050,GR/IR Clearing (Received Not Invoiced),36372.28,0,Supplier inv 93940035,AP,93940035
JE-003421,2026-01-29,2026-01,2000,Accounts Payable,0,36372.28,Supplier inv 93940035,AP ,93940035
JE-004040,2026-01-29,2026-01,1230,Inventory - Purchased for Resale,36372.28,0,PO receipt PO-31139,INV,RCV-40137
JE-004041,2026-01-29,2026-01,2050,GR/IR Clearing (Received Not Invoiced),0,36372.28,PO receipt PO-31139,INV ,RCV-40137
JE-004084,2026-01-29,2026-01,1230,Inventory - Purchased for Resale,311169.73,0,PO receipt PO-31162,INV,RCV-40159
JE-004085,2026-01-29,2026-01,2050,GR/IR Clearing (Received Not Invoiced),0,311169.73,PO receipt PO-31162,INV,RCV-40159
JE-004272,2026-01-29,2026-01,1230,Inventory - Purchased for Resale,1270.0,0,PO receipt PO-31261,INV,RCV-40253
JE-004273,01/29/26,2026-01,2050,GR/IR Clearing (Received Not Invoiced),0,1270.0,PO receipt PO-31261,INV,RCV-40253
JE-000626 ,2026-01-30,2026-01,1100,Accounts Receivable,13728.82,0,Invoice INV-60133,AR,INV-60133
JE-000627,2026-01-30,2026-01,4010,Product Sales - Distributed,0,12604.41,Invoice INV-60133,AR,INV-60133
JE-000628,2026-01-30,2026-01,4100,Freight Revenue,0,210.59,Freight billed,AR,INV-60133
JE-000629,2026-01-30 ,2026-01,2100,Accrued Expenses,0,913.82,Sales tax payable,AR,INV-60133
JE-000630,2026-01-30,2026-01,5000,COGS - Materials,8978.67,0,COGS,AR,INV-60133
JE-000631,2026-01-30 ,2026-01,1230 ,Inventory - Purchased for Resale,0,8978.67,Inventory relief,AR,INV-60133
JE-002436,2026-01-30,2026-01,1000,Operating Cash,118.28,0,Customer payment,AR,KBD-CR00062
JE-002437,01/30/2026,2026-01,1100,Accounts Receivable,0,118.28,Customer payment,AR,KBD-CR00062
JE-002656,2026-01-30,2026-01,1000,Operating Cash,19858.86,0,Customer payment,AR,KBD-CR00172
JE-002657,2026-01-30,2026-01,1100,Accounts Receivable,0,19858.86,Customer payment,AR,KBD-CR00172
JE-002672,2026-01-30,2026-01,1000,Operating Cash,37589.03,0,Customer payment,AR,KBD-CR00180
JE-002673,2026-01-30,2026-01,1100,Accounts Receivable,0,37589.03,Customer payment,AR,KBD-CR00180
JE-002906,2026-01-30,2026-01,1000,Operating Cash,13371.23,0,Customer payment,AR,KBD-CR00297
JE-002907,2026-01-30,2026-01,1100,Accounts Receivable,0,13371.23,Customer payment,AR,KBD-CR00297
JE-003249,2026-01-30,2026-01,2050,GR/IR Clearing (Received Not Invoiced),15550.15,0,Supplier inv 4670772,AP,4670772
JE-003250,2026-01-30,2026-01,5300,Freight In,7.84,0,Freight in,AP,4670772
JE-003251,2026-01-30,2026-01 ,2000,Accounts Payable,0,15557.99,Supplier inv 4670772,AP,4670772
JE-004138,2026-01-30,2026-01,1230,Inventory - Purchased for Resale,8195.08,0,PO receipt PO-31190,INV,RCV-40186
JE-004139,2026-01-30,2026-01,2050,GR/IR Clearing (Received Not Invoiced),0,8195.08,PO receipt PO-31190,INV,RCV-40186
JE-000457,"Jan 31, 2026",2026-01,1100,Accounts Receivable,192.46,0,Invoice INV-60097,AR,INV-60097
JE-000458 ,2026-01-31,2026-01,4010,Product Sales - Distributed,0,192.46,Invoice INV-60097,AR,INV-60097
JE-000459,2026-01-31,2026-01,5000,COGS - Materials,115.11,0,COGS,AR,INV-60097
JE-000460,2026-01-31,2026-01,1230,Inventory - Purchased for Resale,0,115.11,Inventory relief,AR,INV-60097
JE-001431,2026-01-31,2026-01,1100,Accounts Receivable,21382.48,0,Invoice INV-60301,AR,INV-60301
JE-001432,2026-01-31,2026-01,4010,Product Sales - Distributed,0,20951.09,Invoice INV-60301,AR,INV-60301
JE-001433,01/31/26,2026-01,4100,Freight Revenue,0,431.39,Freight billed,AR,INV-60301
JE-001434,31-Jan-2026,2026-01,5000,COGS - Materials,13645.5,0,COGS,AR,INV-60301
JE-001435,"Jan 31, 2026",2026-01,1230,Inventory - Purchased for Resale,0,13645.5,Inventory relief,AR,INV-60301
JE-001841,"Jan 31, 2026",2026-01,1100,Accounts Receivable,30411.86,0,Invoice INV-60387,AR,INV-60387
JE-001842,2026-01-31,2026-01,4010,Product Sales - Distributed,0,28356.05,Invoice INV-60387,AR,INV-60387
JE-001843,2026-01-31,2026-01,2100,Accrued Expenses,0,2055.81,Sales tax payable,AR,INV-60387
JE-001844,2026-01-31 ,2026-01,5000,COGS - Materials,20072.57,0,COGS,AR,INV-60387
JE-001845,2026-01-31,2026-01 ,1230,Inventory - Purchased for Resale,0,20072.57,Inventory relief,AR,INV-60387
JE-002350,2026-01-31,2026-01,1000,Operating Cash,22534.43,0,Customer payment,AR,KBD-CR00019
JE-002351,2026-01-31,2026-01,1100,Accounts Receivable,0,22534.43,Customer payment,AR,KBD-CR00019
JE-002726,2026-01-31,2026-01,1000,Operating Cash,28543.11,0,Customer payment,AR,KBD-CR00207
JE-002727,2026-01-31,2026-01 ,1100,Accounts Receivable,0,28543.11,Customer payment,AR,KBD-CR00207
JE-003639,2026-01-31 ,2026-01,2050,GR/IR Clearing (Received Not Invoiced),665.7,0,Supplier inv SI2041771,AP,SI2041771
JE-003640,2026-01-31,2026-01,2000,Accounts Payable,0,665.7,Supplier inv SI2041771,AP,SI2041771
JE-003681,2026-01-31,2026-01,2050,GR/IR Clearing (Received Not Invoiced),1270.0,0,Supplier inv 96174862,AP,96174862
JE-003682,2026-01-31,2026-01,2000,Accounts Payable,0,1270.0,Supplier inv 96174862,AP,96174862
JE-004358,2026-01-31,2026-01,6700,Office & Supplies,838.67,0,"Iron Mountain Information Management, LLC",AP ,KBD-AP00007
JE-004359,2026-01-31,2026-01,2000,Accounts Payable,0,838.67,"Iron Mountain Information Management, LLC",AP,KBD-AP00007
JE-004392,2026-01-31,2026-01,6700,Office & Supplies,1772.11,0,Cintas Corp #472,AP,KBD-AP00024
JE-004393,2026-01-31,2026-01,2000,Accounts Payable,0,1772.11,Cintas Corp #472,AP,KBD-AP00024
JE-004430,2026-01-31,2026-01,5300,Freight In,27.08,0,FEDEX,AP,KBD-AP00043
JE-004431,2026-01-31,2026-01,2000,Accounts Payable,0,27.08,FEDEX,AP,KBD-AP00043
JE-004454,2026-01-31,2026-01,6300,Rent,14200,0,Allentown Industrial Park LLC,AP,KBD-AP00055
JE-004455,2026-01-31,2026-01,2000,Accounts Payable,0,14200,Allentown Industrial Park LLC,AP,KBD-AP00055
JE-004478,2026-01-31,2026-01,6400,Software Subscriptions,9000.0,0,NetSuite,AP,SW-NETSUI
JE-004479,2026-01-31,2026-01,2000,Accounts Payable,0,9000.0,NetSuite,AP,SW-NETSUI
JE-004502,2026-01-31,2026-01,6400,Software Subscriptions,1725.0,0,Autodesk Inventor,AP,SW-AUTODE
JE-004503,2026-01-31,2026-01,2000,Accounts Payable,0,1725.0,Autodesk Inventor,AP,SW-AUTODE
JE-004526,01/31/26,2026-01,6400,Software Subscriptions,400.0,0,uniPoint QMS,AP,SW-UNIPOI
JE-004527,"Jan 31, 2026",2026-01,2000,Accounts Payable,0,400.0,uniPoint QMS,AP,SW-UNIPOI
JE-004550,2026-01-31,2026-01,6400,Software Subscriptions,787.5,0,Microsoft 365 Business Standard,AP,SW-MICROS
JE-004551,2026-01-31,2026-01,2000,Accounts Payable,0,787.5,Microsoft 365 Business Standard,AP,SW-MICROS
JE-004574,31-Jan-2026,2026-01,6400,Software Subscriptions,1980.0,0,Paycom,AP,SW-PAYCOM
JE-004575,2026-01-31,2026-01,2000,Accounts Payable,0,1980.0,Paycom,AP,SW-PAYCOM
JE-004598,2026-01-31 ,2026-01,6400,Software Subscriptions,1200.0,0,ShipStation,AP,SW-SHIPST
JE-004599,2026-01-31,2026-01,2000,Accounts Payable,0,1200.0,ShipStation,AP,SW-SHIPST
JE-004622,2026-01-31,2026-01,6400,Software Subscriptions,720.0,0,HubSpot Sales Hub,AP,SW-HUBSPO
JE-004623,2026-01-31,2026-01,2000,Accounts Payable,0,720.0,HubSpot Sales Hub,AP,SW-HUBSPO
JE-004646,2026-01-31,2026-01,6400,Software Subscriptions,567.0,0,Expensify,AP,SW-EXPENS
JE-004647,2026-01-31,2026-01,2000,Accounts Payable,0,567.0,Expensify,AP,SW-EXPENS
JE-004670,2026-01-31,2026-01,6400,Software Subscriptions,880.0,0,Dropbox Business,AP,SW-DROPBO
JE-004671,2026-01-31,2026-01,2000,Accounts Payable,0,880.0,Dropbox Business,AP,SW-DROPBO 
JE-004694,2026-01-31,2026-01,6400,Software Subscriptions,630.0,0,Zoom Workplace,AP,SW-ZOOMW
JE-004695 ,2026-01-31,2026-01,2000,Accounts Payable,0,630.0,Zoom Workplace,AP,SW-ZOOMW
JE-004718,2026-01-31,2026-01,6400,Software Subscriptions,392.0,0,8x8 Work,AP,SW-8X8WO
JE-004719,2026-01-31,2026-01,2000,Accounts Payable,0,392.0,8x8 Work,AP,SW-8X8WO
JE-004742,2026-01-31,2026-01,6000,Salaries & Wages,342718.4,0,Monthly payroll,PR,PR-202601
JE-004743,2026-01-31,2026-01,2300,Payroll Liabilities,0,342718.4,Monthly payroll,PR,PR-202601
JE-000120,01-Feb-2026,2026-02,1100,Accounts Receivable,3104.57,0,Invoice INV-60026,AR,INV-60026
JE-000121,2026-02-01,2026-02,4010,Product Sales - Distributed,0,3104.57,Invoice INV-60026,AR,INV-60026
JE-000122,2026-02-01,2026-02,5000,COGS - Materials,1993.75,0,COGS,AR,INV-60026
JE-000123,2026-02-01,2026-02,1230,Inventory - Purchased for Resale,0,1993.75,Inventory relief,AR,INV-60026
JE-000581,2026-02-01,2026-02,1100,Accounts Receivable,17638.94,0,Invoice INV-60123,AR,INV-60123
JE-000582,2026-02-01,2026-02,4010,Product Sales - Distributed,0,9634.04,Invoice INV-60123,AR,INV-60123
JE-000583,2026-02-01,2026-02,4100,Freight Revenue,0,8004.9,Freight billed,AR,INV-60123
JE-000584,2026-02-01,2026-02,5000,COGS - Materials,6358.88,0,COGS,AR,INV-60123
JE-000585,2026-02-01,2026-02,1230,Inventory - Purchased for Resale,0,6358.88,Inventory relief,AR,INV-60123
JE-001066,2026-02-01,2026-02,1100,Accounts Receivable,28705.07,0,Invoice INV-60225,AR,INV-60225
JE-001067,2026-02-01,2026-02,4010,Product Sales - Distributed,0,28508.83,Invoice INV-60225,AR,INV-60225
JE-001068,2026-02-01,2026-02,4100,Freight Revenue,0,196.24,Freight billed,AR,INV-60225
JE-001069,2026-02-01,2026-02,5000,COGS - Materials,21231.73,0,COGS,AR,INV-60225
JE-001070,2026-02-01,2026-02 ,1230,Inventory - Purchased for Resale,0,21231.73,Inventory relief ,AR,INV-60225
JE-001686,2026-02-01,2026-02,1100,Accounts Receivable,2672.88,0,Invoice INV-60354,AR,INV-60354
JE-001687,2026-02-01,2026-02,4010,Product Sales - Distributed,0,2672.88,Invoice INV-60354,AR,INV-60354
JE-001688,2026-02-01,2026-02 ,5000,COGS - Materials,2000.58,0,COGS,AR ,INV-60354
JE-001689,2026-02-01,2026-02,1230,Inventory - Purchased for Resale,0,2000.58,Inventory relief,AR,INV-60354
JE-002450,2026-02-01,2026-02,1000,Operating Cash,89139.72,0,Customer payment,AR,KBD-CR00069
JE-002451,2026-02-01,2026-02,1100,Accounts Receivable,0,89139.72,Customer payment,AR,KBD-CR00069
JE-002766,2026-02-01,2026-02,1000,Operating Cash,3293.75,0,Customer payment,AR,KBD-CR00227
JE-002767,2026-02-01,2026-02,1100,Accounts Receivable,0,3293.75,Customer payment,AR,KBD-CR00227
JE-002910,02/01/26,2026-02,1000,Operating Cash,11986.17,0,Customer payment,AR,KBD-CR00299
JE-002911,2026-02-01,2026-02,1100,Accounts Receivable,0,11986.17,Customer payment,AR,KBD-CR00299
JE-003471,01-Feb-2026 ,2026-02,2050,GR/IR Clearing (Received Not Invoiced),318958.48,0,Supplier inv 93318974,AP,93318974
JE-003472,2026-02-01,2026-02,2000,Accounts Payable,0,318958.48,Supplier inv 93318974,AP,93318974
JE-003530,2026-02-01,2026-02,2050,GR/IR Clearing (Received Not Invoiced),8195.08,0,Supplier inv SI9082381,AP,SI9082381
JE-003531,01-Feb-2026,2026-02,5300,Freight In,91.79,0,Freight in,AP,SI9082381
JE-003532,02/01/2026,2026-02,2000,Accounts Payable,0,8286.87,Supplier inv SI9082381,AP ,SI9082381
JE-004268,2026-02-01,2026-02,1230,Inventory - Purchased for Resale ,257470.19,0,PO receipt PO-31259,INV,RCV-40251
JE-004269,2026-02-01,2026-02,2050,GR/IR Clearing (Received Not Invoiced),0,257470.19,PO receipt PO-31259,INV,RCV-40251
JE-001923,02/02/2026,2026-02,1100,Accounts Receivable,16361.7,0,Invoice INV-60404,AR,INV-60404
JE-001924,2026-02-02,2026-02,4010,Product Sales - Distributed,0,16361.7,Invoice INV-60404,AR,INV-60404
JE-001925,2026-02-02,2026-02,5000,COGS - Materials,10607.88,0,COGS,AR,INV-60404
JE-001926,2026-02-02,2026-02 ,1230,Inventory - Purchased for Resale,0,10607.88,Inventory relief,AR,INV-60404
JE-002662,2026-02-02,2026-02,1000,Operating Cash,844.09,0,Customer payment,AR,KBD-CR00175
JE-002663,2026-02-02,2026-02,1100,Accounts Receivable,0,844.09,Customer payment,AR,KBD-CR00175
JE-003988,2026-02-02,2026-02,1230,Inventory - Purchased for Resale,4559.56,0,PO receipt PO-31113,INV,RCV-40111
JE-003989,2026-02-02,2026-02,2050,GR/IR Clearing (Received Not Invoiced),0,4559.56,PO receipt PO-31113,INV,RCV-40111
JE-000808,2026-02-03,2026-02,1100,Accounts Receivable,32660.61,0,Invoice INV-60171,AR,INV-60171
JE-000809,2026-02-03,2026-02,4010,Product Sales - Distributed,0,32660.61,Invoice INV-60171,AR,INV-60171
JE-000810,2026-02-03,2026-02,5000,COGS - Materials,24698.31,0,COGS,AR,INV-60171
JE-000811,2026-02-03,2026-02,1230,Inventory - Purchased for Resale,0,24698.31,Inventory relief,AR,INV-60171
JE-002568,2026-02-03,2026-02,1000,Operating Cash,3166.41,0,Customer payment,AR,KBD-CR00128
JE-002569,02/03/2026,2026-02,1100,Accounts Receivable,0,3166.41,Customer payment,AR,KBD-CR00128
JE-002850,2026-02-03,2026-02,1000,Operating Cash,1474.18,0,Customer payment,AR,KBD-CR00269
JE-002851,2026-02-03,2026-02,1100,Accounts Receivable,0,1474.18,Customer payment,AR ,KBD-CR00269
JE-003564,2026-02-03,2026-02,2050,GR/IR Clearing (Received Not Invoiced),8677.5,0,Supplier inv INV4494787,AP,INV4494787
JE-003565,2026-02-03,2026-02,2000,Accounts Payable,0,8677.5,Supplier inv INV4494787,AP,INV4494787
JE-001294,02/04/2026,2026-02,1100,Accounts Receivable,12956.6,0,Invoice INV-60273,AR,INV-60273
JE-001295,2026-02-04,2026-02,4010,Product Sales - Distributed,0,12080.75,Invoice INV-60273,AR,INV-60273
JE-001296,2026-02-04,2026-02,2100,Accrued Expenses,0,875.85,Sales tax payable ,AR,INV-60273
JE-001297,02/04/26,2026-02,5000,COGS - Materials,8523.07,0,COGS,AR,INV-60273
JE-001298,2026-02-04,2026-02,1230,Inventory - Purchased for Resale,0,8523.07,Inventory relief,AR,INV-60273
JE-003677,2026-02-04,2026-02,2050,GR/IR Clearing (Received Not Invoiced),264569.39,0,Supplier inv 95700268,AP,95700268
JE-003678,2026-02-04,2026-02,2000,Accounts Payable,0,264569.39,Supplier inv 95700268,AP,95700268
JE-003952,2026-02-04,2026-02,1230,Inventory - Purchased for Resale,5326.74,0,PO receipt PO-31095,INV,RCV-40093
JE-003953,2026-02-04,2026-02,2050,GR/IR Clearing (Received Not Invoiced),0,5326.74,PO receipt PO-31095,INV,RCV-40093
JE-002768,2026-02-05,2026-02,1000,Operating Cash,24426.24,0,Customer payment,AR,KBD-CR00228
JE-002769,2026-02-05,2026-02,1100,Accounts Receivable,0,24426.24,Customer payment,AR,KBD-CR00228
JE-004114,2026-02-05,2026-02,1230,Inventory - Purchased for Resale,15576.64,0,PO receipt PO-31178,INV,RCV-40174
JE-004115,2026-02-05,2026-02,2050,GR/IR Clearing (Received Not Invoiced),0,15576.64,PO receipt PO-31178,INV,RCV-40174
JE-000072,2026-02-06,2026-02,1100,Accounts Receivable,4963.08,0,Invoice INV-60016,AR,INV-60016
JE-000073,2026-02-06,2026-02,4010,Product Sales - Distributed,0,4963.08,Invoice INV-60016,AR,INV-60016
JE-000074,2026-02-06,2026-02,5000,COGS - Materials,2782.04,0,COGS,AR,INV-60016
JE-000075,06-Feb-2026,2026-02,1230,Inventory - Purchased for Resale,0,2782.04,Inventory relief,AR,INV-60016
JE-000143,2026-02-06,2026-02,1100,Accounts Receivable,1382.06,0,Invoice INV-60031,AR,INV-60031
JE-000144,2026-02-06,2026-02,4010,Product Sales - Distributed,0,1382.06,Invoice INV-60031,AR,INV-60031
JE-000145,2026-02-06,2026-02 ,5000,COGS - Materials,798.8,0,COGS ,AR,INV-60031
JE-000146,2026-02-06,2026-02,1230,Inventory - Purchased for Resale,0,798.8,Inventory relief,AR,INV-60031
JE-001426,2026-02-06,2026-02,1100,Accounts Receivable,5097.1,0,Invoice INV-60300,AR,INV-60300
JE-001427,2026-02-06,2026-02,4010,Product Sales - Distributed,0,4752.54,Invoice INV-60300,AR,INV-60300
JE-001428,2026-02-06,2026-02,2100,Accrued Expenses,0,344.56,Sales tax payable,AR,INV-60300
JE-001429,2026-02-06,2026-02,5000,COGS - Materials,3700.44,0,COGS,AR,INV-60300
JE-001430,2026-02-06,2026-02,1230,Inventory - Purchased for Resale,0,3700.44,Inventory relief,AR,INV-60300
JE-001766,2026-02-06,2026-02,1100,Accounts Receivable,3078.4,0,Invoice INV-60371,AR,INV-60371
JE-001767,2026-02-06,2026-02,4010,Product Sales - Distributed,0,2870.3,Invoice INV-60371,AR,INV-60371
JE-001768,2026-02-06,2026-02,2100,Accrued Expenses,0,208.1,Sales tax payable,AR,INV-60371
JE-001769,2026-02-06,2026-02,5000,COGS - Materials,2161.05,0,COGS,AR,INV-60371
JE-001770,2026-02-06,2026-02,1230,Inventory - Purchased for Resale,0,2161.05,Inventory relief,AR,INV-60371
JE-002320,2026-02-06,2026-02,1000,Operating Cash,43941.05,0,Customer payment,AR,KBD-CR00004
JE-002321,2026-02-06,2026-02,1100,Accounts Receivable,0,43941.05,Customer payment,AR,KBD-CR00004
JE-002414,2026-02-06,2026-02,1000,Operating Cash,79451.05,0,Customer payment,AR,KBD-CR00051
JE-002415,2026-02-06,2026-02,1100,Accounts Receivable,0,79451.05,Customer payment,AR,KBD-CR00051
JE-002520 ,2026-02-06,2026-02,1000,Operating Cash,17638.94,0,Customer payment,AR,KBD-CR00104
JE-002521,2026-02-06,2026-02,1100,Accounts Receivable,0,17638.94,Customer payment,AR,KBD-CR00104
JE-002532,2026-02-06,2026-02,1000,Operating Cash,4676.01,0,Customer payment,AR,KBD-CR00110
JE-002533,2026-02-06,2026-02,1100,Accounts Receivable,0,4676.01,Customer payment,AR,KBD-CR00110
JE-002852,2026-02-06,2026-02,1000,Operating Cash,10041.57,0,Customer payment,AR,KBD-CR00270
JE-002853,02/06/26,2026-02,1100,Accounts Receivable,0,10041.57,Customer payment,AR,KBD-CR00270
JE-003317,2026-02-06,2026-02,2050,GR/IR Clearing (Received Not Invoiced),5326.74,0,Supplier inv INV2881961,AP,INV2881961
JE-003318,2026-02-06,2026-02,2000,Accounts Payable,0,5326.74,Supplier inv INV2881961,AP,INV2881961
JE-001695,2026-02-07,2026-02,1100,Accounts Receivable,43961.52,0,Invoice INV-60356,AR ,INV-60356
JE-001696,2026-02-07,2026-02,4010,Product Sales - Distributed,0,32510.39,Invoice INV-60356,AR,INV-60356
JE-001697,2026-02-07,2026-02,4100,Freight Revenue,0,9094.13,Freight billed,AR,INV-60356
JE-001698,2026-02-07,2026-02,2100,Accrued Expenses,0,2357.0,Sales tax payable,AR,INV-60356
JE-001699,2026-02-07,2026-02,5000,COGS - Materials,20600.48,0,COGS,AR,INV-60356
JE-001700,2026-02-07,2026-02,1230,Inventory - Purchased for Resale ,0,20600.48,Inventory relief,AR,INV-60356
JE-002984,2026-02-07,2026-02,1000,Operating Cash,19471.61,0,Customer payment,AR,KBD-CR00336
JE-002985,2026-02-07,2026-02,1100,Accounts Receivable,0,19471.61,Customer payment,AR,KBD-CR00336
JE-004200,2026-02-07,2026-02,1230,Inventory - Purchased for Resale,562393.47,0,PO receipt PO-31223,INV,RCV-40217
JE-004201,2026-02-07,2026-02,2050,GR/IR Clearing (Received Not Invoiced),0,562393.47,PO receipt PO-31223,INV ,RCV-40217
JE-003361,2026-02-08,2026-02,2050,GR/IR Clearing (Received Not Invoiced),4559.56,0,Supplier inv INV2818920,AP,INV2818920
JE-003362,"Feb 08, 2026",2026-02,2000,Accounts Payable ,0,4559.56,Supplier inv INV2818920,AP,INV2818920
JE-002224,02/09/2026,2026-02,1100,Accounts Receivable,2701.19,0,Invoice INV-60469,AR,INV-60469 
JE-002225,2026-02-09,2026-02,4010,Product Sales - Distributed,0,2701.19,Invoice INV-60469,AR,INV-60469
JE-002226,2026-02-09,2026-02,5000,COGS - Materials,1861.68,0,COGS,AR,INV-60469
JE-002227,2026-02-09,2026-02,1230,Inventory - Purchased for Resale,0,1861.68,Inventory relief,AR,INV-60469
JE-002724,2026-02-09,2026-02,1000,Operating Cash,10411.58,0,Customer payment,AR,KBD-CR00206
JE-002725,"Feb 09, 2026",2026-02,1100,Accounts Receivable,0,10411.58,Customer payment,AR,KBD-CR00206
JE-003026,2026-02-09,2026-02,1000,Operating Cash,51597.42,0,Customer payment,AR,KBD-CR00357
JE-003027,2026-02-09,2026-02,1100,Accounts Receivable,0,51597.42,Customer payment ,AR,KBD-CR00357
JE-003506,2026-02-09,2026-02,2050,GR/IR Clearing (Received Not Invoiced),85801.2,0,Supplier inv 5443768,AP,5443768
JE-003507,2026-02-09,2026-02,2000,Accounts Payable,0,85801.2,Supplier inv 5443768,AP,5443768
JE-003600,2026-02-09,2026-02,2050,GR/IR Clearing (Received Not Invoiced),551590.99,0,Supplier inv 94218643,AP,94218643
JE-003601,02/09/26,2026-02,2000,Accounts Payable,0,551590.99,Supplier inv 94218643,AP,94218643
JE-003627,2026-02-09,2026-02,2050,GR/IR Clearing (Received Not Invoiced),40252.69,0,Supplier inv 97264916,AP ,97264916
JE-003628,2026-02-09,2026-02,5300,Freight In,54.64,0,Freight in,AP,97264916
JE-003629,2026-02-09,2026-02,2000,Accounts Payable,0,40307.33,Supplier inv 97264916,AP,97264916
JE-004116,2026-02-09,2026-02,1230,Inventory - Purchased for Resale,85801.2,0,PO receipt PO-31179,INV,RCV-40175
JE-004117,2026-02-09 ,2026-02,2050,GR/IR Clearing (Received Not Invoiced),0,85801.2,PO receipt PO-31179,INV,RCV-40175
JE-004226,2026-02-09,2026-02,1230,Inventory - Purchased for Resale,40054.69,0,PO receipt PO-31237,INV,RCV-40230
JE-004227,2026-02-09,2026-02,2050,GR/IR Clearing (Received Not Invoiced),0,40054.69,PO receipt PO-31237,INV,RCV-40230
JE-002129,2026-02-10,2026-02,1100,Accounts Receivable,4935.86,0,Invoice INV-60449,AR,INV-60449
JE-002130,2026-02-10,2026-02,4010,Product Sales - Distributed,0,4602.2,Invoice INV-60449,AR,INV-60449
JE-002131,2026-02-10,2026-02,2100,Accrued Expenses,0,333.66,Sales tax payable,AR,INV-60449
JE-002132,2026-02-10,2026-02,5000,COGS - Materials,2784.15,0,COGS,AR,INV-60449
JE-002133,2026-02-10,2026-02,1230,Inventory - Purchased for Resale,0,2784.15,Inventory relief,AR,INV-60449
JE-002354,2026-02-10,2026-02,1000,Operating Cash,4955.58,0,Customer payment,AR,KBD-CR00021
JE-002355,2026-02-10,2026-02,1100,Accounts Receivable,0,4955.58,Customer payment,AR,KBD-CR00021 
JE-003086,2026-02-10,2026-02,1000,Operating Cash,2423.25,0,Customer payment,AR,KBD-CR00387
JE-003087,"Feb 10, 2026",2026-02,1100,Accounts Receivable,0,2423.25,Customer payment,AR,KBD-CR00387
JE-004306,2026-02-10,2026-02,1230,Inventory - Purchased for Resale,94231.4,0,PO receipt PO-31280,INV,RCV-40270
JE-004307,10-Feb-2026,2026-02,2050,GR/IR Clearing (Received Not Invoiced),0,94231.4,PO receipt PO-31280,INV,RCV-40270
JE-001648,2026-02-11,2026-02,1100,Accounts Receivable,33342.76,0,Invoice INV-60346,AR,INV-60346
JE-001649,2026-02-11,2026-02,4010,Product Sales - Distributed,0,32877.93,Invoice INV-60346,AR,INV-60346
JE-001650,2026-02-11,2026-02,4100,Freight Revenue,0,464.83,Freight billed,AR,INV-60346
JE-001651,2026-02-11,2026-02,5000,COGS - Materials,20212.98,0,COGS,AR,INV-60346
JE-001652,2026-02-11,2026-02,1230,Inventory - Purchased for Resale,0,20212.98,Inventory relief,AR,INV-60346
JE-003998,"Feb 11, 2026",2026-02,1230,Inventory - Purchased for Resale,255715.0,0,PO receipt PO-31118,INV,RCV-40116
JE-003999,02/11/26,2026-02,2050,GR/IR Clearing (Received Not Invoiced),0,255715.0,PO receipt PO-31118,INV,RCV-40116
JE-001109,2026-02-12,2026-02,1100,Accounts Receivable,537.2,0,Invoice INV-60234 ,AR,INV-60234
JE-001110,2026-02-12,2026-02,4010,Product Sales - Distributed,0,537.2,Invoice INV-60234,AR,INV-60234
JE-001111,2026-02-12,2026-02,5000,COGS - Materials,428.4,0,COGS,AR,INV-60234
JE-001112,2026-02-12,2026-02,1230,Inventory - Purchased for Resale,0,428.4,Inventory relief,AR,INV-60234
JE-001414,2026-02-12,2026-02,1100,Accounts Receivable,39082.63,0,Invoice INV-60298,AR,INV-60298
JE-001415,2026-02-12,2026-02 ,4010,Product Sales - Distributed,0,36019.84,Invoice INV-60298,AR,INV-60298
JE-001416,02/12/26,2026-02,4100,Freight Revenue,0,451.35,Freight billed,AR,INV-60298
JE-001417,2026-02-12,2026-02 ,2100,Accrued Expenses,0,2611.44,Sales tax payable,AR,INV-60298
JE-001418,2026-02-12,2026-02,5000,COGS - Materials,29970.42,0,COGS,AR,INV-60298
JE-001419,2026-02-12,2026-02,1230,Inventory - Purchased for Resale,0,29970.42,Inventory relief,AR,INV-60298
JE-002336,2026-02-12,2026-02,1000,Operating Cash,3485.84,0,Customer payment,AR,KBD-CR00012
JE-002337,2026-02-12,2026-02,1100,Accounts Receivable,0,3485.84,Customer payment,AR,KBD-CR00012
JE-002840,2026-02-12,2026-02,1000,Operating Cash,699.09,0,Customer payment,AR,KBD-CR00264
JE-002841,2026-02-12,2026-02,1100,Accounts Receivable,0,699.09,Customer payment,AR,KBD-CR00264
JE-002914,2026-02-12,2026-02,1000,Operating Cash ,21359.14,0,Customer payment,AR,KBD-CR00301
JE-002915,2026-02-12,2026-02,1100,Accounts Receivable,0,21359.14,Customer payment,AR,KBD-CR00301
JE-003504,2026-02-12,2026-02,2050,GR/IR Clearing (Received Not Invoiced),15586.99,0,Supplier inv 9550811,AP,9550811
JE-003505,2026-02-12,2026-02,2000,Accounts Payable,0,15586.99,Supplier inv 9550811,AP,9550811
JE-003832,2026-02-12,2026-02,1230,Inventory - Purchased for Resale,23185.74,0,PO receipt PO-31033,INV,RCV-40033 
JE-003833,2026-02-12,2026-02,2050,GR/IR Clearing (Received Not Invoiced),0,23185.74,PO receipt PO-31033,INV,RCV-40033
JE-001671,2026-02-13,2026-02,1100,Accounts Receivable,7379.74,0,Invoice INV-60351,AR,INV-60351
JE-001672,2026-02-13,2026-02,4010,Product Sales - Distributed,0,6145.78,Invoice INV-60351,AR,INV-60351
JE-001673,2026-02-13,2026-02,4100,Freight Revenue,0,788.39,Freight billed,AR,INV-60351
JE-001674,2026-02-13,2026-02,2100,Accrued Expenses,0,445.57,Sales tax payable,AR,INV-60351
JE-001675,2026-02-13,2026-02,5000,COGS - Materials,4665.2,0,COGS,AR,INV-60351
JE-001676,2026-02-13,2026-02,1230,Inventory - Purchased for Resale,0,4665.2,Inventory relief,AR,INV-60351
JE-001315,2026-02-14,2026-02,1100,Accounts Receivable,520.61,0,Invoice INV-60278,AR,INV-60278
JE-001316,2026-02-14,2026-02,4010,Product Sales - Distributed,0,485.42,Invoice INV-60278,AR,INV-60278
JE-001317,2026-02-14,2026-02,2100,Accrued Expenses,0,35.19,Sales tax payable,AR,INV-60278
JE-001318,2026-02-14,2026-02,5000,COGS - Materials,309.28,0,COGS,AR,INV-60278
JE-001319,2026-02-14,2026-02,1230,Inventory - Purchased for Resale,0,309.28,Inventory relief,AR,INV-60278
JE-002366,2026-02-14,2026-02,1000,Operating Cash,51.1,0,Customer payment,AR,KBD-CR00027
JE-002367 ,2026-02-14,2026-02,1100,Accounts Receivable,0,51.1,Customer payment,AR,KBD-CR00027
JE-003186,2026-02-14,2026-02,2050,GR/IR Clearing (Received Not Invoiced),23185.74,0,Supplier inv INV5342354,AP,INV5342354
JE-003187,2026-02-14,2026-02,2000,Accounts Payable,0,23185.74,Supplier inv INV5342354,AP,INV5342354
JE-000258,2026-02-15,2026-02,1100,Accounts Receivable,420.42,0,Invoice INV-60055,AR,INV-60055
JE-000259,2026-02-15,2026-02,4010,Product Sales - Distributed,0,420.42,Invoice INV-60055,AR,INV-60055
JE-000260,2026-02-15,2026-02,5000,COGS - Materials,271.5,0,COGS,AR,INV-60055
JE-000261,2026-02-15,2026-02,1230,Inventory - Purchased for Resale,0,271.5,Inventory relief,AR,INV-60055
JE-002048,02/15/2026,2026-02,1100,Accounts Receivable,8782.53,0,Invoice INV-60431,AR,INV-60431
JE-002049,2026-02-15,2026-02,4010,Product Sales - Distributed,0,8782.53,Invoice INV-60431,AR,INV-60431
JE-002050,2026-02-15,2026-02,5000,COGS - Materials,5816.25,0,COGS,AR,INV-60431
JE-002051,2026-02-15,2026-02,1230,Inventory - Purchased for Resale,0,5816.25,Inventory relief,AR,INV-60431
JE-002510,2026-02-15,2026-02,1000,Operating Cash ,2723.2,0,Customer payment,AR,KBD-CR00099
JE-002511,"Feb 15, 2026",2026-02,1100,Accounts Receivable,0,2723.2,Customer payment,AR,KBD-CR00099
JE-002600,2026-02-15,2026-02,1000,Operating Cash,37295.06,0,Customer payment,AR ,KBD-CR00144
JE-002601,2026-02-15,2026-02,1100,Accounts Receivable,0,37295.06,Customer payment,AR,KBD-CR00144
JE-002626,2026-02-15,2026-02,1000,Operating Cash,15883.88,0,Customer payment,AR,KBD-CR00157
JE-002627,2026-02-15,2026-02,1100,Accounts Receivable,0,15883.88,Customer payment,AR,KBD-CR00157
JE-002884,2026-02-15,2026-02,1000,Operating Cash,3141.49,0,Customer payment,AR,KBD-CR00286
JE-002885,2026-02-15,2026-02,1100,Accounts Receivable,0,3141.49,Customer payment,AR,KBD-CR00286
JE-003721,2026-02-15,2026-02,2050,GR/IR Clearing (Received Not Invoiced),94244.15,0,Supplier inv 92294328,AP,92294328
JE-003722,2026-02-15,2026-02,2000,Accounts Payable,0,94244.15,Supplier inv 92294328,AP,92294328
JE-004208,2026-02-15,2026-02,1230,Inventory - Purchased for Resale,427178.75,0,PO receipt PO-31228,INV,RCV-40221
JE-004209,2026-02-15,2026-02,2050,GR/IR Clearing (Received Not Invoiced),0,427178.75,PO receipt PO-31228,INV,RCV-40221
JE-001562,2026-02-16,2026-02,1100,Accounts Receivable,2645.46,0,Invoice INV-60328,AR,INV-60328
JE-001563 ,2026-02-16,2026-02,4010,Product Sales - Distributed,0,2622.13,Invoice INV-60328,AR,INV-60328
JE-001564,2026-02-16,2026-02,4100,Freight Revenue,0,23.33,Freight billed,AR,INV-60328
JE-001565,2026-02-16,2026-02,5000,COGS - Materials,1971.53,0,COGS,AR,INV-60328
JE-001566,2026-02-16,2026-02,1230,Inventory - Purchased for Resale,0,1971.53,Inventory relief,AR,INV-60328
JE-002472,2026-02-16,2026-02,1000,Operating Cash,20662.57,0,Customer payment,AR,KBD-CR00080 
JE-002473,2026-02-16,2026-02,1100,Accounts Receivable,0,20662.57,Customer payment,AR,KBD-CR00080
JE-001480,2026-02-17,2026-02,1100,Accounts Receivable,196.8,0,Invoice INV-60311,AR,INV-60311
JE-001481,17-Feb-2026,2026-02,4010,Product Sales - Distributed,0,183.5,Invoice INV-60311,AR,INV-60311
JE-001482,2026-02-17 ,2026-02,2100,Accrued Expenses,0,13.3,Sales tax payable,AR,INV-60311
JE-001483,2026-02-17,2026-02,5000,COGS - Materials,109.13,0,COGS,AR,INV-60311
JE-001484,2026-02-17,2026-02,1230,Inventory - Purchased for Resale,0,109.13,Inventory relief,AR,INV-60311
JE-002586,2026-02-17,2026-02,1000,Operating Cash,7992.69,0,Customer payment,AR,KBD-CR00137
JE-002587,2026-02-17,2026-02,1100,Accounts Receivable,0,7992.69,Customer payment,AR,KBD-CR00137
JE-002686,2026-02-17,2026-02,1000,Operating Cash,2099.18,0,Customer payment,AR,KBD-CR00187
JE-002687,02/17/2026,2026-02,1100,Accounts Receivable,0,2099.18,Customer payment,AR,KBD-CR00187
JE-002720,2026-02-17,2026-02,1000,Operating Cash,44434.1,0,Customer payment,AR,KBD-CR00204
JE-002721,2026-02-17,2026-02,1100,Accounts Receivable,0,44434.1,Customer payment,AR,KBD-CR00204
JE-002728,02/17/26,2026-02,1000,Operating Cash,24825.28,0,Customer payment,AR,KBD-CR00208
JE-002729,2026-02-17,2026-02,1100,Accounts Receivable,0,24825.28,Customer payment,AR,KBD-CR00208
JE-002754,2026-02-17,2026-02,1000,Operating Cash,39742.88,0,Customer payment,AR,KBD-CR00221
JE-002755,2026-02-17,2026-02,1100,Accounts Receivable,0,39742.88,Customer payment,AR,KBD-CR00221
JE-003372,2026-02-17,2026-02,2050,GR/IR Clearing (Received Not Invoiced),260791.3,0,Supplier inv 9259945,AP,9259945
JE-003373,2026-02-17,2026-02,2000,Accounts Payable,0,260791.3,Supplier inv 9259945,AP,9259945
JE-001380,2026-02-18,2026-02,1100,Accounts Receivable,5309.47,0,Invoice INV-60291,AR,INV-60291
JE-001381,2026-02-18,2026-02,4010,Product Sales - Distributed,0,5309.47,Invoice INV-60291,AR,INV-60291
JE-001382,2026-02-18,2026-02,5000,COGS - Materials,4182.93,0,COGS,AR,INV-60291
JE-001383,2026-02-18,2026-02,1230,Inventory - Purchased for Resale,0,4182.93,Inventory relief,AR,INV-60291
JE-001836,2026-02-18,2026-02,1100,Accounts Receivable,1367.07,0,Invoice INV-60386,AR,INV-60386
JE-001837,2026-02-18,2026-02,4010,Product Sales - Distributed,0,1274.66,Invoice INV-60386,AR,INV-60386
JE-001838,2026-02-18,2026-02,2100,Accrued Expenses,0,92.41,Sales tax payable,AR,INV-60386
JE-001839,"Feb 18, 2026",2026-02,5000,COGS - Materials,894.04,0,COGS,AR,INV-60386
JE-001840,"Feb 18, 2026",2026-02,1230,Inventory - Purchased for Resale,0,894.04,Inventory relief,AR,INV-60386
JE-003032,2026-02-18,2026-02,1000,Operating Cash,8701.48,0,Customer payment,AR,KBD-CR00360
JE-003033,2026-02-18,2026-02,1100,Accounts Receivable,0,8701.48,Customer payment,AR,KBD-CR00360
JE-001010,2026-02-19,2026-02,1100,Accounts Receivable,12904.06,0,Invoice INV-60213,AR,INV-60213
JE-001011,2026-02-19,2026-02,4010,Product Sales - Distributed,0,12875.2,Invoice INV-60213,AR,INV-60213
JE-001012,2026-02-19,2026-02,4100,Freight Revenue,0,28.86,Freight billed,AR ,INV-60213
JE-001013,2026-02-19,2026-02,5000,COGS - Materials,7934.9,0,COGS,AR,INV-60213
JE-001014,2026-02-19,2026-02,1230,Inventory - Purchased for Resale,0,7934.9,Inventory relief,AR,INV-60213
JE-002168,2026-02-19,2026-02,1100,Accounts Receivable,5804.04,0,Invoice INV-60457,AR,INV-60457
JE-002169,2026-02-19,2026-02,4010,Product Sales - Distributed ,0,5804.04,Invoice INV-60457,AR,INV-60457
JE-002170,2026-02-19,2026-02,5000,COGS - Materials,3326.18,0,COGS,AR,INV-60457
JE-002171,2026-02-19,2026-02,1230,Inventory - Purchased for Resale,0,3326.18,Inventory relief,AR,INV-60457
JE-002372,2026-02-19,2026-02,1000,Operating Cash,6780.06,0,Customer payment,AR,KBD-CR00030
JE-002373,2026-02-19,2026-02,1100,Accounts Receivable,0,6780.06,Customer payment,AR,KBD-CR00030
JE-003614,2026-02-19,2026-02,2050,GR/IR Clearing (Received Not Invoiced),336723.56,0,Supplier inv INV1531737,AP,INV1531737
JE-003615,2026-02-19,2026-02,2000,Accounts Payable ,0,336723.56,Supplier inv INV1531737,AP ,INV1531737
JE-004090,2026-02-19,2026-02,1230,Inventory - Purchased for Resale,29823.28,0,PO receipt PO-31165,INV,RCV-40162
JE-004091,2026-02-19,2026-02,2050,GR/IR Clearing (Received Not Invoiced),0,29823.28,PO receipt PO-31165,INV,RCV-40162
JE-004214,2026-02-19,2026-02,1230,Inventory - Purchased for Resale,336723.56,0,PO receipt PO-31231,INV,RCV-40224
JE-004215,19-Feb-2026,2026-02,2050,GR/IR Clearing (Received Not Invoiced),0,336723.56,PO receipt PO-31231,INV,RCV-40224
JE-000892,"Feb 20, 2026",2026-02,1100,Accounts Receivable,274.97,0,Invoice INV-60188,AR,INV-60188
JE-000893,02/20/2026,2026-02,4010,Product Sales - Distributed,0,274.97,Invoice INV-60188,AR,INV-60188
JE-000894,2026-02-20,2026-02,5000,COGS - Materials,180.78,0,COGS,AR,INV-60188
JE-000895,2026-02-20,2026-02,1230,Inventory - Purchased for Resale,0,180.78,Inventory relief,AR,INV-60188
JE-002562,2026-02-20,2026-02,1000,Operating Cash,655.63,0,Customer payment,AR,KBD-CR00125
JE-002563,2026-02-20,2026-02,1100,Accounts Receivable,0,655.63,Customer payment,AR,KBD-CR00125
JE-002750,2026-02-20,2026-02,1000,Operating Cash,5805.27,0,Customer payment,AR,KBD-CR00219
JE-002751,2026-02-20,2026-02,1100,Accounts Receivable,0,5805.27,Customer payment,AR,KBD-CR00219
JE-002838 ,2026-02-20,2026-02,1000,Operating Cash,1216.25,0,Customer payment,AR,KBD-CR00263
JE-002839,2026-02-20,2026-02,1100,Accounts Receivable,0,1216.25,Customer payment,AR,KBD-CR00263
JE-003076,2026-02-20,2026-02,1000,Operating Cash,15355.78,0,Customer payment,AR ,KBD-CR00382
JE-003077,2026-02-20,2026-02,1100,Accounts Receivable,0,15355.78,Customer payment,AR,KBD-CR00382
JE-003608,2026-02-20,2026-02,2050,GR/IR Clearing (Received Not Invoiced),428671.78,0,Supplier inv SI3015425,AP,SI3015425
JE-003609,2026-02-20,2026-02,2000,Accounts Payable,0,428671.78,Supplier inv SI3015425,AP,SI3015425
JE-000906,2026-02-21,2026-02,1100,Accounts Receivable,898.07,0,Invoice INV-60191,AR,INV-60191
JE-000907,2026-02-21,2026-02,4010,Product Sales - Distributed,0,542.06,Invoice INV-60191,AR,INV-60191
JE-000908,2026-02-21,2026-02,4100,Freight Revenue,0,356.01,Freight billed,AR,INV-60191
JE-000909,2026-02-21,2026-02,5000,COGS - Materials,460.66,0,COGS,AR,INV-60191
JE-000910,2026-02-21,2026-02,1230,Inventory - Purchased for Resale,0,460.66,Inventory relief,AR,INV-60191
JE-001367,2026-02-21,2026-02,1100,Accounts Receivable,1143.0,0,Invoice INV-60288,AR,INV-60288
JE-001368,2026-02-21,2026-02,4010,Product Sales - Distributed ,0,1143.0,Invoice INV-60288,AR,INV-60288
JE-001369,2026-02-21,2026-02,5000,COGS - Materials,860.5,0,COGS,AR,INV-60288
JE-001370,2026-02-21,2026-02 ,1230,Inventory - Purchased for Resale,0,860.5,Inventory relief,AR,INV-60288
JE-002043,2026-02-21,2026-02 ,1100,Accounts Receivable,23925.69,0,Invoice INV-60430,AR,INV-60430
JE-002044,2026-02-21,2026-02,4010,Product Sales - Distributed,0,22052.31,Invoice INV-60430,AR,INV-60430
JE-002045,2026-02-21,2026-02,4100,Freight Revenue,0,1873.38,Freight billed ,AR,INV-60430
JE-002046,2026-02-21 ,2026-02,5000,COGS - Materials,14451.33,0,COGS,AR,INV-60430
JE-002047,2026-02-21,2026-02,1230,Inventory - Purchased for Resale,0,14451.33,Inventory relief,AR,INV-60430
JE-002690,2026-02-21,2026-02,1000,Operating Cash,12975.4,0,Customer payment,AR,KBD-CR00189
JE-002691,2026-02-21,2026-02,1100,Accounts Receivable,0,12975.4,Customer payment,AR,KBD-CR00189
JE-000287,2026-02-22,2026-02,1100,Accounts Receivable,445.99,0,Invoice INV-60061,AR,INV-60061
JE-000288,2026-02-22 ,2026-02,4010,Product Sales - Distributed,0,320.0,Invoice INV-60061,AR,INV-60061
JE-000289,2026-02-22,2026-02,4100,Freight Revenue,0,125.99,Freight billed,AR,INV-60061
JE-000290,2026-02-22,2026-02,5000,COGS - Materials,195.92,0,COGS,AR,INV-60061
JE-000291,2026-02-22,2026-02,1230,Inventory - Purchased for Resale,0,195.92,Inventory relief,AR,INV-60061
JE-002660,2026-02-22,2026-02,1000,Operating Cash,2297.75,0,Customer payment,AR,KBD-CR00174
JE-002661,2026-02-22,2026-02,1100,Accounts Receivable,0,2297.75,Customer payment,AR,KBD-CR00174
JE-003812,2026-02-22,2026-02,1230,Inventory - Purchased for Resale,28019.32,0,PO receipt PO-31023,INV,RCV-40023
JE-003813,2026-02-22,2026-02,2050,GR/IR Clearing (Received Not Invoiced),0,28019.32,PO receipt PO-31023,INV,RCV-40023
JE-003984,2026-02-22,2026-02,1230,Inventory - Purchased for Resale,1648075.23,0,PO receipt PO-31111,INV,RCV-40109
JE-003985,2026-02-22,2026-02,2050,GR/IR Clearing (Received Not Invoiced),0,1648075.23,PO receipt PO-31111,INV,RCV-40109
JE-001723,2026-02-23,2026-02,1100,Accounts Receivable,8698.11,0,Invoice INV-60362,AR,INV-60362
JE-001724,2026-02-23,2026-02,4010,Product Sales - Distributed,0,7806.43,Invoice INV-60362,AR,INV-60362
JE-001725,2026-02-23,2026-02,4100,Freight Revenue,0,325.71,Freight billed,AR,INV-60362
JE-001726,2026-02-23,2026-02,2100,Accrued Expenses,0,565.97,Sales tax payable,AR,INV-60362
JE-001727,2026-02-23,2026-02,5000,COGS - Materials,4504.71,0,COGS,AR,INV-60362
JE-001728,2026-02-23,2026-02,1230,Inventory - Purchased for Resale,0,4504.71,Inventory relief,AR,INV-60362
JE-002205,2026-02-23,2026-02,1100,Accounts Receivable,15956.34,0,Invoice INV-60465,AR,INV-60465
JE-002206,23-Feb-2026,2026-02,4010,Product Sales - Distributed,0,15956.34,Invoice INV-60465,AR,INV-60465
JE-002207,2026-02-23,2026-02,5000,COGS - Materials,10368.0,0,COGS,AR,INV-60465
JE-002208,2026-02-23,2026-02,1230,Inventory - Purchased for Resale,0,10368.0,Inventory relief,AR,INV-60465
JE-002890,2026-02-23 ,2026-02,1000,Operating Cash,2672.88,0,Customer payment,AR,KBD-CR00289
JE-002891,2026-02-23,2026-02,1100,Accounts Receivable,0,2672.88,Customer payment,AR,KBD-CR00289
JE-003477,2026-02-23,2026-02,2050,GR/IR Clearing (Received Not Invoiced),29823.28,0,Supplier inv 4996299,AP,4996299
JE-003478,2026-02-23,2026-02,2000,Accounts Payable,0,29823.28,Supplier inv 4996299,AP,4996299
JE-004000,2026-02-23,2026-02,1230,Inventory - Purchased for Resale,145196.64,0,PO receipt PO-31119,INV,RCV-40117
JE-004001,2026-02-23,2026-02,2050,GR/IR Clearing (Received Not Invoiced),0,145196.64,PO receipt PO-31119,INV,RCV-40117
JE-004320,02/23/26,2026-02,1230,Inventory - Purchased for Resale,28055.16,0,PO receipt PO-31288,INV,RCV-40277
JE-004321,2026-02-23,2026-02,2050,GR/IR Clearing (Received Not Invoiced),0,28055.16,PO receipt PO-31288,INV,RCV-40277
JE-004344,2026-02-23,2026-02,1230,Inventory - Purchased for Resale,12522.4,0,PO receipt PO-31300,INV,RCV-40289
JE-004345,2026-02-23,2026-02,2050,GR/IR Clearing (Received Not Invoiced),0,12522.4,PO receipt PO-31300,INV,RCV-40289
JE-001485,2026-02-24,2026-02,1100,Accounts Receivable,56822.08,0,Invoice INV-60312,AR,INV-60312
JE-001486,2026-02-24,2026-02,4010,Product Sales - Distributed,0,51150.2,Invoice INV-60312,AR,INV-60312
JE-001487,2026-02-24,2026-02,4100,Freight Revenue,0,5671.88,Freight billed,AR,INV-60312
JE-001488,"Feb 24, 2026",2026-02,5000,COGS - Materials,31138.3,0,COGS,AR,INV-60312
JE-001489,2026-02-24,2026-02,1230,Inventory - Purchased for Resale,0,31138.3,Inventory relief,AR,INV-60312
JE-002438,2026-02-24,2026-02,1000,Operating Cash,28177.18,0,Customer payment,AR,KBD-CR00063
JE-002439,2026-02-24,2026-02,1100,Accounts Receivable,0,28177.18,Customer payment,AR,KBD-CR00063
JE-003082,2026-02-24,2026-02,1000,Operating Cash,1742.6,0,Customer payment,AR,KBD-CR00385
JE-003083,2026-02-24,2026-02,1100,Accounts Receivable,0,1742.6,Customer payment ,AR,KBD-CR00385
JE-002752,2026-02-25 ,2026-02,1000,Operating Cash,2100.92,0,Customer payment,AR ,KBD-CR00220
JE-002753,2026-02-25,2026-02,1100,Accounts Receivable,0,2100.92,Customer payment,AR,KBD-CR00220
JE-003357,2026-02-25,2026-02,2050,GR/IR Clearing (Received Not Invoiced),1649579.19,0,Supplier inv SI9255157,AP,SI9255157
JE-003358,25-Feb-2026,2026-02,2000,Accounts Payable,0,1649579.19,Supplier inv SI9255157,AP,SI9255157
JE-001571,2026-02-26 ,2026-02,1100,Accounts Receivable,23729.54,0,Invoice INV-60330,AR,INV-60330
JE-001572,2026-02-26,2026-02,4010,Product Sales - Distributed,0,23729.54,Invoice INV-60330,AR,INV-60330
JE-001573,26-Feb-2026,2026-02,5000,COGS - Materials,18783.12,0,COGS,AR,INV-60330
JE-001574,2026-02-26,2026-02,1230,Inventory - Purchased for Resale,0,18783.12,Inventory relief,AR,INV-60330
JE-002516,2026-02-26,2026-02,1000,Operating Cash,23485.49,0,Customer payment,AR,KBD-CR00102
JE-002517,2026-02-26,2026-02,1100,Accounts Receivable,0,23485.49,Customer payment,AR,KBD-CR00102
JE-003824,02/26/2026,2026-02,1230,Inventory - Purchased for Resale,8255.74,0,PO receipt PO-31029,INV,RCV-40029
JE-003825,2026-02-26,2026-02,2050,GR/IR Clearing (Received Not Invoiced),0,8255.74,PO receipt PO-31029,INV,RCV-40029
JE-003856,02/26/26,2026-02,1230,Inventory - Purchased for Resale,11968.74,0,PO receipt PO-31046 ,INV,RCV-40045
JE-003857,"Feb 26, 2026",2026-02,2050,GR/IR Clearing (Received Not Invoiced),0,11968.74,PO receipt PO-31046,INV,RCV-40045
JE-003926,02/26/2026,2026-02,1230,Inventory - Purchased for Resale,2474.0,0,PO receipt PO-31082,INV,RCV-40080
JE-003927,2026-02-26,2026-02,2050,GR/IR Clearing (Received Not Invoiced),0,2474.0,PO receipt PO-31082,INV,RCV-40080
JE-004188,2026-02-26,2026-02 ,1230,Inventory - Purchased for Resale,6798.0,0,PO receipt PO-31216,INV,RCV-40211
JE-004189,2026-02-26,2026-02,2050,GR/IR Clearing (Received Not Invoiced),0,6798.0,PO receipt PO-31216,INV,RCV-40211
JE-000877,2026-02-27,2026-02,1100 ,Accounts Receivable,1975.48,0,Invoice INV-60185,AR,INV-60185
JE-000878,02/27/2026,2026-02,4010,Product Sales - Distributed,0,1452.67,Invoice INV-60185,AR,INV-60185
JE-000879,02/27/26,2026-02,4100,Freight Revenue,0,417.49,Freight billed,AR,INV-60185
JE-000880,2026-02-27,2026-02,2100,Accrued Expenses,0,105.32,Sales tax payable,AR,INV-60185
JE-000881,2026-02-27,2026-02,5000,COGS - Materials,1114.33,0,COGS,AR,INV-60185
JE-000882,2026-02-27,2026-02,1230,Inventory - Purchased for Resale,0,1114.33,Inventory relief,AR,INV-60185
JE-002052,2026-02-27,2026-02,1100,Accounts Receivable,22962.88,0,Invoice INV-60432,AR,INV-60432
JE-002053,2026-02-27,2026-02,4010,Product Sales - Distributed,0,18339.15,Invoice INV-60432,AR,INV-60432
JE-002054,2026-02-27,2026-02,4100,Freight Revenue,0,4623.73,Freight billed,AR,INV-60432
JE-002055,02/27/26,2026-02,5000,COGS - Materials,11623.55,0,COGS,AR,INV-60432
JE-002056,2026-02-27,2026-02,1230,Inventory - Purchased for Resale,0,11623.55,Inventory relief,AR,INV-60432
JE-002265,2026-02-27,2026-02,1100,Accounts Receivable,22404.22,0,Invoice INV-60478,AR,INV-60478
JE-002266,2026-02-27 ,2026-02,4010,Product Sales - Distributed,0,18935.82,Invoice INV-60478,AR,INV-60478
JE-002267,2026-02-27,2026-02,4100,Freight Revenue,0,2095.55,Freight billed,AR,INV-60478
JE-002268,2026-02-27,2026-02,2100,Accrued Expenses,0,1372.85,Sales tax payable,AR,INV-60478
JE-002269,2026-02-27,2026-02,5000,COGS - Materials,11004.92,0,COGS,AR,INV-60478
JE-002270,2026-02-27,2026-02,1230,Inventory - Purchased for Resale,0,11004.92,Inventory relief,AR,INV-60478
JE-002702,2026-02-27 ,2026-02,1000,Operating Cash,5347.91,0,Customer payment,AR,KBD-CR00195
JE-002703,2026-02-27,2026-02,1100,Accounts Receivable,0,5347.91,Customer payment,AR,KBD-CR00195
JE-003289,2026-02-27,2026-02,2050,GR/IR Clearing (Received Not Invoiced),2474.0,0,Supplier inv 93294665,AP,93294665
JE-003290,2026-02-27,2026-02,5300,Freight In,10.83,0,Freight in,AP,93294665
JE-003291,2026-02-27,2026-02,2000,Accounts Payable,0,2484.83,Supplier inv 93294665,AP,93294665
JE-003766,2026-02-27,2026-02,2050,GR/IR Clearing (Received Not Invoiced),12522.4,0,Supplier inv INV2470614,AP,INV2470614
JE-003767,2026-02-27,2026-02,2000,Accounts Payable,0,12522.4,Supplier inv INV2470614,AP,INV2470614
JE-004174,2026-02-27,2026-02,1230,Inventory - Purchased for Resale,1152811.78,0,PO receipt PO-31208,INV,RCV-40204
JE-004175,2026-02-27,2026-02,2050,GR/IR Clearing (Received Not Invoiced),0,1152811.78,PO receipt PO-31208,INV,RCV-40204
JE-002574,2026-02-28,2026-02,1000,Operating Cash,5969.59,0,Customer payment,AR,KBD-CR00131
JE-002575,2026-02-28,2026-02,1100,Accounts Receivable,0,5969.59,Customer payment,AR,KBD-CR00131
JE-002860,2026-02-28,2026-02,1000,Operating Cash,25766.88,0,Customer payment,AR,KBD-CR00274
JE-002861,2026-02-28,2026-02,1100,Accounts Receivable,0,25766.88,Customer payment,AR,KBD-CR00274
JE-003044,2026-02-28,2026-02,1000,Operating Cash,2529.87,0,Customer payment,AR,KBD-CR00366
JE-003045,02/28/26,2026-02,1100,Accounts Receivable,0,2529.87,Customer payment,AR,KBD-CR00366
JE-003163,2026-02-28,2026-02,2050,GR/IR Clearing (Received Not Invoiced),28019.32,0,Supplier inv 96256531,AP,96256531
JE-003164,2026-02-28,2026-02,2000,Accounts Payable,0,28019.32,Supplier inv 96256531,AP,96256531
JE-003739,2026-02-28,2026-02,2050,GR/IR Clearing (Received Not Invoiced),28055.16,0,Supplier inv 99706485 ,AP,99706485
JE-003740,2026-02-28,2026-02,2000,Accounts Payable,0,28055.16,Supplier inv 99706485,AP,99706485
JE-004378,2026-02-28,2026-02,6700,Office & Supplies,476.38,0,GRAINGER,AP,KBD-AP00017
JE-004379,2026-02-28 ,2026-02,2000,Accounts Payable,0,476.38,GRAINGER,AP,KBD-AP00017
JE-004394,2026-02-28,2026-02,6700,Office & Supplies,1661.35,0,Cintas Corp #472,AP,KBD-AP00025
JE-004395,2026-02-28,2026-02,2000,Accounts Payable,0,1661.35,Cintas Corp #472,AP,KBD-AP00025
JE-004410,2026-02-28,2026-02,6700,Office & Supplies,1535.91,0,STAPLES BUS ADV,AP,KBD-AP00033
JE-004411,2026-02-28,2026-02,2000,Accounts Payable,0,1535.91,STAPLES BUS ADV,AP,KBD-AP00033
JE-004432,2026-02-28,2026-02,5300,Freight In,66.12,0,FEDEX,AP,KBD-AP00044
JE-004433,2026-02-28,2026-02,2000,Accounts Payable,0,66.12,FEDEX,AP,KBD-AP00044
JE-004456,2026-02-28,2026-02,6300,Rent,14200,0,Allentown Industrial Park LLC,AP,KBD-AP00056
JE-004457,2026-02-28,2026-02,2000,Accounts Payable,0,14200,Allentown Industrial Park LLC,AP,KBD-AP00056
JE-004480,2026-02-28 ,2026-02,6400,Software Subscriptions,9000.0,0,NetSuite,AP ,SW-NETSUI
JE-004481,2026-02-28,2026-02,2000,Accounts Payable,0,9000.0,NetSuite,AP,SW-NETSUI
JE-004504,2026-02-28,2026-02,6400,Software Subscriptions,1725.0,0,Autodesk Inventor,AP,SW-AUTODE
JE-004505,2026-02-28,2026-02,2000,Accounts Payable ,0,1725.0,Autodesk Inventor,AP,SW-AUTODE
JE-004528 ,2026-02-28,2026-02,6400,Software Subscriptions,400.0,0,uniPoint QMS,AP,SW-UNIPOI
JE-004529,2026-02-28,2026-02,2000,Accounts Payable,0,400.0,uniPoint QMS,AP,SW-UNIPOI
JE-004552,2026-02-28,2026-02,6400,Software Subscriptions,787.5,0,Microsoft 365 Business Standard,AP,SW-MICROS
JE-004553,2026-02-28,2026-02,2000,Accounts Payable,0,787.5,Microsoft 365 Business Standard,AP,SW-MICROS
JE-004576 ,2026-02-28,2026-02,6400,Software Subscriptions,1980.0,0,Paycom,AP,SW-PAYCOM
JE-004577,2026-02-28,2026-02,2000,Accounts Payable,0,1980.0,Paycom,AP,SW-PAYCOM
JE-004600,2026-02-28,2026-02,6400,Software Subscriptions,1200.0,0,ShipStation,AP,SW-SHIPST
JE-004601,2026-02-28,2026-02,2000,Accounts Payable,0,1200.0,ShipStation,AP,SW-SHIPST
JE-004624,2026-02-28,2026-02,6400,Software Subscriptions,720.0,0,HubSpot Sales Hub,AP ,SW-HUBSPO
JE-004625,2026-02-28,2026-02,2000,Accounts Payable,0,720.0,HubSpot Sales Hub,AP,SW-HUBSPO
JE-004648,2026-02-28,2026-02,6400,Software Subscriptions,567.0,0,Expensify,AP,SW-EXPENS
JE-004649,02/28/2026,2026-02,2000,Accounts Payable,0,567.0,Expensify,AP,SW-EXPENS
JE-004672,2026-02-28,2026-02,6400,Software Subscriptions,880.0,0,Dropbox Business,AP,SW-DROPBO
JE-004673,2026-02-28,2026-02,2000,Accounts Payable,0,880.0,Dropbox Business,AP,SW-DROPBO
JE-004696,2026-02-28,2026-02,6400,Software Subscriptions,630.0,0,Zoom Workplace,AP,SW-ZOOMW
JE-004697,2026-02-28,2026-02,2000 ,Accounts Payable,0,630.0,Zoom Workplace,AP,SW-ZOOMW
JE-004720,2026-02-28,2026-02,6400,Software Subscriptions,392.0,0,8x8 Work,AP,SW-8X8WO
JE-004721,2026-02-28,2026-02,2000,Accounts Payable,0,392.0,8x8 Work,AP,SW-8X8WO
JE-004744,2026-02-28,2026-02,6000,Salaries & Wages,345795.2,0,Monthly payroll,PR,PR-202602
JE-004745,2026-02-28,2026-02,2300,Payroll Liabilities,0,345795.2,Monthly payroll,PR,PR-202602
JE-000632,2026-03-01,2026-03,1100,Accounts Receivable,12107.42,0,Invoice INV-60134,AR,INV-60134
JE-000633,01-Mar-2026,2026-03,4010,Product Sales - Distributed,0,11720.11,Invoice INV-60134,AR,INV-60134
JE-000634,2026-03-01 ,2026-03,4100,Freight Revenue,0,387.31,Freight billed,AR,INV-60134
JE-000635,2026-03-01,2026-03,5000,COGS - Materials,10391.92,0,COGS,AR,INV-60134
JE-000636,2026-03-01,2026-03,1230,Inventory - Purchased for Resale,0,10391.92,Inventory relief,AR,INV-60134
JE-000980,2026-03-01,2026-03,1100,Accounts Receivable,15741.74,0,Invoice INV-60207,AR,INV-60207
JE-000981,2026-03-01,2026-03,4010,Product Sales - Distributed,0,14677.61,Invoice INV-60207,AR,INV-60207
JE-000982,2026-03-01,2026-03,2100,Accrued Expenses,0,1064.13,Sales tax payable,AR,INV-60207
JE-000983,2026-03-01,2026-03,5000,COGS - Materials,9773.75,0,COGS,AR,INV-60207
JE-000984,2026-03-01,2026-03,1230,Inventory - Purchased for Resale,0,9773.75,Inventory relief,AR,INV-60207
JE-003176,2026-03-01,2026-03,2050,GR/IR Clearing (Received Not Invoiced),8255.74,0,Supplier inv 9358121,AP,9358121
JE-003177,2026-03-01,2026-03,2000,Accounts Payable,0,8255.74,Supplier inv 9358121,AP,9358121
JE-004134,2026-03-01,2026-03,1230,Inventory - Purchased for Resale,679.8,0,PO receipt PO-31188,INV,RCV-40184
JE-004135,2026-03-01,2026-03,2050,GR/IR Clearing (Received Not Invoiced),0,679.8,PO receipt PO-31188,INV,RCV-40184
JE-002468,2026-03-02,2026-03,1000,Operating Cash,26258.02,0,Customer payment,AR,KBD-CR00078
JE-002469,2026-03-02,2026-03,1100,Accounts Receivable,0,26258.02,Customer payment,AR,KBD-CR00078
JE-002474,2026-03-02,2026-03,1000,Operating Cash,8353.02,0,Customer payment,AR,KBD-CR00081
JE-002475,2026-03-02,2026-03,1100,Accounts Receivable,0,8353.02,Customer payment,AR,KBD-CR00081
JE-002638,2026-03-02,2026-03,1000,Operating Cash,3843.03,0,Customer payment,AR,KBD-CR00163
JE-002639,2026-03-02,2026-03,1100,Accounts Receivable,0,3843.03,Customer payment,AR,KBD-CR00163
JE-003374,2026-03-02,2026-03,2050,GR/IR Clearing (Received Not Invoiced),145196.64,0,Supplier inv INV726543,AP,INV726543
JE-003375,2026-03-02,2026-03,2000,Accounts Payable,0,145196.64,Supplier inv INV726543,AP,INV726543
JE-004172,2026-03-02,2026-03,1230,Inventory - Purchased for Resale,29713.9,0,PO receipt PO-31207,INV,RCV-40203
JE-004173,2026-03-02,2026-03,2050,GR/IR Clearing (Received Not Invoiced),0,29713.9,PO receipt PO-31207,INV,RCV-40203
JE-004288,2026-03-02,2026-03,1230,Inventory - Purchased for Resale,36529.85,0,PO receipt PO-31270,INV,RCV-40261
JE-004289,2026-03-02,2026-03,2050,GR/IR Clearing (Received Not Invoiced),0,36529.85,PO receipt PO-31270,INV,RCV-40261
JE-000278,2026-03-03,2026-03,1100,Accounts Receivable,522.79,0,Invoice INV-60059,AR,INV-60059 
JE-000279,2026-03-03,2026-03,4010,Product Sales - Distributed,0,522.79,Invoice INV-60059,AR,INV-60059
JE-000280,2026-03-03,2026-03,5000,COGS - Materials,393.67,0,COGS,AR,INV-60059
JE-000281,"Mar 03, 2026",2026-03,1230,Inventory - Purchased for Resale,0,393.67,Inventory relief,AR,INV-60059
JE-003212,2026-03-03,2026-03,2050,GR/IR Clearing (Received Not Invoiced),12080.24,0,Supplier inv SI4442108,AP,SI4442108
JE-003213,2026-03-03,2026-03,2000,Accounts Payable,0,12080.24,Supplier inv SI4442108,AP,SI4442108
JE-003586,03-Mar-2026,2026-03,2050,GR/IR Clearing (Received Not Invoiced),6798.0,0,Supplier inv SI6235817,AP,SI6235817
JE-003587,2026-03-03,2026-03,2000,Accounts Payable,0,6798.0,Supplier inv SI6235817 ,AP,SI6235817
JE-003886,2026-03-03,2026-03,1230,Inventory - Purchased for Resale,4868.6,0,PO receipt PO-31062,INV,RCV-40060
JE-003887,03/03/2026,2026-03,2050,GR/IR Clearing (Received Not Invoiced),0,4868.6,PO receipt PO-31062,INV,RCV-40060
JE-002490,2026-03-04,2026-03,1000,Operating Cash,20490.77,0,Customer payment,AR,KBD-CR00089
JE-002491,2026-03-04,2026-03,1100,Accounts Receivable,0,20490.77,Customer payment,AR,KBD-CR00089 
JE-002590,2026-03-04,2026-03,1000,Operating Cash,933.85,0,Customer payment,AR,KBD-CR00139
JE-002591,2026-03-04,2026-03,1100,Accounts Receivable,0,933.85,Customer payment,AR,KBD-CR00139
JE-001786,2026-03-05 ,2026-03,1100,Accounts Receivable,3843.03,0,Invoice INV-60375,AR,INV-60375
JE-001787,2026-03-05,2026-03,4010,Product Sales - Distributed,0,3843.03,Invoice INV-60375,AR,INV-60375
JE-001788,2026-03-05,2026-03 ,5000,COGS - Materials,2311.6,0,COGS,AR,INV-60375
JE-001789,2026-03-05,2026-03,1230,Inventory - Purchased for Resale,0,2311.6,Inventory relief,AR,INV-60375
JE-002470,2026-03-05,2026-03,1000,Operating Cash,38635.53,0,Customer payment,AR,KBD-CR00079
JE-002471,2026-03-05,2026-03,1100,Accounts Receivable,0,38635.53,Customer payment,AR,KBD-CR00079
JE-003036,2026-03-05,2026-03,1000,Operating Cash,67315.01,0,Customer payment,AR,KBD-CR00362
JE-003037,2026-03-05,2026-03,1100,Accounts Receivable,0,67315.01,Customer payment,AR,KBD-CR00362
JE-003349,2026-03-05,2026-03,2050,GR/IR Clearing (Received Not Invoiced),1040794.28,0,Supplier inv 98083799,AP,98083799
JE-003350,2026-03-05,2026-03,2000,Accounts Payable,0,1040794.28,Supplier inv 98083799,AP,98083799
JE-003978,2026-03-05,2026-03,1230,Inventory - Purchased for Resale,1040794.28,0,PO receipt PO-31108,INV,RCV-40106
JE-003979,2026-03-05,2026-03,2050,GR/IR Clearing (Received Not Invoiced),0,1040794.28,PO receipt PO-31108,INV,RCV-40106
JE-001204,2026-03-06,2026-03,1100,Accounts Receivable,4417.06,0,Invoice INV-60254,AR,INV-60254
JE-001205,2026-03-06,2026-03,4010,Product Sales - Distributed,0,4417.06,Invoice INV-60254,AR,INV-60254
JE-001206,2026-03-06,2026-03,5000,COGS - Materials,3223.8,0,COGS,AR,INV-60254 
JE-001207,2026-03-06,2026-03,1230,Inventory - Purchased for Resale ,0,3223.8,Inventory relief,AR,INV-60254
JE-003570,06-Mar-2026,2026-03,2050,GR/IR Clearing (Received Not Invoiced),1152811.78,0,Supplier inv SI9859808,AP,SI9859808
JE-003571,2026-03-06,2026-03,2000,Accounts Payable,0,1152811.78,Supplier inv SI9859808,AP,SI9859808
JE-000565,2026-03-07,2026-03,1100,Accounts Receivable,1210.26,0,Invoice INV-60120,AR,INV-60120
JE-000566,03/07/26,2026-03,4010,Product Sales - Distributed,0,1027.44,Invoice INV-60120,AR,INV-60120
JE-000567,2026-03-07,2026-03,4100,Freight Revenue,0,108.33,Freight billed,AR,INV-60120
JE-000568,2026-03-07,2026-03,2100,Accrued Expenses,0,74.49,Sales tax payable,AR,INV-60120
JE-000569,2026-03-07,2026-03,5000,COGS - Materials,894.96,0,COGS ,AR,INV-60120
JE-000570,2026-03-07,2026-03,1230,Inventory - Purchased for Resale,0,894.96,Inventory relief,AR,INV-60120
JE-000852,2026-03-07,2026-03,1100,Accounts Receivable,9620.34,0,Invoice INV-60180,AR,INV-60180
JE-000853,2026-03-07,2026-03,4010,Product Sales - Distributed,0,8908.78,Invoice INV-60180,AR,INV-60180
JE-000854,2026-03-07,2026-03,4100,Freight Revenue,0,711.56,Freight billed,AR,INV-60180
JE-000855,2026-03-07,2026-03,5000,COGS - Materials,6581.98,0,COGS,AR,INV-60180
JE-000856,2026-03-07,2026-03,1230,Inventory - Purchased for Resale,0,6581.98,Inventory relief,AR,INV-60180
JE-000995,2026-03-07,2026-03,1100,Accounts Receivable,18367.41,0,Invoice INV-60210,AR,INV-60210
JE-000996,2026-03-07,2026-03,4010,Product Sales - Distributed,0,14411.7,Invoice INV-60210,AR,INV-60210
JE-000997,03/07/26,2026-03,4100,Freight Revenue,0,2910.86,Freight billed,AR,INV-60210
JE-000998,2026-03-07,2026-03,2100,Accrued Expenses,0,1044.85,Sales tax payable,AR,INV-60210
JE-000999,2026-03-07 ,2026-03,5000,COGS - Materials,10200.68,0,COGS ,AR,INV-60210
JE-001000,07-Mar-2026,2026-03,1230,Inventory - Purchased for Resale,0,10200.68,Inventory relief,AR,INV-60210
JE-003568,2026-03-07,2026-03,2050,GR/IR Clearing (Received Not Invoiced),30100.9,0,Supplier inv INV3472357,AP,INV3472357
JE-003569,2026-03-07,2026-03,2000,Accounts Payable,0,30100.9,Supplier inv INV3472357,AP,INV3472357
JE-003700,2026-03-07,2026-03,2050,GR/IR Clearing (Received Not Invoiced),37468.53,0,Supplier inv 99208006,AP,99208006
JE-003701,2026-03-07,2026-03,2000,Accounts Payable,0,37468.53,Supplier inv 99208006,AP,99208006
JE-003780,2026-03-07,2026-03,1230,Inventory - Purchased for Resale,8805.0,0,PO receipt PO-31007,INV,RCV-40007
JE-003781,2026-03-07,2026-03,2050,GR/IR Clearing (Received Not Invoiced),0,8805.0,PO receipt PO-31007,INV,RCV-40007
JE-001537,2026-03-08,2026-03,1100,Accounts Receivable,10434.97,0,Invoice INV-60323,AR,INV-60323
JE-001538,2026-03-08,2026-03,4010,Product Sales - Distributed,0,9628.31,Invoice INV-60323,AR,INV-60323
JE-001539,2026-03-08,2026-03,4100,Freight Revenue,0,108.61,Freight billed,AR,INV-60323
JE-001540,03/08/26,2026-03,2100,Accrued Expenses,0,698.05,Sales tax payable,AR,INV-60323
JE-001541,2026-03-08,2026-03,5000,COGS - Materials,7792.52,0,COGS,AR,INV-60323
JE-001542,2026-03-08,2026-03,1230,Inventory - Purchased for Resale,0,7792.52,Inventory relief,AR,INV-60323
JE-001747,2026-03-08,2026-03,1100,Accounts Receivable,11828.93,0,Invoice INV-60367,AR,INV-60367
JE-001748,2026-03-08,2026-03,4010,Product Sales - Distributed,0,6568.82,Invoice INV-60367,AR,INV-60367
JE-001749,2026-03-08,2026-03,4100,Freight Revenue,0,5260.11,Freight billed,AR,INV-60367
JE-001750,2026-03-08,2026-03,5000,COGS - Materials,4947.03,0,COGS,AR,INV-60367
JE-001751,2026-03-08,2026-03,1230,Inventory - Purchased for Resale,0,4947.03,Inventory relief,AR,INV-60367 
JE-002688,2026-03-08,2026-03,1000,Operating Cash,13486.87,0,Customer payment,AR,KBD-CR00188
JE-002689,2026-03-08,2026-03,1100,Accounts Receivable,0,13486.87,Customer payment,AR,KBD-CR00188
JE-003006,2026-03-08,2026-03,1000,Operating Cash,642.76,0,Customer payment,AR,KBD-CR00347
JE-003007,2026-03-08,2026-03,1100,Accounts Receivable,0,642.76,Customer payment,AR,KBD-CR00347
JE-003526,2026-03-08,2026-03,2050,GR/IR Clearing (Received Not Invoiced),707.0,0,Supplier inv 97579869,AP,97579869
JE-003527,2026-03-08,2026-03,2000,Accounts Payable,0,707.0,Supplier inv 97579869,AP,97579869
JE-003912,2026-03-08,2026-03,1230,Inventory - Purchased for Resale,71898.5,0,PO receipt PO-31075,INV,RCV-40073
JE-003913,2026-03-08,2026-03,2050,GR/IR Clearing (Received Not Invoiced),0,71898.5,PO receipt PO-31075,INV,RCV-40073
JE-001118,2026-03-09,2026-03,1100,Accounts Receivable,8616.99,0,Invoice INV-60236,AR,INV-60236
JE-001119,2026-03-09,2026-03,4010,Product Sales - Distributed,0,8616.99,Invoice INV-60236,AR,INV-60236
JE-001120,2026-03-09,2026-03,5000,COGS - Materials,5283.46,0,COGS,AR,INV-60236
JE-001121,2026-03-09,2026-03,1230,Inventory - Purchased for Resale,0,5283.46,Inventory relief,AR,INV-60236
JE-004060,2026-03-09,2026-03,1230,Inventory - Purchased for Resale,373277.01,0,PO receipt PO-31149,INV,RCV-40147
JE-004061,2026-03-09,2026-03,2050,GR/IR Clearing (Received Not Invoiced),0,373277.01,PO receipt PO-31149,INV,RCV-40147
JE-001032,2026-03-10,2026-03,1100,Accounts Receivable,15118.48,0,Invoice INV-60218 ,AR,INV-60218
JE-001033,2026-03-10,2026-03,4010,Product Sales - Distributed,0,15118.48,Invoice INV-60218,AR,INV-60218
JE-001034,2026-03-10,2026-03,5000,COGS - Materials,11663.92,0,COGS,AR,INV-60218
JE-001035,03/10/26,2026-03,1230,Inventory - Purchased for Resale,0,11663.92,Inventory relief,AR,INV-60218
JE-001591,10-Mar-2026,2026-03,1100,Accounts Receivable,1864.79,0,Invoice INV-60334,AR,INV-60334
JE-001592,2026-03-10,2026-03,4010,Product Sales - Distributed,0,1864.79,Invoice INV-60334,AR,INV-60334
JE-001593,03/10/26,2026-03,5000,COGS - Materials,1496.09,0,COGS,AR,INV-60334
JE-001594,2026-03-10,2026-03,1230,Inventory - Purchased for Resale,0,1496.09,Inventory relief,AR,INV-60334
JE-001981,2026-03-10,2026-03,1100,Accounts Receivable,27864.63,0,Invoice INV-60417,AR,INV-60417
JE-001982,2026-03-10,2026-03,4010,Product Sales - Distributed,0,27864.63,Invoice INV-60417,AR,INV-60417
JE-001983,2026-03-10,2026-03,5000,COGS - Materials,20235.89,0,COGS,AR,INV-60417
JE-001984,2026-03-10,2026-03,1230,Inventory - Purchased for Resale,0,20235.89,Inventory relief,AR,INV-60417
JE-002504,2026-03-10,2026-03,1000,Operating Cash,22919.19,0,Customer payment,AR,KBD-CR00096
JE-002505,2026-03-10,2026-03,1100,Accounts Receivable,0,22919.19,Customer payment,AR,KBD-CR00096
JE-002524,"Mar 10, 2026",2026-03,1000,Operating Cash,2004.0,0,Customer payment,AR,KBD-CR00106
JE-002525,2026-03-10 ,2026-03,1100,Accounts Receivable,0,2004.0,Customer payment,AR,KBD-CR00106
JE-003046,2026-03-10,2026-03,1000,Operating Cash,4935.86,0,Customer payment,AR,KBD-CR00367
JE-003047,2026-03-10,2026-03,1100,Accounts Receivable,0,4935.86,Customer payment,AR,KBD-CR00367
JE-003125,2026-03-10,2026-03,2050,GR/IR Clearing (Received Not Invoiced),8805.0,0,Supplier inv 91928070,AP,91928070
JE-003126,2026-03-10,2026-03,2000,Accounts Payable,0,8805.0,Supplier inv 91928070,AP,91928070
JE-003244,2026-03-10,2026-03,2050,GR/IR Clearing (Received Not Invoiced),4868.6,0,Supplier inv 4562271,AP,4562271
JE-003245,2026-03-10,2026-03,2000,Accounts Payable,0,4868.6,Supplier inv 4562271,AP,4562271
JE-003444,2026-03-10,2026-03,2050,GR/IR Clearing (Received Not Invoiced),373304.05,0,Supplier inv 91551864,AP,91551864
JE-003445,2026-03-10,2026-03,2000,Accounts Payable,0,373304.05,Supplier inv 91551864,AP,91551864
JE-004180,2026-03-10,2026-03,1230,Inventory - Purchased for Resale,702560.39,0,PO receipt PO-31212,INV,RCV-40207
JE-004181,2026-03-10,2026-03,2050,GR/IR Clearing (Received Not Invoiced),0,702560.39,PO receipt PO-31212,INV,RCV-40207
JE-000187,11-Mar-2026,2026-03,1100,Accounts Receivable,4474.26,0,Invoice INV-60040,AR,INV-60040
JE-000188,2026-03-11 ,2026-03,4010,Product Sales - Distributed,0,4290.34,Invoice INV-60040,AR,INV-60040
JE-000189,2026-03-11,2026-03,4100,Freight Revenue,0,183.92,Freight billed,AR,INV-60040
JE-000190,"Mar 11, 2026",2026-03,5000,COGS - Materials,3002.44,0,COGS ,AR,INV-60040
JE-000191,2026-03-11,2026-03,1230,Inventory - Purchased for Resale,0,3002.44,Inventory relief,AR,INV-60040
JE-002232,2026-03-11,2026-03,1100,Accounts Receivable,4490.42,0,Invoice INV-60471,AR,INV-60471
JE-002233,2026-03-11,2026-03,4010,Product Sales - Distributed,0,4186.87,Invoice INV-60471,AR,INV-60471
JE-002234,11-Mar-2026,2026-03,2100,Accrued Expenses,0,303.55,Sales tax payable,AR,INV-60471
JE-002235,2026-03-11,2026-03,5000,COGS - Materials,2801.06,0,COGS,AR,INV-60471
JE-002236,2026-03-11,2026-03,1230,Inventory - Purchased for Resale,0,2801.06,Inventory relief,AR,INV-60471
JE-003272,2026-03-11,2026-03,2050,GR/IR Clearing (Received Not Invoiced),71898.5,0,Supplier inv 1177837,AP,1177837
JE-003273,2026-03-11,2026-03,5300,Freight In,104.51,0,Freight in,AP,1177837
JE-003274,2026-03-11,2026-03,2000,Accounts Payable,0,72003.01,Supplier inv 1177837,AP,1177837
JE-003996,03/11/26,2026-03,1230,Inventory - Purchased for Resale,26686.2,0,PO receipt PO-31117,INV,RCV-40115
JE-003997,2026-03-11,2026-03,2050,GR/IR Clearing (Received Not Invoiced),0,26686.2,PO receipt PO-31117,INV,RCV-40115
JE-000297,2026-03-12,2026-03,1100,Accounts Receivable,5693.19,0,Invoice INV-60063,AR,INV-60063
JE-000298,2026-03-12,2026-03,4010,Product Sales - Distributed,0,5693.19,Invoice INV-60063,AR,INV-60063
JE-000299,2026-03-12,2026-03,5000,COGS - Materials,4356.03,0,COGS,AR,INV-60063
JE-000300,12-Mar-2026,2026-03,1230,Inventory - Purchased for Resale,0,4356.03,Inventory relief,AR,INV-60063
JE-001618,03/12/26,2026-03,1100,Accounts Receivable,12849.9,0,Invoice INV-60340,AR,INV-60340
JE-001619,2026-03-12,2026-03,4010,Product Sales - Distributed,0,11981.26,Invoice INV-60340,AR,INV-60340
JE-001620,2026-03-12,2026-03,2100,Accrued Expenses,0,868.64,Sales tax payable,AR,INV-60340
JE-001621,03/12/26,2026-03,5000,COGS - Materials,8801.7,0,COGS,AR,INV-60340
JE-001622,2026-03-12,2026-03,1230,Inventory - Purchased for Resale,0,8801.7,Inventory relief,AR,INV-60340
JE-002556,2026-03-12,2026-03,1000,Operating Cash,16370.7,0,Customer payment,AR,KBD-CR00122
JE-002557,2026-03-12,2026-03,1100,Accounts Receivable,0,16370.7,Customer payment,AR,KBD-CR00122
JE-001289,2026-03-13,2026-03,1100,Accounts Receivable,4837.61,0,Invoice INV-60272,AR,INV-60272
JE-001290,2026-03-13,2026-03,4010,Product Sales - Distributed,0,4608.15,Invoice INV-60272,AR,INV-60272
JE-001291,2026-03-13,2026-03,4100,Freight Revenue,0,229.46,Freight billed,AR,INV-60272
JE-001292,2026-03-13,2026-03,5000,COGS - Materials,3374.2,0,COGS,AR,INV-60272
JE-001293,13-Mar-2026,2026-03,1230,Inventory - Purchased for Resale,0,3374.2,Inventory relief,AR,INV-60272
JE-002804,2026-03-13,2026-03,1000,Operating Cash,21382.48,0,Customer payment,AR,KBD-CR00246
JE-002805,2026-03-13,2026-03,1100,Accounts Receivable,0,21382.48,Customer payment,AR,KBD-CR00246
JE-003369 ,2026-03-13,2026-03,2050,GR/IR Clearing (Received Not Invoiced) ,26686.2,0,Supplier inv SI2517757,AP,SI2517757
JE-003370,2026-03-13,2026-03,5300,Freight In,44.65,0,Freight in,AP,SI2517757
JE-003371,2026-03-13,2026-03,2000,Accounts Payable,0,26730.85,Supplier inv SI2517757,AP,SI2517757
JE-004092,2026-03-13,2026-03,1230,Inventory - Purchased for Resale,26190.34,0,PO receipt PO-31166,INV,RCV-40163
JE-004093,2026-03-13,2026-03,2050,GR/IR Clearing (Received Not Invoiced),0,26190.34,PO receipt PO-31166,INV,RCV-40163
JE-001019,2026-03-14,2026-03,1100,Accounts Receivable,26231.35,0,Invoice INV-60215,AR,INV-60215
JE-001020,2026-03-14,2026-03,4010,Product Sales - Distributed,0,19726.01,Invoice INV-60215 ,AR,INV-60215
JE-001021,2026-03-14,2026-03,4100,Freight Revenue,0,6505.34,Freight billed,AR,INV-60215
JE-001022,2026-03-14,2026-03,5000,COGS - Materials,17841.23,0,COGS,AR,INV-60215
JE-001023,"Mar 14, 2026",2026-03,1230,Inventory - Purchased for Resale,0,17841.23,Inventory relief,AR,INV-60215
JE-001278,2026-03-14,2026-03,1100,Accounts Receivable,38888.14,0,Invoice INV-60270,AR,INV-60270
JE-001279,2026-03-14,2026-03,4010,Product Sales - Distributed,0,36079.97,Invoice INV-60270,AR,INV-60270
JE-001280,2026-03-14,2026-03,4100,Freight Revenue,0,192.37,Freight billed,AR,INV-60270
JE-001281,2026-03-14,2026-03,2100,Accrued Expenses,0,2615.8,Sales tax payable,AR,INV-60270
JE-001282,2026-03-14,2026-03,5000,COGS - Materials,25952.54,0,COGS ,AR,INV-60270
JE-001283,2026-03-14,2026-03,1230,Inventory - Purchased for Resale,0,25952.54,Inventory relief,AR,INV-60270
JE-001705,2026-03-14,2026-03,1100,Accounts Receivable,4968.26,0,Invoice INV-60358,AR,INV-60358
JE-001706,2026-03-14,2026-03,4010,Product Sales - Distributed,0,4968.26,Invoice INV-60358,AR,INV-60358
JE-001707,2026-03-14,2026-03,5000,COGS - Materials,3943.06,0,COGS,AR,INV-60358
JE-001708,2026-03-14,2026-03,1230 ,Inventory - Purchased for Resale,0,3943.06,Inventory relief,AR,INV-60358
JE-002271,2026-03-14,2026-03,1100,Accounts Receivable,55148.25,0,Invoice INV-60479,AR,INV-60479
JE-002272,2026-03-14,2026-03,4010,Product Sales - Distributed,0,51420.28,Invoice INV-60479,AR,INV-60479
JE-002273,2026-03-14,2026-03,2100,Accrued Expenses,0,3727.97,Sales tax payable,AR,INV-60479
JE-002274,2026-03-14,2026-03,5000,COGS - Materials,36978.04,0,COGS,AR,INV-60479
JE-002275,2026-03-14,2026-03,1230,Inventory - Purchased for Resale,0,36978.04,Inventory relief,AR,INV-60479
JE-002430,2026-03-14,2026-03,1000,Operating Cash,26137.69,0,Customer payment,AR,KBD-CR00059
JE-002431,2026-03-14,2026-03,1100,Accounts Receivable,0,26137.69,Customer payment,AR,KBD-CR00059
JE-002856,2026-03-14,2026-03,1000,Operating Cash,37794.24,0,Customer payment,AR,KBD-CR00272
JE-002857,2026-03-14,2026-03,1100,Accounts Receivable,0,37794.24,Customer payment,AR,KBD-CR00272
JE-003479,2026-03-14,2026-03,2050,GR/IR Clearing (Received Not Invoiced),26190.34,0,Supplier inv 95876187,AP,95876187
JE-003480,2026-03-14,2026-03,2000,Accounts Payable,0,26190.34,Supplier inv 95876187,AP,95876187
JE-000010,2026-03-15,2026-03,1100,Accounts Receivable,35092.67,0,Invoice INV-60003,AR,INV-60003
JE-000011,2026-03-15,2026-03,4010,Product Sales - Distributed,0,35092.67,Invoice INV-60003,AR,INV-60003
JE-000012,2026-03-15,2026-03,5000,COGS - Materials,24579.01,0,COGS,AR,INV-60003
JE-000013,2026-03-15,2026-03,1230 ,Inventory - Purchased for Resale,0,24579.01,Inventory relief,AR,INV-60003
JE-000742,2026-03-15,2026-03,1100,Accounts Receivable,7947.12,0,Invoice INV-60157,AR,INV-60157
JE-000743,03/15/26 ,2026-03,4010 ,Product Sales - Distributed,0,7409.9,Invoice INV-60157,AR,INV-60157
JE-000744,2026-03-15,2026-03,2100,Accrued Expenses,0,537.22,Sales tax payable,AR,INV-60157
JE-000745,2026-03-15,2026-03,5000,COGS - Materials,5864.59,0,COGS ,AR,INV-60157
JE-000746,2026-03-15,2026-03,1230,Inventory - Purchased for Resale,0,5864.59,Inventory relief,AR,INV-60157
JE-003578,2026-03-15,2026-03,2050,GR/IR Clearing (Received Not Invoiced),702560.39,0,Supplier inv 91360287,AP,91360287
JE-003579,2026-03-15,2026-03,2000,Accounts Payable,0,702560.39,Supplier inv 91360287,AP,91360287
JE-003906,2026-03-15,2026-03,1230,Inventory - Purchased for Resale,8886.84,0,PO receipt PO-31072,INV,RCV-40070
JE-003907,2026-03-15,2026-03,2050,GR/IR Clearing (Received Not Invoiced),0,8886.84,PO receipt PO-31072,INV,RCV-40070
JE-004232,2026-03-15,2026-03,1230,Inventory - Purchased for Resale,31541.23,0,PO receipt PO-31241,INV,RCV-40233
JE-004233,2026-03-15,2026-03,2050,GR/IR Clearing (Received Not Invoiced),0,31541.23,PO receipt PO-31241,INV,RCV-40233
JE-001273,2026-03-16 ,2026-03,1100,Accounts Receivable,7667.06,0,Invoice INV-60269,AR,INV-60269
JE-001274,2026-03-16,2026-03,4010,Product Sales - Distributed,0,7602.36,Invoice INV-60269,AR,INV-60269
JE-001275,03/16/26,2026-03,4100,Freight Revenue,0,64.7,Freight billed,AR,INV-60269
JE-001276,2026-03-16,2026-03,5000,COGS - Materials,5979.7,0,COGS,AR,INV-60269
JE-001277,2026-03-16,2026-03,1230,Inventory - Purchased for Resale,0,5979.7,Inventory relief,AR,INV-60269
JE-002942,2026-03-16,2026-03,1000,Operating Cash,5060.52,0,Customer payment,AR,KBD-CR00315
JE-002943,2026-03-16,2026-03,1100,Accounts Receivable,0,5060.52,Customer payment,AR,KBD-CR00315
JE-003266,2026-03-16,2026-03,2050,GR/IR Clearing (Received Not Invoiced),8886.84,0,Supplier inv SI4471251,AP,SI4471251
JE-003267,2026-03-16,2026-03,2000,Accounts Payable,0,8886.84,Supplier inv SI4471251,AP,SI4471251
JE-000617,2026-03-17,2026-03,1100,Accounts Receivable,13513.59,0,Invoice INV-60131,AR,INV-60131
JE-000618,2026-03-17,2026-03,4010,Product Sales - Distributed,0,13513.59,Invoice INV-60131,AR,INV-60131
JE-000619,2026-03-17,2026-03,5000,COGS - Materials,9168.97,0,COGS,AR,INV-60131
JE-000620,2026-03-17,2026-03,1230,Inventory - Purchased for Resale,0,9168.97,Inventory relief,AR,INV-60131
JE-001299,2026-03-17,2026-03,1100,Accounts Receivable,70284.52,0,Invoice INV-60274,AR ,INV-60274
JE-001300,2026-03-17,2026-03,4010,Product Sales - Distributed,0,70284.52,Invoice INV-60274,AR,INV-60274
JE-001301,2026-03-17,2026-03,5000,COGS - Materials ,50001.68,0,COGS,AR,INV-60274 
JE-001302,2026-03-17,2026-03,1230,Inventory - Purchased for Resale,0,50001.68,Inventory relief,AR,INV-60274
JE-003768,"Mar 17, 2026",2026-03,1230,Inventory - Purchased for Resale,9351.72,0,PO receipt PO-31001,INV,RCV-40001
JE-003769,2026-03-17,2026-03,2050,GR/IR Clearing (Received Not Invoiced),0,9351.72,PO receipt PO-31001,INV,RCV-40001
JE-000076,2026-03-18,2026-03,1100,Accounts Receivable,14370.39,0,Invoice INV-60017,AR,INV-60017
JE-000077,2026-03-18,2026-03,4010,Product Sales - Distributed,0,14099.73,Invoice INV-60017,AR,INV-60017
JE-000078,2026-03-18,2026-03,4100,Freight Revenue,0,270.66,Freight billed,AR,INV-60017
JE-000079,2026-03-18,2026-03,5000,COGS - Materials,9849.71,0,COGS,AR,INV-60017
JE-000080,2026-03-18 ,2026-03,1230,Inventory - Purchased for Resale,0,9849.71,Inventory relief,AR,INV-60017
JE-000990,18-Mar-2026,2026-03 ,1100,Accounts Receivable,1358.56,0,Invoice INV-60209,AR,INV-60209
JE-000991,2026-03-18,2026-03 ,4010,Product Sales - Distributed,0,1266.72,Invoice INV-60209,AR,INV-60209
JE-000992,2026-03-18,2026-03,2100,Accrued Expenses,0,91.84,Sales tax payable,AR,INV-60209
JE-000993,2026-03-18,2026-03,5000,COGS - Materials,793.68,0,COGS,AR,INV-60209
JE-000994,"Mar 18, 2026",2026-03,1230,Inventory - Purchased for Resale,0,793.68,Inventory relief,AR,INV-60209
JE-003794,2026-03-18,2026-03,1230,Inventory - Purchased for Resale,338501.48,0,PO receipt PO-31014,INV,RCV-40014
JE-003795,2026-03-18,2026-03,2050,GR/IR Clearing (Received Not Invoiced),0,338501.48,PO receipt PO-31014,INV,RCV-40014
JE-000006,2026-03-19,2026-03,1100,Accounts Receivable,18412.4,0,Invoice INV-60002,AR,INV-60002
JE-000007,2026-03-19,2026-03,4010,Product Sales - Distributed,0,18412.4,Invoice INV-60002,AR,INV-60002
JE-000008,2026-03-19,2026-03,5000,COGS - Materials,12317.32,0,COGS,AR,INV-60002
JE-000009,03/19/26,2026-03,1230 ,Inventory - Purchased for Resale,0,12317.32,Inventory relief,AR,INV-60002
JE-000196,2026-03-19 ,2026-03,1100,Accounts Receivable,24478.74,0,Invoice INV-60042,AR,INV-60042
JE-000197,2026-03-19,2026-03,4010,Product Sales - Distributed,0,22824.0,Invoice INV-60042,AR,INV-60042
JE-000198 ,2026-03-19,2026-03,2100,Accrued Expenses,0,1654.74,Sales tax payable ,AR,INV-60042
JE-000199,2026-03-19,2026-03,5000,COGS - Materials,17256.0,0,COGS,AR,INV-60042
JE-000200,2026-03-19,2026-03,1230,Inventory - Purchased for Resale,0,17256.0,Inventory relief,AR,INV-60042
JE-001761,2026-03-19,2026-03,1100,Accounts Receivable,6826.24,0,Invoice INV-60370,AR,INV-60370
JE-001762,2026-03-19,2026-03,4010,Product Sales - Distributed,0,6363.5,Invoice INV-60370,AR,INV-60370
JE-001763,2026-03-19,2026-03,4100,Freight Revenue,0,462.74,Freight billed,AR,INV-60370
JE-001764,2026-03-19,2026-03,5000,COGS - Materials,4663.31,0,COGS,AR,INV-60370
JE-001765,2026-03-19,2026-03,1230,Inventory - Purchased for Resale,0,4663.31,Inventory relief,AR,INV-60370
JE-002820,2026-03-19,2026-03,1000,Operating Cash,30448.3,0,Customer payment,AR,KBD-CR00254
JE-002821,19-Mar-2026,2026-03,1100,Accounts Receivable,0,30448.3,Customer payment,AR,KBD-CR00254
JE-003028,2026-03-19,2026-03,1000,Operating Cash,29514.31,0,Customer payment,AR,KBD-CR00358
JE-003029,2026-03-19,2026-03,1100,Accounts Receivable,0,29514.31,Customer payment,AR,KBD-CR00358
JE-003110,2026-03-19,2026-03,2050,GR/IR Clearing (Received Not Invoiced),9351.72,0,Supplier inv INV4184275,AP,INV4184275
JE-003111,2026-03-19,2026-03,2000,Accounts Payable,0,9351.72,Supplier inv INV4184275,AP,INV4184275
JE-003634,03/19/2026,2026-03,2050,GR/IR Clearing (Received Not Invoiced),31541.23,0,Supplier inv 92367300,AP,92367300
JE-003635,2026-03-19,2026-03,5300,Freight In,40.74,0,Freight in,AP,92367300
JE-003636,2026-03-19,2026-03,2000,Accounts Payable,0,31581.97,Supplier inv 92367300,AP,92367300
JE-003822,2026-03-19,2026-03,1230,Inventory - Purchased for Resale,30593.7,0,PO receipt PO-31028,INV ,RCV-40028
JE-003823,2026-03-19,2026-03,2050,GR/IR Clearing (Received Not Invoiced),0,30593.7,PO receipt PO-31028 ,INV,RCV-40028
JE-000791,2026-03-20,2026-03,1100,Accounts Receivable,18637.07,0,Invoice INV-60167,AR,INV-60167
JE-000792,2026-03-20,2026-03,4010,Product Sales - Distributed,0,17377.22,Invoice INV-60167,AR,INV-60167
JE-000793,2026-03-20,2026-03,2100,Accrued Expenses,0,1259.85,Sales tax payable,AR,INV-60167
JE-000794,2026-03-20,2026-03,5000,COGS - Materials,14093.44,0,COGS,AR,INV-60167
JE-000795,2026-03-20,2026-03,1230,Inventory - Purchased for Resale,0,14093.44,Inventory relief,AR,INV-60167
JE-002680,2026-03-20,2026-03,1000,Operating Cash,15971.48,0,Customer payment,AR,KBD-CR00184
JE-002681,2026-03-20,2026-03,1100,Accounts Receivable,0,15971.48,Customer payment,AR,KBD-CR00184
JE-003962,2026-03-20,2026-03,1230,Inventory - Purchased for Resale,50980.0,0,PO receipt PO-31100,INV,RCV-40098
JE-003963,2026-03-20,2026-03,2050,GR/IR Clearing (Received Not Invoiced),0,50980.0,PO receipt PO-31100,INV,RCV-40098
JE-004142,2026-03-20,2026-03,1230,Inventory - Purchased for Resale,31069.78,0,PO receipt PO-31192,INV,RCV-40188
JE-004143,2026-03-20,2026-03,2050,GR/IR Clearing (Received Not Invoiced),0,31069.78,PO receipt PO-31192,INV,RCV-40188
JE-000576,2026-03-21,2026-03,1100,Accounts Receivable,25810.23,0,Invoice INV-60122,AR,INV-60122
JE-000577,2026-03-21,2026-03,4010,Product Sales - Distributed,0,16041.14,Invoice INV-60122,AR,INV-60122
JE-000578,2026-03-21,2026-03,4100,Freight Revenue,0,9769.09,Freight billed,AR,INV-60122
JE-000579,2026-03-21,2026-03,5000,COGS - Materials,9943.52,0,COGS,AR,INV-60122
JE-000580,2026-03-21 ,2026-03,1230,Inventory - Purchased for Resale,0,9943.52,Inventory relief,AR,INV-60122
JE-001446,2026-03-21,2026-03,1100,Accounts Receivable,9365.92,0,Invoice INV-60304,AR,INV-60304
JE-001447,2026-03-21,2026-03,4010,Product Sales - Distributed,0,8732.79,Invoice INV-60304,AR,INV-60304
JE-001448,2026-03-21,2026-03,2100,Accrued Expenses,0,633.13,Sales tax payable,AR,INV-60304
JE-001449,2026-03-21,2026-03,5000,COGS - Materials,5935.81,0,COGS,AR,INV-60304
JE-001450,2026-03-21,2026-03,1230,Inventory - Purchased for Resale,0,5935.81,Inventory relief,AR,INV-60304
JE-002057,2026-03-21,2026-03,1100,Accounts Receivable,10324.25,0,Invoice INV-60433,AR,INV-60433
JE-002058,2026-03-21,2026-03,4010,Product Sales - Distributed,0,10324.25,Invoice INV-60433,AR,INV-60433
JE-002059,2026-03-21,2026-03,5000,COGS - Materials,7189.75,0,COGS,AR,INV-60433
JE-002060,2026-03-21,2026-03,1230,Inventory - Purchased for Resale,0,7189.75,Inventory relief,AR,INV-60433
JE-003842,2026-03-21 ,2026-03,1230,Inventory - Purchased for Resale,162539.6,0,PO receipt PO-31038,INV,RCV-40038
JE-003843,2026-03-21,2026-03,2050,GR/IR Clearing (Received Not Invoiced),0,162539.6,PO receipt PO-31038,INV,RCV-40038
JE-000927,2026-03-22,2026-03,1100,Accounts Receivable,27586.09,0,Invoice INV-60195,AR,INV-60195
JE-000928,2026-03-22,2026-03,4010,Product Sales - Distributed,0,27112.91,Invoice INV-60195,AR,INV-60195
JE-000929,2026-03-22,2026-03,4100,Freight Revenue,0,473.18,Freight billed,AR,INV-60195
JE-000930,"Mar 22, 2026",2026-03,5000,COGS - Materials,18273.92,0,COGS,AR,INV-60195
JE-000931,2026-03-22,2026-03,1230,Inventory - Purchased for Resale,0,18273.92,Inventory relief,AR,INV-60195
JE-001781,2026-03-22,2026-03,1100,Accounts Receivable,302.96,0,Invoice INV-60374,AR,INV-60374
JE-001782,2026-03-22,2026-03,4010,Product Sales - Distributed,0,249.88,Invoice INV-60374,AR,INV-60374
JE-001783,2026-03-22,2026-03,4100,Freight Revenue,0,53.08,Freight billed,AR,INV-60374
JE-001784,2026-03-22,2026-03,5000,COGS - Materials,153.4,0,COGS,AR,INV-60374
JE-001785,03/22/26,2026-03,1230,Inventory - Purchased for Resale,0,153.4,Inventory relief,AR,INV-60374
JE-002830,2026-03-22,2026-03,1000,Operating Cash,4176.95,0,Customer payment,AR,KBD-CR00259
JE-002831,2026-03-22,2026-03,1100,Accounts Receivable,0,4176.95,Customer payment,AR,KBD-CR00259
JE-002970,2026-03-22,2026-03,1000,Operating Cash,16361.7,0,Customer payment,AR,KBD-CR00329
JE-002971,2026-03-22,2026-03,1100,Accounts Receivable,0,16361.7,Customer payment,AR,KBD-CR00329
JE-003142,2026-03-22,2026-03,2050 ,GR/IR Clearing (Received Not Invoiced),338501.48,0,Supplier inv 8265890,AP,8265890
JE-003143,2026-03-22,2026-03,2000,Accounts Payable,0,338501.48,Supplier inv 8265890,AP,8265890
JE-000167,2026-03-23,2026-03,1100,Accounts Receivable,2731.87,0,Invoice INV-60036,AR,INV-60036
JE-000168,2026-03-23,2026-03,4010,Product Sales - Distributed,0,1556.25,Invoice INV-60036,AR,INV-60036
JE-000169,2026-03-23,2026-03,4100,Freight Revenue,0,1062.79,Freight billed,AR,INV-60036
JE-000170,03/23/2026,2026-03 ,2100,Accrued Expenses,0,112.83,Sales tax payable,AR,INV-60036
JE-000171,2026-03-23 ,2026-03,5000,COGS - Materials ,1088.25,0,COGS,AR,INV-60036
JE-000172,2026-03-23,2026-03,1230,Inventory - Purchased for Resale,0,1088.25,Inventory relief,AR,INV-60036
JE-000604,2026-03-23,2026-03 ,1100,Accounts Receivable,9560.79,0,Invoice INV-60128,AR,INV-60128
JE-000605,2026-03-23,2026-03,4010,Product Sales - Distributed,0,7450.8,Invoice INV-60128,AR,INV-60128
JE-000606,2026-03-23,2026-03,4100,Freight Revenue,0,2109.99,Freight billed,AR,INV-60128
JE-000607,23-Mar-2026,2026-03,5000,COGS - Materials,4702.54,0,COGS,AR,INV-60128
JE-000608,03/23/2026,2026-03,1230,Inventory - Purchased for Resale,0,4702.54,Inventory relief,AR,INV-60128
JE-000848,2026-03-23,2026-03,1100,Accounts Receivable,310.44,0,Invoice INV-60179,AR,INV-60179
JE-000849,2026-03-23,2026-03,4010,Product Sales - Distributed,0,310.44,Invoice INV-60179,AR,INV-60179
JE-000850,2026-03-23,2026-03,5000,COGS - Materials,268.5,0,COGS,AR,INV-60179
JE-000851,2026-03-23,2026-03,1230,Inventory - Purchased for Resale,0,268.5,Inventory relief,AR,INV-60179
JE-001394,2026-03-23,2026-03,1100,Accounts Receivable,6560.84,0,Invoice INV-60294,AR,INV-60294
JE-001395,03/23/2026,2026-03,4010,Product Sales - Distributed,0,2870.6,Invoice INV-60294,AR,INV-60294
JE-001396,2026-03-23,2026-03,4100,Freight Revenue,0,3690.24,Freight billed,AR ,INV-60294
JE-001397,2026-03-23,2026-03,5000,COGS - Materials,1950.6,0,COGS,AR,INV-60294
JE-001398,2026-03-23,2026-03,1230,Inventory - Purchased for Resale ,0,1950.6,Inventory relief,AR,INV-60294
JE-001500,2026-03-23 ,2026-03,1100,Accounts Receivable,8720.79,0,Invoice INV-60315,AR,INV-60315
JE-001501,2026-03-23,2026-03,4010,Product Sales - Distributed,0,8688.61,Invoice INV-60315,AR,INV-60315
JE-001502,2026-03-23,2026-03,4100,Freight Revenue,0,32.18,Freight billed,AR,INV-60315
JE-001503,2026-03-23,2026-03,5000,COGS - Materials,7046.72,0,COGS,AR,INV-60315
JE-001504,2026-03-23,2026-03,1230,Inventory - Purchased for Resale,0,7046.72,Inventory relief,AR,INV-60315
JE-002370,2026-03-23,2026-03,1000 ,Operating Cash,5194.53,0,Customer payment,AR ,KBD-CR00029
JE-002371,2026-03-23,2026-03,1100,Accounts Receivable,0,5194.53,Customer payment,AR,KBD-CR00029
JE-002968,2026-03-23,2026-03,1000,Operating Cash,2061.79,0,Customer payment,AR,KBD-CR00328
JE-002969,2026-03-23,2026-03,1100,Accounts Receivable,0,2061.79,Customer payment,AR,KBD-CR00328
JE-003828,2026-03-23,2026-03,1230,Inventory - Purchased for Resale,81363.5,0,PO receipt PO-31031,INV ,RCV-40031
JE-003829,2026-03-23,2026-03,2050,GR/IR Clearing (Received Not Invoiced),0,81363.5,PO receipt PO-31031,INV,RCV-40031
JE-003137,2026-03-24,2026-03,2050,GR/IR Clearing (Received Not Invoiced),265695.07,0,Supplier inv INV4057929,AP,INV4057929
JE-003138,2026-03-24,2026-03,5300,Freight In,3.37,0,Freight in,AP,INV4057929
JE-003139,2026-03-24,2026-03,2000,Accounts Payable,0,265698.44,Supplier inv INV4057929,AP,INV4057929
JE-003330,2026-03-24,2026-03,2050,GR/IR Clearing (Received Not Invoiced),50980.0,0,Supplier inv SI1798694,AP,SI1798694
JE-003331,03/24/26,2026-03,2000,Accounts Payable,0,50980.0,Supplier inv SI1798694,AP,SI1798694
JE-003535,"Mar 24, 2026",2026-03,2050,GR/IR Clearing (Received Not Invoiced),31069.78,0,Supplier inv 95248089,AP,95248089
JE-003536,2026-03-24,2026-03,5300,Freight In,98.35,0,Freight in,AP,95248089
JE-003537,2026-03-24,2026-03,2000,Accounts Payable,0,31168.13,Supplier inv 95248089,AP,95248089
JE-003790,2026-03-24,2026-03,1230,Inventory - Purchased for Resale,265695.07,0,PO receipt PO-31012,INV,RCV-40012
JE-003791,2026-03-24,2026-03,2050,GR/IR Clearing (Received Not Invoiced),0,265695.07,PO receipt PO-31012,INV,RCV-40012
JE-004074,2026-03-24,2026-03,1230,Inventory - Purchased for Resale,877.7,0,PO receipt PO-31157,INV,RCV-40154
JE-004075,2026-03-24,2026-03,2050,GR/IR Clearing (Received Not Invoiced),0,877.7,PO receipt PO-31157,INV,RCV-40154
JE-004298,2026-03-24,2026-03,1230,Inventory - Purchased for Resale,11096.37,0,PO receipt PO-31276,INV,RCV-40266
JE-004299,2026-03-24 ,2026-03,2050,GR/IR Clearing (Received Not Invoiced),0,11096.37,PO receipt PO-31276,INV,RCV-40266
JE-000534,2026-03-25,2026-03,1100,Accounts Receivable,11319.3,0,Invoice INV-60114,AR,INV-60114
JE-000535,2026-03-25,2026-03,4010,Product Sales - Distributed,0,11319.3,Invoice INV-60114,AR,INV-60114
JE-000536,2026-03-25,2026-03,5000,COGS - Materials,8315.7,0,COGS,AR,INV-60114
JE-000537,2026-03-25,2026-03,1230,Inventory - Purchased for Resale,0,8315.7,Inventory relief,AR,INV-60114
JE-000747,2026-03-25,2026-03,1100,Accounts Receivable,40434.09,0,Invoice INV-60158,AR,INV-60158
JE-000748,2026-03-25,2026-03,4010,Product Sales - Distributed,0,40434.09,Invoice INV-60158,AR,INV-60158
JE-000749,"Mar 25, 2026",2026-03,5000,COGS - Materials,32912.65,0,COGS,AR,INV-60158
JE-000750,2026-03-25,2026-03,1230,Inventory - Purchased for Resale,0,32912.65,Inventory relief,AR ,INV-60158
JE-002134,2026-03-25,2026-03,1100,Accounts Receivable,27090.38,0,Invoice INV-60450,AR,INV-60450
JE-002135,2026-03-25,2026-03,4010,Product Sales - Distributed,0,26810.61,Invoice INV-60450,AR,INV-60450
JE-002136,2026-03-25,2026-03,4100,Freight Revenue,0,279.77,Freight billed,AR,INV-60450
JE-002137,2026-03-25,2026-03,5000,COGS - Materials,17050.2,0,COGS,AR,INV-60450
JE-002138,2026-03-25,2026-03,1230,Inventory - Purchased for Resale,0,17050.2,Inventory relief,AR,INV-60450
JE-003982,2026-03-25,2026-03,1230,Inventory - Purchased for Resale,9061.18,0,PO receipt PO-31110,INV,RCV-40108
JE-003983,2026-03-25,2026-03,2050,GR/IR Clearing (Received Not Invoiced),0,9061.18,PO receipt PO-31110,INV,RCV-40108
JE-001137,2026-03-26,2026-03,1100,Accounts Receivable,444.88,0,Invoice INV-60240,AR,INV-60240
JE-001138,2026-03-26,2026-03,4010,Product Sales - Distributed,0,444.88,Invoice INV-60240,AR,INV-60240
JE-001139,2026-03-26,2026-03,5000,COGS - Materials,334.78,0,COGS,AR,INV-60240
JE-001140,2026-03-26,2026-03,1230,Inventory - Purchased for Resale,0,334.78,Inventory relief,AR,INV-60240
JE-001384,2026-03-26,2026-03,1100,Accounts Receivable,17092.02,0,Invoice INV-60292,AR,INV-60292
JE-001385,2026-03-26,2026-03,4010,Product Sales - Distributed,0,15936.62,Invoice INV-60292,AR,INV-60292 
JE-001386,2026-03-26,2026-03,2100,Accrued Expenses,0,1155.4,Sales tax payable,AR,INV-60292
JE-001387,2026-03-26,2026-03,5000,COGS - Materials,10445.7,0,COGS,AR,INV-60292
JE-001388,2026-03-26 ,2026-03,1230,Inventory - Purchased for Resale,0,10445.7,Inventory relief,AR,INV-60292
JE-001496,2026-03-26,2026-03,1100,Accounts Receivable,2135.12,0,Invoice INV-60314,AR,INV-60314
JE-001497,2026-03-26,2026-03,4010,Product Sales - Distributed,0,2135.12,Invoice INV-60314,AR,INV-60314
JE-001498,2026-03-26,2026-03,5000,COGS - Materials,1677.24,0,COGS,AR,INV-60314
JE-001499,26-Mar-2026,2026-03,1230,Inventory - Purchased for Resale,0,1677.24,Inventory relief,AR,INV-60314
JE-001817,"Mar 26, 2026",2026-03,1100,Accounts Receivable,16532.71,0,Invoice INV-60382,AR,INV-60382
JE-001818,2026-03-26,2026-03,4010,Product Sales - Distributed,0,16370.25,Invoice INV-60382,AR,INV-60382
JE-001819,2026-03-26,2026-03,4100,Freight Revenue,0,162.46,Freight billed,AR,INV-60382
JE-001820,2026-03-26,2026-03,5000,COGS - Materials,11954.3,0,COGS,AR,INV-60382
JE-001821,2026-03-26,2026-03,1230,Inventory - Purchased for Resale,0,11954.3,Inventory relief,AR,INV-60382
JE-001935,2026-03-26,2026-03,1100,Accounts Receivable,11455.6,0,Invoice INV-60407,AR,INV-60407
JE-001936,2026-03-26,2026-03,4010,Product Sales - Distributed,0,8938.48,Invoice INV-60407,AR,INV-60407
JE-001937,2026-03-26 ,2026-03,4100,Freight Revenue,0,2517.12,Freight billed,AR,INV-60407 
JE-001938,03/26/26,2026-03,5000,COGS - Materials,6774.01,0,COGS,AR,INV-60407
JE-001939,2026-03-26,2026-03,1230,Inventory - Purchased for Resale,0,6774.01,Inventory relief,AR,INV-60407
JE-002039,2026-03-26,2026-03,1100,Accounts Receivable,3520.0,0,Invoice INV-60429,AR,INV-60429
JE-002040,2026-03-26,2026-03,4010,Product Sales - Distributed,0,3520.0,Invoice INV-60429,AR,INV-60429
JE-002041,2026-03-26,2026-03,5000,COGS - Materials,2540.0,0,COGS,AR,INV-60429
JE-002042,26-Mar-2026,2026-03,1230,Inventory - Purchased for Resale,0,2540.0,Inventory relief,AR,INV-60429
JE-002186 ,2026-03-26,2026-03,1100,Accounts Receivable,3140.83,0,Invoice INV-60461,AR,INV-60461
JE-002187,2026-03-26,2026-03,4010,Product Sales - Distributed,0,3140.83,Invoice INV-60461,AR,INV-60461
JE-002188,2026-03-26,2026-03,5000,COGS - Materials,2207.25,0,COGS,AR,INV-60461
JE-002189,2026-03-26,2026-03,1230,Inventory - Purchased for Resale,0,2207.25,Inventory relief,AR,INV-60461
JE-003174,2026-03-26,2026-03,2050,GR/IR Clearing (Received Not Invoiced),30593.7,0,Supplier inv 92029408,AP,92029408
JE-003175,2026-03-26,2026-03,2000,Accounts Payable,0,30593.7,Supplier inv 92029408,AP,92029408
JE-003197,2026-03-26,2026-03,2050,GR/IR Clearing (Received Not Invoiced),162539.6,0,Supplier inv 91661172,AP,91661172
JE-003198,2026-03-26,2026-03,2000,Accounts Payable,0,162539.6,Supplier inv 91661172,AP,91661172
JE-000421,2026-03-27,2026-03,1100,Accounts Receivable,3151.91,0,Invoice INV-60089,AR,INV-60089
JE-000422,2026-03-27,2026-03,4010,Product Sales - Distributed,0,3151.91,Invoice INV-60089,AR,INV-60089
JE-000423,2026-03-27,2026-03,5000,COGS - Materials,2355.42,0,COGS,AR,INV-60089
JE-000424,2026-03-27,2026-03,1230,Inventory - Purchased for Resale,0,2355.42,Inventory relief,AR,INV-60089
JE-000553,2026-03-27,2026-03,1100,Accounts Receivable,9403.22,0,Invoice INV-60118,AR,INV-60118
JE-000554,2026-03-27,2026-03,4010,Product Sales - Distributed ,0,6894.01,Invoice INV-60118,AR,INV-60118 
JE-000555,2026-03-27,2026-03,4100,Freight Revenue,0,2009.39,Freight billed,AR,INV-60118
JE-000556,03/27/2026,2026-03,2100,Accrued Expenses,0,499.82,Sales tax payable,AR,INV-60118
JE-000557,2026-03-27,2026-03,5000,COGS - Materials,4302.58,0,COGS,AR,INV-60118
JE-000558,2026-03-27,2026-03,1230,Inventory - Purchased for Resale,0,4302.58,Inventory relief,AR,INV-60118
JE-001217,2026-03-27,2026-03,1100,Accounts Receivable,7820.2,0,Invoice INV-60257,AR,INV-60257
JE-001218,2026-03-27,2026-03,4010,Product Sales - Distributed,0,7046.34,Invoice INV-60257,AR ,INV-60257
JE-001219,2026-03-27,2026-03,4100,Freight Revenue,0,773.86,Freight billed,AR,INV-60257
JE-001220,2026-03-27,2026-03,5000,COGS - Materials,5067.0,0,COGS,AR,INV-60257
JE-001221,27-Mar-2026,2026-03,1230,Inventory - Purchased for Resale,0,5067.0,Inventory relief,AR,INV-60257
JE-003181,27-Mar-2026,2026-03,2050,GR/IR Clearing (Received Not Invoiced),81363.5,0,Supplier inv SI4515505,AP,SI4515505
JE-003182,2026-03-27,2026-03,2000,Accounts Payable,0,81363.5,Supplier inv SI4515505,AP,SI4515505
JE-002822 ,03/28/26,2026-03,1000,Operating Cash,196.8,0,Customer payment,AR,KBD-CR00255
JE-002823,2026-03-28,2026-03,1100,Accounts Receivable,0,196.8,Customer payment,AR,KBD-CR00255
JE-003459,2026-03-28,2026-03,2050,GR/IR Clearing (Received Not Invoiced),877.7,0,Supplier inv SI6466811,AP,SI6466811
JE-003460,2026-03-28,2026-03,2000,Accounts Payable,0,877.7,Supplier inv SI6466811,AP,SI6466811
JE-003990,2026-03-28,2026-03,1230,Inventory - Purchased for Resale,3893.55,0,PO receipt PO-31114,INV,RCV-40112
JE-003991,"Mar 28, 2026",2026-03,2050,GR/IR Clearing (Received Not Invoiced) ,0,3893.55,PO receipt PO-31114,INV,RCV-40112
JE-004128,2026-03-28,2026-03,1230,Inventory - Purchased for Resale,21987.64,0,PO receipt PO-31185,INV,RCV-40181
JE-004129,28-Mar-2026,2026-03,2050,GR/IR Clearing (Received Not Invoiced) ,0,21987.64,PO receipt PO-31185,INV,RCV-40181
JE-004230,2026-03-28,2026-03,1230,Inventory - Purchased for Resale,249990.0,0,PO receipt PO-31240,INV,RCV-40232
JE-004231,2026-03-28,2026-03,2050,GR/IR Clearing (Received Not Invoiced),0,249990.0,PO receipt PO-31240,INV ,RCV-40232
JE-003354,2026-03-29,2026-03,2050,GR/IR Clearing (Received Not Invoiced),8880.34,0,Supplier inv SI6444561,AP,SI6444561
JE-003355,2026-03-29,2026-03,5300,Freight In,68.04,0,Freight in ,AP,SI6444561
JE-003356,2026-03-29,2026-03,2000,Accounts Payable,0,8948.38,Supplier inv SI6444561,AP,SI6444561
JE-003712,2026-03-29,2026-03,2050,GR/IR Clearing (Received Not Invoiced),11096.37,0,Supplier inv 1501403,AP,1501403
JE-003713,2026-03-29,2026-03,2000,Accounts Payable,0,11096.37,Supplier inv 1501403,AP,1501403
JE-003363,2026-03-30,2026-03,2050,GR/IR Clearing (Received Not Invoiced),3861.05,0,Supplier inv 7461611,AP,7461611
JE-003364,2026-03-30,2026-03,2000,Accounts Payable,0,3861.05,Supplier inv 7461611,AP,7461611
JE-003934,2026-03-30,2026-03,1230,Inventory - Purchased for Resale,253700.0,0,PO receipt PO-31086,INV,RCV-40084 
JE-003935,03/30/26,2026-03,2050,GR/IR Clearing (Received Not Invoiced),0,253700.0,PO receipt PO-31086,INV,RCV-40084
JE-002356,2026-03-31,2026-03,1000,Operating Cash,3104.57,0,Customer payment,AR,KBD-CR00022
JE-002357,2026-03-31,2026-03,1100,Accounts Receivable,0,3104.57,Customer payment,AR,KBD-CR00022
JE-002508,2026-03-31,2026-03,1000,Operating Cash,153.96,0,Customer payment,AR,KBD-CR00098
JE-002509,2026-03-31,2026-03,1100,Accounts Receivable,0,153.96,Customer payment,AR,KBD-CR00098
JE-002536,2026-03-31,2026-03,1000,Operating Cash ,13728.82,0,Customer payment,AR,KBD-CR00112
JE-002537,2026-03-31,2026-03,1100,Accounts Receivable,0,13728.82,Customer payment,AR,KBD-CR00112
JE-002624,2026-03-31,2026-03,1000,Operating Cash,274.97,0,Customer payment,AR,KBD-CR00156
JE-002625,2026-03-31,2026-03,1100,Accounts Receivable,0,274.97,Customer payment,AR,KBD-CR00156
JE-002664,2026-03-31,2026-03,1000,Operating Cash,12904.06,0,Customer payment,AR,KBD-CR00176
JE-002665,2026-03-31,2026-03,1100,Accounts Receivable,0,12904.06,Customer payment,AR,KBD-CR00176
JE-002700,03/31/26,2026-03,1000,Operating Cash,537.2,0,Customer payment,AR,KBD-CR00194
JE-002701,2026-03-31,2026-03,1100,Accounts Receivable,0,537.2,Customer payment,AR,KBD-CR00194
JE-002798,2026-03-31,2026-03,1000,Operating Cash,39082.63,0,Customer payment ,AR,KBD-CR00243
JE-002799,2026-03-31,2026-03 ,1100,Accounts Receivable,0,39082.63,Customer payment,AR,KBD-CR00243
JE-002802,2026-03-31 ,2026-03,1000,Operating Cash,5097.1,0,Customer payment,AR,KBD-CR00245
JE-002803,2026-03-31,2026-03,1100,Accounts Receivable,0,5097.1,Customer payment,AR,KBD-CR00245
JE-002824,2026-03-31,2026-03,1000,Operating Cash,56822.08,0,Customer payment,AR,KBD-CR00256
JE-002825,2026-03-31,2026-03,1100,Accounts Receivable,0,56822.08,Customer payment,AR,KBD-CR00256
JE-002894,03/31/26,2026-03,1000,Operating Cash,43961.52,0,Customer payment,AR,KBD-CR00291
JE-002895,2026-03-31,2026-03,1100,Accounts Receivable,0,43961.52,Customer payment,AR,KBD-CR00291
JE-002936,2026-03-31,2026-03,1000,Operating Cash,1367.07,0,Customer payment,AR,KBD-CR00312
JE-002937,2026-03-31,2026-03,1100,Accounts Receivable,0,1367.07,Customer payment,AR,KBD-CR00312
JE-002996,2026-03-31,2026-03,1000,Operating Cash,16728.98,0,Customer payment,AR,KBD-CR00342
JE-002997,2026-03-31,2026-03,1100,Accounts Receivable,0,16728.98,Customer payment,AR,KBD-CR00342
JE-003060,2026-03-31,2026-03,1000,Operating Cash,5804.04,0,Customer payment,AR,KBD-CR00374
JE-003061,2026-03-31,2026-03,1100,Accounts Receivable,0,5804.04,Customer payment,AR,KBD-CR00374
JE-003302,2026-03-31,2026-03,2050,GR/IR Clearing (Received Not Invoiced),7096.18,0,Supplier inv 3456834,AP,3456834
JE-003303,2026-03-31,2026-03,2000,Accounts Payable,0,7096.18,Supplier inv 3456834,AP,3456834
JE-003836,2026-03-31,2026-03,1230,Inventory - Purchased for Resale,2111.25,0,PO receipt PO-31035,INV,RCV-40035
JE-003837,2026-03-31,2026-03,2050,GR/IR Clearing (Received Not Invoiced),0,2111.25,PO receipt PO-31035,INV,RCV-40035
JE-003838,2026-03-31,2026-03,1230,Inventory - Purchased for Resale,511.86,0,PO receipt PO-31036,INV,RCV-40036
JE-003839,2026-03-31,2026-03,2050,GR/IR Clearing (Received Not Invoiced),0,511.86,PO receipt PO-31036,INV,RCV-40036
JE-003888,2026-03-31,2026-03,1230,Inventory - Purchased for Resale,3217.24,0,PO receipt PO-31063,INV,RCV-40061
JE-003889,2026-03-31,2026-03,2050,GR/IR Clearing (Received Not Invoiced),0,3217.24,PO receipt PO-31063,INV,RCV-40061
JE-003938,2026-03-31,2026-03,1230,Inventory - Purchased for Resale,7096.18,0,PO receipt PO-31088,INV,RCV-40086
JE-003939,2026-03-31,2026-03,2050,GR/IR Clearing (Received Not Invoiced),0,7096.18,PO receipt PO-31088,INV,RCV-40086
JE-003956,2026-03-31,2026-03,1230,Inventory - Purchased for Resale,4651.12,0,PO receipt PO-31097,INV,RCV-40095
JE-003957,2026-03-31,2026-03,2050,GR/IR Clearing (Received Not Invoiced),0,4651.12,PO receipt PO-31097,INV,RCV-40095
JE-004052,2026-03-31,2026-03,1230,Inventory - Purchased for Resale,2368.45,0,PO receipt PO-31145,INV,RCV-40143
JE-004053,2026-03-31,2026-03,2050,GR/IR Clearing (Received Not Invoiced),0,2368.45,PO receipt PO-31145,INV,RCV-40143
JE-004076,2026-03-31,2026-03,1230,Inventory - Purchased for Resale,116934.3,0,PO receipt PO-31158,INV,RCV-40155
JE-004077,2026-03-31,2026-03,2050,GR/IR Clearing (Received Not Invoiced),0,116934.3,PO receipt PO-31158,INV,RCV-40155
JE-004176,31-Mar-2026,2026-03,1230,Inventory - Purchased for Resale,32827.16,0,PO receipt PO-31209,INV,RCV-40205 
JE-004177,2026-03-31,2026-03,2050,GR/IR Clearing (Received Not Invoiced),0,32827.16,PO receipt PO-31209,INV,RCV-40205
JE-004312,2026-03-31,2026-03,1230,Inventory - Purchased for Resale,1766.1,0,PO receipt PO-31283,INV,RCV-40273
JE-004313,2026-03-31,2026-03,2050,GR/IR Clearing (Received Not Invoiced),0,1766.1,PO receipt PO-31283,INV,RCV-40273
JE-004360,2026-03-31,2026-03,6700,Office & Supplies,3632.75,0,"Iron Mountain Information Management, LLC",AP,KBD-AP00008
JE-004361,2026-03-31,2026-03,2000,Accounts Payable,0,3632.75,"Iron Mountain Information Management, LLC",AP,KBD-AP00008
JE-004380,2026-03-31,2026-03,6700,Office & Supplies,2275.34,0,GRAINGER,AP,KBD-AP00018
JE-004381,2026-03-31,2026-03,2000,Accounts Payable,0,2275.34,GRAINGER,AP,KBD-AP00018
JE-004412,2026-03-31,2026-03,6700,Office & Supplies,3257.81,0,STAPLES BUS ADV,AP,KBD-AP00034
JE-004413,2026-03-31,2026-03,2000,Accounts Payable,0,3257.81,STAPLES BUS ADV,AP,KBD-AP00034
JE-004434,2026-03-31,2026-03,5300,Freight In,78.95,0,FEDEX,AP,KBD-AP00045
JE-004435,2026-03-31,2026-03,2000,Accounts Payable,0,78.95,FEDEX,AP,KBD-AP00045
JE-004458,2026-03-31,2026-03,6300 ,Rent,14200,0,Allentown Industrial Park LLC,AP,KBD-AP00057
JE-004459,03/31/2026,2026-03,2000,Accounts Payable,0,14200,Allentown Industrial Park LLC,AP,KBD-AP00057 
JE-004482,2026-03-31,2026-03,6400,Software Subscriptions,9000.0,0,NetSuite,AP,SW-NETSUI
JE-004483,"Mar 31, 2026",2026-03,2000,Accounts Payable,0,9000.0,NetSuite,AP,SW-NETSUI
JE-004506,2026-03-31,2026-03,6400,Software Subscriptions,1725.0,0,Autodesk Inventor,AP,SW-AUTODE
JE-004507,2026-03-31,2026-03,2000,Accounts Payable,0,1725.0,Autodesk Inventor,AP,SW-AUTODE
JE-004530,2026-03-31,2026-03,6400,Software Subscriptions,400.0,0,uniPoint QMS,AP,SW-UNIPOI
JE-004531,2026-03-31,2026-03,2000,Accounts Payable,0,400.0,uniPoint QMS,AP,SW-UNIPOI
JE-004554,2026-03-31,2026-03,6400,Software Subscriptions,787.5,0,Microsoft 365 Business Standard,AP,SW-MICROS
JE-004555,2026-03-31,2026-03,2000,Accounts Payable,0,787.5,Microsoft 365 Business Standard,AP,SW-MICROS
JE-004578,2026-03-31,2026-03,6400,Software Subscriptions,1980.0,0,Paycom ,AP,SW-PAYCOM
JE-004579,03/31/2026,2026-03,2000,Accounts Payable,0,1980.0,Paycom,AP,SW-PAYCOM
JE-004602,2026-03-31,2026-03,6400,Software Subscriptions,1200.0,0,ShipStation,AP,SW-SHIPST
JE-004603,2026-03-31,2026-03,2000,Accounts Payable,0,1200.0,ShipStation,AP,SW-SHIPST
JE-004626,2026-03-31,2026-03,6400,Software Subscriptions,720.0,0,HubSpot Sales Hub,AP,SW-HUBSPO
JE-004627,2026-03-31,2026-03,2000,Accounts Payable,0,720.0,HubSpot Sales Hub,AP,SW-HUBSPO
JE-004650,2026-03-31,2026-03,6400,Software Subscriptions,567.0,0,Expensify,AP,SW-EXPENS
JE-004651,2026-03-31,2026-03,2000 ,Accounts Payable,0,567.0,Expensify,AP,SW-EXPENS
JE-004674,2026-03-31,2026-03,6400,Software Subscriptions,880.0,0,Dropbox Business,AP,SW-DROPBO
JE-004675,2026-03-31,2026-03,2000,Accounts Payable,0,880.0,Dropbox Business,AP,SW-DROPBO
JE-004698,2026-03-31,2026-03,6400,Software Subscriptions,630.0,0,Zoom Workplace,AP,SW-ZOOMW
JE-004699,2026-03-31,2026-03,2000,Accounts Payable,0,630.0,Zoom Workplace,AP,SW-ZOOMW 
JE-004722,31-Mar-2026,2026-03,6400,Software Subscriptions,392.0,0,8x8 Work,AP,SW-8X8WO
JE-004723,"Mar 31, 2026",2026-03,2000,Accounts Payable,0,392.0,8x8 Work,AP,SW-8X8WO
JE-004746,2026-03-31,2026-03,6000,Salaries & Wages,348451.23,0,Monthly payroll,PR,PR-202603
JE-004747,2026-03-31,2026-03,2300,Payroll Liabilities,0,348451.23,Monthly payroll,PR,PR-202603
JE-003298,2026-04-01,2026-04,2050,GR/IR Clearing (Received Not Invoiced),253700.0,0,Supplier inv 91347766,AP,91347766
JE-003299,2026-04-01,2026-04,2000,Accounts Payable,0,253700.0,Supplier inv 91347766,AP,91347766
JE-003632,2026-04-02,2026-04,2050,GR/IR Clearing (Received Not Invoiced),249990.0,0,Supplier inv 8513875,AP,8513875
JE-003633,2026-04-02,2026-04,2000,Accounts Payable ,0,249990.0,Supplier inv 8513875,AP,8513875
JE-003193,2026-04-03,2026-04,2050,GR/IR Clearing (Received Not Invoiced),511.86,0,Supplier inv 3259015,AP,3259015
JE-003194,2026-04-03,2026-04,2000,Accounts Payable,0,511.86,Supplier inv 3259015,AP,3259015
JE-003435,2026-04-04,2026-04,2050,GR/IR Clearing (Received Not Invoiced),2368.45,0,Supplier inv 109103,AP,109103
JE-003436 ,2026-04-04,2026-04,2000,Accounts Payable,0,2368.45,Supplier inv 109103,AP,109103
JE-003519,2026-04-04,2026-04,2050,GR/IR Clearing (Received Not Invoiced) ,21987.64,0,Supplier inv SI1575334,AP,SI1575334
JE-003520,2026-04-04,2026-04,2000,Accounts Payable,0,21987.64,Supplier inv SI1575334,AP,SI1575334
JE-003572,2026-04-04,2026-04,2050,GR/IR Clearing (Received Not Invoiced),32200.73,0,Supplier inv INV6781275,AP,INV6781275
JE-003573,"Apr 04, 2026",2026-04,5300,Freight In,5.21,0,Freight in,AP,INV6781275
JE-003574,04-Apr-2026,2026-04,2000,Accounts Payable,0,32205.94,Supplier inv INV6781275,AP,INV6781275
JE-003246,04/05/2026,2026-04,2050,GR/IR Clearing (Received Not Invoiced),3217.24,0,Supplier inv 646076,AP,646076
JE-003247,2026-04-05,2026-04,5300,Freight In,96.66,0,Freight in,AP,646076
JE-003248,2026-04-05,2026-04,2000,Accounts Payable,0,3313.9,Supplier inv 646076,AP,646076
JE-003461,2026-04-05,2026-04,2050,GR/IR Clearing (Received Not Invoiced),116934.3,0,Supplier inv SI1558178,AP,SI1558178
JE-003462,2026-04-05,2026-04,2000,Accounts Payable,0,116934.3,Supplier inv SI1558178,AP,SI1558178
JE-003321,2026-04-06,2026-04,2050,GR/IR Clearing (Received Not Invoiced),4651.12,0,Supplier inv SI6435742,AP,SI6435742
JE-003322,2026-04-06 ,2026-04,5300,Freight In,153.19,0,Freight in,AP,SI6435742
JE-003323,2026-04-06,2026-04,2000,Accounts Payable,0,4804.31,Supplier inv SI6435742 ,AP,SI6435742
JE-003191,2026-04-07,2026-04,2050,GR/IR Clearing (Received Not Invoiced),2132.25,0,Supplier inv 7559349,AP,7559349
JE-003192,2026-04-07,2026-04,2000,Accounts Payable,0,2132.25,Supplier inv 7559349,AP,7559349
JE-003728,2026-04-07,2026-04,2050,GR/IR Clearing (Received Not Invoiced),1766.1,0,Supplier inv INV6742790,AP,INV6742790
JE-003729,04/07/26,2026-04,2000,Accounts Payable,0,1766.1,Supplier inv INV6742790,AP,INV6742790
