Event Id,Company Id,Workflow Type,Object Type,Object Id,Timestamp,Actor,Action,Previous State,New State,Source Document,Confidence,Requires Review
EV-000173,keystone_bearing_and_drive,quote_to_order,sales_order,SO-26051,2025-04-01T13:09:00,E015,order_entered,,open,customer_po_P628006,0.9,N
EV-000011,keystone_bearing_and_drive,quote_to_order,quote,Q-26011,2025-04-01T14:14:00,E018,quote_sent,draft,sent,Q-26011.pdf,1.0,N
EV-002254,keystone_bearing_and_drive,procure_to_pay,purchase_order,PO-31234,2025-04-01T17:06:00,E012 ,po_issued,draft,open,PO-31234.pdf,1.0,N
EV-002919,keystone_bearing_and_drive,manufacturing,work_order,WO-70012,2025-04-02T13:45:00,E026,wo_released,planned,released,MRP,1.0,N
EV-002031,keystone_bearing_and_drive,procure_to_pay,purchase_order,PO-31011,2025-04-02T16:37:00,E012,po_issued,draft,open,PO-31011.pdf,1.0,N
EV-002294,keystone_bearing_and_drive,procure_to_pay,purchase_order,PO-31274,2025-04-03T08:12:00,E011,po_issued,draft,open,PO-31274.pdf,1.0,N
EV-002287,keystone_bearing_and_drive,procure_to_pay,purchase_order,PO-31267,2025-04-03T08:33:00,E012,po_issued,draft,open,PO-31267.pdf,1.0,N
EV-000316,keystone_bearing_and_drive,quote_to_order,sales_order,SO-26192,2025-04-03T10:11:00,E025,order_entered,,open,customer_po_PO539170,1.0,N
EV-002967,keystone_bearing_and_drive,manufacturing,work_order ,WO-70037,2025-04-03T17:14:00,E006,wo_released,planned,released,MRP,1.0,N
EV-000302,keystone_bearing_and_drive,quote_to_order,sales_order,SO-26178,2025-04-03T17:34:00,E013,order_entered,,open,customer_po_P624260,1.0,N
EV-002113,keystone_bearing_and_drive,procure_to_pay,purchase_order,PO-31093,2025-04-04T14:38:00,E011,po_issued,draft,open,PO-31093.pdf,1.0,N
EV-002127,keystone_bearing_and_drive,procure_to_pay,purchase_order,PO-31107,2025-04-04T17:43:00,E011,po_issued,draft,open,PO-31107.pdf,1.0,N
EV-000238,keystone_bearing_and_drive,credit_control,sales_order,SO-26115,2025-04-05T09:11:00,E002,credit_hold_applied,open,credit_hold,credit_checks,1.0,N
EV-000355,keystone_bearing_and_drive,quote_to_order,sales_order,SO-26231,2025-04-05T15:58:00,E015,order_entered,,open,customer_po_PO162970,1.0,N
EV-000237,keystone_bearing_and_drive,quote_to_order,sales_order,SO-26115 ,2025-04-05T16:28:00,E024,order_entered,,open,customer_po_PO834205,0.9,Y
EV-000204,keystone_bearing_and_drive,quote_to_order,sales_order,SO-26082,2025-04-07T11:24:00,E018,order_entered,,open ,customer_po_P216737,1.0,N
EV-000550,keystone_bearing_and_drive,quote_to_order,sales_order,SO-26423,2025-04-07T14:48:00,E017,order_entered,,open,customer_po_4500620365,1.0,N
EV-000558,keystone_bearing_and_drive,quote_to_order,sales_order,SO-26431,2025-04-07T15:47:00,E013,order_entered,,open,customer_po_P211410,0.9,N
EV-000395,keystone_bearing_and_drive,quote_to_order,sales_order,SO-26271,2025-04-08T07:37:00,E016,order_entered,,open,customer_po_PO661843,0.9,N
EV-002033,keystone_bearing_and_drive,procure_to_pay,purchase_order,PO-31013,2025-04-08T16:15:00,E012,po_issued,draft,open,PO-31013.pdf,1.0,N
EV-000581,keystone_bearing_and_drive,quote_to_order,sales_order,SO-26454,2025-04-09T11:55:00,E025,order_entered,,open,customer_po_P396192,0.9,N
EV-000014,keystone_bearing_and_drive,quote_to_order,quote,Q-26014,2025-04-10T14:22:00,E019,quote_sent,draft,sent,Q-26014.pdf,1.0,N
EV-000210,keystone_bearing_and_drive,quote_to_order,sales_order,SO-26088,2025-04-10T15:26:00,E024,order_entered,,open,customer_po_PO563147,0.9,N
EV-000642,keystone_bearing_and_drive,quote_to_order,sales_order,SO-26515,2025-04-10T15:28:00,E015,order_entered,,open,customer_po_PO361070,1.0,N
EV-002978,keystone_bearing_and_drive,manufacturing,work_order,WO-70043,2025-04-11T07:38:00,E006,wo_released,planned,released,MRP,1.0,N
EV-002038,keystone_bearing_and_drive,procure_to_pay,purchase_order,PO-31018,2025-04-11T09:28:00,E012,po_issued,draft,open,PO-31018.pdf,1.0,N
EV-002050,keystone_bearing_and_drive,procure_to_pay,purchase_order,PO-31030,2025-04-11T11:53:00,E012,po_issued,draft,open,PO-31030.pdf,1.0,N
EV-000051,keystone_bearing_and_drive,quote_to_order,quote,Q-26051,2025-04-12T08:58:00,E020,quote_sent,draft,sent,Q-26051.pdf,1.0,N
EV-000181,keystone_bearing_and_drive,quote_to_order,sales_order,SO-26059,2025-04-12T11:06:00,E018,order_entered,,open,customer_po_4500807327,1.0,N
EV-000265,keystone_bearing_and_drive,quote_to_order,sales_order,SO-26142,2025-04-12T14:27:00,E014,order_entered,,open,customer_po_4500138407,0.9,N
EV-000169,keystone_bearing_and_drive,quote_to_order,sales_order,SO-26047,2025-04-14T08:35:00,E018,order_entered,,open,customer_po_PO719075,1.0,N
EV-001304,keystone_bearing_and_drive ,order_to_cash,customer_invoice,INV-60169,2025-04-15T07:02:00,E002,invoice_issued,,open,INV-60169.pdf,1.0,N
EV-000817,keystone_bearing_and_drive,fulfillment,shipment,SH-50170,2025-04-15T10:22:00,E026,shipment_confirmed,picked,shipped,PS-SH-50170.pdf,1.0,N
EV-002173,keystone_bearing_and_drive,procure_to_pay,purchase_order,PO-31153,2025-04-15T11:04:00,E012,po_issued,draft,open,PO-31153.pdf,1.0,N
EV-000495,keystone_bearing_and_drive,quote_to_order,sales_order,SO-26369,2025-04-15T15:36:00,E025,order_entered,,open,customer_po_PO815097,1.0,N
EV-000044,keystone_bearing_and_drive,quote_to_order,quote,Q-26044,2025-04-16T12:26:00,E021,quote_sent,draft,sent,Q-26044.pdf,1.0,N
EV-002231,keystone_bearing_and_drive,procure_to_pay,purchase_order,PO-31211,2025-04-16T12:37:00,E012,po_issued,draft,open,PO-31211.pdf,1.0,N
EV-000057,keystone_bearing_and_drive ,quote_to_order,quote,Q-26057,2025-04-16T12:42:00,E018,quote_sent,draft,sent,Q-26057.pdf,1.0,N
EV-000172 ,keystone_bearing_and_drive,quote_to_order,sales_order,SO-26050,2025-04-16T12:55:00,E018,order_entered,,open,customer_po_4500856894,1.0,N
EV-000377,keystone_bearing_and_drive,quote_to_order,sales_order,SO-26253,2025-04-16T17:09:00,E016,order_entered,,open,customer_po_P816384,0.9,N
EV-002037,keystone_bearing_and_drive,procure_to_pay,purchase_order,PO-31017,2025-04-17T07:53:00,E012,po_issued,draft,open,PO-31017.pdf,1.0,N
EV-002911,keystone_bearing_and_drive,manufacturing,work_order,WO-70008,2025-04-19T12:30:00,E040,wo_released,planned,released,MRP,1.0,N
EV-002968,keystone_bearing_and_drive,manufacturing,work_order,WO-70037,2025-04-19T14:13:00,E045,wo_closed,in_process,closed,COC-WO-70037.pdf,1.0,N
EV-002920,keystone_bearing_and_drive,manufacturing,work_order,WO-70012,2025-04-19T15:35:00,E045,wo_closed,in_process,closed,COC-WO-70012.pdf,1.0,N
EV-002578,keystone_bearing_and_drive,procure_to_pay,receipt,RCV-40258,2025-04-20T07:29:00,E027,goods_received,open,received,PS138216,1.0,N
EV-000591,keystone_bearing_and_drive,quote_to_order,sales_order,SO-26464,2025-04-20T09:30:00,E016,order_entered,,open,customer_po_PO417061,1.0,N
EV-002163,keystone_bearing_and_drive,procure_to_pay,purchase_order,PO-31143,2025-04-20T10:46:00,E012,po_issued,draft,open,PO-31143.pdf,1.0,N
EV-000482,keystone_bearing_and_drive,quote_to_order,sales_order,SO-26356,2025-04-20T14:06:00,E013,order_entered,,open,customer_po_PUR-276827,1.0,N
EV-000360,keystone_bearing_and_drive,quote_to_order,sales_order,SO-26236,2025-04-20T15:42:00,E016,order_entered,,open,customer_po_P194958,0.9,N
EV-000361,keystone_bearing_and_drive,quote_to_order,sales_order ,SO-26237,2025-04-20T15:51:00,E016,order_entered,,open,customer_po_4500316856,1.0,N
EV-003012,keystone_bearing_and_drive,quality,ncr,NCR-0002,2025-04-20T16:11:00,E045,ncr_opened,,open,RCV-40258,1.0,Y
EV-001075,keystone_bearing_and_drive,fulfillment,shipment,SH-50428,2025-04-21T07:09:00,E037,shipment_confirmed,picked,shipped,PS-SH-50428.pdf,1.0,N
EV-001617,keystone_bearing_and_drive,order_to_cash,customer_invoice,INV-60482,2025-04-21T07:27:00,E002,invoice_issued,,open,INV-60482.pdf,1.0,N
EV-000468,keystone_bearing_and_drive,quote_to_order,sales_order,SO-26342,2025-04-21T10:21:00,E017,order_entered,,open,customer_po_4500588626,0.9,N
EV-001130,keystone_bearing_and_drive,fulfillment,shipment,SH-50483,2025-04-21T11:16:00,E037,shipment_confirmed,picked,shipped,PS-SH-50483.pdf,1.0,N
EV-001562,keystone_bearing_and_drive,order_to_cash,customer_invoice,INV-60427,2025-04-21T12:17:00,E002,invoice_issued,,open,INV-60427.pdf,1.0,N
EV-000295,keystone_bearing_and_drive,quote_to_order,sales_order,SO-26171,2025-04-21T14:48:00,E016,order_entered,,open,customer_po_4500556402,0.9,N
EV-000518,keystone_bearing_and_drive,quote_to_order,sales_order,SO-26391,2025-04-22T07:10:00,E024,order_entered,,open,customer_po_PO121122,1.0,N
EV-000040,keystone_bearing_and_drive,quote_to_order,quote,Q-26040,2025-04-22T09:29:00,E016,quote_sent,draft,sent,Q-26040.pdf,1.0,N
EV-002119,keystone_bearing_and_drive,procure_to_pay,purchase_order,PO-31099,2025-04-22T12:19:00,E011,po_issued,draft,open,PO-31099.pdf,1.0,N
EV-000548,keystone_bearing_and_drive,quote_to_order,sales_order,SO-26421,2025-04-22T12:28:00,E015,order_entered,,open,customer_po_PO281731,0.9,N
EV-002942,keystone_bearing_and_drive,manufacturing,work_order,WO-70024,2025-04-22T13:20:00,E005,wo_released,planned,released,MRP,1.0,N
EV-000609,keystone_bearing_and_drive,quote_to_order,sales_order,SO-26482,2025-04-22T13:34:00,E017,order_entered,,open,customer_po_PO140756,0.9,N
EV-000831,keystone_bearing_and_drive ,fulfillment,shipment,SH-50184,2025-04-23T07:01:00,E036,shipment_confirmed,picked,shipped,PS-SH-50184.pdf,1.0,N
EV-002986,keystone_bearing_and_drive,manufacturing,work_order,WO-70048,2025-04-23T07:05:00,E020,wo_released,planned,released,MRP,1.0,N
EV-001318,keystone_bearing_and_drive ,order_to_cash,customer_invoice,INV-60183,2025-04-23T09:08:00,E002,invoice_issued,,open,INV-60183.pdf,1.0,N
EV-000757,keystone_bearing_and_drive,fulfillment,shipment,SH-50110,2025-04-23T15:10:00,E034,shipment_confirmed,picked,shipped,PS-SH-50110.pdf,1.0,N
EV-000732,keystone_bearing_and_drive,fulfillment,shipment,SH-50085,2025-04-23T15:25:00,E035,shipment_confirmed,picked,shipped,PS-SH-50085.pdf,1.0,N
EV-001219,keystone_bearing_and_drive,order_to_cash,customer_invoice,INV-60084,2025-04-23T15:33:00,E002,invoice_issued,,open,INV-60084.pdf,1.0,N
EV-001244 ,keystone_bearing_and_drive,order_to_cash,customer_invoice,INV-60109,2025-04-23T16:46:00,E002,invoice_issued,,open,INV-60109.pdf,1.0,N
EV-000566,keystone_bearing_and_drive,quote_to_order,sales_order,SO-26439,2025-04-24T09:49:00,E024 ,order_entered,,open,customer_po_4500552572,0.9,N
EV-000041,keystone_bearing_and_drive,quote_to_order,quote,Q-26041,2025-04-24T12:47:00,E018,quote_sent,draft,sent,Q-26041.pdf,1.0,N
EV-000069,keystone_bearing_and_drive,quote_to_order,quote,Q-26069,2025-04-24T13:56:00,E016 ,quote_sent,draft,sent,Q-26069.pdf,1.0,N
EV-002867,keystone_bearing_and_drive,procure_to_pay,supplier_invoice,6779292,2025-04-24T14:10:00,E002,invoice_matched,received,paid,6779292,1.0,N
EV-000728,keystone_bearing_and_drive,fulfillment,shipment,SH-50081,2025-04-25T07:31:00,E036,shipment_confirmed,picked,shipped,PS-SH-50081.pdf,1.0,N
EV-001215,keystone_bearing_and_drive,order_to_cash,customer_invoice,INV-60080,2025-04-25T08:36:00,E002,invoice_issued,,open,INV-60080.pdf,1.0,N
EV-001483,keystone_bearing_and_drive ,order_to_cash,customer_invoice,INV-60348,2025-04-25T08:39:00,E002,invoice_issued,,open,INV-60348.pdf,1.0,N
EV-000996,keystone_bearing_and_drive,fulfillment,shipment,SH-50349,2025-04-25T10:14:00,E037,shipment_confirmed,picked,shipped,PS-SH-50349.pdf,1.0,N
EV-000326,keystone_bearing_and_drive,quote_to_order,sales_order,SO-26202,2025-04-25T11:12:00,E014,order_entered,,open,customer_po_4500641694,1.0,N
EV-000436,keystone_bearing_and_drive,quote_to_order,sales_order,SO-26311,2025-04-25T13:46:00,E024,order_entered,,open,customer_po_PO660989,0.9,N
EV-000336,keystone_bearing_and_drive,quote_to_order,sales_order,SO-26212,2025-04-25T17:44:00,E013,order_entered,,open,customer_po_P800160,1.0,N
EV-002417,keystone_bearing_and_drive,procure_to_pay,receipt,RCV-40097,2025-04-25T17:53:00,E038,goods_received,open,received,PS823437,1.0,N
EV-000535,keystone_bearing_and_drive,quote_to_order,sales_order,SO-26408,2025-04-26T07:03:00,E015,order_entered,,open,customer_po_PO317529,0.9,N
EV-000697,keystone_bearing_and_drive,fulfillment ,shipment,SH-50050,2025-04-26T08:19:00,E036,shipment_confirmed,picked,shipped,PS-SH-50050.pdf,1.0,N
EV-001532,keystone_bearing_and_drive,order_to_cash,customer_invoice,INV-60397,2025-04-26T10:30:00,E002,invoice_issued,,open,INV-60397.pdf,1.0,N
EV-001184,keystone_bearing_and_drive ,order_to_cash,customer_invoice,INV-60049,2025-04-26T12:49:00,E002,invoice_issued,,open,INV-60049.pdf,1.0,N
EV-002333,keystone_bearing_and_drive,procure_to_pay,receipt,RCV-40013,2025-04-26T14:25:00,E028,goods_received,open,received,PS113891,1.0,N
EV-001045,keystone_bearing_and_drive,fulfillment ,shipment,SH-50398,2025-04-26T15:43:00,E038,shipment_confirmed ,picked,shipped,PS-SH-50398.pdf,1.0,N
EV-000424,keystone_bearing_and_drive,quote_to_order,sales_order,SO-26299,2025-04-28T07:37:00,E017,order_entered,,open,customer_po_P751269,0.9,N
EV-000544,keystone_bearing_and_drive,quote_to_order,sales_order,SO-26417,2025-04-28T08:38:00,E017,order_entered,,open,customer_po_PO114586,1.0,N
EV-002584,keystone_bearing_and_drive,procure_to_pay,receipt,RCV-40264,2025-04-28T14:11:00,E036,goods_received,open,received,PS354457,1.0,N
EV-000317,keystone_bearing_and_drive,quote_to_order,sales_order,SO-26193,2025-04-29T08:15:00,E016,order_entered,,open,customer_po_PO465684,1.0,N
EV-000254,keystone_bearing_and_drive,quote_to_order,sales_order,SO-26131,2025-04-29T13:29:00,E025,order_entered,,open,customer_po_P574828,0.9,N
EV-002425,keystone_bearing_and_drive,procure_to_pay,receipt,RCV-40105,2025-04-29T14:52:00,E038,goods_received,open,received,PS142826,1.0,N
EV-002166,keystone_bearing_and_drive ,procure_to_pay,purchase_order,PO-31146,2025-04-29T15:56:00,E011,po_issued,draft,open ,PO-31146.pdf,1.0,N
EV-000425,keystone_bearing_and_drive,quote_to_order,sales_order,SO-26300,2025-04-30T10:52:00,E014,order_entered,,open,customer_po_4500143860,1.0,N
EV-000541,keystone_bearing_and_drive,quote_to_order,sales_order,SO-26414,2025-04-30T15:03:00,E024,order_entered,,open,customer_po_PUR-815733,0.9,N
EV-000398,keystone_bearing_and_drive,quote_to_order,sales_order,SO-26274,2025-04-30T15:35:00,E015,order_entered,,open,customer_po_P414086,0.9,N
EV-002526,keystone_bearing_and_drive,procure_to_pay,receipt,RCV-40206,2025-04-30T16:53:00,E034,goods_received,open,received,PS533579,0.85,Y
EV-002085,keystone_bearing_and_drive,procure_to_pay,purchase_order,PO-31065,2025-04-30T17:20:00,E011,po_issued,draft,open,PO-31065.pdf,1.0,N
EV-000490,keystone_bearing_and_drive,quote_to_order,sales_order,SO-26364,2025-05-01T12:14:00,E018,order_entered,,open,customer_po_PO442209 ,0.9,N
EV-000334,keystone_bearing_and_drive,quote_to_order,sales_order,SO-26210,2025-05-02T10:23:00,E017,order_entered,,open,customer_po_4500719514,1.0,N
EV-002122,keystone_bearing_and_drive,procure_to_pay,purchase_order,PO-31102,2025-05-02T11:53:00,E012,po_issued,draft,open,PO-31102.pdf,1.0,N
EV-002706,keystone_bearing_and_drive,procure_to_pay,supplier_invoice,98341182,2025-05-03T08:45:00,E002,invoice_matched,received,paid,98341182,1.0,N
EV-000084,keystone_bearing_and_drive,quote_to_order,quote,Q-26084,2025-05-03T14:40:00,E023,quote_sent,draft,sent,Q-26084.pdf,1.0,N
EV-000314,keystone_bearing_and_drive,quote_to_order,sales_order,SO-26190,2025-05-03T15:17:00,E024,order_entered,,open,customer_po_P574657,1.0,N
EV-000549,keystone_bearing_and_drive,quote_to_order,sales_order,SO-26422,2025-05-03T15:54:00,E016,order_entered,,open,customer_po_PUR-942247,0.9,N
EV-002179,keystone_bearing_and_drive,procure_to_pay,purchase_order,PO-31159,2025-05-03T16:28:00,E011,po_issued,draft,open,PO-31159.pdf,1.0,N
EV-002026,keystone_bearing_and_drive,procure_to_pay,purchase_order,PO-31006,2025-05-03T17:19:00,E011,po_issued,draft,open,PO-31006.pdf,1.0,N
EV-001540,keystone_bearing_and_drive,order_to_cash,customer_invoice,INV-60405,2025-05-04T07:28:00,E002,invoice_issued,,open,INV-60405.pdf,1.0,N
EV-001270,keystone_bearing_and_drive,order_to_cash,customer_invoice,INV-60135 ,2025-05-04T08:03:00,E002,invoice_issued,,open,INV-60135.pdf,1.0,N
EV-002220,keystone_bearing_and_drive,procure_to_pay,purchase_order,PO-31200,2025-05-04T09:15:00,E012,po_issued,draft,open,PO-31200.pdf,1.0,N
EV-002714,keystone_bearing_and_drive,procure_to_pay,supplier_invoice,99749431,2025-05-04T12:55:00,E002,match_exception,received,paid,99749431,0.7,Y
EV-000783,keystone_bearing_and_drive,fulfillment,shipment,SH-50136,2025-05-04T13:41:00,E027,shipment_confirmed,picked,shipped,PS-SH-50136.pdf,1.0,N
EV-001053,keystone_bearing_and_drive,fulfillment,shipment,SH-50406,2025-05-04T14:30:00,E031,shipment_confirmed,picked,shipped,PS-SH-50406.pdf,1.0,N
EV-001192,keystone_bearing_and_drive,order_to_cash,customer_invoice,INV-60057,2025-05-05T08:22:00,E002,invoice_issued,,open,INV-60057.pdf,1.0,N
EV-001016,keystone_bearing_and_drive,fulfillment,shipment,SH-50369,2025-05-05T10:49:00,E035,shipment_confirmed,picked,shipped,PS-SH-50369.pdf,1.0,N
EV-001503,keystone_bearing_and_drive,order_to_cash,customer_invoice,INV-60368,2025-05-05T11:40:00,E002,invoice_issued,,open,INV-60368.pdf,1.0,N
EV-000271,keystone_bearing_and_drive,quote_to_order,sales_order,SO-26148,2025-05-05T12:59:00,E017,order_entered,,open,customer_po_P532563,0.9,N
EV-000311,keystone_bearing_and_drive,quote_to_order,sales_order,SO-26187,2025-05-05T13:06:00,E015,order_entered,,open,customer_po_PUR-772513,0.9,N
EV-003001,keystone_bearing_and_drive,manufacturing,work_order,WO-70056,2025-05-05T14:54:00,E030,wo_released,planned ,released,MRP,1.0,N
EV-002873,keystone_bearing_and_drive,procure_to_pay,supplier_invoice,INV5400499,2025-05-05T15:39:00,E002,invoice_matched,received,paid,INV5400499,1.0,N
EV-000705,keystone_bearing_and_drive,fulfillment,shipment,SH-50058,2025-05-05T17:51:00,E039,shipment_confirmed,picked,shipped,PS-SH-50058.pdf,1.0,N
EV-002547,keystone_bearing_and_drive,procure_to_pay,receipt,RCV-40227,2025-05-06T07:35:00,E037,goods_received,open,received,PS275498,1.0,N
EV-001183,keystone_bearing_and_drive,order_to_cash ,customer_invoice,INV-60048,2025-05-06T08:09:00,E002,invoice_issued,,open,INV-60048.pdf,1.0,N
EV-000108,keystone_bearing_and_drive,quote_to_order,quote,Q-26108,2025-05-06T10:21:00,E019,quote_sent,draft,sent,Q-26108.pdf,1.0,N
EV-000696,keystone_bearing_and_drive,fulfillment,shipment,SH-50049,2025-05-06T13:11:00,E035,shipment_confirmed,picked,shipped,PS-SH-50049.pdf,1.0,N
EV-002622,keystone_bearing_and_drive,procure_to_pay,supplier_invoice,3069796,2025-05-06T14:34:00,E002,invoice_matched,received,paid,3069796,1.0,N
EV-000903,keystone_bearing_and_drive,fulfillment,shipment,SH-50256,2025-05-07T07:15:00,E028,shipment_confirmed,picked,shipped,PS-SH-50256.pdf,1.0,N
EV-001470,keystone_bearing_and_drive,order_to_cash,customer_invoice,INV-60335,2025-05-07T07:16:00,E002 ,invoice_issued,,open,INV-60335.pdf,1.0,N
EV-001390,keystone_bearing_and_drive,order_to_cash,customer_invoice,INV-60255,2025-05-07T14:53:00,E002,invoice_issued,,open ,INV-60255.pdf,1.0,N
EV-000983,keystone_bearing_and_drive,fulfillment,shipment,SH-50336,2025-05-07T14:54:00,E037,shipment_confirmed,picked,shipped,PS-SH-50336.pdf,1.0,N
EV-002338,keystone_bearing_and_drive,procure_to_pay,receipt,RCV-40018,2025-05-07T15:59:00,E032,goods_received,open,received,PS180456,1.0,N
EV-002815,keystone_bearing_and_drive,procure_to_pay,supplier_invoice,INV3835099,2025-05-07T17:43:00,E002,invoice_matched,received,paid,INV3835099,1.0,N
EV-000593,keystone_bearing_and_drive,quote_to_order,sales_order,SO-26466,2025-05-08T08:56:00,E014,order_entered,,open,customer_po_PUR-186465,1.0,N
EV-000010,keystone_bearing_and_drive,quote_to_order,quote,Q-26010,2025-05-08T09:18:00,E018,quote_sent,draft,sent,Q-26010.pdf,1.0,N
EV-000600,keystone_bearing_and_drive,quote_to_order,sales_order,SO-26473,2025-05-08T09:50:00,E018,order_entered,,open,customer_po_PO643345,0.9,N
EV-002331,keystone_bearing_and_drive,procure_to_pay,receipt,RCV-40011,2025-05-08T14:29:00,E031,goods_received,open,received,PS352120,1.0,N
EV-002904,keystone_bearing_and_drive,manufacturing,work_order,WO-70004,2025-05-08T14:35:00,E031,wo_released,planned,released,MRP,1.0,N
EV-002079,keystone_bearing_and_drive,procure_to_pay,purchase_order,PO-31059,2025-05-08T14:45:00,E011,po_issued,draft,open,PO-31059.pdf,1.0,N
EV-001418,keystone_bearing_and_drive,order_to_cash,customer_invoice,INV-60283,2025-05-08T15:02:00,E002,invoice_issued,,open ,INV-60283.pdf,1.0,N
EV-000931,keystone_bearing_and_drive,fulfillment,shipment,SH-50284,2025-05-08T15:14:00,E029,shipment_confirmed,picked,shipped,PS-SH-50284.pdf,1.0,N
EV-000019,keystone_bearing_and_drive,quote_to_order,quote,Q-26019,2025-05-08T16:40:00,E017,quote_sent,draft,sent,Q-26019.pdf ,1.0,N
EV-002337,keystone_bearing_and_drive ,procure_to_pay,receipt,RCV-40017,2025-05-09T11:51:00,E030,goods_received,open,received ,PS143877,1.0,N
EV-000111,keystone_bearing_and_drive,quote_to_order,quote,Q-26111,2025-05-09T12:35:00,E023,quote_sent,draft,sent,Q-26111.pdf,1.0,N
EV-000693,keystone_bearing_and_drive,fulfillment,shipment,SH-50046,2025-05-09T14:51:00,E039,shipment_confirmed,picked,shipped,PS-SH-50046.pdf,1.0,N
EV-000144,keystone_bearing_and_drive,quote_to_order,sales_order,SO-26024,2025-05-09T17:04:00,E018,order_entered,,open,customer_po_P608920,0.9,N
EV-002620,keystone_bearing_and_drive,procure_to_pay,supplier_invoice,92327789,2025-05-09T17:14:00,E002,invoice_matched,received,paid,92327789,1.0,N
EV-001180,keystone_bearing_and_drive,order_to_cash,customer_invoice,INV-60045,2025-05-09T17:18:00,E002,invoice_issued,,open,INV-60045.pdf,1.0,N
EV-002200,keystone_bearing_and_drive ,procure_to_pay ,purchase_order,PO-31180,2025-05-09T17:49:00,E011,po_issued,draft,open,PO-31180.pdf,1.0,N
EV-001352,keystone_bearing_and_drive,order_to_cash,customer_invoice,INV-60217,2025-05-10T08:19:00,E002,invoice_issued,,open ,INV-60217.pdf,1.0,N
EV-001357,keystone_bearing_and_drive,order_to_cash,customer_invoice,INV-60222,2025-05-10T09:23:00,E002,invoice_issued,,open,INV-60222.pdf,1.0,N
EV-000870,keystone_bearing_and_drive,fulfillment,shipment,SH-50223,2025-05-10T10:02:00,E038,shipment_confirmed,picked,shipped,PS-SH-50223.pdf,1.0,N
EV-002476,keystone_bearing_and_drive,procure_to_pay,receipt,RCV-40156,2025-05-10T10:08:00,E033,goods_received,open,received,PS303332,1.0,N
EV-002979,keystone_bearing_and_drive,manufacturing,work_order,WO-70043,2025-05-10T12:29:00,E045,wo_closed,in_process,closed,COC-WO-70043.pdf,1.0,N
EV-000865,keystone_bearing_and_drive,fulfillment,shipment,SH-50218,2025-05-10T13:55:00,E032,shipment_confirmed,picked,shipped,PS-SH-50218.pdf,1.0,N
EV-002627,keystone_bearing_and_drive,procure_to_pay,supplier_invoice,SI4483768,2025-05-10T17:37:00,E002,invoice_matched,received,paid,SI4483768,1.0,N
EV-000189,keystone_bearing_and_drive,quote_to_order,sales_order,SO-26067,2025-05-10T17:47:00,E025,order_entered,,open,customer_po_PUR-353641,1.0,N
EV-000384,keystone_bearing_and_drive,quote_to_order,sales_order,SO-26260,2025-05-11T09:44:00,E018,order_entered,,open,customer_po_P397894,0.9,N
EV-000020,keystone_bearing_and_drive,quote_to_order,quote,Q-26020,2025-05-11T16:08:00,E019,quote_sent,draft ,sent,Q-26020.pdf,1.0,N
EV-002350,keystone_bearing_and_drive,procure_to_pay,receipt,RCV-40030,2025-05-11T16:19:00,E038,goods_received,open,received,PS187270,1.0,N
EV-000257,keystone_bearing_and_drive,quote_to_order,sales_order,SO-26134,2025-05-12T07:44:00,E018,order_entered,,open,customer_po_P298660,0.9,N
EV-001373,keystone_bearing_and_drive,order_to_cash,customer_invoice,INV-60238,2025-05-12T07:54:00,E002,invoice_issued,,open,INV-60238.pdf,1.0,N
EV-001419,keystone_bearing_and_drive,order_to_cash,customer_invoice,INV-60284,2025-05-12T09:12:00,E002,invoice_issued,,open,INV-60284.pdf,1.0,N
EV-000932,keystone_bearing_and_drive,fulfillment,shipment,SH-50285,2025-05-12T10:57:00,E030,shipment_confirmed,picked,shipped,PS-SH-50285.pdf,1.0,N
EV-000886,keystone_bearing_and_drive,fulfillment,shipment,SH-50239,2025-05-12T11:41:00,E033,shipment_confirmed,picked,shipped,PS-SH-50239.pdf,1.0,N
EV-002309,keystone_bearing_and_drive,procure_to_pay,purchase_order,PO-31289,2025-05-12T12:12:00,E011,po_issued,draft,open,PO-31289.pdf,1.0,N
EV-000645,keystone_bearing_and_drive,quote_to_order ,sales_order,SO-26518,2025-05-12T13:04:00,E018,order_entered,,open,customer_po_PUR-810798,0.9,N
EV-000523,keystone_bearing_and_drive,quote_to_order,sales_order,SO-26396,2025-05-12T16:09:00,E025,order_entered,,open,customer_po_PUR-755160,0.9,N
EV-002836,keystone_bearing_and_drive,procure_to_pay,supplier_invoice,6328148,2025-05-12T17:51:00,E002,invoice_matched,received,paid,6328148,1.0,N
EV-001043,keystone_bearing_and_drive,fulfillment,shipment,SH-50396,2025-05-13T07:10:00,E029,shipment_confirmed,picked,shipped,PS-SH-50396.pdf,1.0,N
EV-002147,keystone_bearing_and_drive,procure_to_pay,purchase_order,PO-31127,2025-05-13T08:28:00,E012,po_issued,draft,open,PO-31127.pdf,1.0,N 
EV-002265,keystone_bearing_and_drive,procure_to_pay,purchase_order,PO-31245,2025-05-13T14:51:00,E011,po_issued,draft,open,PO-31245.pdf,1.0,N
EV-001530,keystone_bearing_and_drive,order_to_cash,customer_invoice,INV-60395,2025-05-13T14:58:00,E002,invoice_issued,,open,INV-60395.pdf,1.0,N
EV-002061,keystone_bearing_and_drive,procure_to_pay,purchase_order,PO-31041,2025-05-13T17:19:00,E012,po_issued,draft,open,PO-31041.pdf,1.0,N
EV-000133,keystone_bearing_and_drive,quote_to_order,sales_order,SO-26013,2025-05-14T07:10:00,E018,order_entered,,open,customer_po_4500314058,0.9,N
EV-002943,keystone_bearing_and_drive,manufacturing,work_order,WO-70024,2025-05-14T07:50:00,E045,wo_closed,in_process,closed,COC-WO-70024.pdf,1.0,N
EV-001356,keystone_bearing_and_drive,order_to_cash,customer_invoice,INV-60221,2025-05-14T08:25:00 ,E002,invoice_issued,,open,INV-60221.pdf,1.0,N
EV-003040,keystone_bearing_and_drive,returns,rma,RMA-0025 ,2025-05-14T10:07:00 ,E018,rma_approved,requested,approved,INV-60080,1.0,N
EV-000869,keystone_bearing_and_drive,fulfillment,shipment,SH-50222,2025-05-14T10:20:00,E027,shipment_confirmed,picked,shipped,PS-SH-50222.pdf,1.0,N
EV-003002,keystone_bearing_and_drive,manufacturing,work_order,WO-70056,2025-05-14T13:47:00,E045 ,wo_closed,in_process,closed,COC-WO-70056.pdf,1.0,N
EV-000127,keystone_bearing_and_drive,quote_to_order,sales_order,SO-26008,2025-05-14T14:30:00,E013,order_entered,,open,customer_po_P971067,0.9,N
EV-000622,keystone_bearing_and_drive,quote_to_order,sales_order,SO-26495,2025-05-14T14:55:00,E024,order_entered,,open,customer_po_PUR-807625 ,1.0,N
EV-000471,keystone_bearing_and_drive,quote_to_order,sales_order,SO-26345,2025-05-14T16:29:00,E013,order_entered,,open,customer_po_4500583466,1.0,N
EV-002765,keystone_bearing_and_drive,procure_to_pay,supplier_invoice,INV2123111,2025-05-15T15:03:00,E002,invoice_matched,received,paid,INV2123111,1.0,N
EV-000372,keystone_bearing_and_drive,quote_to_order,sales_order,SO-26248,2025-05-15T15:15:00,E013,order_entered,,open,customer_po_4500866789,0.9,N
EV-002411,keystone_bearing_and_drive,procure_to_pay,receipt,RCV-40091,2025-05-16T08:48:00,E039,goods_received,open,received,PS969674,1.0,N
EV-002905,keystone_bearing_and_drive,manufacturing,work_order,WO-70004,2025-05-16T13:18:00,E045,wo_closed,in_process,closed,COC-WO-70004.pdf,1.0,N
EV-002626,keystone_bearing_and_drive,procure_to_pay,supplier_invoice,8152743,2025-05-16T15:52:00,E002,invoice_matched,received,paid,8152743,1.0,N
EV-000772,keystone_bearing_and_drive,fulfillment,shipment ,SH-50125,2025-05-17T07:06:00,E034,shipment_confirmed,picked,shipped,PS-SH-50125.pdf,1.0,N
EV-002912,keystone_bearing_and_drive,manufacturing,work_order,WO-70008,2025-05-17T07:57:00,E045,wo_closed,in_process,closed,COC-WO-70008.pdf,1.0,N
EV-000515,keystone_bearing_and_drive,quote_to_order,sales_order,SO-26388,2025-05-17T08:48:00,E024,order_entered,,open,customer_po_PO980299,0.9,N
EV-002153,keystone_bearing_and_drive,procure_to_pay,purchase_order,PO-31133,2025-05-17T09:15:00,E011,po_issued,draft,open,PO-31133.pdf,1.0,N
EV-001571,keystone_bearing_and_drive,order_to_cash,customer_invoice,INV-60436,2025-05-17T09:19:00,E002,invoice_issued,,open,INV-60436.pdf ,1.0,N
EV-001084,keystone_bearing_and_drive,fulfillment,shipment,SH-50437,2025-05-17T10:35:00,E029,shipment_confirmed,picked,shipped,PS-SH-50437.pdf,1.0,N
EV-001259,keystone_bearing_and_drive,order_to_cash,customer_invoice,INV-60124,2025-05-17T13:33:00,E002,invoice_issued,,open,INV-60124.pdf,1.0,N
EV-001328,keystone_bearing_and_drive,order_to_cash,customer_invoice,INV-60193,2025-05-18T07:34:00,E002,invoice_issued,,open,INV-60193.pdf,1.0,N
EV-000841,keystone_bearing_and_drive,fulfillment,shipment,SH-50194,2025-05-18T07:52:00,E038,shipment_confirmed,picked,shipped,PS-SH-50194.pdf,1.0,N
EV-001716,keystone_bearing_and_drive,order_to_cash,customer_invoice,INV-60109,2025-05-18T09:18:00,system,payment_applied,open,paid,Lockbox,1.0,N
EV-000589,keystone_bearing_and_drive,quote_to_order,sales_order,SO-26462,2025-05-18T10:31:00,E016,order_entered,,open,customer_po_4500737793,0.9,N
EV-002639,keystone_bearing_and_drive,procure_to_pay,supplier_invoice,INV6348124,2025-05-18T14:15:00,E002,match_exception,received,paid,INV6348124,0.7,Y
EV-002218,keystone_bearing_and_drive,procure_to_pay,purchase_order,PO-31198,2025-05-19T07:29:00 ,E011,po_issued,draft,open,PO-31198.pdf,1.0,N
EV-001459,keystone_bearing_and_drive,order_to_cash,customer_invoice,INV-60324,2025-05-19T07:30:00 ,E002,invoice_issued,,open,INV-60324.pdf,1.0,N
EV-002090,keystone_bearing_and_drive,procure_to_pay,purchase_order,PO-31070,2025-05-19T11:56:00,E011,po_issued,draft,open,PO-31070.pdf,1.0,N
EV-000972,keystone_bearing_and_drive,fulfillment,shipment ,SH-50325,2025-05-19T13:01:00,E035,shipment_confirmed,picked,shipped,PS-SH-50325.pdf,1.0,N
EV-002150,keystone_bearing_and_drive,procure_to_pay,purchase_order,PO-31130,2025-05-19T14:41:00,E012,po_issued,draft,open,PO-31130.pdf,1.0,N
EV-000943,keystone_bearing_and_drive,fulfillment,shipment,SH-50296,2025-05-19T17:31:00,E039,shipment_confirmed,picked,shipped,PS-SH-50296.pdf,1.0,N
EV-001430,keystone_bearing_and_drive,order_to_cash,customer_invoice,INV-60295,2025-05-19T17:56:00,E002,invoice_issued,,open,INV-60295.pdf,1.0,N
EV-001518,keystone_bearing_and_drive,order_to_cash,customer_invoice ,INV-60383,2025-05-20T07:00:00,E002,invoice_issued,,open,INV-60383.pdf,1.0,N
EV-001031,keystone_bearing_and_drive,fulfillment,shipment,SH-50384,2025-05-20T07:07:00 ,E036,shipment_confirmed,picked,shipped,PS-SH-50384.pdf,1.0,N
EV-002383 ,keystone_bearing_and_drive,procure_to_pay,receipt,RCV-40063,2025-05-20T10:31:00,E027,goods_received ,open,received,PS527432,1.0,N
EV-000617,keystone_bearing_and_drive,quote_to_order,sales_order,SO-26490,2025-05-20T11:55:00,E013,order_entered,,open,customer_po_PO601362,1.0,N
EV-001297,keystone_bearing_and_drive,order_to_cash,customer_invoice,INV-60162,2025-05-20T12:41:00,E002,invoice_issued,,open,INV-60162.pdf,1.0,N 
EV-000810,keystone_bearing_and_drive,fulfillment,shipment,SH-50163,2025-05-20T13:59:00,E027,shipment_confirmed,picked ,shipped,PS-SH-50163.pdf,1.0,N
EV-000212,keystone_bearing_and_drive,quote_to_order,sales_order,SO-26090,2025-05-21T07:09:00,E018 ,order_entered,,open,customer_po_PO312435,1.0,N
EV-000847,keystone_bearing_and_drive,fulfillment,shipment,SH-50200,2025-05-21T07:50:00,E037,shipment_confirmed,picked ,shipped,PS-SH-50200.pdf,1.0,N
EV-000068,keystone_bearing_and_drive,quote_to_order,quote,Q-26068,2025-05-21T09:52:00,E021,quote_sent,draft,sent,Q-26068.pdf,1.0,N
EV-001804,keystone_bearing_and_drive,order_to_cash,customer_invoice,INV-60221,2025-05-21T12:52:00,system,payment_applied,open,paid,Email remittance,0.95,N
EV-001334,keystone_bearing_and_drive,order_to_cash,customer_invoice,INV-60199,2025-05-21T13:38:00,E002,invoice_issued,,open,INV-60199.pdf,1.0,N
EV-002700,keystone_bearing_and_drive,procure_to_pay,supplier_invoice,95753238,2025-05-21T13:42:00,E002,invoice_matched,received,paid,95753238,1.0,N
EV-001061,keystone_bearing_and_drive,fulfillment,shipment,SH-50414,2025-05-21T16:44:00,E037,shipment_confirmed ,picked,shipped,PS-SH-50414.pdf,1.0,N
EV-001548,keystone_bearing_and_drive,order_to_cash,customer_invoice,INV-60413 ,2025-05-21T17:49:00,E002,invoice_issued ,,open,INV-60413.pdf,1.0,N
EV-002997,keystone_bearing_and_drive,manufacturing,work_order,WO-70054,2025-05-22T08:36:00,E021,wo_released,planned,released,MRP,1.0,N
EV-001587,keystone_bearing_and_drive,order_to_cash,customer_invoice,INV-60452,2025-05-22T10:24:00,E002,invoice_issued,,open,INV-60452.pdf,1.0,N
EV-002080,keystone_bearing_and_drive,procure_to_pay,purchase_order,PO-31060,2025-05-22T10:44:00,E011,po_issued,draft,open,PO-31060.pdf,1.0,N
EV-001044,keystone_bearing_and_drive,fulfillment,shipment,SH-50397,2025-05-22T11:20:00,E033,shipment_confirmed,picked,shipped,PS-SH-50397.pdf,1.0,N
EV-000074,keystone_bearing_and_drive,quote_to_order,quote,Q-26074,2025-05-22T11:58:00,E014,quote_sent,draft,sent,Q-26074.pdf,1.0,N
EV-001531,keystone_bearing_and_drive,order_to_cash,customer_invoice,INV-60396,2025-05-22T12:20:00,E002,invoice_issued,,open,INV-60396.pdf,1.0,N
EV-002672,keystone_bearing_and_drive,procure_to_pay,supplier_invoice,8305112,2025-05-22T13:52:00,E002,invoice_matched,received,paid,8305112,1.0,N
EV-001100,keystone_bearing_and_drive,fulfillment,shipment,SH-50453,2025-05-22T15:10:00,E037,shipment_confirmed,picked,shipped,PS-SH-50453.pdf,1.0,N
EV-000363,keystone_bearing_and_drive,quote_to_order,sales_order,SO-26239,2025-05-22T17:18:00,E024,order_entered,,open,customer_po_PO305990,1.0,N
EV-001319,keystone_bearing_and_drive,order_to_cash,customer_invoice,INV-60184,2025-05-23T08:05:00,E002,invoice_issued,,open,INV-60184.pdf,1.0,N
EV-001262,keystone_bearing_and_drive,order_to_cash,customer_invoice,INV-60127,2025-05-23T08:52:00,E002,invoice_issued,,open,INV-60127.pdf,1.0,N
EV-000775,keystone_bearing_and_drive,fulfillment,shipment,SH-50128,2025-05-23T10:37:00,E027,shipment_confirmed ,picked,shipped,PS-SH-50128.pdf,1.0,N
EV-000275,keystone_bearing_and_drive,quote_to_order,sales_order,SO-26151,2025-05-23T11:41:00,E024,order_entered,,open,customer_po_PO112251,0.9,N
EV-000601 ,keystone_bearing_and_drive,quote_to_order,sales_order,SO-26474,2025-05-23T12:13:00,E015,order_entered,,open,customer_po_4500523607,1.0,N
EV-001316,keystone_bearing_and_drive,order_to_cash,customer_invoice ,INV-60181,2025-05-23T12:42:00,E002,invoice_issued,,open,INV-60181.pdf,1.0,N
EV-000832,keystone_bearing_and_drive,fulfillment,shipment,SH-50185,2025-05-23T12:58:00,E036,shipment_confirmed,picked,shipped,PS-SH-50185.pdf,1.0,N
EV-000083,keystone_bearing_and_drive,quote_to_order,quote,Q-26083,2025-05-23T13:13:00,E021,quote_sent,draft,sent,Q-26083.pdf,1.0,N
EV-002295,keystone_bearing_and_drive,procure_to_pay,purchase_order,PO-31275,2025-05-23T14:54:00,E012,po_issued,draft,open,PO-31275.pdf,1.0,N
EV-000177,keystone_bearing_and_drive,quote_to_order,sales_order,SO-26055,2025-05-23T17:28:00,E017 ,order_entered,,open,customer_po_PUR-812851,0.9,N
EV-000829,keystone_bearing_and_drive,fulfillment,shipment,SH-50182,2025-05-23T17:40:00,E026,shipment_confirmed,picked,shipped,PS-SH-50182.pdf,1.0,N
EV-002168 ,keystone_bearing_and_drive,procure_to_pay,purchase_order,PO-31148,2025-05-24T08:15:00,E012,po_issued,draft,open,PO-31148.pdf,1.0,N
EV-000448,keystone_bearing_and_drive,quote_to_order,sales_order,SO-26322,2025-05-24T10:41:00,E018,order_entered,,open,customer_po_PO176408,1.0,N
EV-000401,keystone_bearing_and_drive,quote_to_order,sales_order,SO-26277,2025-05-24T13:56:00,E017,order_entered,,open,customer_po_4500221331,0.9,N
EV-000171,keystone_bearing_and_drive,quote_to_order,sales_order,SO-26049,2025-05-24T15:28:00,E024,order_entered,,open,customer_po_4500119384,1.0,N
EV-002451,keystone_bearing_and_drive,procure_to_pay,receipt,RCV-40131,2025-05-24T16:15:00,E035,goods_received,open,received,PS290074,1.0,N
EV-002255,keystone_bearing_and_drive,procure_to_pay,purchase_order,PO-31235,2025-05-25T09:02:00,E012,po_issued,draft,open,PO-31235.pdf,1.0,N
EV-000610,keystone_bearing_and_drive,quote_to_order,sales_order,SO-26483,2025-05-25T13:07:00,E017,order_entered,,open,customer_po_4500943999,1.0,N
EV-000826,keystone_bearing_and_drive ,fulfillment,shipment,SH-50179,2025-05-25T15:39:00,E036,shipment_confirmed,picked,shipped,PS-SH-50179.pdf,1.0,N
EV-001313,keystone_bearing_and_drive,order_to_cash,customer_invoice,INV-60178,2025-05-25T17:50:00,E002,invoice_issued,,open,INV-60178.pdf,1.0,N
EV-001735,keystone_bearing_and_drive,order_to_cash ,customer_invoice,INV-60135,2025-05-26T07:28:00,system,payment_applied,open,paid,Email remittance,0.95,N
EV-000276,keystone_bearing_and_drive,quote_to_order,sales_order,SO-26152,2025-05-26T07:53:00,E025,order_entered,,open,customer_po_P609469,1.0,N
EV-001526,keystone_bearing_and_drive,order_to_cash,customer_invoice,INV-60391,2025-05-26T08:30:00,E002,invoice_issued,,open,INV-60391.pdf,1.0,N
EV-002181,keystone_bearing_and_drive,procure_to_pay,purchase_order,PO-31161,2025-05-26T08:37:00,E011,po_issued,draft,open,PO-31161.pdf,1.0,N
EV-002445,keystone_bearing_and_drive,procure_to_pay,receipt,RCV-40125,2025-05-26T09:18:00,E038,goods_received,open,received,PS705491,0.85,Y
EV-001039,keystone_bearing_and_drive,fulfillment,shipment,SH-50392,2025-05-26T11:53:00,E038,shipment_confirmed,picked,shipped,PS-SH-50392.pdf,1.0,N
EV-000338,keystone_bearing_and_drive,quote_to_order,sales_order,SO-26214,2025-05-26T12:22:00,E014,order_entered,,open,customer_po_P288852,0.9,N
EV-000499,keystone_bearing_and_drive,quote_to_order,sales_order,SO-26373,2025-05-26T16:21:00,E016,order_entered,,open,customer_po_4500932632,0.9,N
EV-000143,keystone_bearing_and_drive,quote_to_order,sales_order ,SO-26023,2025-05-26T17:25:00,E025,order_entered,,open,customer_po_PO400844,0.9,N
EV-002201,keystone_bearing_and_drive,procure_to_pay,purchase_order,PO-31181,2025-05-27T07:34:00,E011,po_issued,draft,open,PO-31181.pdf,1.0,N
EV-001336,keystone_bearing_and_drive,order_to_cash,customer_invoice,INV-60201,2025-05-27T09:36:00,E002,invoice_issued,,open,INV-60201.pdf,1.0,N
EV-000033,keystone_bearing_and_drive,quote_to_order,quote,Q-26033,2025-05-27T10:07:00,E022,quote_sent,draft,sent,Q-26033.pdf,1.0,N
EV-000489,keystone_bearing_and_drive,quote_to_order,sales_order,SO-26363,2025-05-27T10:20:00,E025,order_entered,,open,customer_po_PUR-218808,0.9,N
EV-000849,keystone_bearing_and_drive,fulfillment,shipment,SH-50202,2025-05-27T13:32:00,E036,shipment_confirmed,picked,shipped,PS-SH-50202.pdf,1.0,N
EV-002908,keystone_bearing_and_drive,manufacturing,work_order,WO-70006,2025-05-27T17:21:00,E002,wo_released,planned,released,MRP,1.0,N 
EV-000881,keystone_bearing_and_drive,fulfillment,shipment,SH-50234,2025-05-28T07:07:00,E030,shipment_confirmed,picked,shipped,PS-SH-50234.pdf,1.0,N
EV-000469,keystone_bearing_and_drive,quote_to_order,sales_order,SO-26343 ,2025-05-28T07:09:00,E018,order_entered,,open,customer_po_P761020,1.0,N
EV-001036,keystone_bearing_and_drive,fulfillment,shipment,SH-50389,2025-05-28T12:12:00,E033,shipment_confirmed,picked,shipped,PS-SH-50389.pdf,1.0,N
EV-002326,keystone_bearing_and_drive,procure_to_pay,receipt,RCV-40006,2025-05-28T12:48:00,E039,goods_received,open,received,PS565235,0.85,Y
EV-000009,keystone_bearing_and_drive,quote_to_order,quote,Q-26009,2025-05-28T13:08:00,E019,quote_sent,draft,sent,Q-26009.pdf,1.0,N
EV-001368,keystone_bearing_and_drive,order_to_cash,customer_invoice,INV-60233,2025-05-28T14:32:00,E002,invoice_issued,,open,INV-60233.pdf,1.0,N
EV-001523,keystone_bearing_and_drive,order_to_cash,customer_invoice,INV-60388,2025-05-28T15:07:00,E002,invoice_issued,,open,INV-60388.pdf,1.0,N
EV-001580,keystone_bearing_and_drive,order_to_cash,customer_invoice,INV-60445,2025-05-28T15:24:00,E002,invoice_issued ,,open,INV-60445.pdf,1.0,N
EV-000081,keystone_bearing_and_drive,quote_to_order,quote,Q-26081,2025-05-28T15:50:00,E014,quote_sent,draft,sent,Q-26081.pdf,1.0,N
EV-001093,keystone_bearing_and_drive,fulfillment,shipment,SH-50446,2025-05-28T15:51:00,E037,shipment_confirmed,picked,shipped,PS-SH-50446.pdf,1.0,N
EV-002274,keystone_bearing_and_drive,procure_to_pay,purchase_order,PO-31254,2025-05-28T17:47:00,E011,po_issued,draft,open ,PO-31254.pdf,1.0,N
EV-002615,keystone_bearing_and_drive,procure_to_pay,supplier_invoice,96298620,2025-05-29T14:26:00,E002,invoice_matched,received,paid,96298620,1.0,N
EV-002087,keystone_bearing_and_drive,procure_to_pay,purchase_order,PO-31067,2025-05-29T14:28:00,E012,po_issued,draft,open,PO-31067.pdf,1.0,N
EV-002015,keystone_bearing_and_drive,order_to_cash,customer_invoice,INV-60482,2025-05-29T15:26:00,system,payment_applied,open,paid,Bank feed,1.0,N
EV-000588,keystone_bearing_and_drive,quote_to_order,sales_order,SO-26461,2025-05-29T15:27:00,E024,order_entered,,open,customer_po_4500404924,1.0,N
EV-000038,keystone_bearing_and_drive,quote_to_order,quote,Q-26038,2025-05-30T10:47:00,E022,quote_sent,draft,sent,Q-26038.pdf,1.0,N
EV-002234,keystone_bearing_and_drive,procure_to_pay,purchase_order,PO-31214,2025-05-30T11:26:00,E011,po_issued,draft,open,PO-31214.pdf,1.0,N
EV-002471,keystone_bearing_and_drive,procure_to_pay,receipt,RCV-40151,2025-05-30T12:05:00,E031,goods_received,open,received,PS798704,0.85,Y
EV-001598,keystone_bearing_and_drive,order_to_cash,customer_invoice,INV-60463,2025-05-30T16:39:00,E002,invoice_issued,,open,INV-60463.pdf,1.0,N
EV-001111,keystone_bearing_and_drive,fulfillment,shipment,SH-50464,2025-05-30T17:46:00,E038,shipment_confirmed,picked,shipped,PS-SH-50464.pdf,1.0,N
EV-000217,keystone_bearing_and_drive,quote_to_order,sales_order,SO-26095,2025-05-31T07:11:00,E017,order_entered,,open,customer_po_P891823,0.9,N
EV-002496,keystone_bearing_and_drive,procure_to_pay,receipt,RCV-40176,2025-05-31T09:06:00,E035,goods_received,open,received,PS385026,0.85,Y
EV-002164,keystone_bearing_and_drive,procure_to_pay,purchase_order,PO-31144,2025-05-31T09:42:00,E012,po_issued,draft,open,PO-31144.pdf,1.0,N
EV-000437,keystone_bearing_and_drive,quote_to_order,sales_order,SO-26312,2025-05-31T11:30:00,E017,order_entered ,,open,customer_po_4500136174,1.0,N
EV-000423,keystone_bearing_and_drive,quote_to_order,sales_order,SO-26298,2025-05-31T14:14:00,E024,order_entered,,open,customer_po_PO632238,0.9,N
EV-000991,keystone_bearing_and_drive,fulfillment,shipment,SH-50344,2025-06-01T07:34:00,E038,shipment_confirmed,picked,shipped,PS-SH-50344.pdf,1.0,N
EV-002740,keystone_bearing_and_drive,procure_to_pay,supplier_invoice,95483298,2025-06-01T08:13:00,E002,invoice_matched,received,paid,95483298,1.0,N
EV-001478,keystone_bearing_and_drive,order_to_cash,customer_invoice,INV-60343,2025-06-01T09:07:00,E002,invoice_issued ,,open,INV-60343.pdf,1.0,N
EV-001393,keystone_bearing_and_drive,order_to_cash,customer_invoice,INV-60258,2025-06-01T09:35:00,E002,invoice_issued,,open,INV-60258.pdf,1.0,N
EV-000906,keystone_bearing_and_drive,fulfillment,shipment,SH-50259,2025-06-01T11:12:00,E028,shipment_confirmed,picked,shipped,PS-SH-50259.pdf,1.0,N
EV-001274,keystone_bearing_and_drive,order_to_cash,customer_invoice,INV-60139,2025-06-01T11:49:00,E002,invoice_issued,,open,INV-60139.pdf,1.0,N
EV-002461,keystone_bearing_and_drive,procure_to_pay,receipt,RCV-40141,2025-06-01T11:58:00,E035,goods_received,open,received,PS947245,1.0,N
EV-000787,keystone_bearing_and_drive,fulfillment,shipment,SH-50140,2025-06-01T14:25:00,E031,shipment_confirmed,picked,shipped,PS-SH-50140.pdf,1.0,N
EV-002041,keystone_bearing_and_drive,procure_to_pay,purchase_order,PO-31021,2025-06-01T15:14:00,E011,po_issued,draft,open,PO-31021.pdf,1.0,N
EV-002100,keystone_bearing_and_drive,procure_to_pay,purchase_order,PO-31080,2025-06-01T15:15:00,E011,po_issued,draft,open,PO-31080.pdf,1.0,N
EV-001952,keystone_bearing_and_drive,order_to_cash,customer_invoice,INV-60405,2025-06-02T09:08:00,system,payment_applied,open,paid,Email remittance,0.95,N
EV-001689,keystone_bearing_and_drive,order_to_cash,customer_invoice,INV-60080,2025-06-02T10:05:00,system,payment_applied,open,paid,Email remittance,0.95,N
EV-002734,keystone_bearing_and_drive,procure_to_pay,supplier_invoice,SI3260903,2025-06-02T12:28:00,E002,invoice_matched,received,paid,SI3260903,1.0,N
EV-000470,keystone_bearing_and_drive,quote_to_order,sales_order,SO-26344,2025-06-02T17:15:00,E018,order_entered,,open,customer_po_4500967312,1.0,N
EV-003032,keystone_bearing_and_drive,returns,rma,RMA-0017,2025-06-03T07:26:00,E018,rma_approved,requested,approved,INV-60255,1.0,N
EV-000211,keystone_bearing_and_drive,quote_to_order,sales_order,SO-26089,2025-06-03T08:34:00,E013,order_entered,,open,customer_po_P931914,0.9,N
EV-002360,keystone_bearing_and_drive,procure_to_pay,receipt,RCV-40040,2025-06-03T08:42:00,E039,goods_received,open,received,PS639836,1.0,N
EV-001985,keystone_bearing_and_drive,order_to_cash,customer_invoice,INV-60445 ,2025-06-03T10:29:00,system,payment_applied,open,paid,Email remittance,0.95,N
EV-000378,keystone_bearing_and_drive,quote_to_order,sales_order,SO-26254,2025-06-03T11:40:00,E018,order_entered,,open,customer_po_4500172716,0.9,N
EV-002110 ,keystone_bearing_and_drive,procure_to_pay,purchase_order,PO-31090,2025-06-03T12:07:00,E012,po_issued,draft,open,PO-31090.pdf,1.0,N
EV-002114,keystone_bearing_and_drive,procure_to_pay,purchase_order,PO-31094,2025-06-03T12:36:00,E011,po_issued,draft,open,PO-31094.pdf,1.0,N
EV-000288,keystone_bearing_and_drive,quote_to_order,sales_order,SO-26164,2025-06-03T12:58:00,E025,order_entered,,open,customer_po_PO709855,1.0,N 
EV-000292,keystone_bearing_and_drive,quote_to_order,sales_order,SO-26168,2025-06-03T14:57:00,E024,order_entered ,,open,customer_po_P389682,0.9,N
EV-002233,keystone_bearing_and_drive,procure_to_pay,purchase_order,PO-31213,2025-06-03T17:20:00,E011,po_issued,draft,open,PO-31213.pdf,1.0,N
EV-002420,keystone_bearing_and_drive,procure_to_pay,receipt,RCV-40100,2025-06-03T17:56:00,E033,goods_received,open,received,PS217627,0.85,Y
EV-000331,keystone_bearing_and_drive,quote_to_order,sales_order,SO-26207,2025-06-04T08:10:00,E025,order_entered,,open,customer_po_P791761,1.0,N
EV-002158,keystone_bearing_and_drive,procure_to_pay,purchase_order,PO-31138,2025-06-04T08:51:00,E012,po_issued,draft,open,PO-31138.pdf,1.0,N
EV-002785,keystone_bearing_and_drive,procure_to_pay,supplier_invoice,96646164,2025-06-04T09:38:00,E002,invoice_matched,received,paid,96646164,1.0,N
EV-001834,keystone_bearing_and_drive,order_to_cash,customer_invoice,INV-60255,2025-06-04T10:08:00,system,payment_applied,open,paid,Lockbox,1.0,N
EV-000462,keystone_bearing_and_drive,quote_to_order,sales_order,SO-26336,2025-06-04T13:00:00,E016,order_entered,,open,customer_po_PUR-992196,0.9,N
EV-002760,keystone_bearing_and_drive,procure_to_pay,supplier_invoice,SI4669700,2025-06-04T13:39:00,E002,invoice_matched,received,paid,SI4669700,1.0,N
EV-002750,keystone_bearing_and_drive,procure_to_pay,supplier_invoice,448751,2025-06-04T13:57:00,E002,invoice_matched,received,paid,448751,1.0,N
EV-000230,keystone_bearing_and_drive,quote_to_order,sales_order,SO-26108,2025-06-05T08:24:00,E024,order_entered,,open,customer_po_PO598278,0.9,N
EV-002388,keystone_bearing_and_drive,procure_to_pay,receipt,RCV-40068,2025-06-05T10:35:00,E026,goods_received,open,received,PS126073,1.0,N
EV-001380,keystone_bearing_and_drive,order_to_cash,customer_invoice,INV-60245,2025-06-05T10:47:00,E002,invoice_issued,,open,INV-60245.pdf,1.0,N
EV-001508,keystone_bearing_and_drive,order_to_cash,customer_invoice,INV-60373,2025-06-05T13:00:00,E002,invoice_issued,,open,INV-60373.pdf,1.0,N
EV-002190,keystone_bearing_and_drive,procure_to_pay,purchase_order,PO-31170,2025-06-05T14:08:00,E011,po_issued,draft,open,PO-31170.pdf,1.0,N
EV-001944,keystone_bearing_and_drive,order_to_cash,customer_invoice,INV-60397,2025-06-05T16:05:00,system,payment_applied,open,paid,Portal,1.0,N
EV-000893,keystone_bearing_and_drive,fulfillment,shipment,SH-50246,2025-06-05T16:13:00,E027,shipment_confirmed,picked,shipped,PS-SH-50246.pdf,1.0,N
EV-001021,keystone_bearing_and_drive,fulfillment,shipment,SH-50374,2025-06-05T16:19:00,E039,shipment_confirmed,picked,shipped,PS-SH-50374.pdf,1.0,N
EV-002072,keystone_bearing_and_drive,procure_to_pay,purchase_order,PO-31052,2025-06-06T07:00:00,E012,po_issued,draft,open,PO-31052.pdf,1.0,N
EV-000460,keystone_bearing_and_drive,quote_to_order,sales_order,SO-26334,2025-06-06T07:12:00,E018,order_entered,,open,customer_po_4500997270,0.9,N
EV-001142,keystone_bearing_and_drive,order_to_cash,customer_invoice,INV-60007,2025-06-06T11:12:00,E002,invoice_issued,,open,INV-60007.pdf,1.0,N
EV-000655,keystone_bearing_and_drive,fulfillment,shipment,SH-50008,2025-06-06T14:12:00,E029,shipment_confirmed,picked,shipped,PS-SH-50008.pdf,1.0,N
EV-002237,keystone_bearing_and_drive,procure_to_pay,purchase_order,PO-31217,2025-06-06T15:50:00,E012,po_issued,draft,open,PO-31217.pdf,1.0,N
EV-001157,keystone_bearing_and_drive,order_to_cash,customer_invoice,INV-60022,2025-06-07T08:45:00,E002,invoice_issued,,open,INV-60022.pdf,1.0,N 
EV-002649,keystone_bearing_and_drive,procure_to_pay,supplier_invoice,99200340,2025-06-07T08:54:00,E002,match_exception,received,paid,99200340,0.7,Y
EV-002478,keystone_bearing_and_drive,procure_to_pay,receipt,RCV-40158,2025-06-07T11:18:00,E031,goods_received,open ,received,PS563902,1.0,N
EV-000017,keystone_bearing_and_drive,quote_to_order,quote,Q-26017,2025-06-07T14:14:00,E019,quote_sent,draft,sent,Q-26017.pdf,1.0,N
EV-002378,keystone_bearing_and_drive,procure_to_pay,receipt,RCV-40058,2025-06-07T14:46:00,E038,goods_received,open,received ,PS612788,0.85,Y
EV-001693,keystone_bearing_and_drive,order_to_cash,customer_invoice,INV-60084,2025-06-07T16:30:00,system,payment_applied,open,paid,Bank feed,1.0,N
EV-000670,keystone_bearing_and_drive,fulfillment,shipment,SH-50023,2025-06-07T16:46:00,E037,shipment_confirmed,picked,shipped,PS-SH-50023.pdf,1.0,N
EV-000567,keystone_bearing_and_drive,quote_to_order,sales_order,SO-26440,2025-06-07T16:48:00,E018,order_entered,,open,customer_po_PUR-107769,0.9,N
EV-000170,keystone_bearing_and_drive,quote_to_order,sales_order,SO-26048,2025-06-08T09:41:00,E015,order_entered,,open,customer_po_PUR-515937,1.0,N
EV-002377,keystone_bearing_and_drive,procure_to_pay,receipt,RCV-40057,2025-06-08T11:05:00,E032,goods_received,open,received,PS889946,0.85,Y
EV-001477,keystone_bearing_and_drive,order_to_cash,customer_invoice,INV-60342,2025-06-08T11:14:00,E002,invoice_issued,,open,INV-60342.pdf,1.0,N
EV-000990,keystone_bearing_and_drive,fulfillment,shipment,SH-50343,2025-06-08T11:19:00,E030,shipment_confirmed ,picked,shipped,PS-SH-50343.pdf,1.0,N
EV-002183,keystone_bearing_and_drive,procure_to_pay,purchase_order,PO-31163,2025-06-08T11:41:00,E012,po_issued,draft,open,PO-31163.pdf,1.0,N
EV-002052,keystone_bearing_and_drive,procure_to_pay,purchase_order,PO-31032,2025-06-08T11:57:00,E012,po_issued,draft,open,PO-31032.pdf,1.0,N
EV-001226,keystone_bearing_and_drive ,order_to_cash,customer_invoice,INV-60091,2025-06-08T16:02:00,E002 ,invoice_issued,,open,INV-60091.pdf,1.0,N
EV-002188,keystone_bearing_and_drive,procure_to_pay,purchase_order,PO-31168,2025-06-08T16:43:00,E012,po_issued,draft,open,PO-31168.pdf,1.0,N
EV-000739,keystone_bearing_and_drive,fulfillment,shipment,SH-50092,2025-06-08T17:08:00,E032,shipment_confirmed,picked,shipped,PS-SH-50092.pdf,1.0,N
EV-001086,keystone_bearing_and_drive,fulfillment,shipment,SH-50439,2025-06-09T07:28:00,E027,shipment_confirmed ,picked,shipped,PS-SH-50439.pdf,1.0,N
EV-003021,keystone_bearing_and_drive,returns,rma,RMA-0006,2025-06-09T09:20:00,E017,rma_approved,requested,approved,INV-60295,1.0,N
EV-000077,keystone_bearing_and_drive,quote_to_order,quote,Q-26077,2025-06-09T09:38:00,E019,quote_sent,draft,sent,Q-26077.pdf,1.0,N
EV-001620,keystone_bearing_and_drive,order_to_cash,customer_invoice,INV-60485,2025-06-09T13:02:00,E002,invoice_issued,,open,INV-60485.pdf,1.0,N
EV-002412,keystone_bearing_and_drive,procure_to_pay,receipt,RCV-40092,2025-06-09T13:24:00,E027,goods_received,open,received,PS559376,1.0,N
EV-001573,keystone_bearing_and_drive,order_to_cash,customer_invoice,INV-60438,2025-06-09T14:30:00,E002,invoice_issued,,open,INV-60438.pdf,1.0,N
EV-001662,keystone_bearing_and_drive,order_to_cash,customer_invoice,INV-60049,2025-06-09T15:05:00,system,payment_applied,open,paid,Bank feed,1.0,N
EV-001133,keystone_bearing_and_drive,fulfillment,shipment,SH-50486,2025-06-09T17:44:00,E036,shipment_confirmed,picked,shipped,PS-SH-50486.pdf ,1.0,N
EV-002709,keystone_bearing_and_drive,procure_to_pay,supplier_invoice,9394749,2025-06-10T10:23:00 ,E002,invoice_matched,received,paid,9394749,1.0,N
EV-002057,keystone_bearing_and_drive,procure_to_pay,purchase_order,PO-31037,2025-06-10T10:35:00,E011,po_issued,draft,open,PO-31037.pdf,1.0,N
EV-000205,keystone_bearing_and_drive,quote_to_order,sales_order,SO-26083,2025-06-10T10:41:00,E025,order_entered,,open,customer_po_P864047,1.0,N
EV-002767,keystone_bearing_and_drive ,procure_to_pay,supplier_invoice,SI3336768,2025-06-10T12:46:00,E002,invoice_matched,received,paid,SI3336768,1.0,N
EV-002677,keystone_bearing_and_drive,procure_to_pay,supplier_invoice,9837104,2025-06-10T13:09:00,E002,invoice_matched,received,paid,9837104,1.0,N
EV-000478,keystone_bearing_and_drive,quote_to_order,sales_order,SO-26352,2025-06-10T15:14:00,E015,order_entered,,open ,customer_po_4500429652,0.9,N
EV-000307,keystone_bearing_and_drive,quote_to_order,sales_order,SO-26183,2025-06-11T07:18:00,E018,order_entered,,open,customer_po_4500523118,0.9,N
EV-000872,keystone_bearing_and_drive,fulfillment,shipment,SH-50225,2025-06-11T07:20:00,E032,shipment_confirmed,picked,shipped,PS-SH-50225.pdf,1.0,N
EV-002516,keystone_bearing_and_drive,procure_to_pay,receipt,RCV-40196,2025-06-11T08:37:00,E029,goods_received,open,received,PS698552,0.85,Y
EV-001359,keystone_bearing_and_drive,order_to_cash,customer_invoice,INV-60224,2025-06-11T10:39:00,E002,invoice_issued,,open,INV-60224.pdf,1.0,N
EV-000513 ,keystone_bearing_and_drive,quote_to_order,sales_order,SO-26386,2025-06-11T12:27:00,E015,order_entered,,open,customer_po_4500975376,1.0,N
EV-000340,keystone_bearing_and_drive ,quote_to_order,sales_order,SO-26216,2025-06-11T13:16:00,E013,order_entered,,open,customer_po_4500144631,0.9,N
EV-001462,keystone_bearing_and_drive,order_to_cash,customer_invoice,INV-60327,2025-06-11T14:21:00,E002,invoice_issued,,open,INV-60327.pdf,1.0,N
EV-000975,keystone_bearing_and_drive,fulfillment,shipment,SH-50328,2025-06-11T15:22:00,E028,shipment_confirmed,picked,shipped,PS-SH-50328.pdf,1.0,N
EV-000225,keystone_bearing_and_drive,quote_to_order,sales_order,SO-26103,2025-06-11T15:42:00,E016 ,order_entered,,open,customer_po_P366446,0.9,N
EV-000695,keystone_bearing_and_drive,fulfillment,shipment,SH-50048,2025-06-11T15:49:00,E032,shipment_confirmed,picked,shipped,PS-SH-50048.pdf,1.0,N
EV-001182,keystone_bearing_and_drive,order_to_cash,customer_invoice,INV-60047,2025-06-11T16:58:00,E002,invoice_issued,,open,INV-60047.pdf,1.0,N
EV-000070 ,keystone_bearing_and_drive,quote_to_order,quote,Q-26070,2025-06-12T07:03:00,E023,quote_sent,draft,sent,Q-26070.pdf,1.0,N
EV-002464,keystone_bearing_and_drive,procure_to_pay,receipt,RCV-40144,2025-06-12T07:12:00,E037 ,goods_received,open,received,PS900671,1.0,N
EV-000713,keystone_bearing_and_drive,fulfillment,shipment,SH-50066,2025-06-12T09:06:00,E026 ,shipment_confirmed,picked,shipped,PS-SH-50066.pdf,1.0,N
EV-002998,keystone_bearing_and_drive,manufacturing,work_order,WO-70054,2025-06-12T11:01:00,E045,wo_closed,in_process,closed,COC-WO-70054.pdf,1.0,N
EV-000310,keystone_bearing_and_drive,quote_to_order,sales_order,SO-26186,2025-06-12T11:05:00,E013,order_entered,,open,customer_po_PUR-738098,0.9,N
EV-000575,keystone_bearing_and_drive,quote_to_order,sales_order,SO-26448,2025-06-12T12:55:00,E014,order_entered,,open,customer_po_P368172,0.9,N
EV-001200,keystone_bearing_and_drive,order_to_cash ,customer_invoice,INV-60065,2025-06-12T14:18:00,E002,invoice_issued,,open,INV-60065.pdf,1.0,N
EV-001000,keystone_bearing_and_drive,fulfillment,shipment,SH-50353,2025-06-12T14:50:00,E036,shipment_confirmed,picked,shipped,PS-SH-50353.pdf,1.0,N
EV-001487,keystone_bearing_and_drive,order_to_cash,customer_invoice,INV-60352,2025-06-12T17:12:00,E002,invoice_issued,,open,INV-60352.pdf,1.0,N
EV-002250,keystone_bearing_and_drive,procure_to_pay,purchase_order,PO-31230,2025-06-12T17:22:00,E012,po_issued,draft,open,PO-31230.pdf,1.0,N
EV-001440 ,keystone_bearing_and_drive ,order_to_cash,customer_invoice,INV-60305,2025-06-13T08:27:00,E002,invoice_issued,,open,INV-60305.pdf,1.0,N
EV-002557,keystone_bearing_and_drive,procure_to_pay,receipt,RCV-40237,2025-06-13T10:17:00,E026,goods_received,open,received,PS469107,0.85,Y
EV-002585,keystone_bearing_and_drive,procure_to_pay,receipt,RCV-40265,2025-06-13T11:03:00,E037,goods_received,open,received,PS754224,0.85,Y
EV-002667,keystone_bearing_and_drive,procure_to_pay,supplier_invoice,94566515,2025-06-13T13:34:00,E002,match_exception,received,paid,94566515,0.7,Y
EV-000953,keystone_bearing_and_drive,fulfillment,shipment,SH-50306,2025-06-13T17:23:00,E038,shipment_confirmed,picked,shipped,PS-SH-50306.pdf,1.0,N
EV-000463,keystone_bearing_and_drive,quote_to_order,sales_order ,SO-26337,2025-06-14T07:05:00,E015,order_entered,,open,customer_po_P332045,0.9,N
EV-000236,keystone_bearing_and_drive,quote_to_order,sales_order,SO-26114,2025-06-14T10:46:00,E017,order_entered,,open,customer_po_P611884,1.0,N
EV-001106,keystone_bearing_and_drive,fulfillment,shipment,SH-50459,2025-06-14T12:48:00,E038,shipment_confirmed,picked,shipped,PS-SH-50459.pdf,1.0,N
EV-001593,keystone_bearing_and_drive,order_to_cash,customer_invoice,INV-60458,2025-06-14T13:58:00,E002,invoice_issued ,,open,INV-60458.pdf,1.0,N
EV-000120,keystone_bearing_and_drive,quote_to_order,sales_order,SO-26001,2025-06-14T14:01:00,E014,order_entered,,open,customer_po_PO703488,0.9,N
EV-002701,keystone_bearing_and_drive,procure_to_pay,supplier_invoice,6878908,2025-06-14T15:10:00,E002,match_exception,received,paid,6878908,0.7,Y
EV-002175,keystone_bearing_and_drive,procure_to_pay,purchase_order,PO-31155,2025-06-14T15:42:00,E011,po_issued,draft,open,PO-31155.pdf,1.0,N
EV-001895,keystone_bearing_and_drive,order_to_cash,customer_invoice,INV-60335,2025-06-14T16:16:00,system,payment_applied,open,paid,Lockbox,1.0,N
EV-002666,keystone_bearing_and_drive,procure_to_pay,supplier_invoice,SI7699281,2025-06-15T08:15:00,E002,match_exception,received ,paid,SI7699281,0.7,Y
EV-000299,keystone_bearing_and_drive,quote_to_order,sales_order,SO-26175,2025-06-15T12:36:00,E014,order_entered,,open,customer_po_4500122697,0.9,N
EV-002946,keystone_bearing_and_drive,manufacturing,work_order,WO-70026,2025-06-15T14:46:00,E024,wo_released,planned,released,MRP,1.0,N
EV-000426,keystone_bearing_and_drive,quote_to_order,sales_order,SO-26301,2025-06-15T16:20:00,E013,order_entered,,open,customer_po_PUR-486505,0.9,N
EV-002923,keystone_bearing_and_drive,manufacturing,work_order,WO-70014,2025-06-16T13:13:00,E002,wo_released,planned,released,MRP,1.0,N
EV-001775,keystone_bearing_and_drive,order_to_cash,customer_invoice,INV-60183,2025-06-16T14:36:00,system,payment_applied,open,paid,Email remittance,0.95,N
EV-003035,keystone_bearing_and_drive,returns,rma,RMA-0020,2025-06-16T16:10:00,E018,rma_approved,requested,approved,INV-60405,1.0,N
EV-000734,keystone_bearing_and_drive,fulfillment,shipment,SH-50087,2025-06-17T07:00:00,E031,shipment_confirmed,picked,shipped,PS-SH-50087.pdf,1.0,N
EV-001776,keystone_bearing_and_drive,order_to_cash,customer_invoice,INV-60184,2025-06-17T08:25:00,system,payment_applied,open,paid,Email remittance,0.95,N
EV-002098,keystone_bearing_and_drive,procure_to_pay,purchase_order,PO-31078,2025-06-17T09:22:00,E012,po_issued,draft,open,PO-31078.pdf,1.0,N
EV-001221,keystone_bearing_and_drive,order_to_cash,customer_invoice,INV-60086,2025-06-17T10:47:00,E002,invoice_issued,,open,INV-60086.pdf,1.0,N
EV-002206,keystone_bearing_and_drive,procure_to_pay,purchase_order,PO-31186,2025-06-17T13:15:00,E012,po_issued,draft,open,PO-31186.pdf,1.0,N
EV-002846,keystone_bearing_and_drive,procure_to_pay,supplier_invoice,INV6862298,2025-06-17T13:39:00,E002,invoice_matched,received,paid,INV6862298,1.0,N
EV-000528,keystone_bearing_and_drive,quote_to_order,sales_order,SO-26401,2025-06-17T15:00:00,E017,order_entered,,open,customer_po_PO587570,1.0,N
EV-002805,keystone_bearing_and_drive,procure_to_pay,supplier_invoice,INV5429818,2025-06-17T15:19:00,E002,invoice_matched,received,paid,INV5429818,1.0,N
EV-000337,keystone_bearing_and_drive ,quote_to_order,sales_order,SO-26213,2025-06-17T15:41:00,E017,order_entered,,open ,customer_po_PUR-886355,0.9,N
EV-001727,keystone_bearing_and_drive,order_to_cash,customer_invoice,INV-60124,2025-06-17T15:52:00,system,payment_applied,open,paid,Email remittance,0.95,N
EV-002317,keystone_bearing_and_drive,procure_to_pay,purchase_order,PO-31297,2025-06-17T16:57:00,E012,po_issued,draft,open,PO-31297.pdf,1.0,N
EV-001374,keystone_bearing_and_drive,order_to_cash,customer_invoice,INV-60239,2025-06-18T07:25:00,E002,invoice_issued,,open,INV-60239.pdf,1.0,N
EV-001243,keystone_bearing_and_drive,order_to_cash,customer_invoice,INV-60108,2025-06-18T09:53:00,E002,invoice_issued,,open,INV-60108.pdf,1.0,N
EV-001862,keystone_bearing_and_drive,order_to_cash,customer_invoice,INV-60295,2025-06-18T11:21:00,system,payment_applied,open,paid,Bank feed,1.0,N
EV-002398,keystone_bearing_and_drive,procure_to_pay,receipt,RCV-40078,2025-06-18T11:38:00,E032,goods_received,open,received,PS724694,1.0,N
EV-000756,keystone_bearing_and_drive,fulfillment,shipment,SH-50109,2025-06-18T13:56:00,E028,shipment_confirmed,picked,shipped,PS-SH-50109.pdf,1.0,N
EV-001147,keystone_bearing_and_drive,order_to_cash,customer_invoice,INV-60012,2025-06-18T16:28:00,E002,invoice_issued,,open,INV-60012.pdf,1.0,N
EV-000660,keystone_bearing_and_drive,fulfillment,shipment,SH-50013,2025-06-18T16:58:00,E029,shipment_confirmed,picked,shipped,PS-SH-50013.pdf,1.0,N
EV-000887,keystone_bearing_and_drive,fulfillment,shipment,SH-50240,2025-06-18T17:07:00,E026,shipment_confirmed,picked,shipped,PS-SH-50240.pdf,1.0,N
EV-002598,keystone_bearing_and_drive,procure_to_pay,receipt,RCV-40278,2025-06-18T17:07:00,E038,goods_received,open,received,PS772857,1.0,N
EV-001570,keystone_bearing_and_drive,order_to_cash,customer_invoice,INV-60435,2025-06-19T07:04:00,E002,invoice_issued,,open,INV-60435.pdf,1.0,N
EV-001082,keystone_bearing_and_drive,fulfillment,shipment,SH-50435,2025-06-19T07:58:00,E030,shipment_confirmed,picked,shipped,PS-SH-50435.pdf,1.0,N
EV-000131,keystone_bearing_and_drive,credit_control,sales_order,SO-26011,2025-06-19T08:09:00,E002,credit_hold_applied,open,credit_hold,credit_checks,1.0,N
EV-001787,keystone_bearing_and_drive,order_to_cash,customer_invoice,INV-60199,2025-06-19T12:57:00,system,payment_applied,open,paid,Email remittance,0.95,N
EV-001569,keystone_bearing_and_drive,order_to_cash ,customer_invoice,INV-60434,2025-06-19T12:59:00,E002,invoice_issued,,open,INV-60434.pdf,1.0,N
EV-001083,keystone_bearing_and_drive,fulfillment,shipment,SH-50436,2025-06-19T13:18:00,E028,shipment_confirmed,picked,shipped,PS-SH-50436.pdf,1.0,N
EV-002956,keystone_bearing_and_drive,manufacturing,work_order,WO-70031,2025-06-19T14:43:00,E019,wo_released,planned,released,MRP,1.0,N
EV-000130,keystone_bearing_and_drive,quote_to_order,sales_order,SO-26011,2025-06-19T17:34:00,E025,order_entered,,open,customer_po_4500276836,1.0,Y
EV-001942,keystone_bearing_and_drive,order_to_cash,customer_invoice,INV-60395,2025-06-20T08:25:00,system,payment_applied,open,paid,Lockbox,1.0,N
EV-001094,keystone_bearing_and_drive,fulfillment,shipment,SH-50447,2025-06-20T08:59:00,E034,shipment_confirmed,picked,shipped,PS-SH-50447.pdf,1.0,N
EV-000694,keystone_bearing_and_drive,fulfillment,shipment,SH-50047,2025-06-20T09:27:00,E030,shipment_confirmed,picked,shipped,PS-SH-50047.pdf,1.0,N
EV-002528,keystone_bearing_and_drive,procure_to_pay,receipt,RCV-40208,2025-06-20T09:56:00,E036,goods_received,open,received,PS494657,0.85,Y
EV-002466,keystone_bearing_and_drive,procure_to_pay,receipt,RCV-40146,2025-06-20T11:17:00,E035,goods_received,open,received,PS767176,0.85,Y
EV-001181,keystone_bearing_and_drive,order_to_cash,customer_invoice,INV-60046,2025-06-20T13:14:00,E002,invoice_issued,,open,INV-60046.pdf,1.0,N
EV-002448,keystone_bearing_and_drive,procure_to_pay,receipt,RCV-40128,2025-06-20T14:19:00,E038,goods_received,open,received,PS951167,1.0,N
EV-001581,keystone_bearing_and_drive,order_to_cash,customer_invoice,INV-60446,2025-06-20T15:40:00,E002,invoice_issued,,open,INV-60446.pdf,1.0,N
EV-001238,keystone_bearing_and_drive,order_to_cash,customer_invoice,INV-60103,2025-06-21T08:07:00 ,E002,invoice_issued,,open,INV-60103.pdf,1.0,N
EV-000790,keystone_bearing_and_drive,fulfillment,shipment,SH-50143,2025-06-21T11:41:00,E027,shipment_confirmed,picked,shipped,PS-SH-50143.pdf,1.0,N
EV-001013,keystone_bearing_and_drive,fulfillment,shipment,SH-50366,2025-06-21T12:37:00,E029 ,shipment_confirmed,picked,shipped,PS-SH-50366.pdf,1.0,N
EV-001312,keystone_bearing_and_drive,order_to_cash,customer_invoice,INV-60177,2025-06-21T13:08:00,E002,invoice_issued,,open,INV-60177.pdf,1.0,N
EV-000072,keystone_bearing_and_drive,quote_to_order,quote,Q-26072,2025-06-21T15:09:00,E020,quote_sent,draft,sent,Q-26072.pdf,1.0,N
EV-001500,keystone_bearing_and_drive,order_to_cash,customer_invoice,INV-60365,2025-06-21T15:31:00,E002,invoice_issued,,open,INV-60365.pdf,1.0,N
EV-001277 ,keystone_bearing_and_drive,order_to_cash ,customer_invoice,INV-60142,2025-06-21T15:43:00,E002,invoice_issued,,open,INV-60142.pdf,1.0,N
EV-000751,keystone_bearing_and_drive,fulfillment,shipment,SH-50104,2025-06-21T15:53:00,E031,shipment_confirmed,picked,shipped,PS-SH-50104.pdf,1.0,N
EV-001801,keystone_bearing_and_drive,order_to_cash,customer_invoice,INV-60217,2025-06-21T17:21:00,system,payment_applied,open,paid,Portal,1.0,N
EV-000825,keystone_bearing_and_drive ,fulfillment,shipment,SH-50178,2025-06-21T17:51:00,E039,shipment_confirmed,picked,shipped,PS-SH-50178.pdf,1.0,N
EV-001666,keystone_bearing_and_drive,order_to_cash,customer_invoice,INV-60053,2025-06-22T08:25:00,system,payment_applied,open,paid,Bank feed,1.0,N
EV-000598,keystone_bearing_and_drive,quote_to_order,sales_order,SO-26471,2025-06-22T09:17:00,E024,order_entered,,open,customer_po_PO843490,1.0,N
EV-000570,keystone_bearing_and_drive,quote_to_order,sales_order,SO-26443,2025-06-22T10:22:00,E017,order_entered,,open,customer_po_4500744506,0.9,N
EV-001588,keystone_bearing_and_drive,order_to_cash,customer_invoice,INV-60453,2025-06-22T10:36:00,E002,invoice_issued,,open,INV-60453.pdf,1.0,N
EV-000701,keystone_bearing_and_drive,fulfillment,shipment,SH-50054,2025-06-22T12:04:00,E028,shipment_confirmed,picked,shipped,PS-SH-50054.pdf,1.0,N
EV-001101,keystone_bearing_and_drive,fulfillment,shipment,SH-50454,2025-06-22T12:22:00,E032,shipment_confirmed,picked,shipped,PS-SH-50454.pdf,1.0,N
EV-002737,keystone_bearing_and_drive,procure_to_pay,supplier_invoice,INV8069868,2025-06-22T12:43:00,E002,invoice_matched,received,paid,INV8069868,1.0,N
EV-000024,keystone_bearing_and_drive,quote_to_order,quote,Q-26024,2025-06-22T15:22:00,E020,quote_sent,draft,sent,Q-26024.pdf,1.0,N
EV-001188,keystone_bearing_and_drive,order_to_cash,customer_invoice,INV-60053 ,2025-06-22T16:33:00,E002,invoice_issued,,open,INV-60053.pdf,1.0,N
EV-001338,keystone_bearing_and_drive,order_to_cash,customer_invoice,INV-60203,2025-06-23T07:39:00,E002,invoice_issued,,open,INV-60203.pdf,1.0,N
EV-001805,keystone_bearing_and_drive,order_to_cash,customer_invoice,INV-60222,2025-06-23T09:33:00,system,payment_applied,open,paid,Bank feed ,1.0,N
EV-001417 ,keystone_bearing_and_drive,order_to_cash,customer_invoice,INV-60282,2025-06-23T11:10:00,E002,invoice_issued,,open,INV-60282.pdf,1.0,N
EV-001420,keystone_bearing_and_drive,order_to_cash,customer_invoice,INV-60285,2025-06-23T12:29:00,E002,invoice_issued,,open,INV-60285.pdf,1.0,N
EV-000851,keystone_bearing_and_drive,fulfillment,shipment,SH-50204,2025-06-23T12:45:00,E036,shipment_confirmed,picked,shipped,PS-SH-50204.pdf,1.0,N
EV-002874,keystone_bearing_and_drive,procure_to_pay,supplier_invoice,INV8229764,2025-06-23T14:24:00,E002,invoice_matched,received,paid,INV8229764,1.0,N
EV-002753,keystone_bearing_and_drive,procure_to_pay,supplier_invoice,SI8732439,2025-06-23T15:35:00,E002,invoice_matched,received,paid,SI8732439,1.0,N
EV-000933,keystone_bearing_and_drive,fulfillment,shipment,SH-50286,2025-06-23T16:26:00,E026,shipment_confirmed,picked,shipped,PS-SH-50286.pdf,1.0,N
EV-000930,keystone_bearing_and_drive,fulfillment,shipment,SH-50283,2025-06-23T17:26:00,E026 ,shipment_confirmed,picked,shipped,PS-SH-50283.pdf,1.0,N
EV-002144,keystone_bearing_and_drive,procure_to_pay,purchase_order,PO-31124,2025-06-23T17:56:00,E012,po_issued,draft,open,PO-31124.pdf,1.0,N
EV-001396,keystone_bearing_and_drive,order_to_cash,customer_invoice,INV-60261,2025-06-24T07:59:00,E002,invoice_issued,,open,INV-60261.pdf,1.0,N
EV-001498,keystone_bearing_and_drive,order_to_cash,customer_invoice,INV-60363,2025-06-24T08:56:00,E002,invoice_issued,,open,INV-60363.pdf ,1.0,N
EV-001011,keystone_bearing_and_drive,fulfillment,shipment,SH-50364,2025-06-24T10:38:00,E026,shipment_confirmed,picked,shipped,PS-SH-50364.pdf ,1.0,N
EV-002887,keystone_bearing_and_drive,procure_to_pay,supplier_invoice,SI7006862,2025-06-24T11:01:00,E002,invoice_matched,received,paid,SI7006862,1.0,N
EV-001069,keystone_bearing_and_drive,fulfillment,shipment,SH-50422,2025-06-24T13:57:00,E027,shipment_confirmed,picked,shipped,PS-SH-50422.pdf,1.0,N
EV-000109,keystone_bearing_and_drive,quote_to_order,quote,Q-26109,2025-06-24T14:36:00,E014,quote_sent,draft,sent,Q-26109.pdf,1.0,N 
EV-000441,keystone_bearing_and_drive,quote_to_order,sales_order,SO-26316,2025-06-24T14:55:00,E013,order_entered,,open,customer_po_4500536275,0.9,N
EV-001556,keystone_bearing_and_drive,order_to_cash,customer_invoice,INV-60421,2025-06-24T14:58:00,E002,invoice_issued,,open,INV-60421.pdf,1.0,N
EV-000099,keystone_bearing_and_drive,quote_to_order ,quote,Q-26099,2025-06-24T15:21:00,E016,quote_sent,draft,sent,Q-26099.pdf,1.0,N
EV-000137,keystone_bearing_and_drive,quote_to_order,sales_order,SO-26017,2025-06-24T15:39:00,E016,order_entered,,open,customer_po_PUR-356485,1.0,N
EV-000909,keystone_bearing_and_drive,fulfillment,shipment,SH-50262,2025-06-24T15:39:00,E037,shipment_confirmed,picked,shipped,PS-SH-50262.pdf,1.0,N
EV-001764,keystone_bearing_and_drive,order_to_cash,customer_invoice,INV-60169,2025-06-24T17:58:00,system,payment_applied,open,paid,Email remittance,0.95,N
EV-002687,keystone_bearing_and_drive,procure_to_pay,supplier_invoice,4758210,2025-06-25T07:17:00,E002,invoice_matched,received,paid,4758210,1.0,N
EV-000944,keystone_bearing_and_drive,fulfillment,shipment,SH-50297,2025-06-25T10:08:00,E034,shipment_confirmed,picked,shipped,PS-SH-50297.pdf,1.0,N
EV-000283,keystone_bearing_and_drive,quote_to_order,sales_order,SO-26159,2025-06-25T10:31:00,E016,order_entered,,open,customer_po_4500905405,0.9,N
EV-000964,keystone_bearing_and_drive,fulfillment,shipment,SH-50317,2025-06-25T12:04:00,E028,shipment_confirmed,picked,shipped,PS-SH-50317.pdf,1.0,N
EV-002817,keystone_bearing_and_drive,procure_to_pay,supplier_invoice,99533002,2025-06-25T12:13:00,E002,invoice_matched,received,paid,99533002,1.0,N
EV-001454,keystone_bearing_and_drive,order_to_cash,customer_invoice,INV-60319,2025-06-25T12:23:00,E002,invoice_issued,,open,INV-60319.pdf,1.0,N
EV-000245,keystone_bearing_and_drive,quote_to_order,sales_order,SO-26122,2025-06-25T12:30:00,E016,order_entered,,open,customer_po_PUR-482170,0.9,N
EV-002462,keystone_bearing_and_drive,procure_to_pay,receipt,RCV-40142,2025-06-25T14:10:00,E034,goods_received,open,received,PS826308,1.0,N
EV-001451,keystone_bearing_and_drive,order_to_cash,customer_invoice,INV-60316,2025-06-25T14:48:00,E002,invoice_issued,,open,INV-60316.pdf,1.0,N
EV-000552,keystone_bearing_and_drive,quote_to_order,sales_order,SO-26425,2025-06-25T15:30:00,E018,order_entered,,open,customer_po_PO205284,1.0,N
EV-001431,keystone_bearing_and_drive,order_to_cash,customer_invoice,INV-60296,2025-06-25T16:19:00,E002,invoice_issued,,open,INV-60296.pdf,1.0,N
EV-001991,keystone_bearing_and_drive,order_to_cash,customer_invoice,INV-60452,2025-06-25T16:35:00,system,payment_applied,open,paid,Bank feed,1.0,N
EV-000967,keystone_bearing_and_drive,fulfillment,shipment,SH-50320,2025-06-25T16:59:00,E039,shipment_confirmed,picked,shipped,PS-SH-50320.pdf,1.0,N
EV-002286,keystone_bearing_and_drive,procure_to_pay,purchase_order,PO-31266,2025-06-26T07:15:00,E011,po_issued,draft,open,PO-31266.pdf,1.0,N
EV-002371,keystone_bearing_and_drive,procure_to_pay,receipt,RCV-40051,2025-06-26T07:32:00,E038,goods_received,open,received,PS371515,1.0,N
EV-002755,keystone_bearing_and_drive,procure_to_pay,supplier_invoice,8468911,2025-06-26T07:33:00,E002,invoice_matched,received,paid,8468911,1.0,N
EV-002485,keystone_bearing_and_drive,procure_to_pay,receipt ,RCV-40165,2025-06-26T08:53:00,E038,goods_received,open,received,PS309262,0.85,Y
EV-001906,keystone_bearing_and_drive,order_to_cash,customer_invoice,INV-60348,2025-06-26T09:51:00,system,payment_applied,open,paid,Lockbox,1.0,N
EV-002566,keystone_bearing_and_drive,procure_to_pay,receipt,RCV-40246,2025-06-26T11:48:00,E035,goods_received,open,received,PS274422,1.0,N
EV-001460,keystone_bearing_and_drive,order_to_cash,customer_invoice,INV-60325,2025-06-26T14:32:00,E002,invoice_issued,,open,INV-60325.pdf,1.0,N
EV-000973,keystone_bearing_and_drive,fulfillment,shipment,SH-50326,2025-06-26T15:10:00,E026,shipment_confirmed,picked,shipped,PS-SH-50326.pdf,1.0,N
EV-000503,keystone_bearing_and_drive ,quote_to_order,sales_order,SO-26377,2025-06-26T16:12:00,E017,order_entered,,open,customer_po_4500217195,0.9,N
EV-000822,keystone_bearing_and_drive,fulfillment,shipment,SH-50175,2025-06-26T16:17:00,E034,shipment_confirmed,picked,shipped,PS-SH-50175.pdf,1.0,N 
EV-000406,keystone_bearing_and_drive,quote_to_order,sales_order,SO-26282,2025-06-26T16:49:00,E016,order_entered,,open,customer_po_P153804,0.9,N
EV-001309,keystone_bearing_and_drive,order_to_cash,customer_invoice,INV-60174,2025-06-26T17:13:00,E002,invoice_issued,,open,INV-60174.pdf,1.0,N
EV-002751,keystone_bearing_and_drive,procure_to_pay,supplier_invoice,95549720,2025-06-27T07:47:00,E002,invoice_matched,received,paid,95549720,1.0,N
EV-000195 ,keystone_bearing_and_drive,quote_to_order,sales_order,SO-26073,2025-06-27T10:58:00,E017,order_entered,,open,customer_po_P219772,1.0,N
EV-002989,keystone_bearing_and_drive,manufacturing,work_order,WO-70050,2025-06-27T13:12:00,E009,wo_released,planned,released,MRP,1.0,N
EV-002219,keystone_bearing_and_drive,procure_to_pay,purchase_order,PO-31199,2025-06-27T14:43:00,E011,po_issued,draft,open,PO-31199.pdf,1.0,N
EV-000087,keystone_bearing_and_drive,quote_to_order,quote,Q-26087,2025-06-27T17:21:00,E016,quote_sent,draft,sent,Q-26087.pdf,1.0,N
EV-001290,keystone_bearing_and_drive,order_to_cash,customer_invoice,INV-60155,2025-06-28T10:43:00,E002,invoice_issued,,open,INV-60155.pdf,1.0,N
EV-000582,keystone_bearing_and_drive,quote_to_order,sales_order,SO-26455,2025-06-28T10:46:00,E018,order_entered,,open,customer_po_PO643279,0.9,N
EV-002352,keystone_bearing_and_drive,procure_to_pay,receipt,RCV-40032,2025-06-28T12:03:00,E035,goods_received,open,received,PS301152,1.0,N
EV-002548,keystone_bearing_and_drive,procure_to_pay,receipt,RCV-40228,2025-06-28T12:28:00,E036,goods_received,open,received,PS708211,1.0,N
EV-000803,keystone_bearing_and_drive,fulfillment,shipment,SH-50156,2025-06-28T13:51:00,E027,shipment_confirmed,picked,shipped,PS-SH-50156.pdf,1.0,N
EV-001220,keystone_bearing_and_drive,order_to_cash ,customer_invoice,INV-60085,2025-06-28T14:57:00 ,E002,invoice_issued,,open,INV-60085.pdf,1.0,N
EV-002124,keystone_bearing_and_drive,procure_to_pay,purchase_order,PO-31104,2025-06-28T15:43:00,E012,po_issued,draft,open,PO-31104.pdf,1.0,N
EV-000733,keystone_bearing_and_drive,fulfillment,shipment,SH-50086,2025-06-28T16:19:00,E029,shipment_confirmed,picked,shipped,PS-SH-50086.pdf,1.0,N
EV-000102,keystone_bearing_and_drive,quote_to_order,quote,Q-26102,2025-06-29T07:06:00,E018,quote_sent,draft,sent,Q-26102.pdf ,1.0,N
EV-002924,keystone_bearing_and_drive,manufacturing,work_order,WO-70014,2025-06-29T10:53:00,E045,wo_closed,in_process,closed,COC-WO-70014.pdf,1.0,N
EV-001699,keystone_bearing_and_drive,order_to_cash,customer_invoice,INV-60091,2025-06-29T13:43:00,system,payment_applied,open,paid,Bank feed,1.0,N
EV-000508,keystone_bearing_and_drive,quote_to_order,sales_order,SO-26382,2025-06-29T16:02:00,E018,order_entered,,open,customer_po_PUR-749212,1.0,N
EV-001453,keystone_bearing_and_drive,order_to_cash,customer_invoice,INV-60318,2025-06-30T07:33:00,E002,invoice_issued,,open,INV-60318.pdf,1.0,N
EV-000791,keystone_bearing_and_drive,fulfillment,shipment,SH-50144,2025-06-30T08:21:00,E039,shipment_confirmed,picked,shipped,PS-SH-50144.pdf,1.0,N
EV-000974,keystone_bearing_and_drive,fulfillment,shipment,SH-50327,2025-06-30T08:26:00 ,E036,shipment_confirmed,picked ,shipped,PS-SH-50327.pdf,1.0,N
EV-002774,keystone_bearing_and_drive,procure_to_pay,supplier_invoice,93400426 ,2025-06-30T08:37:00,E002,invoice_matched,received,paid,93400426,1.0,N
EV-001461,keystone_bearing_and_drive,order_to_cash,customer_invoice,INV-60326,2025-06-30T09:35:00,E002,invoice_issued ,,open,INV-60326.pdf,1.0,N
EV-000966,keystone_bearing_and_drive,fulfillment,shipment,SH-50319,2025-06-30T10:05:00 ,E038,shipment_confirmed,picked,shipped,PS-SH-50319.pdf,1.0,N
EV-000272,keystone_bearing_and_drive,quote_to_order,sales_order,SO-26149,2025-06-30T10:57:00,E016,order_entered,,open,customer_po_4500681993,0.9,Y
EV-002895,keystone_bearing_and_drive,procure_to_pay,supplier_invoice,SI2389111,2025-06-30T13:28:00,E002 ,invoice_matched,received,paid,SI2389111,1.0,N
EV-001156,keystone_bearing_and_drive,order_to_cash,customer_invoice,INV-60021,2025-06-30T13:58:00,E002,invoice_issued,,open,INV-60021.pdf,1.0,N
EV-000618,keystone_bearing_and_drive,quote_to_order,sales_order,SO-26491,2025-06-30T15:49:00,E017,order_entered,,open,customer_po_PUR-401279,0.9,N
EV-002107,keystone_bearing_and_drive,procure_to_pay,purchase_order,PO-31087,2025-06-30T15:54:00,E011,po_issued,draft,open,PO-31087.pdf,1.0,N
EV-002606,keystone_bearing_and_drive,procure_to_pay,receipt ,RCV-40286,2025-06-30T16:09:00,E029,goods_received,open,received,PS253490,1.0,N
EV-002311,keystone_bearing_and_drive,procure_to_pay,purchase_order,PO-31291,2025-06-30T16:37:00,E012,po_issued,draft,open,PO-31291.pdf,1.0,N
EV-000273,keystone_bearing_and_drive,credit_control,sales_order,SO-26149,2025-06-30T16:41:00,E002,credit_hold_applied,open,credit_hold,credit_checks,1.0,N 
EV-000393,keystone_bearing_and_drive,quote_to_order,sales_order,SO-26269,2025-06-30T16:46:00,E018,order_entered,,open,customer_po_PO572255,1.0,N
EV-000224,keystone_bearing_and_drive,quote_to_order,sales_order,SO-26102,2025-06-30T17:03:00,E018,order_entered,,open,customer_po_4500446021,0.9,N
EV-001278,keystone_bearing_and_drive,order_to_cash,customer_invoice,INV-60143,2025-06-30T17:03:00,E002,invoice_issued,,open,INV-60143.pdf,1.0,N
EV-000669,keystone_bearing_and_drive,fulfillment,shipment,SH-50022,2025-06-30T17:39:00,E038,shipment_confirmed,picked,shipped,PS-SH-50022.pdf,1.0,N
EV-000089,keystone_bearing_and_drive,quote_to_order,quote,Q-26089,2025-07-01T07:09:00,E014,quote_sent ,draft,sent,Q-26089.pdf,1.0,N
EV-002514,keystone_bearing_and_drive,procure_to_pay,receipt,RCV-40194,2025-07-01T08:32:00,E031,goods_received,open,received,PS253521,1.0,N
EV-001301,keystone_bearing_and_drive,order_to_cash,customer_invoice,INV-60166,2025-07-01T09:55:00,E002,invoice_issued,,open,INV-60166.pdf,1.0,N
EV-002957,keystone_bearing_and_drive,manufacturing,work_order,WO-70031,2025-07-01T10:11:00,E045,wo_closed,in_process,closed,COC-WO-70031.pdf,1.0,N
EV-002641,keystone_bearing_and_drive,procure_to_pay ,supplier_invoice,INV7694626,2025-07-01T11:43:00,E002,invoice_matched,received,paid,INV7694626,1.0,N
EV-001669,keystone_bearing_and_drive,order_to_cash,customer_invoice,INV-60057,2025-07-01T13:19:00,system,payment_applied,open,paid,Lockbox,1.0,N
EV-000814,keystone_bearing_and_drive,fulfillment,shipment,SH-50167,2025-07-01T14:56:00,E029,shipment_confirmed,picked,shipped,PS-SH-50167.pdf,1.0,N
EV-000485,keystone_bearing_and_drive,quote_to_order,sales_order,SO-26359,2025-07-01T16:23:00,E013,order_entered,,open,customer_po_P676194,1.0,N
EV-002422,keystone_bearing_and_drive,procure_to_pay,receipt,RCV-40102,2025-07-02T07:32:00,E028,goods_received,open,received,PS773338,0.85,Y
EV-000430,keystone_bearing_and_drive,quote_to_order,sales_order,SO-26305,2025-07-02T09:05:00,E014,order_entered,,open,customer_po_4500780029,0.9,N
EV-002341,keystone_bearing_and_drive,procure_to_pay,receipt,RCV-40021,2025-07-02T14:09:00,E027,goods_received,open,received,PS676932,1.0,N
EV-000648,keystone_bearing_and_drive,fulfillment,shipment,SH-50001,2025-07-03T09:53:00 ,E036,shipment_confirmed,picked,shipped,PS-SH-50001.pdf,1.0,N
EV-000080,keystone_bearing_and_drive,quote_to_order,quote,Q-26080,2025-07-03T12:23:00,E023,quote_sent,draft,sent,Q-26080.pdf,1.0,N
EV-000233,keystone_bearing_and_drive,quote_to_order,sales_order,SO-26111,2025-07-03T13:13:00,E016,order_entered,,open,customer_po_4500877128,1.0,N
EV-000492,keystone_bearing_and_drive,quote_to_order,sales_order,SO-26366 ,2025-07-03T15:34:00,E017,order_entered,,open,customer_po_P679260,0.9,N 
EV-001931,keystone_bearing_and_drive,order_to_cash,customer_invoice,INV-60383,2025-07-03T16:19:00,system,payment_applied,open,paid,Portal,1.0,N
EV-002855,keystone_bearing_and_drive,procure_to_pay,supplier_invoice,5740867,2025-07-03T16:59:00,E002,invoice_matched,received,paid,5740867,1.0,N
EV-002660,keystone_bearing_and_drive,procure_to_pay,supplier_invoice,96832322,2025-07-03T17:31:00,E002,invoice_matched ,received,paid ,96832322,1.0,N
EV-000431,keystone_bearing_and_drive,quote_to_order,sales_order,SO-26306,2025-07-04T08:29:00,E016,order_entered,,open,customer_po_PUR-429212,1.0,N
EV-002711,keystone_bearing_and_drive,procure_to_pay,supplier_invoice,97342566,2025-07-04T12:27:00,E002,match_exception,received,paid,97342566,0.7,Y
EV-002837,keystone_bearing_and_drive,procure_to_pay,supplier_invoice,INV4744587,2025-07-04T15:05:00,E002,match_exception,received,paid,INV4744587,0.7,Y
EV-002472,keystone_bearing_and_drive,procure_to_pay,receipt,RCV-40152,2025-07-04T15:14:00,E032,goods_received,open,received,PS738951 ,1.0,N
EV-002947,keystone_bearing_and_drive,manufacturing,work_order,WO-70026,2025-07-04T16:35:00,E045,wo_closed,in_process,closed,COC-WO-70026.pdf,1.0,N
EV-001943,keystone_bearing_and_drive,order_to_cash,customer_invoice,INV-60396,2025-07-04T17:02:00,system,payment_applied,open,paid,Email remittance,0.95,N
EV-002045,keystone_bearing_and_drive,procure_to_pay,purchase_order,PO-31025,2025-07-05T07:35:00,E011,po_issued,draft,open,PO-31025.pdf,1.0,N
EV-002543,keystone_bearing_and_drive,procure_to_pay,receipt,RCV-40223,2025-07-05T08:09:00,E029,goods_received,open,received,PS469407,1.0,N
EV-002285,keystone_bearing_and_drive,procure_to_pay,purchase_order,PO-31265,2025-07-05T11:07:00,E011,po_issued,draft,open,PO-31265.pdf,1.0,N
EV-002097,keystone_bearing_and_drive,procure_to_pay,purchase_order,PO-31077,2025-07-05T12:44:00,E012,po_issued,draft,open,PO-31077.pdf,1.0,N
EV-002018,keystone_bearing_and_drive,order_to_cash,customer_invoice,INV-60485,2025-07-05T13:09:00,system,payment_applied,open,paid,Lockbox,1.0,N
EV-002126,keystone_bearing_and_drive,procure_to_pay,purchase_order,PO-31106,2025-07-05T14:29:00,E011,po_issued,draft,open,PO-31106.pdf,1.0,N
EV-000191,keystone_bearing_and_drive,quote_to_order,sales_order,SO-26069,2025-07-06T07:44:00,E024 ,order_entered,,open,customer_po_PO703188,0.9,N
EV-001549,keystone_bearing_and_drive,order_to_cash,customer_invoice,INV-60414,2025-07-06T08:14:00,E002,invoice_issued ,,open,INV-60414.pdf,1.0,N
EV-001026,keystone_bearing_and_drive,fulfillment,shipment,SH-50379,2025-07-06T08:38:00,E038,shipment_confirmed,picked,shipped,PS-SH-50379.pdf,1.0,N
EV-002456,keystone_bearing_and_drive,procure_to_pay,receipt,RCV-40136,2025-07-06T09:36:00,E038,goods_received,open ,received,PS590483,1.0,N
EV-001062,keystone_bearing_and_drive,fulfillment,shipment,SH-50415,2025-07-06T09:39:00,E028,shipment_confirmed,picked,shipped,PS-SH-50415.pdf,1.0,N
EV-001513,keystone_bearing_and_drive,order_to_cash,customer_invoice,INV-60378,2025-07-06T10:55:00,E002,invoice_issued,,open,INV-60378.pdf,1.0,N
EV-002146,keystone_bearing_and_drive,procure_to_pay,purchase_order,PO-31126,2025-07-06T11:45:00,E012,po_issued,draft,open,PO-31126.pdf,1.0,N
EV-002396,keystone_bearing_and_drive,procure_to_pay,receipt,RCV-40076,2025-07-06T13:42:00,E033,goods_received,open,received,PS812316,1.0,N
EV-002832,keystone_bearing_and_drive,procure_to_pay,supplier_invoice,INV4727820,2025-07-06T15:36:00,E002,invoice_matched,received,paid,INV4727820,1.0,N
EV-002745,keystone_bearing_and_drive,procure_to_pay,supplier_invoice,97037180,2025-07-06T17:18:00,E002,invoice_matched,received,paid,97037180,1.0,N
EV-000603,keystone_bearing_and_drive,quote_to_order,sales_order,SO-26476,2025-07-07T07:52:00,E025,order_entered,,open,customer_po_PUR-752857,0.9,N
EV-000636,keystone_bearing_and_drive,quote_to_order,sales_order,SO-26509,2025-07-07T08:13:00,E017,order_entered,,open,customer_po_P912103,0.9,N
EV-000452,keystone_bearing_and_drive,quote_to_order,sales_order,SO-26326,2025-07-07T09:29:00,E024,order_entered,,open,customer_po_P709930,0.9,N
EV-001825,keystone_bearing_and_drive,order_to_cash,customer_invoice,INV-60245,2025-07-07T09:40:00,system,payment_applied,open,paid,Email remittance,0.95,N
EV-001331,keystone_bearing_and_drive,order_to_cash,customer_invoice,INV-60196,2025-07-07T09:54:00,E002,invoice_issued,,open,INV-60196.pdf,1.0,N
EV-000747,keystone_bearing_and_drive,fulfillment,shipment,SH-50100,2025-07-07T10:33:00,E038,shipment_confirmed,picked,shipped,PS-SH-50100.pdf,1.0,N
EV-001234,keystone_bearing_and_drive,order_to_cash,customer_invoice,INV-60099,2025-07-07T10:35:00,E002,invoice_issued,,open,INV-60099.pdf,1.0,N
EV-001007,keystone_bearing_and_drive,fulfillment,shipment,SH-50360,2025-07-07T11:37:00,E029,shipment_confirmed,picked,shipped,PS-SH-50360.pdf,1.0,N
EV-002761,keystone_bearing_and_drive,procure_to_pay,supplier_invoice ,SI7143444,2025-07-07T13:42:00,E002,invoice_matched,received,paid,SI7143444,1.0,N
EV-001815,keystone_bearing_and_drive,order_to_cash,customer_invoice,INV-60233,2025-07-07T13:53:00,system,payment_applied,open,paid,Email remittance,0.95,N
EV-000844,keystone_bearing_and_drive,fulfillment,shipment,SH-50197,2025-07-07T14:55:00,E033,shipment_confirmed,picked,shipped,PS-SH-50197.pdf,1.0,N
EV-002060,keystone_bearing_and_drive,procure_to_pay,purchase_order,PO-31040,2025-07-07T15:24:00,E012,po_issued,draft,open,PO-31040.pdf,1.0,N
EV-000554,keystone_bearing_and_drive,quote_to_order,sales_order,SO-26427,2025-07-07T15:35:00,E018,order_entered,,open,customer_po_P372204 ,0.9,N
EV-002630,keystone_bearing_and_drive,procure_to_pay,supplier_invoice,379297,2025-07-07T16:11:00,E002,invoice_matched,received,paid,379297,1.0,N
EV-001494,keystone_bearing_and_drive,order_to_cash,customer_invoice,INV-60359,2025-07-07T16:59:00,E002,invoice_issued,,open,INV-60359.pdf,1.0,N
EV-000563,keystone_bearing_and_drive,quote_to_order,sales_order,SO-26436,2025-07-07T17:00:00,E016,order_entered,,open,customer_po_P249932,1.0,N
EV-002357,keystone_bearing_and_drive,procure_to_pay,receipt,RCV-40037,2025-07-08T08:15:00,E039,goods_received,open ,received,PS360372,1.0,N
EV-001340,keystone_bearing_and_drive,order_to_cash,customer_invoice,INV-60205,2025-07-08T09:00:00,E002,invoice_issued,,open,INV-60205.pdf,1.0,N
EV-000853,keystone_bearing_and_drive,fulfillment,shipment,SH-50206,2025-07-08T10:39:00,E034,shipment_confirmed,picked,shipped,PS-SH-50206.pdf,1.0,N
EV-000807,keystone_bearing_and_drive ,fulfillment,shipment,SH-50160,2025-07-08T11:13:00,E038,shipment_confirmed,picked,shipped,PS-SH-50160.pdf,1.0,N
EV-001294,keystone_bearing_and_drive,order_to_cash,customer_invoice,INV-60159,2025-07-08T13:31:00,E002,invoice_issued,,open,INV-60159.pdf,1.0,N
EV-000576,keystone_bearing_and_drive,quote_to_order,sales_order,SO-26449,2025-07-08T13:32:00,E016,order_entered,,open,customer_po_PO150125,1.0,N
EV-001902,keystone_bearing_and_drive,order_to_cash,customer_invoice,INV-60343,2025-07-08T13:32:00,system,payment_applied,open,paid,Lockbox,1.0,N
EV-002497,keystone_bearing_and_drive,procure_to_pay,receipt,RCV-40177,2025-07-08T15:37:00,E035,goods_received,open,received,PS482536,1.0,N
EV-002938,keystone_bearing_and_drive,manufacturing,work_order,WO-70022,2025-07-08T16:10:00,E017,wo_released,planned,released,MRP,1.0,N
EV-002121,keystone_bearing_and_drive,procure_to_pay,purchase_order,PO-31101,2025-07-09T15:18:00,E012,po_issued,draft,open,PO-31101.pdf,1.0,N
EV-001855,keystone_bearing_and_drive,order_to_cash,customer_invoice,INV-60284,2025-07-09T17:20:00,system,payment_applied,open,paid,Email remittance,0.95,N
EV-000788,keystone_bearing_and_drive,fulfillment,shipment,SH-50141,2025-07-10T07:18:00,E027,shipment_confirmed,picked,shipped,PS-SH-50141.pdf,1.0,N
EV-001216,keystone_bearing_and_drive,order_to_cash,customer_invoice,INV-60081,2025-07-10T07:50:00,E002,invoice_issued,,open,INV-60081.pdf,1.0,N
EV-000729,keystone_bearing_and_drive,fulfillment,shipment,SH-50082,2025-07-10T08:37:00,E037,shipment_confirmed,picked,shipped,PS-SH-50082.pdf,1.0,N
EV-002515,keystone_bearing_and_drive,procure_to_pay,receipt,RCV-40195,2025-07-10T09:10:00,E026,goods_received,open,received,PS467553,0.85,Y
EV-001275,keystone_bearing_and_drive,order_to_cash,customer_invoice ,INV-60140,2025-07-10T12:39:00,E002 ,invoice_issued,,open,INV-60140.pdf,1.0,N
EV-002646,keystone_bearing_and_drive,procure_to_pay,supplier_invoice,SI631213,2025-07-10T14:19:00,E002,invoice_matched,received,paid,SI631213,1.0,N
EV-001909,keystone_bearing_and_drive,order_to_cash,customer_invoice,INV-60352,2025-07-10T17:48:00,system,payment_applied,open,paid,Portal,1.0,N
EV-002297,keystone_bearing_and_drive,procure_to_pay,purchase_order,PO-31277,2025-07-11T07:35:00,E012,po_issued,draft,open,PO-31277.pdf,1.0,N
EV-002096,keystone_bearing_and_drive,procure_to_pay,purchase_order,PO-31076,2025-07-11T12:04:00,E011,po_issued,draft,open,PO-31076.pdf,1.0,N
EV-000980,keystone_bearing_and_drive,fulfillment,shipment,SH-50333,2025-07-11T12:39:00,E034,shipment_confirmed,picked,shipped,PS-SH-50333.pdf,1.0,N
EV-001467,keystone_bearing_and_drive,order_to_cash,customer_invoice,INV-60332,2025-07-11T13:25:00,E002,invoice_issued,,open,INV-60332.pdf,1.0,N
EV-002803 ,keystone_bearing_and_drive,procure_to_pay,supplier_invoice,INV5184272,2025-07-11T17:01:00,E002,invoice_matched,received,paid,INV5184272,1.0,N
EV-000937,keystone_bearing_and_drive,fulfillment,shipment,SH-50290,2025-07-12T07:00:00,E028,shipment_confirmed,picked,shipped,PS-SH-50290.pdf,1.0,N
EV-000371,keystone_bearing_and_drive,quote_to_order,sales_order,SO-26247,2025-07-12T08:07:00,E013,order_entered,,open,customer_po_PO990034,0.9,N
EV-000268,keystone_bearing_and_drive,quote_to_order,sales_order,SO-26145,2025-07-12T08:29:00,E018,order_entered,,open,customer_po_4500939199,0.9,N
EV-002385,keystone_bearing_and_drive,procure_to_pay,receipt,RCV-40065,2025-07-12T09:11:00,E036,goods_received,open,received,PS845966,0.85,Y
EV-001424,keystone_bearing_and_drive,order_to_cash,customer_invoice,INV-60289,2025-07-12T09:31:00,E002 ,invoice_issued,,open,INV-60289.pdf,1.0,N
EV-002345,keystone_bearing_and_drive,procure_to_pay,receipt,RCV-40025,2025-07-12T11:02:00,E035,goods_received,open,received,PS775190,1.0,N
EV-002252,keystone_bearing_and_drive,procure_to_pay,purchase_order,PO-31232,2025-07-12T11:29:00,E012,po_issued,draft,open,PO-31232.pdf,1.0,N
EV-000407,keystone_bearing_and_drive,quote_to_order,sales_order,SO-26283,2025-07-12T11:33:00,E014,order_entered,,open,customer_po_4500328600,0.9,N
EV-002944,keystone_bearing_and_drive,manufacturing,work_order,WO-70025,2025-07-12T16:22:00,E023,wo_released,planned,released,MRP,1.0,N
EV-002685,keystone_bearing_and_drive,procure_to_pay,supplier_invoice,INV2218397,2025-07-12T16:53:00,E002,invoice_matched,received,paid,INV2218397,1.0,N
EV-002359,keystone_bearing_and_drive,procure_to_pay,receipt,RCV-40039,2025-07-12T17:00:00,E032,goods_received,open,received,PS195422,1.0,N
EV-000510,keystone_bearing_and_drive,credit_control,sales_order,SO-26383,2025-07-13T07:00:00,E002,credit_hold_applied,open,credit_hold,credit_checks,1.0,N
EV-000192,keystone_bearing_and_drive,quote_to_order,sales_order,SO-26070,2025-07-13T08:00:00,E025,order_entered,,open,customer_po_PO595913,0.9,N
EV-000509,keystone_bearing_and_drive,quote_to_order,sales_order,SO-26383,2025-07-13T08:56:00,E013,order_entered,,open,customer_po_PUR-489820,1.0,Y
EV-000042,keystone_bearing_and_drive,quote_to_order,quote,Q-26042,2025-07-13T15:27:00,E014,quote_sent,draft,sent,Q-26042.pdf ,1.0,N
EV-002529,keystone_bearing_and_drive,procure_to_pay,receipt,RCV-40209,2025-07-13T16:23:00,E034,goods_received,open,received,PS789308,1.0,N
EV-000282,keystone_bearing_and_drive,quote_to_order,sales_order,SO-26158,2025-07-14T08:49:00,E015,order_entered,,open,customer_po_4500400829,0.9,N
EV-002273,keystone_bearing_and_drive,procure_to_pay,purchase_order,PO-31253,2025-07-14T09:03:00,E012,po_issued,draft,open,PO-31253.pdf,1.0,N
EV-001659,keystone_bearing_and_drive,order_to_cash,customer_invoice,INV-60046,2025-07-14T12:51:00,system,payment_applied,open,paid,Email remittance,0.95,N
EV-000235,keystone_bearing_and_drive,quote_to_order,sales_order,SO-26113,2025-07-14T13:16:00,E014,order_entered,,open,customer_po_PUR-321928,1.0,N
EV-001819 ,keystone_bearing_and_drive,order_to_cash,customer_invoice,INV-60238,2025-07-14T13:20:00,system,payment_applied,open,paid,Portal,1.0,N
EV-001772,keystone_bearing_and_drive,order_to_cash,customer_invoice,INV-60178,2025-07-14T13:21:00,system,payment_applied,open,paid,Email remittance,0.95,N
EV-001627,keystone_bearing_and_drive,order_to_cash,customer_invoice,INV-60007,2025-07-14T14:06:00,system,payment_applied,open ,paid,Email remittance,0.95,N
EV-001972,keystone_bearing_and_drive,order_to_cash,customer_invoice,INV-60427,2025-07-14T14:08:00,system,payment_applied,open,paid,Email remittance,0.95,N
EV-002648,keystone_bearing_and_drive,procure_to_pay,supplier_invoice,INV7348332,2025-07-14T14:15:00,E002,invoice_matched,received,paid,INV7348332,1.0,N
EV-002929,keystone_bearing_and_drive,manufacturing,work_order,WO-70017,2025-07-14T15:47:00,E032,wo_released,planned,released,MRP,1.0,N
EV-000451,keystone_bearing_and_drive,quote_to_order,sales_order,SO-26325,2025-07-14T15:52:00 ,E013,order_entered,,open,customer_po_P436627,0.9,N
EV-000850,keystone_bearing_and_drive,fulfillment,shipment,SH-50203,2025-07-15T08:09:00,E029,shipment_confirmed,picked,shipped,PS-SH-50203.pdf,1.0,N
EV-002319,keystone_bearing_and_drive,procure_to_pay,purchase_order,PO-31299,2025-07-15T09:31:00,E011,po_issued,draft,open,PO-31299.pdf,1.0,N
EV-001337,keystone_bearing_and_drive,order_to_cash,customer_invoice,INV-60202,2025-07-15T09:50:00,E002,invoice_issued,,open,INV-60202.pdf,1.0,N
EV-001551,keystone_bearing_and_drive,order_to_cash,customer_invoice,INV-60416,2025-07-15T11:52:00,E002,invoice_issued,,open,INV-60416.pdf,1.0,N
EV-001064,keystone_bearing_and_drive,fulfillment,shipment,SH-50417,2025-07-15T12:48:00,E037,shipment_confirmed,picked,shipped,PS-SH-50417.pdf,1.0,N
EV-000213,keystone_bearing_and_drive,quote_to_order,sales_order,SO-26091,2025-07-15T14:33:00,E014,order_entered,,open,customer_po_PUR-330209,1.0,N
EV-002314,keystone_bearing_and_drive,procure_to_pay,purchase_order,PO-31294,2025-07-15T14:57:00,E012,po_issued,draft,open,PO-31294.pdf,1.0,N
EV-001938,keystone_bearing_and_drive,order_to_cash,customer_invoice ,INV-60391,2025-07-15T17:13:00,system,payment_applied,open,paid,Portal,1.0,N
EV-000059,keystone_bearing_and_drive,quote_to_order,quote,Q-26059,2025-07-16T07:18:00,E020,quote_sent,draft,sent,Q-26059.pdf,1.0,N
EV-000505,keystone_bearing_and_drive,quote_to_order,sales_order,SO-26379,2025-07-16T10:29:00,E014,order_entered,,open,customer_po_PO596746,0.9,N
EV-002313,keystone_bearing_and_drive,procure_to_pay,purchase_order,PO-31293,2025-07-16T12:34:00,E012,po_issued,draft,open,PO-31293.pdf,1.0,N
EV-002129,keystone_bearing_and_drive,procure_to_pay,purchase_order,PO-31109,2025-07-16T14:25:00,E012,po_issued,draft,open,PO-31109.pdf,1.0,N
EV-000658,keystone_bearing_and_drive,fulfillment,shipment,SH-50011,2025-07-16T15:29:00,E030,shipment_confirmed,picked,shipped,PS-SH-50011.pdf,1.0,N
EV-001145,keystone_bearing_and_drive,order_to_cash,customer_invoice,INV-60010,2025-07-16T16:25:00,E002,invoice_issued,,open,INV-60010.pdf,1.0,N
EV-001773,keystone_bearing_and_drive,order_to_cash,customer_invoice,INV-60181,2025-07-17T14:09:00,system,payment_applied,open,paid,Bank feed,1.0,N
EV-000947,keystone_bearing_and_drive,fulfillment,shipment,SH-50300,2025-07-17T14:32:00,E029,shipment_confirmed,picked,shipped,PS-SH-50300.pdf,1.0,N
EV-001434,keystone_bearing_and_drive,order_to_cash,customer_invoice,INV-60299,2025-07-17T16:17:00,E002,invoice_issued,,open,INV-60299.pdf,1.0,N 
EV-002786,keystone_bearing_and_drive,procure_to_pay,supplier_invoice,SI3058951,2025-07-17T17:28:00,E002,invoice_matched,received,paid,SI3058951,1.0,N
EV-002395,keystone_bearing_and_drive,procure_to_pay,receipt,RCV-40075,2025-07-18T07:46:00,E031,goods_received,open,received,PS235111,1.0,N
EV-000222,keystone_bearing_and_drive,quote_to_order,sales_order,SO-26100,2025-07-18T08:08:00,E018,order_entered,,open,customer_po_PUR-822431,1.0,N
EV-000279,keystone_bearing_and_drive,quote_to_order,sales_order,SO-26155,2025-07-18T08:25:00,E014,order_entered,,open,customer_po_P756316,0.9,N 
EV-002674,keystone_bearing_and_drive,procure_to_pay,supplier_invoice,INV5558310,2025-07-18T09:05:00,E002,match_exception,received,paid,INV5558310,0.7,Y
EV-001091,keystone_bearing_and_drive,fulfillment,shipment,SH-50444,2025-07-18T09:28:00,E026,shipment_confirmed,picked,shipped,PS-SH-50444.pdf,1.0,N
EV-002602,keystone_bearing_and_drive,procure_to_pay,receipt,RCV-40282,2025-07-18T09:29:00,E033,goods_received,open ,received,PS128431,1.0,N
EV-000798,keystone_bearing_and_drive,fulfillment,shipment,SH-50151,2025-07-18T13:28:00,E029,shipment_confirmed,picked,shipped,PS-SH-50151.pdf,1.0,N
EV-002222,keystone_bearing_and_drive,procure_to_pay,purchase_order,PO-31202,2025-07-18T13:35:00,E012,po_issued,draft,open,PO-31202.pdf,1.0,N
EV-002269,keystone_bearing_and_drive,procure_to_pay,purchase_order,PO-31249,2025-07-18T13:40:00,E012,po_issued,draft,open,PO-31249.pdf,1.0,N 
EV-001578,keystone_bearing_and_drive,order_to_cash,customer_invoice,INV-60443,2025-07-18T15:55:00,E002,invoice_issued,,open,INV-60443.pdf,1.0,N
EV-001285,keystone_bearing_and_drive,order_to_cash,customer_invoice,INV-60150,2025-07-18T16:51:00,E002,invoice_issued,,open,INV-60150.pdf,1.0,N
EV-002577,keystone_bearing_and_drive,procure_to_pay,receipt,RCV-40257,2025-07-18T16:53:00,E031,goods_received,open,received,PS808015,1.0,N
EV-002118,keystone_bearing_and_drive,procure_to_pay,purchase_order,PO-31098,2025-07-19T08:08:00,E012,po_issued,draft,open,PO-31098.pdf,1.0,N
EV-002480,keystone_bearing_and_drive,procure_to_pay,receipt,RCV-40160,2025-07-19T09:35:00,E037,goods_received,open,received,PS387037,0.85,Y
EV-002001,keystone_bearing_and_drive,order_to_cash,customer_invoice,INV-60463,2025-07-19T15:13:00,system,payment_applied,open,paid,Bank feed,1.0,N
EV-002532,keystone_bearing_and_drive,procure_to_pay,receipt,RCV-40212,2025-07-19T15:55:00,E032,goods_received,open,received,PS390191,1.0,N
EV-002487,keystone_bearing_and_drive,procure_to_pay,receipt,RCV-40167,2025-07-19T17:22:00,E028,goods_received,open,received,PS395971,1.0,N
EV-001789,keystone_bearing_and_drive,order_to_cash ,customer_invoice,INV-60201,2025-07-19T17:33:00,system,payment_applied,open,paid,Email remittance,0.95,N
EV-002634,keystone_bearing_and_drive,procure_to_pay,supplier_invoice,INV2640916,2025-07-20T08:26:00,E002,invoice_matched,received ,paid,INV2640916,1.0,N
EV-001008,keystone_bearing_and_drive,fulfillment,shipment,SH-50361,2025-07-20T10:45:00,E031,shipment_confirmed,picked,shipped,PS-SH-50361.pdf,1.0,N
EV-001495,keystone_bearing_and_drive,order_to_cash,customer_invoice,INV-60360,2025-07-20T11:54:00,E002,invoice_issued,,open,INV-60360.pdf,1.0,N
EV-000456,keystone_bearing_and_drive,quote_to_order,sales_order,SO-26330,2025-07-20T12:37:00,E025,order_entered,,open,customer_po_PUR-269994,0.9,N
EV-002408,keystone_bearing_and_drive,procure_to_pay,receipt,RCV-40088,2025-07-20T12:50:00,E026,goods_received,open,received,PS400945,1.0,N
EV-001125,keystone_bearing_and_drive,fulfillment,shipment,SH-50478,2025-07-20T13:18:00,E026,shipment_confirmed,picked,shipped,PS-SH-50478.pdf,1.0,N
EV-002249,keystone_bearing_and_drive,procure_to_pay,purchase_order,PO-31229,2025-07-20T14:34:00,E012,po_issued,draft,open,PO-31229.pdf,1.0,N
EV-001612,keystone_bearing_and_drive,order_to_cash,customer_invoice,INV-60477,2025-07-20T14:35:00,E002,invoice_issued,,open,INV-60477.pdf,1.0,N
EV-001490,keystone_bearing_and_drive,order_to_cash,customer_invoice,INV-60355,2025-07-20T14:40:00,E002,invoice_issued,,open,INV-60355.pdf,1.0,N
EV-001863,keystone_bearing_and_drive,order_to_cash,customer_invoice,INV-60296,2025-07-20T15:51:00,system,payment_applied,open,paid,Lockbox,1.0,N
EV-001003,keystone_bearing_and_drive,fulfillment,shipment,SH-50356,2025-07-20T16:49:00,E033,shipment_confirmed,picked,shipped,PS-SH-50356.pdf,1.0,N
EV-002684,keystone_bearing_and_drive,procure_to_pay,supplier_invoice,INV9588895,2025-07-21T07:41:00,E002,invoice_matched,received,paid,INV9588895,1.0,N
EV-001871,keystone_bearing_and_drive,order_to_cash,customer_invoice,INV-60305,2025-07-21T08:00:00,system,payment_applied,open,paid,Bank feed,1.0,N
EV-000350,keystone_bearing_and_drive,quote_to_order,sales_order,SO-26226,2025-07-21T10:22:00,E016,order_entered,,open,customer_po_4500362763,1.0,N
EV-000938,keystone_bearing_and_drive,fulfillment,shipment,SH-50291,2025-07-21T13:39:00,E029,shipment_confirmed,picked,shipped,PS-SH-50291.pdf,1.0,N
EV-001534,keystone_bearing_and_drive,order_to_cash,customer_invoice,INV-60399,2025-07-21T13:39:00,E002,invoice_issued,,open,INV-60399.pdf,1.0,N
EV-002442,keystone_bearing_and_drive,procure_to_pay,receipt,RCV-40122,2025-07-21T15:22:00,E032,goods_received,open,received,PS443253,1.0,N 
EV-002891,keystone_bearing_and_drive,procure_to_pay,supplier_invoice,INV2392659,2025-07-21T15:51:00,E002,match_exception,received,paid,INV2392659,0.7,Y
EV-001047,keystone_bearing_and_drive,fulfillment,shipment,SH-50400,2025-07-21T15:54:00,E028,shipment_confirmed,picked,shipped,PS-SH-50400.pdf,1.0,N
EV-001425,keystone_bearing_and_drive,order_to_cash,customer_invoice,INV-60290,2025-07-21T16:11:00,E002,invoice_issued,,open,INV-60290.pdf,1.0,N
EV-000488,keystone_bearing_and_drive,quote_to_order,sales_order,SO-26362,2025-07-21T16:35:00,E014,order_entered,,open,customer_po_P632020,1.0,N
EV-001836,keystone_bearing_and_drive,order_to_cash,customer_invoice,INV-60258,2025-07-21T17:25:00,system,payment_applied,open,paid,Bank feed,1.0,N
EV-001444,keystone_bearing_and_drive,order_to_cash,customer_invoice,INV-60309,2025-07-22T07:17:00,E002,invoice_issued,,open,INV-60309.pdf,1.0,N
EV-001206,keystone_bearing_and_drive,order_to_cash,customer_invoice,INV-60071,2025-07-22T07:57:00,E002,invoice_issued,,open,INV-60071.pdf,1.0,N
EV-000993,keystone_bearing_and_drive,fulfillment,shipment,SH-50346,2025-07-22T08:40:00,E033,shipment_confirmed,picked,shipped,PS-SH-50346.pdf,1.0,N
EV-000359,keystone_bearing_and_drive,quote_to_order,sales_order,SO-26235,2025-07-22T09:02:00,E024,order_entered,,open,customer_po_PO297149,1.0,N
EV-002444,keystone_bearing_and_drive,procure_to_pay,receipt,RCV-40124,2025-07-22T09:38:00,E033,goods_received,open,received,PS872508,0.85,Y
EV-002866,keystone_bearing_and_drive,procure_to_pay,supplier_invoice,INV4351435,2025-07-22T09:49:00,E002,invoice_matched,received,paid,INV4351435,1.0,N
EV-002697,keystone_bearing_and_drive,procure_to_pay,supplier_invoice,7597081,2025-07-22T11:21:00,E002,invoice_matched,received,paid,7597081,1.0,N
EV-002405,keystone_bearing_and_drive,procure_to_pay,receipt,RCV-40085,2025-07-22T11:35:00,E031,goods_received,open ,received,PS674566,1.0,N
EV-000957,keystone_bearing_and_drive,fulfillment,shipment,SH-50310,2025-07-22T11:41:00,E036,shipment_confirmed,picked,shipped,PS-SH-50310.pdf,1.0,N
EV-000396,keystone_bearing_and_drive,quote_to_order,sales_order,SO-26272,2025-07-22T12:42:00,E013,order_entered,,open,customer_po_PUR-247177,1.0,N
EV-002804,keystone_bearing_and_drive,procure_to_pay,supplier_invoice,94842569,2025-07-22T12:56:00,E002,invoice_matched,received,paid,94842569,1.0,N
EV-001480,keystone_bearing_and_drive,order_to_cash,customer_invoice ,INV-60345,2025-07-22T15:04:00,E002,invoice_issued,,open,INV-60345.pdf,1.0,N
EV-000719,keystone_bearing_and_drive,fulfillment,shipment,SH-50072,2025-07-22T15:13:00,E037 ,shipment_confirmed,picked,shipped,PS-SH-50072.pdf,1.0,N
EV-001771,keystone_bearing_and_drive,order_to_cash,customer_invoice,INV-60177,2025-07-22T17:51:00,system,payment_applied,open,paid,Lockbox,1.0,N
EV-001715,keystone_bearing_and_drive,order_to_cash,customer_invoice,INV-60108,2025-07-23T08:15:00,system,payment_applied,open ,paid,Lockbox,1.0,N
EV-001975,keystone_bearing_and_drive,order_to_cash,customer_invoice,INV-60435,2025-07-23T09:04:00,system,payment_applied,open,paid,Portal,1.0,N
EV-001854,keystone_bearing_and_drive,order_to_cash,customer_invoice,INV-60283,2025-07-23T13:17:00,system,payment_applied,open,paid,Bank feed,1.0,N
EV-000646,keystone_bearing_and_drive,quote_to_order,sales_order,SO-26519,2025-07-23T14:00:00,E016,order_entered,,open,customer_po_PO859237,0.9,N
EV-001959,keystone_bearing_and_drive,order_to_cash,customer_invoice,INV-60413,2025-07-23T15:30:00,system,payment_applied,open,paid,Portal,1.0,N
EV-002587,keystone_bearing_and_drive,procure_to_pay,receipt,RCV-40267,2025-07-24T07:09:00,E026,goods_received,open,received,PS144334,1.0,N
EV-001695,keystone_bearing_and_drive,order_to_cash ,customer_invoice,INV-60086,2025-07-24T08:31:00,system,payment_applied,open,paid,Bank feed,1.0,N
EV-001922,keystone_bearing_and_drive,order_to_cash,customer_invoice,INV-60368,2025-07-24T11:22:00,system,payment_applied,open,paid,Lockbox,1.0,N
EV-002818,keystone_bearing_and_drive,procure_to_pay,supplier_invoice,6529587,2025-07-24T12:15:00,E002,invoice_matched,received,paid,6529587,1.0,N
EV-002776,keystone_bearing_and_drive,procure_to_pay,supplier_invoice,SI7324713,2025-07-24T12:18:00,E002,match_exception,received,paid,SI7324713,0.7,Y
EV-001401,keystone_bearing_and_drive,order_to_cash,customer_invoice,INV-60266,2025-07-24T12:41:00,E002,invoice_issued,,open,INV-60266.pdf,1.0,N
EV-001782,keystone_bearing_and_drive,order_to_cash,customer_invoice,INV-60193,2025-07-24T12:53:00,system,payment_applied,open,paid,Portal,1.0,N
EV-002104,keystone_bearing_and_drive,procure_to_pay,purchase_order,PO-31084,2025-07-24T13:42:00,E012,po_issued,draft,open,PO-31084.pdf,1.0,N
EV-000914,keystone_bearing_and_drive,fulfillment,shipment,SH-50267,2025-07-24T15:05:00,E026,shipment_confirmed,picked,shipped,PS-SH-50267.pdf,1.0,N
EV-001739,keystone_bearing_and_drive,order_to_cash,customer_invoice,INV-60139,2025-07-24T15:28:00,system,payment_applied,open,paid,Email remittance,0.95,N 
EV-000121,keystone_bearing_and_drive,quote_to_order,sales_order,SO-26002,2025-07-24T16:35:00,E017,order_entered,,open,customer_po_PO197525,1.0,N
EV-002101,keystone_bearing_and_drive,procure_to_pay,purchase_order,PO-31081,2025-07-25T07:10:00,E011,po_issued,draft,open,PO-31081.pdf,1.0,N
EV-002821,keystone_bearing_and_drive,procure_to_pay,supplier_invoice,SI8103127,2025-07-25T08:02:00,E002,invoice_matched,received,paid,SI8103127,1.0,N
EV-001997,keystone_bearing_and_drive,order_to_cash,customer_invoice,INV-60458,2025-07-25T09:19:00,system,payment_applied,open,paid,Bank feed,1.0,N
EV-000022,keystone_bearing_and_drive,quote_to_order,quote,Q-26022,2025-07-25T11:20:00,E014,quote_sent,draft,sent,Q-26022.pdf,1.0,N
EV-001661,keystone_bearing_and_drive,order_to_cash,customer_invoice,INV-60048,2025-07-25T17:24:00,system,payment_applied,open,paid,Lockbox,1.0,N
EV-001978,keystone_bearing_and_drive,order_to_cash,customer_invoice,INV-60438,2025-07-26T07:10:00,system,payment_applied,open,paid,Portal,1.0,N
EV-003031,keystone_bearing_and_drive,returns,rma,RMA-0016,2025-07-26T07:50:00,E017,rma_approved,requested,approved,INV-60202,1.0,N
EV-001240,keystone_bearing_and_drive,order_to_cash,customer_invoice,INV-60105,2025-07-26T08:15:00,E002,invoice_issued,,open,INV-60105.pdf,1.0,N
EV-002909,keystone_bearing_and_drive,manufacturing,work_order,WO-70007,2025-07-26T08:16:00,E043,wo_released,planned,released,MRP,1.0,N
EV-002288,keystone_bearing_and_drive,procure_to_pay,purchase_order,PO-31268,2025-07-26T08:42:00,E012,po_issued,draft,open,PO-31268.pdf,1.0,N
EV-002731,keystone_bearing_and_drive,procure_to_pay,supplier_invoice,5890986,2025-07-26T11:07:00,E002,invoice_matched,received,paid,5890986,1.0,N
EV-000753,keystone_bearing_and_drive,fulfillment,shipment,SH-50106,2025-07-26T13:54:00,E030,shipment_confirmed,picked,shipped,PS-SH-50106.pdf,1.0,N
EV-002074,keystone_bearing_and_drive,procure_to_pay,purchase_order,PO-31054,2025-07-26T14:10:00,E012,po_issued,draft,open ,PO-31054.pdf,1.0,N
EV-002769,keystone_bearing_and_drive,procure_to_pay,supplier_invoice,96661192,2025-07-26T14:42:00,E002,invoice_matched,received,paid,96661192,1.0,N
EV-001758,keystone_bearing_and_drive,order_to_cash,customer_invoice,INV-60162,2025-07-26T15:56:00,system,payment_applied,open,paid,Lockbox,1.0,N
EV-000663,keystone_bearing_and_drive,fulfillment,shipment,SH-50016 ,2025-07-27T07:30:00,E037,shipment_confirmed,picked,shipped,PS-SH-50016.pdf,1.0,N
EV-002416,keystone_bearing_and_drive,procure_to_pay,receipt,RCV-40096,2025-07-27T07:36:00,E039,goods_received,open,received,PS550512,0.85,Y
EV-001150,keystone_bearing_and_drive,order_to_cash,customer_invoice,INV-60015,2025-07-27T12:08:00,E002,invoice_issued,,open,INV-60015.pdf,1.0,N
EV-000365,keystone_bearing_and_drive,quote_to_order,sales_order,SO-26241,2025-07-27T14:05:00,E025,order_entered,,open,customer_po_PUR-922939,1.0,N
EV-002990,keystone_bearing_and_drive,manufacturing,work_order,WO-70050,2025-07-27T14:57:00,E045,wo_closed,in_process,closed,COC-WO-70050.pdf,1.0,N
EV-000098,keystone_bearing_and_drive,quote_to_order,quote,Q-26098,2025-07-27T15:46:00 ,E021,quote_sent,draft,sent,Q-26098.pdf,1.0,N
EV-002256,keystone_bearing_and_drive,procure_to_pay,purchase_order ,PO-31236,2025-07-27T16:42:00,E011,po_issued,draft,open,PO-31236.pdf,1.0,N
EV-000746,keystone_bearing_and_drive,fulfillment,shipment,SH-50099,2025-07-28T07:28:00,E027,shipment_confirmed,picked,shipped,PS-SH-50099.pdf,1.0,N
EV-001768,keystone_bearing_and_drive,order_to_cash,customer_invoice,INV-60174,2025-07-28T09:02:00,system,payment_applied,open,paid,Email remittance,0.95,N
EV-000764,keystone_bearing_and_drive ,fulfillment,shipment,SH-50117,2025-07-28T11:30:00,E029,shipment_confirmed,picked,shipped,PS-SH-50117.pdf,1.0,N
EV-001563,keystone_bearing_and_drive,order_to_cash,customer_invoice,INV-60428,2025-07-28T13:31:00,E002,invoice_issued,,open,INV-60428.pdf,1.0,N
EV-001076,keystone_bearing_and_drive,fulfillment,shipment,SH-50429,2025-07-28T13:40:00,E027,shipment_confirmed,picked,shipped,PS-SH-50429.pdf,1.0,N
EV-002152,keystone_bearing_and_drive,procure_to_pay,purchase_order,PO-31132,2025-07-28T14:34:00,E012,po_issued,draft,open,PO-31132.pdf,1.0,N
EV-000986,keystone_bearing_and_drive,fulfillment,shipment,SH-50339,2025-07-28T15:10:00,E031,shipment_confirmed,picked,shipped,PS-SH-50339.pdf,1.0,N
EV-001918,keystone_bearing_and_drive,order_to_cash,customer_invoice,INV-60363,2025-07-28T15:16:00,system,payment_applied,open,paid,Portal,1.0,N
EV-001233,keystone_bearing_and_drive,order_to_cash,customer_invoice,INV-60098,2025-07-28T16:28:00,E002,invoice_issued,,open,INV-60098.pdf,1.0,N
EV-002112,keystone_bearing_and_drive,procure_to_pay,purchase_order,PO-31092,2025-07-28T16:38:00,E011,po_issued,draft,open,PO-31092.pdf,1.0,N
EV-001251,keystone_bearing_and_drive,order_to_cash,customer_invoice,INV-60116,2025-07-28T16:57:00,E002,invoice_issued,,open,INV-60116.pdf,1.0,N
EV-001473,keystone_bearing_and_drive,order_to_cash,customer_invoice,INV-60338,2025-07-28T17:17:00,E002,invoice_issued,,open,INV-60338.pdf,1.0,N
EV-001536 ,keystone_bearing_and_drive,order_to_cash,customer_invoice,INV-60401,2025-07-29T07:26:00,E002,invoice_issued,,open,INV-60401.pdf,1.0,N
EV-000480,keystone_bearing_and_drive,quote_to_order,sales_order,SO-26354,2025-07-29T07:32:00,E024,order_entered,,open,customer_po_PO138643,0.9,N
EV-002733,keystone_bearing_and_drive ,procure_to_pay,supplier_invoice,96041340,2025-07-29T08:45:00,E002,invoice_matched,received,paid,96041340,1.0,N
EV-001049,keystone_bearing_and_drive,fulfillment,shipment,SH-50402,2025-07-29T10:08:00,E031,shipment_confirmed,picked,shipped,PS-SH-50402.pdf,1.0,N
EV-002876,keystone_bearing_and_drive,procure_to_pay,supplier_invoice,2587784,2025-07-29T10:13:00,E002,invoice_matched,received,paid,2587784,1.0,N
EV-000716,keystone_bearing_and_drive,fulfillment,shipment,SH-50069,2025-07-29T11:20:00,E032,shipment_confirmed,picked,shipped,PS-SH-50069.pdf,1.0,N
EV-001890,keystone_bearing_and_drive,order_to_cash,customer_invoice,INV-60327,2025-07-29T12:59:00,system,payment_applied,open,paid,Email remittance,0.95,N
EV-000327,keystone_bearing_and_drive,quote_to_order,sales_order,SO-26203,2025-07-29T13:32:00,E017,order_entered,,open,customer_po_PO609545,0.9,N
EV-001974,keystone_bearing_and_drive,order_to_cash,customer_invoice,INV-60434,2025-07-29T15:16:00,system,payment_applied ,open,paid,Bank feed,1.0,N
EV-002694,keystone_bearing_and_drive,procure_to_pay,supplier_invoice,SI9755882,2025-07-29T15:34:00,E002,invoice_matched,received,paid,SI9755882,1.0,N
EV-001203,keystone_bearing_and_drive,order_to_cash,customer_invoice,INV-60068,2025-07-29T16:33:00,E002,invoice_issued,,open,INV-60068.pdf,1.0,N
EV-000553,keystone_bearing_and_drive,quote_to_order,sales_order,SO-26426,2025-07-29T17:17:00,E017,order_entered,,open,customer_po_P269063,0.9,N
EV-002901,keystone_bearing_and_drive,manufacturing,work_order,WO-70002,2025-07-30T13:51:00,E029,wo_released,planned,released,MRP,1.0,N
EV-000152,keystone_bearing_and_drive,quote_to_order,sales_order,SO-26032,2025-07-30T14:56:00,E024,order_entered,,open,customer_po_4500278054,1.0,N
EV-000066,keystone_bearing_and_drive,quote_to_order,quote,Q-26066,2025-07-30T16:07:00,E019,quote_sent,draft,sent,Q-26066.pdf,1.0,N
EV-002373,keystone_bearing_and_drive,procure_to_pay,receipt,RCV-40053,2025-07-30T16:18:00,E039,goods_received,open,received,PS190938,1.0,N
EV-001658,keystone_bearing_and_drive,order_to_cash,customer_invoice,INV-60045,2025-07-30T17:57:00,system,payment_applied,open,paid,Lockbox,1.0,N
EV-001976,keystone_bearing_and_drive,order_to_cash,customer_invoice,INV-60436,2025-07-31T10:52:00,system,payment_applied,open,paid,Bank feed,1.0,N
EV-001107,keystone_bearing_and_drive,fulfillment,shipment,SH-50460,2025-07-31T11:46:00,E031,shipment_confirmed,picked,shipped,PS-SH-50460.pdf,1.0,N
EV-001594,keystone_bearing_and_drive,order_to_cash,customer_invoice,INV-60459,2025-07-31T14:42:00,E002,invoice_issued,,open,INV-60459.pdf,1.0,N
EV-000623,keystone_bearing_and_drive,quote_to_order,sales_order,SO-26496,2025-07-31T15:27:00,E025,order_entered,,open,customer_po_4500382574,0.9,N
EV-002154,keystone_bearing_and_drive,procure_to_pay,purchase_order,PO-31134,2025-07-31T16:12:00,E011,po_issued,draft,open,PO-31134.pdf,1.0,N
EV-002939,keystone_bearing_and_drive,manufacturing,work_order,WO-70022,2025-07-31T16:25:00,E045,wo_closed,in_process,closed,COC-WO-70022.pdf,1.0,N
EV-002306,keystone_bearing_and_drive,procure_to_pay,purchase_order,PO-31286,2025-08-01T07:35:00,E011,po_issued,draft,open,PO-31286.pdf,1.0,N
EV-002141,keystone_bearing_and_drive,procure_to_pay,purchase_order,PO-31121,2025-08-01T08:20:00,E011,po_issued,draft,open,PO-31121.pdf,1.0,N
EV-002103,keystone_bearing_and_drive,procure_to_pay,purchase_order,PO-31083,2025-08-01T09:49:00,E012,po_issued,draft,open,PO-31083.pdf,1.0,N
EV-000880,keystone_bearing_and_drive,fulfillment,shipment,SH-50233,2025-08-01T11:39:00,E027,shipment_confirmed,picked,shipped,PS-SH-50233.pdf,1.0,N
EV-002705,keystone_bearing_and_drive,procure_to_pay,supplier_invoice,SI9769797,2025-08-01T12:11:00,E002,invoice_matched,received,paid,SI9769797,1.0,N
EV-002394,keystone_bearing_and_drive,procure_to_pay,receipt,RCV-40074,2025-08-01T12:17:00,E033,goods_received,open,received,PS823797,1.0,N
EV-002259,keystone_bearing_and_drive,procure_to_pay,purchase_order,PO-31239,2025-08-01T14:20:00,E012,po_issued,draft,open,PO-31239.pdf,1.0,N
EV-002235,keystone_bearing_and_drive,procure_to_pay,purchase_order,PO-31215,2025-08-01T14:55:00,E012,po_issued,draft,open,PO-31215.pdf,1.0,N
EV-001367,keystone_bearing_and_drive,order_to_cash,customer_invoice,INV-60232,2025-08-01T15:52:00,E002,invoice_issued,,open,INV-60232.pdf,1.0,N
EV-000005,keystone_bearing_and_drive,quote_to_order,quote,Q-26005,2025-08-01T16:53:00,E019,quote_sent,draft,sent,Q-26005.pdf,1.0,N
EV-001349,keystone_bearing_and_drive,order_to_cash,customer_invoice,INV-60214,2025-08-02T13:18:00,E002,invoice_issued,,open,INV-60214.pdf,1.0,N
EV-001935,keystone_bearing_and_drive,order_to_cash,customer_invoice,INV-60388,2025-08-02T14:34:00,system ,payment_applied,open,paid,Lockbox,1.0,N
EV-000619,keystone_bearing_and_drive,quote_to_order,sales_order,SO-26492,2025-08-02T16:10:00,E015,order_entered,,open,customer_po_PUR-483715,0.9,N
EV-002502,keystone_bearing_and_drive,procure_to_pay ,receipt,RCV-40182,2025-08-02T17:00:00,E036,goods_received,open,received,PS961955,1.0,N
EV-000862,keystone_bearing_and_drive,fulfillment,shipment,SH-50215,2025-08-02T17:32:00,E031,shipment_confirmed,picked,shipped,PS-SH-50215.pdf,1.0,N
EV-001202,keystone_bearing_and_drive,order_to_cash,customer_invoice,INV-60067,2025-08-03T07:07:00,E002,invoice_issued,,open,INV-60067.pdf,1.0,N
EV-000901,keystone_bearing_and_drive,fulfillment,shipment,SH-50254,2025-08-03T07:09:00,E034,shipment_confirmed,picked,shipped,PS-SH-50254.pdf,1.0,N
EV-001448 ,keystone_bearing_and_drive,order_to_cash,customer_invoice,INV-60313,2025-08-03T10:53:00,E002,invoice_issued,,open,INV-60313.pdf,1.0,N
EV-001005,keystone_bearing_and_drive,fulfillment,shipment,SH-50358,2025-08-03T10:59:00,E037,shipment_confirmed,picked,shipped,PS-SH-50358.pdf,1.0,N
EV-001388,keystone_bearing_and_drive,order_to_cash,customer_invoice,INV-60253,2025-08-03T12:07:00,E002,invoice_issued ,,open,INV-60253.pdf,1.0,N
EV-000193,keystone_bearing_and_drive,quote_to_order,sales_order,SO-26071,2025-08-03T13:47:00,E015,order_entered,,open,customer_po_4500221794,1.0,N
EV-001674,keystone_bearing_and_drive,order_to_cash ,customer_invoice,INV-60065,2025-08-03T13:56:00,system,payment_applied,open,paid,Portal,1.0,N
EV-000715,keystone_bearing_and_drive,fulfillment,shipment,SH-50068,2025-08-03T14:39:00,E035,shipment_confirmed,picked,shipped,PS-SH-50068.pdf,1.0,N
EV-000141,keystone_bearing_and_drive,quote_to_order,sales_order,SO-26021,2025-08-03T15:28:00,E013,order_entered,,open ,customer_po_PO186462,1.0,N
EV-000536,keystone_bearing_and_drive,quote_to_order,sales_order,SO-26409,2025-08-03T16:56:00,E016,order_entered,,open,customer_po_4500733265,0.9,N
EV-001492,keystone_bearing_and_drive,order_to_cash,customer_invoice,INV-60357,2025-08-03T17:06:00,E002,invoice_issued ,,open,INV-60357.pdf,1.0,N
EV-000961,keystone_bearing_and_drive,fulfillment,shipment,SH-50314,2025-08-03T17:47:00,E030,shipment_confirmed,picked,shipped,PS-SH-50314.pdf,1.0,N
EV-000097,keystone_bearing_and_drive,quote_to_order,quote,Q-26097,2025-08-04T08:20:00,E022,quote_sent,draft,sent,Q-26097.pdf,1.0,N
EV-000402,keystone_bearing_and_drive,quote_to_order,sales_order,SO-26278,2025-08-04T10:19:00,E013,order_entered,,open,customer_po_PUR-545146,1.0,N
EV-002065,keystone_bearing_and_drive,procure_to_pay,purchase_order,PO-31045,2025-08-04T12:18:00,E012,po_issued,draft,open,PO-31045.pdf,1.0,N
EV-002565,keystone_bearing_and_drive,procure_to_pay,receipt,RCV-40245,2025-08-04T17:10:00,E031,goods_received,open,received,PS368805,1.0,N
EV-000176,keystone_bearing_and_drive,quote_to_order,sales_order,SO-26054,2025-08-04T17:43:00,E013,order_entered,,open,customer_po_PO363935,0.9,N
EV-001231,keystone_bearing_and_drive,order_to_cash,customer_invoice,INV-60096,2025-08-05T08:26:00,E002,invoice_issued,,open,INV-60096.pdf,1.0,N
EV-000383,keystone_bearing_and_drive,quote_to_order,sales_order,SO-26259,2025-08-05T08:27:00,E014,order_entered,,open,customer_po_4500924304,0.9,N
EV-001402,keystone_bearing_and_drive,order_to_cash,customer_invoice,INV-60267 ,2025-08-05T08:27:00,E002,invoice_issued,,open,INV-60267.pdf,1.0,N
EV-002608,keystone_bearing_and_drive,procure_to_pay,receipt,RCV-40288,2025-08-05T08:38:00,E034,goods_received,open,received,PS877962,0.85,Y
EV-002545,keystone_bearing_and_drive,procure_to_pay,receipt,RCV-40225,2025-08-05T09:03:00,E029,goods_received,open,received,PS481695,1.0,N
EV-000744,keystone_bearing_and_drive,fulfillment,shipment,SH-50097,2025-08-05T09:27:00,E026,shipment_confirmed,picked,shipped,PS-SH-50097.pdf,1.0,N
EV-000227,keystone_bearing_and_drive,quote_to_order,sales_order,SO-26105,2025-08-05T09:33:00,E024,order_entered,,open,customer_po_4500753725,0.9,N
EV-000124,keystone_bearing_and_drive,quote_to_order,sales_order ,SO-26005,2025-08-05T12:48:00,E017,order_entered ,,open,customer_po_P785691,1.0,N
EV-000915,keystone_bearing_and_drive,fulfillment,shipment,SH-50268,2025-08-05T13:01:00,E027,shipment_confirmed,picked ,shipped,PS-SH-50268.pdf,1.0,N
EV-001887,keystone_bearing_and_drive,order_to_cash,customer_invoice,INV-60324,2025-08-05T15:38:00,system,payment_applied,open,paid,Lockbox,1.0,N
EV-002662,keystone_bearing_and_drive,procure_to_pay,supplier_invoice,91637374,2025-08-05T17:00:00,E002 ,invoice_matched,received,paid,91637374,1.0,N
EV-001070,keystone_bearing_and_drive,fulfillment,shipment,SH-50423,2025-08-06T08:13:00,E035,shipment_confirmed,picked,shipped,PS-SH-50423.pdf,1.0,N
EV-002155,keystone_bearing_and_drive,procure_to_pay,purchase_order,PO-31135,2025-08-06T11:26:00,E012,po_issued,draft,open,PO-31135.pdf,1.0,N
EV-001640,keystone_bearing_and_drive,order_to_cash,customer_invoice,INV-60022 ,2025-08-06T11:32:00,system,payment_applied,open,paid,Portal,1.0,N
EV-001582,keystone_bearing_and_drive,order_to_cash,customer_invoice,INV-60447,2025-08-06T11:38:00,E002,invoice_issued,,open,INV-60447.pdf,1.0,N
EV-000266,keystone_bearing_and_drive,quote_to_order,sales_order,SO-26143,2025-08-06T12:27:00,E017,order_entered,,open,customer_po_P586588,0.9,N
EV-000439,keystone_bearing_and_drive,quote_to_order,sales_order,SO-26314,2025-08-06T13:22:00,E017,order_entered,,open,customer_po_P544573,0.9,N
EV-000333,keystone_bearing_and_drive,quote_to_order,sales_order,SO-26209,2025-08-06T14:11:00,E016,order_entered,,open,customer_po_P504494,1.0,N
EV-002289,keystone_bearing_and_drive,procure_to_pay,purchase_order,PO-31269,2025-08-06T14:29:00,E012,po_issued,draft,open,PO-31269.pdf,1.0,N
EV-001095,keystone_bearing_and_drive,fulfillment,shipment,SH-50448,2025-08-06T14:30:00,E032,shipment_confirmed,picked,shipped ,PS-SH-50448.pdf,1.0,N
EV-000151,keystone_bearing_and_drive,quote_to_order,sales_order,SO-26031,2025-08-06T16:23:00,E017,order_entered,,open,customer_po_PUR-618354,1.0,N
EV-002253,keystone_bearing_and_drive,procure_to_pay,purchase_order,PO-31233,2025-08-06T17:21:00,E011,po_issued,draft,open,PO-31233.pdf,1.0,N
EV-001557,keystone_bearing_and_drive,order_to_cash,customer_invoice,INV-60422,2025-08-06T17:54:00,E002,invoice_issued,,open,INV-60422.pdf,1.0,N
EV-001983,keystone_bearing_and_drive,order_to_cash,customer_invoice,INV-60443,2025-08-07T07:08:00,system,payment_applied,open,paid,Bank feed,1.0,N
EV-000428,keystone_bearing_and_drive,quote_to_order,sales_order,SO-26303,2025-08-07T08:35:00,E017,order_entered,,open,customer_po_4500517368,0.9,N
EV-001242,keystone_bearing_and_drive,order_to_cash,customer_invoice,INV-60107,2025-08-07T08:57:00,E002,invoice_issued,,open,INV-60107.pdf,1.0,N
EV-001545,keystone_bearing_and_drive,order_to_cash,customer_invoice,INV-60410,2025-08-07T09:05:00,E002,invoice_issued,,open,INV-60410.pdf,1.0,N
EV-001222,keystone_bearing_and_drive,order_to_cash,customer_invoice,INV-60087 ,2025-08-07T09:24:00,E002,invoice_issued,,open,INV-60087.pdf,1.0,N
EV-002123,keystone_bearing_and_drive,procure_to_pay,purchase_order,PO-31103,2025-08-07T09:30:00,E011,po_issued,draft,open,PO-31103.pdf,1.0,N
EV-000797,keystone_bearing_and_drive,fulfillment,shipment,SH-50150,2025-08-07T09:55:00,E031,shipment_confirmed,picked,shipped,PS-SH-50150.pdf,1.0,N
EV-002683,keystone_bearing_and_drive,procure_to_pay,supplier_invoice,96901149,2025-08-07T11:39:00,E002,match_exception,received,paid,96901149,0.7,Y
EV-001058,keystone_bearing_and_drive,fulfillment,shipment,SH-50411,2025-08-07T13:27:00,E038,shipment_confirmed,picked,shipped,PS-SH-50411.pdf,1.0,N
EV-000755,keystone_bearing_and_drive,fulfillment,shipment,SH-50108,2025-08-07T14:55:00,E026,shipment_confirmed,picked,shipped,PS-SH-50108.pdf,1.0,N
EV-001284,keystone_bearing_and_drive,order_to_cash ,customer_invoice,INV-60149,2025-08-07T14:56:00,E002,invoice_issued,,open,INV-60149.pdf,1.0,N
EV-001853,keystone_bearing_and_drive,order_to_cash,customer_invoice,INV-60282,2025-08-07T14:57:00,system,payment_applied,open,paid,Bank feed,1.0,N
EV-001924,keystone_bearing_and_drive,order_to_cash,customer_invoice,INV-60373,2025-08-07T14:58:00,system,payment_applied,open,paid,Bank feed,1.0,N
EV-000735,keystone_bearing_and_drive,fulfillment,shipment,SH-50088,2025-08-07T15:09:00,E033,shipment_confirmed,picked,shipped,PS-SH-50088.pdf,1.0,N
EV-000228,keystone_bearing_and_drive ,quote_to_order,sales_order,SO-26106,2025-08-07T15:10:00,E025,order_entered,,open,customer_po_4500680149,1.0,N
EV-000190,keystone_bearing_and_drive,quote_to_order,sales_order,SO-26068,2025-08-07T15:32:00,E015,order_entered,,open,customer_po_PUR-855314,0.9,N
EV-002930,keystone_bearing_and_drive,manufacturing,work_order,WO-70017,2025-08-07T16:04:00,E045,wo_closed,in_process,closed,COC-WO-70017.pdf,1.0,N
EV-002176,keystone_bearing_and_drive,procure_to_pay,purchase_order,PO-31156,2025-08-07T16:33:00,E011,po_issued,draft,open,PO-31156.pdf ,1.0,N
EV-000555,keystone_bearing_and_drive,quote_to_order,sales_order ,SO-26428,2025-08-07T16:46:00,E014,order_entered,,open,customer_po_P269212,1.0,N
EV-001793,keystone_bearing_and_drive,order_to_cash,customer_invoice,INV-60205,2025-08-07T17:47:00,system,payment_applied,open,paid,Lockbox,1.0,N
EV-001807,keystone_bearing_and_drive,order_to_cash,customer_invoice,INV-60224,2025-08-07T17:56:00,system,payment_applied,open,paid,Lockbox,1.0,N
EV-002298,keystone_bearing_and_drive,procure_to_pay,purchase_order,PO-31278,2025-08-08T08:48:00,E012,po_issued,draft,open,PO-31278.pdf,1.0,N
EV-003030,keystone_bearing_and_drive,returns,rma,RMA-0015,2025-08-08T16:02:00,E013,rma_approved,requested,approved,INV-60086,1.0,N
EV-002791,keystone_bearing_and_drive,procure_to_pay,supplier_invoice,SI9961460,2025-08-08T16:04:00 ,E002,invoice_matched,received,paid,SI9961460,1.0,N
EV-002030,keystone_bearing_and_drive,procure_to_pay,purchase_order,PO-31010,2025-08-08T16:58:00,E012,po_issued,draft,open,PO-31010.pdf,1.0,N
EV-000006,keystone_bearing_and_drive,quote_to_order ,quote,Q-26006,2025-08-08T17:22:00,E017,quote_sent,draft,sent,Q-26006.pdf,1.0,N
EV-002933,keystone_bearing_and_drive ,manufacturing,work_order,WO-70019,2025-08-09T07:40:00,E029,wo_released,planned,released,MRP,1.0,N
EV-001888,keystone_bearing_and_drive,order_to_cash,customer_invoice,INV-60325,2025-08-09T07:46:00,system,payment_applied,open,paid,Email remittance,0.95,N
EV-002271,keystone_bearing_and_drive,procure_to_pay,purchase_order ,PO-31251,2025-08-09T10:08:00,E012,po_issued,draft,open,PO-31251.pdf,1.0,N
EV-001880,keystone_bearing_and_drive,order_to_cash,customer_invoice,INV-60316,2025-08-09T12:54:00,system,payment_applied,open,paid ,Lockbox,1.0,N
EV-002945,keystone_bearing_and_drive,manufacturing,work_order,WO-70025,2025-08-09T15:16:00,E045,wo_closed,in_process,closed,COC-WO-70025.pdf,1.0,N
EV-002402,keystone_bearing_and_drive,procure_to_pay,receipt,RCV-40082,2025-08-09T15:25:00,E036,goods_received,open,received,PS375337,0.85,Y
EV-001694,keystone_bearing_and_drive,order_to_cash,customer_invoice,INV-60085,2025-08-09T15:39:00 ,system,payment_applied,open ,paid,Lockbox,1.0,N
EV-002439,keystone_bearing_and_drive,procure_to_pay,receipt,RCV-40119,2025-08-09T16:57:00,E035,goods_received,open,received,PS496096,1.0,N
EV-002854,keystone_bearing_and_drive,procure_to_pay,supplier_invoice,SI2748175,2025-08-10T07:33:00,E002,invoice_matched,received,paid,SI2748175 ,1.0,N
EV-000277,keystone_bearing_and_drive,quote_to_order,sales_order,SO-26153,2025-08-10T11:42:00,E017,order_entered,,open,customer_po_PO831040,0.9,N
EV-001754 ,keystone_bearing_and_drive,order_to_cash,customer_invoice,INV-60155,2025-08-10T13:02:00,system,payment_applied,open,paid,Portal,1.0,N
EV-001966,keystone_bearing_and_drive,order_to_cash,customer_invoice,INV-60421,2025-08-10T13:09:00,system,payment_applied,open,paid,Lockbox,1.0,N
EV-002897,keystone_bearing_and_drive,procure_to_pay,supplier_invoice,93741896,2025-08-10T13:35:00,E002,invoice_matched,received,paid,93741896,1.0,N
EV-000067,keystone_bearing_and_drive,quote_to_order,quote,Q-26067,2025-08-10T16:12:00,E021,quote_sent,draft,sent,Q-26067.pdf,1.0,N
EV-000785,keystone_bearing_and_drive,fulfillment,shipment,SH-50138,2025-08-11T07:58:00,E027,shipment_confirmed,picked,shipped,PS-SH-50138.pdf,1.0,N
EV-001272,keystone_bearing_and_drive,order_to_cash,customer_invoice,INV-60137,2025-08-11T13:41:00,E002,invoice_issued,,open,INV-60137.pdf,1.0,N
EV-002546,keystone_bearing_and_drive,procure_to_pay,receipt,RCV-40226,2025-08-11T16:44:00,E029,goods_received,open,received,PS432700,0.85,Y
EV-000234,keystone_bearing_and_drive,quote_to_order,sales_order,SO-26112,2025-08-11T17:37:00,E014,order_entered,,open,customer_po_PUR-510466,1.0,N
EV-002834,keystone_bearing_and_drive,procure_to_pay,supplier_invoice,SI119762,2025-08-12T07:03:00,E002,invoice_matched,received,paid,SI119762,1.0,N
EV-002109,keystone_bearing_and_drive,procure_to_pay,purchase_order,PO-31089,2025-08-12T07:28:00,E012,po_issued,draft,open,PO-31089.pdf,1.0,N
EV-001784,keystone_bearing_and_drive,order_to_cash,customer_invoice,INV-60196,2025-08-12T07:36:00,system,payment_applied,open,paid,Email remittance,0.95,N
EV-001432,keystone_bearing_and_drive,order_to_cash,customer_invoice,INV-60297,2025-08-12T08:01:00,E002,invoice_issued,,open,INV-60297.pdf,1.0,N
EV-002424,keystone_bearing_and_drive,procure_to_pay,receipt,RCV-40104,2025-08-12T10:40:00,E029,goods_received,open,received,PS590215,1.0,N
EV-001762,keystone_bearing_and_drive,order_to_cash,customer_invoice,INV-60166 ,2025-08-12T12:37:00,system,payment_applied ,open,paid,Lockbox,1.0,N
EV-000945,keystone_bearing_and_drive,fulfillment,shipment,SH-50298,2025-08-12T12:59:00,E038,shipment_confirmed,picked,shipped,PS-SH-50298.pdf,1.0,N
EV-002264,keystone_bearing_and_drive,procure_to_pay,purchase_order,PO-31244,2025-08-12T14:26:00,E011,po_issued,draft,open,PO-31244.pdf,1.0,N
EV-001443,keystone_bearing_and_drive,order_to_cash,customer_invoice,INV-60308,2025-08-12T15:27:00,E002,invoice_issued,,open,INV-60308.pdf,1.0,N
EV-003009,keystone_bearing_and_drive,manufacturing,work_order,WO-70060,2025-08-12T16:00:00,E045 ,wo_released,planned,released,MRP,1.0,N
EV-000956,keystone_bearing_and_drive,fulfillment,shipment,SH-50309,2025-08-12T16:09:00,E037,shipment_confirmed,picked,shipped,PS-SH-50309.pdf,1.0,N
EV-002910,keystone_bearing_and_drive,manufacturing,work_order,WO-70007,2025-08-12T16:14:00,E045,wo_closed,in_process,closed,COC-WO-70007.pdf,1.0,N
EV-000106,keystone_bearing_and_drive ,quote_to_order,quote,Q-26106,2025-08-12T16:17:00,E014,quote_sent,draft,sent,Q-26106.pdf,1.0,N
EV-002600,keystone_bearing_and_drive,procure_to_pay,receipt,RCV-40280,2025-08-13T07:57:00,E038,goods_received,open,received,PS541651,1.0,N
EV-002304,keystone_bearing_and_drive,procure_to_pay,purchase_order,PO-31284,2025-08-13T08:39:00,E012,po_issued,draft,open,PO-31284.pdf,1.0,N
EV-002419,keystone_bearing_and_drive,procure_to_pay,receipt,RCV-40099,2025-08-13T08:55:00,E036,goods_received,open,received,PS732115,1.0,N
EV-002111,keystone_bearing_and_drive,procure_to_pay,purchase_order,PO-31091,2025-08-13T16:32:00,E012,po_issued,draft,open,PO-31091.pdf,1.0,N
EV-002450,keystone_bearing_and_drive,procure_to_pay,receipt,RCV-40130,2025-08-14T09:59:00,E028,goods_received,open,received,PS984804,0.85,Y
EV-002576,keystone_bearing_and_drive,procure_to_pay,receipt,RCV-40256,2025-08-14T11:08:00,E039,goods_received,open,received,PS559283,1.0,N
EV-002551,keystone_bearing_and_drive,procure_to_pay,receipt,RCV-40231,2025-08-14T11:19:00,E037,goods_received,open,received,PS880577,1.0,N
EV-000559,keystone_bearing_and_drive,quote_to_order ,sales_order,SO-26432,2025-08-14T11:29:00,E013,order_entered,,open,customer_po_PUR-633105,0.9,N
EV-002603,keystone_bearing_and_drive,procure_to_pay,receipt,RCV-40283,2025-08-14T12:36:00,E032,goods_received,open ,received,PS621510,1.0,N
EV-000129,keystone_bearing_and_drive,quote_to_order,sales_order,SO-26010,2025-08-14T16:04:00,E017,order_entered,,open,customer_po_PUR-647553,0.9,N
EV-002075 ,keystone_bearing_and_drive,procure_to_pay,purchase_order,PO-31055,2025-08-14T16:09:00,E011,po_issued,draft,open,PO-31055.pdf,1.0,N
EV-000792,keystone_bearing_and_drive,fulfillment,shipment,SH-50145,2025-08-15T08:12:00,E034,shipment_confirmed,picked,shipped,PS-SH-50145.pdf,1.0,N
EV-000989,keystone_bearing_and_drive,fulfillment,shipment,SH-50342,2025-08-15T08:12:00,E028,shipment_confirmed,picked,shipped,PS-SH-50342.pdf,1.0,N
EV-001755,keystone_bearing_and_drive,order_to_cash,customer_invoice,INV-60159,2025-08-15T08:22:00,system,payment_applied,open,paid,Bank feed,1.0,N
EV-000868,keystone_bearing_and_drive,fulfillment,shipment,SH-50221,2025-08-15T08:27:00,E029,shipment_confirmed,picked,shipped,PS-SH-50221.pdf,1.0,N
EV-002708,keystone_bearing_and_drive,procure_to_pay,supplier_invoice,95318323,2025-08-15T09:43:00,E002,invoice_matched,received,paid,95318323,1.0,N
EV-002076,keystone_bearing_and_drive,procure_to_pay,purchase_order,PO-31056,2025-08-15T10:27:00,E012,po_issued,draft,open,PO-31056.pdf,1.0,N
EV-002561,keystone_bearing_and_drive,procure_to_pay,receipt,RCV-40241,2025-08-15T11:17:00,E038,goods_received,open,received,PS274073,1.0,N
EV-002713,keystone_bearing_and_drive,procure_to_pay,supplier_invoice,7473736,2025-08-15T12:28:00,E002,invoice_matched,received,paid,7473736,1.0,N
EV-000194,keystone_bearing_and_drive,quote_to_order,sales_order,SO-26072,2025-08-15T12:29:00,E013,order_entered,,open,customer_po_4500248244,0.9,N
EV-001355,keystone_bearing_and_drive,order_to_cash,customer_invoice,INV-60220,2025-08-15T13:04:00,E002,invoice_issued,,open,INV-60220.pdf,1.0,N
EV-001476,keystone_bearing_and_drive,order_to_cash,customer_invoice,INV-60341,2025-08-15T14:16:00,E002,invoice_issued,,open,INV-60341.pdf,1.0,N
EV-001279,keystone_bearing_and_drive,order_to_cash,customer_invoice,INV-60144,2025-08-15T15:05:00,E002,invoice_issued,,open,INV-60144.pdf,1.0,N
EV-002410,keystone_bearing_and_drive,procure_to_pay,receipt,RCV-40090,2025-08-15T15:44:00,E037,goods_received,open,received,PS336367,1.0,N
EV-001730,keystone_bearing_and_drive,order_to_cash ,customer_invoice,INV-60127,2025-08-15T16:29:00,system,payment_applied,open,paid,Email remittance,0.95,N
EV-002330,keystone_bearing_and_drive,procure_to_pay,receipt,RCV-40010,2025-08-15T16:47:00,E037,goods_received,open,received,PS731443,1.0,N
EV-000421,keystone_bearing_and_drive,quote_to_order,sales_order,SO-26296,2025-08-16T07:04:00,E024,order_entered,,open,customer_po_PO411104,1.0,N
EV-000125,keystone_bearing_and_drive,quote_to_order,sales_order,SO-26006,2025-08-16T08:04:00,E025,order_entered,,open,customer_po_P821082,1.0,N
EV-000149,keystone_bearing_and_drive,quote_to_order,sales_order,SO-26029,2025-08-16T09:44:00,E013 ,order_entered,,open,customer_po_PUR-556461,1.0,N
EV-000546,keystone_bearing_and_drive,quote_to_order,sales_order,SO-26419,2025-08-16T10:21:00,E016,order_entered,,open,customer_po_PO489520,0.9,N
EV-002892,keystone_bearing_and_drive,procure_to_pay,supplier_invoice,368598,2025-08-16T16:02:00,E002,invoice_matched,received,paid,368598,1.0,N
EV-001144,keystone_bearing_and_drive,order_to_cash,customer_invoice,INV-60009,2025-08-17T07:06:00,E002,invoice_issued,,open,INV-60009.pdf,1.0,N
EV-002691,keystone_bearing_and_drive,procure_to_pay,supplier_invoice,92876398,2025-08-17T07:44:00,E002,invoice_matched,received,paid,92876398,1.0,N 
EV-001820,keystone_bearing_and_drive,order_to_cash,customer_invoice,INV-60239,2025-08-17T11:06:00,system,payment_applied,open,paid,Email remittance,0.95,N
EV-001973,keystone_bearing_and_drive,order_to_cash,customer_invoice,INV-60428,2025-08-17T12:05:00 ,system,payment_applied,open,paid,Portal,1.0,N
EV-001391,keystone_bearing_and_drive,order_to_cash,customer_invoice,INV-60256,2025-08-17T12:58:00,E002,invoice_issued,,open,INV-60256.pdf,1.0,N
EV-001690,keystone_bearing_and_drive,order_to_cash,customer_invoice,INV-60081,2025-08-17T13:14:00,system,payment_applied,open,paid,Bank feed,1.0,N
EV-002312,keystone_bearing_and_drive,procure_to_pay,purchase_order,PO-31292,2025-08-17T14:36:00,E011,po_issued,draft,open,PO-31292.pdf,1.0,N
EV-000246,keystone_bearing_and_drive,quote_to_order,sales_order,SO-26123,2025-08-17T15:09:00,E013,order_entered,,open,customer_po_PO339425,0.9,N
EV-000657,keystone_bearing_and_drive,fulfillment,shipment,SH-50010 ,2025-08-17T16:59:00,E028,shipment_confirmed,picked,shipped,PS-SH-50010.pdf,1.0,N
EV-000904,keystone_bearing_and_drive,fulfillment,shipment,SH-50257,2025-08-17T17:12:00,E027,shipment_confirmed,picked,shipped,PS-SH-50257.pdf,1.0,N
EV-000596,keystone_bearing_and_drive,quote_to_order,sales_order,SO-26469 ,2025-08-17T17:34:00,E016,order_entered,,open,customer_po_PUR-166719,0.9,N
EV-000370,keystone_bearing_and_drive,quote_to_order,sales_order,SO-26246,2025-08-18T08:12:00,E015,order_entered,,open,customer_po_4500685113,1.0,N
EV-001677,keystone_bearing_and_drive,order_to_cash,customer_invoice,INV-60068,2025-08-18T08:49:00,system,payment_applied,open,paid,Bank feed,1.0,N
EV-000794,keystone_bearing_and_drive,fulfillment,shipment,SH-50147,2025-08-18T09:38:00,E031,shipment_confirmed,picked,shipped,PS-SH-50147.pdf,1.0,N
EV-001204 ,keystone_bearing_and_drive,order_to_cash,customer_invoice,INV-60069,2025-08-18T10:04:00,E002,invoice_issued,,open,INV-60069.pdf,1.0,N
EV-000551,keystone_bearing_and_drive,quote_to_order,sales_order,SO-26424,2025-08-18T12:14:00,E017,order_entered,,open,customer_po_4500752230,0.9,N
EV-001281,keystone_bearing_and_drive,order_to_cash,customer_invoice,INV-60146,2025-08-18T12:30:00,E002,invoice_issued,,open,INV-60146.pdf,1.0,N
EV-002835,keystone_bearing_and_drive,procure_to_pay,supplier_invoice,5328758,2025-08-18T14:19:00,E002,invoice_matched,received,paid,5328758,1.0,N
EV-000717,keystone_bearing_and_drive,fulfillment ,shipment,SH-50070,2025-08-18T14:41:00,E036,shipment_confirmed,picked,shipped ,PS-SH-50070.pdf,1.0,N
EV-002024,keystone_bearing_and_drive,procure_to_pay,purchase_order,PO-31004,2025-08-18T15:01:00,E012,po_issued,draft,open,PO-31004.pdf,1.0,N
EV-002094,keystone_bearing_and_drive,procure_to_pay,purchase_order,PO-31074,2025-08-18T15:12:00,E011,po_issued,draft,open,PO-31074.pdf,1.0,N
EV-003017,keystone_bearing_and_drive,returns,rma,RMA-0002,2025-08-18T16:53:00,E024,rma_approved,requested,approved,INV-60309,1.0,N
EV-001236,keystone_bearing_and_drive,order_to_cash,customer_invoice,INV-60101,2025-08-18T17:32:00 ,E002,invoice_issued,,open,INV-60101.pdf,1.0,N
EV-000749,keystone_bearing_and_drive,fulfillment,shipment,SH-50102,2025-08-18T17:33:00,E038,shipment_confirmed,picked,shipped,PS-SH-50102.pdf,1.0,N
EV-002850,keystone_bearing_and_drive,procure_to_pay,supplier_invoice,93864620,2025-08-19T07:30:00,E002,invoice_matched,received,paid,93864620,1.0,N
EV-000629,keystone_bearing_and_drive,quote_to_order,sales_order,SO-26502,2025-08-19T07:47:00,E014,order_entered,,open,customer_po_P376043,1.0,N
EV-001134,keystone_bearing_and_drive,fulfillment,shipment,SH-50487,2025-08-19T08:57:00,E027,shipment_confirmed,picked,shipped,PS-SH-50487.pdf,1.0,N
EV-000062,keystone_bearing_and_drive,quote_to_order,quote,Q-26062,2025-08-19T10:15:00,E022,quote_sent,draft,sent,Q-26062.pdf,1.0,N
EV-001621,keystone_bearing_and_drive,order_to_cash,customer_invoice,INV-60486,2025-08-19T11:33:00,E002,invoice_issued,,open,INV-60486.pdf,1.0,N
EV-001992,keystone_bearing_and_drive,order_to_cash,customer_invoice,INV-60453,2025-08-19T12:22:00,system,payment_applied,open,paid,Bank feed,1.0,N
EV-002277,keystone_bearing_and_drive,procure_to_pay,purchase_order,PO-31257,2025-08-19T15:40:00,E011,po_issued,draft,open,PO-31257.pdf,1.0,N
EV-001710,keystone_bearing_and_drive,order_to_cash,customer_invoice,INV-60103,2025-08-20T07:24:00,system,payment_applied,open,paid,Lockbox,1.0,N
EV-002601,keystone_bearing_and_drive,procure_to_pay,receipt,RCV-40281,2025-08-20T08:06:00,E036,goods_received,open,received,PS423118,1.0,N
EV-002728,keystone_bearing_and_drive,procure_to_pay,supplier_invoice,94060450,2025-08-20T09:29:00,E002,invoice_matched,received,paid,94060450,1.0,N
EV-002209,keystone_bearing_and_drive,procure_to_pay,purchase_order,PO-31189,2025-08-20T10:09:00,E011,po_issued,draft,open ,PO-31189.pdf,1.0,N
EV-003010,keystone_bearing_and_drive,manufacturing,work_order,WO-70060,2025-08-20T11:08:00,E045,wo_closed,in_process,closed,COC-WO-70060.pdf,1.0,N
EV-002840,keystone_bearing_and_drive,procure_to_pay,supplier_invoice,INV8575934,2025-08-20T12:06:00,E002,invoice_matched,received,paid,INV8575934,1.0,N
EV-001165,keystone_bearing_and_drive,order_to_cash,customer_invoice,INV-60030,2025-08-20T12:12:00,E002,invoice_issued,,open,INV-60030.pdf,1.0,N
EV-002739,keystone_bearing_and_drive,procure_to_pay,supplier_invoice,9711989,2025-08-20T12:41:00,E002,invoice_matched,received,paid,9711989,1.0,N
EV-002889,keystone_bearing_and_drive ,procure_to_pay,supplier_invoice,7124789,2025-08-20T14:14:00,E002,invoice_matched,received,paid,7124789,1.0,N
EV-001632 ,keystone_bearing_and_drive,order_to_cash,customer_invoice,INV-60012,2025-08-20T15:18:00,system,payment_applied,open,paid,Bank feed,1.0,N
EV-000678,keystone_bearing_and_drive,fulfillment,shipment,SH-50031,2025-08-20T16:28:00,E035,shipment_confirmed,picked,shipped,PS-SH-50031.pdf,1.0,N
EV-000201,keystone_bearing_and_drive,quote_to_order,sales_order,SO-26079 ,2025-08-20T17:37:00,E024,order_entered,,open,customer_po_PUR-256607,0.9,N 
EV-001635,keystone_bearing_and_drive,order_to_cash,customer_invoice ,INV-60015,2025-08-20T17:55:00,system,payment_applied,open,paid,Portal,1.0,N
EV-001595,keystone_bearing_and_drive,order_to_cash,customer_invoice,INV-60460,2025-08-21T07:15:00,E002,invoice_issued,,open,INV-60460.pdf,1.0,N
EV-000464,keystone_bearing_and_drive,quote_to_order,sales_order,SO-26338,2025-08-21T09:53:00,E014,order_entered,,open,customer_po_P907902,1.0,N
EV-001397,keystone_bearing_and_drive,order_to_cash,customer_invoice,INV-60262,2025-08-21T11:34:00,E002 ,invoice_issued,,open,INV-60262.pdf,1.0,N
EV-000649,keystone_bearing_and_drive,fulfillment,shipment,SH-50002,2025-08-21T13:31:00,E032,shipment_confirmed,picked,shipped,PS-SH-50002.pdf,1.0,N
EV-001108,keystone_bearing_and_drive,fulfillment,shipment,SH-50461,2025-08-21T14:53:00,E027,shipment_confirmed,picked,shipped,PS-SH-50461.pdf,1.0,N
EV-000910,keystone_bearing_and_drive,fulfillment,shipment,SH-50263,2025-08-21T15:25:00,E029,shipment_confirmed,picked,shipped,PS-SH-50263.pdf,1.0,N
EV-002156,keystone_bearing_and_drive,procure_to_pay,purchase_order,PO-31136,2025-08-21T17:21:00,E011,po_issued,draft,open,PO-31136.pdf,1.0,N
EV-001889,keystone_bearing_and_drive,order_to_cash,customer_invoice,INV-60326,2025-08-21T17:25:00,system,payment_applied,open,paid,Lockbox,1.0,N
EV-001136,keystone_bearing_and_drive,order_to_cash,customer_invoice,INV-60001,2025-08-21T17:55:00,E002,invoice_issued,,open,INV-60001.pdf,1.0,N
EV-000422,keystone_bearing_and_drive,quote_to_order,sales_order,SO-26297,2025-08-22T07:13:00,E013,order_entered,,open,customer_po_P224576,1.0,N
EV-001741,keystone_bearing_and_drive,order_to_cash,customer_invoice,INV-60142,2025-08-22T07:37:00,system,payment_applied,open ,paid,Email remittance,0.95,N
EV-002364,keystone_bearing_and_drive,procure_to_pay,receipt,RCV-40044,2025-08-22T09:09:00,E034,goods_received,open,received,PS574573,1.0,N
EV-000103,keystone_bearing_and_drive,quote_to_order,quote,Q-26103,2025-08-22T10:43:00,E017,quote_sent,draft,sent,Q-26103.pdf,1.0,N
EV-001791,keystone_bearing_and_drive,order_to_cash,customer_invoice,INV-60203,2025-08-22T16:01:00,system,payment_applied,open,paid,Lockbox,1.0,N
EV-002619,keystone_bearing_and_drive,procure_to_pay,supplier_invoice,93995405,2025-08-22T17:34:00,E002,invoice_matched,received,paid,93995405,1.0,N
EV-002214,keystone_bearing_and_drive,procure_to_pay,purchase_order,PO-31194,2025-08-23T08:01:00,E012,po_issued,draft,open,PO-31194.pdf,1.0,N 
EV-000270,keystone_bearing_and_drive,quote_to_order,sales_order,SO-26147,2025-08-23T08:41:00,E017,order_entered,,open,customer_po_PO969940,0.9,N
EV-002473,keystone_bearing_and_drive,procure_to_pay,receipt,RCV-40153,2025-08-23T10:11:00,E031,goods_received,open,received ,PS587982,0.85,Y
EV-001237,keystone_bearing_and_drive,order_to_cash,customer_invoice,INV-60102,2025-08-23T10:46:00,E002,invoice_issued,,open,INV-60102.pdf,1.0,N
EV-001537,keystone_bearing_and_drive,order_to_cash,customer_invoice,INV-60402,2025-08-23T11:16:00,E002,invoice_issued,,open,INV-60402.pdf,1.0,N
EV-000750,keystone_bearing_and_drive,fulfillment,shipment,SH-50103,2025-08-23T11:28:00,E031,shipment_confirmed,picked,shipped,PS-SH-50103.pdf,1.0,N
EV-002969,keystone_bearing_and_drive,manufacturing,work_order,WO-70038,2025-08-23T12:02:00,E023,wo_released,planned,released ,MRP,1.0,N
EV-001050,keystone_bearing_and_drive,fulfillment,shipment,SH-50403,2025-08-23T12:05:00,E032,shipment_confirmed,picked,shipped,PS-SH-50403.pdf,1.0,N
EV-002762,keystone_bearing_and_drive,procure_to_pay,supplier_invoice,SI5930594,2025-08-23T13:18:00,E002 ,match_exception,received,paid,SI5930594,0.7,Y
EV-002865,keystone_bearing_and_drive,procure_to_pay,supplier_invoice,SI1725755,2025-08-23T16:58:00,E002,invoice_matched,received,paid,SI1725755,1.0,N
EV-001660,keystone_bearing_and_drive,order_to_cash,customer_invoice,INV-60047,2025-08-24T08:59:00,system,payment_applied,open,paid,Lockbox,1.0,N
EV-000614,keystone_bearing_and_drive,quote_to_order,sales_order,SO-26487,2025-08-24T09:32:00 ,E017,order_entered,,open,customer_po_PUR-202971,0.9,N
EV-001948,keystone_bearing_and_drive,order_to_cash,customer_invoice,INV-60401,2025-08-24T10:14:00,system,payment_applied,open,paid,Lockbox ,1.0,N
EV-002542,keystone_bearing_and_drive,procure_to_pay,receipt,RCV-40222,2025-08-24T12:50:00,E032,goods_received,open,received,PS430595,1.0,N
EV-001839,keystone_bearing_and_drive,order_to_cash,customer_invoice,INV-60261,2025-08-24T13:32:00,system,payment_applied,open,paid,Portal,1.0,N
EV-002699,keystone_bearing_and_drive,procure_to_pay,supplier_invoice,96217029,2025-08-24T14:51:00,E002,invoice_matched,received,paid,96217029,1.0,N
EV-001915,keystone_bearing_and_drive,order_to_cash,customer_invoice,INV-60359,2025-08-24T15:37:00,system,payment_applied,open,paid,Email remittance,0.95,N
EV-002596,keystone_bearing_and_drive,procure_to_pay,receipt,RCV-40276,2025-08-24T17:20:00,E033,goods_received,open,received,PS409433,0.85,Y
EV-002934,keystone_bearing_and_drive,manufacturing,work_order,WO-70019,2025-08-25T10:24:00,E045,wo_closed,in_process,closed,COC-WO-70019.pdf,1.0,N
EV-001927,keystone_bearing_and_drive,order_to_cash,customer_invoice,INV-60378,2025-08-25T12:29:00,system,payment_applied,open,paid,Lockbox,1.0,N
EV-001535,keystone_bearing_and_drive,order_to_cash,customer_invoice,INV-60400,2025-08-25T13:26:00,E002,invoice_issued,,open,INV-60400.pdf,1.0,N
EV-001048,keystone_bearing_and_drive,fulfillment,shipment,SH-50401,2025-08-25T17:26:00,E034,shipment_confirmed,picked,shipped,PS-SH-50401.pdf,1.0,N
EV-001361,keystone_bearing_and_drive,order_to_cash,customer_invoice,INV-60226,2025-08-26T07:31:00,E002,invoice_issued ,,open,INV-60226.pdf,1.0,N
EV-000574,keystone_bearing_and_drive,quote_to_order,sales_order,SO-26447,2025-08-26T09:09:00,E016,order_entered,,open,customer_po_PUR-183130,1.0,N
EV-001893,keystone_bearing_and_drive,order_to_cash,customer_invoice,INV-60332,2025-08-26T10:11:00,system,payment_applied,open,paid,Email remittance,0.95,N
EV-000117,keystone_bearing_and_drive,quote_to_order,quote,Q-26117,2025-08-26T10:36:00,E022,quote_sent,draft,sent,Q-26117.pdf,1.0,N
EV-000874,keystone_bearing_and_drive,fulfillment,shipment,SH-50227,2025-08-26T11:44:00,E039,shipment_confirmed,picked ,shipped,PS-SH-50227.pdf,1.0,N
EV-001054,keystone_bearing_and_drive,fulfillment,shipment,SH-50407,2025-08-26T12:17:00,E027,shipment_confirmed,picked,shipped,PS-SH-50407.pdf,1.0,N
EV-001859,keystone_bearing_and_drive,order_to_cash,customer_invoice,INV-60289,2025-08-26T13:16:00,system,payment_applied,open,paid,Bank feed,1.0,N
EV-002518,keystone_bearing_and_drive,procure_to_pay,receipt,RCV-40198,2025-08-26T14:42:00,E038,goods_received,open,received,PS938441,0.85,Y
EV-001541,keystone_bearing_and_drive,order_to_cash,customer_invoice ,INV-60406,2025-08-26T15:39:00,E002,invoice_issued,,open,INV-60406.pdf,1.0,N
EV-001901,keystone_bearing_and_drive,order_to_cash,customer_invoice,INV-60342,2025-08-27T08:36:00,system,payment_applied,open,paid,Bank feed,1.0,N
EV-001154,keystone_bearing_and_drive,order_to_cash,customer_invoice,INV-60019,2025-08-27T10:22:00,E002,invoice_issued,,open,INV-60019.pdf,1.0,N
EV-001920,keystone_bearing_and_drive,order_to_cash,customer_invoice,INV-60365,2025-08-27T10:52:00,system,payment_applied,open,paid,Lockbox,1.0,N
EV-001844,keystone_bearing_and_drive,order_to_cash,customer_invoice,INV-60266,2025-08-27T12:26:00,system,payment_applied,open,paid,Lockbox,1.0,N
EV-001329,keystone_bearing_and_drive,order_to_cash,customer_invoice,INV-60194,2025-08-27T14:52:00,E002,invoice_issued,,open,INV-60194.pdf,1.0,N
EV-000700,keystone_bearing_and_drive,fulfillment,shipment,SH-50053,2025-08-27T15:01:00,E031,shipment_confirmed ,picked,shipped,PS-SH-50053.pdf,1.0,N
EV-000667,keystone_bearing_and_drive,fulfillment,shipment,SH-50020,2025-08-27T15:02:00,E039,shipment_confirmed,picked,shipped ,PS-SH-50020.pdf,1.0,N
EV-001187,keystone_bearing_and_drive,order_to_cash,customer_invoice,INV-60052,2025-08-27T16:48:00,E002,invoice_issued,,open,INV-60052.pdf,1.0,N
EV-000842,keystone_bearing_and_drive,fulfillment,shipment,SH-50195,2025-08-27T17:44:00,E029,shipment_confirmed,picked,shipped,PS-SH-50195.pdf,1.0,N
EV-000577,keystone_bearing_and_drive,quote_to_order,sales_order,SO-26450,2025-08-28T07:36:00,E018,order_entered,,open,customer_po_4500851071,0.9,N
EV-001333,keystone_bearing_and_drive,order_to_cash,customer_invoice,INV-60198,2025-08-28T08:10:00,E002,invoice_issued,,open,INV-60198.pdf,1.0,N
EV-002962,keystone_bearing_and_drive,manufacturing,work_order,WO-70034,2025-08-28T11:48:00,E024,wo_released,planned,released,MRP,1.0,N
EV-000846,keystone_bearing_and_drive,fulfillment,shipment,SH-50199,2025-08-28T13:08:00,E026,shipment_confirmed,picked,shipped,PS-SH-50199.pdf,1.0,N
EV-000643,keystone_bearing_and_drive,quote_to_order,sales_order,SO-26516,2025-08-28T13:40:00,E017,order_entered,,open,customer_po_4500673478,1.0,N
EV-000754,keystone_bearing_and_drive,fulfillment,shipment,SH-50107,2025-08-29T07:02:00,E031,shipment_confirmed,picked,shipped,PS-SH-50107.pdf,1.0,N
EV-002831,keystone_bearing_and_drive,procure_to_pay,supplier_invoice,INV1314900,2025-08-29T07:06:00,E002,invoice_matched,received,paid,INV1314900,1.0,N
EV-001241,keystone_bearing_and_drive,order_to_cash,customer_invoice,INV-60106,2025-08-29T07:17:00,E002,invoice_issued,,open,INV-60106.pdf,1.0,N
EV-001875,keystone_bearing_and_drive,order_to_cash,customer_invoice,INV-60309,2025-08-29T08:20:00,system,payment_applied,open ,paid,Bank feed,1.0,N
EV-002427,keystone_bearing_and_drive,procure_to_pay,receipt,RCV-40107,2025-08-29T09:52:00,E031,goods_received,open,received,PS385372,1.0,N
EV-002192,keystone_bearing_and_drive ,procure_to_pay,purchase_order,PO-31172,2025-08-29T14:20:00,E012,po_issued,draft,open,PO-31172.pdf,1.0,N
EV-002088,keystone_bearing_and_drive,procure_to_pay,purchase_order,PO-31068,2025-08-29T16:12:00,E011,po_issued,draft,open,PO-31068.pdf,1.0,N
EV-001740,keystone_bearing_and_drive,order_to_cash,customer_invoice,INV-60140,2025-08-29T16:21:00,system,payment_applied,open,paid,Portal,1.0,N
EV-000634,keystone_bearing_and_drive,quote_to_order,sales_order,SO-26507,2025-08-29T17:51:00,E016,order_entered,,open,customer_po_PUR-766220,1.0,N
EV-000061,keystone_bearing_and_drive,quote_to_order,quote,Q-26061,2025-08-30T09:38:00,E014,quote_sent,draft,sent,Q-26061.pdf,1.0,N
EV-001986,keystone_bearing_and_drive,order_to_cash,customer_invoice,INV-60446,2025-08-30T10:57:00,system,payment_applied,open,paid,Email remittance,0.95,N
EV-002452,keystone_bearing_and_drive,procure_to_pay,receipt,RCV-40132,2025-08-30T11:22:00,E039,goods_received,open,received,PS609919 ,0.85,Y
EV-001714,keystone_bearing_and_drive,order_to_cash,customer_invoice,INV-60107,2025-08-30T13:11:00,system,payment_applied,open,paid,Portal,1.0,N
EV-001164,keystone_bearing_and_drive,order_to_cash,customer_invoice,INV-60029,2025-08-30T14:26:00,E002,invoice_issued,,open,INV-60029.pdf,1.0,N
EV-002716,keystone_bearing_and_drive,procure_to_pay,supplier_invoice,95802295,2025-08-30T14:48:00,E002,match_exception,received,paid,95802295,0.7,Y
EV-000677 ,keystone_bearing_and_drive,fulfillment,shipment,SH-50030,2025-08-30T16:25:00,E035,shipment_confirmed,picked,shipped,PS-SH-50030.pdf,1.0,N
EV-001706,keystone_bearing_and_drive,order_to_cash,customer_invoice,INV-60099,2025-08-30T17:00:00,system,payment_applied,open,paid,Lockbox,1.0,N
EV-002399,keystone_bearing_and_drive,procure_to_pay,receipt,RCV-40079,2025-08-30T17:25:00,E026,goods_received,open,received,PS702121,1.0,N
EV-002012,keystone_bearing_and_drive,order_to_cash,customer_invoice,INV-60477,2025-08-31T07:24:00,system,payment_applied,open,paid,Email remittance,0.95,N
EV-002071,keystone_bearing_and_drive,procure_to_pay,purchase_order,PO-31051,2025-08-31T09:52:00,E011,po_issued,draft,open,PO-31051.pdf,1.0,N
EV-001790,keystone_bearing_and_drive,order_to_cash,customer_invoice,INV-60202,2025-08-31T10:20:00,system,payment_applied,open,paid,Portal,1.0,N
EV-002890,keystone_bearing_and_drive,procure_to_pay,supplier_invoice,97807069,2025-08-31T13:04:00,E002,invoice_matched,received,paid,97807069,1.0,N 
EV-000118,keystone_bearing_and_drive,quote_to_order,quote,Q-26118,2025-08-31T14:50:00,E019,quote_sent,draft,sent,Q-26118.pdf,1.0,N
EV-000030,keystone_bearing_and_drive,quote_to_order,quote,Q-26030,2025-09-01T09:03:00,E014,quote_sent,draft,sent,Q-26030.pdf,1.0,N
EV-001131,keystone_bearing_and_drive,fulfillment,shipment,SH-50484,2025-09-01T09:58:00,E029,shipment_confirmed,picked,shipped,PS-SH-50484.pdf,1.0,N
EV-002885,keystone_bearing_and_drive,procure_to_pay,supplier_invoice,6183022,2025-09-01T10:23:00,E002,invoice_matched,received,paid,6183022,1.0,N 
EV-002149,keystone_bearing_and_drive,procure_to_pay,purchase_order,PO-31129,2025-09-01T12:25:00,E012,po_issued,draft,open,PO-31129.pdf,1.0,N
EV-001860,keystone_bearing_and_drive,order_to_cash,customer_invoice,INV-60290,2025-09-01T12:38:00,system,payment_applied,open,paid,Lockbox,1.0,N
EV-001618,keystone_bearing_and_drive,order_to_cash,customer_invoice,INV-60483,2025-09-01T14:31:00,E002,invoice_issued,,open,INV-60483.pdf,1.0,N
EV-002510,keystone_bearing_and_drive,procure_to_pay,receipt,RCV-40190,2025-09-02T08:55:00,E038,goods_received,open,received,PS166410,1.0,N
EV-002579,keystone_bearing_and_drive,procure_to_pay,receipt,RCV-40259,2025-09-02T10:16:00,E028,goods_received,open,received,PS221522,1.0,N
EV-002217,keystone_bearing_and_drive,procure_to_pay,purchase_order,PO-31197,2025-09-02T10:24:00,E011,po_issued,draft,open,PO-31197.pdf,1.0,N
EV-002653 ,keystone_bearing_and_drive,procure_to_pay,supplier_invoice,95977332,2025-09-02T10:47:00,E002,invoice_matched,received,paid,95977332,1.0,N
EV-002157,keystone_bearing_and_drive,procure_to_pay,purchase_order,PO-31137,2025-09-02T13:44:00,E011,po_issued,draft,open,PO-31137.pdf,1.0,N
EV-002282,keystone_bearing_and_drive,procure_to_pay,purchase_order,PO-31262,2025-09-02T14:07:00,E012,po_issued,draft,open,PO-31262.pdf,1.0,N 
EV-002948,keystone_bearing_and_drive,manufacturing,work_order,WO-70027,2025-09-02T15:42:00,E037,wo_released,planned,released,MRP,1.0,N
EV-002563,keystone_bearing_and_drive,procure_to_pay,receipt,RCV-40243,2025-09-02T15:46:00,E034,goods_received,open ,received,PS893710,1.0,N
EV-001962,keystone_bearing_and_drive,order_to_cash,customer_invoice,INV-60416,2025-09-02T16:50:00 ,system,payment_applied,open,paid,Lockbox,1.0,N
EV-002952,keystone_bearing_and_drive,manufacturing,work_order,WO-70029,2025-09-02T17:09:00,E011,wo_released,planned,released,MRP,1.0,N
EV-002401,keystone_bearing_and_drive,procure_to_pay,receipt,RCV-40081,2025-09-02T17:23:00,E038,goods_received,open,received,PS158544,0.85,Y
EV-001712,keystone_bearing_and_drive,order_to_cash,customer_invoice,INV-60105,2025-09-02T17:48:00,system,payment_applied,open,paid,Bank feed,1.0,N
EV-002291,keystone_bearing_and_drive,procure_to_pay,purchase_order,PO-31271,2025-09-03T09:10:00,E012,po_issued,draft,open,PO-31271.pdf,1.0,N
EV-002688,keystone_bearing_and_drive,procure_to_pay,supplier_invoice,SI6624399,2025-09-03T09:16:00,E002,invoice_matched,received,paid,SI6624399,1.0,N
EV-001749,keystone_bearing_and_drive,order_to_cash,customer_invoice ,INV-60150,2025-09-03T09:45:00,system,payment_applied,open ,paid,Email remittance,0.95,N
EV-001883,keystone_bearing_and_drive,order_to_cash,customer_invoice,INV-60319,2025-09-03T10:00:00,system,payment_applied,open,paid ,Bank feed,1.0,N
EV-000007,keystone_bearing_and_drive,quote_to_order,quote,Q-26007,2025-09-03T10:03:00,E019,quote_sent,draft,sent,Q-26007.pdf,1.0,N
EV-000052,keystone_bearing_and_drive,quote_to_order,quote,Q-26052,2025-09-03T10:10:00,E014,quote_sent,draft,sent,Q-26052.pdf,1.0,N
EV-002807,keystone_bearing_and_drive,procure_to_pay,supplier_invoice,1789786 ,2025-09-03T11:06:00,E002,invoice_matched,received,paid,1789786,1.0,N
EV-000411,keystone_bearing_and_drive,quote_to_order,sales_order,SO-26287,2025-09-03T12:24:00,E018,order_entered,,open,customer_po_PUR-648573,0.9,N
EV-000415,keystone_bearing_and_drive,quote_to_order,sales_order,SO-26291,2025-09-03T13:12:00,E013,order_entered,,open,customer_po_4500320535,1.0,N
EV-001864,keystone_bearing_and_drive,order_to_cash,customer_invoice,INV-60297,2025-09-03T14:59:00,system,payment_applied,open,paid,Bank feed,1.0,N
EV-002211,keystone_bearing_and_drive,procure_to_pay,purchase_order,PO-31191,2025-09-03T16:55:00,E012,po_issued,draft,open,PO-31191.pdf,1.0,N
EV-002690,keystone_bearing_and_drive,procure_to_pay,supplier_invoice,SI3304553,2025-09-04T07:28:00,E002,invoice_matched,received,paid,SI3304553,1.0,N
EV-000652,keystone_bearing_and_drive,fulfillment,shipment,SH-50005,2025-09-04T08:23:00,E031,shipment_confirmed,picked,shipped,PS-SH-50005.pdf,1.0,N
EV-002140,keystone_bearing_and_drive,procure_to_pay,purchase_order,PO-31120,2025-09-04T08:23:00,E011,po_issued,draft,open,PO-31120.pdf,1.0,N
EV-001422,keystone_bearing_and_drive,order_to_cash,customer_invoice,INV-60287,2025-09-04T08:29:00,E002,invoice_issued ,,open,INV-60287.pdf,1.0,N
EV-001599,keystone_bearing_and_drive,order_to_cash,customer_invoice,INV-60464,2025-09-04T11:04:00,E002,invoice_issued,,open,INV-60464.pdf,1.0,N
EV-001139,keystone_bearing_and_drive,order_to_cash,customer_invoice,INV-60004,2025-09-04T12:43:00,E002,invoice_issued,,open,INV-60004.pdf,1.0,N
EV-002799,keystone_bearing_and_drive,procure_to_pay,supplier_invoice,INV3621013,2025-09-04T12:45:00,E002,invoice_matched,received,paid,INV3621013,1.0,N
EV-000408,keystone_bearing_and_drive,quote_to_order,sales_order,SO-26284,2025-09-04T13:59:00,E015,order_entered ,,open,customer_po_PO224349,1.0,N
EV-001519,keystone_bearing_and_drive,order_to_cash,customer_invoice,INV-60384,2025-09-04T14:16:00,E002,invoice_issued ,,open,INV-60384.pdf,1.0,N
EV-001112,keystone_bearing_and_drive,fulfillment,shipment,SH-50465,2025-09-04T16:36:00,E034,shipment_confirmed,picked,shipped,PS-SH-50465.pdf,1.0,N
EV-001032,keystone_bearing_and_drive,fulfillment,shipment,SH-50385,2025-09-04T17:31:00 ,E035,shipment_confirmed,picked,shipped,PS-SH-50385.pdf,1.0,N
EV-000935,keystone_bearing_and_drive,fulfillment,shipment,SH-50288,2025-09-04T17:33:00,E035,shipment_confirmed,picked,shipped,PS-SH-50288.pdf,1.0,N
EV-002409,keystone_bearing_and_drive,procure_to_pay,receipt,RCV-40089 ,2025-09-05T07:40:00,E030,goods_received,open,received,PS213448,1.0,N
EV-002549,keystone_bearing_and_drive,procure_to_pay,receipt,RCV-40229,2025-09-05T09:41:00,E036,goods_received,open,received,PS564665,1.0,N
EV-001742,keystone_bearing_and_drive,order_to_cash,customer_invoice,INV-60143,2025-09-05T11:49:00,system,payment_applied,open,paid,Lockbox,1.0,N
EV-000376,keystone_bearing_and_drive,quote_to_order,sales_order,SO-26252,2025-09-05T12:40:00,E016,order_entered,,open,customer_po_P135543,1.0,N
EV-000892,keystone_bearing_and_drive,fulfillment,shipment,SH-50245,2025-09-05T13:17:00,E034,shipment_confirmed,picked,shipped,PS-SH-50245.pdf,1.0,N
EV-001704,keystone_bearing_and_drive,order_to_cash,customer_invoice,INV-60096,2025-09-05T13:44:00,system,payment_applied,open,paid,Email remittance,0.95,N
EV-000640,keystone_bearing_and_drive,quote_to_order ,sales_order,SO-26513,2025-09-05T15:09:00,E025,order_entered,,open,customer_po_P493373,1.0,N
EV-000216,keystone_bearing_and_drive,quote_to_order,sales_order,SO-26094,2025-09-05T16:39:00,E017,order_entered ,,open,customer_po_PO315799,0.9,N
EV-002374,keystone_bearing_and_drive,procure_to_pay,receipt,RCV-40054,2025-09-05T17:47:00,E037,goods_received,open,received,PS376901,1.0,N
EV-001379,keystone_bearing_and_drive,order_to_cash,customer_invoice,INV-60244,2025-09-05T17:58:00,E002 ,invoice_issued,,open,INV-60244.pdf,1.0,N
EV-000155,keystone_bearing_and_drive,quote_to_order,sales_order,SO-26035,2025-09-06T11:30:00,E015,order_entered,,open,customer_po_P952763,0.9,N
EV-000325,keystone_bearing_and_drive,quote_to_order,sales_order,SO-26201,2025-09-06T12:21:00,E015,order_entered,,open,customer_po_PUR-464672,0.9,N
EV-001946,keystone_bearing_and_drive,order_to_cash,customer_invoice,INV-60399,2025-09-06T13:00:00,system,payment_applied,open,paid,Bank feed,1.0,N
EV-002453,keystone_bearing_and_drive,procure_to_pay,receipt,RCV-40133,2025-09-06T14:45:00,E033,goods_received,open,received,PS173268,0.85,Y
EV-002970,keystone_bearing_and_drive,manufacturing,work_order,WO-70038,2025-09-06T17:17:00,E045,wo_closed,in_process,closed,COC-WO-70038.pdf,1.0,N
EV-001866,keystone_bearing_and_drive,order_to_cash,customer_invoice,INV-60299,2025-09-06T17:54:00,system,payment_applied,open,paid,Portal ,1.0,N
EV-001123,keystone_bearing_and_drive,fulfillment,shipment,SH-50476,2025-09-07T08:35:00,E037,shipment_confirmed,picked,shipped,PS-SH-50476.pdf,1.0,N 
EV-001639,keystone_bearing_and_drive,order_to_cash,customer_invoice,INV-60021,2025-09-07T08:54:00,system,payment_applied,open,paid,Email remittance,0.95,N
EV-002421,keystone_bearing_and_drive,procure_to_pay,receipt,RCV-40101,2025-09-07T09:00:00,E039,goods_received,open,received,PS426966,1.0,N
EV-001610,keystone_bearing_and_drive,order_to_cash,customer_invoice,INV-60475,2025-09-07T12:31:00,E002 ,invoice_issued,,open,INV-60475.pdf,1.0,N
EV-000112,keystone_bearing_and_drive,quote_to_order,quote,Q-26112,2025-09-07T13:49:00,E020,quote_sent,draft,sent,Q-26112.pdf,1.0,N
EV-002852,keystone_bearing_and_drive,procure_to_pay,supplier_invoice,INV3593183,2025-09-08T08:27:00,E002,invoice_matched,received,paid,INV3593183,1.0,N
EV-001960,keystone_bearing_and_drive,order_to_cash,customer_invoice,INV-60414,2025-09-08T09:28:00,system,payment_applied,open,paid,Bank feed,1.0,N
EV-000168,keystone_bearing_and_drive,quote_to_order,sales_order,SO-26046,2025-09-08T11:20:00,E015,order_entered,,open,customer_po_PUR-952460,0.9,N
EV-000968,keystone_bearing_and_drive,fulfillment,shipment,SH-50321,2025-09-08T13:06:00,E039,shipment_confirmed,picked,shipped,PS-SH-50321.pdf,1.0,N
EV-000016,keystone_bearing_and_drive,quote_to_order,quote,Q-26016,2025-09-08T13:28:00,E020,quote_sent,draft,sent ,Q-26016.pdf,1.0,N
EV-002741,keystone_bearing_and_drive,procure_to_pay,supplier_invoice,INV5365710,2025-09-08T13:33:00,E002,invoice_matched,received,paid,INV5365710,1.0,N
EV-001455,keystone_bearing_and_drive,order_to_cash,customer_invoice,INV-60320,2025-09-08T14:40:00,E002,invoice_issued,,open,INV-60320.pdf,1.0,N
EV-002302,keystone_bearing_and_drive,procure_to_pay,purchase_order,PO-31282,2025-09-08T16:06:00,E011,po_issued,draft,open,PO-31282.pdf,1.0,N
EV-001605,keystone_bearing_and_drive,order_to_cash,customer_invoice,INV-60470,2025-09-09T08:34:00,E002,invoice_issued,,open,INV-60470.pdf,1.0,N
EV-001118,keystone_bearing_and_drive,fulfillment,shipment,SH-50471,2025-09-09T09:01:00,E028,shipment_confirmed,picked,shipped,PS-SH-50471.pdf,1.0,N
EV-001743,keystone_bearing_and_drive,order_to_cash,customer_invoice,INV-60144,2025-09-09T11:33:00,system,payment_applied,open,paid,Bank feed,1.0,N
EV-002447,keystone_bearing_and_drive,procure_to_pay,receipt,RCV-40127,2025-09-09T13:25:00,E030,goods_received,open,received,PS917826,0.85,Y
EV-000641,keystone_bearing_and_drive,quote_to_order,sales_order,SO-26514,2025-09-09T15:20:00,E017,order_entered,,open,customer_po_P528147,1.0,N
EV-001914,keystone_bearing_and_drive,order_to_cash,customer_invoice,INV-60357,2025-09-09T16:40:00,system,payment_applied,open,paid,Email remittance,0.95,N
EV-002089,keystone_bearing_and_drive,procure_to_pay,purchase_order,PO-31069,2025-09-10T07:35:00,E011,po_issued,draft,open,PO-31069.pdf,1.0,N
EV-003038,keystone_bearing_and_drive,returns,rma ,RMA-0023,2025-09-10T08:29:00,E016,rma_approved,requested,approved,INV-60244,1.0,N
EV-002736,keystone_bearing_and_drive,procure_to_pay,supplier_invoice,92595741,2025-09-10T08:49:00,E002,match_exception,received,paid,92595741,0.7,Y
EV-000714,keystone_bearing_and_drive,fulfillment,shipment,SH-50067,2025-09-10T09:19:00,E030,shipment_confirmed,picked,shipped,PS-SH-50067.pdf,1.0,N
EV-002556,keystone_bearing_and_drive,procure_to_pay,receipt,RCV-40236,2025-09-10T11:45:00,E033,goods_received,open,received,PS414581,1.0,N
EV-001856,keystone_bearing_and_drive,order_to_cash,customer_invoice,INV-60285,2025-09-10T13:34:00,system,payment_applied,open,paid,Bank feed,1.0,N
EV-001201,keystone_bearing_and_drive,order_to_cash,customer_invoice,INV-60066,2025-09-10T13:57:00,E002,invoice_issued,,open,INV-60066.pdf,1.0,N
EV-000161,keystone_bearing_and_drive,quote_to_order,sales_order,SO-26041,2025-09-10T15:06:00,E013,order_entered,,open,customer_po_PO265774,1.0,N
EV-002663,keystone_bearing_and_drive,procure_to_pay,supplier_invoice,1684698,2025-09-11T07:10:00,E002,invoice_matched,received,paid,1684698,1.0,N
EV-000095,keystone_bearing_and_drive,quote_to_order,quote,Q-26095,2025-09-11T07:11:00,E014,quote_sent,draft,sent,Q-26095.pdf,1.0,N
EV-000564 ,keystone_bearing_and_drive,quote_to_order,sales_order,SO-26437,2025-09-11T09:53:00,E014,order_entered,,open,customer_po_4500311975,0.9,N
EV-000765,keystone_bearing_and_drive,fulfillment,shipment,SH-50118,2025-09-11T14:30:00,E036,shipment_confirmed,picked,shipped,PS-SH-50118.pdf,1.0,N
EV-001637,keystone_bearing_and_drive,order_to_cash,customer_invoice,INV-60019,2025-09-11T14:56:00,system,payment_applied,open,paid,Lockbox,1.0,N
EV-002742,keystone_bearing_and_drive,procure_to_pay,supplier_invoice,SI1733959,2025-09-11T15:35:00,E002,invoice_matched,received,paid,SI1733959,1.0,N
EV-001722,keystone_bearing_and_drive,order_to_cash,customer_invoice,INV-60116,2025-09-11T15:58:00,system,payment_applied,open,paid,Portal,1.0,N
EV-001912,keystone_bearing_and_drive,order_to_cash,customer_invoice,INV-60355,2025-09-11T16:20:00,system,payment_applied,open,paid,Lockbox,1.0,N
EV-001252,keystone_bearing_and_drive,order_to_cash,customer_invoice,INV-60117,2025-09-11T17:30:00,E002,invoice_issued,,open,INV-60117.pdf,1.0,N 
EV-001833,keystone_bearing_and_drive,order_to_cash,customer_invoice,INV-60253,2025-09-12T07:09:00,system,payment_applied,open,paid,Lockbox,1.0,N
EV-003037,keystone_bearing_and_drive,returns,rma,RMA-0022,2025-09-12T07:47:00,E018,rma_approved,requested,approved,INV-60460,1.0,N
EV-000132,keystone_bearing_and_drive,quote_to_order,sales_order,SO-26012,2025-09-12T08:18:00,E018,order_entered,,open,customer_po_P725502,0.9,N
EV-002698,keystone_bearing_and_drive,procure_to_pay,supplier_invoice,SI5134844,2025-09-12T09:33:00,E002,invoice_matched,received,paid ,SI5134844,1.0,N
EV-000434,keystone_bearing_and_drive,quote_to_order ,sales_order,SO-26309,2025-09-12T09:43:00,E024,order_entered,,open,customer_po_PO710832,0.9,N
EV-000115,keystone_bearing_and_drive,quote_to_order,quote,Q-26115,2025-09-12T10:46:00,E014,quote_sent,draft,sent,Q-26115.pdf,1.0,N
EV-001987,keystone_bearing_and_drive,order_to_cash,customer_invoice,INV-60447,2025-09-12T11:03:00,system,payment_applied,open ,paid,Portal,1.0,N
EV-001140,keystone_bearing_and_drive,order_to_cash,customer_invoice,INV-60005,2025-09-12T11:43:00,E002,invoice_issued,,open,INV-60005.pdf,1.0,N
EV-001205,keystone_bearing_and_drive,order_to_cash,customer_invoice,INV-60070,2025-09-12T13:48:00,E002,invoice_issued,,open ,INV-60070.pdf,1.0,N
EV-000718,keystone_bearing_and_drive,fulfillment,shipment,SH-50071,2025-09-12T14:07:00,E028,shipment_confirmed,picked,shipped,PS-SH-50071.pdf,1.0,N
EV-000653,keystone_bearing_and_drive,fulfillment,shipment,SH-50006,2025-09-12T15:38:00,E033,shipment_confirmed,picked,shipped,PS-SH-50006.pdf,1.0,N
EV-002036,keystone_bearing_and_drive,procure_to_pay,purchase_order,PO-31016,2025-09-12T15:47:00,E012,po_issued,draft,open,PO-31016.pdf,1.0,N
EV-000592,keystone_bearing_and_drive,quote_to_order,sales_order,SO-26465,2025-09-12T16:08:00,E016,order_entered,,open,customer_po_PO251407,0.9,N
EV-002977,keystone_bearing_and_drive,manufacturing,work_order,WO-70042,2025-09-12T16:21:00,E024,wo_released ,planned,released,MRP,1.0,N
EV-000163,keystone_bearing_and_drive,quote_to_order,sales_order,SO-26043,2025-09-13T07:03:00,E025,order_entered,,open,customer_po_P152593,0.9,Y
EV-002838,keystone_bearing_and_drive,procure_to_pay,supplier_invoice,INV5206160,2025-09-13T07:16:00,E002,invoice_matched,received,paid,INV5206160,1.0,N
EV-000002,keystone_bearing_and_drive,quote_to_order,quote,Q-26002,2025-09-13T08:12:00,E014,quote_sent,draft,sent,Q-26002.pdf,1.0,N
EV-000675,keystone_bearing_and_drive,fulfillment,shipment,SH-50028,2025-09-13T09:27:00,E037,shipment_confirmed,picked,shipped,PS-SH-50028.pdf,1.0,N
EV-002588,keystone_bearing_and_drive,procure_to_pay,receipt,RCV-40268,2025-09-13T09:37:00,E037,goods_received,open,received,PS184448,0.85,Y
EV-000164,keystone_bearing_and_drive,credit_control,sales_order,SO-26043,2025-09-13T10:23:00,E002,credit_hold_applied,open,credit_hold,credit_checks,1.0,N
EV-002868,keystone_bearing_and_drive,procure_to_pay,supplier_invoice,SI4823123,2025-09-13T11:34:00,E002,invoice_matched,received,paid,SI4823123,1.0,N 
EV-002407,keystone_bearing_and_drive,procure_to_pay,receipt,RCV-40087,2025-09-13T11:49:00,E034,goods_received,open,received,PS111062,0.85,Y
EV-001162,keystone_bearing_and_drive,order_to_cash,customer_invoice,INV-60027,2025-09-13T13:32:00,E002,invoice_issued,,open,INV-60027.pdf,1.0,N
EV-001104,keystone_bearing_and_drive,fulfillment,shipment ,SH-50457,2025-09-13T13:49:00,E028,shipment_confirmed,picked,shipped,PS-SH-50457.pdf,1.0,N
EV-001591,keystone_bearing_and_drive,order_to_cash,customer_invoice,INV-60456,2025-09-13T15:38:00,E002,invoice_issued,,open,INV-60456.pdf,1.0,N
EV-002949,keystone_bearing_and_drive,manufacturing,work_order,WO-70027,2025-09-13T16:05:00 ,E045,wo_closed,in_process,closed,COC-WO-70027.pdf,1.0,N
EV-002275,keystone_bearing_and_drive,procure_to_pay,purchase_order,PO-31255,2025-09-13T16:58:00,E012,po_issued,draft,open,PO-31255.pdf,1.0,N
EV-000320,keystone_bearing_and_drive,quote_to_order,sales_order,SO-26196,2025-09-14T08:56:00 ,E013,order_entered,,open,customer_po_4500611073,0.9,N
EV-001748,keystone_bearing_and_drive,order_to_cash,customer_invoice,INV-60149,2025-09-14T10:22:00,system,payment_applied,open,paid,Portal,1.0,N
EV-002569,keystone_bearing_and_drive,procure_to_pay,receipt,RCV-40249,2025-09-14T11:08:00,E032,goods_received,open,received,PS631255,0.85,Y
EV-000545,keystone_bearing_and_drive,quote_to_order,sales_order,SO-26418,2025-09-14T14:46:00,E025,order_entered,,open,customer_po_4500719021,1.0,N
EV-002594,keystone_bearing_and_drive,procure_to_pay,receipt,RCV-40274,2025-09-14T15:11:00,E030,goods_received,open,received,PS603641,1.0,N
EV-000259,keystone_bearing_and_drive,quote_to_order,sales_order,SO-26136,2025-09-14T17:06:00,E017,order_entered,,open,customer_po_4500161547,1.0,N
EV-002580,keystone_bearing_and_drive,procure_to_pay,receipt,RCV-40260,2025-09-14T17:42:00,E028,goods_received,open,received,PS885629,0.85,Y
EV-000879,keystone_bearing_and_drive,fulfillment,shipment,SH-50232,2025-09-15T07:58:00,E028,shipment_confirmed,picked,shipped,PS-SH-50232.pdf,1.0,N
EV-001068,keystone_bearing_and_drive,fulfillment,shipment ,SH-50421,2025-09-15T08:08:00,E027,shipment_confirmed,picked,shipped,PS-SH-50421.pdf,1.0,N
EV-002530,keystone_bearing_and_drive,procure_to_pay,receipt,RCV-40210,2025-09-15T08:44:00,E031,goods_received,open,received,PS270374,0.85,Y
EV-000625,keystone_bearing_and_drive,quote_to_order,sales_order,SO-26498,2025-09-15T08:52:00,E013,order_entered,,open,customer_po_P150254,1.0,N
EV-000382,keystone_bearing_and_drive,quote_to_order,sales_order,SO-26258,2025-09-15T09:52:00,E014,order_entered,,open,customer_po_PUR-834700,1.0,N
EV-001528 ,keystone_bearing_and_drive,order_to_cash,customer_invoice,INV-60393,2025-09-15T10:03:00,E002,invoice_issued,,open,INV-60393.pdf,1.0,N
EV-001555,keystone_bearing_and_drive,order_to_cash,customer_invoice,INV-60420,2025-09-15T10:10:00,E002,invoice_issued,,open,INV-60420.pdf,1.0,N
EV-001089,keystone_bearing_and_drive,fulfillment,shipment,SH-50442,2025-09-15T10:39:00,E034,shipment_confirmed,picked,shipped,PS-SH-50442.pdf,1.0,N
EV-001041,keystone_bearing_and_drive,fulfillment,shipment,SH-50394,2025-09-15T12:04:00,E026,shipment_confirmed,picked,shipped,PS-SH-50394.pdf,1.0,N
EV-001576,keystone_bearing_and_drive,order_to_cash,customer_invoice,INV-60441,2025-09-15T12:18:00,E002,invoice_issued,,open,INV-60441.pdf,1.0,N
EV-001366,keystone_bearing_and_drive,order_to_cash,customer_invoice,INV-60231,2025-09-15T12:30:00,E002,invoice_issued,,open,INV-60231.pdf,1.0,N
EV-001956,keystone_bearing_and_drive,order_to_cash,customer_invoice,INV-60410,2025-09-15T13:51:00,system,payment_applied,open,paid,Bank feed,1.0,N
EV-002167,keystone_bearing_and_drive,procure_to_pay,purchase_order,PO-31147,2025-09-15T14:56:00,E011,po_issued,draft,open,PO-31147.pdf ,1.0,N
EV-002375,keystone_bearing_and_drive,procure_to_pay,receipt,RCV-40055,2025-09-16T07:10:00,E036,goods_received,open,received,PS167066,0.85,Y
EV-002284,keystone_bearing_and_drive,procure_to_pay,purchase_order,PO-31264,2025-09-16T07:12:00,E011,po_issued,draft,open,PO-31264.pdf,1.0,N
EV-001212,keystone_bearing_and_drive,order_to_cash,customer_invoice,INV-60077,2025-09-16T10:47:00,E002,invoice_issued,,open,INV-60077.pdf,1.0,N
EV-001676,keystone_bearing_and_drive,order_to_cash,customer_invoice ,INV-60067,2025-09-16T11:26:00,system,payment_applied,open,paid,Lockbox,1.0,N
EV-001415,keystone_bearing_and_drive,order_to_cash,customer_invoice,INV-60280,2025-09-16T12:13:00,E002,invoice_issued,,open,INV-60280.pdf,1.0,N
EV-000928,keystone_bearing_and_drive,fulfillment,shipment,SH-50281,2025-09-16T12:24:00,E032,shipment_confirmed,picked,shipped,PS-SH-50281.pdf,1.0,N
EV-002858,keystone_bearing_and_drive,procure_to_pay,supplier_invoice,9750341,2025-09-16T14:14:00,E002,invoice_matched,received,paid,9750341 ,1.0,N
EV-002877,keystone_bearing_and_drive,procure_to_pay,supplier_invoice,93235474,2025-09-16T14:47:00,E002,invoice_matched,received,paid,93235474,1.0,N
EV-001998,keystone_bearing_and_drive ,order_to_cash,customer_invoice,INV-60459,2025-09-16T15:12:00,system,payment_applied,open,paid,Portal,1.0,N
EV-002204,keystone_bearing_and_drive,procure_to_pay,purchase_order,PO-31184,2025-09-16T17:03:00,E011,po_issued,draft,open,PO-31184.pdf,1.0,N
EV-000725,keystone_bearing_and_drive,fulfillment,shipment,SH-50078,2025-09-16T17:38:00,E036,shipment_confirmed,picked,shipped,PS-SH-50078.pdf,1.0,N
EV-002845,keystone_bearing_and_drive,procure_to_pay,supplier_invoice,93302649,2025-09-17T08:42:00,E002,invoice_matched,received,paid,93302649,1.0,N
EV-001558,keystone_bearing_and_drive,order_to_cash,customer_invoice,INV-60423,2025-09-17T15:19:00,E002,invoice_issued,,open,INV-60423.pdf,1.0,N
EV-001708,keystone_bearing_and_drive,order_to_cash,customer_invoice,INV-60101,2025-09-17T15:28:00,system,payment_applied,open,paid,Lockbox ,1.0,N
EV-001071,keystone_bearing_and_drive,fulfillment,shipment,SH-50424,2025-09-17T17:23:00,E029,shipment_confirmed,picked,shipped,PS-SH-50424.pdf,1.0,N
EV-002710,keystone_bearing_and_drive,procure_to_pay,supplier_invoice,SI2061471,2025-09-18T08:05:00,E002,invoice_matched,received,paid,SI2061471,1.0,N
EV-002696,keystone_bearing_and_drive,procure_to_pay,supplier_invoice,INV6468586,2025-09-18T11:22:00,E002,invoice_matched,received,paid,INV6468586,1.0,N
EV-002151,keystone_bearing_and_drive,procure_to_pay,purchase_order,PO-31131,2025-09-18T11:24:00,E012,po_issued,draft,open,PO-31131.pdf,1.0,N
EV-002869,keystone_bearing_and_drive,procure_to_pay,supplier_invoice,93923550,2025-09-18T11:32:00,E002,invoice_matched,received,paid,93923550,1.0,N
EV-002267,keystone_bearing_and_drive,procure_to_pay,purchase_order,PO-31247,2025-09-18T12:14:00,E011,po_issued,draft,open,PO-31247.pdf,1.0,N
EV-002093,keystone_bearing_and_drive,procure_to_pay,purchase_order,PO-31073,2025-09-18T12:50:00,E012,po_issued,draft,open,PO-31073.pdf,1.0,N
EV-001416,keystone_bearing_and_drive,order_to_cash,customer_invoice,INV-60281,2025-09-18T16:46:00,E002,invoice_issued,,open,INV-60281.pdf,1.0,N
EV-000929,keystone_bearing_and_drive,fulfillment,shipment,SH-50282,2025-09-18T16:50:00,E031,shipment_confirmed,picked,shipped,PS-SH-50282.pdf,1.0,N
EV-000885,keystone_bearing_and_drive,fulfillment,shipment,SH-50238,2025-09-19T07:07:00,E030,shipment_confirmed,picked,shipped,PS-SH-50238.pdf,1.0,N
EV-002883,keystone_bearing_and_drive,procure_to_pay,supplier_invoice,5040474,2025-09-19T08:00:00,E002,invoice_matched,received,paid,5040474,1.0,N
EV-000226,keystone_bearing_and_drive,quote_to_order,sales_order,SO-26104,2025-09-19T09:17:00,E013,order_entered,,open,customer_po_P532497,1.0,N
EV-002238,keystone_bearing_and_drive,procure_to_pay,purchase_order,PO-31218,2025-09-19T09:26:00,E012,po_issued,draft,open,PO-31218.pdf,1.0,N
EV-001410,keystone_bearing_and_drive,order_to_cash,customer_invoice,INV-60275,2025-09-19T10:24:00,E002,invoice_issued,,open,INV-60275.pdf,1.0,N
EV-002318,keystone_bearing_and_drive,procure_to_pay,purchase_order,PO-31298,2025-09-19T10:56:00,E011,po_issued,draft,open,PO-31298.pdf,1.0,N
EV-001898,keystone_bearing_and_drive,order_to_cash,customer_invoice,INV-60338,2025-09-19T11:17:00,system,payment_applied,open,paid,Bank feed,1.0,N
EV-001372,keystone_bearing_and_drive,order_to_cash,customer_invoice,INV-60237,2025-09-19T11:56:00,E002,invoice_issued,,open,INV-60237.pdf,1.0,N
EV-000647,keystone_bearing_and_drive,quote_to_order,sales_order,SO-26520 ,2025-09-19T17:30:00,E014,order_entered,,open,customer_po_PUR-606295,0.9,N
EV-000923,keystone_bearing_and_drive,fulfillment,shipment,SH-50276,2025-09-19T17:38:00,E031,shipment_confirmed,picked,shipped,PS-SH-50276.pdf,1.0,N
EV-002116,keystone_bearing_and_drive,procure_to_pay,purchase_order,PO-31096,2025-09-19T17:53:00,E012,po_issued,draft,open,PO-31096.pdf,1.0,N
EV-001967,keystone_bearing_and_drive,order_to_cash,customer_invoice,INV-60422,2025-09-20T08:40:00,system,payment_applied,open,paid,Lockbox,1.0,N
EV-001680,keystone_bearing_and_drive,order_to_cash,customer_invoice,INV-60071,2025-09-20T08:49:00,system,payment_applied,open ,paid,Portal,1.0,N
EV-000251,keystone_bearing_and_drive,quote_to_order,sales_order,SO-26128,2025-09-20T09:05:00,E014,order_entered,,open,customer_po_P951834,0.9,N
EV-002963,keystone_bearing_and_drive,manufacturing,work_order,WO-70034,2025-09-20T10:48:00,E045,wo_closed,in_process,closed,COC-WO-70034.pdf,1.0,N
EV-000142,keystone_bearing_and_drive,quote_to_order,sales_order,SO-26022,2025-09-20T11:37:00,E018,order_entered,,open,customer_po_4500794401,0.9,N
EV-002582,keystone_bearing_and_drive,procure_to_pay,receipt,RCV-40262,2025-09-20T12:34:00,E027,goods_received,open,received,PS239345,1.0,N
EV-003016,keystone_bearing_and_drive,returns,rma,RMA-0001,2025-09-20T14:58:00,E018,rma_approved,requested,approved,INV-60410,1.0,N
EV-002324,keystone_bearing_and_drive,procure_to_pay,receipt,RCV-40004,2025-09-20T15:45:00,E028,goods_received,open,received,PS620535,1.0,N
EV-001046,keystone_bearing_and_drive,fulfillment,shipment,SH-50399,2025-09-21T09:27:00,E038,shipment_confirmed,picked,shipped,PS-SH-50399.pdf,1.0,N
EV-000308,keystone_bearing_and_drive,quote_to_order,sales_order,SO-26184,2025-09-21T09:54:00,E017,order_entered,,open,customer_po_PUR-778174,0.9,N
EV-001533,keystone_bearing_and_drive,order_to_cash,customer_invoice,INV-60398,2025-09-21T12:12:00,E002,invoice_issued,,open,INV-60398.pdf,1.0,N
EV-003003,keystone_bearing_and_drive,manufacturing,work_order,WO-70057,2025-09-21T12:57:00,E012,wo_released,planned,released,MRP,1.0,N
EV-002044,keystone_bearing_and_drive,procure_to_pay,purchase_order,PO-31024,2025-09-21T15:18:00,E012,po_issued,draft,open,PO-31024.pdf,1.0,N
EV-001814,keystone_bearing_and_drive,order_to_cash,customer_invoice,INV-60232,2025-09-21T16:51:00,system,payment_applied,open,paid,Portal,1.0,N
EV-000450,keystone_bearing_and_drive,quote_to_order,sales_order,SO-26324,2025-09-21T17:02:00,E017,order_entered ,,open,customer_po_PO535505,0.9,N
EV-001783,keystone_bearing_and_drive,order_to_cash,customer_invoice,INV-60194,2025-09-22T09:03:00,system,payment_applied,open,paid,Lockbox,1.0,N
EV-000330,keystone_bearing_and_drive,quote_to_order,sales_order ,SO-26206,2025-09-22T10:12:00,E016,order_entered,,open,customer_po_4500203459,1.0,N
EV-002664,keystone_bearing_and_drive,procure_to_pay,supplier_invoice,SI2123422,2025-09-22T10:14:00,E002,match_exception,received,paid,SI2123422,0.7,Y
EV-001882,keystone_bearing_and_drive,order_to_cash,customer_invoice,INV-60318,2025-09-22T13:50:00,system,payment_applied,open,paid,Portal,1.0,N
EV-002086,keystone_bearing_and_drive,procure_to_pay,purchase_order,PO-31066,2025-09-22T17:21:00,E011,po_issued,draft,open,PO-31066.pdf,1.0,N
EV-001678,keystone_bearing_and_drive,order_to_cash,customer_invoice,INV-60069,2025-09-23T08:40:00,system,payment_applied,open,paid,Lockbox,1.0,N
EV-002953,keystone_bearing_and_drive,manufacturing,work_order,WO-70029,2025-09-23T09:07:00,E045,wo_closed,in_process,closed,COC-WO-70029.pdf,1.0,N
EV-000032,keystone_bearing_and_drive,quote_to_order,quote,Q-26032,2025-09-23T09:53:00,E019,quote_sent,draft,sent,Q-26032.pdf,1.0,N
EV-000568,keystone_bearing_and_drive,quote_to_order,sales_order,SO-26441,2025-09-23T10:24:00,E014,order_entered,,open,customer_po_PO824587,1.0,N
EV-000627,keystone_bearing_and_drive,quote_to_order,sales_order,SO-26500,2025-09-23T11:29:00,E016,order_entered,,open,customer_po_PO559787,0.9,N
EV-001327,keystone_bearing_and_drive,order_to_cash,customer_invoice,INV-60192,2025-09-23T17:08:00,E002,invoice_issued,,open,INV-60192.pdf,1.0,N
EV-002315,keystone_bearing_and_drive,procure_to_pay,purchase_order,PO-31295,2025-09-23T17:48:00,E012 ,po_issued,draft,open,PO-31295.pdf,1.0,N
EV-000840,keystone_bearing_and_drive,fulfillment,shipment,SH-50193,2025-09-23T17:53:00,E027,shipment_confirmed,picked,shipped,PS-SH-50193.pdf,1.0,N
EV-002216,keystone_bearing_and_drive,procure_to_pay,purchase_order,PO-31196,2025-09-24T10:21:00,E012,po_issued,draft,open,PO-31196.pdf ,1.0,N
EV-000309,keystone_bearing_and_drive,quote_to_order,sales_order,SO-26185,2025-09-24T11:10:00,E013,order_entered,,open,customer_po_PO151461,1.0,N
EV-001874,keystone_bearing_and_drive,order_to_cash,customer_invoice,INV-60308,2025-09-24T11:22:00,system,payment_applied,open,paid,Portal,1.0,N
EV-000391 ,keystone_bearing_and_drive,quote_to_order,sales_order,SO-26267,2025-09-24T11:45:00,E024,order_entered,,open,customer_po_PUR-454824,0.9,N
EV-000916,keystone_bearing_and_drive,fulfillment,shipment,SH-50269,2025-09-24T14:17:00,E039,shipment_confirmed,picked,shipped,PS-SH-50269.pdf,1.0,N
EV-002392,keystone_bearing_and_drive,procure_to_pay,receipt,RCV-40072,2025-09-24T14:26:00,E038,goods_received,open,received,PS246058,1.0,N
EV-001403,keystone_bearing_and_drive,order_to_cash,customer_invoice,INV-60268,2025-09-24T15:14:00,E002,invoice_issued,,open,INV-60268.pdf,1.0,N
EV-001808,keystone_bearing_and_drive,order_to_cash,customer_invoice,INV-60226,2025-09-24T15:19:00 ,system,payment_applied,open,paid,Bank feed,1.0,N
EV-001129,keystone_bearing_and_drive,fulfillment,shipment,SH-50482,2025-09-24T15:49:00,E030,shipment_confirmed,picked,shipped,PS-SH-50482.pdf,1.0,N
EV-001616,keystone_bearing_and_drive,order_to_cash,customer_invoice,INV-60481,2025-09-24T16:27:00,E002,invoice_issued,,open,INV-60481.pdf,1.0,N
EV-001705,keystone_bearing_and_drive,order_to_cash,customer_invoice,INV-60098,2025-09-25T07:06:00,system,payment_applied,open,paid,Portal,1.0,N
EV-001629,keystone_bearing_and_drive,order_to_cash,customer_invoice,INV-60009,2025-09-25T08:08:00,system,payment_applied,open,paid,Lockbox,1.0,N
EV-002465,keystone_bearing_and_drive,procure_to_pay,receipt,RCV-40145,2025-09-25T08:33:00,E037,goods_received,open,received,PS627620,0.85,Y
EV-000786,keystone_bearing_and_drive,fulfillment,shipment,SH-50139,2025-09-25T11:37:00,E029,shipment_confirmed,picked,shipped,PS-SH-50139.pdf,1.0,N
EV-001879,keystone_bearing_and_drive,order_to_cash,customer_invoice,INV-60313,2025-09-25T12:00:00,system,payment_applied,open,paid,Email remittance,0.95,N
EV-001799,keystone_bearing_and_drive,order_to_cash,customer_invoice,INV-60214,2025-09-25T12:14:00,system,payment_applied,open,paid,Email remittance,0.95,N
EV-001999,keystone_bearing_and_drive,order_to_cash,customer_invoice,INV-60460,2025-09-25T12:31:00,system,payment_applied,open,paid,Lockbox,1.0,N
EV-001273,keystone_bearing_and_drive,order_to_cash,customer_invoice,INV-60138,2025-09-25T14:07:00,E002,invoice_issued,,open,INV-60138.pdf,1.0,N
EV-001818,keystone_bearing_and_drive,order_to_cash,customer_invoice,INV-60237,2025-09-25T15:50:00,system,payment_applied,open,paid,Portal,1.0,N
EV-002819,keystone_bearing_and_drive,procure_to_pay,supplier_invoice,9127562,2025-09-26T08:59:00,E002,invoice_matched,received,paid,9127562,1.0,N
EV-001040,keystone_bearing_and_drive,fulfillment,shipment,SH-50393,2025-09-26T12:58:00,E037,shipment_confirmed,picked,shipped,PS-SH-50393.pdf,1.0,N
EV-000580,keystone_bearing_and_drive,quote_to_order,sales_order,SO-26453,2025-09-26T13:02:00,E013,order_entered,,open,customer_po_PUR-600506,1.0,N
EV-000572,keystone_bearing_and_drive,quote_to_order,sales_order,SO-26445,2025-09-26T13:13:00,E013,order_entered,,open,customer_po_P663444,1.0,N
EV-001835,keystone_bearing_and_drive,order_to_cash,customer_invoice,INV-60256,2025-09-26T15:38:00,system,payment_applied,open,paid,Bank feed,1.0,N
EV-001527,keystone_bearing_and_drive,order_to_cash,customer_invoice,INV-60392,2025-09-26T16:55:00,E002,invoice_issued,,open,INV-60392.pdf,1.0,N
EV-000392,keystone_bearing_and_drive,quote_to_order,sales_order,SO-26268,2025-09-27T08:25:00,E016,order_entered,,open,customer_po_PUR-300732,1.0,N
EV-002925,keystone_bearing_and_drive,manufacturing,work_order,WO-70015,2025-09-27T09:07:00,E007,wo_released,planned,released,MRP,1.0,N
EV-000449,keystone_bearing_and_drive,quote_to_order,sales_order,SO-26323,2025-09-27T10:45:00,E016,order_entered,,open,customer_po_PO708002,1.0,N
EV-002613,keystone_bearing_and_drive ,procure_to_pay,supplier_invoice,INV4465502,2025-09-27T12:21:00,E002,match_exception,received,paid,INV4465502,0.7,Y
EV-000532,keystone_bearing_and_drive,quote_to_order,sales_order,SO-26405,2025-09-27T12:36:00,E014 ,order_entered,,open,customer_po_PO522790,0.9,N
EV-002280,keystone_bearing_and_drive,procure_to_pay,purchase_order,PO-31260,2025-09-27T14:35:00,E012,po_issued,draft,open,PO-31260.pdf,1.0,N
EV-002567,keystone_bearing_and_drive,procure_to_pay,receipt,RCV-40247,2025-09-27T16:44:00,E039,goods_received,open,received,PS844585,0.85,Y
EV-001803,keystone_bearing_and_drive,order_to_cash,customer_invoice ,INV-60220,2025-09-27T16:51:00,system,payment_applied,open,paid,Portal,1.0,N
EV-000058,keystone_bearing_and_drive,quote_to_order,quote,Q-26058,2025-09-27T17:50:00,E023,quote_sent,draft,sent,Q-26058.pdf,1.0,N
EV-002272,keystone_bearing_and_drive,procure_to_pay,purchase_order,PO-31252,2025-09-28T08:08:00,E011,po_issued,draft,open,PO-31252.pdf,1.0,N
EV-001572,keystone_bearing_and_drive,order_to_cash,customer_invoice,INV-60437,2025-09-28T12:20:00,E002,invoice_issued,,open,INV-60437.pdf,1.0,N
EV-000186,keystone_bearing_and_drive,quote_to_order,sales_order,SO-26064,2025-09-28T15:38:00,E014,order_entered,,open,customer_po_PO596093,0.9,N
EV-001085,keystone_bearing_and_drive,fulfillment,shipment,SH-50438,2025-09-28T15:57:00,E037,shipment_confirmed,picked,shipped,PS-SH-50438.pdf,1.0,N
EV-002170,keystone_bearing_and_drive,procure_to_pay ,purchase_order,PO-31150,2025-09-28T17:07:00,E011,po_issued,draft,open,PO-31150.pdf,1.0,N
EV-000025,keystone_bearing_and_drive,quote_to_order,quote,Q-26025,2025-09-29T11:28:00,E019,quote_sent,draft,sent,Q-26025.pdf,1.0,N
EV-001904,keystone_bearing_and_drive,order_to_cash,customer_invoice,INV-60345,2025-09-29T12:32:00,system,payment_applied,open,paid,Lockbox,1.0,N
EV-002507,keystone_bearing_and_drive,procure_to_pay,receipt,RCV-40187,2025-09-29T13:28:00,E036,goods_received,open,received,PS363628,1.0,N
EV-002754,keystone_bearing_and_drive,procure_to_pay,supplier_invoice,INV5198809,2025-09-29T13:35:00,E002,invoice_matched,received,paid,INV5198809,1.0,N
EV-000280,keystone_bearing_and_drive,quote_to_order,sales_order,SO-26156,2025-09-29T14:14:00,E015 ,order_entered,,open,customer_po_PUR-638128,0.9,N
EV-002266,keystone_bearing_and_drive,procure_to_pay,purchase_order,PO-31246,2025-09-29T15:16:00,E012,po_issued,draft,open,PO-31246.pdf,1.0,N
EV-001625,keystone_bearing_and_drive,order_to_cash,customer_invoice,INV-60005 ,2025-09-29T15:18:00,system,payment_applied,open,paid,Portal,1.0,N
EV-001310,keystone_bearing_and_drive,order_to_cash,customer_invoice,INV-60175,2025-09-29T16:30:00,E002,invoice_issued,,open,INV-60175.pdf,1.0,N
EV-000823,keystone_bearing_and_drive,fulfillment,shipment,SH-50176,2025-09-29T17:51:00,E032,shipment_confirmed,picked,shipped,PS-SH-50176.pdf,1.0,N
EV-002344,keystone_bearing_and_drive,procure_to_pay,receipt,RCV-40024,2025-09-30T08:40:00,E034,goods_received,open,received,PS646356,1.0,N
EV-000484,keystone_bearing_and_drive ,quote_to_order,sales_order,SO-26358,2025-09-30T08:57:00,E013,order_entered,,open,customer_po_4500523788,0.9,N
EV-000079,keystone_bearing_and_drive,quote_to_order,quote,Q-26079,2025-09-30T10:15:00,E016,quote_sent,draft,sent,Q-26079.pdf,1.0,N
EV-000262,keystone_bearing_and_drive,quote_to_order,sales_order,SO-26139,2025-09-30T13:19:00,E018,order_entered,,open,customer_po_PO981461,0.9,N
EV-002191,keystone_bearing_and_drive,procure_to_pay,purchase_order,PO-31171,2025-09-30T14:53:00,E011,po_issued,draft,open,PO-31171.pdf,1.0,N
EV-000632,keystone_bearing_and_drive,quote_to_order,sales_order,SO-26505,2025-09-30T15:11:00,E018,order_entered,,open,customer_po_4500745159,1.0,N
EV-002513,keystone_bearing_and_drive,procure_to_pay,receipt,RCV-40193,2025-10-01T07:12:00,E038,goods_received,open,received,PS829451,1.0,N
EV-000400,keystone_bearing_and_drive,quote_to_order,sales_order,SO-26276,2025-10-01T11:32:00,E018,order_entered,,open,customer_po_P384440,0.9,N
EV-002454,keystone_bearing_and_drive,procure_to_pay,receipt,RCV-40134,2025-10-01T12:47:00,E028,goods_received,open,received,PS653583,1.0,N
EV-002500,keystone_bearing_and_drive,procure_to_pay,receipt,RCV-40180,2025-10-01T16:32:00,E031,goods_received,open,received,PS554186,1.0,N
EV-003036,keystone_bearing_and_drive,returns,rma,RMA-0021,2025-10-01T16:56:00,E017,rma_approved,requested,approved,INV-60087,1.0,N
EV-002871,keystone_bearing_and_drive,procure_to_pay,supplier_invoice,97519776,2025-10-01T17:19:00,E002,invoice_matched,received,paid,97519776,1.0,N
EV-000446,keystone_bearing_and_drive,quote_to_order,sales_order,SO-26320,2025-10-02T10:03:00,E025,order_entered,,open,customer_po_P829593,1.0,N
EV-000031,keystone_bearing_and_drive,quote_to_order,quote,Q-26031,2025-10-02T10:39:00,E017,quote_sent,draft,sent,Q-26031.pdf,1.0,N
EV-000180,keystone_bearing_and_drive,quote_to_order,sales_order,SO-26058,2025-10-02T10:57:00,E014,order_entered,,open,customer_po_PO431035,1.0,N
EV-000526,keystone_bearing_and_drive,quote_to_order,sales_order,SO-26399,2025-10-02T11:00:00,E015 ,order_entered,,open,customer_po_P141181,0.9,N
EV-000738,keystone_bearing_and_drive,fulfillment,shipment,SH-50091,2025-10-02T13:00:00,E037,shipment_confirmed,picked,shipped ,PS-SH-50091.pdf,1.0,N
EV-000621,keystone_bearing_and_drive,quote_to_order,sales_order,SO-26494 ,2025-10-02T13:20:00,E013,order_entered,,open,customer_po_P853436,0.9,N
EV-001264,keystone_bearing_and_drive,order_to_cash,customer_invoice,INV-60129,2025-10-02T13:36:00,E002,invoice_issued,,open,INV-60129.pdf,1.0,N
EV-001225 ,keystone_bearing_and_drive ,order_to_cash,customer_invoice,INV-60090,2025-10-02T14:17:00,E002,invoice_issued,,open,INV-60090.pdf,1.0,N
EV-002196,keystone_bearing_and_drive,procure_to_pay,purchase_order,PO-31176,2025-10-02T14:35:00,E012,po_issued,draft,open,PO-31176.pdf,1.0,N
EV-000198,keystone_bearing_and_drive,quote_to_order,sales_order,SO-26076,2025-10-02T15:56:00,E025,order_entered,,open,customer_po_P801489,1.0,N
EV-000777,keystone_bearing_and_drive,fulfillment,shipment,SH-50130,2025-10-02T16:07:00,E026,shipment_confirmed,picked,shipped,PS-SH-50130.pdf,1.0,N
EV-001128,keystone_bearing_and_drive,fulfillment,shipment,SH-50481,2025-10-03T07:53:00,E034,shipment_confirmed,picked,shipped,PS-SH-50481.pdf,1.0,N
EV-000635,keystone_bearing_and_drive,quote_to_order,sales_order,SO-26508,2025-10-03T09:01:00,E018,order_entered,,open ,customer_po_P467547,0.9,N
EV-000919,keystone_bearing_and_drive,fulfillment,shipment,SH-50272,2025-10-03T10:25:00,E032,shipment_confirmed,picked,shipped,PS-SH-50272.pdf,1.0,N
EV-000692,keystone_bearing_and_drive,fulfillment,shipment,SH-50045,2025-10-03T10:28:00,E034,shipment_confirmed,picked,shipped,PS-SH-50045.pdf,1.0,N
EV-002856,keystone_bearing_and_drive,procure_to_pay,supplier_invoice,9759450,2025-10-03T11:47:00,E002,invoice_matched,received,paid,9759450,1.0,N
EV-001406,keystone_bearing_and_drive,order_to_cash,customer_invoice,INV-60271,2025-10-03T12:44:00,E002,invoice_issued,,open,INV-60271.pdf,1.0,N
EV-000323,keystone_bearing_and_drive,quote_to_order,sales_order,SO-26199,2025-10-03T14:23:00,E024,order_entered,,open,customer_po_P357692,0.9,N
EV-001665,keystone_bearing_and_drive,order_to_cash,customer_invoice,INV-60052,2025-10-03T15:25:00,system,payment_applied,open,paid,Portal,1.0,N
EV-001615,keystone_bearing_and_drive ,order_to_cash,customer_invoice,INV-60480,2025-10-03T15:52:00,E002,invoice_issued,,open,INV-60480.pdf,1.0,N
EV-000941,keystone_bearing_and_drive,fulfillment,shipment,SH-50294,2025-10-03T15:53:00,E031 ,shipment_confirmed ,picked,shipped,PS-SH-50294.pdf,1.0,N
EV-001654,keystone_bearing_and_drive,order_to_cash,customer_invoice,INV-60039,2025-10-03T16:58:00 ,system,payment_applied,open,paid,Bank feed,1.0,N
EV-001179,keystone_bearing_and_drive,order_to_cash,customer_invoice,INV-60044,2025-10-03T17:30:00,E002,invoice_issued ,,open,INV-60044.pdf,1.0,N
EV-001428,keystone_bearing_and_drive,order_to_cash ,customer_invoice,INV-60293,2025-10-03T17:56:00,E002,invoice_issued,,open,INV-60293.pdf,1.0,N
EV-000399,keystone_bearing_and_drive,quote_to_order,sales_order,SO-26275,2025-10-04T07:08:00,E025,order_entered,,open,customer_po_P300464,0.9,N
EV-000135,keystone_bearing_and_drive,quote_to_order,sales_order,SO-26015,2025-10-04T07:24:00,E013,order_entered,,open,customer_po_PO306977,1.0,N
EV-002046,keystone_bearing_and_drive,procure_to_pay,purchase_order,PO-31026,2025-10-04T07:51:00,E011,po_issued,draft,open,PO-31026.pdf,1.0,N
EV-002681,keystone_bearing_and_drive,procure_to_pay,supplier_invoice ,SI1658736,2025-10-04T10:39:00,E002,invoice_matched,received,paid,SI1658736,1.0,N
EV-001168,keystone_bearing_and_drive,order_to_cash,customer_invoice,INV-60033,2025-10-04T11:11:00,E002,invoice_issued,,open,INV-60033.pdf,1.0,N
EV-001116,keystone_bearing_and_drive,fulfillment,shipment,SH-50469,2025-10-04T13:15:00,E037,shipment_confirmed,picked,shipped,PS-SH-50469.pdf,1.0,N
EV-000496,keystone_bearing_and_drive,quote_to_order,sales_order,SO-26370,2025-10-04T13:34:00,E015,order_entered,,open,customer_po_P531647,0.9,N
EV-001603,keystone_bearing_and_drive,order_to_cash,customer_invoice,INV-60468,2025-10-04T15:38:00,E002,invoice_issued,,open,INV-60468.pdf,1.0,N
EV-000681,keystone_bearing_and_drive,fulfillment,shipment,SH-50034,2025-10-04T16:21:00,E032,shipment_confirmed,picked,shipped,PS-SH-50034.pdf,1.0,N
EV-001848,keystone_bearing_and_drive,order_to_cash,customer_invoice,INV-60275,2025-10-04T16:36:00,system,payment_applied ,open,paid,Bank feed,1.0,N
EV-002913,keystone_bearing_and_drive,manufacturing,work_order,WO-70009,2025-10-05T08:11:00,E030,wo_released,planned,released,MRP,1.0,N
EV-001546,keystone_bearing_and_drive,order_to_cash,customer_invoice,INV-60411,2025-10-05T10:52:00,E002,invoice_issued,,open,INV-60411.pdf,1.0,N
EV-001059,keystone_bearing_and_drive,fulfillment,shipment,SH-50412,2025-10-05T12:27:00,E036,shipment_confirmed,picked,shipped,PS-SH-50412.pdf,1.0,N
EV-001648,keystone_bearing_and_drive,order_to_cash,customer_invoice,INV-60030,2025-10-05T15:22:00,system,payment_applied,open,paid,Bank feed,1.0,N
EV-000214,keystone_bearing_and_drive,quote_to_order,sales_order,SO-26092,2025-10-05T15:40:00,E016,order_entered,,open,customer_po_4500551851,0.9,N
EV-001840,keystone_bearing_and_drive,order_to_cash,customer_invoice,INV-60262,2025-10-06T07:13:00,system,payment_applied,open,paid,Bank feed,1.0,N
EV-002796 ,keystone_bearing_and_drive,procure_to_pay,supplier_invoice,SI8506966,2025-10-06T07:55:00,E002,invoice_matched,received,paid,SI8506966,1.0,N
EV-000239,keystone_bearing_and_drive,quote_to_order,sales_order ,SO-26116,2025-10-06T11:05:00,E016,order_entered,,open,customer_po_4500282108,0.9,N
EV-000267,keystone_bearing_and_drive,quote_to_order,sales_order,SO-26144,2025-10-06T11:24:00,E025,order_entered,,open,customer_po_P316394,0.9,N
EV-000527,keystone_bearing_and_drive,quote_to_order ,sales_order,SO-26400,2025-10-06T13:04:00,E025,order_entered,,open,customer_po_4500962815,1.0,N
EV-001630,keystone_bearing_and_drive,order_to_cash,customer_invoice,INV-60010,2025-10-06T16:04:00,system,payment_applied,open,paid,Email remittance,0.95,N
EV-001737,keystone_bearing_and_drive,order_to_cash,customer_invoice,INV-60137,2025-10-06T16:49:00,system,payment_applied,open,paid,Lockbox,1.0,N
EV-000689,keystone_bearing_and_drive,fulfillment,shipment,SH-50042,2025-10-07T07:32:00,E032,shipment_confirmed,picked,shipped,PS-SH-50042.pdf,1.0,N
EV-001322,keystone_bearing_and_drive,order_to_cash,customer_invoice,INV-60187,2025-10-07T07:40:00,E002,invoice_issued,,open,INV-60187.pdf,1.0,N
EV-002384,keystone_bearing_and_drive,procure_to_pay,receipt,RCV-40064,2025-10-07T08:08:00,E033,goods_received,open,received,PS956100,1.0,N
EV-001176,keystone_bearing_and_drive,order_to_cash,customer_invoice,INV-60041,2025-10-07T08:39:00,E002,invoice_issued,,open,INV-60041.pdf,1.0,N
EV-000835,keystone_bearing_and_drive,fulfillment,shipment,SH-50188,2025-10-07T09:25:00,E038,shipment_confirmed,picked,shipped,PS-SH-50188.pdf ,1.0,N
EV-002073,keystone_bearing_and_drive,procure_to_pay,purchase_order,PO-31053,2025-10-07T12:04:00,E012,po_issued,draft,open,PO-31053.pdf,1.0,N
EV-002386,keystone_bearing_and_drive,procure_to_pay,receipt,RCV-40066,2025-10-07T12:58:00,E028,goods_received,open,received,PS440932,0.85,Y
EV-002789,keystone_bearing_and_drive,procure_to_pay,supplier_invoice,96163998,2025-10-07T13:20:00,E002,invoice_matched,received,paid,96163998,1.0,N
EV-001146 ,keystone_bearing_and_drive ,order_to_cash,customer_invoice,INV-60011,2025-10-07T15:50:00 ,E002,invoice_issued,,open,INV-60011.pdf,1.0,N
EV-002505,keystone_bearing_and_drive,procure_to_pay,receipt,RCV-40185,2025-10-07T15:55:00,E037,goods_received,open,received,PS103622,0.85,Y
EV-000659,keystone_bearing_and_drive,fulfillment,shipment,SH-50012,2025-10-07T15:56:00,E036,shipment_confirmed,picked,shipped,PS-SH-50012.pdf,1.0,N
EV-002171 ,keystone_bearing_and_drive,procure_to_pay,purchase_order,PO-31151,2025-10-07T17:08:00,E012,po_issued,draft,open,PO-31151.pdf,1.0,N
EV-002926,keystone_bearing_and_drive,manufacturing,work_order,WO-70015,2025-10-08T07:09:00,E045,wo_closed,in_process,closed ,COC-WO-70015.pdf,1.0,N
EV-002533,keystone_bearing_and_drive,procure_to_pay,receipt,RCV-40213,2025-10-08T07:11:00,E037,goods_received,open,received,PS804847,0.85,Y
EV-002802,keystone_bearing_and_drive,procure_to_pay,supplier_invoice,INV8696889,2025-10-08T09:02:00,E002,invoice_matched,received,paid,INV8696889,1.0,N
EV-003014,keystone_bearing_and_drive,quality,ncr,NCR-0004,2025-10-08T09:08:00,E045,ncr_opened,,open,WO-70015,1.0,Y
EV-002455,keystone_bearing_and_drive,procure_to_pay,receipt,RCV-40135,2025-10-08T12:56:00,E036,goods_received,open,received,PS493560,0.85,Y
EV-001786,keystone_bearing_and_drive,order_to_cash,customer_invoice,INV-60198,2025-10-08T13:29:00,system,payment_applied,open,paid,Bank feed,1.0,N
EV-002743,keystone_bearing_and_drive,procure_to_pay,supplier_invoice,SI3436835,2025-10-08T14:10:00,E002,invoice_matched,received,paid,SI3436835 ,1.0,N
EV-001623,keystone_bearing_and_drive,order_to_cash,customer_invoice,INV-60001,2025-10-08T15:18:00,system,payment_applied,open,paid,Bank feed,1.0,N
EV-000380,keystone_bearing_and_drive,quote_to_order,sales_order,SO-26256,2025-10-08T15:29:00,E014,order_entered,,open,customer_po_PO769323,0.9,N
EV-000687,keystone_bearing_and_drive,fulfillment,shipment,SH-50040,2025-10-09T08:00:00,E030,shipment_confirmed,picked,shipped,PS-SH-50040.pdf,1.0,N
EV-002187,keystone_bearing_and_drive,procure_to_pay,purchase_order,PO-31167,2025-10-09T08:37:00,E012,po_issued,draft,open,PO-31167.pdf,1.0,N
EV-002633,keystone_bearing_and_drive,procure_to_pay,supplier_invoice,93769357 ,2025-10-09T09:15:00,E002,invoice_matched,received,paid,93769357,1.0,N
EV-002899 ,keystone_bearing_and_drive,manufacturing,work_order,WO-70001,2025-10-09T09:53:00,E020,wo_released,planned,released,MRP,1.0,N
EV-001561,keystone_bearing_and_drive,order_to_cash,customer_invoice,INV-60426,2025-10-09T10:24:00,E002,invoice_issued,,open,INV-60426.pdf,1.0,N
EV-002226,keystone_bearing_and_drive,procure_to_pay,purchase_order,PO-31206,2025-10-09T11:09:00,E011,po_issued,draft,open,PO-31206.pdf,1.0,N
EV-001074,keystone_bearing_and_drive,fulfillment,shipment,SH-50427,2025-10-09T12:25:00 ,E028,shipment_confirmed,picked,shipped,PS-SH-50427.pdf,1.0,N
EV-002493,keystone_bearing_and_drive,procure_to_pay,receipt,RCV-40173,2025-10-09T15:40:00,E033,goods_received,open,received,PS931814,1.0,N
EV-001174,keystone_bearing_and_drive,order_to_cash,customer_invoice,INV-60039,2025-10-09T16:53:00,E002,invoice_issued,,open,INV-60039.pdf,1.0,N
EV-001953,keystone_bearing_and_drive,order_to_cash,customer_invoice,INV-60406,2025-10-10T10:44:00,system,payment_applied,open,paid,Email remittance,0.95,N
EV-001378,keystone_bearing_and_drive,order_to_cash,customer_invoice,INV-60243,2025-10-10T12:14:00,E002,invoice_issued,,open,INV-60243.pdf,1.0,N
EV-000891,keystone_bearing_and_drive,fulfillment,shipment,SH-50244,2025-10-10T12:53:00,E027,shipment_confirmed ,picked,shipped,PS-SH-50244.pdf,1.0,N
EV-002675,keystone_bearing_and_drive,procure_to_pay,supplier_invoice,SI9802172,2025-10-10T15:51:00,E002,invoice_matched,received,paid,SI9802172,1.0,N
EV-000197,keystone_bearing_and_drive,quote_to_order,sales_order,SO-26075,2025-10-10T16:59:00,E014,order_entered,,open,customer_po_P815855 ,0.9,N
EV-002221,keystone_bearing_and_drive,procure_to_pay ,purchase_order,PO-31201,2025-10-11T09:46:00,E011,po_issued,draft,open,PO-31201.pdf,1.0,N
EV-002370,keystone_bearing_and_drive,procure_to_pay,receipt,RCV-40050,2025-10-11T10:50:00,E034,goods_received,open,received,PS356496,1.0,N
EV-000286,keystone_bearing_and_drive,quote_to_order,sales_order,SO-26162,2025-10-11T12:12:00,E014,order_entered,,open,customer_po_P126956,0.9,N
EV-002042,keystone_bearing_and_drive,procure_to_pay,purchase_order,PO-31022,2025-10-11T14:18:00,E011,po_issued,draft,open,PO-31022.pdf,1.0,N
EV-001709,keystone_bearing_and_drive,order_to_cash,customer_invoice,INV-60102,2025-10-11T16:07:00,system,payment_applied,open,paid,Lockbox,1.0,N
EV-002387,keystone_bearing_and_drive,procure_to_pay,receipt,RCV-40067,2025-10-11T17:54:00,E031,goods_received,open,received,PS215318,0.85,Y
EV-001135,keystone_bearing_and_drive,fulfillment,shipment,SH-50488,2025-10-12T07:47:00,E028,shipment_confirmed,picked,shipped,PS-SH-50488.pdf,1.0,N
EV-002993,keystone_bearing_and_drive,manufacturing,work_order,WO-70052,2025-10-12T09:58:00,E009,wo_released,planned,released,MRP,1.0,N
EV-001245,keystone_bearing_and_drive,order_to_cash,customer_invoice,INV-60110,2025-10-12T10:23:00,E002,invoice_issued,,open,INV-60110.pdf,1.0,N
EV-001622,keystone_bearing_and_drive,order_to_cash,customer_invoice,INV-60487,2025-10-12T11:05:00,E002,invoice_issued,,open,INV-60487.pdf,1.0,N
EV-001442,keystone_bearing_and_drive,order_to_cash,customer_invoice,INV-60307,2025-10-12T11:32:00,E002,invoice_issued,,open,INV-60307.pdf,1.0,N
EV-002449,keystone_bearing_and_drive,procure_to_pay,receipt,RCV-40129,2025-10-12T13:31:00,E028,goods_received,open,received,PS936140,1.0,N
EV-001916,keystone_bearing_and_drive,order_to_cash,customer_invoice,INV-60360,2025-10-12T13:35:00,system,payment_applied,open,paid,Lockbox,1.0,N
EV-000529,keystone_bearing_and_drive,quote_to_order,sales_order,SO-26402,2025-10-12T14:18:00,E015,order_entered,,open,customer_po_P277672,1.0,N
EV-000758,keystone_bearing_and_drive,fulfillment,shipment,SH-50111,2025-10-12T14:26:00,E031,shipment_confirmed,picked,shipped,PS-SH-50111.pdf,1.0,N
EV-000101,keystone_bearing_and_drive,quote_to_order,quote,Q-26101,2025-10-12T14:47:00,E018,quote_sent,draft,sent,Q-26101.pdf,1.0,N
EV-002391,keystone_bearing_and_drive,procure_to_pay,receipt,RCV-40071,2025-10-12T15:20:00,E027,goods_received,open,received,PS897961,1.0,N
EV-000140,keystone_bearing_and_drive,quote_to_order,sales_order,SO-26020,2025-10-12T16:11:00,E024,order_entered,,open,customer_po_PUR-469305,1.0,N
EV-002414,keystone_bearing_and_drive,procure_to_pay,receipt,RCV-40094,2025-10-12T16:51:00 ,E034 ,goods_received,open,received,PS789891,1.0,N
EV-000955,keystone_bearing_and_drive,fulfillment,shipment,SH-50308,2025-10-12T17:15:00,E027 ,shipment_confirmed,picked,shipped,PS-SH-50308.pdf,1.0,N
EV-000704,keystone_bearing_and_drive,fulfillment,shipment,SH-50057,2025-10-13T07:06:00,E036,shipment_confirmed,picked,shipped,PS-SH-50057.pdf,1.0,N
EV-002010,keystone_bearing_and_drive,order_to_cash,customer_invoice,INV-60475,2025-10-13T07:53:00,system,payment_applied,open,paid,Bank feed,1.0,N
EV-002162,keystone_bearing_and_drive,procure_to_pay,purchase_order,PO-31142,2025-10-13T08:00:00,E011,po_issued,draft,open,PO-31142.pdf,1.0,N
EV-002489,keystone_bearing_and_drive,procure_to_pay,receipt,RCV-40169,2025-10-13T08:45:00,E030,goods_received,open,received,PS787048,0.85,Y
EV-003004,keystone_bearing_and_drive,manufacturing,work_order,WO-70057,2025-10-13T09:01:00,E045,wo_closed,in_process,closed,COC-WO-70057.pdf,1.0,N
EV-001191,keystone_bearing_and_drive,order_to_cash,customer_invoice,INV-60056,2025-10-13T09:34:00 ,E002,invoice_issued,,open,INV-60056.pdf,1.0,N
EV-002673,keystone_bearing_and_drive,procure_to_pay,supplier_invoice,6947904,2025-10-13T10:29:00,E002,invoice_matched,received,paid,6947904,1.0,N
EV-002142,keystone_bearing_and_drive,procure_to_pay,purchase_order,PO-31122,2025-10-13T11:16:00,E011,po_issued,draft,open,PO-31122.pdf,1.0,N
EV-002316,keystone_bearing_and_drive,procure_to_pay,purchase_order,PO-31296,2025-10-13T11:26:00,E012,po_issued,draft,open,PO-31296.pdf,1.0,N
EV-001745,keystone_bearing_and_drive,order_to_cash,customer_invoice,INV-60146,2025-10-13T13:42:00,system,payment_applied,open,paid,Lockbox,1.0,N
EV-000613,keystone_bearing_and_drive,quote_to_order,sales_order,SO-26486,2025-10-13T15:06:00,E016,order_entered,,open,customer_po_P155897,1.0,N
EV-002607,keystone_bearing_and_drive,procure_to_pay,receipt,RCV-40287,2025-10-13T15:09:00,E030,goods_received,open,received,PS207684,1.0,N
EV-000501,keystone_bearing_and_drive,quote_to_order,sales_order,SO-26375,2025-10-14T07:06:00,E016,order_entered,,open,customer_po_PO969464,0.9,N
EV-000343,keystone_bearing_and_drive,quote_to_order,sales_order,SO-26219,2025-10-14T08:02:00,E013,order_entered,,open,customer_po_PUR-725854,0.9,N
EV-001155,keystone_bearing_and_drive,order_to_cash,customer_invoice,INV-60020,2025-10-14T09:53:00,E002,invoice_issued,,open ,INV-60020.pdf,1.0,N
EV-001114,keystone_bearing_and_drive,fulfillment,shipment,SH-50467,2025-10-14T10:13:00,E033,shipment_confirmed,picked,shipped,PS-SH-50467.pdf,1.0,N
EV-001647,keystone_bearing_and_drive,order_to_cash,customer_invoice,INV-60029,2025-10-14T11:01:00,system,payment_applied,open,paid,Email remittance,0.95,N
EV-002778,keystone_bearing_and_drive,procure_to_pay,supplier_invoice,91503695,2025-10-14T11:16:00,E002,invoice_matched,received,paid,91503695,1.0,N
EV-000668,keystone_bearing_and_drive,fulfillment,shipment,SH-50021,2025-10-14T11:36:00,E027,shipment_confirmed,picked,shipped,PS-SH-50021.pdf,1.0,N
EV-001601,keystone_bearing_and_drive,order_to_cash,customer_invoice,INV-60466,2025-10-14T13:45:00,E002,invoice_issued,,open,INV-60466.pdf,1.0,N
EV-002484,keystone_bearing_and_drive,procure_to_pay,receipt,RCV-40164,2025-10-15T08:31:00 ,E035,goods_received,open,received,PS530220,0.85,Y
EV-002029,keystone_bearing_and_drive,procure_to_pay,purchase_order,PO-31009,2025-10-15T12:11:00,E012,po_issued,draft,open,PO-31009.pdf,1.0,N
EV-000748,keystone_bearing_and_drive,fulfillment,shipment,SH-50101,2025-10-15T13:52:00,E037,shipment_confirmed,picked,shipped,PS-SH-50101.pdf,1.0,N
EV-001235,keystone_bearing_and_drive,order_to_cash,customer_invoice,INV-60100 ,2025-10-15T15:43:00,E002,invoice_issued,,open,INV-60100.pdf,1.0,N
EV-000369,keystone_bearing_and_drive,quote_to_order,sales_order,SO-26245,2025-10-15T17:33:00,E013,order_entered,,open,customer_po_P857068,1.0,N
EV-002738,keystone_bearing_and_drive,procure_to_pay,supplier_invoice,91844964,2025-10-16T07:30:00,E002,invoice_matched,received,paid,91844964,1.0,N
EV-000612,keystone_bearing_and_drive,quote_to_order,sales_order,SO-26485,2025-10-16T08:55:00,E016,order_entered,,open,customer_po_PUR-876502,0.9,N
EV-001209,keystone_bearing_and_drive,order_to_cash,customer_invoice,INV-60074,2025-10-16T09:31:00,E002,invoice_issued,,open,INV-60074.pdf,1.0,N
EV-001311,keystone_bearing_and_drive,order_to_cash,customer_invoice,INV-60176,2025-10-16T12:46:00,E002,invoice_issued,,open,INV-60176.pdf,1.0,N
EV-000824,keystone_bearing_and_drive,fulfillment,shipment,SH-50177,2025-10-16T13:54:00,E031,shipment_confirmed,picked,shipped,PS-SH-50177.pdf,1.0,N
EV-002794,keystone_bearing_and_drive,procure_to_pay,supplier_invoice,SI8925461,2025-10-16T14:05:00,E002,invoice_matched,received,paid,SI8925461 ,1.0,N
EV-000722,keystone_bearing_and_drive,fulfillment,shipment,SH-50075,2025-10-16T17:39:00,E031,shipment_confirmed,picked,shipped,PS-SH-50075.pdf,1.0,N
EV-002215,keystone_bearing_and_drive,procure_to_pay,purchase_order,PO-31195,2025-10-17T07:49:00,E011,po_issued,draft,open,PO-31195.pdf,1.0,N
EV-002676,keystone_bearing_and_drive,procure_to_pay ,supplier_invoice ,99058267,2025-10-17T08:26:00,E002,invoice_matched,received,paid,99058267,1.0,N
EV-001550,keystone_bearing_and_drive,order_to_cash,customer_invoice,INV-60415,2025-10-17T09:16:00,E002,invoice_issued,,open,INV-60415.pdf,1.0,N
EV-003018,keystone_bearing_and_drive,returns,rma,RMA-0003,2025-10-17T09:58:00,E016,rma_approved,requested,approved,INV-60423,1.0,N
EV-002022,keystone_bearing_and_drive,procure_to_pay,purchase_order,PO-31002,2025-10-17T10:02:00,E011,po_issued,draft,open,PO-31002.pdf,1.0,N
EV-002438,keystone_bearing_and_drive,procure_to_pay,receipt,RCV-40118,2025-10-17T11:35:00,E028,goods_received,open,received,PS717057,1.0,N
EV-001063,keystone_bearing_and_drive,fulfillment,shipment,SH-50416,2025-10-17T13:14:00,E034,shipment_confirmed,picked,shipped,PS-SH-50416.pdf,1.0,N
EV-000027,keystone_bearing_and_drive,quote_to_order,quote,Q-26027,2025-10-17T15:17:00,E021 ,quote_sent,draft,sent,Q-26027.pdf,1.0,N
EV-002782,keystone_bearing_and_drive,procure_to_pay,supplier_invoice,SI3024328,2025-10-17T15:24:00,E002,invoice_matched,received,paid,SI3024328,1.0,N
EV-002744,keystone_bearing_and_drive,procure_to_pay,supplier_invoice,SI7132334,2025-10-17T16:44:00,E002,match_exception,received,paid,SI7132334,0.7,Y 
EV-001696,keystone_bearing_and_drive,order_to_cash,customer_invoice,INV-60087,2025-10-17T17:34:00,system,payment_applied ,open ,paid,Portal,1.0,N
EV-000315,keystone_bearing_and_drive,quote_to_order,sales_order,SO-26191,2025-10-18T09:00:00,E025,order_entered,,open,customer_po_PUR-646764,1.0,N
EV-002822,keystone_bearing_and_drive,procure_to_pay,supplier_invoice,INV7957484,2025-10-18T09:14:00,E002,invoice_matched,received,paid,INV7957484,1.0,N
EV-002224,keystone_bearing_and_drive,procure_to_pay,purchase_order,PO-31204,2025-10-18T09:54:00,E011,po_issued,draft,open,PO-31204.pdf,1.0,N
EV-002193,keystone_bearing_and_drive,procure_to_pay,purchase_order,PO-31173,2025-10-18T12:25:00,E012,po_issued,draft,open,PO-31173.pdf,1.0,N
EV-003019,keystone_bearing_and_drive,returns,rma,RMA-0004,2025-10-18T17:18:00,E014,rma_approved,requested,approved,INV-60280,1.0,N
EV-001386,keystone_bearing_and_drive,order_to_cash,customer_invoice,INV-60251,2025-10-19T10:14:00,E002,invoice_issued,,open,INV-60251.pdf,1.0,N
EV-001995,keystone_bearing_and_drive,order_to_cash,customer_invoice,INV-60456,2025-10-19T10:54:00 ,system,payment_applied,open,paid,Lockbox,1.0,N
EV-002468,keystone_bearing_and_drive,procure_to_pay,receipt,RCV-40148,2025-10-19T12:02:00,E032,goods_received,open,received,PS268405,1.0,N
EV-002301,keystone_bearing_and_drive,procure_to_pay,purchase_order,PO-31281,2025-10-19T12:23:00,E012,po_issued,draft,open,PO-31281.pdf,1.0,N
EV-000445,keystone_bearing_and_drive,quote_to_order,sales_order,SO-26319,2025-10-19T14:24:00,E017,order_entered,,open,customer_po_4500265691,0.9,N
EV-000899,keystone_bearing_and_drive,fulfillment,shipment,SH-50252,2025-10-19T16:27:00,E034,shipment_confirmed,picked,shipped,PS-SH-50252.pdf,1.0,N
EV-002927 ,keystone_bearing_and_drive,manufacturing,work_order,WO-70016,2025-10-20T07:12:00,E020,wo_released,planned,released,MRP,1.0,N
EV-002659,keystone_bearing_and_drive,procure_to_pay,supplier_invoice,INV5740380,2025-10-20T08:02:00,E002,invoice_matched,received,paid,INV5740380,1.0,N
EV-001713,keystone_bearing_and_drive,order_to_cash,customer_invoice,INV-60106,2025-10-20T08:08:00,system,payment_applied,open,paid,Bank feed,1.0,N
EV-003026,keystone_bearing_and_drive,returns,rma,RMA-0011,2025-10-20T08:14:00,E014,rma_approved,requested,approved,INV-60029,1.0,N
EV-001256,keystone_bearing_and_drive,order_to_cash,customer_invoice,INV-60121,2025-10-20T09:21:00,E002,invoice_issued,,open,INV-60121.pdf,1.0,N
EV-002574,keystone_bearing_and_drive,procure_to_pay,receipt,RCV-40254,2025-10-20T10:58:00,E033 ,goods_received,open,received,PS845188,1.0,N
EV-002559,keystone_bearing_and_drive,procure_to_pay,receipt,RCV-40239,2025-10-20T11:46:00,E031 ,goods_received,open,received ,PS824098,0.85,Y
EV-000769,keystone_bearing_and_drive,fulfillment,shipment,SH-50122,2025-10-20T12:11:00,E033,shipment_confirmed,picked,shipped,PS-SH-50122.pdf,1.0,N
EV-002680,keystone_bearing_and_drive,procure_to_pay,supplier_invoice,3279767,2025-10-20T12:15:00,E002,invoice_matched,received,paid,3279767,1.0,N
EV-000015,keystone_bearing_and_drive,quote_to_order,quote,Q-26015,2025-10-20T13:22:00,E014,quote_sent,draft,sent,Q-26015.pdf,1.0,N
EV-001441,keystone_bearing_and_drive,order_to_cash,customer_invoice,INV-60306,2025-10-20T15:32:00,E002,invoice_issued,,open,INV-60306.pdf,1.0,N
EV-000954,keystone_bearing_and_drive,fulfillment,shipment,SH-50307,2025-10-20T16:10:00,E036,shipment_confirmed,picked,shipped,PS-SH-50307.pdf,1.0,N
EV-000900,keystone_bearing_and_drive,fulfillment,shipment,SH-50253,2025-10-20T16:22:00,E027,shipment_confirmed,picked,shipped,PS-SH-50253.pdf,1.0,N
EV-001387,keystone_bearing_and_drive,order_to_cash,customer_invoice,INV-60252,2025-10-20T16:49:00,E002,invoice_issued,,open,INV-60252.pdf,1.0,N
EV-001940,keystone_bearing_and_drive,order_to_cash,customer_invoice,INV-60393,2025-10-20T17:47:00,system,payment_applied,open,paid,Email remittance,0.95,N
EV-002773,keystone_bearing_and_drive,procure_to_pay,supplier_invoice,SI4400080,2025-10-21T11:11:00,E002,invoice_matched,received,paid,SI4400080,1.0,N
EV-001900,keystone_bearing_and_drive,order_to_cash,customer_invoice,INV-60341,2025-10-21T14:55:00,system,payment_applied,open,paid,Bank feed,1.0,N
EV-002035,keystone_bearing_and_drive,procure_to_pay,purchase_order,PO-31015,2025-10-21T15:58:00,E012,po_issued,draft,open,PO-31015.pdf,1.0,N
EV-002703,keystone_bearing_and_drive,procure_to_pay,supplier_invoice,4084421,2025-10-22T07:30:00,E002,invoice_matched,received,paid,4084421,1.0,N
EV-001282,keystone_bearing_and_drive,order_to_cash,customer_invoice,INV-60147,2025-10-22T08:08:00,E002,invoice_issued,,open,INV-60147.pdf,1.0,N
EV-000795,keystone_bearing_and_drive,fulfillment,shipment,SH-50148,2025-10-22T08:28:00,E034,shipment_confirmed,picked,shipped,PS-SH-50148.pdf,1.0,N
EV-001738,keystone_bearing_and_drive,order_to_cash,customer_invoice,INV-60138,2025-10-22T08:49:00,system,payment_applied,open,paid,Portal,1.0,N
EV-000182,keystone_bearing_and_drive,quote_to_order,sales_order,SO-26060,2025-10-22T09:46:00,E024,order_entered,,open ,customer_po_PO523832,1.0,N
EV-001675,keystone_bearing_and_drive,order_to_cash,customer_invoice,INV-60066,2025-10-22T10:19:00,system,payment_applied,open,paid,Bank feed,1.0,N
EV-002016,keystone_bearing_and_drive,order_to_cash,customer_invoice,INV-60483 ,2025-10-22T12:38:00,system,payment_applied,open,paid,Email remittance,0.95,N
EV-002019,keystone_bearing_and_drive,order_to_cash,customer_invoice,INV-60486,2025-10-22T14:42:00,system,payment_applied,open,paid,Lockbox,1.0,N
EV-001103,keystone_bearing_and_drive,fulfillment,shipment,SH-50456,2025-10-22T16:23:00,E038,shipment_confirmed,picked,shipped,PS-SH-50456.pdf,1.0,N
EV-002329,keystone_bearing_and_drive,procure_to_pay,receipt,RCV-40009,2025-10-22T16:41:00,E035,goods_received,open,received,PS855374,1.0,N
EV-001590,keystone_bearing_and_drive,order_to_cash,customer_invoice,INV-60455,2025-10-22T16:50:00,E002,invoice_issued,,open,INV-60455.pdf,1.0,N
EV-002105,keystone_bearing_and_drive,procure_to_pay,purchase_order,PO-31085,2025-10-22T17:04:00,E011,po_issued ,draft,open,PO-31085.pdf,1.0,N
EV-000538,keystone_bearing_and_drive,quote_to_order,sales_order,SO-26411,2025-10-23T08:27:00,E015,order_entered,,open,customer_po_PO204059,0.9,N
EV-000608,keystone_bearing_and_drive,quote_to_order,sales_order,SO-26481,2025-10-23T08:38:00,E015,order_entered,,open,customer_po_PUR-233569,1.0,N
EV-001484,keystone_bearing_and_drive,order_to_cash,customer_invoice,INV-60349,2025-10-23T09:27:00,E002,invoice_issued,,open,INV-60349.pdf,1.0,N
EV-002575,keystone_bearing_and_drive,procure_to_pay,receipt,RCV-40255,2025-10-23T12:56:00,E029,goods_received,open,received,PS394311,0.85,Y
EV-002896 ,keystone_bearing_and_drive,procure_to_pay ,supplier_invoice,SI7831341,2025-10-23T13:32:00,E002,invoice_matched,received,paid ,SI7831341,1.0,N
EV-002983,keystone_bearing_and_drive,manufacturing,work_order,WO-70046,2025-10-23T14:18:00,E012,wo_released,planned,released,MRP,1.0,N
EV-000594,keystone_bearing_and_drive,quote_to_order,sales_order,SO-26467,2025-10-23T15:42:00,E013,order_entered,,open,customer_po_PO483454,1.0,N
EV-000997,keystone_bearing_and_drive,fulfillment,shipment,SH-50350,2025-10-23T16:29:00,E029,shipment_confirmed,picked,shipped,PS-SH-50350.pdf,1.0,N
EV-001066,keystone_bearing_and_drive,fulfillment,shipment,SH-50419,2025-10-23T17:14:00,E026,shipment_confirmed,picked,shipped,PS-SH-50419.pdf,1.0,N
EV-001553,keystone_bearing_and_drive,order_to_cash,customer_invoice,INV-60418,2025-10-23T17:34:00,E002,invoice_issued,,open,INV-60418.pdf,1.0,N
EV-000055,keystone_bearing_and_drive,quote_to_order,quote,Q-26055,2025-10-24T08:10:00,E022,quote_sent,draft,sent,Q-26055.pdf,1.0,N
EV-001884,keystone_bearing_and_drive,order_to_cash,customer_invoice,INV-60320,2025-10-24T08:35:00,system,payment_applied,open,paid,Bank feed,1.0,N
EV-001288,keystone_bearing_and_drive,order_to_cash,customer_invoice,INV-60153,2025-10-24T08:53:00,E002,invoice_issued,,open,INV-60153.pdf,1.0,N
EV-002143,keystone_bearing_and_drive,procure_to_pay,purchase_order,PO-31123,2025-10-24T11:06:00,E012,po_issued,draft,open,PO-31123.pdf,1.0,N
EV-000045,keystone_bearing_and_drive ,quote_to_order,quote,Q-26045,2025-10-24T14:40:00,E013,quote_sent,draft,sent,Q-26045.pdf,1.0,N
EV-000801,keystone_bearing_and_drive,fulfillment,shipment,SH-50154,2025-10-24T14:44:00,E032,shipment_confirmed,picked,shipped,PS-SH-50154.pdf,1.0,N
EV-000710,keystone_bearing_and_drive,fulfillment,shipment,SH-50063,2025-10-24T14:57:00,E026,shipment_confirmed,picked,shipped,PS-SH-50063.pdf,1.0,N
EV-001197,keystone_bearing_and_drive,order_to_cash,customer_invoice,INV-60062,2025-10-24T16:10:00,E002,invoice_issued,,open,INV-60062.pdf,1.0,N
EV-002848,keystone_bearing_and_drive,procure_to_pay,supplier_invoice,91364630,2025-10-25T07:49:00,E002,invoice_matched,received,paid,91364630,1.0,N
EV-002091,keystone_bearing_and_drive,procure_to_pay,purchase_order,PO-31071,2025-10-25T11:04:00,E012,po_issued,draft,open,PO-31071.pdf,1.0,N
EV-002914,keystone_bearing_and_drive,manufacturing,work_order,WO-70009,2025-10-25T12:02:00,E045,wo_closed,in_process,closed,COC-WO-70009.pdf,1.0,N
EV-001624,keystone_bearing_and_drive,order_to_cash,customer_invoice,INV-60004,2025-10-25T13:22:00,system,payment_applied,open,paid,Portal,1.0,N
EV-002068,keystone_bearing_and_drive,procure_to_pay,purchase_order,PO-31048,2025-10-25T14:16:00,E011,po_issued,draft,open,PO-31048.pdf,1.0,N
EV-000386,keystone_bearing_and_drive,quote_to_order,sales_order,SO-26262,2025-10-25T16:16:00,E015,order_entered,,open,customer_po_P280729,0.9,N
EV-002727,keystone_bearing_and_drive,procure_to_pay,supplier_invoice,2082537,2025-10-25T16:59:00,E002,invoice_matched,received,paid,2082537,1.0,N
EV-002604,keystone_bearing_and_drive,procure_to_pay,receipt,RCV-40284,2025-10-25T17:54:00,E032,goods_received,open,received,PS639079,1.0,N
EV-000908,keystone_bearing_and_drive,fulfillment,shipment,SH-50261,2025-10-26T10:03:00,E035,shipment_confirmed,picked,shipped,PS-SH-50261.pdf ,1.0,N
EV-000561,keystone_bearing_and_drive,quote_to_order,sales_order,SO-26434,2025-10-26T10:28:00,E015,order_entered,,open,customer_po_PUR-885793,0.9,N
EV-002915,keystone_bearing_and_drive,manufacturing,work_order,WO-70010,2025-10-26T11:38:00,E043,wo_released,planned,released,MRP,1.0,N
EV-002336,keystone_bearing_and_drive,procure_to_pay,receipt,RCV-40016,2025-10-26T13:42:00,E039,goods_received,open,received,PS654980,1.0,N
EV-001148,keystone_bearing_and_drive,order_to_cash,customer_invoice,INV-60013,2025-10-26T14:04:00,E002,invoice_issued,,open,INV-60013.pdf,1.0,N
EV-001949,keystone_bearing_and_drive,order_to_cash,customer_invoice,INV-60402,2025-10-26T15:46:00,system,payment_applied,open,paid,Lockbox,1.0,N
EV-000293,keystone_bearing_and_drive,quote_to_order,sales_order,SO-26169,2025-10-26T16:44:00,E017,order_entered,,open,customer_po_PO198002,0.9,N
EV-000661,keystone_bearing_and_drive,fulfillment,shipment,SH-50014,2025-10-26T17:14:00,E030,shipment_confirmed,picked,shipped,PS-SH-50014.pdf,1.0,N
EV-001395,keystone_bearing_and_drive,order_to_cash,customer_invoice,INV-60260 ,2025-10-26T17:45:00,E002,invoice_issued,,open,INV-60260.pdf,1.0,N
EV-001025,keystone_bearing_and_drive,fulfillment,shipment,SH-50378,2025-10-27T10:23:00,E039,shipment_confirmed,picked,shipped,PS-SH-50378.pdf,1.0,N
EV-001516,keystone_bearing_and_drive,order_to_cash,customer_invoice,INV-60381,2025-10-27T10:45:00,E002,invoice_issued,,open,INV-60381.pdf,1.0,N
EV-001343,keystone_bearing_and_drive,order_to_cash,customer_invoice,INV-60208,2025-10-27T13:53:00,E002,invoice_issued,,open,INV-60208.pdf,1.0,N
EV-000486,keystone_bearing_and_drive,quote_to_order,sales_order,SO-26360,2025-10-27T15:31:00,E025,order_entered,,open,customer_po_4500861129,1.0,N
EV-000856,keystone_bearing_and_drive,fulfillment,shipment,SH-50209,2025-10-27T16:04:00,E034,shipment_confirmed,picked,shipped,PS-SH-50209.pdf,1.0,N
EV-001845,keystone_bearing_and_drive,order_to_cash,customer_invoice,INV-60267,2025-10-27T16:57:00,system,payment_applied ,open,paid,Portal,1.0,N
EV-001512,keystone_bearing_and_drive,order_to_cash,customer_invoice,INV-60377,2025-10-27T17:03:00,E002,invoice_issued,,open,INV-60377.pdf,1.0,N
EV-002006,keystone_bearing_and_drive,order_to_cash,customer_invoice,INV-60470,2025-10-27T17:13:00,system,payment_applied,open,paid,Portal,1.0,N
EV-001029,keystone_bearing_and_drive,fulfillment,shipment,SH-50382,2025-10-27T17:54:00,E033,shipment_confirmed,picked,shipped,PS-SH-50382.pdf,1.0,N
EV-002864,keystone_bearing_and_drive,procure_to_pay,supplier_invoice,INV824052,2025-10-28T07:59:00,E002,invoice_matched,received,paid,INV824052,1.0,N
EV-000241,keystone_bearing_and_drive,quote_to_order,sales_order ,SO-26118,2025-10-28T08:36:00,E016,order_entered,,open,customer_po_PUR-673907,0.9,N
EV-000294,keystone_bearing_and_drive,quote_to_order,sales_order,SO-26170,2025-10-28T09:46:00,E016,order_entered,,open,customer_po_4500505285,1.0,N
EV-001847,keystone_bearing_and_drive,order_to_cash,customer_invoice,INV-60271,2025-10-28T09:52:00,system,payment_applied,open,paid,Lockbox,1.0,N
EV-000889,keystone_bearing_and_drive,fulfillment,shipment,SH-50242,2025-10-28T10:35:00,E033,shipment_confirmed,picked,shipped,PS-SH-50242.pdf,1.0,N
EV-000146,keystone_bearing_and_drive,quote_to_order,sales_order,SO-26026,2025-10-28T11:12:00,E015,order_entered,,open,customer_po_P952578,1.0,N
EV-001608,keystone_bearing_and_drive,order_to_cash,customer_invoice,INV-60473,2025-10-28T11:23:00,E002,invoice_issued,,open,INV-60473.pdf,1.0,N
EV-002592,keystone_bearing_and_drive,procure_to_pay,receipt,RCV-40272,2025-10-28T12:35:00,E026,goods_received,open,received,PS600175,1.0,N
EV-001121,keystone_bearing_and_drive,fulfillment,shipment,SH-50474,2025-10-28T13:19:00,E028,shipment_confirmed,picked,shipped,PS-SH-50474.pdf,1.0,N
EV-001376,keystone_bearing_and_drive,order_to_cash,customer_invoice,INV-60241,2025-10-28T15:32:00,E002,invoice_issued,,open,INV-60241.pdf,1.0,N
EV-002757,keystone_bearing_and_drive,procure_to_pay,supplier_invoice,98953038,2025-10-28T16:57:00,E002,invoice_matched,received,paid,98953038,1.0,N
EV-002863,keystone_bearing_and_drive,procure_to_pay,supplier_invoice,SI9776651,2025-10-28T17:03:00,E002,invoice_matched,received,paid ,SI9776651,1.0,N
EV-002490,keystone_bearing_and_drive,procure_to_pay,receipt,RCV-40170,2025-10-28T17:46:00,E031,goods_received,open,received,PS194951,0.85,Y
EV-001325,keystone_bearing_and_drive,order_to_cash,customer_invoice,INV-60190,2025-10-29T07:53:00,E002,invoice_issued,,open,INV-60190.pdf,1.0,N
EV-001208,keystone_bearing_and_drive,order_to_cash,customer_invoice,INV-60073,2025-10-29T08:04:00,E002,invoice_issued,,open,INV-60073.pdf,1.0,N
EV-000838,keystone_bearing_and_drive ,fulfillment,shipment,SH-50191,2025-10-29T09:09:00,E032,shipment_confirmed,picked,shipped,PS-SH-50191.pdf,1.0,N
EV-001193,keystone_bearing_and_drive,order_to_cash,customer_invoice,INV-60058,2025-10-29T09:20:00,E002,invoice_issued,,open,INV-60058.pdf,1.0,N
EV-002002,keystone_bearing_and_drive,order_to_cash,customer_invoice,INV-60464,2025-10-29T11:12:00,system,payment_applied,open,paid,Email remittance,0.95,N
EV-000706,keystone_bearing_and_drive,fulfillment,shipment,SH-50059,2025-10-29T11:34:00,E030,shipment_confirmed,picked,shipped,PS-SH-50059.pdf,1.0,N
EV-001267,keystone_bearing_and_drive,order_to_cash,customer_invoice,INV-60132,2025-10-29T11:43:00,E002,invoice_issued,,open,INV-60132.pdf,1.0,N
EV-001110,keystone_bearing_and_drive,fulfillment,shipment,SH-50463,2025-10-29T12:03:00,E028,shipment_confirmed,picked,shipped,PS-SH-50463.pdf,1.0,N
EV-001033,keystone_bearing_and_drive,fulfillment,shipment,SH-50386,2025-10-29T12:11:00,E026,shipment_confirmed,picked,shipped,PS-SH-50386.pdf,1.0,N
EV-000780,keystone_bearing_and_drive,fulfillment,shipment,SH-50133,2025-10-29T12:54:00,E030,shipment_confirmed,picked,shipped,PS-SH-50133.pdf,1.0,N
EV-001852,keystone_bearing_and_drive,order_to_cash,customer_invoice,INV-60281,2025-10-29T14:22:00,system,payment_applied,open,paid,Email remittance,0.95,N
EV-001686,keystone_bearing_and_drive,order_to_cash,customer_invoice,INV-60077,2025-10-29T14:34:00,system,payment_applied,open,paid,Bank feed,1.0,N
EV-000721,keystone_bearing_and_drive,fulfillment ,shipment,SH-50074,2025-10-29T14:46:00,E036,shipment_confirmed,picked,shipped,PS-SH-50074.pdf,1.0,N
EV-001597,keystone_bearing_and_drive ,order_to_cash,customer_invoice,INV-60462,2025-10-29T17:22:00,E002,invoice_issued,,open,INV-60462.pdf,1.0,N
EV-002223,keystone_bearing_and_drive,procure_to_pay ,purchase_order,PO-31203,2025-10-29T17:24:00,E012,po_issued,draft,open,PO-31203.pdf,1.0,N
EV-001520,keystone_bearing_and_drive,order_to_cash,customer_invoice,INV-60385,2025-10-29T17:54:00,E002,invoice_issued,,open,INV-60385.pdf,1.0,N
EV-000626,keystone_bearing_and_drive,quote_to_order,sales_order,SO-26499,2025-10-30T09:27:00,E016,order_entered,,open,customer_po_P524965,1.0,N
EV-001511,keystone_bearing_and_drive,order_to_cash,customer_invoice,INV-60376,2025-10-30T10:25:00,E002,invoice_issued,,open,INV-60376.pdf,1.0,N
EV-001024 ,keystone_bearing_and_drive,fulfillment,shipment,SH-50377,2025-10-30T10:53:00,E034,shipment_confirmed,picked,shipped,PS-SH-50377.pdf,1.0,N
EV-000895,keystone_bearing_and_drive,fulfillment,shipment,SH-50248,2025-10-30T11:23:00,E033,shipment_confirmed,picked,shipped,PS-SH-50248.pdf,1.0,N
EV-001382,keystone_bearing_and_drive,order_to_cash,customer_invoice ,INV-60247,2025-10-30T12:03:00,E002,invoice_issued,,open,INV-60247.pdf ,1.0,N
EV-000088,keystone_bearing_and_drive,quote_to_order,quote,Q-26088,2025-10-30T13:59:00 ,E017,quote_sent,draft,sent ,Q-26088.pdf,1.0,N
EV-002994,keystone_bearing_and_drive,manufacturing,work_order,WO-70052,2025-10-30T15:29:00,E045,wo_closed,in_process,closed,COC-WO-70052.pdf,1.0,N
EV-000175,keystone_bearing_and_drive,quote_to_order,sales_order,SO-26053,2025-10-30T16:37:00,E018,order_entered,,open,customer_po_P392885,0.9,N
EV-001981,keystone_bearing_and_drive,order_to_cash,customer_invoice,INV-60441,2025-10-30T16:56:00,system,payment_applied,open,paid,Lockbox,1.0,N
EV-002558,keystone_bearing_and_drive,procure_to_pay ,receipt,RCV-40238,2025-10-30T17:03:00,E030,goods_received,open,received,PS724597,1.0,N
EV-001650,keystone_bearing_and_drive ,order_to_cash,customer_invoice,INV-60033 ,2025-10-30T17:21:00,system,payment_applied,open,paid,Email remittance,0.95,N
EV-002070,keystone_bearing_and_drive,procure_to_pay,purchase_order,PO-31050,2025-10-31T07:04:00,E012,po_issued,draft,open,PO-31050.pdf,1.0,N
EV-001947,keystone_bearing_and_drive,order_to_cash,customer_invoice,INV-60400,2025-10-31T07:15:00,system,payment_applied,open,paid,Email remittance,0.95,N
EV-002469,keystone_bearing_and_drive,procure_to_pay,receipt,RCV-40149,2025-10-31T07:39:00,E034,goods_received,open,received,PS806221,0.85,Y
EV-000907,keystone_bearing_and_drive,fulfillment,shipment,SH-50260,2025-10-31T09:23:00,E030,shipment_confirmed,picked,shipped,PS-SH-50260.pdf,1.0,N
EV-000094,keystone_bearing_and_drive,quote_to_order,quote,Q-26094,2025-10-31T10:23:00,E016,quote_sent,draft,sent,Q-26094.pdf,1.0,N
EV-002172,keystone_bearing_and_drive,procure_to_pay,purchase_order,PO-31152,2025-10-31T11:15:00,E012,po_issued,draft,open,PO-31152.pdf,1.0,N
EV-000511,keystone_bearing_and_drive,quote_to_order,sales_order,SO-26384,2025-10-31T12:30:00,E013,order_entered,,open,customer_po_P104971,0.9,N
EV-001394,keystone_bearing_and_drive,order_to_cash,customer_invoice,INV-60259,2025-10-31T15:20:00,E002,invoice_issued,,open,INV-60259.pdf,1.0,N
EV-000335,keystone_bearing_and_drive,quote_to_order,sales_order,SO-26211,2025-10-31T17:10:00,E013,order_entered,,open,customer_po_4500670238,0.9,N
EV-002900,keystone_bearing_and_drive,manufacturing,work_order,WO-70001,2025-11-01T08:18:00,E045,wo_closed,in_process,closed,COC-WO-70001.pdf ,1.0,N
EV-000339,keystone_bearing_and_drive,quote_to_order,sales_order,SO-26215,2025-11-01T09:48:00,E018,order_entered,,open,customer_po_4500643041,0.9,N
EV-002917,keystone_bearing_and_drive,manufacturing,work_order,WO-70011,2025-11-01T10:14:00,E017,wo_released,planned,released,MRP,1.0,N
EV-002779,keystone_bearing_and_drive,procure_to_pay,supplier_invoice,8398455,2025-11-01T11:23:00,E002,invoice_matched,received,paid,8398455,1.0,N
EV-002213,keystone_bearing_and_drive,procure_to_pay,purchase_order,PO-31193,2025-11-01T12:17:00,E011,po_issued,draft,open,PO-31193.pdf,1.0,N
EV-002847,keystone_bearing_and_drive,procure_to_pay,supplier_invoice ,INV4176752,2025-11-01T13:27:00,E002,invoice_matched,received,paid,INV4176752,1.0,N
EV-001679,keystone_bearing_and_drive,order_to_cash,customer_invoice,INV-60070,2025-11-01T13:54:00,system,payment_applied ,open,paid,Portal,1.0,N
EV-001698,keystone_bearing_and_drive,order_to_cash,customer_invoice,INV-60090,2025-11-01T14:25:00,system,payment_applied,open,paid,Lockbox,1.0,N
EV-000119,keystone_bearing_and_drive,quote_to_order,quote,Q-26119,2025-11-01T15:19:00,E022,quote_sent,draft,sent,Q-26119.pdf,1.0,N
EV-002618,keystone_bearing_and_drive,procure_to_pay,supplier_invoice,3623313,2025-11-01T16:43:00,E002,invoice_matched,received,paid,3623313,1.0,N
EV-002893,keystone_bearing_and_drive,procure_to_pay,supplier_invoice,INV565538,2025-11-01T16:53:00,E002,invoice_matched,received,paid,INV565538,1.0,N
EV-000037,keystone_bearing_and_drive,quote_to_order,quote,Q-26037,2025-11-01T17:17:00,E022,quote_sent,draft,sent,Q-26037.pdf,1.0,N
EV-002916,keystone_bearing_and_drive,manufacturing,work_order,WO-70010,2025-11-02T09:38:00,E045,wo_closed,in_process,closed,COC-WO-70010.pdf,1.0,N
EV-001223 ,keystone_bearing_and_drive,order_to_cash,customer_invoice,INV-60088,2025-11-02T10:03:00,E002,invoice_issued,,open,INV-60088.pdf,1.0,N
EV-000054,keystone_bearing_and_drive,quote_to_order,quote,Q-26054,2025-11-02T11:42:00,E019,quote_sent,draft,sent,Q-26054.pdf,1.0,N
EV-001472,keystone_bearing_and_drive,order_to_cash,customer_invoice,INV-60337,2025-11-02T13:42:00,E002,invoice_issued,,open,INV-60337.pdf,1.0,N
EV-001124,keystone_bearing_and_drive,fulfillment,shipment,SH-50477,2025-11-02T13:48:00 ,E038,shipment_confirmed,picked,shipped,PS-SH-50477.pdf,1.0,N
EV-000985,keystone_bearing_and_drive,fulfillment,shipment,SH-50338,2025-11-02T14:03:00,E029,shipment_confirmed,picked,shipped,PS-SH-50338.pdf,1.0,N
EV-001957,keystone_bearing_and_drive,order_to_cash,customer_invoice,INV-60411,2025-11-02T15:11:00,system,payment_applied,open,paid,Lockbox,1.0,N
EV-001611,keystone_bearing_and_drive,order_to_cash,customer_invoice,INV-60476,2025-11-02T15:15:00,E002,invoice_issued,,open,INV-60476.pdf,1.0,N
EV-002881,keystone_bearing_and_drive,procure_to_pay,supplier_invoice,SI4235034,2025-11-02T16:52:00,E002,invoice_matched,received,paid,SI4235034,1.0,N
EV-000736,keystone_bearing_and_drive,fulfillment ,shipment,SH-50089,2025-11-02T17:00:00,E033,shipment_confirmed,picked,shipped,PS-SH-50089.pdf,1.0,N
EV-002984,keystone_bearing_and_drive,manufacturing,work_order,WO-70046,2025-11-03T07:52:00,E045,wo_closed,in_process,closed,COC-WO-70046.pdf,1.0,N
EV-000784,keystone_bearing_and_drive,fulfillment,shipment,SH-50137,2025-11-03T10:18:00,E029,shipment_confirmed,picked,shipped,PS-SH-50137.pdf,1.0,N
EV-001271,keystone_bearing_and_drive,order_to_cash,customer_invoice,INV-60136 ,2025-11-03T11:53:00,E002,invoice_issued,,open,INV-60136.pdf,1.0,N
EV-002625,keystone_bearing_and_drive,procure_to_pay,supplier_invoice,INV3820000,2025-11-03T12:59:00,E002,invoice_matched,received,paid,INV3820000,1.0,N
EV-001001,keystone_bearing_and_drive,fulfillment,shipment,SH-50354,2025-11-03T15:49:00,E034,shipment_confirmed,picked,shipped,PS-SH-50354.pdf,1.0,N
EV-001488,keystone_bearing_and_drive,order_to_cash,customer_invoice,INV-60353,2025-11-03T16:29:00,E002,invoice_issued,,open,INV-60353.pdf,1.0,N
EV-002292,keystone_bearing_and_drive,procure_to_pay,purchase_order,PO-31272,2025-11-03T17:35:00,E012,po_issued,draft,open,PO-31272.pdf,1.0,N
EV-001932,keystone_bearing_and_drive,order_to_cash,customer_invoice,INV-60384,2025-11-04T08:28:00,system,payment_applied,open,paid,Bank feed,1.0,N 
EV-002160,keystone_bearing_and_drive,procure_to_pay,purchase_order,PO-31140,2025-11-04T08:42:00,E011,po_issued,draft,open,PO-31140.pdf,1.0,N
EV-002512,keystone_bearing_and_drive,procure_to_pay,receipt,RCV-40192,2025-11-04T12:49:00,E030,goods_received,open,received,PS433932,0.85,Y
EV-000023,keystone_bearing_and_drive,quote_to_order,quote,Q-26023,2025-11-04T13:06:00,E023,quote_sent,draft,sent,Q-26023.pdf,1.0,N
EV-000034,keystone_bearing_and_drive,quote_to_order,quote ,Q-26034,2025-11-04T13:21:00,E023,quote_sent,draft,sent,Q-26034.pdf,1.0,N
EV-002985,keystone_bearing_and_drive,manufacturing,work_order,WO-70047,2025-11-04T14:49:00,E006,wo_released,planned,released,MRP,1.0,N
EV-003005,keystone_bearing_and_drive,manufacturing,work_order,WO-70058,2025-11-04T15:47:00,E040,wo_released,planned,released,MRP,1.0,N
EV-000951,keystone_bearing_and_drive ,fulfillment,shipment,SH-50304,2025-11-05T08:37:00,E034,shipment_confirmed,picked,shipped,PS-SH-50304.pdf,1.0,N
EV-001438,keystone_bearing_and_drive,order_to_cash,customer_invoice,INV-60303,2025-11-05T09:58:00,E002,invoice_issued,,open,INV-60303.pdf,1.0,N
EV-001723,keystone_bearing_and_drive,order_to_cash,customer_invoice,INV-60117,2025-11-05T13:14:00,system,payment_applied,open,paid,Email remittance,0.95,N
EV-000085,keystone_bearing_and_drive,quote_to_order,quote,Q-26085,2025-11-05T16:37:00,E013,quote_sent,draft,sent,Q-26085.pdf,1.0,N
EV-002801,keystone_bearing_and_drive,procure_to_pay,supplier_invoice,INV2256463,2025-11-05T17:26:00,E002,invoice_matched,received,paid,INV2256463,1.0,N
EV-000579,keystone_bearing_and_drive,quote_to_order,sales_order,SO-26452,2025-11-05T17:30:00,E015,order_entered,,open,customer_po_PUR-293028,0.9,N
EV-002572,keystone_bearing_and_drive,procure_to_pay,receipt,RCV-40252,2025-11-05T17:38:00,E030,goods_received,open,received,PS263134,1.0,N
EV-002758,keystone_bearing_and_drive,procure_to_pay,supplier_invoice,8742021,2025-11-06T10:49:00,E002,invoice_matched,received,paid,8742021,1.0,N
EV-002460,keystone_bearing_and_drive,procure_to_pay,receipt,RCV-40140,2025-11-06T12:39:00,E026,goods_received,open,received,PS981017,0.85,Y
EV-002921,keystone_bearing_and_drive,manufacturing,work_order,WO-70013,2025-11-06T16:53:00,E026,wo_released ,planned,released,MRP,1.0,N
EV-000390,keystone_bearing_and_drive,quote_to_order,sales_order,SO-26266,2025-11-06T17:23:00,E014,order_entered,,open,customer_po_P983118,0.9,N
EV-000306,keystone_bearing_and_drive,quote_to_order,sales_order,SO-26182,2025-11-07T08:56:00,E024,order_entered,,open,customer_po_PUR-156821,0.9,N
EV-000381,keystone_bearing_and_drive,quote_to_order,sales_order,SO-26257,2025-11-07T09:10:00,E014,order_entered,,open,customer_po_P589909,0.9,N
EV-000167,keystone_bearing_and_drive,credit_control,sales_order,SO-26045,2025-11-07T10:40:00,E002,credit_hold_applied,open,credit_hold,credit_checks,1.0,N
EV-000666,keystone_bearing_and_drive,fulfillment,shipment,SH-50019,2025-11-07T11:09:00,E031,shipment_confirmed,picked,shipped,PS-SH-50019.pdf,1.0,N
EV-003007,keystone_bearing_and_drive,manufacturing,work_order,WO-70059,2025-11-07T13:01:00,E022,wo_released,planned,released,MRP,1.0,N
EV-001153,keystone_bearing_and_drive,order_to_cash,customer_invoice,INV-60018,2025-11-07T13:06:00,E002,invoice_issued,,open,INV-60018.pdf,1.0,N
EV-002488,keystone_bearing_and_drive,procure_to_pay,receipt,RCV-40168,2025-11-07T13:17:00,E033,goods_received,open,received,PS418694,1.0,N
EV-001657,keystone_bearing_and_drive,order_to_cash,customer_invoice,INV-60044,2025-11-07T15:31:00,system,payment_applied,open,paid,Email remittance,0.95,N
EV-000166,keystone_bearing_and_drive,quote_to_order,sales_order,SO-26045,2025-11-07T16:14:00,E015,order_entered,,open ,customer_po_PO343721,0.9,Y
EV-003020,keystone_bearing_and_drive,returns,rma,RMA-0005,2025-11-07T16:35:00,E018,rma_approved,requested,approved,INV-60306,1.0,N
EV-002520,keystone_bearing_and_drive,procure_to_pay,receipt,RCV-40200,2025-11-08T08:44:00,E034,goods_received,open,received,PS228597,1.0,N
EV-000354,keystone_bearing_and_drive,quote_to_order,sales_order,SO-26230,2025-11-08T09:39:00,E025,order_entered,,open,customer_po_PUR-532695,1.0,N
EV-000012,keystone_bearing_and_drive,quote_to_order,quote,Q-26012,2025-11-08T10:05:00,E022,quote_sent,draft,sent,Q-26012.pdf,1.0,N
EV-001159,keystone_bearing_and_drive,order_to_cash,customer_invoice,INV-60024,2025-11-08T11:06:00,E002,invoice_issued ,,open,INV-60024.pdf,1.0,N
EV-002928,keystone_bearing_and_drive,manufacturing,work_order,WO-70016,2025-11-08T12:56:00,E045,wo_closed,in_process,closed,COC-WO-70016.pdf,1.0,N
EV-002511,keystone_bearing_and_drive,procure_to_pay,receipt,RCV-40191,2025-11-08T13:04:00,E036,goods_received,open,received,PS273118,1.0,N
EV-000672,keystone_bearing_and_drive,fulfillment,shipment,SH-50025,2025-11-08T13:24:00,E036,shipment_confirmed,picked,shipped,PS-SH-50025.pdf,1.0,N
EV-002013,keystone_bearing_and_drive,order_to_cash ,customer_invoice,INV-60480,2025-11-08T16:21:00,system,payment_applied,open,paid,Portal,1.0,N
EV-000491,keystone_bearing_and_drive,quote_to_order,sales_order,SO-26365,2025-11-08T17:36:00,E016,order_entered,,open,customer_po_4500316884,0.9,N
EV-002749,keystone_bearing_and_drive,procure_to_pay,supplier_invoice,95840640,2025-11-09T12:41:00,E002,invoice_matched,received,paid,95840640,1.0,N
EV-000297,keystone_bearing_and_drive,quote_to_order,sales_order,SO-26173,2025-11-09T14:25:00,E015,order_entered,,open,customer_po_P916883,0.9,N
EV-000562,keystone_bearing_and_drive,quote_to_order ,sales_order,SO-26435,2025-11-10T07:18:00,E024,order_entered,,open,customer_po_4500127028,0.9,N
EV-000602,keystone_bearing_and_drive,quote_to_order,sales_order,SO-26475,2025-11-10T15:36:00,E025,order_entered,,open,customer_po_PO419486,1.0,N
EV-002239,keystone_bearing_and_drive,procure_to_pay,purchase_order,PO-31219,2025-11-10T16:37:00,E012,po_issued,draft,open,PO-31219.pdf,1.0,N
EV-000160,keystone_bearing_and_drive,quote_to_order,sales_order,SO-26040,2025-11-11T07:38:00,E018,order_entered,,open,customer_po_PUR-316077,1.0,N
EV-002441,keystone_bearing_and_drive,procure_to_pay,receipt,RCV-40121,2025-11-11T07:52:00,E038,goods_received,open,received,PS474525,1.0,N
EV-000699,keystone_bearing_and_drive ,fulfillment,shipment,SH-50052,2025-11-11T08:19:00,E034,shipment_confirmed,picked,shipped,PS-SH-50052.pdf,1.0,N
EV-002777,keystone_bearing_and_drive,procure_to_pay,supplier_invoice,2153364,2025-11-11T08:51:00,E002,invoice_matched,received,paid,2153364,1.0,N
EV-001945,keystone_bearing_and_drive,order_to_cash,customer_invoice,INV-60398,2025-11-11T09:35:00,system,payment_applied,open,paid,Portal,1.0,N
EV-001645,keystone_bearing_and_drive,order_to_cash,customer_invoice,INV-60027,2025-11-11T10:26:00,system,payment_applied,open,paid,Lockbox,1.0,N
EV-002564,keystone_bearing_and_drive,procure_to_pay,receipt,RCV-40244,2025-11-11T11:11:00,E034,goods_received,open,received,PS789759,0.85,Y
EV-002278,keystone_bearing_and_drive,procure_to_pay,purchase_order,PO-31258,2025-11-11T14:46:00,E012,po_issued,draft,open,PO-31258.pdf,1.0,N
EV-001186,keystone_bearing_and_drive,order_to_cash,customer_invoice,INV-60051,2025-11-11T16:29:00,E002,invoice_issued,,open,INV-60051.pdf,1.0,N
EV-002605,keystone_bearing_and_drive,procure_to_pay,receipt,RCV-40285,2025-11-11T17:47:00,E034,goods_received,open,received,PS154177,0.85,Y
EV-002203,keystone_bearing_and_drive,procure_to_pay,purchase_order,PO-31183,2025-11-12T07:19:00,E012,po_issued,draft,open,PO-31183.pdf,1.0,N
EV-002025,keystone_bearing_and_drive,procure_to_pay,purchase_order,PO-31005,2025-11-12T09:52:00,E011,po_issued,draft,open,PO-31005.pdf,1.0,N
EV-000987,keystone_bearing_and_drive,fulfillment,shipment,SH-50340,2025-11-12T11:24:00,E038,shipment_confirmed,picked,shipped,PS-SH-50340.pdf,1.0,N
EV-001102,keystone_bearing_and_drive,fulfillment,shipment,SH-50455,2025-11-12T12:43:00,E028,shipment_confirmed,picked,shipped,PS-SH-50455.pdf,1.0,N
EV-002809,keystone_bearing_and_drive,procure_to_pay,supplier_invoice,9810290,2025-11-12T12:57:00,E002,invoice_matched,received,paid,9810290,1.0,N
EV-001474,keystone_bearing_and_drive,order_to_cash,customer_invoice,INV-60339,2025-11-12T13:03:00,E002,invoice_issued,,open,INV-60339.pdf,1.0,N
EV-001589,keystone_bearing_and_drive,order_to_cash,customer_invoice,INV-60454,2025-11-12T14:59:00,E002,invoice_issued,,open,INV-60454.pdf,1.0,N
EV-000531,keystone_bearing_and_drive,quote_to_order,sales_order,SO-26404,2025-11-12T16:10:00,E014,order_entered,,open,customer_po_4500653933,0.9,N
EV-001846,keystone_bearing_and_drive,order_to_cash,customer_invoice,INV-60268,2025-11-13T07:28:00,system,payment_applied,open,paid,Bank feed,1.0,N
EV-002440,keystone_bearing_and_drive,procure_to_pay,receipt,RCV-40120,2025-11-13T12:38:00,E027,goods_received,open,received,PS123790,1.0,N
EV-000174,keystone_bearing_and_drive,quote_to_order,sales_order,SO-26052,2025-11-13T12:45:00,E018,order_entered,,open,customer_po_PO592344,0.9,N
EV-002194,keystone_bearing_and_drive,procure_to_pay,purchase_order,PO-31174,2025-11-13T13:15:00,E011,po_issued,draft,open,PO-31174.pdf,1.0,N
EV-000150,keystone_bearing_and_drive,quote_to_order,sales_order,SO-26030,2025-11-13T16:43:00,E024,order_entered,,open,customer_po_P762607,1.0,N
EV-001965,keystone_bearing_and_drive,order_to_cash ,customer_invoice,INV-60420,2025-11-14T08:39:00,system ,payment_applied,open,paid,Portal,1.0,N
EV-003029,keystone_bearing_and_drive,returns,rma,RMA-0014,2025-11-14T09:09:00,E018,rma_approved,requested,approved,INV-60381,1.0,N
EV-000950,keystone_bearing_and_drive,fulfillment,shipment,SH-50303,2025-11-14T11:20:00,E029,shipment_confirmed,picked,shipped,PS-SH-50303.pdf,1.0,N
EV-002064,keystone_bearing_and_drive,procure_to_pay,purchase_order,PO-31044,2025-11-14T13:14:00,E012,po_issued,draft,open,PO-31044.pdf,1.0,N
EV-000147,keystone_bearing_and_drive,quote_to_order,sales_order,SO-26027,2025-11-14T13:56:00,E014,order_entered,,open,customer_po_PUR-421011,1.0,N
EV-001968,keystone_bearing_and_drive,order_to_cash,customer_invoice,INV-60423,2025-11-14T14:12:00,system,payment_applied,open,paid,Lockbox,1.0,N
EV-001437,keystone_bearing_and_drive,order_to_cash,customer_invoice,INV-60302,2025-11-14T14:47:00,E002,invoice_issued,,open,INV-60302.pdf,1.0,N
EV-002800,keystone_bearing_and_drive,procure_to_pay,supplier_invoice,95671661,2025-11-14T16:14:00,E002,invoice_matched,received,paid,95671661,1.0,N
EV-002305,keystone_bearing_and_drive,procure_to_pay,purchase_order,PO-31285,2025-11-14T17:15:00,E012,po_issued,draft,open,PO-31285.pdf,1.0,N
EV-002135,keystone_bearing_and_drive,procure_to_pay,purchase_order,PO-31115,2025-11-14T17:25:00 ,E012,po_issued,draft,open,PO-31115.pdf,1.0,N
EV-002003,keystone_bearing_and_drive,order_to_cash,customer_invoice,INV-60466,2025-11-14T17:55:00,system,payment_applied,open,paid,Lockbox,1.0,N
EV-002861,keystone_bearing_and_drive,procure_to_pay,supplier_invoice,SI4561766,2025-11-14T17:58:00,E002,match_exception,received,paid,SI4561766,0.7,Y
EV-001351,keystone_bearing_and_drive,order_to_cash,customer_invoice,INV-60216,2025-11-15T09:08:00,E002,invoice_issued,,open,INV-60216.pdf,1.0,N
EV-002730,keystone_bearing_and_drive,procure_to_pay,supplier_invoice,5299984,2025-11-15T09:15:00,E002,invoice_matched,received,paid,5299984,1.0,N
EV-000021,keystone_bearing_and_drive,quote_to_order,quote,Q-26021,2025-11-15T10:19:00,E014,quote_sent,draft,sent,Q-26021.pdf,1.0,N
EV-001586,keystone_bearing_and_drive ,order_to_cash,customer_invoice,INV-60451,2025-11-15T10:46:00,E002,invoice_issued,,open,INV-60451.pdf,1.0,N
EV-001099,keystone_bearing_and_drive,fulfillment,shipment,SH-50452 ,2025-11-15T11:26:00,E032,shipment_confirmed,picked,shipped,PS-SH-50452.pdf,1.0,N
EV-002922,keystone_bearing_and_drive,manufacturing,work_order,WO-70013,2025-11-15T11:58:00,E045,wo_closed,in_process,closed,COC-WO-70013.pdf,1.0,N
EV-000864,keystone_bearing_and_drive,fulfillment,shipment,SH-50217,2025-11-15T12:52:00,E037,shipment_confirmed,picked,shipped,PS-SH-50217.pdf,1.0,N
EV-001851,keystone_bearing_and_drive,order_to_cash,customer_invoice,INV-60280,2025-11-15T15:16:00,system,payment_applied,open,paid,Bank feed,1.0,N
EV-002853,keystone_bearing_and_drive,procure_to_pay,supplier_invoice,3062153,2025-11-15T15:20:00,E002,invoice_matched,received,paid,3062153,1.0,N
EV-000389,keystone_bearing_and_drive ,quote_to_order,sales_order,SO-26265,2025-11-15T17:10:00,E015,order_entered,,open,customer_po_PUR-133711,0.9,N
EV-001317,keystone_bearing_and_drive,order_to_cash,customer_invoice,INV-60182,2025-11-15T17:16:00,E002,invoice_issued,,open,INV-60182.pdf,1.0,N
EV-000830,keystone_bearing_and_drive,fulfillment,shipment,SH-50183,2025-11-15T17:49:00,E026,shipment_confirmed,picked,shipped,PS-SH-50183.pdf,1.0,N
EV-000206,keystone_bearing_and_drive,quote_to_order,sales_order,SO-26084,2025-11-16T07:50:00,E016,order_entered,,open,customer_po_PUR-156865,1.0,N
EV-002906,keystone_bearing_and_drive,manufacturing,work_order,WO-70005,2025-11-16T08:26:00,E005,wo_released,planned,released,MRP,1.0,N
EV-001514,keystone_bearing_and_drive,order_to_cash,customer_invoice,INV-60379,2025-11-16T10:28:00,E002,invoice_issued,,open,INV-60379.pdf,1.0,N
EV-002342,keystone_bearing_and_drive,procure_to_pay,receipt,RCV-40022,2025-11-16T12:39:00,E039,goods_received,open,received,PS403824,1.0,N
EV-001027,keystone_bearing_and_drive,fulfillment,shipment,SH-50380,2025-11-16T17:38:00,E030,shipment_confirmed,picked,shipped,PS-SH-50380.pdf,1.0,N
EV-000231,keystone_bearing_and_drive,quote_to_order,sales_order,SO-26109,2025-11-17T07:11:00,E013,order_entered,,open,customer_po_PO897572,0.9,N
EV-000760,keystone_bearing_and_drive,fulfillment,shipment,SH-50113,2025-11-17T08:53:00,E039 ,shipment_confirmed,picked,shipped,PS-SH-50113.pdf,1.0,N
EV-002918,keystone_bearing_and_drive,manufacturing,work_order,WO-70011,2025-11-17T09:16:00,E045,wo_closed,in_process,closed,COC-WO-70011.pdf,1.0,N
EV-002310,keystone_bearing_and_drive,procure_to_pay,purchase_order,PO-31290,2025-11-17T09:24:00,E011,po_issued,draft,open,PO-31290.pdf,1.0,N
EV-002894,keystone_bearing_and_drive,procure_to_pay,supplier_invoice,INV5451981,2025-11-17T11:34:00,E002,match_exception,received,paid,INV5451981,0.7,Y
EV-001247,keystone_bearing_and_drive,order_to_cash ,customer_invoice,INV-60112,2025-11-17T11:48:00,E002,invoice_issued,,open,INV-60112.pdf,1.0,N
EV-000427,keystone_bearing_and_drive,quote_to_order,sales_order,SO-26302,2025-11-17T12:33:00,E015,order_entered,,open,customer_po_PUR-250256,1.0,N
EV-001769,keystone_bearing_and_drive,order_to_cash,customer_invoice,INV-60175,2025-11-17T13:46:00,system,payment_applied,open,paid,Bank feed,1.0,N
EV-002325,keystone_bearing_and_drive,procure_to_pay,receipt,RCV-40005,2025-11-17T14:05:00,E027,goods_received,open,received,PS183680,0.85,Y
EV-000605,keystone_bearing_and_drive,quote_to_order,sales_order,SO-26478,2025-11-17T14:51:00,E017,order_entered,,open,customer_po_P639694,1.0,N
EV-002346,keystone_bearing_and_drive,procure_to_pay,receipt,RCV-40026,2025-11-18T08:34:00,E034,goods_received,open,received,PS714838,0.85,Y
EV-000188,keystone_bearing_and_drive,quote_to_order,sales_order,SO-26066,2025-11-18T09:02:00,E018 ,order_entered,,open,customer_po_PO941395,1.0,N
EV-000145,keystone_bearing_and_drive,quote_to_order,sales_order,SO-26025,2025-11-18T12:15:00,E017,order_entered,,open,customer_po_PUR-286928,1.0,N
EV-000285,keystone_bearing_and_drive,quote_to_order,sales_order,SO-26161,2025-11-18T13:08:00,E015,order_entered,,open,customer_po_4500807727,1.0,N 
EV-001365,keystone_bearing_and_drive,order_to_cash,customer_invoice,INV-60230,2025-11-18T13:09:00,E002,invoice_issued,,open,INV-60230.pdf,1.0,N
EV-001543,keystone_bearing_and_drive,order_to_cash,customer_invoice,INV-60408,2025-11-18T16:10:00,E002,invoice_issued,,open,INV-60408.pdf,1.0,N
EV-000878,keystone_bearing_and_drive,fulfillment,shipment,SH-50231,2025-11-18T16:59:00,E026,shipment_confirmed,picked,shipped,PS-SH-50231.pdf,1.0,N
EV-000303,keystone_bearing_and_drive,quote_to_order,sales_order,SO-26179,2025-11-18T17:03:00,E018,order_entered,,open,customer_po_P289266,0.9,N
EV-001056,keystone_bearing_and_drive,fulfillment,shipment,SH-50409,2025-11-18T17:43:00,E038,shipment_confirmed,picked,shipped,PS-SH-50409.pdf,1.0,N
EV-002935,keystone_bearing_and_drive,manufacturing,work_order,WO-70020,2025-11-19T07:14:00,E044,wo_released,planned,released,MRP,1.0,N
EV-001925,keystone_bearing_and_drive,order_to_cash,customer_invoice,INV-60376 ,2025-11-19T07:20:00,system,payment_applied,open,paid,Portal,1.0,N
EV-001827,keystone_bearing_and_drive,order_to_cash,customer_invoice,INV-60247,2025-11-19T08:55:00,system,payment_applied,open,paid,Email remittance,0.95,N
EV-002522 ,keystone_bearing_and_drive,procure_to_pay,receipt,RCV-40202,2025-11-19T11:57:00,E035,goods_received,open,received,PS635679,0.85,Y
EV-001824,keystone_bearing_and_drive,order_to_cash,customer_invoice ,INV-60244,2025-11-19T14:20:00,system,payment_applied,open,paid,Portal,1.0,N
EV-002372,keystone_bearing_and_drive,procure_to_pay,receipt,RCV-40052,2025-11-19T14:43:00,E037,goods_received,open ,received,PS795698,1.0,N
EV-000107,keystone_bearing_and_drive ,quote_to_order,quote,Q-26107,2025-11-20T08:15:00,E015,quote_sent,draft,sent,Q-26107.pdf,1.0,N
EV-001939,keystone_bearing_and_drive,order_to_cash,customer_invoice,INV-60392,2025-11-20T11:32:00,system,payment_applied,open,paid,Lockbox,1.0,N
EV-002125,keystone_bearing_and_drive,procure_to_pay,purchase_order,PO-31105,2025-11-20T13:13:00,E012,po_issued,draft,open,PO-31105.pdf,1.0,N
EV-000003,keystone_bearing_and_drive,quote_to_order,quote,Q-26003,2025-11-20T14:42:00,E016,quote_sent,draft,sent,Q-26003.pdf,1.0,N
EV-000203,keystone_bearing_and_drive,quote_to_order,sales_order,SO-26081,2025-11-20T16:38:00,E015,order_entered,,open,customer_po_P978008,1.0,N
EV-001633,keystone_bearing_and_drive,order_to_cash,customer_invoice,INV-60013,2025-11-20T17:28:00,system,payment_applied,open,paid,Email remittance,0.95,N
EV-001907,keystone_bearing_and_drive,order_to_cash,customer_invoice,INV-60349,2025-11-21T08:55:00,system,payment_applied,open,paid,Lockbox,1.0,N
EV-000475,keystone_bearing_and_drive,quote_to_order,sales_order,SO-26349,2025-11-21T09:34:00,E024,order_entered,,open,customer_po_4500678719,0.9,N
EV-000565,keystone_bearing_and_drive,quote_to_order,sales_order,SO-26438,2025-11-21T11:12:00,E014,order_entered,,open,customer_po_P185066,1.0,N
EV-001305,keystone_bearing_and_drive,order_to_cash,customer_invoice,INV-60170,2025-11-21T13:38:00,E002,invoice_issued,,open,INV-60170.pdf,1.0,N
EV-002811,keystone_bearing_and_drive,procure_to_pay,supplier_invoice,1336619,2025-11-21T14:01:00,E002,invoice_matched,received,paid,1336619,1.0,N
EV-000818,keystone_bearing_and_drive,fulfillment,shipment,SH-50171,2025-11-21T14:05:00,E032,shipment_confirmed,picked,shipped,PS-SH-50171.pdf,1.0,N
EV-000178,keystone_bearing_and_drive,quote_to_order,sales_order,SO-26056,2025-11-21T15:54:00,E024,order_entered,,open,customer_po_4500448988,0.9,N
EV-000154,keystone_bearing_and_drive,quote_to_order,sales_order,SO-26034,2025-11-21T16:45:00,E016,order_entered,,open,customer_po_PO698399,0.9,N
EV-000644,keystone_bearing_and_drive,quote_to_order,sales_order,SO-26517,2025-11-22T07:45:00,E013,order_entered,,open,customer_po_P250059,1.0,N
EV-002246,keystone_bearing_and_drive,procure_to_pay,purchase_order,PO-31226,2025-11-22T09:32:00,E011,po_issued,draft,open,PO-31226.pdf,1.0,N
EV-002614,keystone_bearing_and_drive,procure_to_pay,supplier_invoice,379957,2025-11-22T10:14:00,E002,invoice_matched,received,paid,379957,1.0,N
EV-000890,keystone_bearing_and_drive,fulfillment,shipment,SH-50243,2025-11-22T10:32:00,E030,shipment_confirmed,picked ,shipped,PS-SH-50243.pdf,1.0,N
EV-002063,keystone_bearing_and_drive,procure_to_pay,purchase_order,PO-31043,2025-11-22T10:37:00 ,E011,po_issued,draft,open,PO-31043.pdf,1.0,N
EV-000809,keystone_bearing_and_drive,fulfillment,shipment,SH-50162,2025-11-22T13:01:00,E035,shipment_confirmed,picked,shipped,PS-SH-50162.pdf,1.0,N
EV-001296,keystone_bearing_and_drive,order_to_cash,customer_invoice,INV-60161,2025-11-22T13:14:00,E002,invoice_issued,,open,INV-60161.pdf,1.0,N
EV-002000,keystone_bearing_and_drive,order_to_cash,customer_invoice,INV-60462,2025-11-22T13:48:00,system,payment_applied,open,paid,Bank feed,1.0,N
EV-001377,keystone_bearing_and_drive,order_to_cash,customer_invoice,INV-60242,2025-11-22T14:20:00,E002,invoice_issued,,open,INV-60242.pdf,1.0,N
EV-001813,keystone_bearing_and_drive,order_to_cash,customer_invoice,INV-60231,2025-11-22T16:31:00,system,payment_applied,open,paid,Portal,1.0,N
EV-000082,keystone_bearing_and_drive,quote_to_order,quote,Q-26082,2025-11-22T16:53:00,E020,quote_sent,draft,sent ,Q-26082.pdf,1.0,N
EV-002729,keystone_bearing_and_drive,procure_to_pay,supplier_invoice,INV5541275,2025-11-23T07:08:00,E002,invoice_matched,received,paid,INV5541275,1.0,N
EV-000322,keystone_bearing_and_drive,quote_to_order,sales_order,SO-26198,2025-11-23T07:15:00,E014,order_entered,,open,customer_po_P775970,0.9,N
EV-001725,keystone_bearing_and_drive,order_to_cash,customer_invoice,INV-60121 ,2025-11-23T07:23:00,system,payment_applied,open,paid,Bank feed,1.0,N
EV-000547,keystone_bearing_and_drive,quote_to_order,sales_order,SO-26420,2025-11-23T08:08:00,E024,order_entered,,open,customer_po_PO293035,0.9,N
EV-000209,keystone_bearing_and_drive,quote_to_order,sales_order,SO-26087,2025-11-23T08:28:00,E018,order_entered,,open,customer_po_4500342585,1.0,N
EV-002367,keystone_bearing_and_drive,procure_to_pay,receipt,RCV-40047,2025-11-23T10:14:00,E027,goods_received,open ,received,PS126975,1.0,N
EV-002276 ,keystone_bearing_and_drive,procure_to_pay,purchase_order,PO-31256,2025-11-23T10:31:00,E012 ,po_issued,draft ,open,PO-31256.pdf,1.0,N
EV-001574,keystone_bearing_and_drive,order_to_cash,customer_invoice,INV-60439,2025-11-23T12:11:00,E002,invoice_issued,,open,INV-60439.pdf,1.0,N
EV-000260,keystone_bearing_and_drive,quote_to_order,sales_order,SO-26137,2025-11-23T15:08:00,E024,order_entered,,open,customer_po_P366204,1.0,N
EV-001087,keystone_bearing_and_drive,fulfillment,shipment,SH-50440,2025-11-23T17:22:00,E033 ,shipment_confirmed,picked,shipped,PS-SH-50440.pdf ,1.0,N
EV-002958,keystone_bearing_and_drive,manufacturing,work_order,WO-70032,2025-11-23T17:41:00,E019,wo_released,planned,released,MRP,1.0,N 
EV-002661,keystone_bearing_and_drive,procure_to_pay,supplier_invoice,INV3391737,2025-11-24T07:40:00,E002,match_exception,received,paid,INV3391737,0.7,Y
EV-002148,keystone_bearing_and_drive,procure_to_pay,purchase_order,PO-31128,2025-11-24T09:49:00,E011,po_issued,draft,open,PO-31128.pdf,1.0,N
EV-001926,keystone_bearing_and_drive,order_to_cash,customer_invoice,INV-60377,2025-11-24T10:17:00,system,payment_applied,open,paid,Portal,1.0,N
EV-001795,keystone_bearing_and_drive,order_to_cash,customer_invoice,INV-60208,2025-11-24T10:59:00,system,payment_applied,open,paid,Lockbox,1.0,N
EV-002023,keystone_bearing_and_drive,procure_to_pay,purchase_order,PO-31003,2025-11-24T12:26:00,E012,po_issued,draft,open,PO-31003.pdf,1.0,N
EV-000296,keystone_bearing_and_drive ,quote_to_order,sales_order,SO-26172,2025-11-24T12:32:00,E014,order_entered,,open,customer_po_P994665,1.0,N 
EV-000128,keystone_bearing_and_drive,quote_to_order,sales_order,SO-26009,2025-11-24T15:00:00,E017,order_entered,,open,customer_po_4500424151,1.0,N
EV-002631,keystone_bearing_and_drive,procure_to_pay,supplier_invoice,2538793,2025-11-24T15:57:00,E002,invoice_matched,received,paid,2538793,1.0,N
EV-001544,keystone_bearing_and_drive,order_to_cash,customer_invoice,INV-60409,2025-11-25T08:08:00,E002,invoice_issued,,open,INV-60409.pdf ,1.0,N
EV-001339,keystone_bearing_and_drive,order_to_cash,customer_invoice,INV-60204,2025-11-25T10:41:00,E002 ,invoice_issued,,open,INV-60204.pdf,1.0,N
EV-000852,keystone_bearing_and_drive,fulfillment,shipment,SH-50205,2025-11-25T14:32:00,E033,shipment_confirmed,picked,shipped,PS-SH-50205.pdf,1.0,N
EV-001057,keystone_bearing_and_drive,fulfillment,shipment,SH-50410,2025-11-25T15:14:00,E032,shipment_confirmed ,picked,shipped,PS-SH-50410.pdf,1.0,N
EV-002247,keystone_bearing_and_drive,procure_to_pay,purchase_order,PO-31227,2025-11-25T15:28:00,E011,po_issued,draft,open,PO-31227.pdf,1.0,N
EV-002335,keystone_bearing_and_drive,procure_to_pay,receipt,RCV-40015,2025-11-26T07:06:00,E038,goods_received,open,received,PS769047,1.0,N
EV-000992,keystone_bearing_and_drive,fulfillment,shipment,SH-50345,2025-11-26T07:59:00,E038,shipment_confirmed,picked,shipped,PS-SH-50345.pdf,1.0,N
EV-000244,keystone_bearing_and_drive,quote_to_order,sales_order,SO-26121,2025-11-26T08:49:00,E018,order_entered,,open,customer_po_P956250,1.0,N
EV-001479,keystone_bearing_and_drive,order_to_cash,customer_invoice,INV-60344,2025-11-26T10:01:00,E002,invoice_issued,,open,INV-60344.pdf,1.0,N
EV-003015,keystone_bearing_and_drive,quality,ncr,NCR-0005,2025-11-26T10:06:00,E045,ncr_opened,,open,WO-70058,1.0,Y
EV-000808,keystone_bearing_and_drive,fulfillment,shipment,SH-50161,2025-11-26T10:32:00,E028,shipment_confirmed,picked,shipped,PS-SH-50161.pdf,1.0,N
EV-002635,keystone_bearing_and_drive,procure_to_pay,supplier_invoice,SI7604679,2025-11-26T15:15:00,E002,invoice_matched,received,paid,SI7604679,1.0,N
EV-001930,keystone_bearing_and_drive,order_to_cash,customer_invoice,INV-60381,2025-11-26T15:44:00,system,payment_applied,open,paid,Portal,1.0,N
EV-000466,keystone_bearing_and_drive,quote_to_order,sales_order,SO-26340,2025-11-26T16:02:00,E017,order_entered,,open,customer_po_4500344491,0.9,N
EV-001295,keystone_bearing_and_drive,order_to_cash,customer_invoice,INV-60160,2025-11-26T16:17:00,E002,invoice_issued,,open,INV-60160.pdf,1.0,N
EV-002517,keystone_bearing_and_drive,procure_to_pay,receipt,RCV-40197,2025-11-26T16:52:00,E037,goods_received,open,received,PS381135,1.0,N
EV-003025,keystone_bearing_and_drive,returns,rma,RMA-0010,2025-11-26T17:09:00,E024,rma_approved,requested ,approved,INV-60187,1.0,N
EV-003006,keystone_bearing_and_drive,manufacturing,work_order,WO-70058,2025-11-26T17:42:00,E045,wo_closed,in_process,closed,COC-WO-70058.pdf,1.0,N
EV-002389,keystone_bearing_and_drive,procure_to_pay,receipt,RCV-40069,2025-11-27T08:27:00,E036,goods_received,open,received,PS470201,0.85,Y
EV-002991,keystone_bearing_and_drive,manufacturing,work_order,WO-70051,2025-11-27T09:13:00,E020,wo_released,planned,released,MRP,1.0,N
EV-002888,keystone_bearing_and_drive,procure_to_pay,supplier_invoice,SI5743384,2025-11-27T09:31:00,E002,invoice_matched,received,paid,SI5743384,1.0,N
EV-002207,keystone_bearing_and_drive,procure_to_pay,purchase_order,PO-31187,2025-11-27T09:47:00,E011,po_issued,draft,open,PO-31187.pdf,1.0,N
EV-001631,keystone_bearing_and_drive,order_to_cash,customer_invoice,INV-60011,2025-11-27T09:51:00,system,payment_applied ,open,paid,Bank feed,1.0,N
EV-002599,keystone_bearing_and_drive,procure_to_pay,receipt,RCV-40279,2025-11-27T10:31:00,E037,goods_received,open,received,PS501918,0.85,Y
EV-001781,keystone_bearing_and_drive,order_to_cash,customer_invoice,INV-60192,2025-11-27T11:44:00,system,payment_applied,open,paid,Email remittance,0.95,N
EV-001335,keystone_bearing_and_drive,order_to_cash,customer_invoice,INV-60200,2025-11-27T12:57:00,E002,invoice_issued,,open,INV-60200.pdf,1.0,N
EV-000848,keystone_bearing_and_drive,fulfillment,shipment,SH-50201,2025-11-27T14:11:00,E036,shipment_confirmed,picked,shipped,PS-SH-50201.pdf,1.0,N
EV-001993,keystone_bearing_and_drive,order_to_cash,customer_invoice,INV-60454,2025-11-27T14:48:00,system,payment_applied,open,paid,Email remittance,0.95,N
EV-002014,keystone_bearing_and_drive,order_to_cash,customer_invoice,INV-60481,2025-11-27T16:12:00,system,payment_applied,open,paid,Portal,1.0,N
EV-000358,keystone_bearing_and_drive,quote_to_order,sales_order,SO-26234,2025-11-27T17:05:00,E018,order_entered,,open,customer_po_P786590,1.0,N
EV-000477,keystone_bearing_and_drive,quote_to_order,sales_order,SO-26351,2025-11-27T17:35:00,E014,order_entered,,open ,customer_po_PUR-247353,0.9,N
EV-000514,keystone_bearing_and_drive,quote_to_order,sales_order,SO-26387,2025-11-28T11:25:00,E015,order_entered,,open,customer_po_4500981031,1.0,N
EV-002369,keystone_bearing_and_drive ,procure_to_pay,receipt,RCV-40049,2025-11-28T12:01:00,E033,goods_received,open,received,PS354899,1.0,N
EV-001496,keystone_bearing_and_drive,order_to_cash,customer_invoice,INV-60361,2025-11-28T14:40:00,E002,invoice_issued,,open,INV-60361.pdf,1.0,N
EV-001009,keystone_bearing_and_drive,fulfillment,shipment,SH-50362,2025-11-28T15:41:00,E036,shipment_confirmed,picked,shipped,PS-SH-50362.pdf,1.0,N
EV-001858,keystone_bearing_and_drive,order_to_cash,customer_invoice,INV-60287,2025-11-28T16:28:00,system,payment_applied,open ,paid,Email remittance,0.95,N
EV-000049,keystone_bearing_and_drive,quote_to_order,quote,Q-26049,2025-11-29T07:03:00,E020,quote_sent,draft,sent,Q-26049.pdf,1.0,N
EV-001143,keystone_bearing_and_drive,order_to_cash,customer_invoice,INV-60008,2025-11-29T08:22:00,E002,invoice_issued,,open,INV-60008.pdf,1.0,N
EV-002322,keystone_bearing_and_drive,procure_to_pay,receipt,RCV-40002,2025-11-29T08:51:00,E035,goods_received,open,received,PS654363,1.0,N
EV-000218,keystone_bearing_and_drive,quote_to_order,sales_order,SO-26096,2025-11-29T10:10:00,E018,order_entered,,open,customer_po_4500175004,1.0,N
EV-002583,keystone_bearing_and_drive,procure_to_pay,receipt,RCV-40263,2025-11-29T11:31:00,E031,goods_received,open,received,PS115251,1.0,N
EV-001185,keystone_bearing_and_drive,order_to_cash,customer_invoice,INV-60050,2025-11-29T11:43:00,E002,invoice_issued,,open,INV-60050.pdf,1.0,N 
EV-000821,keystone_bearing_and_drive,fulfillment,shipment,SH-50174,2025-11-29T12:00:00,E037,shipment_confirmed,picked,shipped,PS-SH-50174.pdf,1.0,N
EV-002519,keystone_bearing_and_drive,procure_to_pay,receipt,RCV-40199,2025-11-29T12:08:00,E034,goods_received,open,received,PS235216,1.0,N
EV-000656,keystone_bearing_and_drive,fulfillment,shipment,SH-50009,2025-11-29T13:30:00,E039,shipment_confirmed,picked,shipped,PS-SH-50009.pdf,1.0,N
EV-001746,keystone_bearing_and_drive,order_to_cash,customer_invoice,INV-60147,2025-11-29T13:37:00,system,payment_applied,open,paid,Email remittance,0.95,N
EV-001308,keystone_bearing_and_drive,order_to_cash,customer_invoice,INV-60173,2025-11-29T14:19:00,E002,invoice_issued,,open,INV-60173.pdf,1.0,N
EV-001971,keystone_bearing_and_drive,order_to_cash,customer_invoice ,INV-60426,2025-11-29T14:28:00,system,payment_applied,open,paid,Portal,1.0,N
EV-000698,keystone_bearing_and_drive,fulfillment,shipment,SH-50051,2025-11-29T14:32:00,E029,shipment_confirmed,picked,shipped,PS-SH-50051.pdf,1.0,N
EV-002872,keystone_bearing_and_drive,procure_to_pay,supplier_invoice,SI3366405,2025-11-30T07:13:00,E002,invoice_matched,received,paid,SI3366405,1.0,N
EV-002180,keystone_bearing_and_drive,procure_to_pay,purchase_order ,PO-31160,2025-11-30T08:08:00,E011,po_issued,draft,open,PO-31160.pdf,1.0,N
EV-001823,keystone_bearing_and_drive,order_to_cash,customer_invoice,INV-60243,2025-11-30T08:23:00,system,payment_applied,open,paid,Email remittance,0.95,N
EV-000494,keystone_bearing_and_drive,quote_to_order,sales_order,SO-26368,2025-11-30T08:54:00,E018,order_entered,,open,customer_po_PO689593,0.9,N
EV-001073,keystone_bearing_and_drive ,fulfillment,shipment,SH-50426,2025-11-30T09:11:00,E034,shipment_confirmed,picked,shipped,PS-SH-50426.pdf,1.0,N
EV-002806,keystone_bearing_and_drive,procure_to_pay,supplier_invoice,SI9757803,2025-11-30T12:01:00,E002,invoice_matched,received,paid,SI9757803,1.0,N
EV-001872,keystone_bearing_and_drive,order_to_cash,customer_invoice,INV-60306,2025-11-30T12:43:00,system,payment_applied,open,paid,Lockbox,1.0,N
EV-002005,keystone_bearing_and_drive,order_to_cash,customer_invoice,INV-60468,2025-11-30T13:17:00,system,payment_applied,open,paid,Bank feed,1.0,N
EV-002195,keystone_bearing_and_drive,procure_to_pay,purchase_order,PO-31175,2025-11-30T16:11:00,E011,po_issued,draft,open,PO-31175.pdf,1.0,N
EV-001560,keystone_bearing_and_drive,order_to_cash,customer_invoice,INV-60425,2025-11-30T17:13:00,E002,invoice_issued,,open,INV-60425.pdf,1.0,N
EV-000026,keystone_bearing_and_drive,quote_to_order,quote,Q-26026,2025-12-01T09:37:00,E019,quote_sent,draft,sent,Q-26026.pdf,1.0,N
EV-002624,keystone_bearing_and_drive,procure_to_pay,supplier_invoice,SI4073147,2025-12-01T09:40:00,E002,invoice_matched,received,paid,SI4073147,1.0,N
EV-002062,keystone_bearing_and_drive,procure_to_pay,purchase_order,PO-31042,2025-12-01T09:53:00,E011,po_issued,draft,open ,PO-31042.pdf,1.0,N
EV-000479,keystone_bearing_and_drive,quote_to_order,sales_order,SO-26353,2025-12-01T11:02:00,E015,order_entered,,open,customer_po_PO916296,0.9,N
EV-000029,keystone_bearing_and_drive,quote_to_order,quote,Q-26029,2025-12-01T11:15:00,E021,quote_sent,draft,sent,Q-26029.pdf,1.0,N
EV-002040,keystone_bearing_and_drive,procure_to_pay,purchase_order,PO-31020,2025-12-01T11:51:00,E011,po_issued,draft,open,PO-31020.pdf,1.0,N
EV-001115,keystone_bearing_and_drive,fulfillment,shipment,SH-50468,2025-12-01T12:25:00,E034,shipment_confirmed,picked,shipped,PS-SH-50468.pdf,1.0,N
EV-001602,keystone_bearing_and_drive,order_to_cash,customer_invoice,INV-60467,2025-12-01T13:10:00,E002,invoice_issued,,open ,INV-60467.pdf,1.0,N
EV-001838,keystone_bearing_and_drive,order_to_cash,customer_invoice,INV-60260,2025-12-02T08:01:00,system,payment_applied,open,paid,Email remittance,0.95,N
EV-002458,keystone_bearing_and_drive,procure_to_pay,receipt,RCV-40138,2025-12-02T08:18:00,E026,goods_received,open,received,PS483802,1.0,N
EV-000516,keystone_bearing_and_drive,quote_to_order,sales_order,SO-26389,2025-12-02T08:20:00,E013,order_entered,,open,customer_po_4500102089 ,0.9,N
EV-002965,keystone_bearing_and_drive,manufacturing,work_order,WO-70036,2025-12-02T08:48:00,E024,wo_released,planned ,released,MRP,1.0,N
EV-002403,keystone_bearing_and_drive,procure_to_pay,receipt,RCV-40083,2025-12-02T09:24:00,E031,goods_received,open,received,PS143398,0.85,Y
EV-002244,keystone_bearing_and_drive,procure_to_pay,purchase_order,PO-31224,2025-12-02T10:28:00,E011,po_issued,draft,open,PO-31224.pdf,1.0,N
EV-003008,keystone_bearing_and_drive,manufacturing,work_order,WO-70059,2025-12-02T10:28:00,E045,wo_closed,in_process,closed,COC-WO-70059.pdf,1.0,N
EV-000301,keystone_bearing_and_drive,quote_to_order,sales_order,SO-26177,2025-12-02T12:16:00,E018,order_entered,,open,customer_po_PO349650 ,1.0,N
EV-001933,keystone_bearing_and_drive,order_to_cash,customer_invoice,INV-60385,2025-12-02T13:19:00,system ,payment_applied,open,paid,Lockbox,1.0,N
EV-001717,keystone_bearing_and_drive,order_to_cash,customer_invoice,INV-60110,2025-12-02T13:31:00,system,payment_applied,open,paid,Lockbox,1.0,N
EV-002658,keystone_bearing_and_drive,procure_to_pay,supplier_invoice,SI4693485,2025-12-03T09:04:00,E002,invoice_matched,received,paid,SI4693485,1.0,N
EV-001163,keystone_bearing_and_drive,order_to_cash,customer_invoice,INV-60028,2025-12-03T09:28:00,E002,invoice_issued,,open,INV-60028.pdf,1.0,N
EV-001042,keystone_bearing_and_drive,fulfillment,shipment,SH-50395,2025-12-03T10:28:00,E032,shipment_confirmed,picked,shipped,PS-SH-50395.pdf,1.0,N 
EV-001707,keystone_bearing_and_drive,order_to_cash,customer_invoice,INV-60100,2025-12-03T11:15:00,system,payment_applied,open,paid,Lockbox,1.0,N
EV-001529,keystone_bearing_and_drive,order_to_cash,customer_invoice,INV-60394,2025-12-03T13:58:00,E002,invoice_issued,,open,INV-60394.pdf,1.0,N
EV-000676,keystone_bearing_and_drive,fulfillment,shipment ,SH-50029,2025-12-03T14:33:00,E038,shipment_confirmed ,picked,shipped,PS-SH-50029.pdf,1.0,N
EV-000691,keystone_bearing_and_drive,fulfillment,shipment,SH-50044,2025-12-03T15:39:00,E030,shipment_confirmed ,picked,shipped,PS-SH-50044.pdf,1.0,N
EV-000597,keystone_bearing_and_drive,quote_to_order,sales_order,SO-26470,2025-12-03T15:43:00,E024,order_entered,,open,customer_po_PO596434,1.0,N
EV-001178,keystone_bearing_and_drive,order_to_cash,customer_invoice,INV-60043,2025-12-03T16:22:00,E002,invoice_issued,,open,INV-60043.pdf,1.0,N
EV-002611,keystone_bearing_and_drive,procure_to_pay,supplier_invoice,95662838,2025-12-03T16:38:00,E002,invoice_matched,received,paid,95662838,1.0,N
EV-000126,keystone_bearing_and_drive,quote_to_order,sales_order,SO-26007,2025-12-04T08:44:00,E015,order_entered,,open,customer_po_PO682347,0.9,N
EV-001217,keystone_bearing_and_drive,order_to_cash,customer_invoice,INV-60082,2025-12-04T09:31:00,E002,invoice_issued,,open,INV-60082.pdf,1.0,N
EV-002656,keystone_bearing_and_drive,procure_to_pay,supplier_invoice,SI9033609,2025-12-04T12:15:00,E002,match_exception,received,paid,SI9033609,0.7,Y
EV-002145,keystone_bearing_and_drive,procure_to_pay,purchase_order,PO-31125,2025-12-04T12:57:00,E011,po_issued,draft,open,PO-31125.pdf,1.0,N
EV-000730,keystone_bearing_and_drive,fulfillment,shipment,SH-50083,2025-12-04T12:58:00,E031,shipment_confirmed,picked,shipped,PS-SH-50083.pdf,1.0,N
EV-002077,keystone_bearing_and_drive,procure_to_pay,purchase_order,PO-31057,2025-12-04T14:49:00,E011,po_issued,draft,open,PO-31057.pdf,1.0,N
EV-002184,keystone_bearing_and_drive,procure_to_pay,purchase_order,PO-31164,2025-12-04T15:41:00 ,E012,po_issued,draft,open,PO-31164.pdf,1.0,N
EV-002678 ,keystone_bearing_and_drive,procure_to_pay,supplier_invoice,INV3066238,2025-12-04T16:42:00,E002,invoice_matched,received,paid,INV3066238,1.0,N
EV-002362,keystone_bearing_and_drive,procure_to_pay,receipt,RCV-40042,2025-12-04T17:04:00,E036,goods_received ,open,received,PS909880,0.85,Y
EV-002591,keystone_bearing_and_drive,procure_to_pay,receipt,RCV-40271,2025-12-04T17:28:00,E034,goods_received,open,received,PS491790,0.85,Y
EV-000595,keystone_bearing_and_drive,quote_to_order,sales_order,SO-26468,2025-12-05T07:27:00,E024,order_entered,,open,customer_po_4500530424,0.9,N
EV-000420,keystone_bearing_and_drive,quote_to_order,sales_order,SO-26295,2025-12-05T10:33:00,E024,order_entered,,open,customer_po_PO707495,0.9,N
EV-001421,keystone_bearing_and_drive,order_to_cash,customer_invoice,INV-60286,2025-12-05T11:47:00,E002,invoice_issued,,open,INV-60286.pdf,1.0,N
EV-002936,keystone_bearing_and_drive,manufacturing,work_order,WO-70020,2025-12-05T15:08:00,E045,wo_closed,in_process,closed,COC-WO-70020.pdf,1.0,N
EV-000934,keystone_bearing_and_drive,fulfillment,shipment,SH-50287,2025-12-05T15:23:00,E027,shipment_confirmed,picked,shipped,PS-SH-50287.pdf,1.0,N
EV-000184,keystone_bearing_and_drive,quote_to_order,sales_order,SO-26062,2025-12-05T16:27:00,E014,order_entered,,open,customer_po_PO364809,0.9,N
EV-001173,keystone_bearing_and_drive,order_to_cash,customer_invoice,INV-60038,2025-12-06T10:53:00,E002,invoice_issued,,open,INV-60038.pdf,1.0,N
EV-000686,keystone_bearing_and_drive,fulfillment,shipment,SH-50039,2025-12-06T11:26:00,E030,shipment_confirmed,picked,shipped,PS-SH-50039.pdf,1.0,N 
EV-000405,keystone_bearing_and_drive,quote_to_order,sales_order,SO-26281,2025-12-06T11:38:00,E015,order_entered,,open ,customer_po_PO431495,1.0,N
EV-000136,keystone_bearing_and_drive,quote_to_order,sales_order,SO-26016,2025-12-06T12:38:00,E016,order_entered,,open,customer_po_P266473,0.9,N
EV-000461,keystone_bearing_and_drive,quote_to_order,sales_order,SO-26335,2025-12-06T13:08:00,E016,order_entered,,open,customer_po_4500643333,0.9,N
EV-000727,keystone_bearing_and_drive,fulfillment,shipment,SH-50080,2025-12-06T14:34:00,E034,shipment_confirmed,picked,shipped,PS-SH-50080.pdf,1.0,N
EV-002960,keystone_bearing_and_drive,manufacturing,work_order,WO-70033,2025-12-06T14:56:00,E024,wo_released,planned,released,MRP,1.0,N
EV-001214,keystone_bearing_and_drive,order_to_cash,customer_invoice,INV-60079,2025-12-06T15:25:00 ,E002,invoice_issued,,open,INV-60079.pdf,1.0,N
EV-001774,keystone_bearing_and_drive,order_to_cash,customer_invoice,INV-60182,2025-12-06T16:18:00,system,payment_applied,open,paid,Portal,1.0,N
EV-001668,keystone_bearing_and_drive,order_to_cash,customer_invoice,INV-60056,2025-12-06T17:21:00,system,payment_applied,open,paid,Bank feed,1.0,N
EV-001299,keystone_bearing_and_drive,order_to_cash,customer_invoice,INV-60164,2025-12-07T07:14:00,E002,invoice_issued,,open,INV-60164.pdf,1.0,N
EV-000897,keystone_bearing_and_drive,fulfillment,shipment,SH-50250,2025-12-07T07:53:00,E035,shipment_confirmed,picked,shipped,PS-SH-50250.pdf,1.0,N
EV-002692,keystone_bearing_and_drive,procure_to_pay,supplier_invoice,5821287,2025-12-07T09:35:00,E002,invoice_matched,received,paid,5821287,1.0,N
EV-001994,keystone_bearing_and_drive,order_to_cash ,customer_invoice,INV-60455,2025-12-07T10:06:00,system,payment_applied,open,paid,Bank feed,1.0,N
EV-002443,keystone_bearing_and_drive,procure_to_pay,receipt,RCV-40123,2025-12-07T10:10:00,E031 ,goods_received,open,received,PS747357,1.0,N
EV-000812,keystone_bearing_and_drive,fulfillment,shipment,SH-50165,2025-12-07T10:44:00,E033,shipment_confirmed,picked,shipped,PS-SH-50165.pdf,1.0,N
EV-001384,keystone_bearing_and_drive,order_to_cash,customer_invoice,INV-60249,2025-12-07T11:51:00,E002,invoice_issued,,open,INV-60249.pdf,1.0,N
EV-001482,keystone_bearing_and_drive,order_to_cash,customer_invoice,INV-60347,2025-12-07T13:44:00,E002,invoice_issued,,open,INV-60347.pdf,1.0,N 
EV-001780,keystone_bearing_and_drive,order_to_cash,customer_invoice,INV-60190,2025-12-07T14:30:00,system,payment_applied ,open,paid,Email remittance,0.95,N
EV-000995,keystone_bearing_and_drive,fulfillment,shipment,SH-50348,2025-12-07T17:53:00,E029,shipment_confirmed,picked,shipped,PS-SH-50348.pdf,1.0,N
EV-001990,keystone_bearing_and_drive,order_to_cash,customer_invoice,INV-60451,2025-12-07T17:59:00,system,payment_applied,open,paid,Lockbox,1.0,N
EV-000578,keystone_bearing_and_drive,quote_to_order,sales_order,SO-26451,2025-12-08T07:06:00,E017,order_entered,,open,customer_po_PUR-793697,1.0,N
EV-001060,keystone_bearing_and_drive,fulfillment,shipment,SH-50413 ,2025-12-08T07:36:00,E032,shipment_confirmed,picked,shipped,PS-SH-50413.pdf,1.0,N
EV-001683,keystone_bearing_and_drive,order_to_cash,customer_invoice,INV-60074,2025-12-08T07:37:00,system,payment_applied,open,paid ,Lockbox,1.0,N
EV-002747,keystone_bearing_and_drive,procure_to_pay,supplier_invoice,SI1368756,2025-12-08T09:34:00,E002,invoice_matched,received,paid,SI1368756,1.0,N
EV-001547,keystone_bearing_and_drive,order_to_cash,customer_invoice,INV-60412,2025-12-08T09:51:00,E002,invoice_issued,,open,INV-60412.pdf,1.0,N
EV-001638 ,keystone_bearing_and_drive,order_to_cash,customer_invoice ,INV-60020,2025-12-08T09:54:00,system ,payment_applied,open,paid,Portal,1.0,N
EV-000305,keystone_bearing_and_drive,quote_to_order,sales_order,SO-26181,2025-12-08T11:41:00,E018,order_entered,,open,customer_po_PUR-883440,1.0,N
EV-000249 ,keystone_bearing_and_drive,quote_to_order,sales_order,SO-26126,2025-12-08T13:03:00,E024,order_entered,,open,customer_po_PUR-996245,1.0,N
EV-000366,keystone_bearing_and_drive,quote_to_order,sales_order,SO-26242,2025-12-08T14:28:00,E015,order_entered,,open,customer_po_P842603,0.9,N
EV-002595,keystone_bearing_and_drive,procure_to_pay ,receipt,RCV-40275,2025-12-08T15:28:00,E032,goods_received,open,received,PS806661,1.0,N
EV-002241,keystone_bearing_and_drive,procure_to_pay,purchase_order,PO-31221,2025-12-08T15:46:00,E011,po_issued,draft,open,PO-31221.pdf,1.0,N
EV-001670,keystone_bearing_and_drive,order_to_cash,customer_invoice,INV-60058,2025-12-08T17:43:00,system,payment_applied,open,paid,Lockbox,1.0,N
EV-001158,keystone_bearing_and_drive,order_to_cash,customer_invoice,INV-60023 ,2025-12-09T08:26:00,E002,invoice_issued,,open,INV-60023.pdf,1.0,N
EV-002446,keystone_bearing_and_drive,procure_to_pay,receipt,RCV-40126,2025-12-09T08:41:00,E027,goods_received,open,received ,PS385161,1.0,N
EV-002808,keystone_bearing_and_drive,procure_to_pay,supplier_invoice,SI9018185,2025-12-09T10:29:00,E002,match_exception,received,paid,SI9018185,0.7,Y
EV-000348,keystone_bearing_and_drive,quote_to_order,sales_order,SO-26224,2025-12-09T11:18:00,E025,order_entered,,open,customer_po_4500782588,1.0,N
EV-002992,keystone_bearing_and_drive,manufacturing,work_order,WO-70051,2025-12-09T13:12:00,E045,wo_closed,in_process,closed,COC-WO-70051.pdf,1.0,N
EV-000671,keystone_bearing_and_drive,fulfillment,shipment,SH-50024,2025-12-09T15:15:00,E039,shipment_confirmed,picked,shipped,PS-SH-50024.pdf,1.0,N
EV-002907,keystone_bearing_and_drive,manufacturing,work_order,WO-70005,2025-12-09T17:14:00,E045,wo_closed,in_process,closed,COC-WO-70005.pdf,1.0,N
EV-002470,keystone_bearing_and_drive,procure_to_pay ,receipt,RCV-40150,2025-12-10T07:35:00,E038,goods_received,open,received,PS636457,1.0,N
EV-001385,keystone_bearing_and_drive,order_to_cash,customer_invoice,INV-60250,2025-12-10T10:40:00,E002,invoice_issued,,open,INV-60250.pdf,1.0,N
EV-002570,keystone_bearing_and_drive,procure_to_pay,receipt,RCV-40250,2025-12-10T11:11:00,E033,goods_received,open,received,PS459336,0.85,Y
EV-000898,keystone_bearing_and_drive,fulfillment,shipment,SH-50251,2025-12-10T12:23:00,E033,shipment_confirmed,picked,shipped,PS-SH-50251.pdf,1.0,N
EV-000287,keystone_bearing_and_drive,quote_to_order,sales_order,SO-26163,2025-12-11T08:56:00,E024,order_entered,,open,customer_po_PUR-509403,0.9,N
EV-003011,keystone_bearing_and_drive,quality,ncr,NCR-0001,2025-12-11T11:30:00,E045,ncr_opened,,open,RCV-40150,1.0,Y
EV-002534,keystone_bearing_and_drive,procure_to_pay,receipt,RCV-40214,2025-12-11T14:27:00,E033,goods_received,open,received,PS796162,1.0,N
EV-002651,keystone_bearing_and_drive,procure_to_pay,supplier_invoice,INV7638244,2025-12-11T14:30:00,E002,invoice_matched,received,paid,INV7638244,1.0,N
EV-002509,keystone_bearing_and_drive ,procure_to_pay,receipt,RCV-40189,2025-12-11T16:11:00,E027,goods_received ,open,received,PS372026,0.85,Y
EV-000763,keystone_bearing_and_drive,fulfillment,shipment,SH-50116,2025-12-11T16:47:00,E039,shipment_confirmed,picked,shipped,PS-SH-50116.pdf,1.0,N
EV-001250,keystone_bearing_and_drive,order_to_cash,customer_invoice,INV-60115,2025-12-11T17:29:00,E002,invoice_issued,,open,INV-60115.pdf,1.0,N
EV-000346,keystone_bearing_and_drive,quote_to_order,sales_order,SO-26222,2025-12-11T17:52:00,E014,order_entered,,open,customer_po_P267635,1.0,N
EV-000367,keystone_bearing_and_drive,quote_to_order,sales_order,SO-26243,2025-12-12T08:25:00,E014,order_entered,,open,customer_po_PUR-495557,0.9,N
EV-001298,keystone_bearing_and_drive,order_to_cash,customer_invoice,INV-60163,2025-12-12T08:55:00,E002,invoice_issued,,open,INV-60163.pdf,1.0,N
EV-002499,keystone_bearing_and_drive,procure_to_pay,receipt,RCV-40179,2025-12-12T10:03:00,E030 ,goods_received ,open,received,PS744105,0.85,Y
EV-000673,keystone_bearing_and_drive,fulfillment,shipment,SH-50026,2025-12-12T10:06:00,E031,shipment_confirmed,picked,shipped,PS-SH-50026.pdf,1.0,N 
EV-001160,keystone_bearing_and_drive,order_to_cash,customer_invoice,INV-60025,2025-12-12T10:15:00,E002,invoice_issued,,open,INV-60025.pdf,1.0,N
EV-001515,keystone_bearing_and_drive,order_to_cash,customer_invoice,INV-60380,2025-12-12T10:21:00 ,E002,invoice_issued,,open ,INV-60380.pdf,1.0,N
EV-000811,keystone_bearing_and_drive,fulfillment,shipment,SH-50164,2025-12-12T12:40:00,E032,shipment_confirmed,picked,shipped,PS-SH-50164.pdf,1.0,N
EV-002307,keystone_bearing_and_drive,procure_to_pay,purchase_order,PO-31287,2025-12-12T14:39:00,E011,po_issued,draft,open,PO-31287.pdf,1.0,N
EV-002161,keystone_bearing_and_drive,procure_to_pay ,purchase_order,PO-31141,2025-12-12T14:42:00,E012,po_issued,draft,open,PO-31141.pdf,1.0,N
EV-001167,keystone_bearing_and_drive,order_to_cash,customer_invoice,INV-60032,2025-12-12T15:11:00,E002,invoice_issued,,open,INV-60032.pdf,1.0,N
EV-000680,keystone_bearing_and_drive,fulfillment,shipment,SH-50033,2025-12-12T15:46:00,E033,shipment_confirmed,picked,shipped,PS-SH-50033.pdf,1.0,N
EV-001028,keystone_bearing_and_drive,fulfillment,shipment,SH-50381,2025-12-12T16:34:00,E034,shipment_confirmed,picked,shipped,PS-SH-50381.pdf,1.0,N
EV-002884,keystone_bearing_and_drive,procure_to_pay,supplier_invoice,7379500,2025-12-13T08:00:00,E002,invoice_matched,received,paid,7379500,1.0,N
EV-002732,keystone_bearing_and_drive,procure_to_pay,supplier_invoice,SI6772560,2025-12-13T10:30:00,E002,invoice_matched,received,paid,SI6772560,1.0,N
EV-001307,keystone_bearing_and_drive,order_to_cash,customer_invoice,INV-60172,2025-12-13T14:20:00,E002,invoice_issued,,open,INV-60172.pdf,1.0,N
EV-000820,keystone_bearing_and_drive,fulfillment,shipment,SH-50173,2025-12-13T14:23:00,E037,shipment_confirmed,picked,shipped,PS-SH-50173.pdf,1.0,N
EV-002959,keystone_bearing_and_drive,manufacturing,work_order,WO-70032,2025-12-13T16:13:00,E045,wo_closed,in_process,closed,COC-WO-70032.pdf,1.0,N
EV-002299,keystone_bearing_and_drive,procure_to_pay,purchase_order,PO-31279,2025-12-13T17:04:00,E012,po_issued,draft,open,PO-31279.pdf,1.0,N
EV-000542,keystone_bearing_and_drive,quote_to_order,sales_order,SO-26415,2025-12-14T07:14:00,E024,order_entered,,open,customer_po_PO292720,1.0,N
EV-002735,keystone_bearing_and_drive,procure_to_pay,supplier_invoice,99004703,2025-12-14T07:27:00,E002,invoice_matched,received,paid,99004703,1.0,N
EV-000867,keystone_bearing_and_drive,fulfillment,shipment,SH-50220,2025-12-14T08:28:00,E038,shipment_confirmed,picked,shipped,PS-SH-50220.pdf ,1.0,N
EV-002880,keystone_bearing_and_drive,procure_to_pay,supplier_invoice,99035239,2025-12-14T09:19:00,E002,invoice_matched,received,paid,99035239,1.0,N
EV-001464,keystone_bearing_and_drive,order_to_cash,customer_invoice,INV-60329,2025-12-14T09:32:00,E002,invoice_issued,,open,INV-60329.pdf,1.0,N
EV-000977,keystone_bearing_and_drive,fulfillment,shipment,SH-50330,2025-12-14T10:47:00,E026,shipment_confirmed,picked,shipped,PS-SH-50330.pdf,1.0,N
EV-001672,keystone_bearing_and_drive,order_to_cash,customer_invoice,INV-60062,2025-12-14T11:43:00,system,payment_applied,open,paid,Email remittance,0.95,N
EV-001096,keystone_bearing_and_drive,fulfillment,shipment,SH-50449,2025-12-14T12:02:00,E031,shipment_confirmed,picked,shipped,PS-SH-50449.pdf,1.0,N
EV-001354,keystone_bearing_and_drive,order_to_cash,customer_invoice,INV-60219,2025-12-14T12:06:00,E002,invoice_issued,,open,INV-60219.pdf,1.0,N
EV-001583,keystone_bearing_and_drive,order_to_cash,customer_invoice,INV-60448,2025-12-14T12:20:00,E002,invoice_issued,,open,INV-60448.pdf,1.0,N
EV-001731,keystone_bearing_and_drive,order_to_cash,customer_invoice,INV-60129,2025-12-14T13:26:00,system,payment_applied,open,paid,Lockbox ,1.0,N
EV-000219,keystone_bearing_and_drive,quote_to_order,sales_order,SO-26097,2025-12-14T16:34:00,E015,order_entered,,open,customer_po_P281524,1.0,N
EV-000200,keystone_bearing_and_drive,quote_to_order,sales_order,SO-26078,2025-12-15T08:14:00,E017,order_entered,,open,customer_po_4500253366,1.0,N
EV-000341,keystone_bearing_and_drive,quote_to_order,sales_order,SO-26217,2025-12-15T09:25:00,E014,order_entered,,open,customer_po_PO397851,0.9,N
EV-002759,keystone_bearing_and_drive,procure_to_pay,supplier_invoice,INV8727064 ,2025-12-15T14:33:00,E002,invoice_matched,received,paid,INV8727064,1.0,N
EV-001132,keystone_bearing_and_drive,fulfillment,shipment,SH-50485,2025-12-15T16:29:00,E029,shipment_confirmed,picked,shipped,PS-SH-50485.pdf,1.0,N
EV-002798,keystone_bearing_and_drive,procure_to_pay,supplier_invoice ,SI217493,2025-12-15T17:13:00,E002,invoice_matched,received,paid,SI217493,1.0,N
EV-001619,keystone_bearing_and_drive,order_to_cash,customer_invoice,INV-60484,2025-12-15T17:44:00,E002,invoice_issued,,open,INV-60484.pdf,1.0,N
EV-000403,keystone_bearing_and_drive,quote_to_order,sales_order,SO-26279,2025-12-16T07:30:00,E018,order_entered ,,open,customer_po_PUR-257286,0.9,N
EV-002039,keystone_bearing_and_drive,procure_to_pay,purchase_order,PO-31019,2025-12-16T08:28:00,E011,po_issued ,draft,open,PO-31019.pdf,1.0,N
EV-000368,keystone_bearing_and_drive,quote_to_order,sales_order,SO-26244,2025-12-16T10:34:00,E013,order_entered,,open,customer_po_PUR-138856,1.0,N
EV-000220,keystone_bearing_and_drive,quote_to_order,sales_order,SO-26098,2025-12-16T11:23:00,E024,order_entered,,open,customer_po_4500884186,0.9,N
EV-000385,keystone_bearing_and_drive,quote_to_order,sales_order,SO-26261,2025-12-16T12:14:00,E015,order_entered,,open,customer_po_P846229,0.9,N
EV-001777,keystone_bearing_and_drive,order_to_cash,customer_invoice,INV-60187,2025-12-16T12:32:00,system,payment_applied,open,paid,Lockbox,1.0,N
EV-000036,keystone_bearing_and_drive,quote_to_order,quote,Q-26036,2025-12-16T14:16:00,E014,quote_sent,draft,sent,Q-26036.pdf,1.0,N
EV-001917,keystone_bearing_and_drive,order_to_cash,customer_invoice,INV-60361,2025-12-16T17:50:00,system,payment_applied,open,paid,Email remittance,0.95,N
EV-001466,keystone_bearing_and_drive,order_to_cash,customer_invoice,INV-60331,2025-12-17T07:17:00,E002,invoice_issued,,open,INV-60331.pdf,1.0,N
EV-000979,keystone_bearing_and_drive,fulfillment,shipment,SH-50332,2025-12-17T07:50:00,E034,shipment_confirmed,picked,shipped,PS-SH-50332.pdf,1.0,N
EV-000497,keystone_bearing_and_drive,quote_to_order,sales_order,SO-26371,2025-12-17T08:04:00,E015,order_entered,,open,customer_po_PO443233,0.9,N
EV-002859,keystone_bearing_and_drive,procure_to_pay,supplier_invoice,6200379,2025-12-17T08:05:00 ,E002,invoice_matched,received,paid,6200379,1.0,N
EV-002047,keystone_bearing_and_drive,procure_to_pay,purchase_order,PO-31027,2025-12-17T08:09:00,E011,po_issued,draft,open,PO-31027.pdf,1.0,N
EV-002491,keystone_bearing_and_drive,procure_to_pay,receipt,RCV-40171,2025-12-17T09:43:00,E030,goods_received,open,received,PS496333,0.85,Y
EV-001977,keystone_bearing_and_drive,order_to_cash,customer_invoice,INV-60437,2025-12-17T10:01:00,system,payment_applied,open,paid,Portal,1.0,N
EV-002028,keystone_bearing_and_drive,procure_to_pay,purchase_order,PO-31008,2025-12-17T10:36:00,E012,po_issued,draft,open,PO-31008.pdf,1.0,N
EV-001287,keystone_bearing_and_drive,order_to_cash,customer_invoice,INV-60152,2025-12-17T10:44:00,E002,invoice_issued,,open,INV-60152.pdf,1.0,N
EV-000800,keystone_bearing_and_drive,fulfillment,shipment,SH-50153,2025-12-17T11:19:00,E033,shipment_confirmed,picked,shipped,PS-SH-50153.pdf,1.0,N
EV-001954,keystone_bearing_and_drive,order_to_cash,customer_invoice,INV-60408,2025-12-17T12:11:00,system,payment_applied,open,paid,Bank feed,1.0,N
EV-000633,keystone_bearing_and_drive,quote_to_order,sales_order,SO-26506,2025-12-17T12:37:00,E013,order_entered,,open,customer_po_PO525039,0.9,N
EV-001961,keystone_bearing_and_drive,order_to_cash,customer_invoice,INV-60415,2025-12-17T14:25:00,system,payment_applied,open,paid,Bank feed,1.0,N
EV-002539,keystone_bearing_and_drive,procure_to_pay,receipt,RCV-40219,2025-12-17T17:39:00,E037,goods_received,open,received,PS350699,1.0,N
EV-002788,keystone_bearing_and_drive,procure_to_pay,supplier_invoice,96006366,2025-12-18T07:02:00,E002,invoice_matched,received,paid,96006366,1.0,N
EV-001189,keystone_bearing_and_drive,order_to_cash,customer_invoice,INV-60054,2025-12-18T07:48:00,E002,invoice_issued,,open,INV-60054.pdf,1.0,N
EV-002902,keystone_bearing_and_drive,manufacturing,work_order,WO-70003,2025-12-18T08:12:00,E014,wo_released,planned ,released,MRP ,1.0,N
EV-000417,keystone_bearing_and_drive,credit_control,sales_order,SO-26292,2025-12-18T10:56:00,E002,credit_hold_applied,open,credit_hold,credit_checks,1.0,N
EV-000702,keystone_bearing_and_drive,fulfillment,shipment,SH-50055,2025-12-18T11:52:00,E032,shipment_confirmed,picked,shipped,PS-SH-50055.pdf,1.0,N
EV-000416,keystone_bearing_and_drive,quote_to_order,sales_order,SO-26292,2025-12-18T13:41:00,E014,order_entered,,open,customer_po_4500659442,0.9,Y
EV-000159,keystone_bearing_and_drive,quote_to_order,sales_order,SO-26039,2025-12-18T17:26:00,E025,order_entered,,open,customer_po_4500419979,1.0,N
EV-000284,keystone_bearing_and_drive,quote_to_order,sales_order,SO-26160,2025-12-18T17:27:00,E017,order_entered,,open,customer_po_PUR-359778,0.9,N
EV-001682,keystone_bearing_and_drive,order_to_cash,customer_invoice,INV-60073,2025-12-18T17:53:00,system,payment_applied,open,paid,Email remittance,0.95,N
EV-000752,keystone_bearing_and_drive,fulfillment,shipment,SH-50105,2025-12-19T08:20:00,E035 ,shipment_confirmed,picked,shipped,PS-SH-50105.pdf,1.0,N 
EV-001265,keystone_bearing_and_drive,order_to_cash,customer_invoice,INV-60130,2025-12-19T08:23:00,E002,invoice_issued,,open,INV-60130.pdf,1.0,N
EV-000778,keystone_bearing_and_drive,fulfillment,shipment,SH-50131,2025-12-19T08:42:00,E026,shipment_confirmed,picked,shipped,PS-SH-50131.pdf,1.0,N
EV-001910,keystone_bearing_and_drive,order_to_cash,customer_invoice,INV-60353,2025-12-19T11:37:00,system,payment_applied,open,paid,Bank feed,1.0,N
EV-001861 ,keystone_bearing_and_drive,order_to_cash,customer_invoice,INV-60293,2025-12-19T11:53:00,system,payment_applied,open,paid,Bank feed,1.0,N
EV-001239,keystone_bearing_and_drive,order_to_cash,customer_invoice,INV-60104,2025-12-19T12:17:00,E002,invoice_issued,,open,INV-60104.pdf,1.0,N
EV-000202,keystone_bearing_and_drive,quote_to_order,sales_order,SO-26080,2025-12-19T12:50:00,E017,order_entered,,open,customer_po_P783712,0.9,N
EV-000388,keystone_bearing_and_drive,quote_to_order,sales_order,SO-26264,2025-12-19T14:13:00,E024,order_entered,,open,customer_po_4500677146,0.9,N
EV-001873,keystone_bearing_and_drive,order_to_cash,customer_invoice,INV-60307,2025-12-19T16:43:00,system,payment_applied,open,paid,Portal,1.0,N
EV-001752,keystone_bearing_and_drive,order_to_cash,customer_invoice,INV-60153,2025-12-19T17:12:00,system,payment_applied,open,paid,Lockbox,1.0,N
EV-002966,keystone_bearing_and_drive,manufacturing,work_order,WO-70036,2025-12-19T17:16:00,E045,wo_closed,in_process,closed,COC-WO-70036.pdf,1.0,N
EV-000631,keystone_bearing_and_drive,quote_to_order,sales_order,SO-26504,2025-12-20T08:04:00,E016,order_entered,,open,customer_po_P228704,0.9,N
EV-000278,keystone_bearing_and_drive,quote_to_order,sales_order,SO-26154,2025-12-20T08:11:00,E017,order_entered,,open,customer_po_P311631,0.9,N
EV-002828,keystone_bearing_and_drive,procure_to_pay,supplier_invoice,9761925,2025-12-20T11:15:00,E002,invoice_matched,received,paid,9761925,1.0,N
EV-002069,keystone_bearing_and_drive,procure_to_pay,purchase_order,PO-31049,2025-12-20T11:41:00,E011,po_issued,draft,open,PO-31049.pdf,1.0,N
EV-001697,keystone_bearing_and_drive ,order_to_cash,customer_invoice,INV-60088,2025-12-20T11:49:00,system,payment_applied,open,paid,Portal,1.0,N
EV-002823,keystone_bearing_and_drive,procure_to_pay,supplier_invoice,INV9629691,2025-12-20T12:39:00,E002,invoice_matched,received ,paid,INV9629691,1.0,N
EV-000860,keystone_bearing_and_drive,fulfillment,shipment,SH-50213,2025-12-21T10:21:00,E033,shipment_confirmed,picked,shipped,PS-SH-50213.pdf,1.0,N
EV-000319,keystone_bearing_and_drive,quote_to_order,sales_order,SO-26195,2025-12-21T10:39:00,E017,order_entered,,open,customer_po_4500375723,0.9,N
EV-001870,keystone_bearing_and_drive,order_to_cash,customer_invoice,INV-60303,2025-12-21T13:50:00,system,payment_applied,open,paid,Lockbox,1.0,N
EV-002081,keystone_bearing_and_drive,procure_to_pay,purchase_order,PO-31061,2025-12-21T14:44:00,E012,po_issued,draft,open ,PO-31061.pdf,1.0,N
EV-001347,keystone_bearing_and_drive,order_to_cash,customer_invoice,INV-60212,2025-12-21T16:28:00,E002,invoice_issued,,open,INV-60212.pdf,1.0,N
EV-001733,keystone_bearing_and_drive,order_to_cash,customer_invoice,INV-60132,2025-12-21T17:00:00,system,payment_applied,open,paid,Email remittance,0.95,N
EV-002202,keystone_bearing_and_drive,procure_to_pay,purchase_order,PO-31182,2025-12-21T17:12:00,E012,po_issued,draft,open,PO-31182.pdf,1.0,N
EV-001636,keystone_bearing_and_drive,order_to_cash,customer_invoice,INV-60018,2025-12-22T07:32:00,system,payment_applied,open,paid,Lockbox,1.0,N
EV-000256,keystone_bearing_and_drive,quote_to_order,sales_order,SO-26133,2025-12-22T08:34:00,E014,order_entered,,open,customer_po_4500503558,1.0,N
EV-001218,keystone_bearing_and_drive,order_to_cash,customer_invoice,INV-60083,2025-12-22T08:43:00,E002,invoice_issued,,open,INV-60083.pdf,1.0,N
EV-000240,keystone_bearing_and_drive,quote_to_order,sales_order,SO-26117,2025-12-22T09:13:00,E016,order_entered,,open,customer_po_4500913048,0.9,N
EV-002961,keystone_bearing_and_drive,manufacturing,work_order,WO-70033,2025-12-22T09:14:00,E045,wo_closed,in_process,closed,COC-WO-70033.pdf,1.0,N
EV-000453,keystone_bearing_and_drive,quote_to_order,sales_order,SO-26327 ,2025-12-22T09:17:00,E016,order_entered,,open,customer_po_PO667188,0.9,N
EV-001501,keystone_bearing_and_drive,order_to_cash,customer_invoice,INV-60366,2025-12-22T11:36:00,E002,invoice_issued,,open,INV-60366.pdf,1.0,N
EV-001821,keystone_bearing_and_drive,order_to_cash,customer_invoice,INV-60241,2025-12-22T12:07:00,system,payment_applied,open,paid,Email remittance,0.95,N
EV-001014,keystone_bearing_and_drive,fulfillment,shipment,SH-50367,2025-12-22T12:54:00,E029,shipment_confirmed,picked,shipped,PS-SH-50367.pdf,1.0,N
EV-000731,keystone_bearing_and_drive,fulfillment,shipment,SH-50084,2025-12-22T13:29:00,E034,shipment_confirmed ,picked,shipped,PS-SH-50084.pdf,1.0,N
EV-000064,keystone_bearing_and_drive,quote_to_order,quote,Q-26064,2025-12-22T13:53:00,E022,quote_sent,draft,sent,Q-26064.pdf,1.0,N
EV-000199,keystone_bearing_and_drive,quote_to_order,sales_order,SO-26077,2025-12-22T14:00:00,E014,order_entered,,open,customer_po_PUR-449257,0.9,N
EV-002433,keystone_bearing_and_drive,procure_to_pay,receipt,RCV-40113,2025-12-22T14:20:00,E036,goods_received,open ,received,PS893229,1.0,N
EV-001719,keystone_bearing_and_drive,order_to_cash,customer_invoice,INV-60112,2025-12-22T15:06:00,system,payment_applied,open,paid,Email remittance,0.95,N
EV-002363,keystone_bearing_and_drive,procure_to_pay ,receipt,RCV-40043,2025-12-22T16:39:00,E026,goods_received ,open,received,PS759907,1.0,N
EV-000483 ,keystone_bearing_and_drive,quote_to_order,sales_order,SO-26357,2025-12-23T07:05:00,E018,order_entered,,open,customer_po_PUR-583442,1.0,N
EV-000712,keystone_bearing_and_drive,fulfillment,shipment,SH-50065,2025-12-23T07:17:00,E034,shipment_confirmed,picked,shipped,PS-SH-50065.pdf,1.0,N
EV-000573,keystone_bearing_and_drive,quote_to_order,sales_order,SO-26446,2025-12-23T10:17:00,E016,order_entered,,open,customer_po_4500348494,1.0,N
EV-000816,keystone_bearing_and_drive,fulfillment,shipment,SH-50169,2025-12-23T10:21:00,E028,shipment_confirmed,picked,shipped,PS-SH-50169.pdf,1.0,N
EV-000465,keystone_bearing_and_drive,quote_to_order,sales_order,SO-26339,2025-12-23T10:26:00,E017,order_entered,,open ,customer_po_PO144787,0.9,N
EV-001012,keystone_bearing_and_drive,fulfillment,shipment,SH-50365,2025-12-23T10:36:00,E030,shipment_confirmed,picked,shipped,PS-SH-50365.pdf,1.0,N
EV-002132,keystone_bearing_and_drive,procure_to_pay ,purchase_order,PO-31112,2025-12-23T12:37:00,E012,po_issued,draft,open,PO-31112.pdf,1.0,N
EV-001303,keystone_bearing_and_drive,order_to_cash,customer_invoice,INV-60168,2025-12-23T13:03:00,E002,invoice_issued,,open,INV-60168.pdf,1.0,N
EV-001928,keystone_bearing_and_drive,order_to_cash,customer_invoice,INV-60379,2025-12-23T14:19:00,system,payment_applied,open,paid,Lockbox,1.0,N
EV-001499,keystone_bearing_and_drive,order_to_cash,customer_invoice,INV-60364,2025-12-23T14:24:00,E002,invoice_issued ,,open,INV-60364.pdf,1.0,N
EV-002568,keystone_bearing_and_drive,procure_to_pay,receipt,RCV-40248,2025-12-23T14:27:00,E035,goods_received,open,received ,PS443499,1.0,N
EV-002011,keystone_bearing_and_drive,order_to_cash,customer_invoice,INV-60476,2025-12-23T16:24:00,system,payment_applied,open,paid,Lockbox,1.0,N
EV-001199,keystone_bearing_and_drive,order_to_cash,customer_invoice,INV-60064,2025-12-23T17:15:00,E002,invoice_issued,,open,INV-60064.pdf,1.0,N
EV-002423,keystone_bearing_and_drive,procure_to_pay,receipt,RCV-40103,2025-12-23T17:43:00,E035,goods_received,open,received,PS662400,1.0,N
EV-000556,keystone_bearing_and_drive,quote_to_order,sales_order,SO-26429,2025-12-24T07:11:00,E014,order_entered,,open,customer_po_P865988,1.0,N
EV-001655,keystone_bearing_and_drive,order_to_cash,customer_invoice,INV-60041,2025-12-24T07:48:00,system,payment_applied,open,paid,Portal,1.0,N
EV-000837,keystone_bearing_and_drive,fulfillment,shipment ,SH-50190,2025-12-24T07:53:00,E036,shipment_confirmed,picked,shipped,PS-SH-50190.pdf,1.0,N
EV-002270,keystone_bearing_and_drive,procure_to_pay,purchase_order,PO-31250,2025-12-24T11:34:00,E011,po_issued,draft,open,PO-31250.pdf,1.0,N
EV-000522,keystone_bearing_and_drive,quote_to_order,sales_order,SO-26395,2025-12-24T12:40:00,E014,order_entered,,open,customer_po_PUR-638706,0.9,N
EV-001963,keystone_bearing_and_drive,order_to_cash,customer_invoice,INV-60418,2025-12-24T13:03:00,system,payment_applied,open,paid,Portal,1.0,N
EV-001832 ,keystone_bearing_and_drive,order_to_cash,customer_invoice,INV-60252,2025-12-24T14:04:00,system,payment_applied,open,paid,Bank feed,1.0,N
EV-001897,keystone_bearing_and_drive,order_to_cash ,customer_invoice,INV-60337,2025-12-24T14:14:00,system,payment_applied,open,paid,Lockbox,1.0,N
EV-001324,keystone_bearing_and_drive,order_to_cash,customer_invoice,INV-60189,2025-12-24T15:27:00,E002,invoice_issued,,open,INV-60189.pdf,1.0,N
EV-000281,keystone_bearing_and_drive,quote_to_order,sales_order,SO-26157,2025-12-24T16:55:00,E014,order_entered,,open,customer_po_PO142053,0.9,N
EV-001663,keystone_bearing_and_drive,order_to_cash,customer_invoice,INV-60050,2025-12-24T17:55:00,system,payment_applied,open,paid,Portal,1.0,N
EV-002361,keystone_bearing_and_drive,procure_to_pay,receipt,RCV-40041,2025-12-24T17:57:00,E036,goods_received,open,received,PS659285,1.0,N
EV-001788,keystone_bearing_and_drive,order_to_cash,customer_invoice,INV-60200,2025-12-25T07:09:00,system,payment_applied,open,paid,Bank feed,1.0,N
EV-001457,keystone_bearing_and_drive,order_to_cash,customer_invoice,INV-60322,2025-12-25T07:30:00,E002,invoice_issued,,open,INV-60322.pdf,1.0,N
EV-001468,keystone_bearing_and_drive,order_to_cash,customer_invoice,INV-60333,2025-12-25T08:16:00,E002,invoice_issued,,open,INV-60333.pdf,1.0,N
EV-002903,keystone_bearing_and_drive,manufacturing,work_order,WO-70003,2025-12-25T08:38:00,E045,wo_closed,in_process,closed,COC-WO-70003.pdf,1.0,N
EV-000799,keystone_bearing_and_drive,fulfillment,shipment,SH-50152,2025-12-25T09:11:00,E039,shipment_confirmed,picked ,shipped,PS-SH-50152.pdf,1.0,N
EV-000981,keystone_bearing_and_drive,fulfillment,shipment,SH-50334,2025-12-25T09:38:00,E039,shipment_confirmed,picked,shipped,PS-SH-50334.pdf,1.0,N
EV-000877,keystone_bearing_and_drive,fulfillment,shipment,SH-50230,2025-12-25T10:47:00,E039,shipment_confirmed,picked,shipped,PS-SH-50230.pdf,1.0,N
EV-001770,keystone_bearing_and_drive,order_to_cash,customer_invoice,INV-60176,2025-12-25T11:56:00,system,payment_applied,open,paid,Portal,1.0,N
EV-001364,keystone_bearing_and_drive,order_to_cash,customer_invoice,INV-60229,2025-12-25T12:49:00,E002,invoice_issued,,open,INV-60229.pdf,1.0,N
EV-000970,keystone_bearing_and_drive,fulfillment,shipment,SH-50323,2025-12-25T13:54:00,E028,shipment_confirmed,picked,shipped,PS-SH-50323.pdf,1.0,N
EV-001286,keystone_bearing_and_drive,order_to_cash,customer_invoice,INV-60151,2025-12-25T17:15:00,E002,invoice_issued,,open,INV-60151.pdf,1.0,N
EV-002481 ,keystone_bearing_and_drive,procure_to_pay,receipt,RCV-40161,2025-12-26T07:29:00,E034,goods_received,open,received,PS139785,1.0,N
EV-001559,keystone_bearing_and_drive,order_to_cash,customer_invoice,INV-60424,2025-12-26T10:45:00,E002,invoice_issued,,open,INV-60424.pdf,1.0,N
EV-001899,keystone_bearing_and_drive,order_to_cash ,customer_invoice,INV-60339,2025-12-26T11:00:00,system,payment_applied,open,paid,Bank feed,1.0,N
EV-002136,keystone_bearing_and_drive,procure_to_pay,purchase_order,PO-31116,2025-12-26T11:39:00,E011,po_issued,draft,open,PO-31116.pdf,1.0,N
EV-001072,keystone_bearing_and_drive,fulfillment ,shipment,SH-50425,2025-12-26T11:41:00,E034,shipment_confirmed,picked,shipped,PS-SH-50425.pdf,1.0,N
EV-000060,keystone_bearing_and_drive,quote_to_order,quote,Q-26060,2025-12-26T13:18:00,E023,quote_sent,draft,sent,Q-26060.pdf,1.0,N
EV-000078,keystone_bearing_and_drive,quote_to_order,quote,Q-26078,2025-12-26T15:57:00,E023,quote_sent ,draft,sent,Q-26078.pdf,1.0,N
EV-002780,keystone_bearing_and_drive,procure_to_pay,supplier_invoice,INV5261305,2025-12-26T16:08:00,E002,invoice_matched,received,paid,INV5261305,1.0,N
EV-000418,keystone_bearing_and_drive,quote_to_order,sales_order,SO-26293,2025-12-26T16:22:00,E017,order_entered,,open,customer_po_P620965,0.9,N
EV-000043,keystone_bearing_and_drive,quote_to_order,quote,Q-26043,2025-12-27T07:35:00,E019,quote_sent,draft,sent,Q-26043.pdf ,1.0,N
EV-002182,keystone_bearing_and_drive,procure_to_pay ,purchase_order,PO-31162,2025-12-27T07:43:00,E011,po_issued,draft,open,PO-31162.pdf,1.0,N
EV-000196,keystone_bearing_and_drive,quote_to_order,sales_order,SO-26074,2025-12-27T08:41:00,E017,order_entered,,open,customer_po_PUR-837321,0.9,N
EV-001210,keystone_bearing_and_drive,order_to_cash,customer_invoice,INV-60075,2025-12-27T09:12:00,E002,invoice_issued,,open,INV-60075.pdf,1.0,N
EV-000113,keystone_bearing_and_drive,quote_to_order,quote,Q-26113,2025-12-27T10:31:00,E019,quote_sent,draft,sent,Q-26113.pdf,1.0,N
EV-000221,keystone_bearing_and_drive,quote_to_order,sales_order,SO-26099,2025-12-27T12:45:00,E013,order_entered,,open,customer_po_4500301446,0.9,N
EV-002279,keystone_bearing_and_drive,procure_to_pay,purchase_order,PO-31259,2025-12-27T13:04:00,E012,po_issued,draft,open,PO-31259.pdf,1.0,N
EV-000723,keystone_bearing_and_drive,fulfillment,shipment,SH-50076,2025-12-27T13:21:00,E029,shipment_confirmed,picked,shipped,PS-SH-50076.pdf,1.0,N
EV-002020,keystone_bearing_and_drive,order_to_cash,customer_invoice,INV-60487,2025-12-27T13:24:00,system,payment_applied,open,paid,Portal,1.0,N
EV-002954,keystone_bearing_and_drive,manufacturing,work_order,WO-70030,2025-12-27T16:42:00,E018,wo_released,planned,released,MRP,1.0,N
EV-002981,keystone_bearing_and_drive,manufacturing,work_order,WO-70045,2025-12-28T07:41:00,E030,wo_released,planned,released,MRP,1.0,N
EV-000913,keystone_bearing_and_drive,fulfillment,shipment,SH-50266,2025-12-28T08:02:00,E026,shipment_confirmed,picked,shipped,PS-SH-50266.pdf,1.0,N
EV-000726,keystone_bearing_and_drive,fulfillment,shipment,SH-50079,2025-12-28T11:07:00,E039,shipment_confirmed,picked,shipped,PS-SH-50079.pdf,1.0,N
EV-000740,keystone_bearing_and_drive,fulfillment,shipment,SH-50093,2025-12-28T11:16:00,E039,shipment_confirmed,picked,shipped,PS-SH-50093.pdf,1.0,N
EV-000362,keystone_bearing_and_drive,quote_to_order,sales_order,SO-26238,2025-12-28T11:25:00,E025,order_entered,,open,customer_po_PUR-194246,0.9,N
EV-001213,keystone_bearing_and_drive,order_to_cash,customer_invoice,INV-60078,2025-12-28T11:41:00,E002,invoice_issued,,open,INV-60078.pdf,1.0,N
EV-001400,keystone_bearing_and_drive,order_to_cash,customer_invoice,INV-60265,2025-12-28T11:44:00,E002,invoice_issued,,open,INV-60265.pdf,1.0,N
EV-001227,keystone_bearing_and_drive,order_to_cash,customer_invoice,INV-60092,2025-12-28T11:45:00,E002,invoice_issued,,open,INV-60092.pdf,1.0,N
EV-002323,keystone_bearing_and_drive,procure_to_pay,receipt,RCV-40003,2025-12-28T13:06:00,E034,goods_received,open,received,PS552120,1.0,N
EV-002459,keystone_bearing_and_drive,procure_to_pay,receipt,RCV-40139,2025-12-28T16:08:00,E032,goods_received,open,received,PS875426,1.0,N
EV-001857,keystone_bearing_and_drive,order_to_cash,customer_invoice,INV-60286,2025-12-29T07:11:00,system,payment_applied,open,paid,Bank feed,1.0,N
EV-000148,keystone_bearing_and_drive,quote_to_order,sales_order,SO-26028,2025-12-29T08:10:00,E015,order_entered,,open,customer_po_PO112885,1.0,N
EV-002210,keystone_bearing_and_drive,procure_to_pay,purchase_order,PO-31190,2025-12-29T08:12:00,E011,po_issued,draft,open,PO-31190.pdf,1.0,N
EV-002722,keystone_bearing_and_drive,procure_to_pay,supplier_invoice,4380612,2025-12-29T08:53:00,E002,invoice_matched,received,paid,4380612,1.0,N 
EV-001812,keystone_bearing_and_drive,order_to_cash,customer_invoice,INV-60230,2025-12-29T09:32:00,system,payment_applied,open,paid,Lockbox,1.0,N
EV-000927,keystone_bearing_and_drive,fulfillment,shipment,SH-50280,2025-12-29T11:05:00,E028,shipment_confirmed,picked,shipped,PS-SH-50280.pdf,1.0,N
EV-002240,keystone_bearing_and_drive,procure_to_pay,purchase_order,PO-31220,2025-12-29T11:44:00,E012,po_issued ,draft,open,PO-31220.pdf,1.0,N
EV-002652,keystone_bearing_and_drive,procure_to_pay,supplier_invoice,SI4061254,2025-12-29T13:10:00,E002,invoice_matched,received,paid,SI4061254,1.0,N
EV-002612,keystone_bearing_and_drive,procure_to_pay,supplier_invoice,98303346,2025-12-29T13:16:00,E002,match_exception,received,paid,98303346,0.7,Y
EV-000374,keystone_bearing_and_drive,quote_to_order,sales_order,SO-26250,2025-12-29T14:18:00,E018,order_entered,,open ,customer_po_PO464794,1.0,N
EV-001149,keystone_bearing_and_drive,order_to_cash,customer_invoice,INV-60014,2025-12-29T14:40:00,E002,invoice_issued,,open,INV-60014.pdf,1.0,N
EV-000662,keystone_bearing_and_drive,fulfillment,shipment,SH-50015,2025-12-29T15:56:00,E039,shipment_confirmed,picked,shipped,PS-SH-50015.pdf,1.0,N
EV-001414,keystone_bearing_and_drive,order_to_cash,customer_invoice,INV-60279,2025-12-29T16:56:00,E002,invoice_issued,,open,INV-60279.pdf,1.0,N
EV-002857,keystone_bearing_and_drive,procure_to_pay,supplier_invoice,INV5746916,2025-12-30T07:24:00,E002,invoice_matched,received,paid,INV5746916,1.0,N
EV-001577,keystone_bearing_and_drive,order_to_cash,customer_invoice,INV-60442,2025-12-30T07:45:00,E002,invoice_issued,,open,INV-60442.pdf,1.0,N
EV-001090,keystone_bearing_and_drive,fulfillment,shipment,SH-50443,2025-12-30T09:11:00,E027,shipment_confirmed,picked,shipped,PS-SH-50443.pdf,1.0,N
EV-002242,keystone_bearing_and_drive,procure_to_pay,purchase_order,PO-31222,2025-12-30T14:03:00,E011,po_issued,draft,open,PO-31222.pdf,1.0,N
EV-001831,keystone_bearing_and_drive,order_to_cash,customer_invoice,INV-60251,2025-12-30T15:16:00,system,payment_applied ,open,paid,Lockbox,1.0,N
EV-002199,keystone_bearing_and_drive,procure_to_pay,purchase_order,PO-31179,2025-12-30T16:47:00,E012,po_issued ,draft,open,PO-31179.pdf,1.0,N
EV-002159,keystone_bearing_and_drive,procure_to_pay,purchase_order,PO-31139,2025-12-31T07:02:00,E012,po_issued,draft,open,PO-31139.pdf,1.0,N
EV-001837,keystone_bearing_and_drive,order_to_cash,customer_invoice,INV-60259,2025-12-31T07:19:00,system,payment_applied,open,paid,Email remittance,0.95,N
EV-002133,keystone_bearing_and_drive,procure_to_pay,purchase_order,PO-31113,2025-12-31T09:56:00,E011,po_issued,draft,open,PO-31113.pdf,1.0,N
EV-000767,keystone_bearing_and_drive,fulfillment,shipment,SH-50120,2025-12-31T10:03:00,E030,shipment_confirmed,picked,shipped,PS-SH-50120.pdf,1.0,N
EV-002538,keystone_bearing_and_drive,procure_to_pay,receipt,RCV-40218,2025-12-31T10:16:00,E029,goods_received,open,received,PS620236,0.85,Y
EV-000802,keystone_bearing_and_drive,fulfillment,shipment,SH-50155,2025-12-31T10:28:00,E034,shipment_confirmed,picked,shipped,PS-SH-50155.pdf,1.0,N
EV-001037,keystone_bearing_and_drive,fulfillment,shipment,SH-50390,2025-12-31T10:36:00,E033,shipment_confirmed,picked,shipped,PS-SH-50390.pdf,1.0,N
EV-001289,keystone_bearing_and_drive,order_to_cash,customer_invoice,INV-60154,2025-12-31T11:56:00,E002,invoice_issued,,open,INV-60154.pdf,1.0,N
EV-001283,keystone_bearing_and_drive,order_to_cash,customer_invoice,INV-60148,2025-12-31T13:42:00,E002,invoice_issued,,open,INV-60148.pdf,1.0,N
EV-001524,keystone_bearing_and_drive,order_to_cash,customer_invoice,INV-60389,2025-12-31T16:04:00,E002,invoice_issued,,open,INV-60389.pdf,1.0,N
EV-000502,keystone_bearing_and_drive,quote_to_order,sales_order,SO-26376,2025-12-31T16:11:00,E018,order_entered,,open,customer_po_PUR-928832,0.9,N
EV-002770,keystone_bearing_and_drive,procure_to_pay,supplier_invoice,9500966,2025-12-31T16:41:00,E002,invoice_matched,received,paid,9500966,1.0,N
EV-002262,keystone_bearing_and_drive,procure_to_pay,purchase_order,PO-31242,2025-12-31T17:04:00,E012,po_issued,draft,open,PO-31242.pdf,1.0,N
EV-000474,keystone_bearing_and_drive,quote_to_order,sales_order,SO-26348,2025-12-31T17:07:00,E017,order_entered,,open,customer_po_4500111752,1.0,N
EV-002650,keystone_bearing_and_drive,procure_to_pay,supplier_invoice,2405897,2025-12-31T17:17:00,E002,invoice_matched,received,paid,2405897,1.0,N
EV-000796,keystone_bearing_and_drive,fulfillment,shipment,SH-50149,2025-12-31T17:40:00,E039,shipment_confirmed,picked,shipped,PS-SH-50149.pdf,1.0,N
EV-001254,keystone_bearing_and_drive,order_to_cash,customer_invoice,INV-60119,2025-12-31T17:40:00,E002,invoice_issued,,open,INV-60119.pdf,1.0,N
EV-002712,keystone_bearing_and_drive,procure_to_pay,supplier_invoice,6013528,2026-01-01T08:18:00,E002,match_exception,received,paid,6013528,0.7,Y
EV-002174,keystone_bearing_and_drive,procure_to_pay,purchase_order,PO-31154,2026-01-01T08:19:00,E012,po_issued,draft,open,PO-31154.pdf,1.0,N
EV-002827,keystone_bearing_and_drive,procure_to_pay,supplier_invoice,96758296,2026-01-01T08:57:00,E002,invoice_matched,received,paid,96758296,1.0,N
EV-002268,keystone_bearing_and_drive,procure_to_pay,purchase_order,PO-31248,2026-01-01T11:57:00,E011 ,po_issued,draft,open,PO-31248.pdf,1.0,N
EV-001688,keystone_bearing_and_drive,order_to_cash,customer_invoice,INV-60079,2026-01-01T14:43:00,system,payment_applied,open,paid,Email remittance ,0.95,N
EV-003027,keystone_bearing_and_drive,returns,rma,RMA-0012,2026-01-01T16:35:00,E015,rma_approved,requested,approved,INV-60379,1.0,N
EV-000854,keystone_bearing_and_drive,fulfillment,shipment,SH-50207,2026-01-02T09:25:00,E036,shipment_confirmed,picked,shipped,PS-SH-50207.pdf,1.0,N
EV-002931,keystone_bearing_and_drive,manufacturing,work_order,WO-70018,2026-01-02T09:43:00,E008,wo_released,planned,released,MRP,1.0,N
EV-000708,keystone_bearing_and_drive,fulfillment,shipment,SH-50061,2026-01-02T10:07:00,E032,shipment_confirmed,picked,shipped,PS-SH-50061.pdf,1.0,N
EV-000255,keystone_bearing_and_drive,quote_to_order,sales_order,SO-26132,2026-01-02T10:59:00,E013,order_entered,,open ,customer_po_P500732,1.0,N 
EV-001941,keystone_bearing_and_drive,order_to_cash,customer_invoice,INV-60394,2026-01-02T11:07:00,system,payment_applied,open,paid,Portal,1.0,N
EV-001411,keystone_bearing_and_drive,order_to_cash,customer_invoice,INV-60276,2026-01-02T11:47:00,E002,invoice_issued,,open,INV-60276.pdf,1.0,N
EV-001341,keystone_bearing_and_drive,order_to_cash,customer_invoice,INV-60206,2026-01-02T12:25:00,E002,invoice_issued,,open,INV-60206.pdf,1.0,N
EV-002973,keystone_bearing_and_drive,manufacturing,work_order,WO-70040,2026-01-02T13:37:00,E027,wo_released,planned,released,MRP,1.0,N
EV-001195,keystone_bearing_and_drive,order_to_cash,customer_invoice,INV-60060,2026-01-02T14:13:00,E002,invoice_issued,,open,INV-60060.pdf,1.0,N
EV-002263,keystone_bearing_and_drive,procure_to_pay,purchase_order,PO-31243,2026-01-02T16:02:00,E011 ,po_issued,draft,open,PO-31243.pdf,1.0,N
EV-002503,keystone_bearing_and_drive,procure_to_pay,receipt,RCV-40183,2026-01-02T16:08:00,E038,goods_received,open,received,PS956490,1.0,N
EV-002340,keystone_bearing_and_drive,procure_to_pay,receipt,RCV-40020,2026-01-02T16:16:00,E027,goods_received,open,received,PS151416,0.85,Y
EV-000924,keystone_bearing_and_drive,fulfillment,shipment,SH-50277,2026-01-02T17:22:00,E026,shipment_confirmed,picked,shipped,PS-SH-50277.pdf,1.0,N
EV-001575,keystone_bearing_and_drive,order_to_cash,customer_invoice,INV-60440,2026-01-03T07:12:00,E002,invoice_issued,,open,INV-60440.pdf,1.0,N
EV-002339,keystone_bearing_and_drive,procure_to_pay,receipt,RCV-40019,2026-01-03T07:15:00,E032,goods_received,open,received,PS359552 ,1.0,N
EV-000654,keystone_bearing_and_drive,fulfillment,shipment,SH-50007,2026-01-03T08:35:00,E037,shipment_confirmed,picked,shipped,PS-SH-50007.pdf,1.0,N
EV-001088,keystone_bearing_and_drive,fulfillment,shipment,SH-50441,2026-01-03T09:42:00,E039,shipment_confirmed,picked,shipped,PS-SH-50441.pdf,1.0,N
EV-002540,keystone_bearing_and_drive,procure_to_pay,receipt,RCV-40220,2026-01-03T09:54:00,E039,goods_received,open,received,PS425261,0.85,Y
EV-002536,keystone_bearing_and_drive,procure_to_pay,receipt,RCV-40216,2026-01-03T09:57:00,E032,goods_received,open,received,PS372086,0.85,Y
EV-000242,keystone_bearing_and_drive,quote_to_order,sales_order,SO-26119,2026-01-03T10:31:00,E014,order_entered,,open,customer_po_4500598427,0.9,N
EV-000263,keystone_bearing_and_drive,quote_to_order,sales_order ,SO-26140 ,2026-01-03T11:18:00,E024,order_entered,,open,customer_po_PUR-688192,1.0,N
EV-002248,keystone_bearing_and_drive,procure_to_pay,purchase_order,PO-31228,2026-01-03T11:45:00,E011,po_issued,draft,open,PO-31228.pdf,1.0,N
EV-000774,keystone_bearing_and_drive,fulfillment,shipment,SH-50127,2026-01-03T12:54:00,E034,shipment_confirmed,picked,shipped,PS-SH-50127.pdf,1.0,N
EV-001261,keystone_bearing_and_drive,order_to_cash,customer_invoice,INV-60126,2026-01-03T13:47:00,E002,invoice_issued,,open,INV-60126.pdf,1.0,N
EV-001141,keystone_bearing_and_drive,order_to_cash,customer_invoice,INV-60006,2026-01-03T15:45:00,E002,invoice_issued,,open,INV-60006.pdf,1.0,N
EV-001767,keystone_bearing_and_drive,order_to_cash,customer_invoice,INV-60173,2026-01-03T16:42:00,system,payment_applied,open,paid,Lockbox,1.0,N
EV-002067,keystone_bearing_and_drive,procure_to_pay,purchase_order,PO-31047,2026-01-03T16:46:00,E012,po_issued,draft,open,PO-31047.pdf,1.0,N
EV-000442,keystone_bearing_and_drive,quote_to_order,sales_order,SO-26317,2026-01-04T07:35:00,E017,order_entered,,open,customer_po_4500719483,1.0,Y
EV-002825,keystone_bearing_and_drive,procure_to_pay,supplier_invoice,SI6578947,2026-01-04T07:39:00,E002,invoice_matched,received,paid,SI6578947,1.0,N
EV-001228,keystone_bearing_and_drive,order_to_cash,customer_invoice,INV-60093,2026-01-04T08:12:00,E002,invoice_issued,,open,INV-60093.pdf,1.0,N
EV-000100,keystone_bearing_and_drive,quote_to_order,quote,Q-26100,2026-01-04T08:39:00,E023,quote_sent,draft,sent,Q-26100.pdf,1.0,N
EV-001736,keystone_bearing_and_drive,order_to_cash,customer_invoice,INV-60136,2026-01-04T13:00:00,system,payment_applied,open,paid,Lockbox,1.0,N
EV-001471,keystone_bearing_and_drive,order_to_cash,customer_invoice,INV-60336,2026-01-04T13:50:00,E002,invoice_issued,,open,INV-60336.pdf,1.0,N
EV-000741,keystone_bearing_and_drive,fulfillment,shipment,SH-50094,2026-01-04T14:03:00,E035,shipment_confirmed,picked,shipped,PS-SH-50094.pdf,1.0,N
EV-000599,keystone_bearing_and_drive,quote_to_order,sales_order,SO-26472,2026-01-04T14:45:00,E025,order_entered,,open,customer_po_P362409,1.0,N
EV-002589,keystone_bearing_and_drive,procure_to_pay,receipt,RCV-40269,2026-01-04T14:48:00,E032,goods_received,open,received,PS532053,1.0,N
EV-000332,keystone_bearing_and_drive,quote_to_order,sales_order,SO-26208,2026-01-04T15:08:00,E017 ,order_entered,,open ,customer_po_P645727,1.0,N
EV-002115,keystone_bearing_and_drive,procure_to_pay,purchase_order,PO-31095,2026-01-04T15:14:00,E011,po_issued,draft,open,PO-31095.pdf,1.0,N
EV-000444,keystone_bearing_and_drive,quote_to_order,sales_order,SO-26318,2026-01-04T15:27:00,E025,order_entered,,open,customer_po_PUR-448541,0.9,N
EV-000984,keystone_bearing_and_drive,fulfillment,shipment,SH-50337,2026-01-04T16:00:00,E032,shipment_confirmed,picked,shipped,PS-SH-50337.pdf,1.0,N
EV-000443,keystone_bearing_and_drive,credit_control,sales_order,SO-26317,2026-01-04T16:36:00,E002,credit_hold_applied,open,credit_hold,credit_checks,1.0,N
EV-002054,keystone_bearing_and_drive,procure_to_pay,purchase_order,PO-31034,2026-01-04T16:36:00,E011,po_issued,draft,open,PO-31034.pdf,1.0,N
EV-000304,keystone_bearing_and_drive,quote_to_order,sales_order,SO-26180,2026-01-05T09:09:00,E015,order_entered,,open,customer_po_4500770692,1.0,N
EV-002189,keystone_bearing_and_drive,procure_to_pay,purchase_order,PO-31169,2026-01-05T09:45:00,E012,po_issued,draft,open,PO-31169.pdf,1.0,N
EV-002376,keystone_bearing_and_drive,procure_to_pay,receipt,RCV-40056,2026-01-05T11:33:00,E038,goods_received,open,received,PS294726,0.85,Y
EV-000404,keystone_bearing_and_drive,quote_to_order,sales_order,SO-26280,2026-01-05T11:57:00,E017,order_entered,,open,customer_po_4500752115,0.9,N
EV-002084,keystone_bearing_and_drive,procure_to_pay,purchase_order,PO-31064,2026-01-05T16:41:00,E012,po_issued,draft,open,PO-31064.pdf,1.0,N
EV-000035,keystone_bearing_and_drive,quote_to_order,quote,Q-26035,2026-01-06T08:59:00,E016,quote_sent,draft,sent,Q-26035.pdf,1.0,N
EV-000090,keystone_bearing_and_drive,quote_to_order ,quote,Q-26090,2026-01-06T16:26:00,E023,quote_sent,draft,sent,Q-26090.pdf,1.0,N
EV-000138,keystone_bearing_and_drive,quote_to_order,sales_order,SO-26018,2026-01-06T16:43:00,E014,order_entered,,open,customer_po_4500461969,0.9,N
EV-002792,keystone_bearing_and_drive,procure_to_pay,supplier_invoice,SI844930,2026-01-06T16:43:00,E002,invoice_matched,received,paid,SI844930,1.0,N
EV-000540,keystone_bearing_and_drive,quote_to_order,sales_order,SO-26413,2026-01-06T17:02:00,E018,order_entered,,open,customer_po_PUR-149745 ,0.9,N 
EV-000875,keystone_bearing_and_drive,fulfillment,shipment,SH-50228,2026-01-06T17:19:00,E037,shipment_confirmed,picked,shipped,PS-SH-50228.pdf,1.0,N
EV-001362,keystone_bearing_and_drive,order_to_cash,customer_invoice,INV-60227,2026-01-06T17:24:00,E002,invoice_issued,,open,INV-60227.pdf,1.0,N
EV-000557,keystone_bearing_and_drive,quote_to_order,sales_order,SO-26430,2026-01-07T07:49:00,E025,order_entered,,open,customer_po_4500504452,1.0,N
EV-002748,keystone_bearing_and_drive,procure_to_pay,supplier_invoice,7024660,2026-01-07T10:13:00,E002,invoice_matched,received ,paid,7024660,1.0,N
EV-000274,keystone_bearing_and_drive,quote_to_order,sales_order,SO-26150,2026-01-07T12:37:00,E018,order_entered,,open,customer_po_P499731,1.0,N
EV-001452,keystone_bearing_and_drive,order_to_cash,customer_invoice,INV-60317,2026-01-07T14:07:00,E002,invoice_issued,,open,INV-60317.pdf,1.0,N
EV-000969,keystone_bearing_and_drive,fulfillment,shipment,SH-50322,2026-01-07T14:30:00,E038,shipment_confirmed,picked,shipped,PS-SH-50322.pdf,1.0,N
EV-001456,keystone_bearing_and_drive,order_to_cash,customer_invoice,INV-60321,2026-01-07T17:06:00,E002,invoice_issued,,open,INV-60321.pdf,1.0,N
EV-000965,keystone_bearing_and_drive,fulfillment,shipment,SH-50318,2026-01-07T17:35:00,E033,shipment_confirmed,picked,shipped,PS-SH-50318.pdf,1.0,N
EV-001346,keystone_bearing_and_drive,order_to_cash,customer_invoice,INV-60211,2026-01-08T07:09:00,E002,invoice_issued,,open,INV-60211.pdf,1.0,N
EV-000519,keystone_bearing_and_drive,quote_to_order,sales_order,SO-26392,2026-01-08T08:36:00,E024 ,order_entered,,open,customer_po_PUR-507670,1.0,N
EV-000253,keystone_bearing_and_drive,quote_to_order,sales_order,SO-26130,2026-01-08T08:40:00,E024,order_entered,,open,customer_po_4500599646,1.0,N
EV-000364,keystone_bearing_and_drive,quote_to_order,sales_order,SO-26240,2026-01-08T10:10:00,E025,order_entered,,open,customer_po_4500910400,1.0,N
EV-000859,keystone_bearing_and_drive,fulfillment,shipment,SH-50212,2026-01-08T11:49:00,E027,shipment_confirmed,picked,shipped,PS-SH-50212.pdf,1.0,N
EV-002829,keystone_bearing_and_drive,procure_to_pay,supplier_invoice,INV5184730,2026-01-08T12:48:00,E002,invoice_matched,received,paid,INV5184730,1.0,N
EV-002300,keystone_bearing_and_drive,procure_to_pay,purchase_order,PO-31280,2026-01-08T13:14:00,E012,po_issued,draft,open,PO-31280.pdf ,1.0,N
EV-002955,keystone_bearing_and_drive,manufacturing,work_order,WO-70030,2026-01-08T16:01:00,E045,wo_closed,in_process,closed,COC-WO-70030.pdf,1.0,N
EV-002328,keystone_bearing_and_drive,procure_to_pay,receipt ,RCV-40008,2026-01-08T16:52:00,E031,goods_received,open,received,PS231125,1.0,N
EV-002486,keystone_bearing_and_drive,procure_to_pay,receipt,RCV-40166,2026-01-09T07:09:00,E028,goods_received,open,received,PS987323,1.0,N
EV-000911,keystone_bearing_and_drive,fulfillment,shipment,SH-50264,2026-01-09T08:09:00,E031,shipment_confirmed,picked,shipped,PS-SH-50264.pdf,1.0,N
EV-001656,keystone_bearing_and_drive,order_to_cash,customer_invoice,INV-60043,2026-01-09T08:15:00,system,payment_applied,open,paid,Bank feed,1.0,N
EV-000076,keystone_bearing_and_drive,quote_to_order,quote,Q-26076,2026-01-09T08:28:00,E021,quote_sent,draft,sent,Q-26076.pdf,1.0,N
EV-001642,keystone_bearing_and_drive,order_to_cash,customer_invoice,INV-60024,2026-01-09T08:41:00,system,payment_applied,open,paid,Lockbox,1.0,N
EV-002139,keystone_bearing_and_drive,procure_to_pay,purchase_order,PO-31119,2026-01-09T09:09:00,E011,po_issued,draft,open,PO-31119.pdf,1.0,N
EV-000153,keystone_bearing_and_drive,quote_to_order,sales_order,SO-26033,2026-01-09T10:38:00,E016,order_entered,,open,customer_po_4500321599,1.0,N
EV-002434,keystone_bearing_and_drive,procure_to_pay,receipt,RCV-40114,2026-01-09T13:03:00,E031,goods_received,open,received,PS477770,1.0,N
EV-001485,keystone_bearing_and_drive,order_to_cash,customer_invoice,INV-60350,2026-01-09T13:07:00,E002,invoice_issued,,open,INV-60350.pdf,1.0,N
EV-002629,keystone_bearing_and_drive,procure_to_pay,supplier_invoice,98219681,2026-01-09T13:38:00,E002,invoice_matched,received,paid,98219681,1.0,N
EV-001280,keystone_bearing_and_drive,order_to_cash,customer_invoice,INV-60145,2026-01-09T15:11:00,E002,invoice_issued,,open,INV-60145.pdf,1.0,N
EV-002354,keystone_bearing_and_drive,procure_to_pay,receipt ,RCV-40034,2026-01-09T15:55:00,E038,goods_received,open,received,PS579896,1.0,N
EV-000793,keystone_bearing_and_drive,fulfillment,shipment,SH-50146,2026-01-09T16:46:00,E033,shipment_confirmed,picked,shipped,PS-SH-50146.pdf,1.0,N
EV-001955,keystone_bearing_and_drive,order_to_cash,customer_invoice,INV-60409 ,2026-01-09T16:57:00,system,payment_applied,open ,paid,Email remittance,0.95,N
EV-001398,keystone_bearing_and_drive,order_to_cash,customer_invoice,INV-60263,2026-01-09T17:15:00,E002,invoice_issued,,open,INV-60263.pdf,1.0,N
EV-000998,keystone_bearing_and_drive,fulfillment,shipment,SH-50351,2026-01-09T17:54:00,E034,shipment_confirmed,picked,shipped,PS-SH-50351.pdf,1.0,N
EV-002665,keystone_bearing_and_drive,procure_to_pay,supplier_invoice,INV206319,2026-01-10T07:28:00,E002,invoice_matched,received,paid,INV206319,1.0,N
EV-002477,keystone_bearing_and_drive,procure_to_pay,receipt,RCV-40157,2026-01-10T08:36:00,E026,goods_received,open,received,PS416142,1.0,N
EV-000543,keystone_bearing_and_drive,quote_to_order,sales_order,SO-26416,2026-01-10T08:52:00,E014,order_entered,,open,customer_po_PUR-963139,0.9,N
EV-000413,keystone_bearing_and_drive,quote_to_order,sales_order,SO-26289,2026-01-10T12:14:00,E025,order_entered,,open,customer_po_4500472012,0.9,N
EV-000157,keystone_bearing_and_drive,quote_to_order,sales_order,SO-26037,2026-01-10T12:50:00,E014,order_entered,,open,customer_po_P666258,1.0,N
EV-000896,keystone_bearing_and_drive,fulfillment,shipment,SH-50249,2026-01-10T14:42:00,E038,shipment_confirmed,picked,shipped,PS-SH-50249.pdf ,1.0,N
EV-002995,keystone_bearing_and_drive,manufacturing,work_order,WO-70053,2026-01-10T14:43:00,E026,wo_released,planned,released,MRP,1.0,N
EV-002492,keystone_bearing_and_drive ,procure_to_pay,receipt,RCV-40172,2026-01-10T14:51:00,E029,goods_received,open,received,PS934663,0.85,Y
EV-002257,keystone_bearing_and_drive,procure_to_pay,purchase_order,PO-31237,2026-01-10T15:00:00,E012,po_issued,draft,open ,PO-31237.pdf,1.0,N
EV-001383,keystone_bearing_and_drive,order_to_cash,customer_invoice,INV-60248,2026-01-10T15:57:00,E002,invoice_issued,,open,INV-60248.pdf,1.0,N
EV-002320,keystone_bearing_and_drive,procure_to_pay,purchase_order,PO-31300,2026-01-10T15:58:00,E011,po_issued,draft,open,PO-31300.pdf,1.0,N
EV-000156 ,keystone_bearing_and_drive,quote_to_order,sales_order,SO-26036,2026-01-10T17:48:00,E025,order_entered,,open,customer_po_P151366,0.9,N
EV-002498,keystone_bearing_and_drive,procure_to_pay,receipt,RCV-40178,2026-01-11T07:58:00,E030,goods_received,open,received,PS441235,1.0,N
EV-002787,keystone_bearing_and_drive,procure_to_pay,supplier_invoice,INV724163,2026-01-11T08:27:00,E002,match_exception,received,paid,INV724163 ,0.7,Y
EV-001092,keystone_bearing_and_drive,fulfillment,shipment,SH-50445,2026-01-11T09:18:00,E036,shipment_confirmed,picked,shipped,PS-SH-50445.pdf,1.0,N
EV-000110,keystone_bearing_and_drive,quote_to_order,quote,Q-26110,2026-01-11T10:51:00,E016,quote_sent,draft,sent,Q-26110.pdf,1.0,N
EV-001230,keystone_bearing_and_drive,order_to_cash,customer_invoice,INV-60095,2026-01-11T10:54:00,E002,invoice_issued,,open,INV-60095.pdf,1.0,N
EV-002430,keystone_bearing_and_drive,procure_to_pay,receipt,RCV-40110,2026-01-11T11:00:00,E034,goods_received,open,received,PS179718,0.85,Y
EV-001370,keystone_bearing_and_drive,order_to_cash,customer_invoice,INV-60235,2026-01-11T11:35:00,E002,invoice_issued,,open,INV-60235.pdf,1.0,N
EV-000298,keystone_bearing_and_drive,quote_to_order,sales_order,SO-26174,2026-01-11T13:38:00,E017,order_entered,,open,customer_po_PUR-465710,1.0,N
EV-001905,keystone_bearing_and_drive,order_to_cash,customer_invoice,INV-60347,2026-01-11T13:48:00,system,payment_applied,open,paid,Portal ,1.0,N
EV-001579,keystone_bearing_and_drive,order_to_cash,customer_invoice,INV-60444,2026-01-11T14:46:00,E002,invoice_issued,,open,INV-60444.pdf,1.0,N
EV-000743,keystone_bearing_and_drive,fulfillment,shipment,SH-50096,2026-01-11T15:06:00,E036,shipment_confirmed,picked,shipped,PS-SH-50096.pdf,1.0,N
EV-002102,keystone_bearing_and_drive,procure_to_pay,purchase_order,PO-31082,2026-01-11T15:45:00,E011,po_issued,draft,open,PO-31082.pdf,1.0,N
EV-000093,keystone_bearing_and_drive,quote_to_order,quote,Q-26093,2026-01-11T17:09:00,E016,quote_sent,draft,sent,Q-26093.pdf,1.0,N
EV-000883,keystone_bearing_and_drive,fulfillment,shipment,SH-50236 ,2026-01-11T17:50:00,E030,shipment_confirmed,picked,shipped,PS-SH-50236.pdf,1.0,N
EV-002628,keystone_bearing_and_drive,procure_to_pay,supplier_invoice,SI7146057,2026-01-12T07:12:00,E002 ,invoice_matched,received,paid,SI7146057,1.0,N
EV-001664,keystone_bearing_and_drive,order_to_cash,customer_invoice,INV-60051,2026-01-12T09:30:00,system,payment_applied,open,paid,Lockbox,1.0,N
EV-000013,keystone_bearing_and_drive,quote_to_order,quote,Q-26013,2026-01-12T10:07:00,E020,quote_sent,draft,sent,Q-26013.pdf,1.0,N
EV-002878,keystone_bearing_and_drive,procure_to_pay,supplier_invoice,9850487,2026-01-12T10:36:00,E002,invoice_matched,received,paid ,9850487,1.0,N
EV-002368,keystone_bearing_and_drive,procure_to_pay,receipt,RCV-40048,2026-01-12T12:36:00,E039,goods_received ,open,received,PS945001,0.85,Y
EV-002643,keystone_bearing_and_drive,procure_to_pay,supplier_invoice,SI8848852,2026-01-12T12:57:00,E002,invoice_matched,received,paid,SI8848852 ,1.0,N
EV-000742,keystone_bearing_and_drive,fulfillment,shipment,SH-50095,2026-01-12T15:26:00,E029,shipment_confirmed,picked,shipped,PS-SH-50095.pdf,1.0,N
EV-002308,keystone_bearing_and_drive,procure_to_pay,purchase_order,PO-31288,2026-01-12T16:30:00,E012,po_issued ,draft,open,PO-31288.pdf,1.0,N
EV-001229 ,keystone_bearing_and_drive,order_to_cash,customer_invoice,INV-60094,2026-01-12T17:15:00,E002,invoice_issued,,open,INV-60094.pdf,1.0,N
EV-002008,keystone_bearing_and_drive,order_to_cash,customer_invoice,INV-60473,2026-01-13T10:50:00,system,payment_applied,open,paid,Lockbox,1.0,N
EV-002723,keystone_bearing_and_drive,procure_to_pay,supplier_invoice,9342146,2026-01-13T14:08:00,E002,invoice_matched,received,paid,9342146,1.0,N
EV-002379,keystone_bearing_and_drive,procure_to_pay,receipt,RCV-40059,2026-01-13T14:26:00,E037,goods_received,open ,received,PS644360,0.85,Y
EV-001211,keystone_bearing_and_drive,order_to_cash,customer_invoice,INV-60076,2026-01-13T14:28:00,E002,invoice_issued,,open,INV-60076.pdf,1.0,N
EV-000685,keystone_bearing_and_drive,fulfillment,shipment,SH-50038,2026-01-13T14:47:00,E029,shipment_confirmed,picked,shipped,PS-SH-50038.pdf,1.0,N
EV-001970,keystone_bearing_and_drive,order_to_cash,customer_invoice,INV-60425,2026-01-13T15:25:00,system ,payment_applied,open,paid,Lockbox,1.0,N
EV-000724,keystone_bearing_and_drive,fulfillment ,shipment,SH-50077,2026-01-13T16:03:00,E029,shipment_confirmed,picked,shipped,PS-SH-50077.pdf,1.0,N
EV-001172,keystone_bearing_and_drive,order_to_cash,customer_invoice,INV-60037,2026-01-13T16:11:00,E002,invoice_issued,,open,INV-60037.pdf,1.0,N
EV-002099,keystone_bearing_and_drive,procure_to_pay,purchase_order,PO-31079,2026-01-13T16:49:00,E011,po_issued,draft,open,PO-31079.pdf,1.0,N
EV-002982,keystone_bearing_and_drive,manufacturing,work_order,WO-70045,2026-01-13T16:51:00,E045,wo_closed,in_process,closed,COC-WO-70045.pdf,1.0,N
EV-002243,keystone_bearing_and_drive,procure_to_pay,purchase_order,PO-31223,2026-01-13T17:22:00,E012,po_issued,draft,open,PO-31223.pdf,1.0,N
EV-002617,keystone_bearing_and_drive,procure_to_pay,supplier_invoice,8560081,2026-01-13T17:28:00,E002,invoice_matched,received ,paid,8560081,1.0,N
EV-001646,keystone_bearing_and_drive,order_to_cash,customer_invoice,INV-60028,2026-01-14T08:49:00,system,payment_applied,open,paid,Email remittance,0.95,N
EV-001628,keystone_bearing_and_drive,order_to_cash,customer_invoice,INV-60008,2026-01-14T08:56:00,system,payment_applied,open,paid,Portal,1.0,N
EV-001760,keystone_bearing_and_drive,order_to_cash,customer_invoice,INV-60164,2026-01-14T09:36:00,system,payment_applied,open,paid,Lockbox,1.0,N
EV-001792,keystone_bearing_and_drive,order_to_cash,customer_invoice,INV-60204,2026-01-14T12:47:00,system,payment_applied,open,paid,Email remittance,0.95,N
EV-002766,keystone_bearing_and_drive,procure_to_pay,supplier_invoice,93181566,2026-01-14T13:55:00,E002,invoice_matched,received,paid,93181566,1.0,N 
EV-000116,keystone_bearing_and_drive,quote_to_order,quote,Q-26116,2026-01-14T14:28:00,E018 ,quote_sent,draft,sent,Q-26116.pdf,1.0,N
EV-001763,keystone_bearing_and_drive,order_to_cash,customer_invoice,INV-60168,2026-01-14T14:57:00,system,payment_applied,open,paid,Lockbox ,1.0,N
EV-003034,keystone_bearing_and_drive,returns,rma,RMA-0019,2026-01-14T16:11:00,E014,rma_approved,requested,approved,INV-60211,1.0,N
EV-002775,keystone_bearing_and_drive,procure_to_pay,supplier_invoice,95260900,2026-01-14T16:58:00,E002,invoice_matched,received,paid,95260900,1.0,N
EV-000073,keystone_bearing_and_drive,quote_to_order,quote,Q-26073,2026-01-15T08:52:00,E019,quote_sent,draft,sent,Q-26073.pdf,1.0,N
EV-002053,keystone_bearing_and_drive,procure_to_pay,purchase_order,PO-31033,2026-01-15T09:34:00,E012,po_issued,draft,open,PO-31033.pdf,1.0,N
EV-000504,keystone_bearing_and_drive,quote_to_order,sales_order,SO-26378,2026-01-15T09:43:00,E018,order_entered,,open,customer_po_4500317971,1.0,N
EV-000498,keystone_bearing_and_drive,quote_to_order,sales_order ,SO-26372,2026-01-15T12:27:00,E018,order_entered,,open,customer_po_P235019,0.9,N
EV-002975,keystone_bearing_and_drive,manufacturing,work_order,WO-70041,2026-01-15T12:44:00,E032,wo_released,planned,released,MRP,1.0,N
EV-002347,keystone_bearing_and_drive,procure_to_pay,receipt,RCV-40027,2026-01-15T13:30:00,E039,goods_received,open,received,PS468060,1.0,N
EV-000065,keystone_bearing_and_drive,quote_to_order,quote,Q-26065,2026-01-15T15:26:00,E018,quote_sent,draft,sent,Q-26065.pdf,1.0,N
EV-000628,keystone_bearing_and_drive,quote_to_order,sales_order,SO-26501,2026-01-15T15:33:00,E016 ,order_entered,,open,customer_po_P303017,0.9,N
EV-002131,keystone_bearing_and_drive,procure_to_pay,purchase_order,PO-31111 ,2026-01-15T17:35:00,E012,po_issued,draft,open,PO-31111.pdf,1.0,N
EV-001363,keystone_bearing_and_drive,order_to_cash,customer_invoice,INV-60228,2026-01-16T08:51:00,E002,invoice_issued,,open,INV-60228.pdf,1.0,N 
EV-001358,keystone_bearing_and_drive,order_to_cash ,customer_invoice,INV-60223,2026-01-16T08:56:00,E002,invoice_issued,,open,INV-60223.pdf,1.0,N
EV-000440,keystone_bearing_and_drive,quote_to_order,sales_order,SO-26315,2026-01-16T09:02:00,E016,order_entered,,open,customer_po_PO498957,0.9,N
EV-002560,keystone_bearing_and_drive,procure_to_pay,receipt,RCV-40240,2026-01-16T09:31:00,E035,goods_received,open,received,PS586814,1.0,N
EV-000876,keystone_bearing_and_drive,fulfillment,shipment,SH-50229,2026-01-16T09:46:00,E031,shipment_confirmed,picked,shipped,PS-SH-50229.pdf,1.0,N
EV-002781,keystone_bearing_and_drive,procure_to_pay,supplier_invoice,3014766,2026-01-16T10:44:00,E002,invoice_matched ,received,paid ,3014766,1.0,N
EV-002185,keystone_bearing_and_drive,procure_to_pay,purchase_order,PO-31165,2026-01-16T11:45:00,E012,po_issued,draft,open,PO-31165.pdf,1.0,N
EV-002290,keystone_bearing_and_drive,procure_to_pay,purchase_order,PO-31270,2026-01-16T11:53:00,E012,po_issued,draft,open,PO-31270.pdf,1.0,N
EV-000871,keystone_bearing_and_drive,fulfillment,shipment,SH-50224,2026-01-16T13:57:00,E030,shipment_confirmed,picked,shipped,PS-SH-50224.pdf,1.0,N
EV-001248,keystone_bearing_and_drive,order_to_cash,customer_invoice,INV-60113 ,2026-01-16T13:58:00 ,E002,invoice_issued,,open,INV-60113.pdf,1.0,N
EV-001020,keystone_bearing_and_drive,fulfillment,shipment,SH-50373,2026-01-16T14:10:00,E028,shipment_confirmed,picked,shipped,PS-SH-50373.pdf,1.0,N
EV-000223,keystone_bearing_and_drive,quote_to_order,sales_order,SO-26101,2026-01-16T15:05:00,E015,order_entered,,open,customer_po_P102929,0.9,N
EV-001507,keystone_bearing_and_drive,order_to_cash,customer_invoice,INV-60372,2026-01-16T15:37:00,E002,invoice_issued,,open,INV-60372.pdf,1.0,N
EV-000813,keystone_bearing_and_drive,fulfillment,shipment,SH-50166,2026-01-16T15:39:00,E026,shipment_confirmed,picked,shipped,PS-SH-50166.pdf,1.0,N
EV-000761,keystone_bearing_and_drive,fulfillment,shipment,SH-50114,2026-01-16T16:09:00,E035,shipment_confirmed,picked,shipped,PS-SH-50114.pdf,1.0,N
EV-001300,keystone_bearing_and_drive,order_to_cash,customer_invoice,INV-60165,2026-01-16T17:00:00,E002,invoice_issued,,open ,INV-60165.pdf,1.0,N
EV-002562,keystone_bearing_and_drive,procure_to_pay,receipt,RCV-40242,2026-01-16T17:12:00,E027,goods_received,open,received,PS723820,0.85,Y
EV-001653,keystone_bearing_and_drive,order_to_cash,customer_invoice,INV-60038,2026-01-16T17:56:00,system,payment_applied,open,paid,Email remittance,0.95,N
EV-002128,keystone_bearing_and_drive,procure_to_pay,purchase_order,PO-31108,2026-01-17T09:17:00,E012,po_issued,draft,open,PO-31108.pdf,1.0,N
EV-000104,keystone_bearing_and_drive,quote_to_order,quote,Q-26104,2026-01-17T09:25:00,E020,quote_sent,draft,sent,Q-26104.pdf,1.0,N
EV-002397,keystone_bearing_and_drive,procure_to_pay,receipt,RCV-40077,2026-01-17T10:46:00,E026,goods_received,open,received,PS900711,1.0,N
EV-000114,keystone_bearing_and_drive,quote_to_order,quote,Q-26114,2026-01-17T13:19:00,E017,quote_sent,draft,sent,Q-26114.pdf,1.0,N
EV-002251,keystone_bearing_and_drive,procure_to_pay,purchase_order,PO-31231,2026-01-17T17:43:00,E011,po_issued,draft,open,PO-31231.pdf,1.0,N
EV-001765,keystone_bearing_and_drive,order_to_cash,customer_invoice,INV-60170,2026-01-18T08:02:00,system,payment_applied,open,paid,Portal,1.0,N
EV-000759,keystone_bearing_and_drive,fulfillment,shipment,SH-50112,2026-01-18T08:37:00,E026,shipment_confirmed,picked,shipped,PS-SH-50112.pdf,1.0,N
EV-001246,keystone_bearing_and_drive,order_to_cash,customer_invoice,INV-60111,2026-01-18T11:19:00,E002,invoice_issued,,open,INV-60111.pdf,1.0,N
EV-002719,keystone_bearing_and_drive,procure_to_pay,supplier_invoice,94368276,2026-01-18T17:00:00,E002,invoice_matched,received,paid,94368276,1.0,N
EV-001800 ,keystone_bearing_and_drive,order_to_cash,customer_invoice,INV-60216,2026-01-18T17:20:00,system,payment_applied,open,paid,Email remittance,0.95,N
EV-000419,keystone_bearing_and_drive,quote_to_order,sales_order,SO-26294,2026-01-18T17:44:00,E017,order_entered,,open,customer_po_PUR-395980,0.9,N
EV-001757,keystone_bearing_and_drive,order_to_cash,customer_invoice,INV-60161,2026-01-20T07:00:00 ,system,payment_applied,open,paid,Email remittance,0.95,N
EV-000493,keystone_bearing_and_drive,quote_to_order,sales_order,SO-26367,2026-01-20T09:27:00,E016,order_entered,,open,customer_po_P966209,1.0,N
EV-001554,keystone_bearing_and_drive,order_to_cash,customer_invoice,INV-60419,2026-01-20T09:34:00,E002,invoice_issued,,open,INV-60419.pdf,1.0,N
EV-001067,keystone_bearing_and_drive,fulfillment ,shipment,SH-50420,2026-01-20T10:24:00,E036,shipment_confirmed,picked,shipped,PS-SH-50420.pdf,1.0,N
EV-001051,keystone_bearing_and_drive,fulfillment,shipment,SH-50404,2026-01-20T10:51:00,E036,shipment_confirmed,picked,shipped,PS-SH-50404.pdf,1.0,N
EV-001122,keystone_bearing_and_drive,fulfillment,shipment,SH-50475,2026-01-20T12:01:00,E036,shipment_confirmed,picked,shipped,PS-SH-50475.pdf,1.0,N
EV-001538,keystone_bearing_and_drive,order_to_cash,customer_invoice,INV-60403,2026-01-20T12:23:00,E002,invoice_issued,,open,INV-60403.pdf,1.0,N
EV-000894,keystone_bearing_and_drive,fulfillment,shipment,SH-50247,2026-01-20T13:01:00,E029,shipment_confirmed,picked,shipped,PS-SH-50247.pdf,1.0,N
EV-001929,keystone_bearing_and_drive,order_to_cash,customer_invoice,INV-60380,2026-01-20T13:33:00,system,payment_applied,open,paid,Email remittance,0.95,N
EV-002636,keystone_bearing_and_drive,procure_to_pay,supplier_invoice,SI3056949,2026-01-20T13:56:00,E002,invoice_matched,received,paid,SI3056949,1.0,N
EV-000071,keystone_bearing_and_drive,quote_to_order,quote,Q-26071,2026-01-20T14:10:00,E018,quote_sent,draft,sent,Q-26071.pdf,1.0,N
EV-000521,keystone_bearing_and_drive,quote_to_order,sales_order,SO-26394,2026-01-20T14:19:00,E013,order_entered,,open,customer_po_P462268,0.9,N
EV-002657,keystone_bearing_and_drive,procure_to_pay,supplier_invoice,5648433,2026-01-20T15:49:00,E002,invoice_matched,received,paid,5648433,1.0,N
EV-001609,keystone_bearing_and_drive,order_to_cash,customer_invoice,INV-60474,2026-01-20T16:53:00,E002,invoice_issued,,open,INV-60474.pdf,1.0,N
EV-001381,keystone_bearing_and_drive,order_to_cash,customer_invoice,INV-60246,2026-01-20T17:24:00,E002,invoice_issued ,,open,INV-60246.pdf,1.0,N
EV-001607,keystone_bearing_and_drive,order_to_cash,customer_invoice,INV-60472,2026-01-21T09:10:00,E002,invoice_issued,,open,INV-60472.pdf,1.0,N
EV-000096,keystone_bearing_and_drive,quote_to_order,quote,Q-26096,2026-01-21T10:05:00,E021,quote_sent ,draft,sent,Q-26096.pdf,1.0,N
EV-000373,keystone_bearing_and_drive,quote_to_order,sales_order,SO-26249,2026-01-21T10:06:00,E014,order_entered,,open,customer_po_P244951,0.9,N
EV-001445,keystone_bearing_and_drive,order_to_cash,customer_invoice ,INV-60310,2026-01-21T10:42:00,E002,invoice_issued,,open,INV-60310.pdf,1.0,N
EV-002554,keystone_bearing_and_drive,procure_to_pay,receipt,RCV-40234,2026-01-21T10:46:00,E034,goods_received,open,received,PS419724,1.0,N
EV-001412,keystone_bearing_and_drive,order_to_cash,customer_invoice,INV-60277,2026-01-21T10:48:00,E002,invoice_issued,,open,INV-60277.pdf,1.0,N
EV-001120,keystone_bearing_and_drive,fulfillment,shipment,SH-50473,2026-01-21T11:18:00,E033,shipment_confirmed,picked,shipped,PS-SH-50473.pdf,1.0,N
EV-000925,keystone_bearing_and_drive,fulfillment,shipment,SH-50278,2026-01-21T11:37:00,E026,shipment_confirmed,picked,shipped,PS-SH-50278.pdf,1.0,N
EV-002043,keystone_bearing_and_drive,procure_to_pay,purchase_order,PO-31023 ,2026-01-21T11:57:00,E011,po_issued,draft,open,PO-31023.pdf,1.0,N
EV-000958,keystone_bearing_and_drive,fulfillment,shipment,SH-50311,2026-01-21T14:21:00,E028,shipment_confirmed,picked,shipped,PS-SH-50311.pdf,1.0,N
EV-000606,keystone_bearing_and_drive,quote_to_order,sales_order,SO-26479,2026-01-21T17:17:00,E024,order_entered,,open,customer_po_PO410444,0.9,N
EV-000289,keystone_bearing_and_drive,quote_to_order,sales_order,SO-26165,2026-01-22T07:26:00,E017,order_entered,,open,customer_po_P916772,1.0,N
EV-000349,keystone_bearing_and_drive,quote_to_order,sales_order,SO-26225,2026-01-22T08:17:00,E016,order_entered ,,open,customer_po_4500180883,1.0,N
EV-001671,keystone_bearing_and_drive,order_to_cash,customer_invoice,INV-60060,2026-01-22T08:40:00,system,payment_applied,open,paid,Lockbox,1.0,N
EV-000624,keystone_bearing_and_drive,quote_to_order,sales_order,SO-26497,2026-01-22T10:09:00,E025,order_entered,,open,customer_po_P695688,0.9,N
EV-001207,keystone_bearing_and_drive,order_to_cash,customer_invoice,INV-60072,2026-01-22T10:55:00,E002,invoice_issued,,open,INV-60072.pdf,1.0,N
EV-001321,keystone_bearing_and_drive,order_to_cash,customer_invoice,INV-60186,2026-01-22T13:15:00,E002,invoice_issued,,open,INV-60186.pdf,1.0,N
EV-002137,keystone_bearing_and_drive,procure_to_pay,purchase_order,PO-31117,2026-01-22T15:15:00,E012,po_issued,draft,open,PO-31117.pdf,1.0,N
EV-000720,keystone_bearing_and_drive,fulfillment,shipment,SH-50073,2026-01-22T15:57:00,E034,shipment_confirmed,picked,shipped,PS-SH-50073.pdf,1.0,N
EV-000834,keystone_bearing_and_drive,fulfillment,shipment,SH-50187,2026-01-22T17:41:00,E033,shipment_confirmed ,picked,shipped,PS-SH-50187.pdf,1.0,N
EV-001260,keystone_bearing_and_drive,order_to_cash,customer_invoice,INV-60125,2026-01-23T09:43:00,E002,invoice_issued,,open,INV-60125.pdf,1.0,N
EV-000086,keystone_bearing_and_drive,quote_to_order,quote,Q-26086,2026-01-23T10:19:00,E016,quote_sent,draft,sent,Q-26086.pdf,1.0,N
EV-002382,keystone_bearing_and_drive,procure_to_pay,receipt,RCV-40062,2026-01-23T12:04:00,E039,goods_received,open,received,PS971183,1.0,N
EV-000773,keystone_bearing_and_drive,fulfillment,shipment ,SH-50126,2026-01-23T13:40:00,E027,shipment_confirmed,picked,shipped,PS-SH-50126.pdf,1.0,N
EV-003024,keystone_bearing_and_drive,returns,rma,RMA-0009,2026-01-23T14:02:00,E025,rma_approved,requested,approved,INV-60079,1.0,N
EV-001667,keystone_bearing_and_drive,order_to_cash,customer_invoice,INV-60054,2026-01-23T16:20:00,system,payment_applied,open,paid,Email remittance,0.95,N
EV-001822,keystone_bearing_and_drive,order_to_cash,customer_invoice,INV-60242,2026-01-23T17:02:00,system,payment_applied,open,paid,Portal,1.0,N
EV-001756,keystone_bearing_and_drive,order_to_cash,customer_invoice,INV-60160 ,2026-01-23T17:25:00,system,payment_applied,open,paid,Bank feed,1.0,N
EV-001525,keystone_bearing_and_drive,order_to_cash,customer_invoice,INV-60390,2026-01-24T08:21:00,E002,invoice_issued,,open,INV-60390.pdf ,1.0,N
EV-000804,keystone_bearing_and_drive,fulfillment,shipment,SH-50157,2026-01-24T08:23:00,E038,shipment_confirmed,picked,shipped,PS-SH-50157.pdf,1.0,N 
EV-000615,keystone_bearing_and_drive,quote_to_order,sales_order,SO-26488,2026-01-24T09:28:00,E017,order_entered,,open,customer_po_4500794103,0.9,N
EV-000789,keystone_bearing_and_drive,fulfillment,shipment ,SH-50142,2026-01-24T09:49:00,E038,shipment_confirmed,picked,shipped,PS-SH-50142.pdf,1.0,N
EV-001276,keystone_bearing_and_drive,order_to_cash,customer_invoice,INV-60141,2026-01-24T10:55:00,E002,invoice_issued,,open,INV-60141.pdf,1.0,N
EV-001291,keystone_bearing_and_drive,order_to_cash,customer_invoice,INV-60156,2026-01-24T11:57:00,E002,invoice_issued,,open,INV-60156.pdf,1.0,N
EV-002851,keystone_bearing_and_drive,procure_to_pay,supplier_invoice,99809757,2026-01-24T13:36:00,E002,invoice_matched,received,paid,99809757,1.0,N
EV-002668,keystone_bearing_and_drive,procure_to_pay,supplier_invoice,INV9233430,2026-01-24T14:40:00,E002,invoice_matched,received,paid ,INV9233430,1.0,N
EV-002686,keystone_bearing_and_drive,procure_to_pay,supplier_invoice,94757308 ,2026-01-24T14:40:00,E002,invoice_matched,received ,paid,94757308,1.0,N
EV-001038,keystone_bearing_and_drive,fulfillment,shipment,SH-50391,2026-01-24T14:44:00,E034,shipment_confirmed,picked,shipped,PS-SH-50391.pdf ,1.0,N
EV-002366,keystone_bearing_and_drive,procure_to_pay,receipt,RCV-40046,2026-01-24T16:03:00,E035,goods_received,open,received,PS568208,1.0,N
EV-002225,keystone_bearing_and_drive,procure_to_pay,purchase_order,PO-31205,2026-01-24T16:16:00,E012,po_issued,draft,open,PO-31205.pdf,1.0,N
EV-002198,keystone_bearing_and_drive,procure_to_pay,purchase_order,PO-31178,2026-01-24T16:42:00,E012,po_issued,draft,open,PO-31178.pdf,1.0,N
EV-002138,keystone_bearing_and_drive,procure_to_pay,purchase_order,PO-31118,2026-01-25T09:56:00,E011,po_issued,draft,open,PO-31118.pdf,1.0,N
EV-001692,keystone_bearing_and_drive,order_to_cash,customer_invoice,INV-60083,2026-01-25T10:10:00,system,payment_applied,open,paid,Lockbox,1.0,N
EV-000584,keystone_bearing_and_drive,quote_to_order,sales_order,SO-26457,2026-01-25T11:07:00,E016,order_entered,,open,customer_po_P734945,0.9,N
EV-000264,keystone_bearing_and_drive,quote_to_order,sales_order,SO-26141,2026-01-25T11:30:00,E015,order_entered,,open,customer_po_P498695,0.9,N
EV-001687,keystone_bearing_and_drive,order_to_cash,customer_invoice,INV-60078,2026-01-25T13:01:00,system,payment_applied,open,paid,Email remittance,0.95,N
EV-002932,keystone_bearing_and_drive,manufacturing,work_order,WO-70018,2026-01-25T13:55:00,E045,wo_closed,in_process,closed,COC-WO-70018.pdf,1.0,N
EV-002281,keystone_bearing_and_drive,procure_to_pay,purchase_order,PO-31261,2026-01-25T14:49:00,E011,po_issued,draft,open,PO-31261.pdf,1.0,N
EV-000912,keystone_bearing_and_drive,fulfillment,shipment,SH-50265,2026-01-26T07:32:00,E026,shipment_confirmed,picked,shipped,PS-SH-50265.pdf,1.0,N
EV-000539,keystone_bearing_and_drive,quote_to_order,sales_order,SO-26412,2026-01-26T09:15:00,E014,order_entered,,open,customer_po_PO503291,0.9,N
EV-002228,keystone_bearing_and_drive,procure_to_pay,purchase_order,PO-31208,2026-01-26T10:40:00,E011,po_issued,draft,open,PO-31208.pdf,1.0,N
EV-002843,keystone_bearing_and_drive,procure_to_pay,supplier_invoice,SI4617165,2026-01-26T12:41:00,E002,invoice_matched,received,paid,SI4617165,1.0,N
EV-000179,keystone_bearing_and_drive,quote_to_order,sales_order,SO-26057,2026-01-26T13:09:00,E015,order_entered,,open,customer_po_PO545583,1.0,N
EV-001399,keystone_bearing_and_drive,order_to_cash,customer_invoice,INV-60264,2026-01-26T17:32:00,E002,invoice_issued,,open,INV-60264.pdf,1.0,N
EV-001504,keystone_bearing_and_drive,order_to_cash,customer_invoice,INV-60369,2026-01-27T07:09:00,E002,invoice_issued,,open,INV-60369.pdf,1.0,N
EV-002521,keystone_bearing_and_drive,procure_to_pay,receipt,RCV-40201,2026-01-27T07:17:00,E035,goods_received,open,received,PS711025,1.0,N
EV-001017,keystone_bearing_and_drive,fulfillment,shipment,SH-50370,2026-01-27T08:27:00,E026,shipment_confirmed,picked,shipped,PS-SH-50370.pdf,1.0,N
EV-000682,keystone_bearing_and_drive,fulfillment ,shipment,SH-50035,2026-01-27T08:35:00,E028,shipment_confirmed,picked,shipped,PS-SH-50035.pdf,1.0,N
EV-000183,keystone_bearing_and_drive,quote_to_order,sales_order,SO-26061,2026-01-27T11:21:00,E017,order_entered,,open,customer_po_P408676,0.9,N
EV-001170,keystone_bearing_and_drive,order_to_cash,customer_invoice,INV-60035,2026-01-27T11:42:00,E002,invoice_issued,,open,INV-60035.pdf,1.0,N
EV-002555,keystone_bearing_and_drive,procure_to_pay,receipt,RCV-40235,2026-01-27T14:09:00,E034,goods_received,open,received,PS281821,1.0,N
EV-000512,keystone_bearing_and_drive,quote_to_order,sales_order,SO-26385,2026-01-27T14:48:00,E015,order_entered,,open,customer_po_P747509,0.9,N
EV-000683,keystone_bearing_and_drive,fulfillment,shipment,SH-50036,2026-01-27T15:05:00,E028,shipment_confirmed,picked ,shipped,PS-SH-50036.pdf,1.0,N
EV-001169,keystone_bearing_and_drive,order_to_cash,customer_invoice,INV-60034,2026-01-27T15:26:00,E002,invoice_issued,,open,INV-60034.pdf,1.0,N
EV-000454,keystone_bearing_and_drive,quote_to_order,sales_order,SO-26328,2026-01-28T07:17:00,E013,order_entered,,open,customer_po_PUR-915233,0.9,N
EV-001903,keystone_bearing_and_drive ,order_to_cash,customer_invoice,INV-60344,2026-01-28T07:56:00,system ,payment_applied,open,paid,Portal,1.0,N
EV-002999,keystone_bearing_and_drive ,manufacturing,work_order ,WO-70055,2026-01-28T10:18:00,E014,wo_released,planned,released,MRP,1.0,N
EV-002535,keystone_bearing_and_drive,procure_to_pay,receipt,RCV-40215,2026-01-28T10:54:00,E031,goods_received,open,received,PS858173,0.85,Y
EV-002849,keystone_bearing_and_drive,procure_to_pay,supplier_invoice,SI6592247,2026-01-28T13:40:00,E002,match_exception,received,paid,SI6592247,0.7,Y
EV-002655,keystone_bearing_and_drive,procure_to_pay,supplier_invoice,INV9660187,2026-01-28T13:42:00,E002,invoice_matched,received,paid,INV9660187,1.0,N
EV-001729,keystone_bearing_and_drive,order_to_cash,customer_invoice,INV-60126,2026-01-28T14:44:00,system,payment_applied,open,paid,Bank feed,1.0,N
EV-000586,keystone_bearing_and_drive,quote_to_order,sales_order,SO-26459,2026-01-28T15:57:00,E015,order_entered,,open,customer_po_PUR-414835,0.9,N
EV-000056,keystone_bearing_and_drive,quote_to_order,quote,Q-26056,2026-01-28T17:43:00,E016,quote_sent,draft,sent,Q-26056.pdf,1.0,N
EV-000321,keystone_bearing_and_drive,quote_to_order,sales_order,SO-26197,2026-01-29T07:15:00,E024,order_entered,,open,customer_po_4500364189,0.9,N
EV-000429,keystone_bearing_and_drive,quote_to_order,sales_order,SO-26304,2026-01-29T08:12:00,E017,order_entered,,open,customer_po_4500657787,1.0,N
EV-000845,keystone_bearing_and_drive,fulfillment,shipment,SH-50198,2026-01-29T08:52:00,E034,shipment_confirmed,picked,shipped,PS-SH-50198.pdf,1.0,N
EV-002573,keystone_bearing_and_drive,procure_to_pay,receipt,RCV-40253,2026-01-29T10:27:00,E027,goods_received,open,received,PS355872,1.0,N
EV-001332,keystone_bearing_and_drive,order_to_cash,customer_invoice,INV-60197,2026-01-29T10:44:00,E002,invoice_issued,,open,INV-60197.pdf,1.0,N
EV-002457,keystone_bearing_and_drive,procure_to_pay,receipt,RCV-40137,2026-01-29T11:21:00,E031,goods_received,open,received,PS726284,1.0,N
EV-002017,keystone_bearing_and_drive,order_to_cash,customer_invoice,INV-60484,2026-01-29T13:21:00,system,payment_applied,open,paid,Lockbox,1.0,N
EV-002971,keystone_bearing_and_drive,manufacturing,work_order,WO-70039,2026-01-29T13:35:00,E034,wo_released,planned,released,MRP,1.0,N
EV-002479,keystone_bearing_and_drive,procure_to_pay,receipt,RCV-40159,2026-01-29T14:17:00,E028,goods_received,open,received,PS120553,1.0,N
EV-001751,keystone_bearing_and_drive,order_to_cash,customer_invoice,INV-60152,2026-01-29T15:29:00,system,payment_applied,open,paid,Lockbox,1.0,N
EV-001869,keystone_bearing_and_drive,order_to_cash,customer_invoice,INV-60302,2026-01-29T17:03:00,system,payment_applied,open,paid,Portal,1.0,N
EV-001936,keystone_bearing_and_drive,order_to_cash,customer_invoice,INV-60389,2026-01-29T17:11:00,system,payment_applied,open,paid,Bank feed,1.0,N
EV-000047,keystone_bearing_and_drive ,quote_to_order,quote,Q-26047,2026-01-30T07:07:00,E014,quote_sent,draft,sent,Q-26047.pdf,1.0,N
EV-002671,keystone_bearing_and_drive,procure_to_pay,supplier_invoice,4670772,2026-01-30T09:45:00,E002,invoice_matched,received,paid,4670772,1.0,N
EV-001684,keystone_bearing_and_drive,order_to_cash,customer_invoice,INV-60075,2026-01-30T10:47:00,system,payment_applied,open,paid,Bank feed,1.0,N
EV-002506,keystone_bearing_and_drive,procure_to_pay,receipt,RCV-40186,2026-01-30T11:15:00,E032,goods_received,open,received,PS517932,1.0,N
EV-001802,keystone_bearing_and_drive,order_to_cash,customer_invoice,INV-60219,2026-01-30T11:27:00,system,payment_applied,open,paid,Email remittance,0.95,N
EV-002227,keystone_bearing_and_drive,procure_to_pay,purchase_order,PO-31207,2026-01-30T13:20:00,E011,po_issued,draft,open,PO-31207.pdf,1.0,N
EV-000781,keystone_bearing_and_drive,fulfillment,shipment,SH-50134,2026-01-30T14:47:00,E031,shipment_confirmed,picked,shipped,PS-SH-50134.pdf,1.0,N
EV-001919,keystone_bearing_and_drive,order_to_cash,customer_invoice,INV-60364,2026-01-30T15:21:00,system,payment_applied,open,paid,Email remittance,0.95,N
EV-000324,keystone_bearing_and_drive,quote_to_order ,sales_order,SO-26200,2026-01-30T15:54:00,E025,order_entered,,open,customer_po_PO517511,1.0,N 
EV-002746,keystone_bearing_and_drive,procure_to_pay,supplier_invoice,93940035,2026-01-30T16:14:00,E002,invoice_matched,received,paid,93940035,1.0,N
EV-001268,keystone_bearing_and_drive,order_to_cash,customer_invoice,INV-60133,2026-01-30T16:41:00,E002,invoice_issued,,open,INV-60133.pdf,1.0,N
EV-001794,keystone_bearing_and_drive,order_to_cash,customer_invoice,INV-60206,2026-01-30T17:05:00,system ,payment_applied,open,paid,Bank feed,1.0,N
EV-001641,keystone_bearing_and_drive,order_to_cash,customer_invoice,INV-60023,2026-01-31T07:13:00,system,payment_applied,open,paid,Email remittance,0.95,N
EV-002049,keystone_bearing_and_drive,procure_to_pay,purchase_order,PO-31029,2026-01-31T09:12:00,E012,po_issued ,draft,open,PO-31029.pdf,1.0,N
EV-001829,keystone_bearing_and_drive,order_to_cash,customer_invoice,INV-60249,2026-01-31T09:52:00,system,payment_applied,open,paid,Email remittance,0.95,N
EV-000637,keystone_bearing_and_drive,quote_to_order,sales_order,SO-26510,2026-01-31T10:24:00,E025,order_entered ,,open,customer_po_4500276692,1.0,N
EV-000745,keystone_bearing_and_drive,fulfillment,shipment,SH-50098,2026-01-31T10:36:00,E039,shipment_confirmed,picked,shipped,PS-SH-50098.pdf,1.0,N
EV-000455,keystone_bearing_and_drive,quote_to_order,sales_order,SO-26329,2026-01-31T10:55:00 ,E013,order_entered,,open,customer_po_P718281,1.0,N
EV-001232,keystone_bearing_and_drive,order_to_cash,customer_invoice,INV-60097,2026-01-31T12:06:00,E002,invoice_issued,,open,INV-60097.pdf,1.0,N
EV-000949,keystone_bearing_and_drive,fulfillment ,shipment,SH-50302,2026-01-31T12:49:00,E026,shipment_confirmed,picked,shipped,PS-SH-50302.pdf,1.0,N
EV-001522,keystone_bearing_and_drive,order_to_cash,customer_invoice,INV-60387,2026-01-31T13:26:00,E002,invoice_issued,,open,INV-60387.pdf,1.0,N 
EV-002974,keystone_bearing_and_drive,manufacturing,work_order,WO-70040,2026-01-31T13:37:00,E045,wo_closed,in_process,closed,COC-WO-70040.pdf,1.0,N
EV-001436,keystone_bearing_and_drive,order_to_cash,customer_invoice,INV-60301,2026-01-31T16:05:00,E002,invoice_issued,,open,INV-60301.pdf,1.0,N
EV-001035,keystone_bearing_and_drive,fulfillment,shipment,SH-50388,2026-01-31T17:14:00,E034,shipment_confirmed,picked,shipped,PS-SH-50388.pdf,1.0,N
EV-002571,keystone_bearing_and_drive,procure_to_pay,receipt,RCV-40251,2026-02-01T07:00:00,E039,goods_received,open,received,PS308331,1.0,N
EV-000185,keystone_bearing_and_drive,quote_to_order,sales_order,SO-26063,2026-02-01T07:31:00,E013,order_entered,,open,customer_po_P233233,1.0,N
EV-001161,keystone_bearing_and_drive,order_to_cash,customer_invoice,INV-60026,2026-02-01T09:02:00,E002,invoice_issued,,open,INV-60026.pdf,1.0,N
EV-002824,keystone_bearing_and_drive,procure_to_pay,supplier_invoice,INV5696508,2026-02-01T10:29:00,E002,invoice_matched,received,paid,INV5696508,1.0,N
EV-002862,keystone_bearing_and_drive,procure_to_pay,supplier_invoice,96174862,2026-02-01T10:31:00,E002,invoice_matched,received,paid,96174862,1.0,N 
EV-000771,keystone_bearing_and_drive,fulfillment,shipment,SH-50124,2026-02-01T12:04:00,E027,shipment_confirmed,picked,shipped,PS-SH-50124.pdf,1.0,N
EV-001921,keystone_bearing_and_drive,order_to_cash,customer_invoice,INV-60366,2026-02-01T12:28:00,system,payment_applied,open,paid,Lockbox ,1.0,N
EV-001360,keystone_bearing_and_drive,order_to_cash,customer_invoice,INV-60225,2026-02-01T12:38:00,E002,invoice_issued,,open,INV-60225.pdf,1.0,N
EV-001691,keystone_bearing_and_drive,order_to_cash,customer_invoice,INV-60082,2026-02-01T13:27:00,system,payment_applied,open,paid,Bank feed,1.0,N
EV-001489,keystone_bearing_and_drive,order_to_cash,customer_invoice,INV-60354,2026-02-01T14:08:00,E002,invoice_issued,,open,INV-60354.pdf,1.0,N
EV-001002,keystone_bearing_and_drive,fulfillment,shipment,SH-50355,2026-02-01T15:18:00,E036,shipment_confirmed,picked,shipped,PS-SH-50355.pdf,1.0,N
EV-001258,keystone_bearing_and_drive,order_to_cash,customer_invoice,INV-60123,2026-02-01T16:22:00,E002,invoice_issued,,open,INV-60123.pdf,1.0,N
EV-000674,keystone_bearing_and_drive,fulfillment,shipment,SH-50027,2026-02-01T16:25:00,E034,shipment_confirmed,picked,shipped ,PS-SH-50027.pdf,1.0,N
EV-000873,keystone_bearing_and_drive,fulfillment,shipment,SH-50226 ,2026-02-01T17:04:00,E029,shipment_confirmed,picked,shipped,PS-SH-50226.pdf,1.0,N
EV-000039,keystone_bearing_and_drive,quote_to_order,quote,Q-26039,2026-02-01T17:15:00,E019,quote_sent,draft,sent,Q-26039.pdf,1.0,N
EV-001849,keystone_bearing_and_drive,order_to_cash,customer_invoice,INV-60276,2026-02-01T17:18:00,system,payment_applied,open,paid,Email remittance,0.95,N
EV-000063,keystone_bearing_and_drive,quote_to_order,quote,Q-26063,2026-02-02T09:21:00,E013,quote_sent,draft,sent,Q-26063.pdf,1.0,N
EV-001052,keystone_bearing_and_drive,fulfillment,shipment,SH-50405,2026-02-02T13:59:00,E029,shipment_confirmed,picked,shipped,PS-SH-50405.pdf,1.0,N
EV-001539,keystone_bearing_and_drive,order_to_cash,customer_invoice,INV-60404,2026-02-02T14:00:00,E002,invoice_issued,,open,INV-60404.pdf,1.0,N
EV-000342,keystone_bearing_and_drive,quote_to_order,sales_order,SO-26218,2026-02-02T14:59:00,E016,order_entered,,open,customer_po_PO163514,0.9,N
EV-001797,keystone_bearing_and_drive,order_to_cash,customer_invoice,INV-60212,2026-02-02T14:59:00,system,payment_applied,open,paid,Email remittance,0.95,N
EV-002431,keystone_bearing_and_drive,procure_to_pay,receipt,RCV-40111,2026-02-02T15:13:00,E035,goods_received,open,received,PS835438,0.85,Y
EV-000819,keystone_bearing_and_drive,fulfillment,shipment,SH-50172,2026-02-03T07:55:00,E034,shipment_confirmed,picked,shipped,PS-SH-50172.pdf,1.0,N
EV-002066,keystone_bearing_and_drive,procure_to_pay,purchase_order,PO-31046,2026-02-03T08:00:00,E011,po_issued,draft,open,PO-31046.pdf,1.0,N
EV-001891,keystone_bearing_and_drive,order_to_cash,customer_invoice,INV-60329,2026-02-03T11:00:00 ,system,payment_applied,open,paid,Portal,1.0,N
EV-001750,keystone_bearing_and_drive,order_to_cash,customer_invoice,INV-60151,2026-02-03T15:09:00,system,payment_applied,open,paid,Email remittance ,0.95,N
EV-001306,keystone_bearing_and_drive,order_to_cash,customer_invoice,INV-60171,2026-02-03T17:19:00,E002,invoice_issued,,open,INV-60171.pdf,1.0,N
EV-002795,keystone_bearing_and_drive,procure_to_pay,supplier_invoice,SI9082381,2026-02-04T09:25:00,E002 ,invoice_matched,received,paid,SI9082381,1.0,N
EV-002844,keystone_bearing_and_drive,procure_to_pay,supplier_invoice ,SI2041771,2026-02-04T11:40:00,E002,invoice_matched,received,paid,SI2041771,1.0,N
EV-000921,keystone_bearing_and_drive,fulfillment,shipment,SH-50274,2026-02-04T12:20:00,E039,shipment_confirmed,picked,shipped,PS-SH-50274.pdf,1.0,N
EV-002413,keystone_bearing_and_drive,procure_to_pay,receipt,RCV-40093,2026-02-04T13:37:00 ,E030,goods_received,open,received,PS335189,1.0,N
EV-001408,keystone_bearing_and_drive,order_to_cash,customer_invoice,INV-60273,2026-02-04T13:47:00,E002,invoice_issued,,open,INV-60273.pdf,1.0,N
EV-002860,keystone_bearing_and_drive,procure_to_pay,supplier_invoice,95700268,2026-02-04T17:09:00,E002,invoice_matched,received,paid,95700268,1.0,N
EV-002996,keystone_bearing_and_drive,manufacturing,work_order,WO-70053,2026-02-04T17:28:00,E045,wo_closed,in_process,closed,COC-WO-70053.pdf,1.0,N
EV-002232,keystone_bearing_and_drive,procure_to_pay,purchase_order,PO-31212,2026-02-05T08:57:00,E012,po_issued,draft,open,PO-31212.pdf,1.0,N
EV-000630,keystone_bearing_and_drive,quote_to_order,sales_order,SO-26503,2026-02-05T10:19:00,E017,order_entered,,open,customer_po_4500955720,1.0,N
EV-002021,keystone_bearing_and_drive,procure_to_pay,purchase_order,PO-31001,2026-02-05T10:27:00,E012,po_issued,draft,open,PO-31001.pdf,1.0,N
EV-000432,keystone_bearing_and_drive,quote_to_order,sales_order,SO-26307,2026-02-05T11:38:00,E016,order_entered,,open,customer_po_P908424,1.0,N
EV-000313,keystone_bearing_and_drive,quote_to_order,sales_order,SO-26189,2026-02-05T12:53:00,E017,order_entered,,open,customer_po_4500486905,1.0,N
EV-001850,keystone_bearing_and_drive,order_to_cash,customer_invoice,INV-60279,2026-02-05T14:54:00,system,payment_applied,open,paid,Email remittance,0.95,N
EV-002494,keystone_bearing_and_drive,procure_to_pay,receipt,RCV-40174,2026-02-05T15:16:00,E033,goods_received,open,received,PS106165,0.85,Y
EV-000948,keystone_bearing_and_drive,fulfillment,shipment,SH-50301,2026-02-06T07:54:00,E031,shipment_confirmed,picked,shipped,PS-SH-50301.pdf,1.0,N
EV-002768,keystone_bearing_and_drive,procure_to_pay,supplier_invoice,93318974,2026-02-06T08:07:00,E002,match_exception,received,paid,93318974,0.7,Y
EV-001151,keystone_bearing_and_drive,order_to_cash,customer_invoice ,INV-60016,2026-02-06T08:34:00,E002,invoice_issued,,open,INV-60016.pdf,1.0,N
EV-001166,keystone_bearing_and_drive,order_to_cash,customer_invoice,INV-60031,2026-02-06T10:13:00,E002,invoice_issued,,open,INV-60031.pdf,1.0,N
EV-001726,keystone_bearing_and_drive,order_to_cash,customer_invoice,INV-60123,2026-02-06T10:54:00,system,payment_applied ,open,paid,Portal,1.0,N
EV-001673,keystone_bearing_and_drive,order_to_cash,customer_invoice,INV-60064,2026-02-06T11:29:00,system,payment_applied,open,paid,Lockbox,1.0,N
EV-000679,keystone_bearing_and_drive,fulfillment,shipment,SH-50032,2026-02-06T11:43:00,E034,shipment_confirmed,picked,shipped,PS-SH-50032.pdf,1.0,N
EV-001435,keystone_bearing_and_drive,order_to_cash,customer_invoice,INV-60300,2026-02-06T12:21:00,E002,invoice_issued,,open,INV-60300.pdf,1.0,N
EV-001019,keystone_bearing_and_drive,fulfillment,shipment,SH-50372,2026-02-06T12:30:00,E035,shipment_confirmed,picked,shipped,PS-SH-50372.pdf,1.0,N
EV-001626,keystone_bearing_and_drive,order_to_cash,customer_invoice,INV-60006,2026-02-06T12:39:00,system,payment_applied,open,paid,Email remittance,0.95,N
EV-001892,keystone_bearing_and_drive,order_to_cash,customer_invoice,INV-60331,2026-02-06T12:41:00,system,payment_applied,open,paid,Bank feed,1.0,N
EV-001732,keystone_bearing_and_drive,order_to_cash,customer_invoice,INV-60130,2026-02-06T12:46:00,system,payment_applied,open,paid,Portal,1.0,N
EV-001506,keystone_bearing_and_drive,order_to_cash,customer_invoice,INV-60371,2026-02-06T12:47:00,E002,invoice_issued,,open,INV-60371.pdf,1.0,N
EV-000585,keystone_bearing_and_drive,quote_to_order,sales_order,SO-26458,2026-02-06T16:01:00,E017,order_entered,,open,customer_po_4500389771,0.9,N
EV-002810,keystone_bearing_and_drive,procure_to_pay,supplier_invoice,INV4494787,2026-02-06T16:35:00,E002,invoice_matched,received,paid,INV4494787,1.0,N
EV-000664,keystone_bearing_and_drive,fulfillment,shipment,SH-50017,2026-02-06T17:27:00,E028,shipment_confirmed,picked,shipped,PS-SH-50017.pdf,1.0,N
EV-001958,keystone_bearing_and_drive,order_to_cash,customer_invoice,INV-60412,2026-02-07T09:21:00,system,payment_applied,open,paid,Lockbox,1.0,N
EV-000394,keystone_bearing_and_drive,quote_to_order,sales_order,SO-26270,2026-02-07T09:27:00,E013,order_entered,,open,customer_po_4500321220,1.0,N
EV-001004,keystone_bearing_and_drive,fulfillment,shipment,SH-50357,2026-02-07T09:28:00,E034,shipment_confirmed,picked,shipped,PS-SH-50357.pdf,1.0,N
EV-000476,keystone_bearing_and_drive,quote_to_order,sales_order,SO-26350,2026-02-07T11:39:00,E025,order_entered,,open,customer_po_PO589441,1.0,N
EV-001491,keystone_bearing_and_drive,order_to_cash,customer_invoice,INV-60356,2026-02-07T12:52:00,E002,invoice_issued,,open,INV-60356.pdf,1.0,N
EV-002293,keystone_bearing_and_drive,procure_to_pay,purchase_order,PO-31273,2026-02-07T13:24:00,E011,po_issued,draft,open,PO-31273.pdf,1.0,N
EV-002537,keystone_bearing_and_drive,procure_to_pay,receipt,RCV-40217,2026-02-07T14:03:00,E034,goods_received,open,received,PS504989,1.0,N
EV-002976,keystone_bearing_and_drive,manufacturing,work_order,WO-70041,2026-02-07T14:07:00,E045,wo_closed,in_process,closed,COC-WO-70041.pdf,1.0,N
EV-000472,keystone_bearing_and_drive,quote_to_order,sales_order,SO-26346,2026-02-07T17:17:00,E016,order_entered,,open,customer_po_4500783259,0.9,N
EV-001117,keystone_bearing_and_drive,fulfillment,shipment,SH-50470,2026-02-09T08:13:00,E034,shipment_confirmed,picked,shipped,PS-SH-50470.pdf,1.0,N
EV-001979,keystone_bearing_and_drive,order_to_cash,customer_invoice,INV-60439,2026-02-09T08:37:00,system,payment_applied,open,paid,Lockbox,1.0,N
EV-002826,keystone_bearing_and_drive,procure_to_pay,supplier_invoice,94218643,2026-02-09T08:51:00,E002,invoice_matched,received,paid,94218643,1.0,N
EV-002495,keystone_bearing_and_drive,procure_to_pay,receipt,RCV-40175,2026-02-09T10:03:00,E037,goods_received,open,received,PS837280,1.0,N
EV-002550,keystone_bearing_and_drive,procure_to_pay,receipt,RCV-40230,2026-02-09T11:03:00,E032,goods_received,open,received,PS875772,0.85,Y
EV-001604,keystone_bearing_and_drive,order_to_cash,customer_invoice,INV-60469,2026-02-09T12:12:00,E002,invoice_issued,,open,INV-60469.pdf,1.0,N
EV-000467,keystone_bearing_and_drive,quote_to_order,sales_order,SO-26341,2026-02-09T13:55:00,E013,order_entered,,open,customer_po_PUR-713588,1.0,N
EV-001828,keystone_bearing_and_drive,order_to_cash,customer_invoice,INV-60248,2026-02-09T16:59:00,system,payment_applied,open,paid ,Bank feed,1.0,N
EV-002590,keystone_bearing_and_drive,procure_to_pay,receipt,RCV-40270,2026-02-10T08:45:00,E028,goods_received,open,received,PS266358,0.85,Y
EV-001584,keystone_bearing_and_drive,order_to_cash,customer_invoice,INV-60449,2026-02-10T08:56:00,E002,invoice_issued,,open,INV-60449.pdf,1.0,N
EV-003022,keystone_bearing_and_drive,returns,rma,RMA-0007,2026-02-10T09:18:00,E017,rma_approved,requested,approved,INV-60263,1.0,N
EV-002034,keystone_bearing_and_drive,procure_to_pay,purchase_order,PO-31014,2026-02-10T10:48:00,E011,po_issued,draft,open,PO-31014.pdf,1.0,N
EV-002212,keystone_bearing_and_drive,procure_to_pay,purchase_order,PO-31192,2026-02-10T11:45:00,E012,po_issued,draft,open,PO-31192.pdf,1.0,N
EV-000250,keystone_bearing_and_drive,quote_to_order,sales_order,SO-26127,2026-02-10T12:43:00,E017,order_entered,,open,customer_po_P574541,0.9,N
EV-002009,keystone_bearing_and_drive,order_to_cash,customer_invoice,INV-60474,2026-02-10T14:42:00,system,payment_applied,open,paid,Lockbox,1.0,N 
EV-001643,keystone_bearing_and_drive,order_to_cash,customer_invoice,INV-60025,2026-02-10T15:34:00,system,payment_applied,open,paid,Portal,1.0,N
EV-001097,keystone_bearing_and_drive,fulfillment,shipment ,SH-50450,2026-02-10T16:50:00,E031,shipment_confirmed,picked ,shipped,PS-SH-50450.pdf,1.0,N
EV-000481,keystone_bearing_and_drive,quote_to_order,sales_order,SO-26355,2026-02-10T16:52:00,E025,order_entered,,open,customer_po_P574493,1.0,N
EV-002205,keystone_bearing_and_drive,procure_to_pay,purchase_order,PO-31185,2026-02-11T07:12:00,E011,po_issued,draft,open,PO-31185.pdf,1.0,N
EV-000994,keystone_bearing_and_drive,fulfillment,shipment,SH-50347,2026-02-11T08:04:00,E026,shipment_confirmed,picked,shipped,PS-SH-50347.pdf,1.0,N
EV-002720,keystone_bearing_and_drive,procure_to_pay,supplier_invoice,INV2818920,2026-02-11T09:18:00,E002,invoice_matched,received,paid,INV2818920,1.0,N
EV-001481,keystone_bearing_and_drive,order_to_cash,customer_invoice,INV-60346,2026-02-11T09:31:00,E002,invoice_issued,,open,INV-60346.pdf,1.0,N
EV-003013,keystone_bearing_and_drive,quality,ncr,NCR-0003,2026-02-11T09:41:00,E045,ncr_opened,,open,RCV-40230,1.0,Y
EV-002436,keystone_bearing_and_drive,procure_to_pay,receipt,RCV-40116,2026-02-11T12:18:00,E037,goods_received,open,received,PS265465,1.0,N
EV-002702,keystone_bearing_and_drive,procure_to_pay,supplier_invoice,INV2881961,2026-02-11T14:15:00 ,E002,invoice_matched,received,paid,INV2881961,1.0,N
EV-000318,keystone_bearing_and_drive,quote_to_order,sales_order,SO-26194,2026-02-11T16:01:00,E016,order_entered,,open,customer_po_PUR-811877,0.9,N
EV-000357,keystone_bearing_and_drive,quote_to_order,sales_order,SO-26233,2026-02-11T16:07:00,E014,order_entered,,open,customer_po_4500360790,0.9,N
EV-001433,keystone_bearing_and_drive,order_to_cash,customer_invoice,INV-60298,2026-02-12T07:14:00,E002,invoice_issued,,open,INV-60298.pdf,1.0,N
EV-002092,keystone_bearing_and_drive,procure_to_pay,purchase_order,PO-31072,2026-02-12T10:27:00,E012,po_issued,draft,open,PO-31072.pdf,1.0,N
EV-000517,keystone_bearing_and_drive,quote_to_order,sales_order,SO-26390,2026-02-12T10:56:00,E018,order_entered,,open,customer_po_4500418477,0.9,N
EV-002353,keystone_bearing_and_drive,procure_to_pay,receipt,RCV-40033,2026-02-12T11:02:00,E039,goods_received,open,received,PS897111 ,1.0,N
EV-001923,keystone_bearing_and_drive,order_to_cash,customer_invoice,INV-60372,2026-02-12T12:13:00,system,payment_applied,open,paid,Email remittance,0.95,N
EV-001369,keystone_bearing_and_drive,order_to_cash,customer_invoice,INV-60234,2026-02-12T12:52:00,E002,invoice_issued,,open,INV-60234.pdf,1.0,N
EV-000946,keystone_bearing_and_drive,fulfillment,shipment,SH-50299,2026-02-12T13:06:00,E033,shipment_confirmed,picked,shipped,PS-SH-50299.pdf,1.0,N
EV-001886,keystone_bearing_and_drive,order_to_cash,customer_invoice,INV-60322,2026-02-12T13:10:00,system,payment_applied,open,paid,Email remittance,0.95,N
EV-000375,keystone_bearing_and_drive,quote_to_order,sales_order,SO-26251,2026-02-12T13:52:00,E014,order_entered,,open,customer_po_PUR-577436,0.9,N
EV-002784,keystone_bearing_and_drive,procure_to_pay,supplier_invoice,5443768,2026-02-12T15:18:00,E002,invoice_matched,received,paid,5443768,1.0,N
EV-001634 ,keystone_bearing_and_drive,order_to_cash,customer_invoice,INV-60014,2026-02-12T15:32:00,system,payment_applied,open,paid,Email remittance,0.95,N
EV-000882,keystone_bearing_and_drive,fulfillment,shipment,SH-50235,2026-02-12T16:13:00,E031,shipment_confirmed,picked,shipped,PS-SH-50235.pdf,1.0,N
EV-000187,keystone_bearing_and_drive,quote_to_order,sales_order,SO-26065,2026-02-12T16:39:00,E014,order_entered,,open,customer_po_PO359502,1.0,N
EV-000410,keystone_bearing_and_drive,quote_to_order,sales_order,SO-26286,2026-02-13T07:43:00,E015,order_entered,,open,customer_po_P508679,1.0,N
EV-001486,keystone_bearing_and_drive,order_to_cash,customer_invoice,INV-60351,2026-02-13T08:23:00,E002,invoice_issued,,open,INV-60351.pdf ,1.0,N
EV-002261 ,keystone_bearing_and_drive,procure_to_pay,purchase_order,PO-31241,2026-02-13T10:51:00,E011 ,po_issued,draft,open,PO-31241.pdf,1.0,N
EV-002839,keystone_bearing_and_drive,procure_to_pay,supplier_invoice,97264916,2026-02-13T12:48:00,E002,invoice_matched,received,paid,97264916,1.0,N
EV-000999,keystone_bearing_and_drive,fulfillment ,shipment,SH-50352,2026-02-13T16:54:00,E034,shipment_confirmed,picked,shipped,PS-SH-50352.pdf,1.0,N
EV-000639,keystone_bearing_and_drive,quote_to_order,sales_order,SO-26512,2026-02-13T17:45:00,E025,order_entered,,open,customer_po_PO639147,1.0,N
EV-001413,keystone_bearing_and_drive,order_to_cash,customer_invoice,INV-60278,2026-02-14T08:51:00,E002,invoice_issued,,open,INV-60278.pdf,1.0,N
EV-000162,keystone_bearing_and_drive,quote_to_order,sales_order,SO-26042,2026-02-14T09:10:00,E025,order_entered,,open,customer_po_4500398951,0.9,N
EV-001649,keystone_bearing_and_drive,order_to_cash,customer_invoice,INV-60032,2026-02-14T10:54:00,system,payment_applied,open,paid,Email remittance,0.95,N
EV-000587,keystone_bearing_and_drive,quote_to_order,sales_order,SO-26460 ,2026-02-14T12:06:00,E015,order_entered,,open,customer_po_P903252,1.0,N
EV-002095,keystone_bearing_and_drive,procure_to_pay,purchase_order,PO-31075,2026-02-14T13:44:00,E012,po_issued,draft,open,PO-31075.pdf,1.0,N
EV-000926,keystone_bearing_and_drive,fulfillment,shipment,SH-50279,2026-02-14T14:35:00,E031,shipment_confirmed,picked,shipped,PS-SH-50279.pdf,1.0,N
EV-000571,keystone_bearing_and_drive,quote_to_order,sales_order,SO-26444,2026-02-14T14:37:00,E013,order_entered,,open,customer_po_P233569,1.0,N
EV-002642 ,keystone_bearing_and_drive,procure_to_pay,supplier_invoice,INV5342354,2026-02-14T14:49:00,E002,invoice_matched,received,approved,INV5342354,1.0,N
EV-000122,keystone_bearing_and_drive,quote_to_order,sales_order,SO-26003,2026-02-14T14:55:00,E017,order_entered,,open,customer_po_4500458676,0.9,N 
EV-000004,keystone_bearing_and_drive,quote_to_order,quote,Q-26004,2026-02-14T15:54:00,E023,quote_sent,draft ,sent,Q-26004.pdf,1.0,N
EV-000008,keystone_bearing_and_drive,quote_to_order,quote,Q-26008,2026-02-14T17:02:00,E021,quote_sent,draft,sent,Q-26008.pdf,1.0,N
EV-001566,keystone_bearing_and_drive,order_to_cash,customer_invoice,INV-60431,2026-02-15T07:15:00,E002,invoice_issued,,open,INV-60431.pdf,1.0,N
EV-002541,keystone_bearing_and_drive,procure_to_pay,receipt,RCV-40221,2026-02-15T08:27:00,E031,goods_received,open,received,PS614822,1.0,N
EV-000703,keystone_bearing_and_drive,fulfillment,shipment,SH-50056,2026-02-15T08:42:00,E036,shipment_confirmed,picked,shipped,PS-SH-50056.pdf,1.0,N
EV-001908,keystone_bearing_and_drive,order_to_cash,customer_invoice,INV-60350,2026-02-15T10:19:00,system,payment_applied,open,paid,Email remittance,0.95,N
EV-001190,keystone_bearing_and_drive,order_to_cash,customer_invoice,INV-60055,2026-02-15T11:02:00,E002,invoice_issued,,open,INV-60055.pdf,1.0,N
EV-001721,keystone_bearing_and_drive,order_to_cash,customer_invoice,INV-60115,2026-02-15T11:41:00 ,system,payment_applied,open,paid,Bank feed,1.0,N
EV-001766,keystone_bearing_and_drive,order_to_cash,customer_invoice,INV-60172,2026-02-15T12:23:00,system,payment_applied,open,paid,Bank feed,1.0,N
EV-001079,keystone_bearing_and_drive,fulfillment,shipment,SH-50432,2026-02-15T14:15:00,E038,shipment_confirmed,picked,shipped,PS-SH-50432.pdf,1.0,N
EV-001779,keystone_bearing_and_drive,order_to_cash,customer_invoice,INV-60189,2026-02-15T17:09:00,system,payment_applied,open,paid,Portal,1.0,N
EV-000976,keystone_bearing_and_drive,fulfillment,shipment,SH-50329,2026-02-16T09:30:00,E029,shipment_confirmed,picked,shipped,PS-SH-50329.pdf,1.0,N
EV-001702,keystone_bearing_and_drive,order_to_cash,customer_invoice,INV-60094,2026-02-16T12:25:00,system,payment_applied,open,paid,Lockbox,1.0,N
EV-001463,keystone_bearing_and_drive,order_to_cash,customer_invoice,INV-60328 ,2026-02-16T14:38:00,E002,invoice_issued,,open,INV-60328.pdf,1.0,N
EV-000001,keystone_bearing_and_drive,quote_to_order,quote,Q-26001,2026-02-16T15:15:00,E019,quote_sent,draft,sent,Q-26001.pdf,1.0,N
EV-002783,keystone_bearing_and_drive,procure_to_pay,supplier_invoice,9550811,2026-02-16T15:26:00,E002,invoice_matched,received,paid,9550811,1.0,N
EV-002260,keystone_bearing_and_drive,procure_to_pay,purchase_order,PO-31240,2026-02-17T07:38:00,E011,po_issued,draft,open,PO-31240.pdf,1.0,N
EV-002059,keystone_bearing_and_drive,procure_to_pay,purchase_order,PO-31039,2026-02-17T08:30:00,E012,po_issued,draft,open,PO-31039.pdf,1.0,N
EV-001446,keystone_bearing_and_drive,order_to_cash,customer_invoice,INV-60311,2026-02-17T10:10:00,E002,invoice_issued,,open,INV-60311.pdf,1.0,N
EV-001809,keystone_bearing_and_drive,order_to_cash,customer_invoice,INV-60227,2026-02-17T10:47:00,system,payment_applied,open,paid ,Email remittance,0.95,N
EV-000959,keystone_bearing_and_drive,fulfillment,shipment,SH-50312,2026-02-17T12:12:00,E032,shipment_confirmed,picked,shipped,PS-SH-50312.pdf,1.0,N
EV-001826,keystone_bearing_and_drive,order_to_cash,customer_invoice,INV-60246,2026-02-17T14:20:00,system,payment_applied,open,paid,Lockbox,1.0,N
EV-001843,keystone_bearing_and_drive,order_to_cash,customer_invoice,INV-60265,2026-02-17T14:56:00,system,payment_applied,open,paid,Email remittance,0.95,N
EV-001830,keystone_bearing_and_drive,order_to_cash,customer_invoice,INV-60250,2026-02-17T15:26:00,system,payment_applied,open,paid,Portal,1.0,N
EV-001759,keystone_bearing_and_drive,order_to_cash,customer_invoice,INV-60163,2026-02-17T16:57:00,system,payment_applied,open,paid,Email remittance,0.95,N
EV-000345,keystone_bearing_and_drive,quote_to_order,sales_order,SO-26221,2026-02-17T17:32:00,E017,order_entered,,open,customer_po_PUR-747530,0.9,N
EV-001034,keystone_bearing_and_drive,fulfillment,shipment,SH-50387,2026-02-18T07:37:00,E028,shipment_confirmed,picked,shipped,PS-SH-50387.pdf,1.0,N
EV-000123,keystone_bearing_and_drive,quote_to_order,sales_order,SO-26004,2026-02-18T08:26:00,E014,order_entered,,open,customer_po_4500503261,1.0,N
EV-000939,keystone_bearing_and_drive,fulfillment,shipment,SH-50292,2026-02-18T10:19:00,E037,shipment_confirmed,picked,shipped,PS-SH-50292.pdf,1.0,N
EV-000447,keystone_bearing_and_drive,quote_to_order,sales_order,SO-26321,2026-02-18T10:36:00,E025,order_entered,,open,customer_po_PUR-696256,0.9,N
EV-002972,keystone_bearing_and_drive,manufacturing,work_order,WO-70039,2026-02-18T12:25:00,E045,wo_closed,in_process,closed,COC-WO-70039.pdf,1.0,N
EV-000487,keystone_bearing_and_drive,quote_to_order,sales_order,SO-26361,2026-02-18T12:31:00,E015,order_entered,,open,customer_po_PUR-806119,0.9,N
EV-002879,keystone_bearing_and_drive,procure_to_pay,supplier_invoice,92294328,2026-02-18T14:07:00,E002,match_exception,received,on hold,92294328,0.7,Y
EV-001521,keystone_bearing_and_drive,order_to_cash,customer_invoice,INV-60386,2026-02-18T14:38:00,E002,invoice_issued,,open,INV-60386.pdf,1.0,N
EV-000412,keystone_bearing_and_drive,quote_to_order,sales_order,SO-26288,2026-02-18T16:42:00,E013,order_entered,,open,customer_po_P748711,0.9,N
EV-002296,keystone_bearing_and_drive,procure_to_pay,purchase_order,PO-31276,2026-02-18T17:11:00,E012,po_issued,draft,open,PO-31276.pdf,1.0,N
EV-001426,keystone_bearing_and_drive,order_to_cash,customer_invoice,INV-60291,2026-02-18T17:15:00,E002,invoice_issued,,open,INV-60291.pdf,1.0,N
EV-001982,keystone_bearing_and_drive,order_to_cash,customer_invoice,INV-60442,2026-02-18T17:49:00,system,payment_applied,open,paid,Lockbox,1.0,N
EV-001105,keystone_bearing_and_drive,fulfillment,shipment,SH-50458,2026-02-19T10:45:00,E036,shipment_confirmed,picked,shipped,PS-SH-50458.pdf,1.0,N
EV-000165,keystone_bearing_and_drive,quote_to_order,sales_order,SO-26044,2026-02-19T10:50:00,E016,order_entered,,open,customer_po_P953019,1.0,N
EV-000520,keystone_bearing_and_drive,quote_to_order,sales_order,SO-26393 ,2026-02-19T12:04:00,E018,order_entered,,open,customer_po_PUR-193452,0.9,N
EV-002544,keystone_bearing_and_drive,procure_to_pay,receipt,RCV-40224,2026-02-19T12:18:00,E039,goods_received,open ,received,PS585071,0.85,Y
EV-001652,keystone_bearing_and_drive,order_to_cash,customer_invoice,INV-60037,2026-02-19T13:06:00,system,payment_applied,open,paid,Lockbox,1.0,N
EV-002482,keystone_bearing_and_drive,procure_to_pay,receipt,RCV-40162,2026-02-19T13:51:00 ,E039,goods_received,open,received,PS850470,1.0,N
EV-000046,keystone_bearing_and_drive,quote_to_order,quote,Q-26046,2026-02-19T14:10:00,E023,quote_sent,draft,sent,Q-26046.pdf,1.0,N
EV-000861,keystone_bearing_and_drive,fulfillment,shipment,SH-50214,2026-02-19T15:03:00,E029,shipment_confirmed,picked,shipped,PS-SH-50214.pdf ,1.0,N
EV-001348,keystone_bearing_and_drive,order_to_cash,customer_invoice,INV-60213,2026-02-19T15:16:00,E002,invoice_issued,,open,INV-60213.pdf,1.0,N
EV-001592,keystone_bearing_and_drive,order_to_cash,customer_invoice,INV-60457,2026-02-19T17:48:00,E002,invoice_issued,,open,INV-60457.pdf,1.0,N
EV-001747,keystone_bearing_and_drive,order_to_cash,customer_invoice,INV-60148,2026-02-20T08:03:00,system,payment_applied,open,paid,Lockbox,1.0,N
EV-002725,keystone_bearing_and_drive,procure_to_pay,supplier_invoice,9259945,2026-02-20T08:06:00,E002,match_exception,received,on hold,9259945,0.7,Y
EV-000414,keystone_bearing_and_drive,quote_to_order,sales_order,SO-26290,2026-02-20T09:21:00,E013,order_entered,,open,customer_po_P689503,1.0,N
EV-001885,keystone_bearing_and_drive,order_to_cash,customer_invoice,INV-60321,2026-02-20T12:17:00,system,payment_applied,open,paid,Lockbox,1.0,N
EV-001323,keystone_bearing_and_drive,order_to_cash,customer_invoice,INV-60188,2026-02-20T14:13:00,E002,invoice_issued,,open,INV-60188.pdf,1.0,N
EV-000638,keystone_bearing_and_drive,quote_to_order,sales_order,SO-26511,2026-02-20T14:38:00,E024,order_entered,,open,customer_po_PO242263,1.0,N
EV-002058,keystone_bearing_and_drive,procure_to_pay,purchase_order,PO-31038 ,2026-02-20T14:50:00,E011,po_issued,draft,open,PO-31038.pdf,1.0,N
EV-002004,keystone_bearing_and_drive,order_to_cash,customer_invoice,INV-60467,2026-02-20T15:33:00,system,payment_applied,open,paid,Email remittance,0.95,N
EV-000836,keystone_bearing_and_drive,fulfillment,shipment,SH-50189,2026-02-20T15:37:00,E029,shipment_confirmed,picked,shipped,PS-SH-50189.pdf,1.0,N
EV-001841,keystone_bearing_and_drive,order_to_cash,customer_invoice,INV-60263,2026-02-20T16:41:00,system,payment_applied,open,paid,Bank feed,1.0,N
EV-002987,keystone_bearing_and_drive,manufacturing,work_order,WO-70049,2026-02-21T07:53:00,E023,wo_released,planned,released,MRP,1.0,N
EV-001811,keystone_bearing_and_drive,order_to_cash,customer_invoice,INV-60229,2026-02-21T09:01:00,system,payment_applied,open,paid,Lockbox,1.0,N
EV-001423,keystone_bearing_and_drive,order_to_cash,customer_invoice,INV-60288,2026-02-21T09:10:00,E002,invoice_issued,,open,INV-60288.pdf,1.0,N
EV-002169,keystone_bearing_and_drive,procure_to_pay,purchase_order,PO-31149,2026-02-21T09:13:00,E012,po_issued,draft,open,PO-31149.pdf,1.0,N
EV-001078,keystone_bearing_and_drive,fulfillment,shipment,SH-50431,2026-02-21T10:11:00,E027,shipment_confirmed,picked,shipped,PS-SH-50431.pdf,1.0,N
EV-000936,keystone_bearing_and_drive,fulfillment,shipment,SH-50289 ,2026-02-21T10:14:00,E036,shipment_confirmed,picked,shipped,PS-SH-50289.pdf,1.0,N
EV-002830,keystone_bearing_and_drive,procure_to_pay,supplier_invoice,SI3015425,2026-02-21T11:45:00,E002,invoice_matched,received,approved,SI3015425,1.0,N
EV-000839,keystone_bearing_and_drive,fulfillment,shipment,SH-50192,2026-02-21T11:56:00,E036,shipment_confirmed,picked,shipped,PS-SH-50192.pdf,1.0,N
EV-002027,keystone_bearing_and_drive,procure_to_pay,purchase_order,PO-31007,2026-02-21T13:32:00,E012,po_issued,draft,open,PO-31007.pdf,1.0,N
EV-000092 ,keystone_bearing_and_drive,quote_to_order,quote,Q-26092,2026-02-21T13:38:00,E019,quote_sent,draft,sent,Q-26092.pdf,1.0,N
EV-003000,keystone_bearing_and_drive,manufacturing,work_order,WO-70055,2026-02-21T15:11:00,E045,wo_closed,in_process,closed,COC-WO-70055.pdf,1.0,N
EV-001565,keystone_bearing_and_drive,order_to_cash,customer_invoice,INV-60430,2026-02-21T15:19:00,E002,invoice_issued,,open,INV-60430.pdf,1.0,N
EV-001326,keystone_bearing_and_drive,order_to_cash,customer_invoice,INV-60191,2026-02-21T17:32:00,E002,invoice_issued,,open,INV-60191.pdf,1.0,N
EV-002429,keystone_bearing_and_drive,procure_to_pay,receipt,RCV-40109,2026-02-22T08:16:00,E034,goods_received,open,received,PS752873,1.0,N
EV-002236,keystone_bearing_and_drive,procure_to_pay,purchase_order,PO-31216,2026-02-22T08:32:00,E011,po_issued,draft,open,PO-31216.pdf,1.0,N
EV-001196,keystone_bearing_and_drive,order_to_cash,customer_invoice,INV-60061,2026-02-22T12:46:00,E002,invoice_issued,,open,INV-60061.pdf,1.0,N
EV-000709,keystone_bearing_and_drive,fulfillment,shipment,SH-50062,2026-02-22T13:00:00,E039,shipment_confirmed,picked,shipped,PS-SH-50062.pdf,1.0,N
EV-002208,keystone_bearing_and_drive,procure_to_pay,purchase_order,PO-31188,2026-02-22T14:19:00,E012,po_issued,draft,open,PO-31188.pdf,1.0,N
EV-002343,keystone_bearing_and_drive,procure_to_pay,receipt,RCV-40023,2026-02-22T15:26:00,E036,goods_received,open,received,PS906451,1.0,N
EV-001796,keystone_bearing_and_drive,order_to_cash,customer_invoice,INV-60211,2026-02-22T15:55:00,system,payment_applied,open,paid,Email remittance,0.95,N
EV-002177,keystone_bearing_and_drive,procure_to_pay,purchase_order,PO-31157,2026-02-22T16:31:00,E012,po_issued,draft,open,PO-31157.pdf,1.0,N
EV-002051,keystone_bearing_and_drive,procure_to_pay,purchase_order,PO-31031,2026-02-23T08:09:00,E011,po_issued,draft,open,PO-31031.pdf,1.0,N
EV-001911,keystone_bearing_and_drive,order_to_cash,customer_invoice,INV-60354,2026-02-23T09:10:00 ,system,payment_applied,open,paid,Email remittance,0.95,N
EV-001497,keystone_bearing_and_drive,order_to_cash,customer_invoice,INV-60362,2026-02-23T10:55:00,E002,invoice_issued,,open,INV-60362.pdf,1.0,N
EV-000258,keystone_bearing_and_drive,quote_to_order,sales_order,SO-26135,2026-02-23T11:24:00,E014,order_entered,,open,customer_po_PO644379,1.0,N
EV-001010,keystone_bearing_and_drive,fulfillment,shipment,SH-50363,2026-02-23T11:25:00,E029,shipment_confirmed,picked,shipped,PS-SH-50363.pdf,1.0,N
EV-001113,keystone_bearing_and_drive,fulfillment,shipment,SH-50466,2026-02-23T13:02:00,E026,shipment_confirmed ,picked,shipped,PS-SH-50466.pdf,1.0,N
EV-002437,keystone_bearing_and_drive,procure_to_pay,receipt,RCV-40117,2026-02-23T13:06:00,E035,goods_received,open,received,PS469523,0.85,Y
EV-002771,keystone_bearing_and_drive,procure_to_pay,supplier_invoice,4996299,2026-02-23T13:30:00,E002,invoice_matched,received,approved,4996299,1.0,N
EV-002597,keystone_bearing_and_drive,procure_to_pay,receipt,RCV-40277,2026-02-23T15:10:00,E033,goods_received,open,received,PS532205,1.0,N
EV-001600,keystone_bearing_and_drive,order_to_cash,customer_invoice,INV-60465,2026-02-23T15:18:00,E002,invoice_issued,,open,INV-60465.pdf,1.0,N
EV-002833,keystone_bearing_and_drive,procure_to_pay,supplier_invoice,INV1531737,2026-02-23T16:43:00,E002,invoice_matched,received,approved,INV1531737,1.0,N
EV-000525,keystone_bearing_and_drive,quote_to_order,sales_order,SO-26398,2026-02-23T16:44:00,E025,order_entered,,open,customer_po_4500733641,0.9,N
EV-002609,keystone_bearing_and_drive,procure_to_pay,receipt,RCV-40289,2026-02-23T17:00:00,E028,goods_received,open,received,PS994735,0.85,Y
EV-002007,keystone_bearing_and_drive,order_to_cash,customer_invoice,INV-60472,2026-02-24T07:19:00,system,payment_applied,open,paid,Lockbox,1.0,N
EV-002950,keystone_bearing_and_drive,manufacturing,work_order,WO-70028,2026-02-24T08:25:00,E043,wo_released,planned,released,MRP,1.0,N
EV-002082,keystone_bearing_and_drive,procure_to_pay,purchase_order,PO-31062,2026-02-24T08:35:00,E011,po_issued,draft,open,PO-31062.pdf,1.0,N
EV-001447,keystone_bearing_and_drive,order_to_cash,customer_invoice,INV-60312,2026-02-24T13:17:00,E002,invoice_issued,,open,INV-60312.pdf,1.0,N
EV-000291,keystone_bearing_and_drive,quote_to_order,sales_order,SO-26167,2026-02-24T14:19:00,E017,order_entered,,open,customer_po_PUR-800559,0.9,N
EV-001685,keystone_bearing_and_drive,order_to_cash,customer_invoice,INV-60076,2026-02-24T16:20:00,system,payment_applied,open,paid ,Bank feed,1.0,N
EV-000960,keystone_bearing_and_drive,fulfillment,shipment,SH-50313,2026-02-24T16:56:00,E032,shipment_confirmed,picked,shipped,PS-SH-50313.pdf,1.0,N
EV-000409,keystone_bearing_and_drive,quote_to_order,sales_order,SO-26285,2026-02-24T17:35:00,E024,order_entered,,open,customer_po_P105575,0.9,N
EV-000583,keystone_bearing_and_drive,quote_to_order,sales_order,SO-26456,2026-02-25T08:05:00,E024,order_entered,,open,customer_po_PUR-844594,0.9,N 
EV-002940,keystone_bearing_and_drive,manufacturing,work_order,WO-70023,2026-02-25T09:20:00,E010,wo_released,planned,released,MRP,1.0,N
EV-001842,keystone_bearing_and_drive,order_to_cash,customer_invoice,INV-60264,2026-02-25T09:32:00,system,payment_applied,open,paid,Email remittance,0.95,N
EV-000139,keystone_bearing_and_drive,quote_to_order,sales_order,SO-26019,2026-02-25T11:46:00,E025,order_entered,,open,customer_po_P541294,0.9,N
EV-002130,keystone_bearing_and_drive,procure_to_pay,purchase_order,PO-31110,2026-02-25T14:40:00,E011,po_issued,draft,open,PO-31110.pdf,1.0,N
EV-002186,keystone_bearing_and_drive ,procure_to_pay,purchase_order,PO-31166 ,2026-02-25T16:32:00,E011,po_issued,draft,open,PO-31166.pdf,1.0,N
EV-001465,keystone_bearing_and_drive,order_to_cash,customer_invoice,INV-60330,2026-02-26T07:25:00,E002 ,invoice_issued,,open,INV-60330.pdf,1.0,N 
EV-002531,keystone_bearing_and_drive,procure_to_pay,receipt,RCV-40211,2026-02-26T07:54:00,E034,goods_received,open,received,PS221849,0.85,Y
EV-001724,keystone_bearing_and_drive,order_to_cash,customer_invoice,INV-60119,2026-02-26T10:50:00,system,payment_applied,open,paid,Bank feed,1.0,N
EV-000978,keystone_bearing_and_drive,fulfillment,shipment,SH-50331,2026-02-26T11:24:00,E033,shipment_confirmed,picked,shipped,PS-SH-50331.pdf,1.0,N
EV-002349,keystone_bearing_and_drive,procure_to_pay,receipt,RCV-40029,2026-02-26T12:23:00,E036,goods_received,open,received,PS269609,0.85,Y
EV-002400,keystone_bearing_and_drive,procure_to_pay ,receipt,RCV-40080,2026-02-26T14:48:00,E039,goods_received,open,received,PS550201,1.0,N
EV-002365,keystone_bearing_and_drive,procure_to_pay,receipt,RCV-40045,2026-02-26T16:09:00,E035,goods_received,open,received,PS549376,0.85,Y
EV-000050,keystone_bearing_and_drive,quote_to_order,quote,Q-26050,2026-02-26T16:55:00,E016,quote_sent,draft,sent,Q-26050.pdf,1.0,N
EV-000833,keystone_bearing_and_drive,fulfillment,shipment,SH-50186,2026-02-27T08:08:00,E036,shipment_confirmed,picked,shipped,PS-SH-50186.pdf,1.0,N
EV-001817,keystone_bearing_and_drive,order_to_cash,customer_invoice,INV-60235,2026-02-27T08:51:00,system,payment_applied,open,paid,Bank feed,1.0,N
EV-002524,keystone_bearing_and_drive,procure_to_pay,receipt,RCV-40204,2026-02-27T09:59:00,E036,goods_received,open,received,PS595809,0.85,Y
EV-001126,keystone_bearing_and_drive,fulfillment,shipment,SH-50479,2026-02-27T10:05:00,E031,shipment_confirmed,picked,shipped,PS-SH-50479.pdf,1.0,N
EV-001613,keystone_bearing_and_drive,order_to_cash,customer_invoice,INV-60478 ,2026-02-27T11:13:00,E002,invoice_issued,,open,INV-60478.pdf,1.0,N
EV-001320,keystone_bearing_and_drive,order_to_cash,customer_invoice,INV-60185,2026-02-27T14:30:00,E002,invoice_issued,,open,INV-60185.pdf,1.0,N
EV-001567,keystone_bearing_and_drive,order_to_cash,customer_invoice ,INV-60432,2026-02-27T15:24:00,E002,invoice_issued,,open,INV-60432.pdf,1.0,N
EV-001080,keystone_bearing_and_drive,fulfillment,shipment,SH-50433,2026-02-27T17:05:00,E038,shipment_confirmed,picked,shipped,PS-SH-50433.pdf,1.0,N
EV-000344,keystone_bearing_and_drive,quote_to_order,sales_order,SO-26220,2026-02-27T17:21:00,E024,order_entered,,open,customer_po_PO291575,1.0,N
EV-002120,keystone_bearing_and_drive,procure_to_pay,purchase_order,PO-31100,2026-02-28T10:07:00,E011 ,po_issued,draft,open,PO-31100.pdf,1.0,N
EV-001896,keystone_bearing_and_drive,order_to_cash,customer_invoice,INV-60336,2026-02-28T11:32:00,system,payment_applied,open,paid,Email remittance,0.95,N
EV-001753,keystone_bearing_and_drive,order_to_cash,customer_invoice,INV-60154,2026-02-28T14:09:00,system,payment_applied,open,paid,Portal,1.0,N
EV-001988,keystone_bearing_and_drive,order_to_cash,customer_invoice,INV-60448,2026-02-28T14:14:00,system,payment_applied,open,paid,Portal,1.0,N
EV-001269,keystone_bearing_and_drive,order_to_cash,customer_invoice,INV-60134,2026-03-01T08:37:00,E002,invoice_issued,,open,INV-60134.pdf,1.0,N
EV-000620,keystone_bearing_and_drive,quote_to_order,sales_order,SO-26493,2026-03-01T09:38:00,E016,order_entered,,open,customer_po_4500432840,0.9,N
EV-000855,keystone_bearing_and_drive,fulfillment,shipment,SH-50208,2026-03-01T10:23:00,E039,shipment_confirmed,picked,shipped,PS-SH-50208.pdf,1.0,N
EV-000397,keystone_bearing_and_drive,quote_to_order,sales_order,SO-26273,2026-03-01T10:39:00,E025,order_entered,,open,customer_po_PUR-246169,1.0,N
EV-000782,keystone_bearing_and_drive,fulfillment,shipment,SH-50135,2026-03-01T11:07:00,E039,shipment_confirmed,picked,shipped,PS-SH-50135.pdf,1.0,N
EV-001342,keystone_bearing_and_drive,order_to_cash,customer_invoice,INV-60207,2026-03-01T13:07:00,E002,invoice_issued,,open,INV-60207.pdf ,1.0,N
EV-000312,keystone_bearing_and_drive,quote_to_order,sales_order,SO-26188,2026-03-01T13:20:00,E018,order_entered,,open,customer_po_P449413,0.9,N
EV-002504,keystone_bearing_and_drive,procure_to_pay,receipt,RCV-40184,2026-03-01T13:36:00,E035,goods_received,open,received,PS269443,0.85,Y
EV-002055,keystone_bearing_and_drive,procure_to_pay,purchase_order,PO-31035,2026-03-01T15:06:00,E012,po_issued,draft,open,PO-31035.pdf,1.0,N
EV-002718,keystone_bearing_and_drive,procure_to_pay,supplier_invoice,SI9255157,2026-03-01T16:50:00,E002,invoice_matched,received,approved,SI9255157,1.0,N
EV-002048,keystone_bearing_and_drive,procure_to_pay,purchase_order,PO-31028,2026-03-01T17:21:00,E011,po_issued,draft,open,PO-31028.pdf,1.0,N
EV-000247,keystone_bearing_and_drive,quote_to_order,sales_order,SO-26124,2026-03-02T07:42:00,E018,order_entered,,open,customer_po_P133764,1.0,N
EV-001785,keystone_bearing_and_drive,order_to_cash,customer_invoice,INV-60197,2026-03-02T07:48:00,system,payment_applied,open,paid,Portal,1.0,N
EV-002689,keystone_bearing_and_drive,procure_to_pay,supplier_invoice,93294665,2026-03-02T08:56:00,E002,invoice_matched,received,approved,93294665,1.0,N
EV-002117,keystone_bearing_and_drive,procure_to_pay,purchase_order,PO-31097,2026-03-02T09:25:00,E011,po_issued,draft,open,PO-31097.pdf,1.0,N
EV-002523,keystone_bearing_and_drive,procure_to_pay,receipt,RCV-40203,2026-03-02T09:30:00,E028,goods_received,open,received ,PS968225,1.0,N
EV-001700,keystone_bearing_and_drive,order_to_cash ,customer_invoice,INV-60092,2026-03-02T10:45:00,system,payment_applied,open,paid,Email remittance,0.95,N
EV-002581,keystone_bearing_and_drive,procure_to_pay,receipt,RCV-40261,2026-03-02T14:13:00,E031,goods_received,open,received,PS631363,1.0,N
EV-001703,keystone_bearing_and_drive,order_to_cash,customer_invoice,INV-60095,2026-03-02T16:12:00,system,payment_applied,open,paid,Email remittance,0.95,N
EV-000351,keystone_bearing_and_drive,quote_to_order,sales_order,SO-26227,2026-03-02T16:34:00,E017,order_entered,,open,customer_po_4500163464,0.9,N
EV-002638,keystone_bearing_and_drive,procure_to_pay,supplier_invoice,9358121,2026-03-03T07:05:00,E002,invoice_matched,received,approved,9358121,1.0,N
EV-000707,keystone_bearing_and_drive,fulfillment,shipment,SH-50060,2026-03-03T07:21:00,E034,shipment_confirmed,picked,shipped,PS-SH-50060.pdf,1.0,N
EV-001194,keystone_bearing_and_drive,order_to_cash,customer_invoice,INV-60059,2026-03-03T09:20:00,E002,invoice_issued,,open,INV-60059.pdf,1.0,N
EV-002380,keystone_bearing_and_drive,procure_to_pay ,receipt,RCV-40060,2026-03-03T10:44:00,E033,goods_received,open,received ,PS276342,1.0,N
EV-003033,keystone_bearing_and_drive,returns,rma,RMA-0018,2026-03-03T13:00:00,E013,rma_approved,requested,approved,INV-60126,1.0,N
EV-003041,keystone_bearing_and_drive,returns ,rma,RMA-0026,2026-03-03T15:36:00,E018,rma_approved,requested,approved,INV-60123,1.0,N
EV-001761,keystone_bearing_and_drive,order_to_cash,customer_invoice,INV-60165,2026-03-04T07:53:00,system,payment_applied,open,paid,Bank feed,1.0,N
EV-000506,keystone_bearing_and_drive,quote_to_order,sales_order,SO-26380,2026-03-04T08:37:00,E025,order_entered,,open,customer_po_P709723,1.0,N
EV-001711,keystone_bearing_and_drive,order_to_cash,customer_invoice,INV-60104 ,2026-03-04T08:44:00,system,payment_applied,open,paid,Bank feed,1.0,N
EV-002898,keystone_bearing_and_drive,procure_to_pay,supplier_invoice,INV2470614,2026-03-04T12:17:00,E002,invoice_matched,received,approved,INV2470614,1.0,N
EV-000607,keystone_bearing_and_drive,quote_to_order,sales_order,SO-26480,2026-03-04T14:04:00,E018,order_entered ,,open,customer_po_PO239204,0.9,N
EV-002632,keystone_bearing_and_drive,procure_to_pay,supplier_invoice,96256531,2026-03-04T17:52:00 ,E002,invoice_matched,received,approved,96256531,1.0,N
EV-002426,keystone_bearing_and_drive,procure_to_pay,receipt,RCV-40106,2026-03-05T08:41:00,E033,goods_received,open,received,PS745628,1.0,N
EV-002078,keystone_bearing_and_drive,procure_to_pay,purchase_order,PO-31058,2026-03-05T08:54:00,E011,po_issued,draft,open,PO-31058.pdf,1.0,N
EV-001701,keystone_bearing_and_drive,order_to_cash,customer_invoice,INV-60093,2026-03-05T09:22:00,system,payment_applied,open,paid,Portal,1.0,N
EV-001023,keystone_bearing_and_drive,fulfillment,shipment,SH-50376,2026-03-05T09:48:00 ,E034,shipment_confirmed,picked,shipped,PS-SH-50376.pdf,1.0,N
EV-002980,keystone_bearing_and_drive,manufacturing,work_order,WO-70044,2026-03-05T13:15:00,E011,wo_released,planned,released,MRP,1.0,N
EV-001984,keystone_bearing_and_drive,order_to_cash,customer_invoice,INV-60444,2026-03-05T13:32:00,system,payment_applied,open,paid,Bank feed,1.0,N
EV-002197,keystone_bearing_and_drive,procure_to_pay,purchase_order,PO-31177,2026-03-05T14:14:00,E012,po_issued,draft,open,PO-31177.pdf,1.0,N
EV-002886,keystone_bearing_and_drive,procure_to_pay,supplier_invoice,99706485,2026-03-05T15:47:00,E002,invoice_matched,received,approved,99706485,1.0,N
EV-001510,keystone_bearing_and_drive,order_to_cash,customer_invoice,INV-60375,2026-03-05T16:34:00,E002,invoice_issued,,open,INV-60375.pdf,1.0,N
EV-002820,keystone_bearing_and_drive,procure_to_pay,supplier_invoice,SI6235817,2026-03-05T16:46:00,E002,invoice_matched,received,approved,SI6235817,1.0,N
EV-001389,keystone_bearing_and_drive,order_to_cash,customer_invoice,INV-60254,2026-03-06T07:53:00,E002,invoice_issued,,open,INV-60254.pdf,1.0,N
EV-000902,keystone_bearing_and_drive,fulfillment,shipment,SH-50255,2026-03-06T09:17:00,E035,shipment_confirmed,picked,shipped,PS-SH-50255.pdf,1.0,N
EV-000269,keystone_bearing_and_drive ,quote_to_order,sales_order,SO-26146,2026-03-06T12:55:00,E025,order_entered,,open,customer_po_P828449,0.9,N
EV-003039,keystone_bearing_and_drive,returns,rma,RMA-0024,2026-03-06T13:09:00,E024,rma_approved,requested,approved,INV-60113,1.0,N
EV-000105,keystone_bearing_and_drive,quote_to_order,quote,Q-26105,2026-03-06T15:17:00,E014,quote_sent,draft,sent,Q-26105.pdf,1.0,N
EV-002951,keystone_bearing_and_drive,manufacturing,work_order,WO-70028,2026-03-06T15:54:00 ,E045,wo_closed,in_process,closed,COC-WO-70028.pdf,1.0,N
EV-002726,keystone_bearing_and_drive,procure_to_pay,supplier_invoice,INV726543,2026-03-07T07:32:00,E002,invoice_matched,received ,approved,INV726543,1.0,N
EV-001255,keystone_bearing_and_drive,order_to_cash,customer_invoice,INV-60120,2026-03-07T08:54:00,E002,invoice_issued,,open,INV-60120.pdf,1.0,N
EV-001345,keystone_bearing_and_drive,order_to_cash,customer_invoice,INV-60210,2026-03-07T10:01:00,E002,invoice_issued,,open,INV-60210.pdf,1.0,N
EV-000858,keystone_bearing_and_drive,fulfillment ,shipment,SH-50211,2026-03-07T10:08:00,E032,shipment_confirmed,picked ,shipped,PS-SH-50211.pdf,1.0,N
EV-002134,keystone_bearing_and_drive,procure_to_pay,purchase_order,PO-31114,2026-03-07T10:59:00,E011,po_issued,draft,open,PO-31114.pdf ,1.0,N
EV-002327,keystone_bearing_and_drive,procure_to_pay,receipt,RCV-40007,2026-03-07T13:28:00,E029,goods_received,open,received,PS707532,1.0,N
EV-000828,keystone_bearing_and_drive,fulfillment,shipment,SH-50181,2026-03-07T13:38:00,E037,shipment_confirmed,picked,shipped,PS-SH-50181.pdf,1.0,N
EV-002654,keystone_bearing_and_drive,procure_to_pay,supplier_invoice,SI4442108,2026-03-07T15:28:00,E002,invoice_matched,received,approved,SI4442108,1.0,N
EV-000768,keystone_bearing_and_drive,fulfillment,shipment,SH-50121,2026-03-07T15:30:00,E033,shipment_confirmed,picked,shipped,PS-SH-50121.pdf,1.0,N
EV-001315,keystone_bearing_and_drive,order_to_cash,customer_invoice,INV-60180,2026-03-07T15:40:00,E002,invoice_issued,,open,INV-60180.pdf,1.0,N
EV-001015,keystone_bearing_and_drive,fulfillment,shipment,SH-50368,2026-03-08T08:49:00,E028,shipment_confirmed,picked,shipped,PS-SH-50368.pdf,1.0,N
EV-000018,keystone_bearing_and_drive,quote_to_order,quote,Q-26018,2026-03-08T09:05:00,E017,quote_sent,draft,sent,Q-26018.pdf,1.0,N
EV-001458,keystone_bearing_and_drive,order_to_cash,customer_invoice,INV-60323,2026-03-08T10:09:00,E002,invoice_issued,,open,INV-60323.pdf,1.0,N
EV-002393,keystone_bearing_and_drive,procure_to_pay,receipt,RCV-40073,2026-03-08T10:12:00,E028,goods_received,open,received,PS783152,0.85,Y
EV-000261,keystone_bearing_and_drive,quote_to_order,sales_order,SO-26138,2026-03-08T10:23:00,E015,order_entered,,open,customer_po_P370264,0.9,N
EV-000560,keystone_bearing_and_drive,quote_to_order,sales_order,SO-26433,2026-03-08T10:28:00,E017,order_entered,,open,customer_po_PUR-813523,0.9,N
EV-000290,keystone_bearing_and_drive,quote_to_order,sales_order,SO-26166,2026-03-08T12:22:00,E015,order_entered,,open,customer_po_P574061,0.9,N
EV-001502,keystone_bearing_and_drive,order_to_cash,customer_invoice,INV-60367,2026-03-08T13:20:00,E002,invoice_issued,,open,INV-60367.pdf,1.0,N
EV-001969,keystone_bearing_and_drive,order_to_cash,customer_invoice,INV-60424,2026-03-08T14:16:00,system,payment_applied,open,paid,Email remittance,0.95,N
EV-000053,keystone_bearing_and_drive,quote_to_order,quote,Q-26053,2026-03-08T14:22:00,E021,quote_sent,draft,sent,Q-26053.pdf,1.0,N
EV-000971,keystone_bearing_and_drive,fulfillment,shipment,SH-50324,2026-03-08T17:25:00,E028,shipment_confirmed,picked,shipped,PS-SH-50324.pdf,1.0,N
EV-001810,keystone_bearing_and_drive,order_to_cash,customer_invoice,INV-60228,2026-03-08T17:44:00,system,payment_applied,open,paid,Email remittance,0.95,N
EV-002245,keystone_bearing_and_drive,procure_to_pay,purchase_order,PO-31225,2026-03-08T17:46:00,E011,po_issued,draft,open,PO-31225.pdf,1.0,N 
EV-002941,keystone_bearing_and_drive,manufacturing,work_order,WO-70023,2026-03-09T07:50:00,E045,wo_closed,in_process,closed,COC-WO-70023.pdf,1.0,N
EV-002988,keystone_bearing_and_drive,manufacturing,work_order,WO-70049,2026-03-09T08:53:00 ,E045,wo_closed,in_process,closed,COC-WO-70049.pdf,1.0,N
EV-002032,keystone_bearing_and_drive,procure_to_pay,purchase_order,PO-31012,2026-03-09T10:08:00,E011,po_issued,draft,open,PO-31012.pdf,1.0,N
EV-000604,keystone_bearing_and_drive,quote_to_order,sales_order,SO-26477,2026-03-09T11:46:00,E014,order_entered,,open,customer_po_4500849236,0.9,N
EV-002870,keystone_bearing_and_drive,procure_to_pay,supplier_invoice,99208006,2026-03-09T11:46:00,E002,invoice_matched,received,approved,99208006,1.0,N
EV-001371,keystone_bearing_and_drive,order_to_cash,customer_invoice,INV-60236,2026-03-09T11:47:00,E002 ,invoice_issued,,open,INV-60236.pdf,1.0,N
EV-000884,keystone_bearing_and_drive,fulfillment,shipment,SH-50237,2026-03-09T14:36:00,E029,shipment_confirmed,picked,shipped,PS-SH-50237.pdf,1.0,N
EV-002467,keystone_bearing_and_drive,procure_to_pay,receipt,RCV-40147,2026-03-09T14:40:00,E039,goods_received,open,received,PS182959,1.0,N
EV-003023,keystone_bearing_and_drive,returns,rma,RMA-0008,2026-03-09T15:57:00,E018,rma_approved,requested,approved,INV-60403,1.0,N
EV-000352,keystone_bearing_and_drive,quote_to_order,sales_order,SO-26228,2026-03-09T17:11:00,E015 ,order_entered ,,open,customer_po_PO714863,0.9,N
EV-001728,keystone_bearing_and_drive,order_to_cash,customer_invoice,INV-60125,2026-03-10T08:51:00,system,payment_applied,open,paid,Lockbox,1.0,N
EV-001065,keystone_bearing_and_drive,fulfillment,shipment,SH-50418,2026-03-10T09:44:00,E028,shipment_confirmed,picked,shipped,PS-SH-50418.pdf,1.0,N
EV-002715,keystone_bearing_and_drive,procure_to_pay,supplier_invoice,98083799,2026-03-10T10:09:00,E002,invoice_matched,received,approved,98083799,1.0,N
EV-003028,keystone_bearing_and_drive,returns,rma,RMA-0013 ,2026-03-10T10:11:00,E013,rma_approved,requested,approved,INV-60390,1.0,N
EV-000866,keystone_bearing_and_drive,fulfillment,shipment,SH-50219,2026-03-10T10:22:00,E038,shipment_confirmed,picked,shipped,PS-SH-50219.pdf,1.0,N
EV-001552,keystone_bearing_and_drive,order_to_cash,customer_invoice,INV-60417,2026-03-10T11:02:00,E002,invoice_issued,,open,INV-60417.pdf,1.0,N
EV-001718,keystone_bearing_and_drive,order_to_cash,customer_invoice,INV-60111,2026-03-10T11:16:00,system,payment_applied,open,paid,Bank feed,1.0,N
EV-001989,keystone_bearing_and_drive,order_to_cash,customer_invoice,INV-60449,2026-03-10T12:30:00,system,payment_applied,open,paid,Bank feed,1.0,N
EV-001469,keystone_bearing_and_drive,order_to_cash,customer_invoice,INV-60334,2026-03-10T14:57:00,E002,invoice_issued,,open,INV-60334.pdf,1.0,N
EV-000982,keystone_bearing_and_drive,fulfillment,shipment,SH-50335,2026-03-10T15:02:00,E039,shipment_confirmed,picked,shipped,PS-SH-50335.pdf,1.0,N
EV-002527,keystone_bearing_and_drive,procure_to_pay,receipt,RCV-40207,2026-03-10T15:33:00,E029,goods_received,open,received,PS368739,1.0,N
EV-001353,keystone_bearing_and_drive,order_to_cash,customer_invoice,INV-60218,2026-03-10T15:36:00,E002,invoice_issued,,open,INV-60218.pdf,1.0,N
EV-000530,keystone_bearing_and_drive,quote_to_order,sales_order,SO-26403,2026-03-10T16:55:00,E025,order_entered,,open,customer_po_PO269473,1.0,N
EV-000507,keystone_bearing_and_drive,quote_to_order,sales_order,SO-26381,2026-03-11T07:15:00,E013,order_entered,,open,customer_po_PUR-956582,1.0,N
EV-002813,keystone_bearing_and_drive,procure_to_pay,supplier_invoice ,SI9859808,2026-03-11T08:10:00,E002,invoice_matched,received,approved,SI9859808,1.0,N
EV-001606,keystone_bearing_and_drive,order_to_cash,customer_invoice,INV-60471,2026-03-11T09:41:00,E002,invoice_issued,,open,INV-60471.pdf,1.0,N
EV-000688,keystone_bearing_and_drive,fulfillment,shipment,SH-50041,2026-03-11T10:11:00,E032,shipment_confirmed,picked,shipped,PS-SH-50041.pdf,1.0,N
EV-001175,keystone_bearing_and_drive,order_to_cash,customer_invoice,INV-60040,2026-03-11T12:56:00,E002,invoice_issued,,open,INV-60040.pdf,1.0,N
EV-000243,keystone_bearing_and_drive,quote_to_order,sales_order,SO-26120,2026-03-11T13:46:00,E013,order_entered,,open,customer_po_PO509328,1.0,N
EV-001119,keystone_bearing_and_drive,fulfillment,shipment,SH-50472,2026-03-11T14:03:00,E033,shipment_confirmed,picked,shipped ,PS-SH-50472.pdf,1.0,N
EV-002435,keystone_bearing_and_drive,procure_to_pay,receipt,RCV-40115,2026-03-11T15:16:00,E034,goods_received,open,received,PS344691,0.85,Y
EV-002812,keystone_bearing_and_drive,procure_to_pay,supplier_invoice,INV3472357,2026-03-12T07:17:00,E002,match_exception,received,on hold,INV3472357,0.7,Y
EV-001744,keystone_bearing_and_drive,order_to_cash,customer_invoice,INV-60145,2026-03-12T07:25:00,system,payment_applied,open,paid,Portal,1.0,N
EV-002793,keystone_bearing_and_drive,procure_to_pay,supplier_invoice,97579869,2026-03-12T09:13:00,E002,match_exception,received,on hold,97579869,0.7,Y
EV-001198,keystone_bearing_and_drive,order_to_cash,customer_invoice ,INV-60063,2026-03-12T10:38:00,E002,invoice_issued,,open,INV-60063.pdf,1.0,N
EV-000711,keystone_bearing_and_drive,fulfillment ,shipment,SH-50064,2026-03-12T11:45:00,E035,shipment_confirmed,picked,shipped,PS-SH-50064.pdf,1.0,N
EV-002229,keystone_bearing_and_drive,procure_to_pay,purchase_order,PO-31209,2026-03-12T15:05:00,E011,po_issued,draft,open,PO-31209.pdf,1.0,N
EV-001475,keystone_bearing_and_drive,order_to_cash,customer_invoice,INV-60340,2026-03-12T15:28:00,E002,invoice_issued,,open,INV-60340.pdf,1.0,N
EV-000988,keystone_bearing_and_drive,fulfillment,shipment,SH-50341,2026-03-12T17:36:00,E026,shipment_confirmed,picked,shipped,PS-SH-50341.pdf,1.0,N
EV-001407 ,keystone_bearing_and_drive,order_to_cash,customer_invoice,INV-60272,2026-03-13T09:23:00 ,E002,invoice_issued,,open,INV-60272.pdf,1.0,N
EV-000252,keystone_bearing_and_drive,quote_to_order,sales_order,SO-26129,2026-03-13T09:26:00,E018,order_entered,,open,customer_po_P781646,0.9,N
EV-002483,keystone_bearing_and_drive,procure_to_pay,receipt,RCV-40163,2026-03-13T10:15:00,E026,goods_received,open,received,PS446349,1.0,N
EV-001868,keystone_bearing_and_drive,order_to_cash,customer_invoice,INV-60301,2026-03-13T11:14:00,system,payment_applied,open,paid,Email remittance,0.95,N
EV-000329,keystone_bearing_and_drive,quote_to_order,sales_order,SO-26205,2026-03-13T12:33:00,E013,order_entered,,open,customer_po_P857268,1.0,N
EV-000920,keystone_bearing_and_drive,fulfillment,shipment,SH-50273,2026-03-13T13:35:00,E029,shipment_confirmed,picked,shipped,PS-SH-50273.pdf,1.0,N
EV-000611,keystone_bearing_and_drive,quote_to_order,sales_order,SO-26484,2026-03-13T13:48:00,E017,order_entered,,open,customer_po_PO950207,1.0,N
EV-002106,keystone_bearing_and_drive,procure_to_pay,purchase_order,PO-31086,2026-03-13T16:31:00,E011,po_issued,draft,open,PO-31086.pdf,1.0,N
EV-002756,keystone_bearing_and_drive,procure_to_pay,supplier_invoice,91551864,2026-03-13T17:31:00,E002,invoice_matched,received,approved,91551864,1.0,N
EV-001894,keystone_bearing_and_drive,order_to_cash,customer_invoice,INV-60333,2026-03-14T07:59:00,system,payment_applied,open,paid,Portal,1.0,N
EV-000918,keystone_bearing_and_drive,fulfillment,shipment,SH-50271,2026-03-14T11:27:00,E028,shipment_confirmed,picked,shipped,PS-SH-50271.pdf,1.0,N
EV-002616,keystone_bearing_and_drive,procure_to_pay,supplier_invoice,91928070,2026-03-14T11:52:00,E002,invoice_matched,received,approved,91928070,1.0,N
EV-001493,keystone_bearing_and_drive,order_to_cash,customer_invoice,INV-60358,2026-03-14T12:52:00,E002,invoice_issued,,open,INV-60358.pdf,1.0,N
EV-001350,keystone_bearing_and_drive,order_to_cash,customer_invoice,INV-60215,2026-03-14T13:23:00,E002,invoice_issued,,open,INV-60215.pdf,1.0,N
EV-001614,keystone_bearing_and_drive,order_to_cash,customer_invoice,INV-60479,2026-03-14T13:59:00,E002,invoice_issued,,open,INV-60479.pdf,1.0,N
EV-001127,keystone_bearing_and_drive,fulfillment,shipment,SH-50480,2026-03-14T14:43:00,E036,shipment_confirmed,picked,shipped,PS-SH-50480.pdf,1.0,N
EV-000863,keystone_bearing_and_drive,fulfillment,shipment,SH-50216,2026-03-14T14:53:00,E027,shipment_confirmed,picked,shipped,PS-SH-50216.pdf,1.0,N
EV-000524,keystone_bearing_and_drive,quote_to_order,sales_order,SO-26397,2026-03-14T15:54:00,E014,order_entered,,open,customer_po_PO318455,1.0,N
EV-000458,keystone_bearing_and_drive,quote_to_order,sales_order,SO-26332,2026-03-14T16:05:00,E014,order_entered,,open,customer_po_PUR-579881,1.0,N
EV-001405,keystone_bearing_and_drive,order_to_cash,customer_invoice,INV-60270,2026-03-14T16:30:00,E002,invoice_issued,,open,INV-60270.pdf,1.0,N
EV-001681,keystone_bearing_and_drive,order_to_cash,customer_invoice,INV-60072,2026-03-14T16:41:00,system,payment_applied,open,paid,Portal,1.0,N
EV-001006,keystone_bearing_and_drive,fulfillment,shipment,SH-50359,2026-03-14T17:40:00,E028,shipment_confirmed,picked,shipped,PS-SH-50359.pdf,1.0,N 
EV-001138,keystone_bearing_and_drive,order_to_cash,customer_invoice,INV-60003,2026-03-15T08:09:00,E002,invoice_issued,,open,INV-60003.pdf,1.0,N
EV-000651,keystone_bearing_and_drive,fulfillment,shipment,SH-50004,2026-03-15T08:57:00 ,E029,shipment_confirmed,picked,shipped,PS-SH-50004.pdf,1.0,N
EV-000433,keystone_bearing_and_drive,quote_to_order,sales_order,SO-26308,2026-03-15T09:08:00,E016,order_entered,,open,customer_po_PUR-237627,0.9,N
EV-001292,keystone_bearing_and_drive,order_to_cash,customer_invoice,INV-60157,2026-03-15T10:46:00 ,E002,invoice_issued,,open,INV-60157.pdf,1.0,N
EV-002669,keystone_bearing_and_drive,procure_to_pay,supplier_invoice,4562271,2026-03-15T11:40:00,E002,invoice_matched,received,approved,4562271,1.0,N
EV-000300,keystone_bearing_and_drive,quote_to_order,sales_order,SO-26176,2026-03-15T12:51:00,E015,order_entered,,open,customer_po_P493475,0.9,N
EV-002553,keystone_bearing_and_drive,procure_to_pay,receipt,RCV-40233,2026-03-15T13:52:00,E032,goods_received,open,received,PS400132,1.0,N
EV-000805,keystone_bearing_and_drive,fulfillment,shipment,SH-50158,2026-03-15T14:33:00,E033,shipment_confirmed,picked,shipped,PS-SH-50158.pdf,1.0,N
EV-000215,keystone_bearing_and_drive,quote_to_order,sales_order,SO-26093,2026-03-15T16:18:00,E024,order_entered,,open,customer_po_4500209728,1.0,N
EV-002390,keystone_bearing_and_drive,procure_to_pay,receipt,RCV-40070,2026-03-15T16:33:00,E034,goods_received,open,received,PS721798,1.0,N
EV-000917,keystone_bearing_and_drive,fulfillment,shipment,SH-50270,2026-03-16T10:02:00,E029,shipment_confirmed,picked,shipped,PS-SH-50270.pdf,1.0,N
EV-002679 ,keystone_bearing_and_drive,procure_to_pay,supplier_invoice,SI4471251,2026-03-16T11:17:00,E002,invoice_matched,received,approved,SI4471251,1.0,N
EV-002772,keystone_bearing_and_drive,procure_to_pay,supplier_invoice,95876187,2026-03-16T11:52:00,E002,invoice_matched,received,approved,95876187,1.0,N
EV-001937,keystone_bearing_and_drive,order_to_cash,customer_invoice,INV-60390,2026-03-16T15:33:00,system,payment_applied,open,paid,Bank feed,1.0,N
EV-000356,keystone_bearing_and_drive,quote_to_order,sales_order,SO-26232,2026-03-16T17:17:00 ,E016,order_entered,,open,customer_po_4500119861,0.9,N
EV-001404,keystone_bearing_and_drive,order_to_cash,customer_invoice,INV-60269,2026-03-16T17:34:00,E002,invoice_issued,,open,INV-60269.pdf,1.0,N
EV-002682,keystone_bearing_and_drive,procure_to_pay,supplier_invoice,1177837,2026-03-16T17:54:00,E002,invoice_matched,received,approved,1177837,1.0,N
EV-002321,keystone_bearing_and_drive,procure_to_pay,receipt,RCV-40001,2026-03-17T07:29:00,E032,goods_received,open,received,PS336783,1.0,N
EV-000435,keystone_bearing_and_drive,quote_to_order,sales_order,SO-26310,2026-03-17T07:37:00,E017,order_entered,,open,customer_po_4500705581,0.9,N
EV-000779,keystone_bearing_and_drive,fulfillment,shipment,SH-50132,2026-03-17T07:48:00,E026,shipment_confirmed,picked,shipped,PS-SH-50132.pdf,1.0,N
EV-001266,keystone_bearing_and_drive,order_to_cash,customer_invoice,INV-60131,2026-03-17T12:02:00,E002,invoice_issued,,open,INV-60131.pdf,1.0,N
EV-002724,keystone_bearing_and_drive,procure_to_pay,supplier_invoice,SI2517757,2026-03-17T12:03:00,E002,invoice_matched,received,approved,SI2517757,1.0,N
EV-000922,keystone_bearing_and_drive,fulfillment,shipment,SH-50275,2026-03-17T12:36:00,E036,shipment_confirmed,picked,shipped,PS-SH-50275.pdf,1.0,N
EV-001409,keystone_bearing_and_drive,order_to_cash,customer_invoice,INV-60274,2026-03-17T17:17:00,E002,invoice_issued,,open,INV-60274.pdf,1.0,N
EV-000134,keystone_bearing_and_drive,quote_to_order,sales_order,SO-26014,2026-03-18T08:20:00,E025,order_entered,,open,customer_po_P566353,1.0,N
EV-002816,keystone_bearing_and_drive,procure_to_pay,supplier_invoice,91360287,2026-03-18T09:41:00,E002,invoice_matched,received,approved,91360287,1.0,N
EV-001344,keystone_bearing_and_drive,order_to_cash,customer_invoice,INV-60209,2026-03-18T10:49:00,E002 ,invoice_issued,,open,INV-60209.pdf,1.0,N
EV-000665,keystone_bearing_and_drive,fulfillment,shipment,SH-50018,2026-03-18T11:57:00,E035,shipment_confirmed,picked,shipped,PS-SH-50018.pdf,1.0,N
EV-000857,keystone_bearing_and_drive,fulfillment,shipment,SH-50210,2026-03-18T12:07:00,E033,shipment_confirmed,picked,shipped,PS-SH-50210.pdf,1.0,N
EV-002334,keystone_bearing_and_drive,procure_to_pay,receipt,RCV-40014,2026-03-18T14:33:00,E034,goods_received,open,received,PS764420,1.0,N
EV-002178,keystone_bearing_and_drive,procure_to_pay,purchase_order,PO-31158,2026-03-18T15:08:00,E012,po_issued,draft,open,PO-31158.pdf,1.0,N
EV-000158,keystone_bearing_and_drive,quote_to_order,sales_order,SO-26038,2026-03-18T16:44:00,E024,order_entered,,open,customer_po_P366097,0.9,N
EV-002964,keystone_bearing_and_drive,manufacturing,work_order,WO-70035,2026-03-18T17:38:00,E023,wo_released,planned,released,MRP,1.0,N
EV-001152,keystone_bearing_and_drive,order_to_cash,customer_invoice,INV-60017,2026-03-18T17:39:00,E002,invoice_issued ,,open,INV-60017.pdf ,1.0,N
EV-002348,keystone_bearing_and_drive,procure_to_pay,receipt,RCV-40028,2026-03-19T07:22:00,E029,goods_received,open,received,PS446235,1.0,N
EV-002165,keystone_bearing_and_drive,procure_to_pay,purchase_order,PO-31145,2026-03-19T09:39:00,E011,po_issued,draft,open,PO-31145.pdf,1.0,N
EV-001177 ,keystone_bearing_and_drive,order_to_cash,customer_invoice,INV-60042,2026-03-19T10:35:00,E002,invoice_issued,,open,INV-60042.pdf,1.0,N
EV-001980,keystone_bearing_and_drive,order_to_cash,customer_invoice,INV-60440,2026-03-19T12:06:00,system,payment_applied,open,paid,Bank feed,1.0,N
EV-000533,keystone_bearing_and_drive,quote_to_order,sales_order,SO-26406,2026-03-19T12:10:00,E014,order_entered,,open,customer_po_PO376370,0.9,N
EV-001137,keystone_bearing_and_drive,order_to_cash,customer_invoice ,INV-60002,2026-03-19T12:13:00,E002,invoice_issued,,open,INV-60002.pdf,1.0,N
EV-002258,keystone_bearing_and_drive,procure_to_pay,purchase_order,PO-31238,2026-03-19T12:53:00,E012,po_issued,draft,open,PO-31238.pdf,1.0,N
EV-000690,keystone_bearing_and_drive,fulfillment,shipment,SH-50043,2026-03-19T13:38:00,E039,shipment_confirmed,picked,shipped,PS-SH-50043.pdf,1.0,N
EV-000650,keystone_bearing_and_drive,fulfillment,shipment,SH-50003,2026-03-19T14:17:00,E034,shipment_confirmed,picked,shipped,PS-SH-50003.pdf,1.0,N
EV-001876,keystone_bearing_and_drive,order_to_cash,customer_invoice,INV-60310,2026-03-19T14:17:00,system,payment_applied,open,paid,Portal,1.0,N
EV-001505,keystone_bearing_and_drive,order_to_cash,customer_invoice,INV-60370,2026-03-19T15:32:00,E002,invoice_issued,,open ,INV-60370.pdf,1.0,N
EV-002610,keystone_bearing_and_drive,procure_to_pay,supplier_invoice,INV4184275,2026-03-19T16:02:00,E002,invoice_matched,received,approved,INV4184275,1.0,N
EV-000048,keystone_bearing_and_drive,quote_to_order,quote,Q-26048,2026-03-19T16:26:00,E014,quote_sent,draft,sent,Q-26048.pdf,1.0,N
EV-001018,keystone_bearing_and_drive,fulfillment,shipment,SH-50371,2026-03-19T17:03:00,E030,shipment_confirmed,picked,shipped,PS-SH-50371.pdf,1.0,N
EV-001302,keystone_bearing_and_drive,order_to_cash,customer_invoice,INV-60167,2026-03-20T10:20:00,E002,invoice_issued,,open,INV-60167.pdf,1.0,N
EV-001806,keystone_bearing_and_drive,order_to_cash,customer_invoice,INV-60223,2026-03-20T10:59:00,system,payment_applied,open,paid,Email remittance,0.95,N
EV-002418,keystone_bearing_and_drive,procure_to_pay,receipt,RCV-40098,2026-03-20T14:10:00,E028,goods_received,open,received,PS582440,0.85,Y
EV-000815,keystone_bearing_and_drive,fulfillment,shipment,SH-50168,2026-03-20T14:14:00,E038,shipment_confirmed,picked,shipped,PS-SH-50168.pdf,1.0,N
EV-002842,keystone_bearing_and_drive,procure_to_pay,supplier_invoice,92367300,2026-03-20T14:41:00,E002,invoice_matched,received,approved,92367300,1.0,N
EV-002508,keystone_bearing_and_drive,procure_to_pay,receipt,RCV-40188,2026-03-20T16:34:00,E027,goods_received,open,received,PS494455,1.0,N
EV-000379,keystone_bearing_and_drive,quote_to_order,sales_order,SO-26255,2026-03-21T07:40:00,E018,order_entered,,open,customer_po_PUR-373469,1.0,N
EV-002056,keystone_bearing_and_drive ,procure_to_pay,purchase_order,PO-31036,2026-03-21T08:26:00,E012,po_issued ,draft,open,PO-31036.pdf,1.0,N
EV-000387,keystone_bearing_and_drive,quote_to_order,sales_order,SO-26263,2026-03-21T10:45:00,E016,order_entered,,open,customer_po_P951212,0.9,N
EV-001257,keystone_bearing_and_drive,order_to_cash,customer_invoice,INV-60122,2026-03-21T11:34:00,E002,invoice_issued,,open,INV-60122.pdf,1.0,N
EV-001568,keystone_bearing_and_drive,order_to_cash,customer_invoice,INV-60433,2026-03-21T13:04:00,E002,invoice_issued,,open,INV-60433.pdf,1.0,N
EV-002283,keystone_bearing_and_drive,procure_to_pay,purchase_order,PO-31263,2026-03-21T13:16:00,E012,po_issued,draft,open,PO-31263.pdf,1.0,N
EV-002358,keystone_bearing_and_drive,procure_to_pay,receipt,RCV-40038,2026-03-21T13:28:00,E032,goods_received,open,received,PS850870,1.0,N
EV-000952,keystone_bearing_and_drive,fulfillment,shipment,SH-50305,2026-03-21T14:44:00,E027,shipment_confirmed,picked,shipped,PS-SH-50305.pdf,1.0,N
EV-001081,keystone_bearing_and_drive,fulfillment,shipment,SH-50434,2026-03-21T14:50:00,E030,shipment_confirmed,picked,shipped,PS-SH-50434.pdf,1.0,N
EV-001439,keystone_bearing_and_drive,order_to_cash,customer_invoice,INV-60304,2026-03-21T15:28:00,E002,invoice_issued,,open,INV-60304.pdf,1.0,N
EV-002083,keystone_bearing_and_drive,procure_to_pay,purchase_order,PO-31063,2026-03-21T15:30:00,E011,po_issued,draft,open,PO-31063.pdf,1.0,N
EV-000770,keystone_bearing_and_drive,fulfillment,shipment,SH-50123,2026-03-21T17:08:00,E032,shipment_confirmed,picked,shipped,PS-SH-50123.pdf,1.0,N
EV-001509,keystone_bearing_and_drive,order_to_cash,customer_invoice,INV-60374,2026-03-22T07:28:00,E002,invoice_issued,,open,INV-60374.pdf,1.0,N
EV-001022,keystone_bearing_and_drive,fulfillment,shipment,SH-50375 ,2026-03-22T07:43:00,E035,shipment_confirmed,picked,shipped,PS-SH-50375.pdf,1.0,N 
EV-001951,keystone_bearing_and_drive,order_to_cash,customer_invoice,INV-60404,2026-03-22T08:19:00,system,payment_applied ,open,paid,Email remittance,0.95,N
EV-000457,keystone_bearing_and_drive,quote_to_order,sales_order,SO-26331,2026-03-22T11:18:00,E013,order_entered,,open,customer_po_P298486,1.0,N
EV-000459,keystone_bearing_and_drive,quote_to_order,sales_order,SO-26333,2026-03-22T11:40:00,E015,order_entered,,open,customer_po_P274037,0.9,N
EV-001881,keystone_bearing_and_drive,order_to_cash,customer_invoice,INV-60317,2026-03-22T14:26:00,system,payment_applied,open,paid,Email remittance,0.95,N
EV-001330,keystone_bearing_and_drive,order_to_cash,customer_invoice,INV-60195,2026-03-22T15:30:00,E002,invoice_issued,,open,INV-60195.pdf,1.0,N
EV-000843,keystone_bearing_and_drive,fulfillment,shipment,SH-50196,2026-03-22T15:59:00,E029,shipment_confirmed,picked,shipped,PS-SH-50196.pdf,1.0,N
EV-000827,keystone_bearing_and_drive,fulfillment,shipment,SH-50180,2026-03-23T07:58:00,E034,shipment_confirmed,picked,shipped,PS-SH-50180.pdf,1.0,N
EV-000776,keystone_bearing_and_drive,fulfillment,shipment,SH-50129,2026-03-23T08:24:00,E036,shipment_confirmed,picked,shipped,PS-SH-50129.pdf,1.0,N
EV-002351,keystone_bearing_and_drive,procure_to_pay,receipt,RCV-40031,2026-03-23T08:58:00,E028,goods_received,open,received,PS606940,0.85,Y
EV-000963,keystone_bearing_and_drive,fulfillment,shipment,SH-50316,2026-03-23T09:09:00,E026,shipment_confirmed,picked,shipped,PS-SH-50316.pdf,1.0,N
EV-001950,keystone_bearing_and_drive ,order_to_cash,customer_invoice,INV-60403,2026-03-23T09:19:00,system,payment_applied,open,paid,Lockbox,1.0,N
EV-001450,keystone_bearing_and_drive,order_to_cash,customer_invoice,INV-60315,2026-03-23T09:24:00,E002,invoice_issued,,open,INV-60315.pdf,1.0,N
EV-001314,keystone_bearing_and_drive,order_to_cash,customer_invoice,INV-60179,2026-03-23T10:00:00,E002,invoice_issued,,open,INV-60179.pdf,1.0,N
EV-000091 ,keystone_bearing_and_drive,quote_to_order,quote,Q-26091,2026-03-23T10:17:00,E016,quote_sent,draft,sent,Q-26091.pdf,1.0,N
EV-001651,keystone_bearing_and_drive,order_to_cash,customer_invoice,INV-60034,2026-03-23T11:24:00,system,payment_applied,open,paid,Email remittance,0.95,N
EV-000232,keystone_bearing_and_drive,quote_to_order,sales_order,SO-26110,2026-03-23T12:19:00,E014,order_entered,,open,customer_po_4500855609,1.0,N
EV-001263,keystone_bearing_and_drive,order_to_cash,customer_invoice,INV-60128,2026-03-23T12:20:00,E002,invoice_issued,,open,INV-60128.pdf,1.0,N
EV-000942,keystone_bearing_and_drive,fulfillment,shipment,SH-50295,2026-03-23T12:58:00,E036,shipment_confirmed,picked,shipped,PS-SH-50295.pdf,1.0,N
EV-001429,keystone_bearing_and_drive,order_to_cash,customer_invoice,INV-60294,2026-03-23T13:12:00,E002,invoice_issued,,open,INV-60294.pdf,1.0,N
EV-000684,keystone_bearing_and_drive,fulfillment,shipment,SH-50037,2026-03-23T13:37:00,E032,shipment_confirmed,picked,shipped,PS-SH-50037.pdf,1.0,N
EV-000075,keystone_bearing_and_drive,quote_to_order,quote,Q-26075,2026-03-23T14:38:00,E016,quote_sent,draft,sent,Q-26075.pdf,1.0,N
EV-000028,keystone_bearing_and_drive,quote_to_order,quote,Q-26028,2026-03-23T15:03:00,E016,quote_sent,draft,sent,Q-26028.pdf,1.0,N
EV-001171,keystone_bearing_and_drive,order_to_cash,customer_invoice,INV-60036,2026-03-23T17:48:00,E002,invoice_issued,,open,INV-60036.pdf,1.0,N
EV-002474,keystone_bearing_and_drive,procure_to_pay,receipt,RCV-40154,2026-03-24T08:02:00,E036,goods_received,open,received,PS469421,1.0,N
EV-002586,keystone_bearing_and_drive,procure_to_pay,receipt,RCV-40266,2026-03-24T08:22:00,E034,goods_received,open,received,PS963081,1.0,N
EV-000537,keystone_bearing_and_drive,quote_to_order,sales_order,SO-26410,2026-03-24T10:58:00,E013,order_entered,,open,customer_po_P407190,0.9,N
EV-000569,keystone_bearing_and_drive,quote_to_order,sales_order,SO-26442,2026-03-24T12:06:00,E016,order_entered,,open,customer_po_PO286978,1.0,N
EV-002623,keystone_bearing_and_drive,procure_to_pay,supplier_invoice,8265890,2026-03-24T13:56:00,E002,invoice_matched,received,approved ,8265890,1.0,N
EV-002332,keystone_bearing_and_drive,procure_to_pay,receipt,RCV-40012,2026-03-24T14:28:00,E027,goods_received,open,received,PS692052,1.0,N
EV-000616,keystone_bearing_and_drive,quote_to_order,sales_order,SO-26489,2026-03-24T15:35:00,E024,order_entered,,open,customer_po_P109343,0.9,N
EV-001585,keystone_bearing_and_drive,order_to_cash,customer_invoice,INV-60450,2026-03-25T07:16:00,E002,invoice_issued,,open,INV-60450.pdf,1.0,N
EV-001098,keystone_bearing_and_drive,fulfillment,shipment,SH-50451 ,2026-03-25T08:37:00,E031,shipment_confirmed,picked,shipped,PS-SH-50451.pdf,1.0,N
EV-001293,keystone_bearing_and_drive,order_to_cash,customer_invoice ,INV-60158,2026-03-25T11:54:00,E002,invoice_issued,,open,INV-60158.pdf,1.0,N
EV-000806,keystone_bearing_and_drive,fulfillment,shipment,SH-50159,2026-03-25T12:16:00,E028,shipment_confirmed,picked,shipped,PS-SH-50159.pdf,1.0,N
EV-000762,keystone_bearing_and_drive,fulfillment,shipment,SH-50115,2026-03-25T12:39:00,E037,shipment_confirmed,picked,shipped,PS-SH-50115.pdf,1.0,N
EV-000248 ,keystone_bearing_and_drive,quote_to_order,sales_order,SO-26125,2026-03-25T14:44:00,E015,order_entered,,open,customer_po_P347071,1.0,N
EV-002937,keystone_bearing_and_drive,manufacturing,work_order,WO-70021,2026-03-25T14:46:00,E034,wo_released,planned,released,MRP,1.0,N
EV-002797,keystone_bearing_and_drive,procure_to_pay,supplier_invoice,95248089,2026-03-25T15:31:00,E002,invoice_matched,received,approved,95248089,1.0,N
EV-001249,keystone_bearing_and_drive,order_to_cash,customer_invoice,INV-60114,2026-03-25T16:38:00,E002,invoice_issued,,open,INV-60114.pdf,1.0,N
EV-002428,keystone_bearing_and_drive,procure_to_pay,receipt,RCV-40108,2026-03-25T17:06:00,E033,goods_received,open,received,PS397679,0.85,Y
EV-001517,keystone_bearing_and_drive,order_to_cash,customer_invoice,INV-60382,2026-03-26T07:01:00,E002,invoice_issued,,open ,INV-60382.pdf,1.0,N
EV-002621,keystone_bearing_and_drive,procure_to_pay ,supplier_invoice,INV4057929,2026-03-26T10:05:00,E002,invoice_matched,received,approved,INV4057929,1.0,N
EV-001109,keystone_bearing_and_drive,fulfillment,shipment,SH-50462,2026-03-26T10:23:00,E030,shipment_confirmed,picked,shipped,PS-SH-50462.pdf,1.0,N
EV-000962,keystone_bearing_and_drive,fulfillment,shipment,SH-50315,2026-03-26T11:28:00,E031,shipment_confirmed,picked,shipped,PS-SH-50315.pdf,1.0,N
EV-001596 ,keystone_bearing_and_drive,order_to_cash,customer_invoice,INV-60461,2026-03-26T11:33:00,E002,invoice_issued,,open,INV-60461.pdf,1.0,N
EV-001030,keystone_bearing_and_drive,fulfillment,shipment,SH-50383,2026-03-26T12:13:00,E029,shipment_confirmed,picked,shipped,PS-SH-50383.pdf,1.0,N
EV-001449,keystone_bearing_and_drive,order_to_cash,customer_invoice,INV-60314,2026-03-26T12:15:00,E002,invoice_issued,,open,INV-60314.pdf,1.0,N
EV-001427,keystone_bearing_and_drive,order_to_cash,customer_invoice,INV-60292,2026-03-26T12:25:00,E002,invoice_issued,,open,INV-60292.pdf,1.0,N
EV-001564,keystone_bearing_and_drive,order_to_cash,customer_invoice,INV-60429,2026-03-26T12:26:00,E002,invoice_issued,,open,INV-60429.pdf,1.0,N
EV-000940,keystone_bearing_and_drive,fulfillment,shipment,SH-50293,2026-03-26T12:48:00,E028,shipment_confirmed,picked,shipped,PS-SH-50293.pdf,1.0,N
EV-001077,keystone_bearing_and_drive,fulfillment,shipment,SH-50430,2026-03-26T12:50:00,E026,shipment_confirmed,picked,shipped,PS-SH-50430.pdf,1.0,N
EV-000590,keystone_bearing_and_drive,quote_to_order,sales_order,SO-26463,2026-03-26T13:03:00,E016,order_entered,,open,customer_po_PUR-799679,0.9,N
EV-001055,keystone_bearing_and_drive,fulfillment,shipment,SH-50408,2026-03-26T13:30:00,E032,shipment_confirmed,picked,shipped,PS-SH-50408.pdf,1.0,N
EV-000888,keystone_bearing_and_drive,fulfillment,shipment,SH-50241,2026-03-26T14:01:00,E036,shipment_confirmed,picked,shipped,PS-SH-50241.pdf,1.0,N
EV-001542,keystone_bearing_and_drive,order_to_cash,customer_invoice ,INV-60407,2026-03-26T14:49:00,E002,invoice_issued,,open,INV-60407.pdf,1.0,N
EV-001375,keystone_bearing_and_drive,order_to_cash,customer_invoice,INV-60240,2026-03-26T16:09:00,E002,invoice_issued,,open,INV-60240.pdf,1.0,N
EV-000473,keystone_bearing_and_drive,quote_to_order,sales_order,SO-26347,2026-03-26T16:45:00,E025 ,order_entered,,open,customer_po_PO688980,1.0,N
EV-001392,keystone_bearing_and_drive,order_to_cash,customer_invoice,INV-60257,2026-03-27T09:15:00,E002,invoice_issued,,open,INV-60257.pdf,1.0,N
EV-000737,keystone_bearing_and_drive,fulfillment,shipment,SH-50090,2026-03-27T09:57:00,E033,shipment_confirmed,picked,shipped,PS-SH-50090.pdf,1.0,N
EV-000905,keystone_bearing_and_drive,fulfillment,shipment,SH-50258,2026-03-27T11:53:00,E027,shipment_confirmed,picked,shipped,PS-SH-50258.pdf,1.0,N
EV-001224,keystone_bearing_and_drive,order_to_cash,customer_invoice,INV-60089,2026-03-27T12:52:00,E002,invoice_issued,,open,INV-60089.pdf,1.0,N
EV-000438,keystone_bearing_and_drive,quote_to_order,sales_order,SO-26313,2026-03-27T13:23:00,E013 ,order_entered,,open,customer_po_4500129555,1.0,N
EV-001253,keystone_bearing_and_drive,order_to_cash,customer_invoice,INV-60118,2026-03-27T13:40:00,E002,invoice_issued,,open,INV-60118.pdf,1.0,N
EV-000766,keystone_bearing_and_drive,fulfillment,shipment,SH-50119,2026-03-27T15:13:00,E029,shipment_confirmed,picked,shipped,PS-SH-50119.pdf,1.0,N
EV-002707,keystone_bearing_and_drive,procure_to_pay,supplier_invoice,SI1798694,2026-03-28T07:49:00,E002,invoice_matched,received,approved,SI1798694,1.0,N
EV-000229,keystone_bearing_and_drive,quote_to_order ,sales_order,SO-26107,2026-03-28T09:08:00,E013,order_entered,,open,customer_po_4500268438,0.9,N
EV-002552,keystone_bearing_and_drive,procure_to_pay,receipt,RCV-40232,2026-03-28T09:58:00,E029,goods_received,open,received,PS412451,0.85,Y
EV-001877,keystone_bearing_and_drive,order_to_cash,customer_invoice,INV-60311,2026-03-28T11:24:00,system,payment_applied,open,paid,Bank feed,1.0,N
EV-002501,keystone_bearing_and_drive,procure_to_pay,receipt,RCV-40181,2026-03-28T13:35:00,E034,goods_received,open,received,PS449441,1.0,N
EV-002432,keystone_bearing_and_drive,procure_to_pay,receipt,RCV-40112,2026-03-28T13:46:00,E026,goods_received,open,received,PS526875,1.0,N
EV-000208,keystone_bearing_and_drive,quote_to_order,sales_order,SO-26086,2026-03-28T15:19:00,E018,order_entered,,open,customer_po_PUR-383529,0.9,N
EV-002640,keystone_bearing_and_drive,procure_to_pay,supplier_invoice,SI4515505,2026-03-28T17:13:00,E002,invoice_matched,received,approved,SI4515505,1.0,N
EV-002303,keystone_bearing_and_drive,procure_to_pay,purchase_order,PO-31283,2026-03-29T07:51:00 ,E011,po_issued,draft,open,PO-31283.pdf,1.0,N
EV-002875,keystone_bearing_and_drive,procure_to_pay,supplier_invoice,1501403,2026-03-29T12:31:00,E002,invoice_matched,received,approved,1501403,1.0,N
EV-002230,keystone_bearing_and_drive,procure_to_pay,purchase_order,PO-31210,2026-03-29T13:27:00,E011,po_issued,draft,open,PO-31210.pdf,1.0,N
EV-000500,keystone_bearing_and_drive,quote_to_order,sales_order,SO-26374,2026-03-29T16:08:00,E017,order_entered,,open,customer_po_PUR-507579,1.0,N
EV-002108,keystone_bearing_and_drive,procure_to_pay,purchase_order,PO-31088,2026-03-29T16:51:00,E012,po_issued,draft,open,PO-31088.pdf,1.0,N
EV-000353,keystone_bearing_and_drive,quote_to_order,sales_order,SO-26229,2026-03-29T16:56:00,E017,order_entered,,open,customer_po_4500437890,0.9,N
EV-000328,keystone_bearing_and_drive,quote_to_order,sales_order,SO-26204,2026-03-30T07:17:00,E025,order_entered ,,open,customer_po_PUR-150596,0.9,N
EV-000534,keystone_bearing_and_drive,quote_to_order,sales_order,SO-26407 ,2026-03-30T12:07:00,E013,order_entered,,open,customer_po_PUR-190774,1.0,N
EV-002763,keystone_bearing_and_drive,procure_to_pay,supplier_invoice,SI6466811,2026-03-30T12:16:00,E002,invoice_matched,received,approved,SI6466811,1.0,N
EV-002404,keystone_bearing_and_drive,procure_to_pay,receipt,RCV-40084,2026-03-30T13:33:00,E033,goods_received,open,received,PS914924,0.85,Y
EV-001996,keystone_bearing_and_drive,order_to_cash,customer_invoice,INV-60457,2026-03-31T07:23:00,system,payment_applied,open,paid,Email remittance,0.95,N
EV-001778,keystone_bearing_and_drive,order_to_cash,customer_invoice,INV-60188,2026-03-31T07:32:00,system,payment_applied,open,paid,Portal,1.0,N
EV-001878,keystone_bearing_and_drive,order_to_cash,customer_invoice,INV-60312,2026-03-31T07:47:00,system,payment_applied,open,paid,Lockbox,1.0,N
EV-000347,keystone_bearing_and_drive,quote_to_order,sales_order,SO-26223,2026-03-31T07:51:00,E014,order_entered,,open,customer_po_4500993362,0.9,N
EV-002356,keystone_bearing_and_drive,procure_to_pay,receipt,RCV-40036,2026-03-31T08:24:00,E032,goods_received,open,received,PS107896,0.85,Y
EV-001867,keystone_bearing_and_drive,order_to_cash,customer_invoice,INV-60300,2026-03-31T09:05:00,system,payment_applied,open,paid,Bank feed,1.0,N
EV-000207,keystone_bearing_and_drive,quote_to_order,sales_order,SO-26085,2026-03-31T09:06:00,E013,order_entered,,open,customer_po_PO998056,0.9,N
EV-001734,keystone_bearing_and_drive,order_to_cash,customer_invoice,INV-60133,2026-03-31T10:21:00,system ,payment_applied,open,paid,Email remittance,0.95,N
EV-002637,keystone_bearing_and_drive,procure_to_pay,supplier_invoice,92029408,2026-03-31T10:48:00,E002,invoice_matched,received,approved,92029408,1.0,N
EV-002406,keystone_bearing_and_drive,procure_to_pay,receipt,RCV-40086,2026-03-31T10:53:00,E034,goods_received,open,received,PS764368,1.0,N
EV-001913,keystone_bearing_and_drive,order_to_cash,customer_invoice,INV-60356,2026-03-31T11:41:00,system,payment_applied,open,paid,Bank feed,1.0,N
EV-001644,keystone_bearing_and_drive,order_to_cash,customer_invoice,INV-60026,2026-03-31T12:51:00,system,payment_applied,open,paid,Email remittance,0.95,N
EV-001816,keystone_bearing_and_drive,order_to_cash,customer_invoice,INV-60234,2026-03-31T13:26:00,system,payment_applied,open,paid,Email remittance,0.95,N
EV-001964,keystone_bearing_and_drive,order_to_cash,customer_invoice,INV-60419,2026-03-31T13:56:00,system,payment_applied,open,paid,Email remittance,0.95,N
EV-002525,keystone_bearing_and_drive,procure_to_pay,receipt,RCV-40205,2026-03-31T14:36:00,E029,goods_received,open,received,PS391607,1.0,N
EV-002381,keystone_bearing_and_drive,procure_to_pay,receipt,RCV-40061,2026-03-31T14:38:00,E037,goods_received,open,received,PS225843,0.85,Y
EV-002475,keystone_bearing_and_drive,procure_to_pay,receipt,RCV-40155,2026-03-31T14:55:00,E039,goods_received,open,received,PS270341,0.85,Y
EV-002717,keystone_bearing_and_drive,procure_to_pay,supplier_invoice,SI6444561,2026-03-31T14:58:00,E002,invoice_matched,received,approved,SI6444561,1.0,N
EV-002647,keystone_bearing_and_drive,procure_to_pay,supplier_invoice,91661172,2026-03-31T15:21:00,E002,invoice_matched,received,approved,91661172,1.0,N
EV-001865,keystone_bearing_and_drive,order_to_cash,customer_invoice,INV-60298,2026-03-31T15:50:00,system,payment_applied,open,paid,Email remittance,0.95,N
EV-002415,keystone_bearing_and_drive,procure_to_pay,receipt,RCV-40095,2026-03-31T15:50:00,E033,goods_received,open,received,PS949714,0.85,Y
EV-001934,keystone_bearing_and_drive,order_to_cash,customer_invoice,INV-60386,2026-03-31T16:04:00,system,payment_applied,open,paid,Lockbox,1.0,N
EV-001720,keystone_bearing_and_drive,order_to_cash,customer_invoice,INV-60113,2026-03-31T16:46:00,system,payment_applied,open,paid,Lockbox,1.0,N
EV-002593,keystone_bearing_and_drive,procure_to_pay,receipt,RCV-40273,2026-03-31T16:46:00,E035,goods_received,open,received,PS495483,1.0,N
EV-002355,keystone_bearing_and_drive,procure_to_pay,receipt,RCV-40035,2026-03-31T17:00:00,E034,goods_received,open,received,PS772696,1.0,N
EV-001798,keystone_bearing_and_drive,order_to_cash,customer_invoice,INV-60213,2026-03-31T17:42:00,system,payment_applied,open,paid,Email remittance,0.95,N
EV-002463,keystone_bearing_and_drive,procure_to_pay,receipt,RCV-40143,2026-03-31T17:54:00,E034,goods_received,open,received,PS439407,1.0,N
EV-002645,keystone_bearing_and_drive,procure_to_pay,supplier_invoice,3259015,2026-04-03T10:40:00,E002,invoice_matched,received,approved,3259015,1.0,N
EV-002693,keystone_bearing_and_drive,procure_to_pay,supplier_invoice,91347766,2026-04-03T16:47:00,E002,invoice_matched,received,approved,91347766,1.0,N
EV-002752,keystone_bearing_and_drive,procure_to_pay,supplier_invoice,109103,2026-04-04T07:23:00,E002,invoice_matched,received,approved,109103,1.0,N
EV-002841,keystone_bearing_and_drive,procure_to_pay,supplier_invoice,8513875,2026-04-04T12:55:00,E002,invoice_matched,received,approved,8513875,1.0,N
EV-002721,keystone_bearing_and_drive,procure_to_pay,supplier_invoice,7461611,2026-04-04T17:45:00,E002,invoice_matched,received,approved,7461611,1.0,N
EV-002695,keystone_bearing_and_drive,procure_to_pay,supplier_invoice,3456834,2026-04-05T16:04:00,E002,invoice_matched,received,approved,3456834,1.0,N
EV-002704,keystone_bearing_and_drive,procure_to_pay,supplier_invoice,SI6435742,2026-04-07T12:07:00,E002,invoice_matched,received,approved,SI6435742,1.0,N
EV-002764,keystone_bearing_and_drive,procure_to_pay,supplier_invoice,SI1558178,2026-04-08T08:27:00,E002,invoice_matched,received,approved,SI1558178,1.0,N
EV-002882,keystone_bearing_and_drive,procure_to_pay,supplier_invoice,INV6742790,2026-04-09T07:59:00,E002,invoice_matched,received,approved,INV6742790,1.0,N
EV-002790,keystone_bearing_and_drive,procure_to_pay,supplier_invoice,SI1575334,2026-04-09T11:24:00,E002,invoice_matched,received,approved,SI1575334,1.0,N
EV-002814,keystone_bearing_and_drive,procure_to_pay,supplier_invoice,INV6781275,2026-04-09T12:28:00,E002,invoice_matched,received,approved,INV6781275,1.0,N
EV-002670,keystone_bearing_and_drive,procure_to_pay,supplier_invoice,646076,2026-04-10T09:34:00,E002,invoice_matched,received,approved,646076,1.0,N
EV-002644,keystone_bearing_and_drive,procure_to_pay,supplier_invoice,7559349,2026-04-12T08:24:00,E002,invoice_matched,received,approved ,7559349,1.0,N
